pair_id,label,oof_probability
da-train-000000,0,3.0586730439314e-07
da-train-000001,0,0.04131380723141068
da-train-000002,0,2.15123453439131e-07
da-train-000003,1,0.9920560619688725
da-train-000004,0,0.003673659845031267
da-train-000005,1,0.9918830115108488
da-train-000006,0,4.3306117452005103e-07
da-train-000007,0,4.0746193871694913e-07
da-train-000008,0,1.6770176995606704e-07
da-train-000009,0,0.0035119056320255886
da-train-000010,0,1.0193491965974587e-07
da-train-000011,1,0.9919556279514543
da-train-000012,0,1.0298476473189157e-07
da-train-000013,0,7.000624235898809e-08
da-train-000014,1,0.9918537495563425
da-train-000015,0,1.314532680716387e-07
da-train-000016,1,0.9574658518009213
da-train-000017,0,3.2693373225386823e-07
da-train-000018,0,2.073942442664623e-07
da-train-000019,1,0.9913938777263179
da-train-000020,0,1.5024849463891952e-06
da-train-000021,1,0.9488520924129135
da-train-000022,0,1.6518715142882909e-06
da-train-000023,0,2.2881521868076572e-07
da-train-000024,1,0.9921010486311661
da-train-000025,0,0.0029694316754021433
da-train-000026,1,0.9929590341009913
da-train-000027,1,0.9919068340368669
da-train-000028,0,0.1019214087798986
da-train-000029,0,1.0182415427151037e-06
da-train-000030,0,8.828754637631162e-07
da-train-000031,0,1.884050686197806e-07
da-train-000032,0,2.7300221973549064e-07
da-train-000033,0,8.116782369151109e-08
da-train-000034,1,0.9930439857188219
da-train-000035,0,4.507755069577482e-07
da-train-000036,1,0.991635994423302
da-train-000037,0,3.9264623110246e-08
da-train-000038,1,0.9918364211099094
da-train-000039,1,0.9921407184761097
da-train-000040,0,1.9551518446234996e-07
da-train-000041,0,0.03604242296019391
da-train-000042,0,0.0031650258013023306
da-train-000043,0,3.029326420008558e-07
da-train-000044,0,1.0080373951668234e-07
da-train-000045,0,4.5761657759170854e-07
da-train-000046,1,0.9912784956472902
da-train-000047,0,2.661908284792085e-06
da-train-000048,0,0.0005851026991707085
da-train-000049,0,3.981869528278226e-07
da-train-000050,0,8.66125512900154e-08
da-train-000051,0,2.1556917816115257e-07
da-train-000052,0,0.0004666189076409126
da-train-000053,1,0.9917795937888885
da-train-000054,0,0.024119028052130814
da-train-000055,0,1.4756175320503847e-07
da-train-000056,0,1.9054275432662207e-07
da-train-000057,0,2.665191709384317e-06
da-train-000058,0,0.0001753587236905758
da-train-000059,1,0.9924381231672662
da-train-000060,0,2.587184814898922e-07
da-train-000061,1,0.9914642906532753
da-train-000062,0,7.248004713545584e-08
da-train-000063,0,0.0017941768085393643
da-train-000064,0,7.275161180883989e-07
da-train-000065,0,2.0054044620162518e-07
da-train-000066,0,9.319822453127756e-08
da-train-000067,0,6.345118152775276e-08
da-train-000068,0,1.7630351062228108e-07
da-train-000069,0,0.003289893637605812
da-train-000070,0,1.1098848325150246e-07
da-train-000071,0,1.1494299755944055e-07
da-train-000072,0,1.6348080517796052e-07
da-train-000073,0,1.4230261474600953e-07
da-train-000074,0,1.525635685274454e-07
da-train-000075,0,5.056851151230523e-07
da-train-000076,1,0.9921314922156799
da-train-000077,0,1.2931526887504562e-05
da-train-000078,0,1.3966000567216552e-07
da-train-000079,0,2.1291839749006707e-07
da-train-000080,0,4.1858223663838014e-07
da-train-000081,0,5.207684189364472e-07
da-train-000082,0,0.1330868409204029
da-train-000083,0,6.96870114411917e-07
da-train-000084,0,0.006116829262835486
da-train-000085,0,0.005057171033651198
da-train-000086,0,1.0053400027608865e-07
da-train-000087,0,1.0690840707541333e-07
da-train-000088,0,4.419826395784959e-07
da-train-000089,0,1.4647377152305148e-07
da-train-000090,0,1.780252806070939e-07
da-train-000091,0,3.423750633430996e-07
da-train-000092,0,2.4159585675214577e-07
da-train-000093,0,1.6935366949073244e-07
da-train-000094,0,1.3988232354013977e-07
da-train-000095,0,6.143183237118631e-07
da-train-000096,0,2.5416678611106814e-07
da-train-000097,0,0.03860164687799005
da-train-000098,0,2.9141496581798968e-06
da-train-000099,0,9.029004242797858e-07
da-train-000100,0,3.451456798345736e-08
da-train-000101,0,1.7630351062228108e-07
da-train-000102,0,2.8180478672393147e-07
da-train-000103,0,1.1662200385856744e-07
da-train-000104,0,0.0019994602529478174
da-train-000105,1,0.9919068340368669
da-train-000106,0,1.7200445841791044e-07
da-train-000107,0,1.9082523035710406e-07
da-train-000108,1,0.9915206123442742
da-train-000109,0,2.0185327137714325e-07
da-train-000110,0,1.314948192928674e-07
da-train-000111,0,3.180698735626404e-07
da-train-000112,0,2.530635982576113e-07
da-train-000113,0,1.6423815411552878e-07
da-train-000114,0,0.0027562786850568294
da-train-000115,0,5.32980242335158e-06
da-train-000116,0,0.08165923907957995
da-train-000117,0,1.342706546453673e-05
da-train-000118,1,0.9932564387921478
da-train-000119,0,4.233381450383048e-07
da-train-000120,0,6.6482153722757e-07
da-train-000121,0,0.1008458447076727
da-train-000122,0,0.0017803800048333894
da-train-000123,0,2.5413598673950616e-07
da-train-000124,1,0.9918843581988459
da-train-000125,1,0.9916078900188618
da-train-000126,0,0.001615642404403269
da-train-000127,0,3.540264221370117e-07
da-train-000128,0,0.0003768123640355929
da-train-000129,0,2.0059300156120438e-07
da-train-000130,0,3.696467155512992e-08
da-train-000131,0,0.0021118669940832116
da-train-000132,0,4.7541841977274433e-07
da-train-000133,0,2.992167654770152e-06
da-train-000134,0,0.0037819532868620122
da-train-000135,0,0.0011368837502860247
da-train-000136,0,2.0608284348277682e-07
da-train-000137,0,1.3720212229125777e-06
da-train-000138,1,0.9921645410021278
da-train-000139,0,2.0274153262037717e-06
da-train-000140,0,7.604374925171251e-07
da-train-000141,0,1.6066554952113485e-07
da-train-000142,0,3.0597056318747625e-07
da-train-000143,0,0.004205076987343758
da-train-000144,0,2.5450258333455367e-07
da-train-000145,0,0.00490344367334022
da-train-000146,0,1.9068518518226974e-07
da-train-000147,1,0.9632917052126394
da-train-000148,0,5.825954154701952e-07
da-train-000149,1,0.9927739435763359
da-train-000150,0,3.6480861568111926e-07
da-train-000151,0,3.2241551238233206e-07
da-train-000152,1,0.9914197558328031
da-train-000153,1,0.9919750031556461
da-train-000154,0,1.8230905362468135e-07
da-train-000155,0,0.04294947981160762
da-train-000156,0,2.0188092082910376e-07
da-train-000157,1,0.9914197558328031
da-train-000158,1,0.5606839038445148
da-train-000159,0,3.1706012629097783e-07
da-train-000160,0,3.398070741476259e-07
da-train-000161,0,2.8985666259098075e-07
da-train-000162,0,8.3787651754003e-08
da-train-000163,1,0.9885091879459297
da-train-000164,0,8.338469273532895e-07
da-train-000165,0,5.749402432389765e-06
da-train-000166,0,7.410882376636721e-06
da-train-000167,1,0.9926946885670115
da-train-000168,0,6.054273539831096e-07
da-train-000169,0,4.231867004214602e-07
da-train-000170,0,3.501936145232526e-07
da-train-000171,0,2.1155682943537947e-07
da-train-000172,0,1.6297010244586261e-07
da-train-000173,1,0.991635994423302
da-train-000174,0,2.132131447462775e-07
da-train-000175,0,3.729116910391099e-07
da-train-000176,0,8.077402011920055e-08
da-train-000177,0,0.00804258169724891
da-train-000178,0,3.503642632954237e-08
da-train-000179,0,6.371513771258116e-07
da-train-000180,0,1.4894597944382774e-06
da-train-000181,0,3.715799055696405e-07
da-train-000182,0,3.2422724068053923e-07
da-train-000183,0,1.2322430010999461e-06
da-train-000184,0,1.8942677643970057e-07
da-train-000185,0,3.031238133738179e-07
da-train-000186,0,2.571044341845235e-07
da-train-000187,1,0.9915679381866416
da-train-000188,0,4.4220476945990444e-07
da-train-000189,0,2.0557993186987913e-07
da-train-000190,0,1.0863184422276173e-06
da-train-000191,1,0.991635994423302
da-train-000192,0,0.10518370550277867
da-train-000193,0,1.578158537830476e-07
da-train-000194,0,2.4524504707745823e-07
da-train-000195,0,3.6617067139354073e-08
da-train-000196,0,2.516338083533721e-07
da-train-000197,1,0.9915655814963444
da-train-000198,0,0.0011092661399877645
da-train-000199,0,2.9156157663086167e-07
da-train-000200,0,5.605525743185533e-07
da-train-000201,0,0.003929687017231613
da-train-000202,1,0.9917833366293851
da-train-000203,0,5.989048728117339e-07
da-train-000204,1,0.992654736734791
da-train-000205,0,4.441984092443514e-07
da-train-000206,0,3.398070741476259e-07
da-train-000207,0,2.801053797916953e-06
da-train-000208,0,2.68402871771598e-07
da-train-000209,0,1.5206054044397076e-07
da-train-000210,0,1.114199369689204e-07
da-train-000211,0,3.1787106209364697e-07
da-train-000212,0,5.412453740175179e-07
da-train-000213,0,3.2565942328708227e-07
da-train-000214,1,0.863745553807349
da-train-000215,0,1.603633043358791e-07
da-train-000216,0,0.00017548685027296028
da-train-000217,0,9.930904973193709e-08
da-train-000218,1,0.9746260829934069
da-train-000219,1,0.9921714440479003
da-train-000220,0,9.507105562579577e-08
da-train-000221,0,0.007717801975974978
da-train-000222,0,1.4740988635490747e-07
da-train-000223,0,3.252555959293847e-07
da-train-000224,0,5.849782715597821e-07
da-train-000225,0,0.008088640769679049
da-train-000226,1,0.9917091983721544
da-train-000227,0,1.6048435610602366e-07
da-train-000228,1,0.9927739435763359
da-train-000229,0,5.549512286709098e-07
da-train-000230,0,2.7194552829005185e-07
da-train-000231,0,6.649287393676767e-08
da-train-000232,0,0.0002546083994935407
da-train-000233,1,0.9918843581988459
da-train-000234,0,8.231713504976083e-07
da-train-000235,0,2.628987211185342e-07
da-train-000236,0,1.167832384807191e-06
da-train-000237,0,2.8237517408973947e-07
da-train-000238,0,8.44499783610808e-08
da-train-000239,0,8.237630932602938e-08
da-train-000240,0,2.040396999631543e-07
da-train-000241,0,7.488983889461228e-07
da-train-000242,1,0.9917396419566681
da-train-000243,0,4.725250162756063e-06
da-train-000244,0,1.0181082666169364e-05
da-train-000245,0,0.008452410418544281
da-train-000246,0,1.2853667118777085e-07
da-train-000247,0,6.899293163202453e-08
da-train-000248,1,0.9736382593469614
da-train-000249,0,1.6634020190137938e-07
da-train-000250,0,4.971147557381698e-07
da-train-000251,1,0.992555126495163
da-train-000252,0,5.230994884615996e-07
da-train-000253,0,6.044425222594903e-08
da-train-000254,0,0.0004152817491471349
da-train-000255,0,3.6617067139354073e-08
da-train-000256,0,3.9664020637959516e-07
da-train-000257,0,7.72429519729969e-08
da-train-000258,0,4.858899866213582e-06
da-train-000259,0,7.710620211788703e-07
da-train-000260,0,1.9288194015066258e-07
da-train-000261,0,1.6492052593164786e-07
da-train-000262,0,5.548213043304083e-07
da-train-000263,0,7.070670356650716e-07
da-train-000264,0,0.015116250874884713
da-train-000265,0,4.958445963504335e-07
da-train-000266,0,4.797168998600344e-07
da-train-000267,0,8.798442293416205e-08
da-train-000268,0,0.007931062938092412
da-train-000269,1,0.8353072002949747
da-train-000270,0,2.4336065571155296e-06
da-train-000271,0,0.001806154711550709
da-train-000272,0,0.025705776165649893
da-train-000273,0,1.3078361897126288e-07
da-train-000274,0,1.1606255702225128e-07
da-train-000275,0,9.073750532636232e-08
da-train-000276,0,0.32531014265035285
da-train-000277,0,5.594568573883028e-07
da-train-000278,0,0.01437072853811121
da-train-000279,1,0.9914501994173168
da-train-000280,0,1.7553771641900004e-07
da-train-000281,0,5.8215196214535756e-08
da-train-000282,0,2.437586930787136e-07
da-train-000283,1,0.9932564387921478
da-train-000284,0,0.015370941238895845
da-train-000285,0,1.6275215452552828e-06
da-train-000286,1,0.9924134438155972
da-train-000287,0,1.3750684935623684e-06
da-train-000288,1,0.9915960425910816
da-train-000289,0,3.0445359952987404e-07
da-train-000290,0,0.038064619516427485
da-train-000291,0,3.8604705196075484e-08
da-train-000292,0,4.976072684682033e-07
da-train-000293,0,0.0014512318396327176
da-train-000294,0,1.2779849964158495e-07
da-train-000295,0,3.2241551238233206e-07
da-train-000296,0,2.8357832791922924e-07
da-train-000297,1,0.992313501704492
da-train-000298,1,0.9923081403677144
da-train-000299,0,0.014219645003229933
da-train-000300,0,6.48700829697356e-06
da-train-000301,0,1.2639271262771827e-06
da-train-000302,0,2.876945707801121e-07
da-train-000303,0,1.9150354011876378e-07
da-train-000304,0,3.8515798088292056e-06
da-train-000305,0,6.008034835652203e-07
da-train-000306,0,6.786620463168918e-07
da-train-000307,0,1.2626413438521384e-07
da-train-000308,0,1.1655816075045326e-06
da-train-000309,0,0.047977007628750755
da-train-000310,0,3.542298407668816e-07
da-train-000311,1,0.9780066088700642
da-train-000312,0,3.48817247981222e-07
da-train-000313,0,8.425242166995309e-07
da-train-000314,0,1.1336283828246201e-07
da-train-000315,0,6.094472989277845e-08
da-train-000316,0,1.0686815980850126e-07
da-train-000317,0,1.3749456130766854e-07
da-train-000318,0,2.5670160295523193e-07
da-train-000319,1,0.9929124437000519
da-train-000320,1,0.6796320058462233
da-train-000321,1,0.9084836089899319
da-train-000322,0,5.469034029887844e-07
da-train-000323,0,6.964769238246282e-08
da-train-000324,1,0.991635994423302
da-train-000325,0,8.416080361259936e-07
da-train-000326,0,9.679435172893794e-08
da-train-000327,0,3.122534697047723e-07
da-train-000328,0,2.8469152175232625e-07
da-train-000329,0,0.01190373859068264
da-train-000330,0,1.3193647963050492e-07
da-train-000331,0,4.00387480885882e-06
da-train-000332,0,0.9056303557885687
da-train-000333,0,1.209458637039409e-07
da-train-000334,1,0.9915655990065678
da-train-000335,0,3.3667849667824095e-07
da-train-000336,0,0.005721380314915196
da-train-000337,0,2.840262269185066e-07
da-train-000338,0,3.4299016332918123e-07
da-train-000339,1,0.9921722415189791
da-train-000340,0,2.668726810360833e-07
da-train-000341,0,2.6754410729755255e-06
da-train-000342,0,4.927603312869903e-07
da-train-000343,0,3.7889607141991587e-07
da-train-000344,1,0.9919556279514543
da-train-000345,0,2.4984439504135085e-07
da-train-000346,0,2.7622142295175104e-07
da-train-000347,0,2.1321939663648068e-07
da-train-000348,0,4.137086289430603e-07
da-train-000349,0,0.0030956908700553423
da-train-000350,0,8.575545534441886e-07
da-train-000351,0,0.003768600389987537
da-train-000352,0,1.280191673743616e-07
da-train-000353,0,2.9321465991595065e-06
da-train-000354,0,1.3159906681340178e-05
da-train-000355,1,0.9921369756356131
da-train-000356,0,6.96870114411917e-07
da-train-000357,0,2.2700303617759553e-07
da-train-000358,0,1.632730703463157e-07
da-train-000359,0,7.402632629303761e-08
da-train-000360,0,1.6946253729128865e-07
da-train-000361,0,2.28181668653391e-07
da-train-000362,0,3.7035051827567016e-07
da-train-000363,1,0.9923413440140249
da-train-000364,0,1.0643043548921818e-07
da-train-000365,0,2.3457333198000574e-07
da-train-000366,0,3.3485743324167054e-07
da-train-000367,1,0.44083720002829185
da-train-000368,0,3.757831773911278e-07
da-train-000369,0,4.994198263604469e-07
da-train-000370,0,1.893567044460057e-07
da-train-000371,0,0.014144163881684374
da-train-000372,0,6.243984405795205e-06
da-train-000373,1,0.9914501994173168
da-train-000374,0,3.0585910031339936e-07
da-train-000375,0,5.196459223582407e-06
da-train-000376,0,4.793217232477762e-07
da-train-000377,1,0.9925288258946249
da-train-000378,0,2.9156157663086167e-07
da-train-000379,0,1.6625659953373868e-07
da-train-000380,0,4.3176387963447504e-08
da-train-000381,1,0.9923413440140249
da-train-000382,0,2.884090011945339e-07
da-train-000383,1,0.992625896888923
da-train-000384,0,1.6625659953373868e-07
da-train-000385,0,5.12611892095654e-07
da-train-000386,0,3.48236589157923e-08
da-train-000387,0,2.0190201425631283e-07
da-train-000388,0,1.3252240136822056e-05
da-train-000389,0,3.6934147182738765e-07
da-train-000390,0,6.037111202759367e-07
da-train-000391,0,1.0589194980756829e-07
da-train-000392,0,4.835393742442222e-07
da-train-000393,0,2.232419081410939e-07
da-train-000394,0,1.5590880462085127e-07
da-train-000395,0,0.008323013711493991
da-train-000396,0,0.0022081510205497696
da-train-000397,0,3.6112473996757445e-07
da-train-000398,0,1.1039950468946529e-06
da-train-000399,0,1.8487663320616556e-07
da-train-000400,0,0.0028780918240428124
da-train-000401,1,0.9920970238033927
da-train-000402,0,3.018856103344003e-07
da-train-000403,1,0.9918233059718288
da-train-000404,0,4.971026450355102e-07
da-train-000405,0,5.8215196214535756e-08
da-train-000406,0,4.56581976243569e-06
da-train-000407,0,1.220743857992026e-07
da-train-000408,0,2.401162926636954e-07
da-train-000409,0,1.8662596795570019e-07
da-train-000410,0,9.445108276213712e-08
da-train-000411,1,0.9925793064879836
da-train-000412,1,0.992383897121226
da-train-000413,1,0.9917396419566681
da-train-000414,0,5.177500734456361e-07
da-train-000415,0,1.2316129641940295e-07
da-train-000416,0,2.122677608102556e-07
da-train-000417,1,0.9921273317214808
da-train-000418,0,1.579625900905532e-07
da-train-000419,0,4.3822783856084875e-07
da-train-000420,0,2.8180478672393147e-07
da-train-000421,1,0.9923534535367123
da-train-000422,0,2.260472293039262e-06
da-train-000423,1,0.9132926092694503
da-train-000424,0,5.410561972212802e-07
da-train-000425,1,0.9921407184761097
da-train-000426,1,0.9918537495563425
da-train-000427,0,2.302900499822919e-07
da-train-000428,0,1.8678246651958045e-06
da-train-000429,0,4.133126745206718e-08
da-train-000430,1,0.9916820457863159
da-train-000431,0,2.535360509566324e-07
da-train-000432,1,0.9932564387921478
da-train-000433,1,0.992555126495163
da-train-000434,0,8.119880334790351e-07
da-train-000435,0,1.9456354863612486e-07
da-train-000436,1,0.9920215935565855
da-train-000437,0,3.8283404590522867e-07
da-train-000438,0,3.0237533838468903e-07
da-train-000439,0,0.00016196523230958764
da-train-000440,0,3.915943507556665e-07
da-train-000441,1,0.9921977446484384
da-train-000442,0,3.839802876786206e-06
da-train-000443,1,0.9926521354598101
da-train-000444,0,3.9264623110246e-08
da-train-000445,0,0.0015721286514590958
da-train-000446,0,3.2159784764750496e-07
da-train-000447,0,1.0523508179843191e-07
da-train-000448,0,1.1910484195515628e-06
da-train-000449,0,2.800929352837638e-07
da-train-000450,0,3.58571088330706e-07
da-train-000451,0,1.920129645153735e-07
da-train-000452,0,7.443941651122968e-08
da-train-000453,0,6.744854047179503e-07
da-train-000454,0,0.006369004865024025
da-train-000455,0,3.594160780449594e-07
da-train-000456,0,4.434032995753052e-07
da-train-000457,0,4.269274950937253e-07
da-train-000458,0,1.3669003830325208e-07
da-train-000459,0,2.1145898856813319e-07
da-train-000460,0,0.9923413440140249
da-train-000461,1,0.9920941280751704
da-train-000462,0,4.1129665851958413e-07
da-train-000463,0,1.3180495698477597e-07
da-train-000464,0,3.57029003267134e-08
da-train-000465,1,0.818915933654243
da-train-000466,0,3.3787919525679535e-07
da-train-000467,0,2.5130347707647886e-07
da-train-000468,0,2.7346482826543816e-07
da-train-000469,0,1.5590880462085127e-07
da-train-000470,0,4.929094262113953e-07
da-train-000471,0,1.9068518518226974e-07
da-train-000472,1,0.9688700028816845
da-train-000473,0,2.0059300156120438e-07
da-train-000474,0,2.1683579595506143e-07
da-train-000475,0,5.845105805125922e-07
da-train-000476,0,1.0304355292915438e-06
da-train-000477,0,1.21746078901442e-07
da-train-000478,0,4.436874459713238e-07
da-train-000479,0,1.9017300133013924e-07
da-train-000480,0,7.699750397593503e-07
da-train-000481,0,0.004062300271778872
da-train-000482,0,0.009489958775206206
da-train-000483,0,2.088257442564458e-07
da-train-000484,1,0.9915256296641242
da-train-000485,1,0.9919669053374154
da-train-000486,0,5.849782715597821e-07
da-train-000487,0,1.372320200301651e-07
da-train-000488,0,1.7983991800162863e-07
da-train-000489,0,4.6167855385887585e-06
da-train-000490,0,0.010128132820212292
da-train-000491,0,2.208111726584019e-06
da-train-000492,0,3.4412930723157945e-06
da-train-000493,0,5.587427420405345e-07
da-train-000494,0,5.858762710069554e-08
da-train-000495,1,0.991424338821055
da-train-000496,0,3.873347267740573e-07
da-train-000497,0,1.6083749275830978e-07
da-train-000498,1,0.9926999906267261
da-train-000499,0,0.000873183731118784
da-train-000500,0,0.18576492983353846
da-train-000501,0,0.002129578506024442
da-train-000502,1,0.9913489085742476
da-train-000503,0,2.6924649043594227e-07
da-train-000504,0,1.7497076731996155e-07
da-train-000505,1,0.9918537495563425
da-train-000506,0,1.9066901325040048e-07
da-train-000507,0,2.971868758937036e-07
da-train-000508,0,5.588684421945635e-08
da-train-000509,1,0.9927027506885229
da-train-000510,0,0.00027549652951698367
da-train-000511,0,2.222902723148688e-07
da-train-000512,0,2.0190201425631283e-07
da-train-000513,0,4.4220476945990444e-07
da-train-000514,0,2.2074755736764077e-07
da-train-000515,0,5.097580340595465e-07
da-train-000516,0,0.003848743724711266
da-train-000517,0,0.008115809422522739
da-train-000518,0,0.01188642577867617
da-train-000519,0,0.0024095386022135144
da-train-000520,0,4.106704804573811e-07
da-train-000521,0,6.838840475855255e-08
da-train-000522,0,8.199315237039755e-07
da-train-000523,0,2.3841648937957908e-07
da-train-000524,0,3.0445359952987404e-07
da-train-000525,0,3.4742112109639273e-07
da-train-000526,0,5.235546839870974e-07
da-train-000527,1,0.9921977446484384
da-train-000528,0,1.2595222155598172e-06
da-train-000529,0,4.849350258951842e-07
da-train-000530,0,3.5179265748062127e-07
da-train-000531,0,0.009261984606740324
da-train-000532,0,1.0389280218045525e-07
da-train-000533,0,1.2868990901239408e-06
da-train-000534,0,1.6131494016210417e-07
da-train-000535,0,1.685148931861484e-07
da-train-000536,0,2.460900367917116e-07
da-train-000537,0,1.187822627564424e-06
da-train-000538,0,1.1743381906823667e-06
da-train-000539,1,0.9924422836614651
da-train-000540,0,1.9000047557183923e-07
da-train-000541,0,2.0544317050363743e-07
da-train-000542,1,0.9490860775816731
da-train-000543,0,8.68662822338176e-08
da-train-000544,0,2.357994402686967e-05
da-train-000545,1,0.9914642906532753
da-train-000546,0,2.401715753585989e-07
da-train-000547,1,0.9925288258946249
da-train-000548,1,0.964137040741805
da-train-000549,0,1.0197988995407472e-06
da-train-000550,1,0.9920941280751704
da-train-000551,1,0.9921722415189791
da-train-000552,0,2.3900364835096186e-07
da-train-000553,0,7.699750397593503e-07
da-train-000554,1,0.9920968112721718
da-train-000555,0,4.505246486387802e-08
da-train-000556,0,1.9879865126450233e-07
da-train-000557,0,2.582232453003447e-07
da-train-000558,0,1.1930847380717043e-07
da-train-000559,0,3.501936145232526e-07
da-train-000560,0,4.1784719188822233e-07
da-train-000561,0,3.6737660487659303e-07
da-train-000562,1,0.992313501704492
da-train-000563,0,2.757028009032898e-07
da-train-000564,0,0.003943332026571308
da-train-000565,1,0.9922685150421984
da-train-000566,0,5.780620239793525e-07
da-train-000567,0,2.1794009795424184e-07
da-train-000568,0,1.626711934076708e-07
da-train-000569,0,3.4569774643694836e-07
da-train-000570,0,1.448868831697691e-07
da-train-000571,1,0.9473173609454419
da-train-000572,0,2.0204451233204206e-07
da-train-000573,1,0.9923081403677144
da-train-000574,0,0.0010203076065054694
da-train-000575,1,0.9920968881369671
da-train-000576,1,0.9916642117098607
da-train-000577,0,3.1769235313477066e-07
da-train-000578,0,1.6276364594970602e-07
da-train-000579,1,0.9927465810276654
da-train-000580,0,3.218835618434665e-07
da-train-000581,0,3.7002668477649186e-07
da-train-000582,0,3.17525462575406e-07
da-train-000583,0,1.818692653533828e-07
da-train-000584,0,0.00237744348433929
da-train-000585,0,0.0014737138029295056
da-train-000586,0,2.7113815871117947e-07
da-train-000587,0,2.2683592704235266e-07
da-train-000588,0,1.9879865126450233e-07
da-train-000589,0,7.1494313198922775e-06
da-train-000590,0,1.9149439015284717e-07
da-train-000591,0,3.0585910031339936e-07
da-train-000592,0,2.180416218782159e-07
da-train-000593,1,0.9914501994173168
da-train-000594,0,8.472202013697511e-07
da-train-000595,1,0.9914925079398342
da-train-000596,1,0.8237166728436985
da-train-000597,0,0.007978094291418736
da-train-000598,0,9.787616551796677e-07
da-train-000599,0,1.065271863329511e-06
da-train-000600,1,0.9930905761197613
da-train-000601,0,6.337127980821028e-07
da-train-000602,0,6.721474246260315e-07
da-train-000603,1,0.9932564387921478
da-train-000604,0,0.005604269322749204
da-train-000605,0,2.5071631810509614e-07
da-train-000606,0,5.515677493281224e-07
da-train-000607,1,0.9919467858690872
da-train-000608,0,1.893567044460057e-07
da-train-000609,0,2.1794009795424184e-07
da-train-000610,1,0.991997348921929
da-train-000611,0,1.4885153572112266e-07
da-train-000612,0,4.2259580548083375e-06
da-train-000613,0,0.001916560448235344
da-train-000614,1,0.9785164384174925
da-train-000615,1,0.9916820457863159
da-train-000616,0,0.007425761885423411
da-train-000617,1,0.9929124437000519
da-train-000618,0,2.311285330763034e-07
da-train-000619,0,2.946681322460118e-07
da-train-000620,0,1.9897831672704187e-07
da-train-000621,0,4.3297363540736805e-07
da-train-000622,1,0.9917396419566681
da-train-000623,0,6.562846021131615e-08
da-train-000624,0,2.8146550161063355e-07
da-train-000625,0,1.355524482237037e-07
da-train-000626,0,2.608634684325096e-07
da-train-000627,0,2.878268957977697e-07
da-train-000628,0,4.5085885278697875e-07
da-train-000629,0,2.2907837352740606e-07
da-train-000630,1,0.9930439857188219
da-train-000631,1,0.9920941280751704
da-train-000632,1,0.9930439857188219
da-train-000633,0,2.302900499822919e-07
da-train-000634,0,4.824074758226859e-07
da-train-000635,0,1.4018819760375596e-07
da-train-000636,0,8.106498131573885e-07
da-train-000637,0,0.0036571281376499647
da-train-000638,0,1.20380261303242e-07
da-train-000639,0,1.8942677643970057e-07
da-train-000640,0,1.536549600464872e-07
da-train-000641,0,1.4067182208457565e-07
da-train-000642,0,9.287640857525651e-07
da-train-000643,1,0.9026867367776159
da-train-000644,0,2.454294403289367e-07
da-train-000645,1,0.9669631484075235
da-train-000646,0,1.4977674691225484e-07
da-train-000647,0,3.58571088330706e-07
da-train-000648,0,2.878268957977697e-07
da-train-000649,1,0.9921410004633865
da-train-000650,1,0.9922174954109142
da-train-000651,0,2.510962989746105e-07
da-train-000652,0,1.1109984406482927e-07
da-train-000653,0,1.4193104802059983e-07
da-train-000654,0,8.290907568592663e-07
da-train-000655,0,0.00038268883708501784
da-train-000656,0,0.0017237721221977267
da-train-000657,1,0.9933030291930871
da-train-000658,0,6.307759055287605e-07
da-train-000659,0,2.0557993186987913e-07
da-train-000660,0,6.835555672531651e-07
da-train-000661,0,3.434901443228009e-07
da-train-000662,0,5.515677493281224e-07
da-train-000663,0,2.097773800826709e-07
da-train-000664,0,0.0039047333379403533
da-train-000665,0,1.3817118943535262e-07
da-train-000666,1,0.9927331942730366
da-train-000667,0,5.169751544384706e-07
da-train-000668,0,1.5114998992539566e-07
da-train-000669,0,2.6153486420229265e-07
da-train-000670,0,6.12229466867521e-06
da-train-000671,0,0.00018840180859569893
da-train-000672,0,2.1528801927877284e-07
da-train-000673,0,1.8182302746134477e-07
da-train-000674,0,2.521062199462951e-07
da-train-000675,0,1.0959281975617651e-07
da-train-000676,0,1.1713213501008981e-07
da-train-000677,0,1.9166356413789477e-06
da-train-000678,0,6.115774006236715e-07
da-train-000679,0,5.443252749961871e-08
da-train-000680,0,5.42191093855924e-07
da-train-000681,1,0.9918843581988459
da-train-000682,0,2.1020639480192952e-07
da-train-000683,0,2.5241158080354478e-06
da-train-000684,1,0.9921696402439982
da-train-000685,0,0.0066606457018392635
da-train-000686,0,1.9064302659878285e-07
da-train-000687,0,1.243208605208686e-07
da-train-000688,1,0.9916820457863159
da-train-000689,0,7.699750397593503e-07
da-train-000690,1,0.8179240753039986
da-train-000691,0,1.7337015349065278e-07
da-train-000692,0,1.8942677643970057e-07
da-train-000693,0,1.9082523035710406e-07
da-train-000694,0,0.002514834898924061
da-train-000695,0,4.1606578589581967e-07
da-train-000696,0,9.707535036809631e-08
da-train-000697,0,3.221576785540987e-08
da-train-000698,0,3.04449483165531e-07
da-train-000699,1,0.9530108017199588
da-train-000700,0,7.574017909607321e-07
da-train-000701,0,0.0030513216341660487
da-train-000702,0,4.748725342101987e-08
da-train-000703,0,8.196804403517658e-07
da-train-000704,1,0.9675522862276106
da-train-000705,0,1.5139218294175284e-07
da-train-000706,0,5.3024707061984685e-05
da-train-000707,0,9.652910184433204e-07
da-train-000708,0,2.260472293039262e-06
da-train-000709,0,5.799857159038763e-08
da-train-000710,0,4.122341319048121e-07
da-train-000711,0,2.7346482826543816e-07
da-train-000712,1,0.9929590341009913
da-train-000713,0,8.974186103939469e-07
da-train-000714,1,0.991635994423302
da-train-000715,0,1.2849436337256086e-07
da-train-000716,0,2.26583497947999e-07
da-train-000717,0,2.7170144492982595e-07
da-train-000718,0,3.396416610442341e-07
da-train-000719,0,6.545506277552487e-07
da-train-000720,1,0.9921369756356131
da-train-000721,1,0.9921407184761097
da-train-000722,0,6.773243255975435e-07
da-train-000723,1,0.9913938777263179
da-train-000724,1,0.7239849350326133
da-train-000725,0,0.001041483383887613
da-train-000726,0,1.8806520838501292e-07
da-train-000727,0,2.6839059862517663e-07
da-train-000728,0,3.350249485624192e-08
da-train-000729,0,4.7216981102146723e-07
da-train-000730,0,1.9879865126450233e-07
da-train-000731,0,0.002369605555909748
da-train-000732,0,0.004154780809735134
da-train-000733,0,3.406520638618792e-07
da-train-000734,0,4.042645229381101e-07
da-train-000735,0,0.0232803913905807
da-train-000736,0,2.676857823849276e-06
da-train-000737,0,2.7854261854360364e-07
da-train-000738,0,2.68402871771598e-07
da-train-000739,0,1.1476792136347427e-06
da-train-000740,0,1.4075901506778882e-06
da-train-000741,0,3.984266707601949e-06
da-train-000742,0,0.004955127833451322
da-train-000743,0,1.1062475398016238e-06
da-train-000744,0,6.17378075863151e-07
da-train-000745,0,7.329681672649177e-08
da-train-000746,0,3.672639572754828e-07
da-train-000747,0,5.828919816461761e-07
da-train-000748,0,0.0032138857446409306
da-train-000749,0,1.540042586129075e-06
da-train-000750,0,1.9879865126450233e-07
da-train-000751,1,0.9915206123442742
da-train-000752,0,8.352467864409719e-07
da-train-000753,1,0.9922111314030672
da-train-000754,1,0.9920256183843588
da-train-000755,0,4.082924213360867e-07
da-train-000756,0,0.0021293622986194994
da-train-000757,0,4.702754467756723e-07
da-train-000758,1,0.9918779941909989
da-train-000759,0,2.7672573784730745e-07
da-train-000760,1,0.9601479214103074
da-train-000761,0,0.011034963533520932
da-train-000762,0,5.334857542074741e-07
da-train-000763,1,0.9924822354936856
da-train-000764,0,8.213638542947961e-08
da-train-000765,1,0.9924888740624045
da-train-000766,0,7.875744264735057e-08
da-train-000767,0,1.6634020190137938e-07
da-train-000768,0,9.06662750749062e-08
da-train-000769,0,4.028855233005113e-07
da-train-000770,0,1.7210210182098667e-07
da-train-000771,0,0.7315765472025562
da-train-000772,0,1.812535803874513e-07
da-train-000773,1,0.9915655814963444
da-train-000774,0,1.8305054234636908e-07
da-train-000775,0,6.469908395899843e-08
da-train-000776,0,0.005251309158323216
da-train-000777,1,0.9872623228718463
da-train-000778,0,4.889356474562161e-07
da-train-000779,0,2.7113815871117947e-07
da-train-000780,0,3.215705226680787e-07
da-train-000781,0,6.446859747407154e-06
da-train-000782,0,0.003943828264776744
da-train-000783,0,0.005817647717777712
da-train-000784,1,0.9914501994173168
da-train-000785,0,6.578350910817989e-05
da-train-000786,0,2.444992087210587e-07
da-train-000787,0,0.0006919363055413189
da-train-000788,0,9.018626401226891e-06
da-train-000789,0,5.518545051200726e-07
da-train-000790,0,0.0103633653210081
da-train-000791,1,0.9921410004633865
da-train-000792,0,1.0793201406157166e-07
da-train-000793,0,3.423284829571251e-07
da-train-000794,0,3.8534689426871003e-07
da-train-000795,1,0.9915655814963444
da-train-000796,0,1.6997196168789835e-07
da-train-000797,0,0.005411427858963852
da-train-000798,0,5.924329122707593e-07
da-train-000799,0,0.552640681491082
da-train-000800,0,4.543888892337333e-07
da-train-000801,0,4.971147557381698e-07
da-train-000802,1,0.9929124437000519
da-train-000803,1,0.9920968112721718
da-train-000804,0,5.114039183957541e-07
da-train-000805,1,0.99242994848424
da-train-000806,0,0.0038736850050696335
da-train-000807,0,1.0215236364754356e-06
da-train-000808,0,0.002775090365981026
da-train-000809,0,0.0008731120167085278
da-train-000810,0,3.8357262986419944e-07
da-train-000811,0,9.59496800561879e-08
da-train-000812,1,0.9919750031556461
da-train-000813,0,0.0017822942264672694
da-train-000814,1,0.9923891991809408
da-train-000815,0,3.423750633430996e-07
da-train-000816,1,0.9929152037618486
da-train-000817,0,0.01588679541397629
da-train-000818,0,1.9123176635530308e-07
da-train-000819,0,2.080480452334116e-06
da-train-000820,1,0.9922685150421984
da-train-000821,1,0.9922121933511995
da-train-000822,0,1.9156446214654204e-07
da-train-000823,1,0.9760934192573655
da-train-000824,0,0.00014833035136769464
da-train-000825,1,0.9912784956472902
da-train-000826,0,1.733230524711022e-07
da-train-000827,0,2.0158697365115528e-07
da-train-000828,1,0.9914197558328031
da-train-000829,0,4.6500364046157453e-07
da-train-000830,0,1.0643043548921818e-07
da-train-000831,1,0.9925085360942236
da-train-000832,0,1.3790480279688112e-06
da-train-000833,1,0.9562770087763125
da-train-000834,0,1.2779849964158495e-07
da-train-000835,0,1.2108862357437282e-07
da-train-000836,0,1.0482768630560932e-07
da-train-000837,0,2.403692974760163e-06
da-train-000838,0,4.419191162305993e-08
da-train-000839,0,0.006149194467333849
da-train-000840,0,1.6584636939807293e-06
da-train-000841,0,0.008749313882666738
da-train-000842,0,1.0368864808499654e-06
da-train-000843,0,1.8321019120417273e-07
da-train-000844,0,2.6872005936092025e-07
da-train-000845,0,1.3642896704777774e-07
da-train-000846,0,1.7645754481580548e-06
da-train-000847,0,1.8149405862410247e-07
da-train-000848,0,0.009249062558352771
da-train-000849,0,6.0326567893021e-07
da-train-000850,0,0.004460973528176387
da-train-000851,0,0.016480934246428436
da-train-000852,0,0.8593618591461404
da-train-000853,0,1.6138501215579903e-07
da-train-000854,0,0.003903732144226293
da-train-000855,0,1.4862688870387723e-06
da-train-000856,0,3.965127395836835e-07
da-train-000857,0,0.009819319180968553
da-train-000858,1,0.992654736734791
da-train-000859,0,2.3041332270432409e-07
da-train-000860,0,2.414266039246787e-07
da-train-000861,1,0.9914951860796104
da-train-000862,1,0.9923891991809408
da-train-000863,1,0.9163665651790563
da-train-000864,0,3.3254301567326294e-07
da-train-000865,0,0.009051424271923349
da-train-000866,0,7.1073376092358056e-06
da-train-000867,0,1.0881554192843394e-07
da-train-000868,0,1.603633043358791e-07
da-train-000869,0,1.9947503270997067e-07
da-train-000870,0,2.4838555798050405e-07
da-train-000871,1,0.9929456473463624
da-train-000872,0,1.4945308680708942e-07
da-train-000873,0,1.826127383897694e-07
da-train-000874,0,2.6839059862517663e-07
da-train-000875,0,2.2152373597566232e-07
da-train-000876,0,0.5097318429622871
da-train-000877,0,8.482205345659119e-08
da-train-000878,1,0.9922380714576846
da-train-000879,0,2.946681322460118e-07
da-train-000880,1,0.9487395646494897
da-train-000881,0,4.152992495893289e-07
da-train-000882,0,1.7219527683418204e-05
da-train-000883,0,1.619616695626302e-07
da-train-000884,1,0.8147986036375906
da-train-000885,0,0.007707254929015757
da-train-000886,0,2.2316166241356634e-07
da-train-000887,0,3.3667849667824095e-07
da-train-000888,0,3.2693373225386823e-07
da-train-000889,0,1.3122170476144492e-06
da-train-000890,0,1.7809535260078873e-07
da-train-000891,0,2.513231575045047e-06
da-train-000892,0,1.1598619090156086e-06
da-train-000893,0,1.1987616161232663e-06
da-train-000894,0,1.0456166876404773e-07
da-train-000895,0,7.136816987259521e-08
da-train-000896,0,7.403866329580201e-08
da-train-000897,0,1.281208072109367e-07
da-train-000898,0,2.022471421836783e-07
da-train-000899,0,0.0013166487384052665
da-train-000900,0,3.1283107333732743e-07
da-train-000901,0,8.865678455655832e-08
da-train-000902,0,0.006694062303362871
da-train-000903,0,4.7485393797658455e-07
da-train-000904,0,0.010968015504912056
da-train-000905,0,4.66354009065546e-07
da-train-000906,0,8.680602459214394e-08
da-train-000907,1,0.9918364211099094
da-train-000908,0,1.209458637039409e-07
da-train-000909,0,1.0300543241870124e-06
da-train-000910,0,6.388772105885889e-08
da-train-000911,0,2.3674636044963942e-07
da-train-000912,0,0.015448929536712987
da-train-000913,0,0.012939243776441662
da-train-000914,1,0.9918364211099094
da-train-000915,0,1.6318151125820953e-07
da-train-000916,0,0.00014174497277881547
da-train-000917,1,0.9919997402778736
da-train-000918,0,1.4756175320503847e-07
da-train-000919,0,1.2267068132356019e-06
da-train-000920,0,1.5427583145031263e-05
da-train-000921,0,7.808964030815064e-07
da-train-000922,0,0.043943970518037
da-train-000923,0,5.568855340552373e-08
da-train-000924,1,0.9923891991809408
da-train-000925,0,2.2772933876293138e-06
da-train-000926,0,1.0363709872255884e-06
da-train-000927,0,4.7387593446147046e-07
da-train-000928,0,1.0918812707734169e-07
da-train-000929,0,5.849782715597821e-07
da-train-000930,0,3.1266086859916926e-07
da-train-000931,0,2.4524504707745823e-07
da-train-000932,0,2.9663504834972103e-07
da-train-000933,0,4.815358755174108e-07
da-train-000934,0,3.813650277500519e-07
da-train-000935,0,1.4208309802273108e-07
da-train-000936,0,2.9006925930322934e-07
da-train-000937,0,2.2082247658952582e-07
da-train-000938,1,0.9915351379118308
da-train-000939,0,8.051810681450873e-07
da-train-000940,0,1.5474403938864136e-07
da-train-000941,1,0.8982001852365391
da-train-000942,1,0.9918233059718288
da-train-000943,1,0.9064460814204872
da-train-000944,0,1.602475833442398e-07
da-train-000945,1,0.9919556279514543
da-train-000946,0,2.209237044345641e-07
da-train-000947,1,0.9913938777263179
da-train-000948,1,0.9917528930448714
da-train-000949,1,0.9926999906267261
da-train-000950,0,3.715679452645256e-06
da-train-000951,1,0.9912784956472902
da-train-000952,1,0.9918364211099094
da-train-000953,0,5.812756977997971e-07
da-train-000954,1,0.03914575627985654
da-train-000955,1,0.9923081403677144
da-train-000956,0,1.5252508877227028e-06
da-train-000957,0,3.8283404590522867e-07
da-train-000958,1,0.9924381231672662
da-train-000959,0,0.00018211174864225248
da-train-000960,0,5.579452643580008e-07
da-train-000961,0,0.003235130388067699
da-train-000962,0,2.01581205350735e-06
da-train-000963,0,3.3598889803146723e-07
da-train-000964,0,1.0956224686433655e-07
da-train-000965,0,1.5922993582405787e-07
da-train-000966,0,1.0072613216613845e-07
da-train-000967,0,4.068566633878194e-06
da-train-000968,0,1.5158428885229027e-07
da-train-000969,0,2.698260158305913e-07
da-train-000970,0,2.8967127940553355e-07
da-train-000971,0,1.7060343315377638e-06
da-train-000972,0,2.358596541327829e-07
da-train-000973,0,1.1747164027467557e-07
da-train-000974,0,4.042645229381101e-07
da-train-000975,0,3.7477686718568716e-06
da-train-000976,0,2.7811172017707916e-07
da-train-000977,0,8.233713307250369e-08
da-train-000978,0,4.3424797763752134e-07
da-train-000979,0,4.011113081272274e-08
da-train-000980,1,0.9836791408329679
da-train-000981,0,2.087486441816253e-07
da-train-000982,1,0.9925793064879836
da-train-000983,0,1.7970966941909888e-07
da-train-000984,0,2.944086591807201e-07
da-train-000985,0,1.7233737241186605e-07
da-train-000986,0,8.033523842237723e-07
da-train-000987,0,7.389473736172774e-07
da-train-000988,0,3.6638963951085907e-07
da-train-000989,0,4.0243739800645474e-07
da-train-000990,0,9.080876857073432e-08
da-train-000991,0,2.535360509566324e-07
da-train-000992,1,0.9929456473463624
da-train-000993,0,0.023391634874478723
da-train-000994,0,2.9321465991595065e-06
da-train-000995,1,0.9921410004633865
da-train-000996,0,3.8780213320506575e-07
da-train-000997,0,1.1614783048154724e-07
da-train-000998,0,5.810016567418807e-07
da-train-000999,1,0.9503396511224116
da-train-001000,0,0.00404505845644175
da-train-001001,1,0.9706741544472438
da-train-001002,0,2.8012925254491024e-06
da-train-001003,0,4.572486002230224e-07
da-train-001004,0,5.826731052837256e-06
da-train-001005,1,0.9654901725852492
da-train-001006,0,2.843522366390283e-07
da-train-001007,0,5.487708653422459e-06
da-train-001008,0,0.0032295628655715663
da-train-001009,0,2.825263134331741e-07
da-train-001010,0,8.992467711612754e-08
da-train-001011,0,5.862016706151376e-07
da-train-001012,0,1.6922018755506804e-07
da-train-001013,0,2.900261145502735e-07
da-train-001014,0,2.226053129200264e-07
da-train-001015,0,6.641750035485542e-07
da-train-001016,0,2.5522480426266594e-06
da-train-001017,0,2.1511538734953776e-07
da-train-001018,0,0.00020949673086099367
da-train-001019,0,1.114199369689204e-07
da-train-001020,0,8.07122552774552e-07
da-train-001021,0,6.838620601901487e-07
da-train-001022,0,0.2456512604069511
da-train-001023,0,2.2700303617759553e-07
da-train-001024,0,5.454306956563617e-07
da-train-001025,1,0.9918314037900595
da-train-001026,0,7.009319861583931e-08
da-train-001027,0,3.96063151472393e-07
da-train-001028,0,0.0063097730079795696
da-train-001029,1,0.992625896888923
da-train-001030,0,3.5852450794473153e-07
da-train-001031,0,3.3908457205237496e-07
da-train-001032,0,3.434901443228009e-07
da-train-001033,0,1.3440177403870997e-06
da-train-001034,0,1.6138501215579903e-07
da-train-001035,0,1.0901813775868192e-06
da-train-001036,0,1.0069835094525129e-07
da-train-001037,0,6.168582587669001e-06
da-train-001038,0,1.2150416095921367e-07
da-train-001039,1,0.9915351379118308
da-train-001040,0,2.7409662101418057e-07
da-train-001041,0,2.3674636044963942e-07
da-train-001042,1,0.9927331942730366
da-train-001043,0,9.033168932990222e-07
da-train-001044,0,3.2431401368740077e-07
da-train-001045,0,4.6443894941982685e-07
da-train-001046,0,0.009874980640965288
da-train-001047,0,0.0031613031509540603
da-train-001048,0,8.763439245537401e-08
da-train-001049,0,3.6424217055287357e-07
da-train-001050,0,0.0063097730079795696
da-train-001051,0,3.6974473630792385e-07
da-train-001052,0,8.435909045246015e-08
da-train-001053,0,6.855782938973216e-07
da-train-001054,0,8.526739717158606e-07
da-train-001055,0,4.082924213360867e-07
da-train-001056,1,0.9924847135682056
da-train-001057,0,1.5500555676206587e-05
da-train-001058,0,3.801028333780708e-07
da-train-001059,0,3.17525462575406e-07
da-train-001060,0,0.006167677431321298
da-train-001061,0,5.804543073501952e-06
da-train-001062,0,1.4080814468263458e-06
da-train-001063,0,9.02664171635e-08
da-train-001064,0,3.276114242240138e-07
da-train-001065,1,0.9927412789679506
da-train-001066,0,0.00336939639691838
da-train-001067,0,1.7809535260078873e-07
da-train-001068,0,2.741276377789544e-07
da-train-001069,0,2.955844100347294e-07
da-train-001070,1,0.9923413440140249
da-train-001071,1,0.9663804201720015
da-train-001072,0,6.209540560958699e-07
da-train-001073,0,1.8942443673935773e-07
da-train-001074,0,5.001486595339598e-07
da-train-001075,0,3.649714170838612e-07
da-train-001076,0,1.388559084927111e-07
da-train-001077,1,0.9921977446484384
da-train-001078,0,4.011113081272274e-08
da-train-001079,0,4.229390724055957e-07
da-train-001080,0,2.0841565152550356e-07
da-train-001081,0,4.911662675508058e-07
da-train-001082,0,0.06849593311155584
da-train-001083,0,8.546332429281159e-08
da-train-001084,0,0.015383651593325429
da-train-001085,0,4.236788863424482e-07
da-train-001086,0,4.071610868106205e-05
da-train-001087,1,0.9927331942730366
da-train-001088,0,5.835228626844875e-08
da-train-001089,0,3.96063151472393e-07
da-train-001090,0,4.5361555796212956e-08
da-train-001091,0,3.356715931426478e-07
da-train-001092,0,1.3295109864760708e-07
da-train-001093,0,1.8617032186176857e-07
da-train-001094,0,2.6651345471139375e-07
da-train-001095,0,2.9491204886850063e-07
da-train-001096,0,2.6651345471139375e-07
da-train-001097,0,6.414031385191973e-07
da-train-001098,0,7.03767622875265e-08
da-train-001099,0,2.1020639480192952e-07
da-train-001100,0,0.0005645065481594179
da-train-001101,0,8.688455951298951e-07
da-train-001102,0,1.116855244416408e-06
da-train-001103,0,5.605525743185533e-07
da-train-001104,0,1.1606255702225128e-07
da-train-001105,0,2.843522366390283e-07
da-train-001106,1,0.9915256296641242
da-train-001107,0,1.8104100195501519e-07
da-train-001108,0,0.008914350458037014
da-train-001109,0,9.75467987506553e-08
da-train-001110,0,1.4321596265473548e-07
da-train-001111,0,2.845958369646718e-07
da-train-001112,0,0.19613840057544865
da-train-001113,0,6.630494781514453e-08
da-train-001114,1,0.9916055508387882
da-train-001115,1,0.9924422836614651
da-train-001116,0,0.00023398262623840348
da-train-001117,0,0.002081951942864088
da-train-001118,0,3.0789661460383285e-05
da-train-001119,0,2.1868479088268436e-07
da-train-001120,0,2.2340592664852484e-06
da-train-001121,0,7.149475355237063e-05
da-train-001122,0,1.2849436337256086e-07
da-train-001123,0,1.3497032619289626e-07
da-train-001124,1,0.8479120011569271
da-train-001125,1,0.44197067983372346
da-train-001126,0,7.734197428384392e-08
da-train-001127,0,1.0800099379046407e-07
da-train-001128,0,2.5705352113946297e-07
da-train-001129,0,7.337473597440205e-07
da-train-001130,0,3.785711177042867e-08
da-train-001131,1,0.9919597884456532
da-train-001132,0,1.1336283828246201e-07
da-train-001133,0,0.0012839480121434722
da-train-001134,1,0.9922121933511995
da-train-001135,0,2.3957396553651787e-07
da-train-001136,0,3.0586730439314e-07
da-train-001137,1,0.9924134438155972
da-train-001138,1,0.7790549581888825
da-train-001139,0,0.003891380441065878
da-train-001140,0,1.577500116581171e-07
da-train-001141,0,2.5130347707647886e-07
da-train-001142,0,2.040396999631543e-07
da-train-001143,0,4.169551325314533e-07
da-train-001144,0,2.5040150354318785e-07
da-train-001145,0,2.6924786148585135e-07
da-train-001146,0,3.5070754520655013e-07
da-train-001147,0,2.122677608102556e-07
da-train-001148,1,0.9574880752862249
da-train-001149,0,3.915943507556665e-07
da-train-001150,0,2.1505608319690858e-07
da-train-001151,1,0.6549908054216401
da-train-001152,0,6.582129638935644e-07
da-train-001153,1,0.003974905011494302
da-train-001154,0,4.1124268959246775e-06
da-train-001155,0,2.8016749887492164e-06
da-train-001156,0,0.0031776307028245684
da-train-001157,0,3.957074845653323e-07
da-train-001158,1,0.9916820457863159
da-train-001159,0,0.006742243878307865
da-train-001160,0,2.0185372160023385e-07
da-train-001161,0,0.0025715618951927394
da-train-001162,0,5.508443734313526e-07
da-train-001163,0,8.588691092624709e-07
da-train-001164,1,0.9930439857188219
da-train-001165,1,0.9923534535367123
da-train-001166,0,5.962424752311234e-08
da-train-001167,0,5.9233749232042216e-08
da-train-001168,0,1.2853667118777085e-07
da-train-001169,0,3.0944303503320295e-07
da-train-001170,0,4.256247482957824e-07
da-train-001171,0,7.327913014902631e-07
da-train-001172,0,2.766293850803504e-07
da-train-001173,1,0.9930439857188219
da-train-001174,1,0.9629654367881318
da-train-001175,0,1.6946253729128865e-07
da-train-001176,1,0.9921673010639246
da-train-001177,1,0.8928988769439222
da-train-001178,0,0.01935583941679063
da-train-001179,0,2.328578355866176e-07
da-train-001180,1,0.9918364211099094
da-train-001181,0,4.229390724055957e-07
da-train-001182,0,3.6424217055287357e-07
da-train-001183,0,3.423750633430996e-07
da-train-001184,0,0.03672707530201325
da-train-001185,0,1.8806520838501292e-07
da-train-001186,1,0.9918364211099094
da-train-001187,0,1.1930847380717043e-07
da-train-001188,0,0.0006325024515641745
da-train-001189,0,1.3097293143864604e-06
da-train-001190,0,1.3334822123765102e-07
da-train-001191,0,0.0049101120232496265
da-train-001192,0,6.597506416285056e-07
da-train-001193,0,0.006714672000240902
da-train-001194,1,0.9927465810276654
da-train-001195,0,8.188079031575956e-07
da-train-001196,1,0.9920560619688725
da-train-001197,0,2.4313447975851546e-06
da-train-001198,0,6.582129638935644e-07
da-train-001199,0,3.561958092405801e-07
da-train-001200,0,1.1534592490733183e-06
da-train-001201,0,0.9922111314030672
da-train-001202,0,3.816823326388713e-07
da-train-001203,1,0.9535417330247098
da-train-001204,0,1.0800099379046407e-07
da-train-001205,0,0.0030902596548396445
da-train-001206,0,2.409027360905759e-06
da-train-001207,0,7.604374925171251e-07
da-train-001208,0,0.01891332956920043
da-train-001209,0,3.5852450794473153e-07
da-train-001210,1,0.9918364211099094
da-train-001211,1,0.9923891991809408
da-train-001212,1,0.9921407184761097
da-train-001213,0,0.005220012452082289
da-train-001214,0,4.5244065100291255e-07
da-train-001215,1,0.9735316042617078
da-train-001216,0,2.2484327089902862e-07
da-train-001217,0,3.83677329841532e-07
da-train-001218,0,3.4569774643694836e-07
da-train-001219,0,3.1911518107371516e-07
da-train-001220,0,2.9034303705337755e-06
da-train-001221,0,3.731726377203345e-07
da-train-001222,1,0.9919597884456532
da-train-001223,0,2.2404825924246798e-07
da-train-001224,1,0.9924847135682056
da-train-001225,0,1.6598442443080157e-06
da-train-001226,0,1.3516201558311138e-07
da-train-001227,0,2.946681322460118e-07
da-train-001228,0,5.102588571370741e-07
da-train-001229,1,0.9919556279514543
da-train-001230,0,4.876152684692165e-07
da-train-001231,0,4.849350258951842e-07
da-train-001232,0,2.591524480850848e-07
da-train-001233,0,6.904718148335948e-07
da-train-001234,0,2.5728073917864446e-05
da-train-001235,0,7.883878173665429e-08
da-train-001236,0,1.2420470458362172e-07
da-train-001237,0,1.7373729126504413e-06
da-train-001238,0,5.04785336676591e-06
da-train-001239,1,0.9925793064879836
da-train-001240,0,3.7010604067951934e-08
da-train-001241,0,1.6634020190137938e-07
da-train-001242,0,2.476980847733803e-07
da-train-001243,0,2.095922805956523e-07
da-train-001244,0,1.46770332837698e-07
da-train-001245,0,1.2924684684419594e-06
da-train-001246,0,2.2751823429384578e-07
da-train-001247,0,2.5918346484985864e-07
da-train-001248,0,1.9199265909722948e-07
da-train-001249,0,4.160807633192843e-07
da-train-001250,0,0.08344570963369002
da-train-001251,0,6.687083950393969e-07
da-train-001252,1,0.9921273317214808
da-train-001253,1,0.9932564387921478
da-train-001254,0,1.6138501215579903e-07
da-train-001255,0,7.647750258860936e-07
da-train-001256,0,1.358600497078667e-07
da-train-001257,0,9.607897274251534e-07
da-train-001258,0,7.808986670623927e-08
da-train-001259,1,0.9045800920701245
da-train-001260,0,2.232419081410939e-07
da-train-001261,0,2.504763271661979e-07
da-train-001262,0,4.328465997540332e-07
da-train-001263,0,0.00610531701991161
da-train-001264,0,0.005905345265238892
da-train-001265,0,3.8604705196075484e-08
da-train-001266,0,0.00703662487754636
da-train-001267,1,0.9794889626458735
da-train-001268,1,0.9920260408784117
da-train-001269,0,2.2382145358487387e-07
da-train-001270,0,1.5583202107062835e-07
da-train-001271,0,3.0968548050929865e-07
da-train-001272,0,3.2697324877952267e-07
da-train-001273,1,0.9925288258946249
da-train-001274,0,1.1628856693007319e-07
da-train-001275,0,6.687083950393969e-07
da-train-001276,0,0.0027491301565207966
da-train-001277,0,8.481207976799645e-06
da-train-001278,0,0.0005537733279851115
da-train-001279,0,0.002189041667849626
da-train-001280,0,3.868032914899431e-07
da-train-001281,0,2.5432619179170595e-07
da-train-001282,0,0.006082667406128541
da-train-001283,0,7.16498398437635e-07
da-train-001284,0,8.761547437692073e-07
da-train-001285,0,2.1344791151005604e-07
da-train-001286,0,3.9818738637633895e-07
da-train-001287,0,8.707243777160699e-07
da-train-001288,0,1.1760512950322548e-07
da-train-001289,0,1.4647377152305148e-07
da-train-001290,0,3.672639572754828e-07
da-train-001291,0,3.1911518107371516e-07
da-train-001292,0,0.0017732492129307314
da-train-001293,1,0.9913489085742476
da-train-001294,1,0.9489307066308208
da-train-001295,1,0.8530831081781031
da-train-001296,0,5.433096384986202e-07
da-train-001297,0,3.0501411059914604e-07
da-train-001298,0,2.3805628160410944e-07
da-train-001299,0,1.4321031506895335e-07
da-train-001300,0,4.696633864740277e-07
da-train-001301,1,0.9917528930448714
da-train-001302,0,1.5395191419029816e-07
da-train-001303,1,0.9921673010639246
da-train-001304,0,8.432178504179125e-08
da-train-001305,0,2.3608829600494374e-07
da-train-001306,0,0.004616616831703733
da-train-001307,1,0.7386473453696757
da-train-001308,0,1.1762507313043857e-06
da-train-001309,0,8.322078868489328e-07
da-train-001310,0,3.3366576535721437e-07
da-train-001311,0,1.60015435688945e-06
da-train-001312,0,0.011217934767771026
da-train-001313,0,2.28181668653391e-07
da-train-001314,0,0.00028989179637678875
da-train-001315,0,0.008393538332536369
da-train-001316,0,3.4093958596967777e-07
da-train-001317,0,0.17363130581581668
da-train-001318,0,7.039974620941755e-07
da-train-001319,0,6.182605645395753e-07
da-train-001320,0,3.7662472237361043e-07
da-train-001321,0,4.3176387963447504e-08
da-train-001322,1,0.9725973589921293
da-train-001323,1,0.9919597884456532
da-train-001324,0,0.045295963159941076
da-train-001325,0,2.2903280297080662e-07
da-train-001326,0,6.555818805702028e-08
da-train-001327,0,8.270643310243626e-08
da-train-001328,0,4.202252510095168e-07
da-train-001329,1,0.9929124437000519
da-train-001330,0,0.002133499888297112
da-train-001331,1,0.9920215935565855
da-train-001332,0,1.9621488716904655e-07
da-train-001333,0,1.8321019120417273e-07
da-train-001334,0,4.503146821921076e-07
da-train-001335,0,1.5956944108864362e-07
da-train-001336,0,3.549013291296333e-08
da-train-001337,0,0.0032181677862939896
da-train-001338,0,7.66230546386625e-08
da-train-001339,0,1.446311655645154e-06
da-train-001340,0,2.7584724438264595e-07
da-train-001341,0,6.654735721325168e-07
da-train-001342,0,1.78293911889115e-05
da-train-001343,0,3.180698735626404e-07
da-train-001344,0,1.5734217465143218e-07
da-train-001345,0,4.718050918963909e-07
da-train-001346,0,0.0046977867747230026
da-train-001347,1,0.9921010486311661
da-train-001348,0,0.0012435647986676042
da-train-001349,0,0.007705818856052641
da-train-001350,0,3.419240724538846e-07
da-train-001351,0,2.4713952449953318e-06
da-train-001352,0,3.696467155512992e-08
da-train-001353,0,1.330116270779119e-07
da-train-001354,0,3.5601124675928435e-07
da-train-001355,0,5.943344648037383e-07
da-train-001356,0,9.862440450570834e-05
da-train-001357,0,4.72571687737847e-08
da-train-001358,0,3.152831711783236e-08
da-train-001359,0,0.000705381873389076
da-train-001360,0,1.4480212694085614e-06
da-train-001361,1,0.9918364211099094
da-train-001362,0,2.1455115020486579e-07
da-train-001363,0,9.34566885310905e-08
da-train-001364,0,0.0019208212224603519
da-train-001365,0,0.010109650554440366
da-train-001366,0,1.4092476846576751e-07
da-train-001367,0,3.48817247981222e-07
da-train-001368,1,0.9918075812640414
da-train-001369,0,2.5334111240430934e-07
da-train-001370,0,9.503282325205052e-08
da-train-001371,0,6.434577385758773e-07
da-train-001372,0,1.0956964011974668e-06
da-train-001373,1,0.9918314037900595
da-train-001374,0,8.797719492688604e-07
da-train-001375,0,1.640071780229219e-07
da-train-001376,0,4.440078915831271e-07
da-train-001377,1,0.9921977446484384
da-train-001378,1,0.9919669053374154
da-train-001379,0,5.4393349854832475e-06
da-train-001380,1,0.9921714440479003
da-train-001381,0,2.0110453469167055e-06
da-train-001382,0,0.023129637413734222
da-train-001383,0,0.003280846260083127
da-train-001384,0,1.4343228344870126e-07
da-train-001385,0,6.209540560958699e-07
da-train-001386,0,1.884050686197806e-07
da-train-001387,0,3.305609721597681e-07
da-train-001388,1,0.9915655814963444
da-train-001389,0,0.0031397556925109537
da-train-001390,0,6.106273678563664e-07
da-train-001391,1,0.9918779941909989
da-train-001392,0,0.0028253635026589488
da-train-001393,1,0.991424338821055
da-train-001394,0,0.00336939639691838
da-train-001395,0,1.2141267324585006e-06
da-train-001396,0,2.939743880768441e-07
da-train-001397,0,1.261890614703825e-07
da-train-001398,0,6.909836694009985e-08
da-train-001399,0,1.7115361700432724e-07
da-train-001400,0,0.0010176897919502528
da-train-001401,0,5.451090203028976e-06
da-train-001402,0,6.528343940480759e-07
da-train-001403,1,0.9923668534146578
da-train-001404,0,1.2296768932271336e-06
da-train-001405,0,6.341015453319212e-07
da-train-001406,0,1.2080613581149406e-07
da-train-001407,0,6.250556380088277e-07
da-train-001408,0,2.232419081410939e-07
da-train-001409,1,0.9914501994173168
da-train-001410,0,4.6281589923471533e-07
da-train-001411,0,1.2012525304333023e-07
da-train-001412,0,1.129308691451733e-07
da-train-001413,0,5.780620239793525e-07
da-train-001414,0,1.29495705948776e-05
da-train-001415,0,0.1279109055087754
da-train-001416,0,2.0400901249079612e-07
da-train-001417,0,2.663597554075475e-07
da-train-001418,0,0.0020585260120447447
da-train-001419,0,1.23356657512769e-06
da-train-001420,0,6.483193860996271e-07
da-train-001421,1,0.9929152037618486
da-train-001422,0,9.200811187940523e-06
da-train-001423,0,2.0055922885669563e-06
da-train-001424,0,0.00041586954497696733
da-train-001425,0,0.004255388454825726
da-train-001426,0,2.1681441834770722e-07
da-train-001427,0,1.0033394229430166e-07
da-train-001428,0,6.037111202759367e-07
da-train-001429,1,0.9913539258940975
da-train-001430,1,0.9918843581988459
da-train-001431,0,3.2907908210491576e-07
da-train-001432,0,6.091033026308432e-07
da-train-001433,0,6.984011271198531e-07
da-train-001434,0,4.42944481292636e-07
da-train-001435,0,2.1013007510341412e-07
da-train-001436,0,4.231867004214602e-07
da-train-001437,0,3.112892587392296e-07
da-train-001438,0,2.1868479088268436e-07
da-train-001439,0,7.672451970521966e-08
da-train-001440,1,0.9914901687597605
da-train-001441,0,1.934365212879573e-07
da-train-001442,0,5.015375312222204e-07
da-train-001443,0,1.2747050415960374e-07
da-train-001444,0,1.6297010244586261e-07
da-train-001445,0,3.5451723875355393e-07
da-train-001446,0,2.0400901249079612e-07
da-train-001447,0,1.4808250677472095e-07
da-train-001448,0,0.0013135245607911238
da-train-001449,0,6.518805065854211e-07
da-train-001450,0,2.1236803308241636e-07
da-train-001451,0,6.660649918413192e-08
da-train-001452,0,5.575322710801809e-06
da-train-001453,0,1.8048816429038855e-07
da-train-001454,0,9.229437324864404e-08
da-train-001455,0,5.056851151230523e-07
da-train-001456,1,0.9915256296641242
da-train-001457,0,1.2657012664105309e-05
da-train-001458,0,1.4727239610933438e-07
da-train-001459,0,2.1598869935691171e-07
da-train-001460,0,2.663500109470644e-07
da-train-001461,1,0.9844162431550602
da-train-001462,1,0.9036983335834757
da-train-001463,0,0.007350671863231042
da-train-001464,0,2.2602056295738385e-07
da-train-001465,1,0.9916642117098607
da-train-001466,0,0.02393592062339216
da-train-001467,0,2.1155682943537947e-07
da-train-001468,0,2.5778083822514516e-07
da-train-001469,0,4.4848051502986825e-07
da-train-001470,1,0.9919534244378062
da-train-001471,0,2.989768229599197e-06
da-train-001472,0,3.4380744921162024e-07
da-train-001473,0,1.1216085882865733e-07
da-train-001474,0,1.0797194184479423e-06
da-train-001475,0,0.00885151769844171
da-train-001476,0,3.04449483165531e-07
da-train-001477,0,3.3366576535721437e-07
da-train-001478,0,8.786143734048454e-08
da-train-001479,0,6.679476701253451e-07
da-train-001480,0,0.008033622790885752
da-train-001481,0,1.349690209467209e-07
da-train-001482,0,0.005238539070727411
da-train-001483,0,7.387355877052463e-06
da-train-001484,0,1.2070477817494855e-06
da-train-001485,0,4.0245684230768885e-07
da-train-001486,1,0.9744106595726052
da-train-001487,1,0.9924822354936856
da-train-001488,0,1.2515336490791586e-05
da-train-001489,0,0.0028610694279167497
da-train-001490,0,0.011617969999526795
da-train-001491,0,3.68919340646907e-07
da-train-001492,0,4.298657141536438e-07
da-train-001493,0,2.8410623383197865e-07
da-train-001494,0,2.9400221935354077e-07
da-train-001495,0,2.1481006688111623e-07
da-train-001496,1,0.9926016522542667
da-train-001497,0,4.897671613206919e-06
da-train-001498,0,5.887797611833342e-08
da-train-001499,0,4.249347267320282e-06
da-train-001500,0,2.0157218189176676e-07
da-train-001501,0,1.0643043548921818e-07
da-train-001502,0,0.013675595133762255
da-train-001503,0,0.00017701719823288577
da-train-001504,0,1.8099758868699825e-07
da-train-001505,1,0.9915655814963444
da-train-001506,1,0.9918779941909989
da-train-001507,0,4.020861502480048e-05
da-train-001508,1,0.9922174954109142
da-train-001509,0,1.481417147948297e-07
da-train-001510,0,1.8540567273273029e-07
da-train-001511,1,0.9913539258940975
da-train-001512,0,7.448591043263925e-07
da-train-001513,0,3.152831711783236e-08
da-train-001514,0,0.0052221799565867035
da-train-001515,0,9.214299707174838e-07
da-train-001516,0,7.538944681350579e-08
da-train-001517,0,0.7547681952237645
da-train-001518,1,0.9921714440479003
da-train-001519,0,2.3385962542124462e-07
da-train-001520,0,1.541926569511389e-07
da-train-001521,0,1.274182766615875e-07
da-train-001522,0,4.835393742442222e-07
da-train-001523,0,1.7095384784994527e-07
da-train-001524,0,8.072378842330288e-08
da-train-001525,0,5.872328983975024e-07
da-train-001526,0,0.0011355614050715913
da-train-001527,0,3.5852450794473153e-07
da-train-001528,0,1.9885883771616287e-07
da-train-001529,0,6.309727773614411e-07
da-train-001530,0,9.706106302917235e-07
da-train-001531,1,0.9914925079398342
da-train-001532,0,9.48326153064423e-08
da-train-001533,0,1.2156661144493279e-06
da-train-001534,0,3.1266086859916926e-07
da-train-001535,0,6.7239942729922355e-06
da-train-001536,0,5.443808788136325e-07
da-train-001537,1,0.9923547307686537
da-train-001538,0,0.992555126495163
da-train-001539,1,0.9921369756356131
da-train-001540,0,1.8545834217741592e-06
da-train-001541,0,1.3693593209740836e-07
da-train-001542,0,6.161932445379521e-07
da-train-001543,0,5.991694837986498e-07
da-train-001544,0,1.2020645309509135e-07
da-train-001545,0,5.754253667349465e-06
da-train-001546,0,0.006304235937796193
da-train-001547,0,3.922922216165177e-07
da-train-001548,0,0.007290577719189416
da-train-001549,1,0.9916116328593585
da-train-001550,0,3.0586730439314e-07
da-train-001551,1,0.9921645410021278
da-train-001552,1,0.9920970238033927
da-train-001553,0,8.427238706336525e-07
da-train-001554,0,1.820883108195126e-07
da-train-001555,0,1.3620699866802983e-07
da-train-001556,0,7.556177639773614e-07
da-train-001557,0,0.00834404358062303
da-train-001558,0,3.7340511826983334e-07
da-train-001559,1,0.941478325953487
da-train-001560,0,3.7139943828046084e-07
da-train-001561,0,1.0614638705627358e-07
da-train-001562,0,3.04449483165531e-07
da-train-001563,0,0.0038161016123756564
da-train-001564,0,1.5970610029332423e-07
da-train-001565,0,0.006687488561250616
da-train-001566,0,1.0998918225880253e-06
da-train-001567,0,1.3378116588300698e-07
da-train-001568,1,0.9923668534146578
da-train-001569,0,1.948612652729146e-06
da-train-001570,0,2.2328237421180454e-07
da-train-001571,0,2.162473736004073e-07
da-train-001572,0,3.081179886997943e-07
da-train-001573,0,0.288591617691708
da-train-001574,1,0.9916055508387882
da-train-001575,0,0.010503084871358814
da-train-001576,0,5.862016706151376e-07
da-train-001577,0,8.328782555900057e-08
da-train-001578,1,0.946524441534915
da-train-001579,1,0.9925288258946249
da-train-001580,0,3.3715146464140016e-05
da-train-001581,0,2.644089452434708e-07
da-train-001582,0,0.0030189645910783415
da-train-001583,0,1.579625900905532e-07
da-train-001584,0,2.469367342633952e-07
da-train-001585,0,3.7010604067951934e-08
da-train-001586,0,7.742130700712641e-07
da-train-001587,0,7.327913014902631e-07
da-train-001588,0,2.3362169615378064e-07
da-train-001589,0,1.5209371324889997e-07
da-train-001590,0,1.1470055863838275e-07
da-train-001591,1,0.9927013271357303
da-train-001592,0,7.401782300835431e-08
da-train-001593,0,5.364578889295622e-08
da-train-001594,0,9.34566885310905e-08
da-train-001595,0,9.073778362268334e-06
da-train-001596,0,3.989593123719429e-07
da-train-001597,1,0.9919997402778736
da-train-001598,1,0.9915679381866416
da-train-001599,0,5.696725258206037e-08
da-train-001600,0,1.2366621176491505e-07
da-train-001601,0,2.673484495009806e-07
da-train-001602,0,4.421492762709751e-07
da-train-001603,0,0.0007759170369149678
da-train-001604,0,2.6456319135565567e-06
da-train-001605,0,1.8271475312220603e-07
da-train-001606,1,0.9921369756356131
da-train-001607,0,3.5179265748062127e-07
da-train-001608,0,0.02986977757203839
da-train-001609,1,0.9929124437000519
da-train-001610,1,0.9919997402778736
da-train-001611,0,1.9179472384964777e-07
da-train-001612,0,2.977166956700736e-07
da-train-001613,0,0.020051348703494284
da-train-001614,0,8.251829709623255e-08
da-train-001615,0,2.0552615132689024e-07
da-train-001616,0,4.52928427586954e-07
da-train-001617,1,0.9926016522542667
da-train-001618,0,0.004272358261467148
da-train-001619,0,9.664047718683962e-07
da-train-001620,1,0.9919534244378062
da-train-001621,0,6.374487586768202e-07
da-train-001622,0,1.594924063221829e-05
da-train-001623,0,0.0022629497797123544
da-train-001624,0,1.7182776901936551e-06
da-train-001625,0,1.518226733965257e-07
da-train-001626,1,0.9919597884456532
da-train-001627,0,2.4660323587000258e-06
da-train-001628,0,0.0037819532868620122
da-train-001629,0,5.097580340595465e-07
da-train-001630,1,0.9932564387921478
da-train-001631,0,0.0019026455614473833
da-train-001632,0,2.488704553441193e-07
da-train-001633,0,1.8048816429038855e-07
da-train-001634,0,0.002159144075994141
da-train-001635,0,4.72571687737847e-08
da-train-001636,0,4.075202327515739e-07
da-train-001637,0,1.0480138906639681e-06
da-train-001638,0,0.6630872573103465
da-train-001639,0,0.9922174954109142
da-train-001640,0,2.016087771865056e-07
da-train-001641,0,0.017788525751640662
da-train-001642,0,3.185104786825556e-07
da-train-001643,0,2.285822104855267e-07
da-train-001644,1,0.9923668534146578
da-train-001645,0,1.9007178172347065e-07
da-train-001646,1,0.991635994423302
da-train-001647,1,0.9930439857188219
da-train-001648,0,1.3545309576405e-07
da-train-001649,0,6.054273539831096e-07
da-train-001650,0,0.337057999805837
da-train-001651,1,0.9927027506885229
da-train-001652,0,1.7266215934053353e-06
da-train-001653,0,3.5445523556696567e-07
da-train-001654,0,4.6380350921996856e-07
da-train-001655,0,1.0891090147672599e-05
da-train-001656,0,3.4258033718906563e-07
da-train-001657,0,5.403219797323178e-07
da-train-001658,1,0.9929590341009913
da-train-001659,0,1.403275335333424e-07
da-train-001660,1,0.9650622839248294
da-train-001661,0,1.8112783726952792e-07
da-train-001662,1,0.9915960425910816
da-train-001663,0,0.0005943424675600876
da-train-001664,0,1.6368458215475913e-07
da-train-001665,0,5.701569421392567e-07
da-train-001666,0,1.6307635474661372e-06
da-train-001667,0,1.5667488946980864e-07
da-train-001668,0,4.174782677842457e-07
da-train-001669,0,1.6537408831962922e-07
da-train-001670,0,3.1409630637900217e-07
da-train-001671,0,0.005306551595715386
da-train-001672,1,0.9925085360942236
da-train-001673,0,0.003893092225176899
da-train-001674,0,0.0067580356008732296
da-train-001675,1,0.9923547307686537
da-train-001676,0,2.918300517850902e-07
da-train-001677,0,4.6537167123408964e-07
da-train-001678,0,0.006414280105972899
da-train-001679,0,5.241118745446199e-07
da-train-001680,0,1.5658159420909096e-07
da-train-001681,1,0.9920968112721718
da-train-001682,0,2.73495845030212e-07
da-train-001683,0,6.782331024685957e-08
da-train-001684,0,2.57811854989919e-07
da-train-001685,0,7.188426417530512e-08
da-train-001686,0,1.0015061528235754e-06
da-train-001687,0,0.21994231959828103
da-train-001688,0,2.7300221973549064e-07
da-train-001689,0,3.463323917906662e-08
da-train-001690,0,0.011323063521518876
da-train-001691,0,2.131497794926447e-07
da-train-001692,0,3.8550050875502997e-07
da-train-001693,0,6.773243255975435e-07
da-train-001694,0,2.414266039246787e-07
da-train-001695,0,2.3824593126856055e-07
da-train-001696,0,1.494710425296249e-07
da-train-001697,0,0.005137137565195349
da-train-001698,0,7.890635109837787e-08
da-train-001699,0,3.4271072140694575e-07
da-train-001700,0,8.648294916577232e-07
da-train-001701,1,0.9913489085742476
da-train-001702,0,6.835256692348546e-08
da-train-001703,1,0.9921410004633865
da-train-001704,0,1.2605145731324172e-07
da-train-001705,0,1.7212158101232727e-07
da-train-001706,0,2.3015581177593156e-07
da-train-001707,0,2.808109783939315e-07
da-train-001708,0,5.845105805125922e-07
da-train-001709,0,1.7210210182098667e-07
da-train-001710,0,0.0005244603006860771
da-train-001711,0,9.677563538766497e-07
da-train-001712,1,0.9920260408784117
da-train-001713,0,2.776850819827466e-07
da-train-001714,0,1.7095384784994527e-07
da-train-001715,0,2.8524171582935903e-06
da-train-001716,0,7.936492339947955e-08
da-train-001717,0,1.3344075979478663e-06
da-train-001718,0,1.860429438967378e-07
da-train-001719,0,1.4850820413746394e-07
da-train-001720,0,5.740308117037096e-07
da-train-001721,0,4.127330952318926e-07
da-train-001722,0,9.63865874745032e-07
da-train-001723,0,3.6589523366747053e-06
da-train-001724,0,5.754989056473189e-08
da-train-001725,0,5.108010249254306e-07
da-train-001726,0,8.266381011554935e-07
da-train-001727,0,2.799659886796781e-07
da-train-001728,0,8.277737611406427e-07
da-train-001729,0,0.001564421986337874
da-train-001730,1,0.9915351379118308
da-train-001731,0,0.002463387784286297
da-train-001732,0,4.3932646328265636e-07
da-train-001733,1,0.9914925079398342
da-train-001734,0,2.1610697266891443e-07
da-train-001735,0,1.4193104802059983e-07
da-train-001736,0,8.066743664523158e-08
da-train-001737,0,8.519763718637744e-07
da-train-001738,0,2.8625790847040515e-07
da-train-001739,0,1.4082971992511545e-07
da-train-001740,0,4.215640156391749e-05
da-train-001741,0,1.1953044299338288e-07
da-train-001742,0,7.068889485762195e-08
da-train-001743,0,4.7387593446147046e-07
da-train-001744,1,0.9919750031556461
da-train-001745,0,2.0022040577085053e-07
da-train-001746,0,1.2355509553439654e-06
da-train-001747,0,1.468144551050548e-07
da-train-001748,0,0.00723817915465811
da-train-001749,0,0.9927013271357303
da-train-001750,0,5.891499370823886e-06
da-train-001751,0,9.210769402451085e-08
da-train-001752,0,0.006965018562152453
da-train-001753,0,0.007155878518518646
da-train-001754,1,0.9913539258940975
da-train-001755,0,2.1291839749006707e-07
da-train-001756,0,2.7300221973549064e-07
da-train-001757,0,2.2484327089902862e-07
da-train-001758,0,3.3908457205237496e-07
da-train-001759,0,7.77243161249351e-07
da-train-001760,0,7.052065779230397e-07
da-train-001761,0,4.008324546840829e-07
da-train-001762,1,0.9919556279514543
da-train-001763,0,0.004257939497003399
da-train-001764,0,2.131497794926447e-07
da-train-001765,0,3.715799055696405e-07
da-train-001766,1,0.99242994848424
da-train-001767,0,5.117645080748579e-07
da-train-001768,0,2.3385962542124462e-07
da-train-001769,0,7.824762315858963e-08
da-train-001770,0,1.2758799536631107e-07
da-train-001771,0,3.423284829571251e-07
da-train-001772,0,1.939840862104697e-07
da-train-001773,0,6.250572227376179e-08
da-train-001774,1,0.9927465810276654
da-train-001775,0,2.0635241298886576e-07
da-train-001776,0,4.7700020834769945e-08
da-train-001777,0,9.607897274251534e-07
da-train-001778,0,1.0224417029572236e-07
da-train-001779,0,3.58571088330706e-07
da-train-001780,0,0.008604623267298125
da-train-001781,0,2.690004876288926e-07
da-train-001782,1,0.9917491502043747
da-train-001783,0,2.808109783939315e-07
da-train-001784,0,0.0018202428159546956
da-train-001785,1,0.9929152037618486
da-train-001786,0,2.3987200285855604e-07
da-train-001787,0,1.1033507323148249e-07
da-train-001788,0,1.171785463730177e-07
da-train-001789,0,1.041183052826673e-06
da-train-001790,1,0.9920970238033927
da-train-001791,1,0.991997348921929
da-train-001792,0,0.004820673295763056
da-train-001793,0,1.8014741580785937e-06
da-train-001794,0,3.055499995043206e-07
da-train-001795,0,3.961222752602185e-08
da-train-001796,0,4.658600478187313e-06
da-train-001797,1,0.9915256296641242
da-train-001798,0,8.429288275241731e-08
da-train-001799,0,4.500872845349328e-07
da-train-001800,0,4.105748327457371e-07
da-train-001801,0,1.7212158101232727e-07
da-train-001802,0,1.5106304739572386e-07
da-train-001803,0,9.779191271977566e-08
da-train-001804,0,3.617912687530431e-05
da-train-001805,0,2.8920672484706005e-06
da-train-001806,0,8.489352719058929e-08
da-train-001807,0,2.500490878199148e-07
da-train-001808,1,0.9927027506885229
da-train-001809,0,1.8806520838501292e-07
da-train-001810,0,1.0052999220151117e-07
da-train-001811,0,5.978114821162479e-07
da-train-001812,0,0.9923109004295111
da-train-001813,0,1.0523508179843191e-07
da-train-001814,1,0.9519050564549686
da-train-001815,1,0.9915679381866416
da-train-001816,0,5.381096246253633e-07
da-train-001817,0,2.6390141841668445e-07
da-train-001818,0,8.253796084575294e-08
da-train-001819,0,8.564353144566303e-07
da-train-001820,0,7.013022736501987e-08
da-train-001821,0,2.2594610254304352e-07
da-train-001822,1,0.9923547307686537
da-train-001823,0,7.327161319616558e-07
da-train-001824,0,1.249331632295814e-07
da-train-001825,0,2.521062199462951e-07
da-train-001826,1,0.9926521354598101
da-train-001827,0,5.536570283162437e-07
da-train-001828,1,0.9926999906267261
da-train-001829,0,2.0158697365115528e-07
da-train-001830,0,4.236788863424482e-07
da-train-001831,1,0.9930439857188219
da-train-001832,0,1.0156808996219482e-07
da-train-001833,0,1.5808951692270285e-07
da-train-001834,0,1.6770176995606704e-07
da-train-001835,1,0.9921645410021278
da-train-001836,0,2.4805861129240723e-06
da-train-001837,0,1.2883644951232694e-07
da-train-001838,0,5.057626325851022e-07
da-train-001839,0,1.4263187785032924e-07
da-train-001840,0,4.823252762047045e-07
da-train-001841,0,9.999836103780148e-08
da-train-001842,0,2.2316166241356634e-07
da-train-001843,0,3.728804180118089e-07
da-train-001844,0,1.0370891161098455e-07
da-train-001845,0,0.008218940201129862
da-train-001846,0,4.148411703117342e-07
da-train-001847,0,1.0781266998897414e-07
da-train-001848,0,1.2020042787431497e-07
da-train-001849,0,5.8508149962243604e-08
da-train-001850,0,1.6468224644564578e-07
da-train-001851,0,9.766620384429951e-08
da-train-001852,0,0.0006444760385994241
da-train-001853,0,2.2774260006719495e-07
da-train-001854,0,3.644432863037642e-07
da-train-001855,1,0.9923439452890057
da-train-001856,1,0.9926999906267261
da-train-001857,0,1.365812133989426e-07
da-train-001858,0,1.5653728531266786e-07
da-train-001859,0,1.9144105299980535e-07
da-train-001860,0,1.9456354863612486e-07
da-train-001861,0,0.0001760650356061457
da-train-001862,1,0.9714634682453053
da-train-001863,0,2.44706059825566e-07
da-train-001864,0,3.265509933873101e-07
da-train-001865,0,2.608634684325096e-07
da-train-001866,0,1.1462538380739801e-07
da-train-001867,0,0.00490344367334022
da-train-001868,0,1.0578037027398391e-05
da-train-001869,0,0.00111095397110086
da-train-001870,0,2.9897600684122607e-07
da-train-001871,0,4.837984921271877e-07
da-train-001872,0,1.1182933264379439e-06
da-train-001873,0,0.010862434401341386
da-train-001874,0,1.8678246651958045e-06
da-train-001875,1,0.9542813264724693
da-train-001876,0,8.368962030793027e-08
da-train-001877,0,4.1120029277795913e-07
da-train-001878,0,2.830283249409895e-07
da-train-001879,0,3.8283404590522867e-07
da-train-001880,0,1.4321596265473548e-07
da-train-001881,0,3.58571088330706e-07
da-train-001882,0,1.3450756969449158e-06
da-train-001883,0,0.186970918460217
da-train-001884,0,2.73495845030212e-07
da-train-001885,0,0.17684549401345487
da-train-001886,0,0.003888760304942926
da-train-001887,0,0.0022081510205497696
da-train-001888,0,6.654735721325168e-07
da-train-001889,0,3.077576016184681e-07
da-train-001890,0,4.909040513967146e-07
da-train-001891,0,6.888557036411629e-06
da-train-001892,0,0.007149348066025441
da-train-001893,0,1.0414999049246995e-07
da-train-001894,0,1.2924892484582932e-07
da-train-001895,0,3.284494946923788e-07
da-train-001896,0,4.360755412621323e-06
da-train-001897,0,2.6839059862517663e-07
da-train-001898,1,0.01287344524149295
da-train-001899,0,3.423750633430996e-07
da-train-001900,0,1.1456208668015758e-06
da-train-001901,0,8.856581539072636e-08
da-train-001902,0,8.865678455655832e-08
da-train-001903,0,3.989593123719429e-07
da-train-001904,0,0.00781840261225693
da-train-001905,0,2.122677608102556e-07
da-train-001906,1,0.9354832143846853
da-train-001907,0,4.976641608262557e-06
da-train-001908,0,1.6844258759494253e-05
da-train-001909,0,2.8016749887492164e-06
da-train-001910,0,2.955844100347294e-07
da-train-001911,1,0.9926521354598101
da-train-001912,0,1.3277108586114574e-05
da-train-001913,0,2.1891555622088158e-07
da-train-001914,0,2.722329073196389e-07
da-train-001915,0,2.1581000351242313e-07
da-train-001916,0,7.561888062944253e-08
da-train-001917,1,0.9920215935565855
da-train-001918,1,0.9922174954109142
da-train-001919,0,6.558819149523867e-07
da-train-001920,0,1.2888338035110345e-07
da-train-001921,0,2.1926680484669435e-07
da-train-001922,0,2.357593818606221e-07
da-train-001923,0,8.986623116525341e-08
da-train-001924,0,1.285584858415907e-07
da-train-001925,0,9.983510340499267e-08
da-train-001926,0,1.9072504524747414e-07
da-train-001927,1,0.9922685150421984
da-train-001928,0,0.006633455463885651
da-train-001929,0,1.7840974963810098e-07
da-train-001930,0,6.904718148335948e-07
da-train-001931,0,2.628987211185342e-07
da-train-001932,1,0.976289269831942
da-train-001933,0,1.4530326281921113e-07
da-train-001934,0,2.2831183718819955e-07
da-train-001935,0,1.6783134109632597e-07
da-train-001936,0,3.4380744921162024e-07
da-train-001937,1,0.99256149050301
da-train-001938,0,1.1820092895613707e-07
da-train-001939,0,2.444992087210587e-07
da-train-001940,1,0.9920968112721718
da-train-001941,0,6.091033026308432e-07
da-train-001942,0,1.893567044460057e-07
da-train-001943,0,7.647750258860936e-07
da-train-001944,1,0.9866731955293419
da-train-001945,0,1.347705280781336e-07
da-train-001946,0,1.615273706357356e-07
da-train-001947,1,0.9922380714576846
da-train-001948,0,3.5852450794473153e-07
da-train-001949,0,8.71523574209272e-08
da-train-001950,0,0.757078880249496
da-train-001951,0,1.4727239610933438e-07
da-train-001952,1,0.952840474087718
da-train-001953,0,1.3827809659236026e-07
da-train-001954,0,7.574017909607321e-07
da-train-001955,1,0.9919669053374154
da-train-001956,0,2.9163889401162933e-07
da-train-001957,0,2.5672798742753157e-07
da-train-001958,0,9.048319054213575e-08
da-train-001959,0,4.13069169934057e-05
da-train-001960,0,1.8620764911980608e-07
da-train-001961,0,1.0830048484587955e-06
da-train-001962,0,4.267160344132151e-08
da-train-001963,0,1.4858582301030743e-06
da-train-001964,0,3.510596368677634e-07
da-train-001965,0,6.687919678840359e-05
da-train-001966,1,0.9926016522542667
da-train-001967,1,0.9924847135682056
da-train-001968,0,1.3853106214356666e-07
da-train-001969,0,3.2633758964189855e-07
da-train-001970,0,1.5076932024963682e-07
da-train-001971,0,3.266272057893244e-07
da-train-001972,0,2.909384816848624e-07
da-train-001973,0,0.851828310316937
da-train-001974,1,0.9919997402778736
da-train-001975,0,1.9898375075152093e-07
da-train-001976,1,0.9929124437000519
da-train-001977,0,1.4208309802273108e-07
da-train-001978,0,2.289894663897976e-06
da-train-001979,0,3.728804180118089e-07
da-train-001980,0,0.009962147741089375
da-train-001981,0,4.433045641870512e-07
da-train-001982,0,5.479596718714672e-07
da-train-001983,0,7.549864636073415e-08
da-train-001984,0,1.388559084927111e-07
da-train-001985,0,3.0501411059914604e-07
da-train-001986,0,3.481790673431681e-07
da-train-001987,0,6.907783077705784e-07
da-train-001988,0,2.8625790847040515e-07
da-train-001989,0,5.438323006222822e-07
da-train-001990,0,2.302900499822919e-07
da-train-001991,0,1.7095384784994527e-07
da-train-001992,0,5.76793020108703e-07
da-train-001993,0,1.9288194015066258e-07
da-train-001994,0,1.4364912219673723e-07
da-train-001995,1,0.9917795937888885
da-train-001996,0,0.00522393264702099
da-train-001997,1,0.9917833366293851
da-train-001998,0,0.12902455100488475
da-train-001999,0,3.720271477175743e-07
da-train-002000,0,1.6138501215579903e-07
da-train-002001,0,6.919085800546094e-07
da-train-002002,0,1.9956547569842462e-07
da-train-002003,0,5.780620239793525e-07
da-train-002004,0,8.261557147697028e-08
da-train-002005,0,3.839330169455257e-07
da-train-002006,0,1.6084727579781269e-07
da-train-002007,0,0.0005916739117864286
da-train-002008,0,1.398275905969565e-07
da-train-002009,0,7.647750258860936e-07
da-train-002010,0,0.013871526357024657
da-train-002011,0,7.456901937148693e-08
da-train-002012,0,3.05431019664485e-08
da-train-002013,0,4.1798088341899767e-07
da-train-002014,0,9.378381996046692e-08
da-train-002015,0,5.173431852109857e-07
da-train-002016,0,2.2942673264065479e-07
da-train-002017,1,0.99242994848424
da-train-002018,0,2.3327981177741794e-07
da-train-002019,0,2.1775868879648109e-07
da-train-002020,1,0.9532515040119165
da-train-002021,0,0.003078334254947177
da-train-002022,0,2.1926680484669435e-07
da-train-002023,0,4.994198263604469e-07
da-train-002024,0,3.197928730438608e-07
da-train-002025,0,2.958908969818184e-07
da-train-002026,0,6.528343940480759e-07
da-train-002027,0,1.1396924469980907e-07
da-train-002028,0,1.7732881626158223e-07
da-train-002029,0,0.007292934471715359
da-train-002030,0,2.3541230893431752e-07
da-train-002031,1,0.9930439857188219
da-train-002032,0,9.111795508027271e-07
da-train-002033,0,0.20947986636544
da-train-002034,1,0.9918364211099094
da-train-002035,0,0.08996753353518634
da-train-002036,0,2.5969879770358835e-07
da-train-002037,1,0.9919933762700266
da-train-002038,0,1.1606255702225128e-07
da-train-002039,1,0.9914901687597605
da-train-002040,0,7.177491732920737e-08
da-train-002041,0,2.542306671195178e-07
da-train-002042,0,1.1709905785814938e-07
da-train-002043,0,1.496111901460206e-07
da-train-002044,0,3.3366576535721437e-07
da-train-002045,0,8.123302018765343e-08
da-train-002046,0,8.022507529402836e-08
da-train-002047,0,6.483193860996271e-07
da-train-002048,0,6.008034835652203e-07
da-train-002049,0,1.1216085882865733e-07
da-train-002050,0,2.1965653209705662e-07
da-train-002051,0,8.13815381718414e-08
da-train-002052,0,3.5064499613985275e-07
da-train-002053,0,3.873347267740573e-07
da-train-002054,0,2.1505608319690858e-07
da-train-002055,0,4.6914565291119706e-07
da-train-002056,0,1.6281528990363498e-07
da-train-002057,0,3.790557131039969e-06
da-train-002058,0,1.4839486476059676e-05
da-train-002059,0,1.2883644951232694e-07
da-train-002060,0,0.0042340642259725
da-train-002061,0,1.4018819760375596e-07
da-train-002062,0,2.465123585737517e-07
da-train-002063,0,6.47634380174819e-07
da-train-002064,0,0.00021350597855778679
da-train-002065,0,4.971831067710411e-07
da-train-002066,0,1.9885883771616287e-07
da-train-002067,0,6.182605645395753e-07
da-train-002068,0,4.233381450383048e-07
da-train-002069,1,0.9917396419566681
da-train-002070,0,4.858601098166824e-06
da-train-002071,0,4.958445963504335e-07
da-train-002072,0,6.474562938738121e-08
da-train-002073,1,0.99242994848424
da-train-002074,1,0.9921645410021278
da-train-002075,0,2.218753402607892e-07
da-train-002076,0,5.810016567418807e-07
da-train-002077,0,3.510596368677634e-07
da-train-002078,1,0.9927739435763359
da-train-002079,0,4.1120029277795913e-07
da-train-002080,0,2.7057391843011215e-07
da-train-002081,0,8.288988128453935e-08
da-train-002082,0,4.433045641870512e-07
da-train-002083,1,0.9927465810276654
da-train-002084,0,0.003069743662527267
da-train-002085,0,3.8551972179541526e-07
da-train-002086,0,1.2353244973250534e-07
da-train-002087,1,0.9919467858690872
da-train-002088,1,0.9920215935565855
da-train-002089,0,6.795243298228663e-08
da-train-002090,1,0.9917396419566681
da-train-002091,0,2.597120601755739e-06
da-train-002092,0,1.6138501215579903e-07
da-train-002093,0,0.0006635346573937165
da-train-002094,0,4.657234189310631e-07
da-train-002095,1,0.9918256451519025
da-train-002096,0,3.3635144124740096e-07
da-train-002097,0,1.4416038560884566e-06
da-train-002098,0,4.040818267468952e-06
da-train-002099,0,1.8540567273273029e-07
da-train-002100,0,1.9456354863612486e-07
da-train-002101,0,2.097773800826709e-07
da-train-002102,1,0.9925712086697529
da-train-002103,0,3.05431019664485e-08
da-train-002104,0,8.036544462227478e-08
da-train-002105,0,3.7139943828046084e-07
da-train-002106,0,2.756339265012904e-07
da-train-002107,0,8.41491180489646e-08
da-train-002108,0,1.7840974963810098e-07
da-train-002109,0,5.510887246276283e-07
da-train-002110,0,7.231545929755808e-08
da-train-002111,0,1.009625668629671e-06
da-train-002112,1,0.9913489085742476
da-train-002113,0,1.4740988635490747e-07
da-train-002114,0,1.6862552123601215e-07
da-train-002115,0,7.76923329803148e-08
da-train-002116,0,0.24513614340334935
da-train-002117,0,2.827094796990002e-07
da-train-002118,1,0.9914925079398342
da-train-002119,0,2.955844100347294e-07
da-train-002120,0,3.766138309698729e-07
da-train-002121,0,2.2881521868076572e-07
da-train-002122,0,2.081766280087184e-07
da-train-002123,0,1.4202985857111665e-07
da-train-002124,0,0.003067491683469555
da-train-002125,0,4.2625032291536426e-07
da-train-002126,0,2.1480264182194607e-07
da-train-002127,0,7.104918268334881e-07
da-train-002128,0,1.6973390979019161e-06
da-train-002129,0,1.6457765938011452e-07
da-train-002130,0,1.7315627719845714e-07
da-train-002131,0,3.3388298016834503e-06
da-train-002132,0,0.0075806912830054295
da-train-002133,1,0.9333478529822745
da-train-002134,0,2.4538641752323494e-07
da-train-002135,1,0.9914901687597605
da-train-002136,0,0.0028408000230477465
da-train-002137,0,2.1926680484669435e-07
da-train-002138,1,0.9636758408101329
da-train-002139,0,6.539166794128546e-08
da-train-002140,0,7.337473597440205e-07
da-train-002141,1,0.992313501704492
da-train-002142,0,0.0012772433774532006
da-train-002143,0,3.8550050875502997e-07
da-train-002144,0,3.305609721597681e-07
da-train-002145,0,0.0233333892561504
da-train-002146,1,0.9922685150421984
da-train-002147,0,0.003904634103764574
da-train-002148,0,0.182176403287037
da-train-002149,0,0.0015815669025717658
da-train-002150,0,5.239152736662013e-07
da-train-002151,0,4.2949893166664147e-07
da-train-002152,0,3.3908457205237496e-07
da-train-002153,0,1.690141642261467e-07
da-train-002154,0,1.0779943583655912e-07
da-train-002155,0,0.006955217794839184
da-train-002156,0,1.579625900905532e-07
da-train-002157,0,6.963821509011764e-08
da-train-002158,0,6.019038491402783e-08
da-train-002159,0,0.0075806912830054295
da-train-002160,0,5.710417081040119e-06
da-train-002161,0,0.004896955147562648
da-train-002162,0,2.9733801523713824e-07
da-train-002163,0,1.0681197655235174e-07
da-train-002164,0,0.1788694653125776
da-train-002165,0,0.0038161016123756564
da-train-002166,0,0.001622390560822269
da-train-002167,0,0.005052042300579131
da-train-002168,0,0.0043754318566201714
da-train-002169,0,0.006465392043499507
da-train-002170,0,0.0027864633925432907
da-train-002171,0,2.880939749691095e-07
da-train-002172,0,1.540506815031747e-07
da-train-002173,1,0.9916116328593585
da-train-002174,0,0.01093411571266585
da-train-002175,0,0.003790097963381296
da-train-002176,0,1.4434790514850175e-07
da-train-002177,0,1.8775544284235841e-06
da-train-002178,0,4.256247482957824e-07
da-train-002179,1,0.9927027506885229
da-train-002180,0,8.08722451588489e-08
da-train-002181,1,0.9789852593279198
da-train-002182,0,1.7386024997241132e-07
da-train-002183,0,3.3598889803146723e-07
da-train-002184,0,0.055650030855019766
da-train-002185,0,1.1362673329239932e-07
da-train-002186,1,0.251097320355361
da-train-002187,0,2.525699945777726e-07
da-train-002188,0,2.427131514298411e-07
da-train-002189,0,1.8321019120417273e-07
da-train-002190,0,5.846927284291834e-07
da-train-002191,0,7.16498398437635e-07
da-train-002192,0,5.610970499003721e-07
da-train-002193,1,0.9921714440479003
da-train-002194,0,2.704208176965929e-06
da-train-002195,0,1.3792085031997097e-06
da-train-002196,1,0.9914197558328031
da-train-002197,0,1.7174338716243607e-07
da-train-002198,0,6.735509924100988e-08
da-train-002199,0,4.583166124161497e-07
da-train-002200,0,3.237228877198752e-07
da-train-002201,0,8.498842733177422e-08
da-train-002202,0,0.0033587564778689853
da-train-002203,0,5.386593797012364e-07
da-train-002204,0,2.4635555184485925e-07
da-train-002205,0,4.102516657770753e-07
da-train-002206,0,5.790346994579168e-07
da-train-002207,0,5.693806660602674e-08
da-train-002208,0,9.261861412115071e-07
da-train-002209,0,0.0016368722170797378
da-train-002210,0,4.6826059271852986e-07
da-train-002211,0,1.5171601372548472e-06
da-train-002212,0,7.448591043263925e-07
da-train-002213,0,2.061587562923061e-07
da-train-002214,0,1.2684231516512547e-07
da-train-002215,0,3.0501411059914604e-07
da-train-002216,0,1.59357568592369e-07
da-train-002217,0,3.672639572754828e-07
da-train-002218,0,2.2646862361584258e-07
da-train-002219,0,3.790841135489696e-07
da-train-002220,0,1.820883108195126e-07
da-train-002221,1,0.9927465810276654
da-train-002222,1,0.9920256183843588
da-train-002223,0,1.2605145731324172e-07
da-train-002224,0,8.459464085339791e-08
da-train-002225,1,0.9919597884456532
da-train-002226,1,0.9456499133106185
da-train-002227,0,1.3194256114191672e-07
da-train-002228,0,1.5659868350714364e-07
da-train-002229,0,2.3995852420736974e-07
da-train-002230,1,0.9919068340368669
da-train-002231,0,0.000196581772538255
da-train-002232,0,0.9930439857188219
da-train-002233,0,1.1162833371285408e-07
da-train-002234,0,1.5205478168727443e-07
da-train-002235,0,6.231540854758486e-07
da-train-002236,0,1.2738506431809264e-06
da-train-002237,0,9.003941012539154e-08
da-train-002238,0,6.008034835652203e-07
da-train-002239,0,8.99887014645518e-06
da-train-002240,0,1.7152141878268822e-07
da-train-002241,0,0.0073473466022369845
da-train-002242,0,0.002238708585656665
da-train-002243,0,5.943344648037383e-07
da-train-002244,0,1.5562055821271544e-07
da-train-002245,0,3.5852954056051356e-07
da-train-002246,0,4.6380350921996856e-07
da-train-002247,0,2.8899358743538794e-07
da-train-002248,0,5.692054771495193e-06
da-train-002249,0,1.7732881626158223e-07
da-train-002250,0,2.8332282810085924e-07
da-train-002251,0,2.5450258333455367e-07
da-train-002252,0,0.00012803205802043894
da-train-002253,0,3.526556523609193e-05
da-train-002254,0,7.205452730502277e-07
da-train-002255,0,1.1608293785456401e-07
da-train-002256,1,0.9919669053374154
da-train-002257,0,6.326749687325968e-07
da-train-002258,0,1.6131494016210417e-07
da-train-002259,0,0.0053857025789520105
da-train-002260,0,3.081179886997943e-07
da-train-002261,0,2.0400901249079612e-07
da-train-002262,0,1.7799010041642722e-07
da-train-002263,0,0.0030393502867744992
da-train-002264,0,6.899538668314871e-07
da-train-002265,0,0.002290354154951925
da-train-002266,0,5.510887246276283e-07
da-train-002267,0,0.0033496932939470273
da-train-002268,1,0.9923547307686537
da-train-002269,0,0.002033239119631236
da-train-002270,0,1.6100667721750199e-06
da-train-002271,0,2.6872005936092025e-07
da-train-002272,0,1.4272141623175685e-06
da-train-002273,0,3.206378627581142e-07
da-train-002274,0,1.1264561871169174e-07
da-train-002275,0,0.006551556150182154
da-train-002276,0,8.756341849801897e-08
da-train-002277,1,0.011020806164068966
da-train-002278,0,2.0595259490024716e-07
da-train-002279,1,0.9665553466675187
da-train-002280,0,1.9679752108640474e-07
da-train-002281,0,5.825954154701952e-07
da-train-002282,0,3.609935618015964e-07
da-train-002283,0,1.3334822123765102e-07
da-train-002284,0,4.0859822323574706e-07
da-train-002285,0,1.781461636012707e-07
da-train-002286,0,0.004483587045715008
da-train-002287,0,3.6494240974785125e-07
da-train-002288,0,3.757831773911278e-07
da-train-002289,0,0.004425785146712109
da-train-002290,0,0.9160672874354733
da-train-002291,0,2.487347832125545e-06
da-train-002292,0,0.003207527867244596
da-train-002293,1,0.7662406391461437
da-train-002294,0,0.0036636728779103705
da-train-002295,0,0.0010891096588294836
da-train-002296,0,1.7386024997241132e-07
da-train-002297,0,4.476727192254386e-06
da-train-002298,1,0.9918830115108488
da-train-002299,0,1.428518706480886e-06
da-train-002300,0,1.0482768630560932e-07
da-train-002301,0,3.948954949698897e-07
da-train-002302,0,1.274182766615875e-07
da-train-002303,1,0.9927331942730366
da-train-002304,0,6.47634380174819e-07
da-train-002305,1,0.9919068340368669
da-train-002306,0,1.8104100195501519e-07
da-train-002307,0,2.569247937056793e-07
da-train-002308,0,4.949618485826178e-07
da-train-002309,0,7.374179070851947e-07
da-train-002310,0,4.4848051502986825e-07
da-train-002311,0,3.501936145232526e-07
da-train-002312,0,0.003010723777557646
da-train-002313,0,0.0027970364563091733
da-train-002314,0,1.025882015408862e-06
da-train-002315,0,3.0968548050929865e-07
da-train-002316,0,2.413890056140601e-07
da-train-002317,0,2.918300517850902e-07
da-train-002318,0,7.120081629080346e-08
da-train-002319,0,3.406520638618792e-07
da-train-002320,1,0.9925085360942236
da-train-002321,0,6.341015453319212e-07
da-train-002322,0,1.9621488716904655e-07
da-train-002323,1,0.9671284480145251
da-train-002324,0,2.0110453469167055e-06
da-train-002325,0,1.329333728311458e-06
da-train-002326,0,1.0686678076866637e-07
da-train-002327,0,2.5334111240430934e-07
da-train-002328,0,5.469034029887844e-07
da-train-002329,0,3.2633758964189855e-07
da-train-002330,0,2.141687948903256e-07
da-train-002331,1,0.9933030291930871
da-train-002332,0,4.6889362838211085e-07
da-train-002333,0,1.540506815031747e-07
da-train-002334,0,1.6697696528985973e-06
da-train-002335,0,0.014789112874542305
da-train-002336,0,2.284900676648265e-07
da-train-002337,0,1.5560380977794875e-07
da-train-002338,0,2.239482331641549e-07
da-train-002339,0,4.582394393433944e-08
da-train-002340,0,0.9924134438155972
da-train-002341,0,2.4597695304501327e-06
da-train-002342,0,7.672451970521966e-08
da-train-002343,0,0.008387789875877733
da-train-002344,0,0.0047727203631361655
da-train-002345,1,0.9918843581988459
da-train-002346,0,5.13868481470259e-07
da-train-002347,1,0.9919534244378062
da-train-002348,0,4.88407159301083e-07
da-train-002349,0,5.845105805125922e-07
da-train-002350,0,3.603040186953371e-07
da-train-002351,1,0.9922685150421984
da-train-002352,0,0.00045123165978806806
da-train-002353,0,8.492449366934399e-07
da-train-002354,1,0.8063923536344761
da-train-002355,0,1.8806520838501292e-07
da-train-002356,1,0.9924822354936856
da-train-002357,1,0.9920941280751704
da-train-002358,0,5.959743333069352e-07
da-train-002359,1,0.9923547307686537
da-train-002360,0,1.095103183295525e-07
da-train-002361,0,9.936084887964758e-06
da-train-002362,1,0.9926987258607495
da-train-002363,0,6.904718148335948e-07
da-train-002364,1,0.9921722415189791
da-train-002365,1,0.41411342912441845
da-train-002366,1,0.811786604193217
da-train-002367,0,8.002574466181186e-05
da-train-002368,0,2.918300517850902e-07
da-train-002369,0,2.7489251696081876e-07
da-train-002370,1,0.9914901687597605
da-train-002371,0,0.0043542358252750294
da-train-002372,0,3.406520638618792e-07
da-train-002373,0,1.5158428885229027e-07
da-train-002374,0,8.15161653363771e-07
da-train-002375,1,0.9922174954109142
da-train-002376,0,8.161523194375787e-08
da-train-002377,0,2.727560279190147e-07
da-train-002378,1,0.9919933762700266
da-train-002379,1,0.9914197558328031
da-train-002380,0,3.180698735626404e-07
da-train-002381,0,2.325435197939564e-07
da-train-002382,0,2.2474299862686786e-07
da-train-002383,0,3.6494240974785125e-07
da-train-002384,0,2.5093104725866357e-06
da-train-002385,1,0.9919597884456532
da-train-002386,0,1.4445859540816445e-07
da-train-002387,1,0.9920215935565855
da-train-002388,0,1.6093888051246467e-07
da-train-002389,1,0.9926016522542667
da-train-002390,0,4.860267000528136e-07
da-train-002391,0,1.4830105915444074e-06
da-train-002392,0,9.319082312479557e-08
da-train-002393,0,2.2400316509100894e-07
da-train-002394,0,1.994918846885538e-07
da-train-002395,0,1.5439018676776044e-07
da-train-002396,0,9.332717287823106e-07
da-train-002397,0,2.062853962184714e-07
da-train-002398,0,5.515677493281224e-07
da-train-002399,0,0.005171190044097044
da-train-002400,0,1.4012809709828784e-06
da-train-002401,0,2.208111726584019e-06
da-train-002402,0,6.466031523924541e-07
da-train-002403,1,0.982398063511813
da-train-002404,0,2.4075259801231335e-07
da-train-002405,0,6.909836694009985e-08
da-train-002406,1,0.9198038540508717
da-train-002407,0,0.00020949673086099367
da-train-002408,0,2.856251837071352e-07
da-train-002409,0,1.1873324713811811e-07
da-train-002410,0,0.0003005880356502424
da-train-002411,1,0.9921407184761097
da-train-002412,0,2.500490878199148e-07
da-train-002413,0,1.8324980333210388e-05
da-train-002414,0,0.07113370918407988
da-train-002415,0,1.3180495698477597e-07
da-train-002416,0,4.4182695192187523e-07
da-train-002417,0,1.694739236840045e-07
da-train-002418,0,2.454294403289367e-07
da-train-002419,1,0.9924822354936856
da-train-002420,0,0.00593199157030432
da-train-002421,0,9.230110284351102e-08
da-train-002422,0,7.179444506149764e-07
da-train-002423,0,8.152521163361808e-08
da-train-002424,0,2.329405266641201e-07
da-train-002425,0,8.033523842237723e-07
da-train-002426,0,1.2302369226226218e-07
da-train-002427,0,1.6753424006020593e-07
da-train-002428,1,0.9921010486311661
da-train-002429,0,0.002159374918575786
da-train-002430,0,3.206378627581142e-07
da-train-002431,1,0.9913938777263179
da-train-002432,0,0.0015562789553461168
da-train-002433,0,4.2972502665609095e-07
da-train-002434,0,4.857551439100776e-07
da-train-002435,0,1.1890981361422748e-06
da-train-002436,1,0.8466678097026333
da-train-002437,0,1.6556066991741861e-06
da-train-002438,0,1.7725874426788741e-07
da-train-002439,0,3.5773570217457735e-07
da-train-002440,0,5.789705439360497e-07
da-train-002441,0,1.376177142348407e-07
da-train-002442,0,1.2090574901553697e-07
da-train-002443,1,0.986108937549243
da-train-002444,0,2.8778453985983114e-07
da-train-002445,1,0.9917795937888885
da-train-002446,0,3.423750633430996e-07
da-train-002447,0,1.694739236840045e-07
da-train-002448,0,7.443941651122968e-08
da-train-002449,0,2.046093273045248e-06
da-train-002450,0,4.543888892337333e-07
da-train-002451,0,2.3497029345733116e-07
da-train-002452,0,1.6925875428489837e-07
da-train-002453,0,1.2302369226226218e-07
da-train-002454,0,0.0025397574840970295
da-train-002455,0,1.1406582243159338e-06
da-train-002456,0,1.1824190062633666e-07
da-train-002457,1,0.9924888740624045
da-train-002458,0,3.792973150376441e-07
da-train-002459,1,0.9921714440479003
da-train-002460,1,0.9727576960353037
da-train-002461,0,9.620641539690546e-08
da-train-002462,0,1.5560380977794875e-07
da-train-002463,1,0.9923587555964271
da-train-002464,0,2.4223124758278343e-07
da-train-002465,0,0.00137806543308682
da-train-002466,0,6.278703036762995e-07
da-train-002467,0,9.52634489812392e-06
da-train-002468,0,1.2911132068868855e-07
da-train-002469,1,0.9920970238033927
da-train-002470,0,1.468144551050548e-07
da-train-002471,0,1.5165941432200536e-07
da-train-002472,0,1.5024849463891952e-06
da-train-002473,0,7.536004991956064e-07
da-train-002474,0,3.045107956988196e-07
da-train-002475,1,0.9927412789679506
da-train-002476,0,8.856581539072636e-08
da-train-002477,0,3.568879881442149e-07
da-train-002478,0,1.0072613216613845e-07
da-train-002479,0,1.8922522819974062e-07
da-train-002480,0,1.3902675964749516e-07
da-train-002481,0,9.003941012539154e-08
da-train-002482,1,0.9920903852346737
da-train-002483,0,1.0103326301537272e-07
da-train-002484,0,2.040396999631543e-07
da-train-002485,0,0.005002744144566556
da-train-002486,0,1.9621488716904655e-07
da-train-002487,0,0.007260453924390533
da-train-002488,0,4.580055287575256e-07
da-train-002489,1,0.9917528930448714
da-train-002490,0,8.136798187175795e-07
da-train-002491,0,3.1722488384838704e-07
da-train-002492,0,1.3064332582149406e-07
da-train-002493,0,0.0042279716079873355
da-train-002494,0,4.231867004214602e-07
da-train-002495,0,3.7139943828046084e-07
da-train-002496,0,9.050346893316195e-08
da-train-002497,1,0.9924422836614651
da-train-002498,0,5.056851151230523e-07
da-train-002499,0,2.272038678349883e-07
da-train-002500,0,0.0005241386277182986
da-train-002501,1,0.9054252920755513
da-train-002502,0,2.957448328044406e-07
da-train-002503,0,6.93028957316441e-05
da-train-002504,0,0.019027393591331515
da-train-002505,0,3.242853526915994e-08
da-train-002506,0,1.7630351062228108e-07
da-train-002507,0,7.39428491565618e-08
da-train-002508,0,6.827955455552252e-07
da-train-002509,0,2.026394162984954e-07
da-train-002510,0,2.1541937464149636e-07
da-train-002511,0,4.5282893539489006e-07
da-train-002512,1,0.9919933762700266
da-train-002513,0,4.4450289491171096e-07
da-train-002514,0,2.918300517850902e-07
da-train-002515,0,4.561182071690176e-07
da-train-002516,0,1.243428836525304e-05
da-train-002517,0,2.4046168927187075e-07
da-train-002518,0,0.0022629497797123544
da-train-002519,0,3.7644344356678606e-08
da-train-002520,0,3.091071492503271e-07
da-train-002521,1,0.9921714440479003
da-train-002522,0,8.078252994616601e-07
da-train-002523,1,0.9918843581988459
da-train-002524,0,5.928950338194266e-06
da-train-002525,0,1.546379217509684e-07
da-train-002526,0,3.152831711783236e-08
da-train-002527,0,5.760826119070996e-07
da-train-002528,0,4.632355994108443e-07
da-train-002529,0,2.2569463445309296e-07
da-train-002530,0,3.070388849182375e-05
da-train-002531,0,2.081766280087184e-07
da-train-002532,0,2.1020639480192952e-07
da-train-002533,0,2.4759763884059134e-07
da-train-002534,0,3.503642632954237e-08
da-train-002535,0,1.5106304739572386e-07
da-train-002536,0,1.6084727579781269e-07
da-train-002537,0,8.023633070622621e-08
da-train-002538,0,2.026394162984954e-07
da-train-002539,0,1.0208652915522083e-07
da-train-002540,0,3.6150219990936683e-07
da-train-002541,0,2.9491204886850063e-07
da-train-002542,0,2.807247280325062e-07
da-train-002543,0,2.460900367917116e-07
da-train-002544,0,2.7489251696081876e-07
da-train-002545,0,7.980622452916025e-08
da-train-002546,1,0.9922121933511995
da-train-002547,0,6.552778730498088e-08
da-train-002548,0,0.020772888908202627
da-train-002549,0,2.77110802128186e-07
da-train-002550,0,2.6092530404209263e-06
da-train-002551,1,0.9919750031556461
da-train-002552,0,3.0968548050929865e-07
da-train-002553,0,6.066806315727138e-07
da-train-002554,0,9.985158789248313e-08
da-train-002555,0,0.0030357991088087086
da-train-002556,1,0.9915655814963444
da-train-002557,0,2.470672709514024e-07
da-train-002558,0,5.220917711885081e-08
da-train-002559,0,2.757028009032898e-07
da-train-002560,0,4.762379007089562e-07
da-train-002561,1,0.9925085360942236
da-train-002562,0,4.902516290877795e-07
da-train-002563,0,8.468591554802466e-07
da-train-002564,0,2.002723396226385e-06
da-train-002565,0,3.4513625903697957e-06
da-train-002566,0,0.009830647445393383
da-train-002567,0,1.0867793777129319e-07
da-train-002568,0,4.971831067710411e-07
da-train-002569,0,3.603040186953371e-07
da-train-002570,0,7.865110787129566e-07
da-train-002571,0,1.403275335333424e-07
da-train-002572,0,0.005110048401097698
da-train-002573,0,0.0033606653867707856
da-train-002574,0,3.0575734214464305e-08
da-train-002575,0,0.0035566059048875425
da-train-002576,0,6.483193860996271e-07
da-train-002577,0,7.556177639773614e-07
da-train-002578,0,1.6217113677890992e-07
da-train-002579,0,2.73495845030212e-07
da-train-002580,1,0.9915679381866416
da-train-002581,0,1.6361581018510412e-07
da-train-002582,0,1.6138501215579903e-07
da-train-002583,0,0.004714264092330714
da-train-002584,1,0.9922121933511995
da-train-002585,0,5.469034029887844e-07
da-train-002586,1,0.9920903852346737
da-train-002587,0,4.2032781005298377e-07
da-train-002588,0,7.951826737727902e-08
da-train-002589,1,0.9528956445209452
da-train-002590,0,4.436874459713238e-07
da-train-002591,1,0.9925793064879836
da-train-002592,0,1.192442433978555e-07
da-train-002593,0,4.147925918940591e-07
da-train-002594,0,7.388279960200715e-08
da-train-002595,0,2.955844100347294e-07
da-train-002596,1,0.9918364211099094
da-train-002597,1,0.9926946885670115
da-train-002598,0,4.2086917484676767e-07
da-train-002599,0,2.7029316899692615e-07
da-train-002600,1,0.9916116328593585
da-train-002601,0,2.826123935019722e-07
da-train-002602,1,0.9923109004295111
da-train-002603,0,0.07809970036585318
da-train-002604,1,0.9921714440479003
da-train-002605,0,5.239152736662013e-07
da-train-002606,0,4.046942900728297e-07
da-train-002607,1,0.9922111314030672
da-train-002608,0,8.231713504976083e-07
da-train-002609,0,1.9438196618528092e-07
da-train-002610,0,3.676749992427141e-07
da-train-002611,0,3.880684979505037e-07
da-train-002612,0,6.091950704509948e-08
da-train-002613,0,1.2779849964158495e-07
da-train-002614,0,1.3966000567216552e-07
da-train-002615,1,0.9023182680270437
da-train-002616,0,1.7314102666004594e-07
da-train-002617,0,0.008953944317257864
da-train-002618,0,7.629885488368772e-07
da-train-002619,0,1.4955438209144633e-05
da-train-002620,0,7.020701282851736e-07
da-train-002621,0,0.9166573827506358
da-train-002622,0,2.9491204886850063e-07
da-train-002623,0,2.722960082391549e-07
da-train-002624,0,2.9112135890341014e-06
da-train-002625,0,1.7809535260078873e-07
da-train-002626,1,0.9932564387921478
da-train-002627,0,1.5637034611715525e-07
da-train-002628,0,2.1481006688111623e-07
da-train-002629,0,0.000165409969466117
da-train-002630,0,9.867058929646585e-07
da-train-002631,0,4.836938307590902e-07
da-train-002632,0,2.079264410500659e-07
da-train-002633,0,3.056052312017845e-07
da-train-002634,0,0.006071709399076935
da-train-002635,0,0.0029597562007506787
da-train-002636,0,4.107143299658778e-07
da-train-002637,0,2.3327981177741794e-07
da-train-002638,0,1.4808250677472095e-07
da-train-002639,0,3.57699057941376e-07
da-train-002640,0,1.6946253729128865e-07
da-train-002641,0,4.463604881782127e-07
da-train-002642,0,4.3822783856084875e-07
da-train-002643,1,0.962662834440677
da-train-002644,0,5.985111064026799e-07
da-train-002645,0,1.114199369689204e-07
da-train-002646,0,2.1157530891581233e-07
da-train-002647,0,9.022556439308738e-07
da-train-002648,0,1.1112762528571642e-07
da-train-002649,0,7.275161180883989e-07
da-train-002650,0,1.1471454616213985e-06
da-train-002651,0,1.1022478052167431e-07
da-train-002652,0,2.808109783939315e-07
da-train-002653,0,1.8385917561184262e-06
da-train-002654,0,2.5265843665510045e-07
da-train-002655,0,8.163844950130525e-08
da-train-002656,0,2.0773698410525075e-07
da-train-002657,0,1.7799010041642722e-07
da-train-002658,1,0.9716596696471441
da-train-002659,0,0.010014768453641342
da-train-002660,0,1.363264397312347e-06
da-train-002661,0,1.7314102666004594e-07
da-train-002662,0,9.637286707767433e-08
da-train-002663,0,7.833506992764814e-08
da-train-002664,0,3.981869528278226e-07
da-train-002665,0,6.182605645395753e-07
da-train-002666,1,0.9920504334024535
da-train-002667,0,5.276315280952242e-07
da-train-002668,0,4.956589599482199e-07
da-train-002669,0,1.4193104802059983e-07
da-train-002670,1,0.9923891991809408
da-train-002671,0,1.4193104802059983e-07
da-train-002672,0,9.331225310517227e-08
da-train-002673,0,3.0771240663945163e-07
da-train-002674,0,4.994198263604469e-07
da-train-002675,0,3.3866782156389346e-08
da-train-002676,0,7.875744264735057e-08
da-train-002677,0,9.712196274079896e-07
da-train-002678,1,0.992654736734791
da-train-002679,0,3.824062084129088e-07
da-train-002680,1,0.9915206123442742
da-train-002681,0,8.93200025810588e-05
da-train-002682,1,0.9919556279514543
da-train-002683,0,4.507755069577482e-07
da-train-002684,0,0.002118554073634152
da-train-002685,0,3.0241971637231996e-07
da-train-002686,0,1.0716346006422576e-07
da-train-002687,0,2.668726810360833e-07
da-train-002688,0,3.6638963951085907e-07
da-train-002689,0,9.249137785095674e-08
da-train-002690,0,2.9166991077640317e-07
da-train-002691,0,0.004574654628227336
da-train-002692,0,2.833110356813074e-07
da-train-002693,0,1.7723610292030504e-07
da-train-002694,0,8.093171280965997e-08
da-train-002695,0,1.249331632295814e-07
da-train-002696,0,0.29249138624479243
da-train-002697,1,0.9916820457863159
da-train-002698,1,0.7611747881927697
da-train-002699,0,2.6188090719249085e-07
da-train-002700,0,4.500872845349328e-07
da-train-002701,0,2.488704553441193e-07
da-train-002702,0,1.5171527642268866e-07
da-train-002703,1,0.991633768125347
da-train-002704,0,1.5055462172685955e-07
da-train-002705,0,1.2700426115391183e-07
da-train-002706,0,5.097580340595465e-07
da-train-002707,1,0.9916116328593585
da-train-002708,0,2.3987200285855604e-07
da-train-002709,1,0.9921407184761097
da-train-002710,0,0.0045972681457659564
da-train-002711,1,0.9105196772763918
da-train-002712,0,8.836006243500397e-07
da-train-002713,0,6.054273539831096e-07
da-train-002714,0,3.542298407668816e-07
da-train-002715,0,0.03997626301699645
da-train-002716,0,0.001466679707282816
da-train-002717,0,3.284494946923788e-07
da-train-002718,0,9.399255639121631e-07
da-train-002719,1,0.9921407184761097
da-train-002720,0,8.279810700687003e-07
da-train-002721,0,3.6313198218897134e-07
da-train-002722,0,1.5583202107062835e-07
da-train-002723,0,9.582370939844397e-08
da-train-002724,0,1.3334822123765102e-07
da-train-002725,1,0.9915655990065678
da-train-002726,0,3.0501411059914604e-07
da-train-002727,0,1.280191673743616e-07
da-train-002728,0,2.7127849919371224e-07
da-train-002729,0,4.105748327457371e-07
da-train-002730,0,1.690141642261467e-07
da-train-002731,0,2.302900499822919e-07
da-train-002732,0,8.451398350660687e-05
da-train-002733,0,1.262998643412165e-07
da-train-002734,0,1.888889819319387e-07
da-train-002735,0,1.0941526589587162e-07
da-train-002736,0,9.508930080167416e-08
da-train-002737,0,3.3908457205237496e-07
da-train-002738,0,4.357231372054503e-07
da-train-002739,0,3.9894830392348004e-05
da-train-002740,0,9.916888790049509e-07
da-train-002741,0,9.499666300559433e-08
da-train-002742,0,4.857551439100776e-07
da-train-002743,0,0.0005450088934086374
da-train-002744,0,1.4981416403393217e-07
da-train-002745,0,2.415536113440183e-07
da-train-002746,0,3.1283266177929905e-07
da-train-002747,1,0.9929456473463624
da-train-002748,1,0.9468834144919555
da-train-002749,0,0.005448399194009188
da-train-002750,0,1.939840862104697e-07
da-train-002751,0,5.515677493281224e-07
da-train-002752,0,1.2316129641940295e-07
da-train-002753,0,2.415536113440183e-07
da-train-002754,0,5.924329122707593e-07
da-train-002755,0,2.0595259490024716e-07
da-train-002756,0,2.827094796990002e-07
da-train-002757,0,7.883878173665429e-08
da-train-002758,0,4.583166124161497e-07
da-train-002759,0,9.953466572132196e-08
da-train-002760,0,1.1949679760866039e-07
da-train-002761,1,0.9920260408784117
da-train-002762,0,2.9166991077640317e-07
da-train-002763,0,4.5104122114634165e-07
da-train-002764,0,0.00018971234361918432
da-train-002765,0,7.020701282851736e-07
da-train-002766,0,2.232419081410939e-07
da-train-002767,1,0.9918314037900595
da-train-002768,1,0.9917833366293851
da-train-002769,0,3.2364223749426026e-07
da-train-002770,1,0.9876898097125589
da-train-002771,0,0.002840250989568409
da-train-002772,0,3.2639340621472917e-07
da-train-002773,0,1.3653766634004726e-07
da-train-002774,1,0.9929590341009913
da-train-002775,0,0.16435649052825443
da-train-002776,0,1.6753424006020593e-07
da-train-002777,0,3.423750633430996e-07
da-train-002778,0,1.5560380977794875e-07
da-train-002779,0,0.0023379086595947452
da-train-002780,0,3.419240724538846e-07
da-train-002781,0,2.5294556730879265e-07
da-train-002782,0,1.780252806070939e-07
da-train-002783,1,0.9921010486311661
da-train-002784,0,0.031008787580476982
da-train-002785,0,8.588691092624709e-07
da-train-002786,0,0.008407961932829007
da-train-002787,0,0.041159012347713124
da-train-002788,0,4.358175357017524e-06
da-train-002789,0,1.5206054044397076e-07
da-train-002790,0,5.060735354982301e-07
da-train-002791,1,0.9713694672616476
da-train-002792,0,2.550227208897716e-07
da-train-002793,0,8.672819968644711e-08
da-train-002794,0,6.526471615207677e-08
da-train-002795,0,9.620641539690546e-08
da-train-002796,0,0.0012845028876889563
da-train-002797,0,1.476859545374985e-07
da-train-002798,0,3.2248554944771157e-07
da-train-002799,0,0.005358326067649784
da-train-002800,1,0.9241153271657397
da-train-002801,1,0.9918763729421299
da-train-002802,1,0.9921645410021278
da-train-002803,0,7.68982098791225e-07
da-train-002804,0,1.5249397168163157e-07
da-train-002805,0,2.496988090596535e-07
da-train-002806,0,0.0001760650356061457
da-train-002807,0,7.205452730502277e-07
da-train-002808,0,7.772205106702619e-08
da-train-002809,1,0.9916642117098607
da-train-002810,0,0.019009086919121312
da-train-002811,0,4.617550317102974e-07
da-train-002812,0,0.002823244626551202
da-train-002813,0,2.081766280087184e-07
da-train-002814,1,0.9929590341009913
da-train-002815,1,0.9915206123442742
da-train-002816,0,8.871847046013649e-08
da-train-002817,1,0.9917833366293851
da-train-002818,0,1.3853106214356666e-07
da-train-002819,1,0.9926946885670115
da-train-002820,0,1.1671395915610367e-06
da-train-002821,0,1.3851069469993836e-07
da-train-002822,0,9.156259241823905e-07
da-train-002823,0,3.60643719155286e-07
da-train-002824,0,1.9179472384964777e-07
da-train-002825,0,1.0022167677493478e-07
da-train-002826,0,0.9757865185071232
da-train-002827,1,0.9927465810276654
da-train-002828,0,1.7983991800162863e-07
da-train-002829,0,1.734259628020839e-07
da-train-002830,0,4.402127422305972e-07
da-train-002831,0,1.3642896704777774e-07
da-train-002832,0,0.0010105905716078776
da-train-002833,0,1.1493754120580907e-07
da-train-002834,0,2.0594340094987273e-07
da-train-002835,1,0.9924888740624045
da-train-002836,0,5.773652068365618e-07
da-train-002837,0,0.004116019434044718
da-train-002838,0,2.040396999631543e-07
da-train-002839,0,2.1725078664661488e-07
da-train-002840,0,0.0021120302912253108
da-train-002841,0,2.513231575045047e-06
da-train-002842,1,0.9468736243314481
da-train-002843,0,0.0020985785213801043
da-train-002844,0,4.6111783332978197e-07
da-train-002845,0,2.3071989619236818e-07
da-train-002846,0,2.727560279190147e-07
da-train-002847,0,4.824074758226859e-07
da-train-002848,0,0.00936571681184014
da-train-002849,0,3.58571088330706e-07
da-train-002850,0,7.329681672649177e-08
da-train-002851,0,0.0007282059432204644
da-train-002852,0,9.75975797902013e-07
da-train-002853,0,3.62254158505881e-07
da-train-002854,0,4.792321996861386e-07
da-train-002855,0,4.189312382867686e-07
da-train-002856,0,1.9456354863612486e-07
da-train-002857,1,0.9924822354936856
da-train-002858,0,0.2711693126291242
da-train-002859,0,1.3393382535699814e-07
da-train-002860,1,0.9929456473463624
da-train-002861,0,2.592865436734261e-07
da-train-002862,0,2.57811854989919e-07
da-train-002863,1,0.9923109004295111
da-train-002864,0,0.005137137565195349
da-train-002865,0,3.2219537711577233e-07
da-train-002866,0,2.6393363707888907e-07
da-train-002867,0,1.2728218035811384e-07
da-train-002868,0,3.8780213320506575e-07
da-train-002869,0,4.572486002230224e-07
da-train-002870,0,1.0285534658476397e-07
da-train-002871,0,2.8546817004121837e-05
da-train-002872,0,2.6924649043594227e-07
da-train-002873,0,1.20380261303242e-07
da-train-002874,0,4.033700576390325e-07
da-train-002875,0,9.058396262582327e-08
da-train-002876,0,7.226437609006823e-05
da-train-002877,0,9.545870267705614e-08
da-train-002878,0,2.3550113703356093e-07
da-train-002879,0,3.3736239010398466e-08
da-train-002880,0,2.3824593126856055e-07
da-train-002881,0,1.619616695626302e-07
da-train-002882,0,1.7217864148694901e-07
da-train-002883,0,0.014101810722044429
da-train-002884,0,0.00015188835150274434
da-train-002885,0,8.537164426435682e-08
da-train-002886,0,9.319082312479557e-08
da-train-002887,0,6.178086422792932e-07
da-train-002888,0,1.0899231659226624e-07
da-train-002889,0,3.4696096489230186e-07
da-train-002890,1,0.9916820457863159
da-train-002891,1,0.9481762466277419
da-train-002892,0,9.712196274079896e-07
da-train-002893,0,2.790771371997414e-07
da-train-002894,0,3.8357262986419944e-07
da-train-002895,0,0.8759290102824222
da-train-002896,0,1.4781777123603734e-05
da-train-002897,0,5.840082742526218e-06
da-train-002898,0,4.835393742442222e-07
da-train-002899,0,3.356715931426478e-07
da-train-002900,1,0.9917833366293851
da-train-002901,0,5.276797824473569e-07
da-train-002902,0,8.266381011554935e-07
da-train-002903,0,0.0004306893627408195
da-train-002904,0,9.72471718256343e-07
da-train-002905,1,0.9929152037618486
da-train-002906,0,2.3385962542124462e-07
da-train-002907,0,3.9507449234755095e-07
da-train-002908,0,5.972867506815946e-07
da-train-002909,1,0.9915655814963444
da-train-002910,0,1.665760540618052e-07
da-train-002911,0,2.022471421836783e-07
da-train-002912,0,6.173353163813905e-07
da-train-002913,1,0.9921369756356131
da-train-002914,1,0.9924134438155972
da-train-002915,0,3.1283107333732743e-07
da-train-002916,0,1.911647356216898e-07
da-train-002917,0,2.087486441816253e-07
da-train-002918,1,0.9625355800192308
da-train-002919,0,0.006606585086310848
da-train-002920,0,1.3669003830325208e-07
da-train-002921,0,4.6833038815566426e-07
da-train-002922,0,4.0948448648061545e-07
da-train-002923,0,1.8804659572394517e-07
da-train-002924,0,1.6492052593164786e-07
da-train-002925,0,7.389473736172774e-07
da-train-002926,0,0.00720553652929713
da-train-002927,1,0.9924847135682056
da-train-002928,1,0.9922111314030672
da-train-002929,0,0.0005916739117864286
da-train-002930,0,1.4163520078417164e-07
da-train-002931,0,2.2382145358487387e-07
da-train-002932,0,4.7630166018133984e-07
da-train-002933,0,1.3927484969503002e-07
da-train-002934,0,3.406520638618792e-07
da-train-002935,0,1.376177142348407e-07
da-train-002936,0,1.0672098430757895e-07
da-train-002937,1,0.992555126495163
da-train-002938,0,4.229877594194934e-07
da-train-002939,1,0.992625896888923
da-train-002940,0,1.2191333196178506e-06
da-train-002941,0,0.1068530631031284
da-train-002942,0,4.857551439100776e-07
da-train-002943,0,5.66783815974175e-07
da-train-002944,0,2.8226079988746215e-06
da-train-002945,0,2.065315676961042e-07
da-train-002946,0,7.72429519729969e-08
da-train-002947,1,0.9488719923876686
da-train-002948,0,1.8048816429038855e-07
da-train-002949,0,1.3966000567216552e-07
da-train-002950,0,1.577500116581171e-07
da-train-002951,0,1.025882015408862e-06
da-train-002952,1,0.9921314922156799
da-train-002953,0,1.316531490739819e-07
da-train-002954,0,4.4578796635297753e-07
da-train-002955,0,2.9491204886850063e-07
da-train-002956,0,0.006334342772784461
da-train-002957,0,2.9663504834972103e-07
da-train-002958,0,5.891344509304816e-07
da-train-002959,0,1.7799010041642722e-07
da-train-002960,1,0.9915655814963444
da-train-002961,0,0.0029885440582309197
da-train-002962,0,9.736838458392338e-08
da-train-002963,0,5.097580340595465e-07
da-train-002964,0,1.7759142989018042e-07
da-train-002965,0,1.9751260084637584e-06
da-train-002966,0,0.031209897249526452
da-train-002967,1,0.9919669053374154
da-train-002968,0,1.2798320305379592e-07
da-train-002969,0,0.00375327290943954
da-train-002970,0,2.3262435408304178e-07
da-train-002971,0,1.2317528236500893e-05
da-train-002972,1,0.9920560619688725
da-train-002973,0,1.730938361125372e-07
da-train-002974,0,9.526310900982482e-08
da-train-002975,0,1.4340695900382834e-07
da-train-002976,0,1.468933302910428e-06
da-train-002977,0,3.423750633430996e-07
da-train-002978,0,3.018856103344003e-07
da-train-002979,0,3.077576016184681e-07
da-train-002980,1,0.9920941280751704
da-train-002981,0,7.389473736172774e-07
da-train-002982,1,0.9925288258946249
da-train-002983,0,2.2750063354116267e-07
da-train-002984,0,2.1885203667243702e-07
da-train-002985,0,3.0689045142586573e-07
da-train-002986,0,6.469908395899843e-08
da-train-002987,1,0.9913539258940975
da-train-002988,0,7.866145854211381e-07
da-train-002989,0,2.302900499822919e-07
da-train-002990,0,3.6072444001363957e-06
da-train-002991,0,0.003280846260083127
da-train-002992,0,0.000985820798062222
da-train-002993,0,3.5257360741943414e-07
da-train-002994,0,6.182605645395753e-07
da-train-002995,0,1.3168027301181054e-06
da-train-002996,0,2.0235809147769202e-07
da-train-002997,1,0.9922121933511995
da-train-002998,0,9.746638182220264e-08
da-train-002999,0,8.927488774639205e-08
da-train-003000,0,2.6958577554924014e-07
da-train-003001,0,3.594160780449594e-07
da-train-003002,0,2.7161554234245126e-07
da-train-003003,0,1.1610541101542584e-06
da-train-003004,0,8.284817597430001e-07
da-train-003005,0,3.9235981647794064e-07
da-train-003006,0,1.5882468935570098e-07
da-train-003007,0,2.414266039246787e-07
da-train-003008,1,0.9921722415189791
da-train-003009,0,1.1278949853162882e-07
da-train-003010,1,0.9920260408784117
da-train-003011,1,0.11143808496674708
da-train-003012,0,0.014895901519844061
da-train-003013,0,3.7760662331241973e-05
da-train-003014,0,1.708538895250075e-07
da-train-003015,0,4.797168998600344e-07
da-train-003016,0,6.805772113592888e-07
da-train-003017,1,0.9920968881369671
da-train-003018,0,0.0006481712123241587
da-train-003019,0,3.880684979505037e-07
da-train-003020,0,2.272038678349883e-07
da-train-003021,0,4.236788863424482e-07
da-train-003022,0,1.2366621176491505e-07
da-train-003023,0,0.0027018269027196443
da-train-003024,0,5.510887246276283e-07
da-train-003025,0,3.152831711783236e-08
da-train-003026,1,0.9924422836614651
da-train-003027,0,0.0022851352852514876
da-train-003028,0,1.6334042815328048e-07
da-train-003029,1,0.9920970238033927
da-train-003030,0,4.705432835967781e-05
da-train-003031,0,0.0036571281376499647
da-train-003032,0,6.091033026308432e-07
da-train-003033,0,1.607663752375912e-07
da-train-003034,0,2.989768229599197e-06
da-train-003035,1,0.9930905761197613
da-train-003036,0,9.453149969058976e-08
da-train-003037,0,5.8695261651308446e-08
da-train-003038,0,8.715453880565422e-08
da-train-003039,1,0.9919556279514543
da-train-003040,0,1.8230905362468135e-07
da-train-003041,0,0.004238757113182531
da-train-003042,0,0.00835173950122887
da-train-003043,1,0.9921673010639246
da-train-003044,0,2.260472293039262e-06
da-train-003045,1,0.9924422836614651
da-train-003046,1,0.9671284480145251
da-train-003047,1,0.9822309169299359
da-train-003048,0,7.301183019074627e-07
da-train-003049,0,1.0380509141062697e-07
da-train-003050,0,2.909850620708368e-07
da-train-003051,0,1.8165845956373684e-07
da-train-003052,0,8.600719340458456e-08
da-train-003053,0,8.04765943981377e-08
da-train-003054,0,8.023633070622621e-08
da-train-003055,0,1.4356302218867185e-07
da-train-003056,0,2.8469152175232625e-07
da-train-003057,0,2.0871762741685146e-07
da-train-003058,1,0.9923439452890057
da-train-003059,0,1.285584858415907e-07
da-train-003060,0,3.501936145232526e-07
da-train-003061,0,9.632112808438843e-07
da-train-003062,0,2.476980847733803e-07
da-train-003063,0,0.005735260312388464
da-train-003064,0,2.0526788717302876e-07
da-train-003065,0,0.00845804525459284
da-train-003066,0,1.8942443673935773e-07
da-train-003067,0,3.056052312017845e-07
da-train-003068,0,5.500775224150108e-06
da-train-003069,1,0.9917528930448714
da-train-003070,0,1.0481043704773023e-07
da-train-003071,0,6.9032097767815515e-06
da-train-003072,0,1.5253494804877076e-07
da-train-003073,1,0.9924888740624045
da-train-003074,1,0.7251694700605035
da-train-003075,0,1.3450756969449158e-06
da-train-003076,1,0.9789380077284804
da-train-003077,0,4.6991485709656847e-07
da-train-003078,0,2.504763271661979e-07
da-train-003079,0,6.984011271198531e-07
da-train-003080,1,0.9922111314030672
da-train-003081,0,6.295523850541706e-07
da-train-003082,0,2.8792181207798104e-07
da-train-003083,0,1.007571129586312e-06
da-train-003084,0,2.5680751833241324e-07
da-train-003085,0,2.955844100347294e-07
da-train-003086,0,4.927603312869903e-07
da-train-003087,0,2.6838952220075856e-07
da-train-003088,0,0.0026677672545678175
da-train-003089,0,2.6924649043594227e-07
da-train-003090,0,0.0030613993925357103
da-train-003091,0,0.005148036758889863
da-train-003092,1,0.9927027506885229
da-train-003093,1,0.9920968881369671
da-train-003094,0,3.369430844314753e-07
da-train-003095,0,7.699750397593503e-07
da-train-003096,0,3.335245548532097e-07
da-train-003097,1,0.9920260408784117
da-train-003098,1,0.9918364211099094
da-train-003099,0,1.244581221272806e-06
da-train-003100,0,2.2826716988036914e-07
da-train-003101,0,0.0044689802943229
da-train-003102,0,2.095922805956523e-07
da-train-003103,1,0.7119858310582498
da-train-003104,0,2.164146899709687e-06
da-train-003105,1,0.992555126495163
da-train-003106,0,3.423750633430996e-07
da-train-003107,0,4.951809258952179e-07
da-train-003108,0,3.8294946879239535e-07
da-train-003109,0,2.1610697266891443e-07
da-train-003110,1,0.7524355626237392
da-train-003111,0,8.518242356650727e-08
da-train-003112,0,2.391054665193495e-07
da-train-003113,0,4.1366174275850406e-07
da-train-003114,1,0.9925793064879836
da-train-003115,0,7.999986070412031e-08
da-train-003116,0,0.013827566576980768
da-train-003117,1,0.9919534244378062
da-train-003118,1,0.9517249386622201
da-train-003119,0,2.2774260006719495e-07
da-train-003120,0,3.0575734214464305e-08
da-train-003121,0,1.285584858415907e-07
da-train-003122,1,0.9924134438155972
da-train-003123,0,1.4928728133580936e-06
da-train-003124,0,2.976875720162426e-06
da-train-003125,1,0.9921410004633865
da-train-003126,0,5.19841631461302e-07
da-train-003127,0,3.1094236455397093e-07
da-train-003128,0,1.280191673743616e-07
da-train-003129,0,1.0022167677493478e-07
da-train-003130,0,2.871776463093745e-07
da-train-003131,0,1.48383329174031e-06
da-train-003132,1,0.9918779941909989
da-train-003133,0,1.1816068168922501e-07
da-train-003134,0,1.779170513445807e-07
da-train-003135,0,0.1887077362051959
da-train-003136,0,3.4368601211126923e-07
da-train-003137,0,5.891344509304816e-07
da-train-003138,1,0.9914197558328031
da-train-003139,0,8.413716875918715e-06
da-train-003140,0,3.039688030880713e-07
da-train-003141,0,5.39288945629975e-07
da-train-003142,0,2.0054044620162518e-07
da-train-003143,0,1.4727239610933438e-07
da-train-003144,0,1.9251968562320237e-07
da-train-003145,0,1.0811964454068523e-07
da-train-003146,0,2.567077272991461e-06
da-train-003147,0,0.007260453924390533
da-train-003148,1,0.9016659474326799
da-train-003149,1,0.9929590341009913
da-train-003150,0,1.218225427267077e-07
da-train-003151,1,0.9930439857188219
da-train-003152,0,2.5541392431057245e-06
da-train-003153,1,0.9842772481406868
da-train-003154,0,8.338469273532895e-07
da-train-003155,0,4.675349528126753e-08
da-train-003156,0,4.0399613523630575e-07
da-train-003157,0,2.0065729408247234e-07
da-train-003158,1,0.9924422836614651
da-train-003159,0,1.3329060391219282e-07
da-train-003160,0,3.2431401368740077e-07
da-train-003161,0,2.065315676961042e-07
da-train-003162,0,1.210856849799129e-07
da-train-003163,1,0.9922111314030672
da-train-003164,0,2.1556917816115257e-07
da-train-003165,0,5.686853685071541e-07
da-train-003166,0,1.0321027373777565e-06
da-train-003167,0,3.2693373225386823e-07
da-train-003168,0,1.4756175320503847e-07
da-train-003169,1,0.9238109880058268
da-train-003170,0,8.435909045246015e-08
da-train-003171,0,5.668011297151481e-07
da-train-003172,0,2.5379670162620824e-07
da-train-003173,0,6.48836308421366e-07
da-train-003174,1,0.9924847135682056
da-train-003175,0,3.761129504176187e-06
da-train-003176,0,0.00035064201916510675
da-train-003177,0,2.0595259490024716e-07
da-train-003178,1,0.12219107518498329
da-train-003179,1,0.9921407184761097
da-train-003180,0,5.891344509304816e-07
da-train-003181,1,0.9923081403677144
da-train-003182,0,5.154807625038809e-07
da-train-003183,0,0.0016888153336195647
da-train-003184,0,2.1054391642187738e-07
da-train-003185,0,1.6518715142882909e-06
da-train-003186,1,0.9263506100948234
da-train-003187,0,4.4262902644621156e-07
da-train-003188,0,3.0968548050929865e-07
da-train-003189,0,2.374691226327267e-07
da-train-003190,0,7.91456620110623e-07
da-train-003191,1,0.99256149050301
da-train-003192,0,1.0245864741192512e-06
da-train-003193,1,0.9915679381866416
da-train-003194,1,0.9913489085742476
da-train-003195,0,7.389473736172774e-07
da-train-003196,0,1.2924892484582932e-07
da-train-003197,0,2.931134821042355e-07
da-train-003198,0,3.572840983262291e-06
da-train-003199,1,0.9648073175513828
da-train-003200,0,0.006794226118873269
da-train-003201,0,6.528343940480759e-07
da-train-003202,0,7.489823456265346e-08
da-train-003203,0,2.2903828770690588e-07
da-train-003204,0,5.284211572753631e-07
da-train-003205,0,3.1706012629097783e-07
da-train-003206,0,4.4450289491171096e-07
da-train-003207,0,0.0009968188233822534
da-train-003208,0,2.239482331641549e-07
da-train-003209,0,1.5590880462085127e-07
da-train-003210,0,3.948954949698897e-07
da-train-003211,0,0.005914003427098478
da-train-003212,1,0.9727157376768542
da-train-003213,0,2.183458477678639e-07
da-train-003214,0,7.258750539098334e-07
da-train-003215,0,1.355524482237037e-07
da-train-003216,0,6.483193860996271e-07
da-train-003217,0,1.431270901036325e-07
da-train-003218,0,0.005323505372967538
da-train-003219,0,6.434577385758773e-07
da-train-003220,0,1.884050686197806e-07
da-train-003221,0,3.1094236455397093e-07
da-train-003222,0,0.0011925129483032967
da-train-003223,0,6.066806315727138e-07
da-train-003224,0,7.288699541506036e-08
da-train-003225,0,2.9748003806397435e-07
da-train-003226,0,8.332228245804849e-07
da-train-003227,0,1.243208605208686e-07
da-train-003228,0,5.985111064026799e-07
da-train-003229,0,1.6973390979019161e-06
da-train-003230,0,1.0569306591985864e-06
da-train-003231,0,5.744175191453284e-07
da-train-003232,0,3.081179886997943e-07
da-train-003233,0,3.616332743021446e-07
da-train-003234,1,0.991997348921929
da-train-003235,0,0.003945022087634019
da-train-003236,0,2.871032902100598e-07
da-train-003237,0,6.209540560958699e-07
da-train-003238,0,1.5171527642268866e-07
da-train-003239,0,4.0183941855423897e-07
da-train-003240,0,2.2316166241356634e-07
da-train-003241,0,1.2837016204010077e-07
da-train-003242,0,1.5970610029332423e-07
da-train-003243,0,1.6086916426531036e-06
da-train-003244,1,0.9933030291930871
da-train-003245,0,6.919085800546094e-07
da-train-003246,0,0.00016255584471391873
da-train-003247,0,2.862623323583691e-07
da-train-003248,0,2.500490878199148e-07
da-train-003249,0,0.006540342757464267
da-train-003250,0,4.151772236770149e-07
da-train-003251,0,2.2826716988036914e-07
da-train-003252,0,1.1916906856687075e-07
da-train-003253,1,0.9919229633430691
da-train-003254,0,3.731726377203345e-07
da-train-003255,1,0.9919933762700266
da-train-003256,0,0.013563709916355448
da-train-003257,0,6.144028767238203e-08
da-train-003258,0,3.672639572754828e-07
da-train-003259,0,0.0020638321416628753
da-train-003260,1,0.991635994423302
da-train-003261,0,4.269274950937253e-07
da-train-003262,1,0.9914925079398342
da-train-003263,0,6.634830362327107e-08
da-train-003264,1,0.99256149050301
da-train-003265,0,0.003004082822061282
da-train-003266,0,2.0735336704377252e-07
da-train-003267,0,4.174782677842457e-07
da-train-003268,0,9.378381996046692e-08
da-train-003269,0,2.3600718609232893e-06
da-train-003270,0,3.541957433739342e-07
da-train-003271,0,3.7139943828046084e-07
da-train-003272,0,0.005204532860808807
da-train-003273,0,1.305386348164079e-07
da-train-003274,0,1.0180593281256385e-05
da-train-003275,0,0.8540483004978218
da-train-003276,1,0.992313501704492
da-train-003277,0,2.4911224199052494e-05
da-train-003278,0,2.275320034478876e-06
da-train-003279,0,1.0649950972334503e-07
da-train-003280,0,6.838620601901487e-07
da-train-003281,0,2.0594340094987273e-07
da-train-003282,1,0.8851969253830858
da-train-003283,0,1.6697696528985973e-06
da-train-003284,1,0.9515357366455457
da-train-003285,0,5.872328983975024e-07
da-train-003286,1,0.9916116328593585
da-train-003287,0,5.315529658053505e-07
da-train-003288,0,2.2306139014140556e-07
da-train-003289,0,4.4220476945990444e-07
da-train-003290,0,8.064639839542646e-08
da-train-003291,1,0.9691541131092669
da-train-003292,0,1.1011342929692801e-06
da-train-003293,0,7.574822428017258e-07
da-train-003294,0,0.9919597884456532
da-train-003295,0,0.005382118941754437
da-train-003296,0,0.00429368466569172
da-train-003297,0,0.005909778617892102
da-train-003298,0,2.301868285407054e-07
da-train-003299,0,1.8942677643970057e-07
da-train-003300,0,1.3327174148639728e-07
da-train-003301,0,1.8834507559807814e-06
da-train-003302,1,0.9927465810276654
da-train-003303,0,1.0028470594241211e-06
da-train-003304,0,2.5531461921530164e-07
da-train-003305,0,4.160807633192843e-07
da-train-003306,0,4.7025090152113427e-07
da-train-003307,0,1.7309244009989743e-07
da-train-003308,0,2.808109783939315e-07
da-train-003309,1,0.9572567162650486
da-train-003310,0,1.1281402215904045e-07
da-train-003311,0,3.8357262986419944e-07
da-train-003312,0,2.5672798742753157e-07
da-train-003313,0,4.4139973378327387e-07
da-train-003314,1,0.9926521354598101
da-train-003315,0,4.0530935196560416e-07
da-train-003316,0,2.5294556730879265e-07
da-train-003317,0,1.6669794930072645e-07
da-train-003318,0,9.758512354724372e-07
da-train-003319,0,1.748299972314466e-06
da-train-003320,1,0.9503992434764822
da-train-003321,0,7.980004425475898e-08
da-train-003322,0,2.550227208897716e-07
da-train-003323,0,1.1433753138808258e-05
da-train-003324,1,0.9921977446484384
da-train-003325,0,2.401162926636954e-07
da-train-003326,0,3.464564762071487e-07
da-train-003327,0,8.052205015219502e-05
da-train-003328,0,0.0032626226164141257
da-train-003329,0,6.782331024685957e-08
da-train-003330,0,3.284494946923788e-07
da-train-003331,0,6.48836308421366e-07
da-train-003332,0,3.2570600367305675e-07
da-train-003333,0,9.166179258115525e-08
da-train-003334,0,1.3379622119985737e-07
da-train-003335,0,3.377321061494276e-07
da-train-003336,0,0.05544480333665099
da-train-003337,0,2.2613034265305742e-07
da-train-003338,0,7.696152263229018e-07
da-train-003339,0,5.27545213502651e-07
da-train-003340,0,6.091033026308432e-07
da-train-003341,1,0.14514795686872597
da-train-003342,0,9.81949722470635e-07
da-train-003343,1,0.9461948564418964
da-train-003344,1,0.9917091983721544
da-train-003345,0,3.6081195197016406e-07
da-train-003346,1,0.9924847135682056
da-train-003347,0,2.1518630393576824e-07
da-train-003348,0,0.008567644713166922
da-train-003349,0,5.760217735391383e-08
da-train-003350,0,2.0007490874751622e-07
da-train-003351,1,0.9915351379118308
da-train-003352,0,2.9166991077640317e-07
da-train-003353,1,0.9923891991809408
da-train-003354,0,0.03957918042898206
da-train-003355,0,0.0006323002387073202
da-train-003356,0,5.96141133187699e-08
da-train-003357,0,7.448591043263925e-07
da-train-003358,0,0.0038602856032989414
da-train-003359,0,0.016868400734402704
da-train-003360,0,0.024636376359319524
da-train-003361,0,1.0471665429108674e-07
da-train-003362,0,3.3598889803146723e-07
da-train-003363,0,2.102088366681756e-07
da-train-003364,0,2.284900676648265e-07
da-train-003365,0,8.667642173188669e-08
da-train-003366,0,6.115774006236715e-07
da-train-003367,0,4.174922120796547e-07
da-train-003368,0,2.1505608319690858e-07
da-train-003369,0,5.810016567418807e-07
da-train-003370,0,1.7739291540654388e-07
da-train-003371,0,2.39598593719281e-07
da-train-003372,0,9.188311689312563e-07
da-train-003373,0,0.0015424748613944881
da-train-003374,0,1.261890614703825e-07
da-train-003375,0,7.687563441625916e-08
da-train-003376,0,7.451566022512656e-07
da-train-003377,0,8.149049937751658e-07
da-train-003378,0,2.5672798742753157e-07
da-train-003379,0,2.1277794752959586e-05
da-train-003380,1,0.6545758381637806
da-train-003381,0,4.846060334696307e-07
da-train-003382,0,9.417964063225462e-07
da-train-003383,0,1.8806520838501292e-07
da-train-003384,0,0.002086312579237763
da-train-003385,0,8.179452522006895e-08
da-train-003386,0,2.2630637135099342e-07
da-train-003387,0,8.224238231309077e-08
da-train-003388,1,0.99242994848424
da-train-003389,0,4.824074758226859e-07
da-train-003390,0,1.201751064655422e-06
da-train-003391,0,4.4220476945990444e-07
da-train-003392,0,1.4142862839560215e-07
da-train-003393,0,9.54173500902955e-07
da-train-003394,0,6.114336041399385e-07
da-train-003395,0,1.0112718244304397e-07
da-train-003396,0,0.0004337172567140366
da-train-003397,0,0.008697876689386179
da-train-003398,1,0.9924822354936856
da-train-003399,0,2.8125194254179235e-07
da-train-003400,0,5.985111064026799e-07
da-train-003401,0,1.5978278059327473e-07
da-train-003402,0,1.8230905362468135e-07
da-train-003403,1,0.9921407184761097
da-train-003404,0,8.341444252781626e-07
da-train-003405,0,1.2849436337256086e-07
da-train-003406,0,4.930678200837849e-07
da-train-003407,0,1.3851069469993836e-07
da-train-003408,0,2.1076291070045766e-07
da-train-003409,1,0.9933030291930871
da-train-003410,0,1.5249397168163157e-07
da-train-003411,0,2.3262435408304178e-07
da-train-003412,0,6.222257795777095e-06
da-train-003413,0,5.328439327594138e-07
da-train-003414,0,2.403692974760163e-06
da-train-003415,0,1.4082971992511545e-07
da-train-003416,0,3.122534697047723e-07
da-train-003417,0,9.995699968091203e-08
da-train-003418,0,9.742953499592277e-08
da-train-003419,0,2.257712795323214e-05
da-train-003420,0,3.8822935134366716e-07
da-train-003421,1,0.9915655814963444
da-train-003422,0,6.503409737942406e-08
da-train-003423,0,3.501936145232526e-07
da-train-003424,0,0.0028930258407901983
da-train-003425,0,0.0025172426049506215
da-train-003426,0,1.2647521061576706e-06
da-train-003427,0,5.610970499003721e-07
da-train-003428,0,1.3988232354013977e-07
da-train-003429,1,0.9926946885670115
da-train-003430,1,0.9913539258940975
da-train-003431,1,0.9199986322494196
da-train-003432,0,5.89511663050625e-07
da-train-003433,0,2.429960371031164e-06
da-train-003434,0,1.3180495698477597e-07
da-train-003435,0,1.6369610079850918e-06
da-train-003436,0,1.5076932024963682e-07
da-train-003437,0,4.6500364046157453e-07
da-train-003438,1,0.9924134438155972
da-train-003439,0,8.276795440465424e-08
da-train-003440,0,1.3494004720336348e-07
da-train-003441,0,1.5859307476845394e-06
da-train-003442,0,7.912890920919095e-08
da-train-003443,0,3.622175424141394e-07
da-train-003444,1,0.9920260408784117
da-train-003445,0,0.0010539642204389842
da-train-003446,0,1.0959819222086088e-06
da-train-003447,0,1.4815647078826644e-07
da-train-003448,0,2.065315676961042e-07
da-train-003449,0,2.946681322460118e-07
da-train-003450,0,1.9626567017978066e-07
da-train-003451,0,1.5474403938864136e-07
da-train-003452,0,3.5601124675928435e-07
da-train-003453,0,8.564260981727787e-07
da-train-003454,0,0.0011004655322309031
da-train-003455,0,5.975516024732992e-08
da-train-003456,0,1.4456987352824963e-07
da-train-003457,0,1.7060343315377638e-06
da-train-003458,0,1.0501311341868403e-07
da-train-003459,1,0.99242994848424
da-train-003460,1,0.20999723495510128
da-train-003461,0,4.6111783332978197e-07
da-train-003462,0,1.8305054234636908e-07
da-train-003463,0,1.3049358497251622e-07
da-train-003464,1,0.9918075812640414
da-train-003465,0,1.8797604909516675e-07
da-train-003466,0,3.859469399340167e-07
da-train-003467,0,1.86130474824653e-06
da-train-003468,0,6.12051772740824e-06
da-train-003469,1,0.9921314922156799
da-train-003470,1,0.980541904237639
da-train-003471,0,6.884836131852793e-08
da-train-003472,0,1.826332540169207e-06
da-train-003473,0,1.030601240176794e-06
da-train-003474,0,2.0544317050363743e-07
da-train-003475,0,1.9658502983014603e-07
da-train-003476,0,3.7170737236555214e-07
da-train-003477,0,2.6924786148585135e-07
da-train-003478,0,2.1891555622088158e-07
da-train-003479,0,3.397604937616514e-07
da-train-003480,0,1.3613314542140378e-06
da-train-003481,0,3.265509933873101e-07
da-train-003482,0,0.0001143347593392004
da-train-003483,0,2.871032902100598e-07
da-train-003484,0,5.193894599647698e-07
da-train-003485,1,0.9927331942730366
da-train-003486,1,0.9915256296641242
da-train-003487,0,7.528589328309567e-08
da-train-003488,0,4.5085885278697875e-07
da-train-003489,0,6.945973007276197e-08
da-train-003490,0,0.008074967520273165
da-train-003491,1,0.9932564387921478
da-train-003492,1,0.9926999906267261
da-train-003493,0,2.0157218189176676e-07
da-train-003494,0,1.7630351062228108e-07
da-train-003495,0,8.432178504179125e-08
da-train-003496,0,3.4696096489230186e-07
da-train-003497,0,1.9576690062986404e-07
da-train-003498,0,0.4827976631180088
da-train-003499,0,5.354947281779547e-07
da-train-003500,0,4.0070627239169776e-07
da-train-003501,1,0.9921977446484384
da-train-003502,0,2.9982285573322775e-07
da-train-003503,0,5.431908501405449e-07
da-train-003504,1,0.9914501994173168
da-train-003505,0,4.256247482957824e-07
da-train-003506,0,0.00125969698158788
da-train-003507,0,1.0203002720708607e-07
da-train-003508,0,5.607109381391398e-06
da-train-003509,0,2.4650550463447045e-07
da-train-003510,0,1.4808250677472095e-07
da-train-003511,0,0.0005123447995197298
da-train-003512,1,0.9917833366293851
da-train-003513,0,0.00018793938226442091
da-train-003514,0,1.0902796354770588e-06
da-train-003515,0,1.244457976412313e-07
da-train-003516,0,6.178086422792932e-07
da-train-003517,0,3.4156777865199667e-07
da-train-003518,0,0.013084036710117907
da-train-003519,1,0.9915679381866416
da-train-003520,0,8.360394085385477e-07
da-train-003521,0,1.2786793605541308e-07
da-train-003522,0,0.008218940201129862
da-train-003523,1,0.9925288258946249
da-train-003524,0,0.0026798446480718364
da-train-003525,0,3.981869528278226e-07
da-train-003526,0,3.801028333780708e-07
da-train-003527,0,0.0072592867296552704
da-train-003528,0,3.295017214493419e-07
da-train-003529,0,2.8967127940553355e-07
da-train-003530,0,7.699750397593503e-07
da-train-003531,0,0.6440070848877161
da-train-003532,1,0.7191595896106445
da-train-003533,0,2.1157530891581233e-07
da-train-003534,0,8.526739717158606e-07
da-train-003535,0,8.139126012528888e-07
da-train-003536,0,1.4905506270355564e-07
da-train-003537,0,1.3327174148639728e-07
da-train-003538,0,1.5637034611715525e-07
da-train-003539,0,1.780252806070939e-07
da-train-003540,1,0.9919669053374154
da-train-003541,0,3.122534697047723e-07
da-train-003542,0,0.09035347140600745
da-train-003543,0,3.0061245153945574e-07
da-train-003544,0,3.8940454181980723e-07
da-train-003545,0,1.9432337132376758e-07
da-train-003546,0,1.6166287036065456e-06
da-train-003547,1,0.7438203464593358
da-train-003548,0,3.356715931426478e-07
da-train-003549,0,2.2831183718819955e-07
da-train-003550,1,0.9927013271357303
da-train-003551,0,3.792995068600595e-07
da-train-003552,0,1.60256215374662e-07
da-train-003553,0,4.1313664023536673e-07
da-train-003554,1,0.9923587555964271
da-train-003555,0,3.1266086859916926e-07
da-train-003556,0,1.59357568592369e-07
da-train-003557,0,2.7854261854360364e-07
da-train-003558,0,2.505073439309717e-07
da-train-003559,1,0.99256149050301
da-train-003560,0,7.660138185454947e-08
da-train-003561,1,0.9923587555964271
da-train-003562,0,0.003901399524397085
da-train-003563,0,2.526894534198743e-07
da-train-003564,1,0.9924134438155972
da-train-003565,0,9.241030239073938e-08
da-train-003566,1,0.31784371070812784
da-train-003567,0,0.011056072642982598
da-train-003568,1,0.9101558864402853
da-train-003569,0,0.001928928834091931
da-train-003570,1,0.9130773717353963
da-train-003571,0,2.9897600684122607e-07
da-train-003572,0,4.0948448648061545e-07
da-train-003573,0,0.005436296289673809
da-train-003574,1,0.991424338821055
da-train-003575,0,2.0660209812434827e-07
da-train-003576,0,3.047543579779808e-07
da-train-003577,0,3.1598660360433024e-07
da-train-003578,1,0.9917609908631021
da-train-003579,0,5.603243956311293e-05
da-train-003580,0,9.499666300559433e-08
da-train-003581,0,5.924329122707593e-07
da-train-003582,0,3.6707239755076436e-07
da-train-003583,0,4.857551439100776e-07
da-train-003584,0,4.343867531629603e-06
da-train-003585,0,6.026288589935839e-07
da-train-003586,0,1.8980405407819452e-07
da-train-003587,1,0.9915679381866416
da-train-003588,0,0.0009560877763688317
da-train-003589,1,0.9921314922156799
da-train-003590,0,0.009398692710997296
da-train-003591,0,9.061315733672275e-06
da-train-003592,0,1.1640886597954144e-07
da-train-003593,1,0.948324266876707
da-train-003594,0,0.002948140105449652
da-train-003595,0,0.0028477577174548505
da-train-003596,0,7.647750258860936e-07
da-train-003597,0,0.003574622343730269
da-train-003598,0,3.749559811168293e-07
da-train-003599,0,3.8357262986419944e-07
da-train-003600,0,1.448868831697691e-07
da-train-003601,0,3.097134793970596e-07
da-train-003602,0,1.6968579618027916e-07
da-train-003603,0,6.414031385191973e-07
da-train-003604,0,1.60256215374662e-07
da-train-003605,1,0.9923547307686537
da-train-003606,0,2.401162926636954e-07
da-train-003607,0,6.842405731779732e-07
da-train-003608,0,4.042645229381101e-07
da-train-003609,1,0.9916078900188618
da-train-003610,0,1.8228400600716258e-07
da-train-003611,0,5.087453114395861e-07
da-train-003612,0,1.126192693326345e-07
da-train-003613,0,1.4280363442791396e-07
da-train-003614,0,4.3455764155173414e-07
da-train-003615,0,2.1227095158975004e-07
da-train-003616,0,1.6962998686884804e-07
da-train-003617,1,0.9914951860796104
da-train-003618,0,7.043574682262431e-07
da-train-003619,0,1.4126611391011141e-07
da-train-003620,0,1.3295109864760708e-07
da-train-003621,0,1.0309906681510995e-07
da-train-003622,0,0.011670327195462312
da-train-003623,0,2.328253160190728e-06
da-train-003624,0,2.0082043731194878e-07
da-train-003625,0,5.89511663050625e-07
da-train-003626,0,0.016277108415497874
da-train-003627,0,0.002176649986064981
da-train-003628,0,4.1784719188822233e-07
da-train-003629,0,6.579919779185631e-07
da-train-003630,0,2.2903828770690588e-07
da-train-003631,0,0.007773575269467754
da-train-003632,0,9.78355425115039e-08
da-train-003633,1,0.9918779941909989
da-train-003634,0,0.0009705005860475936
da-train-003635,0,0.0013126494039572677
da-train-003636,0,4.834633147318519e-07
da-train-003637,0,1.3852579896471165e-07
da-train-003638,0,9.873885503813508e-08
da-train-003639,0,0.001521189896822808
da-train-003640,0,4.6325627609980385e-07
da-train-003641,0,0.008223442027350744
da-train-003642,1,0.9929152037618486
da-train-003643,0,2.382377501334644e-06
da-train-003644,1,0.9923587555964271
da-train-003645,0,1.0686678076866637e-07
da-train-003646,1,0.99256149050301
da-train-003647,0,2.1321939663648068e-07
da-train-003648,0,4.786447561923927e-07
da-train-003649,0,5.537988284170362e-07
da-train-003650,0,0.0032058870330931247
da-train-003651,0,5.5335505844739845e-06
da-train-003652,0,1.0128763751048142e-06
da-train-003653,0,0.005448399194009188
da-train-003654,0,0.024109481493756173
da-train-003655,0,4.658203367234125e-07
da-train-003656,0,0.003516539446074969
da-train-003657,0,0.015665491345071655
da-train-003658,0,8.868634124455399e-07
da-train-003659,0,0.0035390912898351696
da-train-003660,0,5.506435023567621e-07
da-train-003661,0,8.780657441920243e-07
da-train-003662,0,1.4635904820060843e-07
da-train-003663,1,0.9644485826106387
da-train-003664,0,0.00015722038391993083
da-train-003665,0,1.9941629193759659e-07
da-train-003666,0,3.423750633430996e-07
da-train-003667,0,0.006530184524171229
da-train-003668,0,2.2831183718819955e-07
da-train-003669,1,0.9919068340368669
da-train-003670,0,9.428859806744487e-07
da-train-003671,1,0.9930905761197613
da-train-003672,1,0.9926521354598101
da-train-003673,0,1.716993772938308e-07
da-train-003674,1,0.9926946885670115
da-train-003675,0,3.1455493355650093e-07
da-train-003676,0,6.545506277552487e-07
da-train-003677,0,1.5249397168163157e-07
da-train-003678,0,3.476256253277789e-07
da-train-003679,0,4.3822783856084875e-07
da-train-003680,0,8.927488774639205e-08
da-train-003681,1,0.9924381231672662
da-train-003682,0,1.939613349894176e-07
da-train-003683,0,1.365812133989426e-07
da-train-003684,1,0.9914901687597605
da-train-003685,1,0.9552011272939355
da-train-003686,0,7.361425935689523e-08
da-train-003687,1,0.9925793064879836
da-train-003688,0,6.708587564531661e-08
da-train-003689,0,6.661323169009136e-07
da-train-003690,1,0.9918256451519025
da-train-003691,1,0.9925712086697529
da-train-003692,0,3.2063944050942716e-06
da-train-003693,0,1.4654836445795013e-07
da-train-003694,0,9.45732267849464e-07
da-train-003695,0,1.1896183431406498e-06
da-train-003696,1,0.9915206123442742
da-train-003697,0,4.042076645658611e-07
da-train-003698,0,1.3962406850823994e-05
da-train-003699,0,8.430104348648124e-08
da-train-003700,0,1.1818846291011215e-07
da-train-003701,1,0.9769423886491649
da-train-003702,1,0.9923413440140249
da-train-003703,0,3.365165828569012e-07
da-train-003704,0,1.128418033799276e-07
da-train-003705,0,2.7450762397922625e-07
da-train-003706,0,2.1222552490733969e-07
da-train-003707,0,2.2826716988036914e-07
da-train-003708,0,5.885574551251849e-07
da-train-003709,1,0.9917609908631021
da-train-003710,0,3.0501411059914604e-07
da-train-003711,0,8.472202013697511e-07
da-train-003712,0,0.0014338522668837464
da-train-003713,0,1.6985893377462903e-06
da-train-003714,0,1.9288194015066258e-07
da-train-003715,0,9.058396262582327e-08
da-train-003716,0,1.244457976412313e-07
da-train-003717,0,3.132365059189173e-07
da-train-003718,0,2.436256235453569e-07
da-train-003719,0,7.999986070412031e-08
da-train-003720,1,0.9921273317214808
da-train-003721,0,1.0451033482129975e-07
da-train-003722,0,2.1408610389730787e-06
da-train-003723,0,0.08687936720936405
da-train-003724,1,0.991997348921929
da-train-003725,0,2.0420278267380873e-05
da-train-003726,0,3.880684979505037e-07
da-train-003727,0,6.078338662257677e-08
da-train-003728,0,3.6150219990936683e-07
da-train-003729,0,1.4214362645303591e-07
da-train-003730,0,1.2688890017233698e-07
da-train-003731,0,2.7346482826543816e-07
da-train-003732,0,0.0036575457761569134
da-train-003733,1,0.6461775225189529
da-train-003734,0,5.981124087735653e-06
da-train-003735,0,2.218753402607892e-07
da-train-003736,0,2.717161294418868e-06
da-train-003737,0,2.2152373597566232e-07
da-train-003738,0,3.295017214493419e-07
da-train-003739,1,0.9924888740624045
da-train-003740,0,2.946681322460118e-07
da-train-003741,1,0.9925712086697529
da-train-003742,0,9.778717860324589e-07
da-train-003743,0,3.600081919036363e-07
da-train-003744,0,6.4938530318412725e-06
da-train-003745,0,4.543888892337333e-07
da-train-003746,0,5.09356461577367e-07
da-train-003747,0,1.738266466175486e-06
da-train-003748,0,0.01703324269778182
da-train-003749,0,1.1190372149544117e-07
da-train-003750,0,3.419240724538846e-07
da-train-003751,1,0.9195751176597323
da-train-003752,1,0.9929456473463624
da-train-003753,1,0.9915206123442742
da-train-003754,1,0.9926999906267261
da-train-003755,0,3.423284829571251e-07
da-train-003756,0,4.7216981102146723e-07
da-train-003757,0,2.4660323587000258e-06
da-train-003758,0,6.372264969202557e-07
da-train-003759,0,5.137792370614177e-07
da-train-003760,0,3.1283266177929905e-07
da-train-003761,0,7.544494266524178e-08
da-train-003762,0,2.6839059862517663e-07
da-train-003763,0,2.946910652226613e-07
da-train-003764,0,1.044299178928471e-07
da-train-003765,1,0.9914501994173168
da-train-003766,1,0.9914901687597605
da-train-003767,0,3.039688030880713e-07
da-train-003768,0,2.1505608319690858e-07
da-train-003769,0,0.009255081107677442
da-train-003770,0,1.3920621542619082e-06
da-train-003771,1,0.9917491502043747
da-train-003772,0,9.961508264977462e-08
da-train-003773,0,6.597506416285056e-07
da-train-003774,0,1.5205478168727443e-07
da-train-003775,0,3.718193450195676e-05
da-train-003776,0,4.001290419331321e-07
da-train-003777,0,2.1725078664661488e-07
da-train-003778,0,0.001287928412272478
da-train-003779,1,0.9921407184761097
da-train-003780,0,6.93716284083245e-08
da-train-003781,0,0.19117057974130516
da-train-003782,0,1.3915169676785782e-07
da-train-003783,0,0.001806154711550709
da-train-003784,0,3.503642632954237e-08
da-train-003785,0,5.060735354982301e-07
da-train-003786,0,5.89511663050625e-07
da-train-003787,0,6.838620601901487e-07
da-train-003788,0,3.232702716958449e-07
da-train-003789,0,0.003691254357573153
da-train-003790,0,0.1477115275534976
da-train-003791,0,5.687347420395214e-07
da-train-003792,1,0.9914197558328031
da-train-003793,0,1.2152391165713808e-07
da-train-003794,0,2.438964420563677e-07
da-train-003795,1,0.9923081403677144
da-train-003796,1,0.9733754343008965
da-train-003797,0,1.388559084927111e-07
da-train-003798,0,7.214994809756677e-07
da-train-003799,1,0.9913539258940975
da-train-003800,0,0.001943972323446057
da-train-003801,0,1.4082801783018748e-07
da-train-003802,0,1.7125988095579767e-07
da-train-003803,1,0.7483265395412628
da-train-003804,0,3.6820082870797695e-08
da-train-003805,0,2.4984439504135085e-07
da-train-003806,1,0.9919597884456532
da-train-003807,0,3.1911518107371516e-07
da-train-003808,0,1.5857364316817906e-06
da-train-003809,0,1.7739291540654388e-07
da-train-003810,0,6.344322934810261e-07
da-train-003811,0,6.231540854758486e-07
da-train-003812,0,4.3632130349475967e-07
da-train-003813,0,1.2758799536631107e-07
da-train-003814,0,2.5778083822514516e-07
da-train-003815,0,5.131268364216401e-07
da-train-003816,1,0.991635994423302
da-train-003817,0,0.005914941783446498
da-train-003818,0,4.1022176519732235e-08
da-train-003819,0,6.008034835652203e-07
da-train-003820,0,3.86635275232124e-08
da-train-003821,0,8.116782369151109e-08
da-train-003822,0,3.3683388774572055e-07
da-train-003823,0,8.119880334790351e-07
da-train-003824,0,2.513231575045047e-06
da-train-003825,0,0.0029339399657826396
da-train-003826,0,2.224753718018874e-07
da-train-003827,0,3.826766826831239e-07
da-train-003828,1,0.487121684564628
da-train-003829,0,3.989593123719429e-07
da-train-003830,0,1.787991536826951e-05
da-train-003831,1,0.9926521354598101
da-train-003832,0,2.2382145358487387e-07
da-train-003833,0,5.66783815974175e-07
da-train-003834,0,6.919085800546094e-07
da-train-003835,0,0.0009252863757571531
da-train-003836,1,0.9401540260928747
da-train-003837,0,2.693806558931367e-07
da-train-003838,0,5.4962595649030665e-08
da-train-003839,0,5.599639881490402e-06
da-train-003840,0,1.4163029348835112e-06
da-train-003841,0,1.0531120723224317e-06
da-train-003842,0,5.760217735391383e-08
da-train-003843,0,7.039974620941755e-07
da-train-003844,0,8.976756609557519e-08
da-train-003845,0,2.5016662708049065e-07
da-train-003846,0,1.1794778607167718e-06
da-train-003847,0,1.4333269963132253e-07
da-train-003848,1,0.9917091983721544
da-train-003849,0,1.435386049548517e-07
da-train-003850,0,2.223881959503812e-07
da-train-003851,0,3.397604937616514e-07
da-train-003852,1,0.9919750031556461
da-train-003853,0,4.255996490820594e-08
da-train-003854,0,2.2474299862686786e-07
da-train-003855,0,2.876945707801121e-07
da-train-003856,0,2.2940288745566653e-07
da-train-003857,1,0.9920968881369671
da-train-003858,0,4.66282169453113e-07
da-train-003859,0,4.1723228459042306e-07
da-train-003860,0,1.1047267738862325e-07
da-train-003861,0,5.334857542074741e-07
da-train-003862,0,1.3927484969503002e-07
da-train-003863,0,2.0054044620162518e-07
da-train-003864,0,9.450818363333996e-07
da-train-003865,0,0.001995250481289249
da-train-003866,0,0.0021832987306710304
da-train-003867,0,2.630568513846446e-06
da-train-003868,0,5.183623908612246e-07
da-train-003869,0,0.0021331634727394665
da-train-003870,0,1.0252092922102548e-07
da-train-003871,0,5.381096246253633e-07
da-train-003872,0,9.833497978265113e-07
da-train-003873,1,0.9916116328593585
da-train-003874,0,4.884626524900125e-07
da-train-003875,0,4.224850626609868e-07
da-train-003876,0,3.225281599834423e-07
da-train-003877,0,4.784770927803526e-07
da-train-003878,0,1.0046104401947664e-07
da-train-003879,0,7.656451106829924e-08
da-train-003880,0,9.75975797902013e-07
da-train-003881,0,1.7655321317123667e-07
da-train-003882,0,1.0067116936092134e-07
da-train-003883,0,2.3995852420736974e-07
da-train-003884,0,5.615968633974298e-08
da-train-003885,0,8.196804403517658e-07
da-train-003886,0,1.9153106027505407e-07
da-train-003887,0,7.874410766894624e-08
da-train-003888,0,1.9480666881696297e-06
da-train-003889,0,1.7732881626158223e-07
da-train-003890,0,0.0577886402112734
da-train-003891,0,3.8357262986419944e-07
da-train-003892,1,0.9919997402778736
da-train-003893,0,1.220155420945448e-07
da-train-003894,0,3.0586730439314e-07
da-train-003895,0,3.519474293572312e-07
da-train-003896,1,0.9416784584033691
da-train-003897,1,0.9884028261997327
da-train-003898,0,4.50100684798785e-08
da-train-003899,0,1.6909417990642738e-07
da-train-003900,0,4.483969745012795e-08
da-train-003901,0,1.2701832453943883e-07
da-train-003902,0,1.3674763585753533e-06
da-train-003903,0,1.1706117839027319e-07
da-train-003904,0,1.2080613581149406e-07
da-train-003905,1,0.9357228362439981
da-train-003906,0,4.256247482957824e-07
da-train-003907,0,2.1610697266891443e-07
da-train-003908,0,7.585264920943081e-07
da-train-003909,0,3.3621994443701864e-07
da-train-003910,0,0.007288028498277507
da-train-003911,0,8.789665687906796e-07
da-train-003912,0,1.1507993872302103e-06
da-train-003913,0,8.921313120616164e-07
da-train-003914,0,1.1373283214107339e-07
da-train-003915,0,3.018856103344003e-07
da-train-003916,0,4.33553827327964e-07
da-train-003917,0,2.5120342669746785e-07
da-train-003918,0,3.3598889803146723e-07
da-train-003919,0,1.4319909969026594e-07
da-train-003920,0,0.08297805758712401
da-train-003921,0,1.5052297673899321e-06
da-train-003922,0,1.529473335899047e-07
da-train-003923,0,4.889542678819344e-07
da-train-003924,1,0.9920970238033927
da-train-003925,0,1.9885883771616287e-07
da-train-003926,0,3.081179886997943e-07
da-train-003927,0,5.825954154701952e-07
da-train-003928,0,0.04428702402602184
da-train-003929,0,6.344322934810261e-07
da-train-003930,0,0.0032728448969565702
da-train-003931,0,2.757028009032898e-07
da-train-003932,0,5.276315280952242e-07
da-train-003933,1,0.9262269433668391
da-train-003934,0,4.951514612486317e-08
da-train-003935,0,8.071233822909484e-07
da-train-003936,0,2.884090011945339e-07
da-train-003937,1,0.9930905761197613
da-train-003938,0,0.007145036757335931
da-train-003939,0,1.5316446416353617e-06
da-train-003940,0,5.891344509304816e-07
da-train-003941,0,0.00797605701347476
da-train-003942,0,1.4942999535220126e-06
da-train-003943,0,2.57811854989919e-07
da-train-003944,0,1.513973579692224e-07
da-train-003945,0,2.2306139014140556e-07
da-train-003946,0,4.320902021146331e-08
da-train-003947,0,3.1409630637900217e-07
da-train-003948,0,5.740308117037096e-07
da-train-003949,0,1.687472659893112e-07
da-train-003950,0,2.890405747511867e-07
da-train-003951,0,2.4973596505279656e-07
da-train-003952,0,0.006598647776288079
da-train-003953,0,1.8074394656041686e-05
da-train-003954,0,2.800929352837638e-07
da-train-003955,0,1.3548085506303465e-06
da-train-003956,0,9.486869635013932e-06
da-train-003957,1,0.99256149050301
da-train-003958,1,0.9918364211099094
da-train-003959,0,1.9074097456269776e-07
da-train-003960,0,1.8671707351641578e-07
da-train-003961,0,3.91820445745116e-07
da-train-003962,1,0.9914925079398342
da-train-003963,0,3.991240893731402e-08
da-train-003964,0,5.785544610680166e-07
da-train-003965,0,4.9939330065129685e-06
da-train-003966,0,1.7229553889122272e-07
da-train-003967,0,8.915165629996032e-07
da-train-003968,0,1.8104100195501519e-07
da-train-003969,1,0.9920968881369671
da-train-003970,1,0.9933030291930871
da-train-003971,0,1.1396924469980907e-07
da-train-003972,0,3.961222752602185e-08
da-train-003973,0,2.807247280325062e-07
da-train-003974,0,0.03672707530201325
da-train-003975,1,0.9923891991809408
da-train-003976,0,5.09360723136413e-07
da-train-003977,0,1.916615865877824e-07
da-train-003978,0,5.121958092276206e-07
da-train-003979,0,3.6638963951085907e-07
da-train-003980,0,7.910140596753915e-08
da-train-003981,0,2.2374986463078314e-06
da-train-003982,0,3.794023648463589e-08
da-train-003983,0,2.8778453985983114e-07
da-train-003984,0,3.9168695322945767e-07
da-train-003985,0,2.1321939663648068e-07
da-train-003986,0,2.0058298474386726e-07
da-train-003987,0,2.1505608319690858e-07
da-train-003988,1,0.9922685150421984
da-train-003989,0,4.921842562074932e-07
da-train-003990,0,2.169599465579999e-07
da-train-003991,0,0.004641562049146803
da-train-003992,0,3.87375192520556e-07
da-train-003993,0,7.939165280056888e-08
da-train-003994,0,2.876945707801121e-07
da-train-003995,0,2.918300517850902e-07
da-train-003996,0,5.4797320976327625e-06
da-train-003997,0,7.759764760079235e-07
da-train-003998,0,4.3871405789308723e-07
da-train-003999,0,1.8980405407819452e-07
da-train-004000,0,9.253076429096162e-07
da-train-004001,0,0.003502035123879465
da-train-004002,1,0.9915679381866416
da-train-004003,1,0.9924888740624045
da-train-004004,1,0.9918537495563425
da-train-004005,0,0.01162550477728821
da-train-004006,0,5.522527552529304e-07
da-train-004007,0,2.6924649043594227e-07
da-train-004008,0,0.8217288193944832
da-train-004009,1,0.9929456473463624
da-train-004010,1,0.9913489085742476
da-train-004011,0,1.479079229172464e-07
da-train-004012,0,7.662213087188903e-08
da-train-004013,0,9.16285340875081e-08
da-train-004014,0,4.779131389148215e-07
da-train-004015,0,2.4065314037025513e-07
da-train-004016,0,6.385237958747175e-08
da-train-004017,0,3.044879490038562e-07
da-train-004018,0,1.1039950468946529e-06
da-train-004019,1,0.9927331942730366
da-train-004020,0,0.003480995981448507
da-train-004021,0,2.211699907713373e-07
da-train-004022,0,3.206378627581142e-07
da-train-004023,0,8.950410429498718e-08
da-train-004024,0,1.0523508179843191e-07
da-train-004025,0,0.005976305679097409
da-train-004026,0,0.005251309158323216
da-train-004027,0,1.8980405407819452e-07
da-train-004028,1,0.9924134438155972
da-train-004029,0,0.004301872514960963
da-train-004030,0,7.039974620941755e-07
da-train-004031,0,1.8942443673935773e-07
da-train-004032,0,9.332717287823106e-07
da-train-004033,0,1.8942677643970057e-07
da-train-004034,0,3.1399995700345216e-08
da-train-004035,0,6.167594488563378e-06
da-train-004036,0,4.6380350921996856e-07
da-train-004037,0,4.340647261068268e-08
da-train-004038,1,0.991635994423302
da-train-004039,0,1.1270731702193217e-06
da-train-004040,1,0.9930905761197613
da-train-004041,0,1.476859545374985e-07
da-train-004042,0,3.3392691368101877e-06
da-train-004043,0,7.560684511333796e-08
da-train-004044,0,6.692853908446936e-07
da-train-004045,0,1.6984177834386076e-07
da-train-004046,0,1.888889819319387e-07
da-train-004047,0,0.003448510134259121
da-train-004048,0,1.702068056536861e-07
da-train-004049,0,3.1911518107371516e-07
da-train-004050,1,0.9917609908631021
da-train-004051,1,0.974655566478663
da-train-004052,0,2.5288503518293013e-07
da-train-004053,1,0.9920560619688725
da-train-004054,0,9.973448774341881e-08
da-train-004055,0,1.1608293785456401e-07
da-train-004056,0,2.7029316899692615e-07
da-train-004057,1,0.9915679381866416
da-train-004058,0,0.006946919856259156
da-train-004059,0,1.9316296624714159e-07
da-train-004060,0,0.28487919602796846
da-train-004061,0,1.5722516905310702e-07
da-train-004062,0,6.380792656381253e-08
da-train-004063,0,4.067769620363487e-07
da-train-004064,0,3.077576016184681e-07
da-train-004065,0,2.2569463445309296e-07
da-train-004066,1,0.9919933762700266
da-train-004067,1,0.9690893863985005
da-train-004068,0,1.1360760184460203e-06
da-train-004069,0,6.659736405945894e-07
da-train-004070,0,1.6348080517796052e-07
da-train-004071,0,1.8678246651958045e-06
da-train-004072,0,0.008642949625104576
da-train-004073,1,0.9921273317214808
da-train-004074,1,0.9920560619688725
da-train-004075,0,6.480752482271036e-08
da-train-004076,0,4.534878495607486e-06
da-train-004077,0,0.18622305121256502
da-train-004078,0,2.2542612160169924e-07
da-train-004079,0,2.3530957857062906e-07
da-train-004080,1,0.9370564862082077
da-train-004081,1,0.9738138002390277
da-train-004082,0,2.766947210825336e-07
da-train-004083,0,0.006389346686296316
da-train-004084,0,0.005213483062961474
da-train-004085,0,1.1338855893557995e-07
da-train-004086,0,2.2484327089902862e-07
da-train-004087,1,0.7606996484461243
da-train-004088,0,1.5901806332778327e-07
da-train-004089,0,0.0021365891369158805
da-train-004090,0,5.381096246253633e-07
da-train-004091,0,4.451311310586142e-07
da-train-004092,0,3.965127395836835e-07
da-train-004093,0,0.005137137565195349
da-train-004094,0,2.516338083533721e-07
da-train-004095,1,0.9923534535367123
da-train-004096,0,1.3495537523574453e-07
da-train-004097,0,5.028411357423076e-07
da-train-004098,0,1.1057499505025022e-07
da-train-004099,0,8.363626209486308e-07
da-train-004100,0,2.367839187942572e-07
da-train-004101,0,1.7816344481946334e-06
da-train-004102,0,2.3987200285855604e-07
da-train-004103,0,8.969807476787848e-08
da-train-004104,0,2.6665579061002943e-07
da-train-004105,0,2.918300517850902e-07
da-train-004106,0,9.983510340499267e-08
da-train-004107,0,1.5861188138300857e-05
da-train-004108,1,0.9927465810276654
da-train-004109,0,0.002430450471809895
da-train-004110,1,0.9920215935565855
da-train-004111,0,1.818692653533828e-07
da-train-004112,1,0.7231643645473192
da-train-004113,0,2.2683592704235266e-07
da-train-004114,0,0.7507683973804399
da-train-004115,0,4.849350258951842e-07
da-train-004116,0,0.005096262286955467
da-train-004117,1,0.9919597884456532
da-train-004118,0,9.14734044552685e-08
da-train-004119,0,1.1871831385046248e-07
da-train-004120,0,1.1332744653023074e-06
da-train-004121,0,9.727789186999452e-08
da-train-004122,1,0.9915256296641242
da-train-004123,0,6.257211975178215e-08
da-train-004124,0,4.0517952730729864e-07
da-train-004125,0,2.8303243954127366e-07
da-train-004126,0,1.536528445587974e-06
da-train-004127,1,0.9926521354598101
da-train-004128,0,2.414266039246787e-07
da-train-004129,0,4.497743623186269e-08
da-train-004130,0,2.843522366390283e-07
da-train-004131,0,2.963450858101339e-07
da-train-004132,0,6.631875350129278e-07
da-train-004133,0,0.001719271718285155
da-train-004134,0,0.0033171933974222036
da-train-004135,0,3.055499995043206e-07
da-train-004136,0,1.607663752375912e-07
da-train-004137,0,3.868032914899431e-07
da-train-004138,0,1.4054950191309026e-07
da-train-004139,0,4.6661222755527896e-07
da-train-004140,0,9.757138302634548e-07
da-train-004141,0,3.1598660360433024e-07
da-train-004142,0,2.68402871771598e-07
da-train-004143,0,2.757028009032898e-07
da-train-004144,1,0.9563629482840964
da-train-004145,0,9.677563538766497e-07
da-train-004146,0,6.855782938973216e-07
da-train-004147,0,0.00308910283280042
da-train-004148,0,6.786620463168918e-07
da-train-004149,0,4.0233648819500727e-07
da-train-004150,0,1.0847546581745525e-07
da-train-004151,0,1.3642896704777774e-07
da-train-004152,0,2.061587562923061e-07
da-train-004153,0,6.413485410614559e-07
da-train-004154,0,3.206496245174805e-07
da-train-004155,1,0.9807497203957647
da-train-004156,0,3.8604705196075484e-08
da-train-004157,0,2.2740331495389707e-07
da-train-004158,0,3.356715931426478e-07
da-train-004159,0,0.17424457580295058
da-train-004160,0,5.508443734313526e-07
da-train-004161,0,1.250597972914605e-07
da-train-004162,1,0.962498765312529
da-train-004163,0,2.1127388908111459e-07
da-train-004164,0,1.0800099379046407e-07
da-train-004165,0,8.736212891240854e-06
da-train-004166,0,6.037111202759367e-07
da-train-004167,0,3.58571088330706e-07
da-train-004168,0,3.728804180118089e-07
da-train-004169,0,1.6426871596477785e-06
da-train-004170,0,4.037006547807733e-07
da-train-004171,0,4.4204299377866676e-07
da-train-004172,1,0.9914925079398342
da-train-004173,0,2.9897600684122607e-07
da-train-004174,0,5.5577066982462e-07
da-train-004175,0,4.52874892371318e-06
da-train-004176,0,3.6291831845579114e-07
da-train-004177,0,0.004465699078574054
da-train-004178,0,1.626711934076708e-07
da-train-004179,0,1.939613349894176e-07
da-train-004180,0,4.2019829704457117e-07
da-train-004181,1,0.9924847135682056
da-train-004182,0,8.824142983322492e-07
da-train-004183,0,4.5712836133322185e-05
da-train-004184,0,1.0871569380283568e-06
da-train-004185,1,0.9923587555964271
da-train-004186,0,1.2789655644483574e-06
da-train-004187,1,0.992625896888923
da-train-004188,0,7.483107041962288e-08
da-train-004189,0,2.401162926636954e-07
da-train-004190,0,1.5228250882371863e-07
da-train-004191,0,6.744854047179503e-07
da-train-004192,0,5.496135067781923e-07
da-train-004193,0,4.994198263604469e-07
da-train-004194,0,0.021344550023052227
da-train-004195,0,6.741789117809669e-07
da-train-004196,0,2.1794009795424184e-07
da-train-004197,0,1.3767217862370691e-07
da-train-004198,0,1.7386024997241132e-07
da-train-004199,0,1.349690209467209e-07
da-train-004200,0,8.923747032078742e-08
da-train-004201,1,0.9927027506885229
da-train-004202,0,9.9505937103079e-08
da-train-004203,0,3.8283404590522867e-07
da-train-004204,0,5.949369611476151e-07
da-train-004205,0,9.276266053990656e-07
da-train-004206,0,6.641750035485542e-07
da-train-004207,1,0.9927739435763359
da-train-004208,0,3.873347267740573e-07
da-train-004209,0,1.4076500147409025e-06
da-train-004210,0,0.00037236523623935457
da-train-004211,1,0.992555126495163
da-train-004212,0,1.127413201395739e-06
da-train-004213,0,2.9739996372259626e-07
da-train-004214,0,1.3355447529553115e-07
da-train-004215,1,0.9923547307686537
da-train-004216,0,4.0233648819500727e-07
da-train-004217,0,0.0034369682556714457
da-train-004218,0,0.0018202428159546956
da-train-004219,1,0.9925288258946249
da-train-004220,1,0.9915351379118308
da-train-004221,0,2.582232453003447e-07
da-train-004222,0,3.3139135671262327e-07
da-train-004223,0,1.5583202107062835e-07
da-train-004224,0,0.00016314140690637156
da-train-004225,0,6.582129638935644e-07
da-train-004226,0,3.406520638618792e-07
da-train-004227,1,0.992313501704492
da-train-004228,1,0.9751546174246476
da-train-004229,0,0.014251547483672902
da-train-004230,0,1.8274959823743707e-06
da-train-004231,0,1.0845539729277638e-07
da-train-004232,0,4.3441732049465847e-07
da-train-004233,1,0.9923081403677144
da-train-004234,1,0.99242994848424
da-train-004235,0,1.0568448347168083e-07
da-train-004236,1,0.9923109004295111
da-train-004237,0,0.0038124759258921473
da-train-004238,1,0.9917609908631021
da-train-004239,0,8.034931875553016e-08
da-train-004240,1,0.9921722415189791
da-train-004241,0,3.434901443228009e-07
da-train-004242,0,1.9895240782184045e-07
da-train-004243,0,2.1108171092963922e-07
da-train-004244,0,1.7337015349065278e-07
da-train-004245,0,3.5852450794473153e-07
da-train-004246,0,0.0005841324686637579
da-train-004247,1,0.8815537347938157
da-train-004248,0,4.105748327457371e-07
da-train-004249,0,1.330116270779119e-07
da-train-004250,1,0.9917491502043747
da-train-004251,0,2.472184102948371e-07
da-train-004252,0,0.0045796122306925304
da-train-004253,0,1.881224455927322e-07
da-train-004254,0,0.005096244140438288
da-train-004255,0,5.09360723136413e-07
da-train-004256,0,7.482500216469749e-08
da-train-004257,0,6.033410962483491e-06
da-train-004258,1,0.9918779941909989
da-train-004259,0,0.016916011562355646
da-train-004260,0,1.8058864295968147e-06
da-train-004261,1,0.9919467858690872
da-train-004262,0,2.105073527419081e-07
da-train-004263,0,3.2041219760380084e-07
da-train-004264,1,0.9930439857188219
da-train-004265,1,0.9913489085742476
da-train-004266,0,1.814544803345725e-06
da-train-004267,0,1.3927484969503002e-07
da-train-004268,1,0.7043028882109953
da-train-004269,0,1.6697696528985973e-06
da-train-004270,0,3.152831711783236e-08
da-train-004271,0,1.8487663320616556e-07
da-train-004272,0,1.5511875934120287e-07
da-train-004273,0,4.571214763301083e-07
da-train-004274,0,1.5637034611715525e-07
da-train-004275,0,7.163103676938933e-08
da-train-004276,0,1.311597248355837e-06
da-train-004277,0,3.284494946923788e-07
da-train-004278,0,2.1541937464149636e-07
da-train-004279,0,4.4450289491171096e-07
da-train-004280,0,3.0900344540301465e-07
da-train-004281,1,0.9921714440479003
da-train-004282,0,2.7489251696081876e-07
da-train-004283,1,0.9923668534146578
da-train-004284,0,4.0029542663487505e-07
da-train-004285,0,7.564407692296276e-08
da-train-004286,0,0.005653558806430644
da-train-004287,0,2.799659886796781e-07
da-train-004288,0,0.0017390451219528608
da-train-004289,0,1.8721527470690675e-06
da-train-004290,1,0.9787804104500397
da-train-004291,0,1.456152606491451e-07
da-train-004292,1,0.9780285937477992
da-train-004293,0,2.1794009795424184e-07
da-train-004294,0,1.0145645003685916e-07
da-train-004295,0,3.3496285026402286e-07
da-train-004296,1,0.99256149050301
da-train-004297,0,1.6634020190137938e-07
da-train-004298,0,0.0004886615845306895
da-train-004299,0,5.985111064026799e-07
da-train-004300,0,1.640307518669671e-07
da-train-004301,0,0.005746662767833355
da-train-004302,1,0.9919750031556461
da-train-004303,0,1.6281528990363498e-07
da-train-004304,0,2.2108684248093867e-07
da-train-004305,0,1.7025301450541176e-06
da-train-004306,0,1.2976515472716312e-07
da-train-004307,0,6.906926594034284e-08
da-train-004308,0,7.983447648609914e-07
da-train-004309,0,1.687472659893112e-07
da-train-004310,0,2.5632601801815173e-07
da-train-004311,0,0.0004797668633198006
da-train-004312,0,2.39598593719281e-07
da-train-004313,0,8.055573448563006e-08
da-train-004314,1,0.9920215935565855
da-train-004315,0,1.580786048556323e-06
da-train-004316,0,4.229877594194934e-07
da-train-004317,0,0.13400459393216754
da-train-004318,0,1.005720501250486e-07
da-train-004319,0,3.1525896866752236e-07
da-train-004320,0,3.7170737236555214e-07
da-train-004321,0,2.1747469183645128e-07
da-train-004322,0,3.180698735626404e-07
da-train-004323,0,3.4727335397207427e-08
da-train-004324,0,3.4760104257051013e-07
da-train-004325,0,1.167010337546156e-07
da-train-004326,0,1.8957762573282916e-07
da-train-004327,0,1.8880404805407775e-07
da-train-004328,0,0.0018202428159546956
da-train-004329,0,1.9064302659878285e-07
da-train-004330,0,4.377649885820502e-07
da-train-004331,0,1.250597972914605e-07
da-train-004332,0,3.572179150478233e-07
da-train-004333,1,0.9915351379118308
da-train-004334,0,1.1723666201529015e-07
da-train-004335,1,0.9680037002737715
da-train-004336,0,4.440078915831271e-07
da-train-004337,0,1.2728218035811384e-07
da-train-004338,0,2.668726810360833e-07
da-train-004339,0,1.2061814639080119e-06
da-train-004340,1,0.9924847135682056
da-train-004341,0,5.369478102947306e-07
da-train-004342,0,0.003219340585029122
da-train-004343,0,1.812535803874513e-07
da-train-004344,0,3.5374531275794995e-07
da-train-004345,1,0.7478185196935284
da-train-004346,0,0.003901399524397085
da-train-004347,1,0.8754372407421519
da-train-004348,0,4.106704804573811e-07
da-train-004349,0,3.2693373225386823e-07
da-train-004350,0,1.2341814764928692e-07
da-train-004351,1,0.9921407184761097
da-train-004352,0,1.3393382535699814e-07
da-train-004353,1,0.9933030291930871
da-train-004354,0,2.0871762741685146e-07
da-train-004355,0,8.715138670793355e-08
da-train-004356,0,6.731007146458082e-08
da-train-004357,0,3.018856103344003e-07
da-train-004358,0,2.105073527419081e-07
da-train-004359,0,7.263301228052408e-08
da-train-004360,0,0.0011865914225252388
da-train-004361,0,0.013847495033469081
da-train-004362,0,2.7584724438264595e-07
da-train-004363,0,4.6189696749336306e-07
da-train-004364,0,0.0015626602329102156
da-train-004365,1,0.9926946885670115
da-train-004366,0,1.3153884699076347e-07
da-train-004367,1,0.9832549190354131
da-train-004368,0,4.503146821921076e-07
da-train-004369,0,1.5055462172685955e-07
da-train-004370,0,3.2765281632629143e-07
da-train-004371,0,1.9803211492529583e-07
da-train-004372,0,1.6697696528985973e-06
da-train-004373,0,2.1321939663648068e-07
da-train-004374,0,6.414488957907271e-06
da-train-004375,0,3.98454535899056e-06
da-train-004376,0,4.1784719188822233e-07
da-train-004377,1,0.991635994423302
da-train-004378,0,4.2949893166664147e-07
da-train-004379,0,2.7029316899692615e-07
da-train-004380,0,1.818863302230755e-07
da-train-004381,0,0.0016765225407645863
da-train-004382,0,0.1030974900808808
da-train-004383,0,3.945224204476807e-06
da-train-004384,0,1.9438196618528092e-07
da-train-004385,1,0.8850144979659964
da-train-004386,0,2.1108171092963922e-07
da-train-004387,0,0.001875586149247341
da-train-004388,0,4.941380538693146e-07
da-train-004389,0,7.179444506149764e-07
da-train-004390,1,0.9927465810276654
da-train-004391,1,0.9915655990065678
da-train-004392,0,2.9982285573322775e-07
da-train-004393,0,5.825313919670723e-07
da-train-004394,1,0.9056303557885687
da-train-004395,0,6.961353313121596e-08
da-train-004396,0,1.4319909969026594e-07
da-train-004397,0,1.9848391711294685e-07
da-train-004398,0,8.371983181846101e-07
da-train-004399,0,3.398070741476259e-07
da-train-004400,0,2.8146550161063355e-07
da-train-004401,1,0.9919933762700266
da-train-004402,0,2.0059126814106295e-07
da-train-004403,1,0.9916820457863159
da-train-004404,0,4.3176387963447504e-08
da-train-004405,0,0.007337653123852039
da-train-004406,0,9.704547971223275e-07
da-train-004407,1,0.992383897121226
da-train-004408,0,0.04093770623198936
da-train-004409,0,4.1971199668073357e-07
da-train-004410,1,0.9930439857188219
da-train-004411,1,0.9684606448881908
da-train-004412,0,3.1291425076989724e-06
da-train-004413,1,0.9925085360942236
da-train-004414,0,2.960848915410524e-07
da-train-004415,0,2.799659886796781e-07
da-train-004416,1,0.963773689755798
da-train-004417,0,1.8957762573282916e-07
da-train-004418,0,2.0204451233204206e-07
da-train-004419,0,0.015564182555423555
da-train-004420,1,0.9917091983721544
da-train-004421,0,3.559796412855224e-06
da-train-004422,0,0.004077009020605127
da-train-004423,1,0.968920185435327
da-train-004424,0,2.651108000095863e-07
da-train-004425,0,6.171949479932499e-06
da-train-004426,0,2.3362169615378064e-07
da-train-004427,0,3.8357262986419944e-07
da-train-004428,0,8.407189969356301e-08
da-train-004429,0,2.208111726584019e-06
da-train-004430,1,0.9917609908631021
da-train-004431,0,0.0005722852289088807
da-train-004432,0,1.9276491398090258e-07
da-train-004433,0,2.8016749887492164e-06
da-train-004434,0,0.1937768352842306
da-train-004435,0,4.4139973378327387e-07
da-train-004436,0,3.136760630515808e-07
da-train-004437,1,0.9926016522542667
da-train-004438,1,0.991635994423302
da-train-004439,0,2.2328237421180454e-07
da-train-004440,1,0.9914197558328031
da-train-004441,0,3.5852450794473153e-07
da-train-004442,0,4.887241045725512e-07
da-train-004443,0,3.1706012629097783e-07
da-train-004444,0,1.5574830223604254e-06
da-train-004445,1,0.4927404497197417
da-train-004446,0,9.77266014143015e-08
da-train-004447,0,0.002918057288883414
da-train-004448,0,3.356715931426478e-07
da-train-004449,1,0.991424338821055
da-train-004450,0,0.00018798153136479108
da-train-004451,0,3.219813759257932e-06
da-train-004452,0,0.008906444762723313
da-train-004453,1,0.9919229633430691
da-train-004454,0,6.800002155539921e-07
da-train-004455,0,0.0013008821498388119
da-train-004456,1,0.9918233059718288
da-train-004457,0,2.0455816471105717e-07
da-train-004458,0,3.547498460835288e-07
da-train-004459,0,5.165333298057802e-07
da-train-004460,0,6.773243255975435e-07
da-train-004461,0,1.536549600464872e-07
da-train-004462,0,2.583041666050434e-06
da-train-004463,0,4.66354009065546e-07
da-train-004464,0,0.012902397805675135
da-train-004465,0,5.845105805125922e-07
da-train-004466,0,2.8806295820433567e-07
da-train-004467,0,1.9251968562320237e-07
da-train-004468,0,9.977641306149839e-08
da-train-004469,0,5.553416157318881e-07
da-train-004470,0,2.651108000095863e-07
da-train-004471,0,2.8332282810085924e-07
da-train-004472,0,5.453365076725007e-07
da-train-004473,0,0.00389324337032124
da-train-004474,0,1.250597972914605e-07
da-train-004475,0,8.134700052292994e-07
da-train-004476,0,1.9017300133013924e-07
da-train-004477,0,1.006768607255291e-06
da-train-004478,0,1.0811964454068523e-07
da-train-004479,0,1.6983945566290855e-07
da-train-004480,0,3.7834199031949742e-06
da-train-004481,0,1.818692653533828e-07
da-train-004482,0,3.365165828569012e-07
da-train-004483,0,3.1598660360433024e-07
da-train-004484,1,0.9920256183843588
da-train-004485,1,0.8651576668763955
da-train-004486,0,1.2456895056840343e-07
da-train-004487,1,0.9919933762700266
da-train-004488,0,2.67822549334983e-07
da-train-004489,0,4.011113081272274e-08
da-train-004490,0,0.0026505286236135814
da-train-004491,1,0.9914951860796104
da-train-004492,0,0.004954299179626563
da-train-004493,0,4.5093466855572876e-07
da-train-004494,0,2.496988090596535e-07
da-train-004495,0,1.0959391778048458e-07
da-train-004496,0,1.6083749275830978e-07
da-train-004497,0,2.876945707801121e-07
da-train-004498,0,2.8387588323888614e-05
da-train-004499,0,3.242853526915994e-08
da-train-004500,1,0.992555126495163
da-train-004501,0,0.008444797481941891
da-train-004502,0,1.3165436285531984e-06
da-train-004503,0,0.010128132820212292
da-train-004504,0,3.8604705196075484e-08
da-train-004505,0,4.6223805012627605e-07
da-train-004506,0,5.334857542074741e-07
da-train-004507,1,0.9926946885670115
da-train-004508,0,1.281208072109367e-07
da-train-004509,0,0.0027186574010663986
da-train-004510,0,8.337802312620873e-08
da-train-004511,0,1.5637034611715525e-07
da-train-004512,0,4.2255916753743583e-07
da-train-004513,1,0.9923891991809408
da-train-004514,0,0.009232832498226968
da-train-004515,0,9.508017363472675e-08
da-train-004516,0,2.209237044345641e-07
da-train-004517,0,2.073942442664623e-07
da-train-004518,0,0.004003063431217171
da-train-004519,0,2.393968371314676e-07
da-train-004520,0,2.602530120935558e-07
da-train-004521,0,1.4214362645303591e-07
da-train-004522,1,0.9924381231672662
da-train-004523,0,1.3443102281354785e-07
da-train-004524,0,0.008492229869380303
da-train-004525,0,6.400003882410665e-08
da-train-004526,0,3.3254301567326294e-07
da-train-004527,0,3.501936145232526e-07
da-train-004528,0,7.426482037564918e-07
da-train-004529,0,9.33983598719978e-07
da-train-004530,1,0.9915256296641242
da-train-004531,0,0.01075080370835687
da-train-004532,0,1.1927482922891248e-07
da-train-004533,0,7.951666668747883e-06
da-train-004534,0,9.514308540441455e-08
da-train-004535,0,2.162473736004073e-07
da-train-004536,0,0.007086741303667661
da-train-004537,0,4.7025090152113427e-07
da-train-004538,0,2.1775868879648109e-07
da-train-004539,0,7.68442319182987e-07
da-train-004540,0,1.7071811117909553e-06
da-train-004541,0,0.000357527043173412
da-train-004542,0,1.2245837579332315e-07
da-train-004543,0,1.0523508179843191e-07
da-train-004544,0,1.4191692054133393e-07
da-train-004545,0,6.625904747809144e-08
da-train-004546,0,3.0445359952987404e-07
da-train-004547,0,1.5209371324889997e-07
da-train-004548,1,0.9918537495563425
da-train-004549,0,2.239156819613743e-06
da-train-004550,0,1.7630710844166231e-07
da-train-004551,0,9.634201760329372e-07
da-train-004552,0,0.0042392721906656435
da-train-004553,1,0.9913489085742476
da-train-004554,0,9.508017363472675e-08
da-train-004555,0,1.0485119617641216e-06
da-train-004556,0,3.7554440127060756e-07
da-train-004557,0,5.276315280952242e-07
da-train-004558,0,3.0005251206322046e-06
da-train-004559,0,1.062323267418858e-07
da-train-004560,1,0.9923534535367123
da-train-004561,0,0.006946919856259156
da-train-004562,0,0.003916474824270378
da-train-004563,0,1.0300543241870124e-06
da-train-004564,0,1.2025743763279723e-07
da-train-004565,0,0.0038557091984122737
da-train-004566,0,3.8357262986419944e-07
da-train-004567,0,8.08722451588489e-08
da-train-004568,0,1.621108933661901e-06
da-train-004569,0,3.096855804809387e-06
da-train-004570,0,1.124237661108835e-06
da-train-004571,0,0.006633455463885651
da-train-004572,0,9.960133018579979e-08
da-train-004573,0,3.5451723875355393e-07
da-train-004574,0,2.592865436734261e-07
da-train-004575,0,1.4126611391011141e-07
da-train-004576,0,8.213638542947961e-08
da-train-004577,0,1.6984177834386076e-07
da-train-004578,0,3.7029222424104534e-07
da-train-004579,1,0.9923109004295111
da-train-004580,0,5.812756977997971e-07
da-train-004581,0,4.445126278120618e-07
da-train-004582,0,1.0433057912292192e-07
da-train-004583,0,9.7002946196036e-08
da-train-004584,0,2.047755488300026e-07
da-train-004585,0,6.430286783612951e-08
da-train-004586,1,0.9077525699707958
da-train-004587,0,2.2306139014140556e-07
da-train-004588,0,2.131497794926447e-07
da-train-004589,0,1.0793201406157166e-07
da-train-004590,0,1.1251500229626811e-07
da-train-004591,0,2.2316166241356634e-07
da-train-004592,1,0.9917528930448714
da-train-004593,0,1.8228400600716258e-07
da-train-004594,1,0.9924381231672662
da-train-004595,0,2.8670351300440986e-06
da-train-004596,0,2.532848524220905e-07
da-train-004597,1,0.9915256296641242
da-train-004598,0,2.367110176868472e-07
da-train-004599,0,2.5364350814813495e-07
da-train-004600,0,3.728804180118089e-07
da-train-004601,0,7.556177639773614e-07
da-train-004602,0,3.7187668146070593e-07
da-train-004603,0,1.4475013301401983e-07
da-train-004604,0,4.83698060973021e-07
da-train-004605,0,1.3118266189445634e-07
da-train-004606,0,4.7289801021800505e-08
da-train-004607,0,5.09356461577367e-07
da-train-004608,0,4.215522984195772e-06
da-train-004609,0,6.372264969202557e-07
da-train-004610,0,4.067769620363487e-07
da-train-004611,0,3.945421588623209e-07
da-train-004612,1,0.9916055508387882
da-train-004613,1,0.9923547307686537
da-train-004614,0,0.005500269853007473
da-train-004615,0,8.111068045292525e-08
da-train-004616,0,1.8806520838501292e-07
da-train-004617,0,1.1640886597954144e-07
da-train-004618,0,1.1993803621324872e-07
da-train-004619,0,4.3156786026732605e-07
da-train-004620,0,3.221576785540987e-08
da-train-004621,0,0.0022629497797123544
da-train-004622,0,3.2565942328708227e-07
da-train-004623,0,2.7489251696081876e-07
da-train-004624,1,0.9506483974162035
da-train-004625,1,0.9921273317214808
da-train-004626,1,0.9923413440140249
da-train-004627,0,6.344322934810261e-07
da-train-004628,0,0.0017400759860371352
da-train-004629,0,2.7409662101418057e-07
da-train-004630,0,2.705429016653383e-07
da-train-004631,0,4.821128951789711e-07
da-train-004632,0,5.6188708664289905e-06
da-train-004633,0,7.707180212492802e-07
da-train-004634,1,0.9490505850961317
da-train-004635,1,0.9674743635783903
da-train-004636,0,5.121958092276206e-07
da-train-004637,0,8.875840367566459e-07
da-train-004638,0,5.208278864481408e-08
da-train-004639,0,7.999728193137276e-08
da-train-004640,1,0.9916078900188618
da-train-004641,0,8.950410429498718e-08
da-train-004642,0,7.133658640216393e-08
da-train-004643,0,1.461592117620974e-07
da-train-004644,1,0.9920968112721718
da-train-004645,0,1.6564286616382571e-07
da-train-004646,1,0.9924381231672662
da-train-004647,1,0.9121084599467227
da-train-004648,0,2.2907837352740606e-07
da-train-004649,1,0.9919229633430691
da-train-004650,0,4.105748327457371e-07
da-train-004651,1,0.9917491502043747
da-train-004652,0,4.6500364046157453e-07
da-train-004653,0,1.2955946068463098e-07
da-train-004654,1,0.9920903852346737
da-train-004655,0,1.044299178928471e-07
da-train-004656,0,1.607663752375912e-07
da-train-004657,0,6.963821509011764e-08
da-train-004658,0,0.004762454927067539
da-train-004659,0,3.552805970399813e-07
da-train-004660,1,0.9917609908631021
da-train-004661,0,2.876945707801121e-07
da-train-004662,0,1.0374536736348516e-06
da-train-004663,0,3.8688028708940904e-06
da-train-004664,0,2.3824593126856055e-07
da-train-004665,0,9.746638182220264e-08
da-train-004666,1,0.9490860775816731
da-train-004667,1,0.8884550550788067
da-train-004668,0,2.64155806577025e-07
da-train-004669,0,2.39598593719281e-07
da-train-004670,0,2.5418978087236127e-07
da-train-004671,0,4.815358755174108e-07
da-train-004672,0,7.214994809756677e-07
da-train-004673,0,0.0023836875005488
da-train-004674,0,3.3908457205237496e-07
da-train-004675,0,2.800929352837638e-07
da-train-004676,1,0.9057358611529204
da-train-004677,1,0.9921714440479003
da-train-004678,0,8.880228539283227e-08
da-train-004679,0,2.9163889401162933e-07
da-train-004680,0,4.6223805012627605e-07
da-train-004681,0,2.248389626303165e-07
da-train-004682,0,3.136760630515808e-07
da-train-004683,1,0.9914901687597605
da-train-004684,0,0.001271400021864913
da-train-004685,0,6.413485410614559e-07
da-train-004686,0,6.467226538221884e-06
da-train-004687,0,6.470217974347882e-08
da-train-004688,0,7.759925755667798e-07
da-train-004689,1,0.9912784956472902
da-train-004690,0,0.0042279716079873355
da-train-004691,0,0.0033606653867707856
da-train-004692,0,0.0006300715151459896
da-train-004693,0,1.661968711771937e-06
da-train-004694,1,0.9913489085742476
da-train-004695,0,0.0005740194349011962
da-train-004696,0,7.437635677182563e-08
da-train-004697,1,0.9925712086697529
da-train-004698,0,4.981572750928173e-07
da-train-004699,0,4.4616584682480643e-07
da-train-004700,0,4.629467096919966e-07
da-train-004701,0,2.2781907992033487e-07
da-train-004702,0,4.5148788382462886e-08
da-train-004703,0,1.0033394229430166e-07
da-train-004704,1,0.9926987258607495
da-train-004705,0,3.1706012629097783e-07
da-train-004706,0,1.1460704406065663e-05
da-train-004707,0,6.946741554387366e-05
da-train-004708,0,0.06360014650071112
da-train-004709,0,0.007717801975974978
da-train-004710,0,1.6801770342802036e-07
da-train-004711,0,1.7816344481946334e-06
da-train-004712,1,0.9923534535367123
da-train-004713,0,4.224850626609868e-07
da-train-004714,0,3.1399995700345216e-08
da-train-004715,0,3.423284829571251e-07
da-train-004716,0,2.510466493819893e-07
da-train-004717,0,1.6318151125820953e-07
da-train-004718,0,1.8522141591974784e-06
da-train-004719,0,3.597357516832096e-08
da-train-004720,0,1.2905369809489395e-07
da-train-004721,0,4.233381450383048e-07
da-train-004722,0,5.872328983975024e-07
da-train-004723,0,3.081233702973207e-07
da-train-004724,0,4.2772732321956e-08
da-train-004725,0,0.009819319180968553
da-train-004726,0,1.5030016116031392e-07
da-train-004727,1,0.9918763729421299
da-train-004728,0,1.0643043548921818e-07
da-train-004729,0,3.077576016184681e-07
da-train-004730,0,3.122333382201101e-07
da-train-004731,0,4.8106772733325044e-05
da-train-004732,1,0.9926016522542667
da-train-004733,0,6.582129638935644e-07
da-train-004734,0,4.1638524898664383e-07
da-train-004735,0,3.1525896866752236e-07
da-train-004736,1,0.9188150352724848
da-train-004737,1,0.9143307135840587
da-train-004738,0,5.518545051200726e-07
da-train-004739,0,6.741789117809669e-07
da-train-004740,0,1.9240197353969284e-06
da-train-004741,0,7.687586181569121e-08
da-train-004742,0,4.5022017998862e-05
da-train-004743,1,0.9918843581988459
da-train-004744,1,0.9924822354936856
da-train-004745,0,1.818795323070998e-07
da-train-004746,0,1.3483272203575548e-07
da-train-004747,0,2.4984439504135085e-07
da-train-004748,0,2.931134821042355e-07
da-train-004749,0,1.1909195771728286e-07
da-train-004750,0,1.4852320846403363e-07
da-train-004751,0,1.1780496594173653e-07
da-train-004752,0,4.229390724055957e-07
da-train-004753,0,0.0006967664564130322
da-train-004754,0,5.924329122707593e-07
da-train-004755,0,1.0902796354770588e-06
da-train-004756,0,1.6183142098010056e-07
da-train-004757,0,0.002596705951153869
da-train-004758,0,4.849350258951842e-07
da-train-004759,0,7.887371052920349e-08
da-train-004760,0,4.994198263604469e-07
da-train-004761,0,7.020701282851736e-07
da-train-004762,1,0.9490677026912032
da-train-004763,0,1.1780173760041216e-06
da-train-004764,0,2.1241721989033665e-07
da-train-004765,0,1.267813419720125e-07
da-train-004766,0,2.8015973335808532e-06
da-train-004767,0,2.808109783939315e-07
da-train-004768,0,0.0005014472360121776
da-train-004769,0,2.6350983160681046e-07
da-train-004770,0,2.5180513018811433e-06
da-train-004771,0,5.114039183957541e-07
da-train-004772,0,4.83698060973021e-07
da-train-004773,0,6.037111202759367e-07
da-train-004774,0,5.866082360751991e-07
da-train-004775,0,1.3443102281354785e-07
da-train-004776,1,0.9921010486311661
da-train-004777,0,2.727250111542409e-07
da-train-004778,1,0.9919933762700266
da-train-004779,0,1.6820587201433834e-07
da-train-004780,0,0.0059256211077971
da-train-004781,0,0.0011171743229656656
da-train-004782,0,1.2781266786826934e-06
da-train-004783,0,1.0195312348596228e-07
da-train-004784,0,6.813467381475036e-08
da-train-004785,1,0.9917396419566681
da-train-004786,0,1.8705981335520413e-07
da-train-004787,0,2.639454655159201e-07
da-train-004788,0,1.5637034611715525e-07
da-train-004789,0,1.1958811131752182e-07
da-train-004790,0,1.5588162946818976e-07
da-train-004791,0,0.004458194789127704
da-train-004792,0,0.2880752463870673
da-train-004793,0,2.3805628160410944e-07
da-train-004794,1,0.9710817799679875
da-train-004795,0,2.6958577554924014e-07
da-train-004796,0,6.906926594034284e-08
da-train-004797,0,2.526894534198743e-07
da-train-004798,0,5.12611892095654e-07
da-train-004799,1,0.9924381231672662
da-train-004800,1,0.992313501704492
da-train-004801,1,0.9915679381866416
da-train-004802,0,0.006604839042083768
da-train-004803,0,0.005147202810706726
da-train-004804,0,3.542298407668816e-07
da-train-004805,0,1.3252240136822056e-05
da-train-004806,0,4.386792462138274e-07
da-train-004807,0,3.197928730438608e-07
da-train-004808,0,4.461262071700308e-07
da-train-004809,1,0.9925085360942236
da-train-004810,0,1.5511875934120287e-07
da-train-004811,0,3.909150272338537e-07
da-train-004812,0,3.2565942328708227e-07
da-train-004813,0,3.6638963951085907e-07
da-train-004814,1,0.9921645410021278
da-train-004815,0,2.222902723148688e-07
da-train-004816,0,5.518545051200726e-07
da-train-004817,0,1.9054275432662207e-07
da-train-004818,0,4.2972502665609095e-07
da-train-004819,0,1.7095384784994527e-07
da-train-004820,0,1.4533453093911404e-07
da-train-004821,0,1.8138050721960098e-07
da-train-004822,0,0.008218940201129862
da-train-004823,1,0.9917795937888885
da-train-004824,0,2.72816065874895e-07
da-train-004825,0,2.892236917388254e-07
da-train-004826,0,3.7010604067951934e-08
da-train-004827,0,1.0102517520261485e-07
da-train-004828,1,0.9667798443808776
da-train-004829,0,0.00015868459648216455
da-train-004830,0,1.7725874426788741e-07
da-train-004831,0,3.1283266177929905e-07
da-train-004832,1,0.9490860775816731
da-train-004833,0,0.0001974517525310004
da-train-004834,0,0.001126791180068954
da-train-004835,0,2.4254748307315933e-07
da-train-004836,0,1.5588647868144535e-07
da-train-004837,0,2.480462728672062e-07
da-train-004838,0,4.4182695192187523e-07
da-train-004839,0,1.2316129641940295e-07
da-train-004840,0,2.401715753585989e-07
da-train-004841,0,3.2364223749426026e-07
da-train-004842,1,0.18363916085207746
da-train-004843,0,2.7489251696081876e-07
da-train-004844,0,2.946681322460118e-07
da-train-004845,0,1.717923928674708e-07
da-train-004846,0,0.002377779137958494
da-train-004847,0,2.2569463445309296e-07
da-train-004848,0,6.24478540462956e-08
da-train-004849,0,6.842405731779732e-07
da-train-004850,0,2.940670591542473e-07
da-train-004851,0,2.478245578594346e-05
da-train-004852,0,8.501782787488435e-08
da-train-004853,0,0.00495000154164261
da-train-004854,0,3.293890738482317e-07
da-train-004855,0,1.7075045655918797e-07
da-train-004856,1,0.9927412789679506
da-train-004857,1,0.9925793064879836
da-train-004858,0,9.75467987506553e-08
da-train-004859,0,4.799071249132834e-07
da-train-004860,0,2.1432841196844016e-07
da-train-004861,0,3.926959996777401e-07
da-train-004862,0,7.687563441625916e-08
da-train-004863,0,0.00028667962995837493
da-train-004864,0,0.005333928107017614
da-train-004865,0,8.193217976488494e-05
da-train-004866,0,0.004680508667161471
da-train-004867,1,0.9130766096144276
da-train-004868,0,1.5475729549304038e-06
da-train-004869,0,2.7450762397922625e-07
da-train-004870,0,3.929981891319489e-07
da-train-004871,0,9.050346893316195e-08
da-train-004872,0,3.419240724538846e-07
da-train-004873,0,0.007247597481942259
da-train-004874,0,8.424230942370796e-07
da-train-004875,1,0.9920970238033927
da-train-004876,0,8.371290211136216e-07
da-train-004877,0,2.4006598139887235e-07
da-train-004878,0,1.5206054044397076e-07
da-train-004879,0,1.6084727579781269e-07
da-train-004880,0,1.3334822123765102e-07
da-train-004881,0,2.1556917816115257e-07
da-train-004882,0,6.838840475855255e-08
da-train-004883,0,2.3015581177593156e-07
da-train-004884,0,3.7029222424104534e-07
da-train-004885,0,2.894878012875006e-07
da-train-004886,0,4.029461602459847e-07
da-train-004887,0,1.2955946068463098e-07
da-train-004888,0,1.1747164027467557e-07
da-train-004889,0,1.006768607255291e-06
da-train-004890,1,0.9920504334024535
da-train-004891,0,9.523566233516628e-07
da-train-004892,0,2.153457344351771e-07
da-train-004893,0,2.6958577554924014e-07
da-train-004894,0,3.96063151472393e-07
da-train-004895,0,1.607663752375912e-07
da-train-004896,0,2.5705352113946297e-07
da-train-004897,0,2.9748003806397435e-07
da-train-004898,0,5.785544610680166e-07
da-train-004899,1,0.992555126495163
da-train-004900,0,0.014937806602749563
da-train-004901,1,0.9920260408784117
da-train-004902,0,2.5803523529354633e-07
da-train-004903,0,4.884626524900125e-07
da-train-004904,1,0.9924134438155972
da-train-004905,0,2.2401302596763066e-07
da-train-004906,0,0.001303115017545137
da-train-004907,0,8.994526879304366e-08
da-train-004908,0,2.5672798742753157e-07
da-train-004909,0,2.7740966870738043e-06
da-train-004910,0,1.9629079997857582e-07
da-train-004911,1,0.9924134438155972
da-train-004912,0,4.377649885820502e-07
da-train-004913,0,1.0134853722210803e-06
da-train-004914,1,0.9920260408784117
da-train-004915,1,0.9921273317214808
da-train-004916,0,9.797155255552243e-08
da-train-004917,0,1.3435863083016564e-06
da-train-004918,0,1.6084727579781269e-07
da-train-004919,0,1.735350300378906e-06
da-train-004920,0,2.5754547165312436e-06
da-train-004921,0,0.027287026696895617
da-train-004922,0,2.409027360905759e-06
da-train-004923,0,2.377142637260047e-07
da-train-004924,1,0.991635994423302
da-train-004925,0,0.01300011073261737
da-train-004926,0,0.00422102533437129
da-train-004927,0,1.2728218035811384e-07
da-train-004928,0,1.1923902671682073e-07
da-train-004929,0,5.023760901991255e-07
da-train-004930,0,1.8123586848996202e-07
da-train-004931,0,2.654125599550006e-06
da-train-004932,1,0.9932564387921478
da-train-004933,0,5.546205827656484e-07
da-train-004934,0,3.696467155512992e-08
da-train-004935,0,1.9449916696047114e-07
da-train-004936,1,0.9923109004295111
da-train-004937,0,0.0012540976010401454
da-train-004938,0,7.890635109837787e-08
da-train-004939,0,0.00895019105797802
da-train-004940,0,2.1505608319690858e-07
da-train-004941,0,2.7811172017707916e-07
da-train-004942,0,2.131497794926447e-07
da-train-004943,0,5.849782715597821e-07
da-train-004944,0,7.662213087188903e-08
da-train-004945,0,1.2996461025095834e-07
da-train-004946,1,0.3552359557822986
da-train-004947,0,1.1923902671682073e-07
da-train-004948,0,1.4319909969026594e-07
da-train-004949,0,1.343632007854749e-06
da-train-004950,1,0.9057358611529204
da-train-004951,1,0.9919997402778736
da-train-004952,1,0.9915256296641242
da-train-004953,0,3.824062084129088e-07
da-train-004954,0,1.4319909969026594e-07
da-train-004955,0,0.023124408277897412
da-train-004956,0,1.7345805875062005e-07
da-train-004957,0,1.7152141878268822e-07
da-train-004958,0,3.3683388774572055e-07
da-train-004959,0,1.1760512950322548e-07
da-train-004960,0,1.0229707206503788e-07
da-train-004961,0,0.006848122435150729
da-train-004962,0,1.5171527642268866e-07
da-train-004963,0,0.010916284830306544
da-train-004964,0,3.58571088330706e-07
da-train-004965,0,3.501936145232526e-07
da-train-004966,0,1.7630710844166231e-07
da-train-004967,0,4.4085074115695967e-07
da-train-004968,0,3.8927406390303105e-07
da-train-004969,0,2.550227208897716e-07
da-train-004970,0,2.1480264182194607e-07
da-train-004971,0,2.095922805956523e-07
da-train-004972,0,4.658203367234125e-07
da-train-004973,1,0.9920970238033927
da-train-004974,1,0.9922111314030672
da-train-004975,0,6.257462086238255e-07
da-train-004976,0,8.216416665036675e-08
da-train-004977,0,6.744854047179503e-07
da-train-004978,1,0.9682419480746103
da-train-004979,0,0.0016001880794811643
da-train-004980,0,9.722906219644878e-08
da-train-004981,0,2.6390141841668445e-07
da-train-004982,0,6.800675653105415e-08
da-train-004983,0,4.244084170417228e-07
da-train-004984,0,6.304864303176259e-07
da-train-004985,0,0.015035682247191295
da-train-004986,0,5.199938359560749e-07
da-train-004987,1,0.7566317648504
da-train-004988,0,6.805772113592888e-07
da-train-004989,1,0.9917833366293851
da-train-004990,0,2.5120342669746785e-07
da-train-004991,0,0.004032987865636981
da-train-004992,0,9.023390659767904e-07
da-train-004993,1,0.9925793064879836
da-train-004994,0,2.105073527419081e-07
da-train-004995,0,5.154807625038809e-07
da-train-004996,0,1.1953044299338288e-07
da-train-004997,1,0.9523884102730745
da-train-004998,0,2.940670591542473e-07
da-train-004999,0,1.0316148167315652e-06
da-train-005000,0,2.1725078664661488e-07
da-train-005001,0,0.030156891174744637
da-train-005002,1,0.9917528930448714
da-train-005003,0,8.660879459280292e-08
da-train-005004,1,0.965117148538798
da-train-005005,0,2.0473347090773674e-06
da-train-005006,0,0.0016183105863411113
da-train-005007,0,4.497743623186269e-08
da-train-005008,0,1.4333269963132253e-07
da-train-005009,0,1.1193237122611286e-07
da-train-005010,1,0.9718536341600944
da-train-005011,0,1.3803851242062085e-07
da-train-005012,0,1.0589194980756829e-07
da-train-005013,0,0.002514834898924061
da-train-005014,0,3.136760630515808e-07
da-train-005015,0,2.2316166241356634e-07
da-train-005016,0,0.8873571697566095
da-train-005017,0,1.246017477967588e-07
da-train-005018,0,8.432178504179125e-08
da-train-005019,0,2.209237044345641e-07
da-train-005020,0,0.03285622942099944
da-train-005021,0,0.05642980573973735
da-train-005022,0,1.476859545374985e-07
da-train-005023,0,2.382377501334644e-06
da-train-005024,0,4.082924213360867e-07
da-train-005025,0,0.003607421540604082
da-train-005026,0,1.9642634665324576e-07
da-train-005027,0,1.468144551050548e-07
da-train-005028,0,1.1114025463622984e-06
da-train-005029,0,3.029326420008558e-07
da-train-005030,0,2.301868285407054e-07
da-train-005031,0,1.5743826427830585e-06
da-train-005032,1,0.9922174954109142
da-train-005033,1,0.9926999906267261
da-train-005034,0,1.314948192928674e-07
da-train-005035,0,0.00016604734693188286
da-train-005036,0,9.980732218410553e-08
da-train-005037,0,2.1145898856813319e-07
da-train-005038,0,3.9264623110246e-08
da-train-005039,0,0.006999242231661765
da-train-005040,0,1.1047267738862325e-07
da-train-005041,1,0.991424338821055
da-train-005042,0,0.003207527867244596
da-train-005043,0,1.1875026789123672e-07
da-train-005044,0,3.284494946923788e-07
da-train-005045,0,2.4635555184485925e-07
da-train-005046,0,5.686853685071541e-07
da-train-005047,0,2.8792181207798104e-07
da-train-005048,0,0.0030613993925357103
da-train-005049,0,5.744175191453284e-07
da-train-005050,1,0.992654736734791
da-train-005051,0,4.580055287575256e-07
da-train-005052,0,2.9663504834972103e-07
da-train-005053,0,2.1328846063519268e-07
da-train-005054,0,1.2948870286229936e-06
da-train-005055,1,0.9920504334024535
da-train-005056,1,0.9921977446484384
da-train-005057,0,0.0015083563185972404
da-train-005058,0,2.0608284348277682e-07
da-train-005059,0,2.4619691715219785e-07
da-train-005060,1,0.9922380714576846
da-train-005061,1,0.9773129038650543
da-train-005062,0,4.618434058243568e-07
da-train-005063,0,2.7194552829005185e-07
da-train-005064,0,0.0302010385506158
da-train-005065,0,3.6434122988898803e-07
da-train-005066,1,0.9925793064879836
da-train-005067,1,0.9921714440479003
da-train-005068,0,8.588691092624709e-07
da-train-005069,0,1.8278197789200184e-07
da-train-005070,0,6.295523850541706e-07
da-train-005071,0,2.892236917388254e-07
da-train-005072,1,0.9921010486311661
da-train-005073,0,1.0543618813333159e-07
da-train-005074,0,2.5969879770358835e-07
da-train-005075,0,4.067769620363487e-07
da-train-005076,1,0.978472771113596
da-train-005077,0,2.727560279190147e-07
da-train-005078,0,3.7858141679046284e-07
da-train-005079,1,0.9925793064879836
da-train-005080,0,0.004718341572250373
da-train-005081,0,3.122333382201101e-07
da-train-005082,0,1.7309244009989743e-07
da-train-005083,0,1.1614783048154724e-07
da-train-005084,0,3.5476005124497163e-06
da-train-005085,1,0.9917491502043747
da-train-005086,0,2.594018777761402e-07
da-train-005087,0,1.9879865126450233e-07
da-train-005088,0,0.22702125734408188
da-train-005089,0,0.11737040259745794
da-train-005090,0,3.197928730438608e-07
da-train-005091,0,1.638087834872192e-07
da-train-005092,0,1.6731655331124957e-07
da-train-005093,0,0.03949841479229259
da-train-005094,0,0.03118436707365277
da-train-005095,0,0.002454031060100594
da-train-005096,0,3.1917589920827267e-06
da-train-005097,1,0.9916642117098607
da-train-005098,0,0.03307146683037363
da-train-005099,0,1.0589194980756829e-07
da-train-005100,0,8.34951269928426e-08
da-train-005101,0,9.371622079139281e-07
da-train-005102,0,5.73850448576552e-07
da-train-005103,0,0.005425846705614294
da-train-005104,0,3.2241551238233206e-07
da-train-005105,1,0.9621146297150354
da-train-005106,1,0.9926946885670115
da-train-005107,0,0.0006173116005170268
da-train-005108,0,0.002775121119433043
da-train-005109,0,1.329333728311458e-06
da-train-005110,0,3.6411520894785686e-07
da-train-005111,0,0.0388969822407219
da-train-005112,0,1.603633043358791e-07
da-train-005113,1,0.9926999906267261
da-train-005114,0,2.5759641175626535e-07
da-train-005115,0,2.367110176868472e-07
da-train-005116,0,0.004487831747751355
da-train-005117,0,9.06662750749062e-08
da-train-005118,0,2.2401302596763066e-07
da-train-005119,1,0.979813178477858
da-train-005120,0,4.81379832245706e-07
da-train-005121,0,2.404097973663179e-07
da-train-005122,1,0.9202476954463846
da-train-005123,0,2.2748613266128522e-07
da-train-005124,0,2.083860422982803e-07
da-train-005125,0,0.014090344074317597
da-train-005126,1,0.9916078900188618
da-train-005127,0,0.00662557869411112
da-train-005128,0,3.335245548532097e-07
da-train-005129,0,1.773964422960428e-07
da-train-005130,0,0.7060524686871964
da-train-005131,0,1.3435508709304829e-06
da-train-005132,0,0.002754745754886848
da-train-005133,0,0.003721962688129946
da-train-005134,0,1.826485588892671e-07
da-train-005135,0,1.6862552123601215e-07
da-train-005136,0,0.0013160960237642355
da-train-005137,0,2.761213174760197e-06
da-train-005138,0,2.868495810658588e-07
da-train-005139,0,2.5416678611106814e-07
da-train-005140,0,6.785271158511436e-08
da-train-005141,0,6.695047844081598e-07
da-train-005142,0,1.734259628020839e-07
da-train-005143,0,2.5120342669746785e-07
da-train-005144,0,2.666990405208453e-07
da-train-005145,0,0.8470331960347245
da-train-005146,1,0.992383897121226
da-train-005147,0,1.779023398031536e-07
da-train-005148,0,4.808977272880088e-06
da-train-005149,0,8.861623575333252e-08
da-train-005150,1,0.9920968881369671
da-train-005151,0,0.011323063521518876
da-train-005152,0,1.716993772938308e-07
da-train-005153,1,0.9921696402439982
da-train-005154,0,2.0735336704377252e-07
da-train-005155,0,0.0005962209658010004
da-train-005156,0,1.29495705948776e-05
da-train-005157,0,6.708587564531661e-08
da-train-005158,0,5.905296737853254e-07
da-train-005159,0,3.9349171489947687e-07
da-train-005160,0,4.0307362704189636e-07
da-train-005161,0,2.542306671195178e-07
da-train-005162,0,4.511831569294073e-07
da-train-005163,0,2.3651864607900355e-07
da-train-005164,0,0.003203556798633298
da-train-005165,1,0.9563703162818209
da-train-005166,1,0.9929456473463624
da-train-005167,0,4.231867004214602e-07
da-train-005168,0,1.126192693326345e-07
da-train-005169,0,0.0038054616933262623
da-train-005170,0,7.556177639773614e-07
da-train-005171,0,1.3165436285531984e-06
da-train-005172,0,1.514059899996446e-07
da-train-005173,0,5.537141766261223e-06
da-train-005174,0,2.894567845227268e-07
da-train-005175,0,1.7275433084795147e-07
da-train-005176,1,0.991633768125347
da-train-005177,0,2.2074755736764077e-07
da-train-005178,0,3.2821202001929675e-07
da-train-005179,0,2.4078707500481184e-07
da-train-005180,0,2.091266422864634e-07
da-train-005181,0,1.3607376976192786e-07
da-train-005182,1,0.9919933762700266
da-train-005183,0,3.206496245174805e-07
da-train-005184,0,6.764210319885894e-07
da-train-005185,0,0.1477115275534976
da-train-005186,0,1.1039950468946529e-06
da-train-005187,0,0.0019024107149632028
da-train-005188,0,0.0013937815473367202
da-train-005189,0,7.132982773206931e-07
da-train-005190,0,3.909150272338537e-07
da-train-005191,0,1.9658502983014603e-07
da-train-005192,0,0.002129578506024442
da-train-005193,0,1.8806520838501292e-07
da-train-005194,0,2.404097973663179e-07
da-train-005195,0,2.1630054812559752e-06
da-train-005196,0,2.097773800826709e-07
da-train-005197,0,2.0254643610342933e-07
da-train-005198,0,2.0930426263524544e-07
da-train-005199,0,1.5863854126709312e-05
da-train-005200,0,4.105748327457371e-07
da-train-005201,0,3.308063903586251e-07
da-train-005202,0,0.010635969184971984
da-train-005203,1,0.9917609908631021
da-train-005204,1,0.9915256296641242
da-train-005205,0,2.2591862063760288e-07
da-train-005206,1,0.9923109004295111
da-train-005207,0,0.004714264092330714
da-train-005208,0,0.08996753353518634
da-train-005209,0,3.1917589920827267e-06
da-train-005210,0,0.003255992587659538
da-train-005211,0,4.1942980039240395e-06
da-train-005212,0,3.4794674283897536e-07
da-train-005213,0,0.00741677364673021
da-train-005214,0,2.7717100868366395e-07
da-train-005215,0,5.035360656978115e-07
da-train-005216,0,3.398070741476259e-07
da-train-005217,0,4.6105953929515726e-07
da-train-005218,0,2.409027360905759e-06
da-train-005219,1,0.9921410004633865
da-train-005220,0,0.0011707437199476136
da-train-005221,0,2.4159585675214577e-07
da-train-005222,1,0.9919750031556461
da-train-005223,0,1.1927482922891248e-07
da-train-005224,0,4.849350258951842e-07
da-train-005225,0,6.466031523924541e-07
da-train-005226,0,0.3654248608132613
da-train-005227,0,0.0014448723481805016
da-train-005228,0,2.9022674707584066e-07
da-train-005229,0,2.3995852420736974e-07
da-train-005230,0,4.462260610298457e-07
da-train-005231,0,5.785544610680166e-07
da-train-005232,0,4.169381304774853e-06
da-train-005233,0,0.00020190856295520743
da-train-005234,0,6.372264969202557e-07
da-train-005235,1,0.9847020281824727
da-train-005236,0,3.57699057941376e-07
da-train-005237,0,8.357515129184748e-08
da-train-005238,0,1.4560145460149401e-05
da-train-005239,0,1.0523508179843191e-07
da-train-005240,0,1.1968914795881568e-07
da-train-005241,0,1.888889819319387e-07
da-train-005242,0,1.567998265901713e-07
da-train-005243,0,8.708672903378335e-08
da-train-005244,0,2.868495810658588e-07
da-train-005245,1,0.9924822354936856
da-train-005246,0,2.153457344351771e-07
da-train-005247,0,2.8125630642791745e-08
da-train-005248,0,1.4018819760375596e-07
da-train-005249,0,3.136760630515808e-07
da-train-005250,0,2.5120342669746785e-07
da-train-005251,1,0.9916116328593585
da-train-005252,0,0.9757865185071232
da-train-005253,0,9.647513560169692e-08
da-train-005254,0,6.250572227376179e-08
da-train-005255,0,5.169751544384706e-07
da-train-005256,1,0.9831525030447009
da-train-005257,0,0.014572276860201872
da-train-005258,0,4.236251250898657e-08
da-train-005259,1,0.9490860775816731
da-train-005260,1,0.9918314037900595
da-train-005261,0,3.891379612841043e-08
da-train-005262,0,1.9064302659878285e-07
da-train-005263,0,1.45888015542049e-06
da-train-005264,0,7.489823456265346e-08
da-train-005265,0,2.862623323583691e-07
da-train-005266,1,0.9918256451519025
da-train-005267,0,2.248389626303165e-07
da-train-005268,0,1.8311159271642765e-07
da-train-005269,0,4.0445026552202535e-07
da-train-005270,0,3.295017214493419e-07
da-train-005271,0,1.9658502983014603e-07
da-train-005272,0,1.0501311341868403e-07
da-train-005273,0,2.7450762397922625e-07
da-train-005274,0,1.1189280888612233e-05
da-train-005275,0,1.738266466175486e-06
da-train-005276,1,0.991424338821055
da-train-005277,1,0.9918256451519025
da-train-005278,0,0.005137137565195349
da-train-005279,0,8.18630993060151e-08
da-train-005280,0,1.1651726484974044e-06
da-train-005281,0,9.947469305943295e-07
da-train-005282,0,0.0024184338802660296
da-train-005283,0,1.1542805350464483e-07
da-train-005284,0,7.515629042283842e-08
da-train-005285,0,1.826485588892671e-07
da-train-005286,0,3.4569434944492123e-07
da-train-005287,1,0.9642398199723777
da-train-005288,0,3.883040828716176e-07
da-train-005289,0,2.502859680310363e-07
da-train-005290,1,0.9917091983721544
da-train-005291,0,1.828488199039831e-07
da-train-005292,0,3.5541664653172557e-07
da-train-005293,0,0.008789343256052127
da-train-005294,0,2.285822104855267e-07
da-train-005295,1,0.9918233059718288
da-train-005296,0,7.205452730502277e-07
da-train-005297,0,8.954346129691111e-08
da-train-005298,0,0.00994139807763396
da-train-005299,0,0.0027016838053401863
da-train-005300,0,8.149049937751658e-07
da-train-005301,0,0.005465099328768888
da-train-005302,0,8.145878808998924e-06
da-train-005303,0,1.9367575782799303e-07
da-train-005304,1,0.99242994848424
da-train-005305,0,0.0023379086595947452
da-train-005306,0,1.540506815031747e-07
da-train-005307,1,0.9918779941909989
da-train-005308,0,3.6808431111264926e-07
da-train-005309,0,1.2148082220388426e-06
da-train-005310,1,0.9918364211099094
da-train-005311,0,1.746869368020885e-07
da-train-005312,0,1.3307406971005332e-07
da-train-005313,0,5.0961094099976857e-05
da-train-005314,0,4.6096424567910026e-07
da-train-005315,0,0.1669379347070552
da-train-005316,0,2.4969000759661475e-06
da-train-005317,1,0.9660621440819327
da-train-005318,0,0.992383897121226
da-train-005319,0,3.1291425076989724e-06
da-train-005320,0,1.7970966941909888e-07
da-train-005321,0,2.095922805956523e-07
da-train-005322,1,0.9914642906532753
da-train-005323,0,1.403275335333424e-07
da-train-005324,0,1.7335351791630465e-07
da-train-005325,0,4.208540497033703e-07
da-train-005326,0,5.518545051200726e-07
da-train-005327,0,1.9267341572151822e-07
da-train-005328,0,7.760668464006888e-07
da-train-005329,0,2.908519791264427e-07
da-train-005330,0,7.324864681916882e-08
da-train-005331,1,0.9914642906532753
da-train-005332,0,3.2510090812268894e-07
da-train-005333,0,9.261861412115071e-07
da-train-005334,0,1.6457765938011452e-07
da-train-005335,1,0.9919933762700266
da-train-005336,0,0.0038243416193953586
da-train-005337,0,2.940670591542473e-07
da-train-005338,1,0.9915206123442742
da-train-005339,0,3.9086461076282574e-07
da-train-005340,0,2.909850620708368e-07
da-train-005341,0,4.7298300729838005e-07
da-train-005342,0,5.790346994579168e-07
da-train-005343,0,4.137086289430603e-07
da-train-005344,0,2.0526788717302876e-07
da-train-005345,0,1.379364122945555e-06
da-train-005346,0,0.00025467748356646153
da-train-005347,0,2.7300221973549064e-07
da-train-005348,0,6.434577385758773e-07
da-train-005349,0,2.232419081410939e-07
da-train-005350,0,1.52437909193295e-07
da-train-005351,0,1.6183142098010056e-07
da-train-005352,0,2.796291699422163e-06
da-train-005353,0,1.1106648673467066e-07
da-train-005354,0,4.001290419331321e-07
da-train-005355,0,0.0004547680662690061
da-train-005356,0,8.692486287506079e-07
da-train-005357,0,5.496135067781923e-07
da-train-005358,0,3.816823326388713e-07
da-train-005359,0,6.527981400717724e-08
da-train-005360,0,1.5444580229217529e-06
da-train-005361,0,2.550227208897716e-07
da-train-005362,0,1.812535803874513e-07
da-train-005363,1,0.9921369756356131
da-train-005364,1,0.9915679381866416
da-train-005365,0,1.5658159420909096e-07
da-train-005366,0,6.182605645395753e-07
da-train-005367,0,9.870694549327563e-08
da-train-005368,0,6.535193999728838e-07
da-train-005369,1,0.9926521354598101
da-train-005370,0,1.1228917314446143e-07
da-train-005371,0,1.5024849463891952e-06
da-train-005372,1,0.9929152037618486
da-train-005373,0,1.7732881626158223e-07
da-train-005374,0,0.009764711160389088
da-train-005375,0,4.255996490820594e-08
da-train-005376,0,9.756263552945348e-07
da-train-005377,0,1.9438196618528092e-07
da-train-005378,0,0.008253193879878098
da-train-005379,0,3.7139943828046084e-07
da-train-005380,0,9.928247316952648e-08
da-train-005381,0,0.005064583862012329
da-train-005382,0,4.127960391115134e-06
da-train-005383,0,0.0020237796323275153
da-train-005384,0,2.409027360905759e-06
da-train-005385,0,2.7161554234245126e-07
da-train-005386,0,1.9098445315013504e-05
da-train-005387,0,3.476256253277789e-07
da-train-005388,1,0.9915655814963444
da-train-005389,0,8.680602459214394e-08
da-train-005390,0,0.010695411640948171
da-train-005391,1,0.9915679381866416
da-train-005392,0,1.210856849799129e-07
da-train-005393,0,0.01103068687814779
da-train-005394,0,9.856454939119378e-08
da-train-005395,0,3.900111256015999e-07
da-train-005396,0,3.915943507556665e-07
da-train-005397,0,7.132982773206931e-07
da-train-005398,0,0.0012613601777666484
da-train-005399,0,8.216416665036675e-08
da-train-005400,0,0.016116463575669347
da-train-005401,0,1.2366621176491505e-07
da-train-005402,0,1.3443102281354785e-07
da-train-005403,1,0.9923439452890057
da-train-005404,0,1.1608293785456401e-07
da-train-005405,0,5.024444755559833e-07
da-train-005406,0,4.4616584682480643e-07
da-train-005407,1,0.9922111314030672
da-train-005408,1,0.8866259734649278
da-train-005409,0,1.7732881626158223e-07
da-train-005410,0,0.0046384875120157225
da-train-005411,0,1.6705651695743596e-06
da-train-005412,0,3.267966706952653e-07
da-train-005413,0,1.2626413438521384e-07
da-train-005414,0,2.71914511525278e-07
da-train-005415,1,0.9926946885670115
da-train-005416,0,9.901348146155625e-08
da-train-005417,0,5.496135067781923e-07
da-train-005418,0,9.331225310517227e-08
da-train-005419,0,0.9917528930448714
da-train-005420,0,0.005662479316893311
da-train-005421,0,1.1523461884464048e-07
da-train-005422,1,0.9921977446484384
da-train-005423,0,1.2758799536631107e-07
da-train-005424,0,1.9267341572151822e-07
da-train-005425,0,1.3669003830325208e-07
da-train-005426,0,3.8283404590522867e-07
da-train-005427,1,0.9921645410021278
da-train-005428,0,2.0190201425631283e-07
da-train-005429,0,1.9724279196898946e-07
da-train-005430,0,0.0035082491301657703
da-train-005431,1,0.9921673010639246
da-train-005432,0,3.8387009336939766e-07
da-train-005433,1,0.7094234736543615
da-train-005434,1,0.9923534535367123
da-train-005435,0,3.776492397427312e-07
da-train-005436,1,0.9917528930448714
da-train-005437,1,0.9916642117098607
da-train-005438,0,8.563029084955555e-07
da-train-005439,0,1.0448995197200851e-06
da-train-005440,0,3.406520638618792e-07
da-train-005441,0,2.3195636082257365e-07
da-train-005442,0,2.1751510726980029e-07
da-train-005443,0,1.1968914795881568e-07
da-train-005444,0,2.404097973663179e-07
da-train-005445,1,0.9921314922156799
da-train-005446,1,0.9695660264552579
da-train-005447,0,3.4802181490466446e-07
da-train-005448,0,3.6737660487659303e-07
da-train-005449,0,2.2036398646231233e-07
da-train-005450,0,0.010968015504912056
da-train-005451,0,3.871968909529241e-07
da-train-005452,0,1.1651726484974044e-06
da-train-005453,0,2.523328238189422e-07
da-train-005454,0,1.3823834885913188e-07
da-train-005455,1,0.9920504334024535
da-train-005456,1,0.9927331942730366
da-train-005457,0,1.218225427267077e-07
da-train-005458,0,1.9267341572151822e-07
da-train-005459,0,0.0024582406409528086
da-train-005460,0,1.6962998686884804e-07
da-train-005461,1,0.9920968112721718
da-train-005462,0,4.2772732321956e-08
da-train-005463,0,8.836006243500397e-07
da-train-005464,0,8.692486287506079e-07
da-train-005465,0,1.6776181811107907e-07
da-train-005466,1,0.9709289753472282
da-train-005467,1,0.9918537495563425
da-train-005468,1,0.8777028154508182
da-train-005469,0,0.006107783247231849
da-train-005470,0,1.6749220501157913e-06
da-train-005471,0,8.795918457007568e-07
da-train-005472,0,0.0034689753730369056
da-train-005473,0,6.466031523924541e-07
da-train-005474,1,0.7070555635407364
da-train-005475,0,8.326564627742952e-08
da-train-005476,0,2.0138115903613053e-06
da-train-005477,0,0.00020190856295520743
da-train-005478,0,1.6686100689941105e-07
da-train-005479,0,1.5439018676776044e-07
da-train-005480,0,2.1480264182194607e-07
da-train-005481,1,0.9354676442787021
da-train-005482,1,0.9927013271357303
da-train-005483,0,9.391236189979781e-07
da-train-005484,1,0.9918830115108488
da-train-005485,0,1.5901806332778327e-07
da-train-005486,0,4.193789258076586e-08
da-train-005487,0,1.751817339662986e-07
da-train-005488,0,7.205452730502277e-07
da-train-005489,0,2.4772910153815415e-07
da-train-005490,1,0.9918843581988459
da-train-005491,0,6.072730055724084e-07
da-train-005492,0,1.5808951692270285e-07
da-train-005493,0,3.242853526915994e-08
da-train-005494,0,2.401715753585989e-07
da-train-005495,0,1.1193237122611286e-07
da-train-005496,0,8.293882547841394e-07
da-train-005497,0,6.98159802761858e-08
da-train-005498,0,2.152228445410404e-07
da-train-005499,1,0.7119858310582498
da-train-005500,0,1.819298136566037e-07
da-train-005501,0,4.1784719188822233e-07
da-train-005502,0,3.293890738482317e-07
da-train-005503,0,5.603744110263243e-07
da-train-005504,0,1.0811964454068523e-07
da-train-005505,0,1.6111618179380695e-07
da-train-005506,0,1.4230261474600953e-07
da-train-005507,1,0.9926946885670115
da-train-005508,1,0.9918830115108488
da-train-005509,0,2.2826716988036914e-07
da-train-005510,0,8.149049937751658e-07
da-train-005511,0,1.8278197789200184e-07
da-train-005512,0,9.775438263518864e-08
da-train-005513,0,7.55162447965786e-07
da-train-005514,0,3.678745062278189e-08
da-train-005515,0,1.4280363442791396e-07
da-train-005516,0,1.4319909969026594e-07
da-train-005517,0,1.8476599975359086e-07
da-train-005518,0,0.03884090880707979
da-train-005519,0,1.495906909642302e-07
da-train-005520,0,6.48836308421366e-07
da-train-005521,0,0.0012435647986676042
da-train-005522,0,0.0022912597892330772
da-train-005523,0,0.002452474664346151
da-train-005524,0,2.3195636082257365e-07
da-train-005525,0,1.3348836119629994e-07
da-train-005526,0,2.666247738452556e-07
da-train-005527,0,6.627040902586006e-08
da-train-005528,0,0.011682865401324268
da-train-005529,0,0.0037872011541337423
da-train-005530,0,3.54435607325728e-07
da-train-005531,1,0.9920504334024535
da-train-005532,0,1.1184826562531056e-07
da-train-005533,1,0.9917795937888885
da-train-005534,0,4.5428982989761875e-07
da-train-005535,0,3.3908457205237496e-07
da-train-005536,0,1.888889819319387e-07
da-train-005537,1,0.9504664300850781
da-train-005538,0,6.800002155539921e-07
da-train-005539,0,0.0021955539172322804
da-train-005540,0,2.614316445693512e-07
da-train-005541,0,7.443259434627662e-07
da-train-005542,0,1.5171527642268866e-07
da-train-005543,1,0.9914501994173168
da-train-005544,0,1.792002450224892e-07
da-train-005545,0,1.811513187853141e-07
da-train-005546,0,0.004191056671703113
da-train-005547,0,3.7340511826983334e-07
da-train-005548,0,1.3789503416236687e-07
da-train-005549,0,7.81853659254432e-07
da-train-005550,0,2.8900552827356517e-07
da-train-005551,0,2.39598593719281e-07
da-train-005552,0,1.0874548042721474e-05
da-train-005553,0,0.00504127033723899
da-train-005554,0,4.2972502665609095e-07
da-train-005555,0,2.393968371314676e-07
da-train-005556,0,0.006242142998733439
da-train-005557,0,3.1156917314089535e-07
da-train-005558,1,0.9918537495563425
da-train-005559,1,0.9367322381616389
da-train-005560,0,7.068889485762195e-08
da-train-005561,0,2.3987200285855604e-07
da-train-005562,1,0.6474472507204764
da-train-005563,0,6.131030517597431e-07
da-train-005564,0,3.1156917314089535e-07
da-train-005565,0,3.241109948050787e-07
da-train-005566,1,0.9921273317214808
da-train-005567,1,0.9715343745213602
da-train-005568,1,0.7490658902076198
da-train-005569,0,3.284494946923788e-07
da-train-005570,0,1.363159892001675e-06
da-train-005571,0,0.005069164224009908
da-train-005572,0,7.275161180883989e-07
da-train-005573,0,2.972259969670821e-07
da-train-005574,0,0.007875838496220096
da-train-005575,0,6.500387198150305e-07
da-train-005576,0,1.53020721968326e-05
da-train-005577,0,4.097168405354082e-08
da-train-005578,0,3.423750633430996e-07
da-train-005579,0,1.2331858758462537e-07
da-train-005580,0,3.295017214493419e-07
da-train-005581,0,0.006860230293166515
da-train-005582,0,2.972259969670821e-07
da-train-005583,0,2.6153486420229265e-07
da-train-005584,0,5.978114821162479e-07
da-train-005585,0,3.654863076512649e-07
da-train-005586,1,0.976289269831942
da-train-005587,0,5.014863636726088e-06
da-train-005588,0,9.278676539287731e-08
da-train-005589,0,9.718585422145057e-07
da-train-005590,0,1.8321019120417273e-07
da-train-005591,0,2.131497794926447e-07
da-train-005592,1,0.9923109004295111
da-train-005593,0,5.47736434017152e-07
da-train-005594,0,4.107143299658778e-07
da-train-005595,0,0.010591142009429356
da-train-005596,1,0.9915256296641242
da-train-005597,0,0.004349341865855151
da-train-005598,0,0.006020040570338625
da-train-005599,0,1.0586416858668113e-07
da-train-005600,0,1.8228400600716258e-07
da-train-005601,0,9.915935894082228e-07
da-train-005602,0,4.5761657759170854e-07
da-train-005603,0,3.616332743021446e-07
da-train-005604,0,1.981796865339788e-06
da-train-005605,0,4.402127422305972e-07
da-train-005606,0,1.1476792136347427e-06
da-train-005607,1,0.9925288258946249
da-train-005608,1,0.9585842963055207
da-train-005609,0,0.0036919944608637656
da-train-005610,0,9.643620220053281e-08
da-train-005611,0,0.0037482214919488444
da-train-005612,0,1.1462777273927386e-07
da-train-005613,0,5.779847817599991e-07
da-train-005614,0,4.997660340605597e-07
da-train-005615,0,1.9629079997857582e-07
da-train-005616,0,5.504284201477423e-06
da-train-005617,0,4.133126745206718e-08
da-train-005618,0,0.013052138582245453
da-train-005619,0,3.2645568210212847e-06
da-train-005620,0,5.333813020686555e-07
da-train-005621,1,0.9921696402439982
da-train-005622,0,5.73850448576552e-07
da-train-005623,0,7.02468797083726e-07
da-train-005624,0,3.409634994429887e-07
da-train-005625,0,1.7152141878268822e-07
da-train-005626,0,0.007120778335144097
da-train-005627,0,3.018856103344003e-07
da-train-005628,0,1.027851968794534e-06
da-train-005629,0,4.738447305133991e-07
da-train-005630,1,0.99256149050301
da-train-005631,0,3.58571088330706e-07
da-train-005632,0,1.6468224644564578e-07
da-train-005633,0,1.4282744519405428e-07
da-train-005634,0,0.00560414139239201
da-train-005635,0,3.112892587392296e-07
da-train-005636,0,2.222902723148688e-07
da-train-005637,0,7.79546228543402e-07
da-train-005638,1,0.7144455416853198
da-train-005639,0,2.472818750018402e-07
da-train-005640,0,2.0058298474386726e-07
da-train-005641,0,1.3966000567216552e-07
da-train-005642,0,7.179444506149764e-07
da-train-005643,0,5.02543855554843e-07
da-train-005644,0,1.0132615026180885e-07
da-train-005645,0,3.372972512516757e-07
da-train-005646,0,3.8551972179541526e-07
da-train-005647,0,1.2253368455522018e-06
da-train-005648,0,1.0103326301537272e-07
da-train-005649,0,2.357593818606221e-07
da-train-005650,0,0.003473257414689965
da-train-005651,0,7.516203770757086e-07
da-train-005652,1,0.9843908775505007
da-train-005653,0,4.606644683747203e-07
da-train-005654,0,1.4660258260878018e-07
da-train-005655,0,4.911662675508058e-07
da-train-005656,1,0.9920968881369671
da-train-005657,0,2.614316445693512e-07
da-train-005658,0,2.516338083533721e-07
da-train-005659,0,4.507755069577482e-07
da-train-005660,0,1.7840974963810098e-07
da-train-005661,0,3.4380744921162024e-07
da-train-005662,0,3.0287978797120913e-07
da-train-005663,0,1.8257744136854853e-07
da-train-005664,1,0.9919933762700266
da-train-005665,0,4.7541841977274433e-07
da-train-005666,0,6.846240859718816e-07
da-train-005667,0,9.766620384429951e-08
da-train-005668,0,3.720271477175743e-07
da-train-005669,0,4.550451410187925e-07
da-train-005670,0,0.003672608644734114
da-train-005671,0,0.037351358471070836
da-train-005672,0,4.0029542663487505e-07
da-train-005673,0,1.3209268968298782e-05
da-train-005674,0,9.775438263518864e-08
da-train-005675,0,2.204454373224898e-07
da-train-005676,0,0.0002510231857761553
da-train-005677,0,1.4038916853305324e-06
da-train-005678,0,1.8182302746134477e-07
da-train-005679,0,4.7928476080504535e-06
da-train-005680,0,0.006606585086310848
da-train-005681,0,7.663511451609917e-07
da-train-005682,0,3.1996017078796854e-07
da-train-005683,0,1.422705532851856e-07
da-train-005684,1,0.5158997130779918
da-train-005685,0,1.3015031180730316e-07
da-train-005686,1,0.9922121933511995
da-train-005687,0,8.335341675435442e-08
da-train-005688,0,6.545506277552487e-07
da-train-005689,0,1.8705981335520413e-07
da-train-005690,0,4.129528918670316e-07
da-train-005691,0,0.00490344367334022
da-train-005692,1,0.9915206123442742
da-train-005693,0,1.3805486472341604e-07
da-train-005694,1,0.9912784956472902
da-train-005695,0,4.147925918940591e-07
da-train-005696,0,1.1614783048154724e-07
da-train-005697,0,3.594160780449594e-07
da-train-005698,0,1.7246337477676728e-06
da-train-005699,0,2.6393363707888907e-07
da-train-005700,0,0.1348156303812487
da-train-005701,0,3.1722488384838704e-07
da-train-005702,0,2.69305163518603e-07
da-train-005703,0,0.008301147043062848
da-train-005704,0,2.504763271661979e-07
da-train-005705,0,2.4524504707745823e-07
da-train-005706,0,1.1263599447726426e-06
da-train-005707,0,0.002745171290387788
da-train-005708,0,6.231540854758486e-07
da-train-005709,0,2.876945707801121e-07
da-train-005710,0,3.2907908210491576e-07
da-train-005711,1,0.9700921772777882
da-train-005712,1,0.6489918976404491
da-train-005713,0,0.0002600217065676174
da-train-005714,0,2.2690060200006441e-07
da-train-005715,1,0.9920256183843588
da-train-005716,0,1.1824190062633666e-07
da-train-005717,1,0.8339064050827164
da-train-005718,0,3.1283107333732743e-07
da-train-005719,0,6.241519867239816e-08
da-train-005720,0,1.1264561871169174e-07
da-train-005721,0,6.855968756848685e-08
da-train-005722,1,0.9914925079398342
da-train-005723,0,9.643708575273696e-08
da-train-005724,1,0.881650093029379
da-train-005725,1,0.9921722415189791
da-train-005726,0,1.1494299755944055e-07
da-train-005727,0,5.620701822952899e-07
da-train-005728,0,5.508443734313526e-07
da-train-005729,0,7.867004496165996e-07
da-train-005730,1,0.9920968112721718
da-train-005731,0,7.963048034501471e-07
da-train-005732,0,0.0031024279960597226
da-train-005733,0,0.0026923823873780043
da-train-005734,0,2.6092530404209263e-06
da-train-005735,1,0.9922380714576846
da-train-005736,0,1.3852579896471165e-07
da-train-005737,0,0.00030654659326153017
da-train-005738,0,4.702754467756723e-07
da-train-005739,0,1.6297010244586261e-07
da-train-005740,0,1.716993772938308e-07
da-train-005741,0,8.30642101421447e-08
da-train-005742,0,0.06820071907439408
da-train-005743,0,1.213665568020729e-07
da-train-005744,0,1.2734308704083406e-07
da-train-005745,0,4.580055287575256e-07
da-train-005746,0,1.6997196168789835e-07
da-train-005747,0,2.606230965784157e-07
da-train-005748,0,1.8804659572394517e-07
da-train-005749,0,1.1333809340914515e-06
da-train-005750,1,0.9666122622770333
da-train-005751,0,1.7439650923428797e-06
da-train-005752,0,2.218753402607892e-07
da-train-005753,0,5.985111064026799e-07
da-train-005754,0,0.00534340956008758
da-train-005755,0,1.4862704979157388e-07
da-train-005756,0,2.089743872011778e-06
da-train-005757,0,3.692751271326179e-07
da-train-005758,1,0.9919597884456532
da-train-005759,0,1.6537408831962922e-07
da-train-005760,0,2.9663504834972103e-07
da-train-005761,0,2.2700303617759553e-07
da-train-005762,0,8.652837766435025e-08
da-train-005763,0,8.177109563755271e-08
da-train-005764,0,4.876152684692165e-07
da-train-005765,0,8.340374506033328e-07
da-train-005766,1,0.9925793064879836
da-train-005767,0,0.008230574716120235
da-train-005768,0,5.886672476200397e-08
da-train-005769,0,1.442237038160417e-07
da-train-005770,1,0.991997348921929
da-train-005771,0,2.6838952220075856e-07
da-train-005772,0,5.943344648037383e-07
da-train-005773,0,0.0018413829915623955
da-train-005774,0,3.924794022587442e-08
da-train-005775,0,1.750282920223903e-07
da-train-005776,0,9.053349562296443e-07
da-train-005777,0,5.173431852109857e-07
da-train-005778,0,1.4163520078417164e-07
da-train-005779,0,4.84941063482384e-06
da-train-005780,0,8.758845136102427e-07
da-train-005781,0,3.056362479665583e-07
da-train-005782,0,3.5601124675928435e-07
da-train-005783,0,1.3823834885913188e-07
da-train-005784,0,0.03943126783564766
da-train-005785,0,3.6480861568111926e-07
da-train-005786,0,2.040396999631543e-07
da-train-005787,0,2.4524504707745823e-07
da-train-005788,0,1.1098848325150246e-07
da-train-005789,0,1.0298476473189157e-07
da-train-005790,0,0.002685266412307598
da-train-005791,0,0.0030642268935657264
da-train-005792,0,1.5658159420909096e-07
da-train-005793,0,5.691338946367254e-07
da-train-005794,0,1.7971709371337945e-07
da-train-005795,1,0.9933030291930871
da-train-005796,0,1.2152391165713808e-07
da-train-005797,0,2.209237044345641e-07
da-train-005798,1,0.9918843581988459
da-train-005799,0,0.000648891764267461
da-train-005800,0,2.7811172017707916e-07
da-train-005801,0,0.03570205905550262
da-train-005802,0,0.005988953704475604
da-train-005803,1,0.9932564387921478
da-train-005804,0,3.5541664653172557e-07
da-train-005805,0,3.891507404847494e-07
da-train-005806,1,0.9918843581988459
da-train-005807,0,2.289894663897976e-06
da-train-005808,1,0.9919467858690872
da-train-005809,0,4.398116385467674e-06
da-train-005810,0,4.836938307590902e-07
da-train-005811,0,1.0360944672152421e-07
da-train-005812,0,7.981562077995274e-07
da-train-005813,0,3.8551972179541526e-07
da-train-005814,0,2.4660323587000258e-06
da-train-005815,0,1.4530326281921113e-07
da-train-005816,0,1.451870572173e-06
da-train-005817,1,0.9917491502043747
da-train-005818,0,3.2308898089062144e-07
da-train-005819,0,9.442154245122357e-08
da-train-005820,0,2.224753718018874e-07
da-train-005821,0,4.889356474562161e-07
da-train-005822,0,1.6330960771044838e-07
da-train-005823,0,1.934365212879573e-07
da-train-005824,0,3.778204219684203e-07
da-train-005825,1,0.9925085360942236
da-train-005826,0,1.7229553889122272e-07
da-train-005827,0,3.365165828569012e-07
da-train-005828,0,8.294954397576504e-08
da-train-005829,0,4.849350258951842e-07
da-train-005830,0,2.7489251696081876e-07
da-train-005831,0,0.003079564417841332
da-train-005832,0,1.9156446214654204e-07
da-train-005833,0,2.500490878199148e-07
da-train-005834,0,3.356715931426478e-07
da-train-005835,0,9.628193991417344e-08
da-train-005836,0,0.00030097967684658875
da-train-005837,0,2.2750063354116267e-07
da-train-005838,1,0.9920941280751704
da-train-005839,0,1.9679752108640474e-07
da-train-005840,0,0.000604363335336754
da-train-005841,0,1.3014782152458666e-07
da-train-005842,0,7.728196425814926e-08
da-train-005843,0,8.066423251706053e-07
da-train-005844,0,3.3683388774572055e-07
da-train-005845,1,0.9925712086697529
da-train-005846,0,3.6934147182738765e-07
da-train-005847,1,0.9914642906532753
da-train-005848,0,0.0028500998036379115
da-train-005849,0,0.009557280205905351
da-train-005850,0,1.9021562085086443e-07
da-train-005851,0,9.453149969058976e-08
da-train-005852,0,5.334857542074741e-07
da-train-005853,1,0.9925712086697529
da-train-005854,0,1.3853106214356666e-07
da-train-005855,0,1.518226733965257e-07
da-train-005856,0,2.1725078664661488e-07
da-train-005857,0,2.1262598577489468e-07
da-train-005858,0,0.0011094887592441862
da-train-005859,0,1.330116270779119e-07
da-train-005860,1,0.9916078900188618
da-train-005861,1,0.9917396419566681
da-train-005862,0,3.436997929912514e-08
da-train-005863,1,0.9687229675744624
da-train-005864,0,0.00748051720248066
da-train-005865,1,0.9919669053374154
da-train-005866,1,0.9927013271357303
da-train-005867,0,1.5560380977794875e-07
da-train-005868,0,1.9877345157262082e-07
da-train-005869,0,7.634373051667452e-07
da-train-005870,0,2.13625856585877e-06
da-train-005871,0,2.2316166241356634e-07
da-train-005872,0,1.5049996690495386e-05
da-train-005873,1,0.9923587555964271
da-train-005874,1,0.9930905761197613
da-train-005875,0,0.003603623825722516
da-train-005876,0,2.1013007510341412e-07
da-train-005877,1,0.992383897121226
da-train-005878,0,3.824062084129088e-07
da-train-005879,0,1.1578768584588965e-07
da-train-005880,0,2.1965653209705662e-07
da-train-005881,0,1.3743840132541787e-07
da-train-005882,0,1.4549065528070805e-07
da-train-005883,0,1.819298136566037e-07
da-train-005884,0,4.08624063137142e-07
da-train-005885,0,0.0031776307028245684
da-train-005886,0,2.614316445693512e-07
da-train-005887,0,1.420545246984747e-07
da-train-005888,0,2.6092530404209263e-06
da-train-005889,0,2.073942442664623e-07
da-train-005890,0,1.4191692054133393e-07
da-train-005891,0,9.701403496212601e-08
da-train-005892,0,9.166344929292912e-07
da-train-005893,0,2.1610697266891443e-07
da-train-005894,0,2.525699945777726e-07
da-train-005895,0,2.2355694874625148e-07
da-train-005896,1,0.9624704072105733
da-train-005897,0,0.007973786313743802
da-train-005898,0,2.4272500604637236e-06
da-train-005899,0,9.337975266341778e-07
da-train-005900,0,0.0013402123188546073
da-train-005901,0,0.00190745557022622
da-train-005902,0,4.958445963504335e-07
da-train-005903,0,7.32285705334629e-08
da-train-005904,0,1.5859307476845394e-06
da-train-005905,1,0.8031755692222774
da-train-005906,1,0.9921369756356131
da-train-005907,0,0.014922373703693204
da-train-005908,0,4.783270720482884e-08
da-train-005909,0,2.222902723148688e-07
da-train-005910,1,0.9920256183843588
da-train-005911,0,3.3485743324167054e-07
da-train-005912,0,6.805772113592888e-07
da-train-005913,0,3.8264498312503584e-07
da-train-005914,0,3.6638963951085907e-07
da-train-005915,0,5.808050264869497e-07
da-train-005916,1,0.8665456342456722
da-train-005917,0,0.004053125880939908
da-train-005918,0,3.04449483165531e-07
da-train-005919,0,0.005033547525381112
da-train-005920,1,0.9917491502043747
da-train-005921,0,1.2025743763279723e-07
da-train-005922,0,8.436676480456564e-07
da-train-005923,0,4.834633147318519e-07
da-train-005924,0,1.6836193519918187e-07
da-train-005925,1,0.9915679381866416
da-train-005926,0,0.009232832498226968
da-train-005927,0,8.763031954164233e-07
da-train-005928,0,4.388074183125443e-06
da-train-005929,0,1.3620699866802983e-07
da-train-005930,1,0.9921714440479003
da-train-005931,0,0.18803452929542921
da-train-005932,1,0.9933030291930871
da-train-005933,0,3.86635275232124e-08
da-train-005934,0,1.0202829831694702e-07
da-train-005935,0,2.2539624644686479e-07
da-train-005936,0,2.880686328592334e-07
da-train-005937,0,8.500740647716086e-07
da-train-005938,1,0.9915960425910816
da-train-005939,0,0.0014168295648558996
da-train-005940,0,2.5543837652740067e-07
da-train-005941,0,0.010629475355943878
da-train-005942,0,0.028404372159241704
da-train-005943,1,0.9923534535367123
da-train-005944,0,5.450928003635378e-07
da-train-005945,0,2.2750063354116267e-07
da-train-005946,1,0.992555126495163
da-train-005947,0,9.030703675820785e-08
da-train-005948,0,4.090086368113489e-08
da-train-005949,1,0.9925288258946249
da-train-005950,0,2.59688643241043e-06
da-train-005951,1,0.9915655990065678
da-train-005952,1,0.9918256451519025
da-train-005953,1,0.9926999906267261
da-train-005954,0,5.284301999373673e-07
da-train-005955,0,1.1591496746404378e-06
da-train-005956,0,2.1598869935691171e-07
da-train-005957,0,7.50959552671133e-08
da-train-005958,0,6.672535841327701e-08
da-train-005959,0,9.621717748810344e-06
da-train-005960,1,0.9916820457863159
da-train-005961,1,0.9919669053374154
da-train-005962,0,1.0234177855217643e-06
da-train-005963,0,1.506500201459557e-07
da-train-005964,0,3.777266577416575e-08
da-train-005965,0,2.7920808920263182e-06
da-train-005966,0,2.526894534198743e-07
da-train-005967,0,3.7035051827567016e-07
da-train-005968,1,0.9915256296641242
da-train-005969,0,4.038943625461353e-06
da-train-005970,0,2.4434237074433036e-07
da-train-005971,0,6.474562938738121e-08
da-train-005972,0,6.760889626843068e-07
da-train-005973,0,4.0105239274448985e-05
da-train-005974,0,1.781461636012707e-07
da-train-005975,1,0.9927013271357303
da-train-005976,0,1.9651965189212238e-07
da-train-005977,0,4.1363899700082985e-08
da-train-005978,0,0.024123487720095444
da-train-005979,0,2.8492832526126435e-06
da-train-005980,0,3.1722488384838704e-07
da-train-005981,1,0.9927465810276654
da-train-005982,1,0.9926946885670115
da-train-005983,0,3.077576016184681e-07
da-train-005984,0,1.163336911485567e-07
da-train-005985,0,4.1022176519732235e-08
da-train-005986,1,0.9914925079398342
da-train-005987,0,1.120186540468622e-07
da-train-005988,0,1.3198337358916657e-05
da-train-005989,1,0.9920941280751704
da-train-005990,1,0.9916055508387882
da-train-005991,0,0.0026224771072242783
da-train-005992,1,0.9920968112721718
da-train-005993,0,0.006003336517792977
da-train-005994,0,7.583516325408908e-08
da-train-005995,0,1.4318971234801786e-06
da-train-005996,0,3.948954949698897e-07
da-train-005997,0,2.6153486420229265e-07
da-train-005998,0,2.1776220293377157e-06
da-train-005999,0,1.4343228344870126e-07
da-train-006000,0,3.499181534952094e-07
da-train-006001,0,9.073750532636232e-08
da-train-006002,0,2.6080301063382673e-06
da-train-006003,0,1.1801655545828026e-05
da-train-006004,0,2.958908969818184e-07
da-train-006005,1,0.9653424743413647
da-train-006006,1,0.9179941682219172
da-train-006007,1,0.9921645410021278
da-train-006008,1,0.9607034888670493
da-train-006009,0,4.1725125167015794e-08
da-train-006010,1,0.9921273317214808
da-train-006011,0,1.1089444925662545e-07
da-train-006012,0,5.740308117037096e-07
da-train-006013,1,0.9919556279514543
da-train-006014,0,3.5541664653172557e-07
da-train-006015,0,8.093342161134237e-08
da-train-006016,0,7.812668602739457e-07
da-train-006017,0,1.2151358131232234e-06
da-train-006018,0,9.339998638922648e-08
da-train-006019,0,0.004352288545929509
da-train-006020,1,0.9915256296641242
da-train-006021,0,4.947383980599762e-07
da-train-006022,0,6.066806315727138e-07
da-train-006023,0,0.008567644713166922
da-train-006024,0,2.3772083607472255e-07
da-train-006025,0,0.015020844395404515
da-train-006026,1,0.9923587555964271
da-train-006027,1,0.9924888740624045
da-train-006028,0,4.203543445251711e-07
da-train-006029,0,0.017293917447231494
da-train-006030,0,2.7300221973549064e-07
da-train-006031,0,0.31914909137243996
da-train-006032,0,1.1539753816892742e-07
da-train-006033,0,0.007308893232391128
da-train-006034,0,1.2695856062550297e-06
da-train-006035,1,0.9923547307686537
da-train-006036,0,4.285408315066531e-07
da-train-006037,0,5.400866882110086e-07
da-train-006038,0,1.694866150599052e-07
da-train-006039,0,1.514897942495458e-07
da-train-006040,0,1.0959391778048458e-07
da-train-006041,0,0.012988306195413746
da-train-006042,0,2.047755488300026e-07
da-train-006043,0,3.839414084650538e-07
da-train-006044,0,0.002094862328992365
da-train-006045,0,2.5705352113946297e-07
da-train-006046,0,9.50512509527142e-08
da-train-006047,0,5.236901098580377e-07
da-train-006048,1,0.9927412789679506
da-train-006049,0,4.0952090515220375e-06
da-train-006050,0,4.1473429785943434e-07
da-train-006051,1,0.9925793064879836
da-train-006052,0,1.1780889458768609e-05
da-train-006053,0,2.785006191656332e-06
da-train-006054,0,0.0030453749242167843
da-train-006055,0,0.0023333545544265656
da-train-006056,1,0.9927013271357303
da-train-006057,0,8.733281860073537e-07
da-train-006058,0,1.7174338716243607e-07
da-train-006059,0,1.0173288242844076e-06
da-train-006060,0,1.9456354863612486e-07
da-train-006061,0,1.7284679680847578e-07
da-train-006062,0,6.741789117809669e-07
da-train-006063,1,0.9796642847603207
da-train-006064,0,1.9803211492529583e-07
da-train-006065,1,0.9929456473463624
da-train-006066,0,1.4740988635490747e-07
da-train-006067,0,6.365436777657013e-07
da-train-006068,1,0.9916820457863159
da-train-006069,1,0.992654736734791
da-train-006070,0,6.782329259404442e-05
da-train-006071,0,5.66783815974175e-07
da-train-006072,0,1.1326699427197256e-06
da-train-006073,0,0.00632856606467768
da-train-006074,0,1.1567338376267128e-07
da-train-006075,0,8.177109563755271e-08
da-train-006076,1,0.9921722415189791
da-train-006077,0,1.2747050415960374e-07
da-train-006078,0,2.618062923653223e-07
da-train-006079,1,0.9917091983721544
da-train-006080,0,3.423750633430996e-07
da-train-006081,0,1.1181162750688697e-07
da-train-006082,0,0.010835199453624225
da-train-006083,0,2.8920672484706005e-06
da-train-006084,0,0.00658319443210646
da-train-006085,0,2.0607900534779402e-07
da-train-006086,0,8.213638542947961e-08
da-train-006087,0,6.800002155539921e-07
da-train-006088,0,8.339702510622893e-08
da-train-006089,1,0.9915351379118308
da-train-006090,0,1.8777029611688386e-07
da-train-006091,0,2.790771371997414e-07
da-train-006092,1,0.9922174954109142
da-train-006093,0,3.2364223749426026e-07
da-train-006094,0,2.367839187942572e-07
da-train-006095,0,1.5722516905310702e-07
da-train-006096,1,0.9918843581988459
da-train-006097,0,2.876945707801121e-07
da-train-006098,0,2.15123453439131e-07
da-train-006099,0,2.6651345471139375e-07
da-train-006100,0,7.158835279642622e-08
da-train-006101,1,0.8422297317610729
da-train-006102,1,0.9926946885670115
da-train-006103,0,3.242078406371925e-07
da-train-006104,1,0.9918843581988459
da-train-006105,0,8.321150323416271e-08
da-train-006106,0,1.6634020190137938e-07
da-train-006107,1,0.9914901687597605
da-train-006108,0,5.321812958493703e-08
da-train-006109,1,0.9916078900188618
da-train-006110,0,0.0013909197596400687
da-train-006111,1,0.9927027506885229
da-train-006112,0,0.002022563357674111
da-train-006113,0,0.18145314232374551
da-train-006114,0,1.5031051488136993e-07
da-train-006115,0,1.364121190990501e-07
da-train-006116,0,4.404388372200467e-07
da-train-006117,1,0.9917396419566681
da-train-006118,0,4.764510159333094e-06
da-train-006119,1,0.991633768125347
da-train-006120,0,4.042645229381101e-07
da-train-006121,0,2.7751689631862873e-07
da-train-006122,0,1.939613349894176e-07
da-train-006123,0,5.518877736444298e-08
da-train-006124,0,4.6111783332978197e-07
da-train-006125,0,5.989273340776732e-07
da-train-006126,0,0.01263206540989705
da-train-006127,1,0.9474467325137033
da-train-006128,0,3.7070261902927534e-07
da-train-006129,0,2.722960082391549e-07
da-train-006130,0,4.094097866302164e-06
da-train-006131,0,1.192163983997358e-06
da-train-006132,0,0.009795411454312992
da-train-006133,1,0.17204348910334968
da-train-006134,0,1.9059829633188631e-07
da-train-006135,0,1.095103183295525e-07
da-train-006136,0,1.1088188748174191e-06
da-train-006137,0,1.6423815411552878e-07
da-train-006138,0,1.9956547569842462e-07
da-train-006139,0,3.48817247981222e-07
da-train-006140,0,6.679476701253451e-07
da-train-006141,0,1.6477225971259678e-07
da-train-006142,0,0.00011306660734567975
da-train-006143,0,2.746592116609652e-07
da-train-006144,0,3.1722488384838704e-07
da-train-006145,0,3.8551972179541526e-07
da-train-006146,0,3.7644344356678606e-08
da-train-006147,0,1.7314102666004594e-07
da-train-006148,1,0.9923081403677144
da-train-006149,0,5.114039183957541e-07
da-train-006150,0,0.002549351204778825
da-train-006151,0,2.606230965784157e-07
da-train-006152,1,0.9298906145673326
da-train-006153,0,6.32026483046999e-07
da-train-006154,0,1.5206054044397076e-07
da-train-006155,0,0.006975530086688407
da-train-006156,0,9.450818363333996e-07
da-train-006157,0,9.522867377432534e-08
da-train-006158,0,1.5866438940894955e-07
da-train-006159,0,0.01517729126991215
da-train-006160,1,0.9913489085742476
da-train-006161,0,7.477000239536956e-08
da-train-006162,0,4.1582401201023213e-07
da-train-006163,0,5.780620239793525e-07
da-train-006164,0,1.9153106027505407e-07
da-train-006165,0,1.476818807189832e-07
da-train-006166,0,8.084897775103839e-07
da-train-006167,1,0.9922174954109142
da-train-006168,0,4.632355994108443e-07
da-train-006169,0,0.7323208889387588
da-train-006170,0,9.417964063225462e-07
da-train-006171,0,6.744854047179503e-07
da-train-006172,1,0.9929152037618486
da-train-006173,0,3.221576785540987e-08
da-train-006174,1,0.9914501994173168
da-train-006175,0,1.4654836445795013e-07
da-train-006176,0,1.8271475312220603e-07
da-train-006177,0,0.010914165075946898
da-train-006178,1,0.9920560619688725
da-train-006179,0,2.693806558931367e-07
da-train-006180,0,2.5794438810019576e-06
da-train-006181,0,0.0019737425409602698
da-train-006182,0,1.0180908879171555e-06
da-train-006183,0,3.6638963951085907e-07
da-train-006184,0,1.4905506270355564e-07
da-train-006185,0,0.002577397620760573
da-train-006186,0,3.873556473076856e-06
da-train-006187,1,0.9913489085742476
da-train-006188,0,1.2080613581149406e-07
da-train-006189,0,2.131497794926447e-07
da-train-006190,0,1.7940079377127674e-06
da-train-006191,0,0.00036027719635742483
da-train-006192,0,6.231540854758486e-07
da-train-006193,0,2.2954035621478167e-05
da-train-006194,0,0.015116250874884713
da-train-006195,0,2.1291839749006707e-07
da-train-006196,0,0.008487099973817925
da-train-006197,1,0.9920256183843588
da-train-006198,0,1.376177142348407e-07
da-train-006199,0,1.7284679680847578e-07
da-train-006200,0,2.1480264182194607e-07
da-train-006201,1,0.9920968112721718
da-train-006202,0,2.807247280325062e-07
da-train-006203,0,1.249925155536056e-06
da-train-006204,0,0.14365613089989335
da-train-006205,0,0.0024049844970453348
da-train-006206,0,2.9491204886850063e-07
da-train-006207,1,0.3688347111356356
da-train-006208,0,4.580055287575256e-07
da-train-006209,0,1.6909417990642738e-07
da-train-006210,0,4.2255916753743583e-07
da-train-006211,0,1.2135438307855202e-06
da-train-006212,1,0.9933030291930871
da-train-006213,0,9.018268120012048e-08
da-train-006214,0,6.141464658198708e-05
da-train-006215,1,0.9926999906267261
da-train-006216,1,0.9651914531488764
da-train-006217,0,1.1085336424171194e-06
da-train-006218,0,1.5114998992539566e-07
da-train-006219,0,3.542298407668816e-07
da-train-006220,0,1.2150416095921367e-07
da-train-006221,0,2.5353169984300715e-07
da-train-006222,0,8.992467711612754e-08
da-train-006223,1,0.9917396419566681
da-train-006224,0,7.76140232587483e-07
da-train-006225,1,0.9922174954109142
da-train-006226,0,4.28083090083087e-07
da-train-006227,0,1.5601574333614797e-07
da-train-006228,1,0.9916078900188618
da-train-006229,0,1.7707364478086882e-07
da-train-006230,0,0.0054338934136888345
da-train-006231,0,3.499181534952094e-07
da-train-006232,0,2.0930426263524544e-07
da-train-006233,0,2.892236917388254e-07
da-train-006234,0,1.2644637952239449e-07
da-train-006235,0,5.508443734313526e-07
da-train-006236,0,8.423482088434415e-08
da-train-006237,1,0.9925288258946249
da-train-006238,0,1.3015031180730316e-07
da-train-006239,0,6.846240859718816e-07
da-train-006240,0,3.276114242240138e-07
da-train-006241,0,2.2810479931587036e-05
da-train-006242,0,1.0915007722838173e-07
da-train-006243,0,2.764073181530927e-06
da-train-006244,1,0.7636645405106747
da-train-006245,1,0.9918537495563425
da-train-006246,0,4.4861172035649116e-07
da-train-006247,0,1.0632772131118421e-07
da-train-006248,0,3.225281599834423e-07
da-train-006249,0,4.3518111143798254e-08
da-train-006250,0,0.008193323824898756
da-train-006251,0,0.003943332026571308
da-train-006252,0,1.2353244973250534e-07
da-train-006253,0,2.78497967326041e-06
da-train-006254,0,6.088914825367135e-07
da-train-006255,0,8.660879459280292e-08
da-train-006256,1,0.9914197558328031
da-train-006257,0,0.010809813688789418
da-train-006258,1,0.9923413440140249
da-train-006259,1,0.9918233059718288
da-train-006260,0,0.0004765242076232524
da-train-006261,0,2.9112135890341014e-06
da-train-006262,0,2.9205561684528664e-07
da-train-006263,0,8.080420535175553e-08
da-train-006264,0,3.35234715966484e-08
da-train-006265,0,3.3139135671262327e-07
da-train-006266,0,0.008230302958802796
da-train-006267,0,2.732528808635812e-07
da-train-006268,1,0.9924381231672662
da-train-006269,0,3.293890738482317e-07
da-train-006270,1,0.9925793064879836
da-train-006271,0,4.641724333239452e-07
da-train-006272,0,1.812535803874513e-07
da-train-006273,0,1.2789571727630022e-07
da-train-006274,0,2.0082043731194878e-07
da-train-006275,0,2.1127388908111459e-07
da-train-006276,0,2.8469152175232625e-07
da-train-006277,0,1.6138501215579903e-07
da-train-006278,0,3.3667849667824095e-07
da-train-006279,0,4.580055287575256e-07
da-train-006280,1,0.9922380714576846
da-train-006281,1,0.9045800920701245
da-train-006282,0,3.879363205570641e-07
da-train-006283,1,0.9919669053374154
da-train-006284,1,0.9933030291930871
da-train-006285,0,0.010642338578573383
da-train-006286,1,0.9918537495563425
da-train-006287,0,1.4346748743413315e-07
da-train-006288,0,6.907783077705784e-07
da-train-006289,0,4.001290419331321e-07
da-train-006290,0,6.042821632083742e-06
da-train-006291,0,7.327913014902631e-07
da-train-006292,0,2.0577002765390958e-07
da-train-006293,1,0.9917833366293851
da-train-006294,0,1.3076845614887783e-07
da-train-006295,0,2.0254643610342933e-07
da-train-006296,0,0.13697542442530572
da-train-006297,0,5.193894599647698e-07
da-train-006298,0,2.415536113440183e-07
da-train-006299,0,9.44469131157435e-06
da-train-006300,0,0.002840352984963086
da-train-006301,0,1.9975905858184187e-07
da-train-006302,0,8.861623575333252e-08
da-train-006303,1,0.9917396419566681
da-train-006304,0,0.002313031655009075
da-train-006305,1,0.9673381522035962
da-train-006306,0,1.220743857992026e-07
da-train-006307,1,0.9926999906267261
da-train-006308,0,9.523566233516628e-07
da-train-006309,0,4.233381450383048e-07
da-train-006310,0,1.5441822105821548e-06
da-train-006311,0,2.0400901249079612e-07
da-train-006312,0,3.672639572754828e-07
da-train-006313,0,4.786447561923927e-07
da-train-006314,0,0.00045420680353296393
da-train-006315,1,0.9924888740624045
da-train-006316,1,0.9926987258607495
da-train-006317,0,4.6833038815566426e-07
da-train-006318,0,1.220743857992026e-07
da-train-006319,0,2.665191709384317e-06
da-train-006320,0,9.181178264563196e-08
da-train-006321,0,5.284211572753631e-07
da-train-006322,0,2.1556917816115257e-07
da-train-006323,0,9.915567898362468e-07
da-train-006324,0,2.3062933509558978e-07
da-train-006325,0,2.690004876288926e-07
da-train-006326,0,2.469367342633952e-07
da-train-006327,0,2.1321939663648068e-07
da-train-006328,1,0.9927465810276654
da-train-006329,0,8.668470368158447e-06
da-train-006330,1,0.9919467858690872
da-train-006331,1,0.9915655990065678
da-train-006332,1,0.9921369756356131
da-train-006333,1,0.9922121933511995
da-train-006334,1,0.9914197558328031
da-train-006335,0,6.337127980821028e-07
da-train-006336,0,2.398466517869038e-06
da-train-006337,1,0.9917609908631021
da-train-006338,0,4.5825142197041154e-07
da-train-006339,0,8.630310478346345e-08
da-train-006340,0,0.0016888153336195647
da-train-006341,0,2.4772910153815415e-07
da-train-006342,0,0.005318427236743601
da-train-006343,0,2.1423893718891577e-07
da-train-006344,1,0.9923439452890057
da-train-006345,0,1.4154389616834225e-07
da-train-006346,1,0.7804180123762308
da-train-006347,0,1.5106304739572386e-07
da-train-006348,0,0.004191056671703113
da-train-006349,0,3.6596520563207087e-07
da-train-006350,0,3.91265635421605e-08
da-train-006351,0,4.976072684682033e-07
da-train-006352,0,1.4519539781384933e-07
da-train-006353,0,4.922470759476357e-05
da-train-006354,1,0.9918233059718288
da-train-006355,0,3.295017214493419e-07
da-train-006356,1,0.9924422836614651
da-train-006357,0,5.09356461577367e-07
da-train-006358,0,2.2646862361584258e-07
da-train-006359,0,6.276622790762631e-08
da-train-006360,0,2.614316445693512e-07
da-train-006361,0,0.0025130311443581793
da-train-006362,0,1.2585895682206563e-07
da-train-006363,0,9.249137785095674e-08
da-train-006364,0,7.201153981791265e-08
da-train-006365,0,7.16498398437635e-07
da-train-006366,0,1.2605145731324172e-07
da-train-006367,0,5.406547270181319e-07
da-train-006368,0,2.4838555798050405e-07
da-train-006369,1,0.9919669053374154
da-train-006370,0,2.505073439309717e-07
da-train-006371,0,2.518034582385661e-07
da-train-006372,1,0.9926999906267261
da-train-006373,1,0.9917795937888885
da-train-006374,0,6.008034835652203e-07
da-train-006375,0,6.319068443008404e-08
da-train-006376,1,0.9480610894287284
da-train-006377,1,0.9927013271357303
da-train-006378,0,0.017337113755444587
da-train-006379,0,6.473427369745436e-07
da-train-006380,0,4.363671536333212e-07
da-train-006381,1,0.9007554821982651
da-train-006382,0,3.790760423662008e-08
da-train-006383,0,1.3545309576405e-07
da-train-006384,1,0.9923891991809408
da-train-006385,0,1.9374902042626172e-07
da-train-006386,0,2.328578355866176e-07
da-train-006387,0,5.515859702789187e-07
da-train-006388,1,0.9922111314030672
da-train-006389,0,1.1909195771728286e-07
da-train-006390,0,1.236455633202993e-07
da-train-006391,0,9.080876857073432e-08
da-train-006392,0,7.007226342586287e-08
da-train-006393,0,1.3966000567216552e-07
da-train-006394,0,2.668726810360833e-07
da-train-006395,0,1.4981416403393217e-07
da-train-006396,1,0.9652601579770416
da-train-006397,0,6.720981126140746e-08
da-train-006398,0,0.2769059248496017
da-train-006399,0,3.398070741476259e-07
da-train-006400,0,1.668820110332411e-07
da-train-006401,0,1.2592089181009954e-07
da-train-006402,0,1.0119532668379431e-06
da-train-006403,0,5.789776160444098e-07
da-train-006404,1,0.9921410004633865
da-train-006405,0,2.0022040577085053e-07
da-train-006406,0,6.278703036762995e-07
da-train-006407,0,1.5511875934120287e-07
da-train-006408,0,4.0782744134508975e-07
da-train-006409,0,0.014378716332471004
da-train-006410,0,0.005323505372967538
da-train-006411,1,0.9924381231672662
da-train-006412,0,7.3955811822132275e-06
da-train-006413,0,0.0038602856032989414
da-train-006414,0,9.762141976394226e-07
da-train-006415,0,2.062853962184714e-07
da-train-006416,0,2.6350983160681046e-07
da-train-006417,0,2.526894534198743e-07
da-train-006418,0,8.341444252781626e-07
da-train-006419,0,0.002336117526752323
da-train-006420,0,8.415855965699008e-07
da-train-006421,0,0.12455034542532928
da-train-006422,1,0.9921673010639246
da-train-006423,0,0.0001993533521370648
da-train-006424,1,0.991633768125347
da-train-006425,0,4.4085074115695967e-07
da-train-006426,0,3.7340511826983334e-07
da-train-006427,0,2.68402871771598e-07
da-train-006428,0,0.0021145959571298133
da-train-006429,0,0.00027744586043432586
da-train-006430,0,1.7275433084795147e-07
da-train-006431,0,1.063569421339811e-06
da-train-006432,0,1.0844768459656811e-07
da-train-006433,1,0.9924381231672662
da-train-006434,0,8.128444510750277e-07
da-train-006435,1,0.9925712086697529
da-train-006436,1,0.9919597884456532
da-train-006437,0,0.00034997193903184786
da-train-006438,1,0.9916642117098607
da-train-006439,0,1.1619647418524471e-06
da-train-006440,0,6.091033026308432e-07
da-train-006441,0,0.004629240313241628
da-train-006442,0,0.006685365075112041
da-train-006443,0,7.634373051667452e-07
da-train-006444,0,3.552805970399813e-07
da-train-006445,0,0.004766383944900585
da-train-006446,0,5.036809803451873e-06
da-train-006447,0,3.816823326388713e-07
da-train-006448,0,2.1648425030740838e-07
da-train-006449,1,0.9924847135682056
da-train-006450,1,0.9915351379118308
da-train-006451,0,3.1355111259666595e-07
da-train-006452,1,0.8084785777104685
da-train-006453,0,1.0656917050036184e-06
da-train-006454,1,0.9132926092694503
da-train-006455,0,8.756341849801897e-08
da-train-006456,0,2.7311153284237893e-06
da-train-006457,0,1.830399466457377e-07
da-train-006458,0,2.0235809147769202e-07
da-train-006459,0,6.279782102147069e-07
da-train-006460,0,1.7947002458236793e-07
da-train-006461,0,2.401715753585989e-07
da-train-006462,0,0.002390394649005973
da-train-006463,0,6.695047844081598e-07
da-train-006464,0,4.122341319048121e-07
da-train-006465,0,1.3240037951431297e-07
da-train-006466,1,0.9921645410021278
da-train-006467,0,7.662213087188903e-08
da-train-006468,0,1.579625900905532e-07
da-train-006469,0,2.357593818606221e-07
da-train-006470,0,6.679476701253451e-07
da-train-006471,0,7.532044760336482e-05
da-train-006472,0,1.0316148167315652e-06
da-train-006473,0,1.4347572213480229e-05
da-train-006474,0,2.73495845030212e-07
da-train-006475,0,6.846240859718816e-07
da-train-006476,0,1.4321596265473548e-07
da-train-006477,0,4.9392829558472505e-08
da-train-006478,1,0.9921010486311661
da-train-006479,0,0.00743926859284489
da-train-006480,0,7.14087705096809e-07
da-train-006481,0,3.335245548532097e-07
da-train-006482,0,1.5363156176117997e-07
da-train-006483,1,0.813907608724048
da-train-006484,0,3.5445523556696567e-07
da-train-006485,0,3.215705226680787e-07
da-train-006486,0,2.8985666259098075e-07
da-train-006487,0,2.4597695304501327e-06
da-train-006488,0,1.3583330855927368e-06
da-train-006489,0,6.687919678840359e-05
da-train-006490,0,2.0658683070456604e-07
da-train-006491,0,2.2401302596763066e-07
da-train-006492,0,2.2031428388614614e-05
da-train-006493,0,4.421492762709751e-07
da-train-006494,0,4.756625970611964e-08
da-train-006495,0,5.359598522003023e-07
da-train-006496,0,1.2759729268447339e-06
da-train-006497,0,3.771823286709575e-07
da-train-006498,0,9.450818363333996e-07
da-train-006499,0,0.006834906421064013
da-train-006500,0,6.615197606936947e-07
da-train-006501,0,3.9507449234755095e-07
da-train-006502,1,0.9689027469002998
da-train-006503,0,3.48817247981222e-07
da-train-006504,0,8.875840367566459e-07
da-train-006505,0,1.2011359902981676e-07
da-train-006506,0,4.028855233005113e-07
da-train-006507,0,2.3362169615378064e-07
da-train-006508,0,4.6537167123408964e-07
da-train-006509,0,1.8048816429038855e-07
da-train-006510,0,1.806418943887044e-07
da-train-006511,1,0.9923547307686537
da-train-006512,0,1.7469401447175e-07
da-train-006513,0,1.8243923805321342e-07
da-train-006514,0,0.003942647565508567
da-train-006515,1,0.9927465810276654
da-train-006516,1,0.9774630088577753
da-train-006517,0,9.916888790049509e-07
da-train-006518,0,4.4861172035649116e-07
da-train-006519,0,1.1631634815096034e-07
da-train-006520,0,1.739586032389826e-07
da-train-006521,1,0.9916055508387882
da-train-006522,0,1.1620016117939205e-07
da-train-006523,0,7.132982773206931e-07
da-train-006524,0,1.2456895056840343e-07
da-train-006525,1,0.9921673010639246
da-train-006526,1,0.9854873289705038
da-train-006527,1,0.9128186802142895
da-train-006528,0,3.1409630637900217e-07
da-train-006529,0,2.5432619179170595e-07
da-train-006530,0,0.0015109077849837576
da-train-006531,0,1.6528813479390585e-07
da-train-006532,0,0.0010949239097129435
da-train-006533,0,1.6862552123601215e-07
da-train-006534,0,1.9803211492529583e-07
da-train-006535,0,2.1794009795424184e-07
da-train-006536,1,0.9915206123442742
da-train-006537,1,0.9108966181740148
da-train-006538,0,9.756263552945348e-07
da-train-006539,0,9.445108276213712e-08
da-train-006540,0,1.3126729188623392e-05
da-train-006541,0,9.463706773408996e-07
da-train-006542,0,0.232247762544143
da-train-006543,0,5.664923677403498e-08
da-train-006544,1,0.9927013271357303
da-train-006545,0,1.0489807924825481e-06
da-train-006546,0,0.001865248796246705
da-train-006547,0,1.830399466457377e-07
da-train-006548,0,2.9103529506677624e-07
da-train-006549,0,0.008706886494050468
da-train-006550,1,0.9193892568093077
da-train-006551,0,1.3743840132541787e-07
da-train-006552,0,3.839330169455257e-07
da-train-006553,0,2.7740966870738043e-06
da-train-006554,1,0.9918830115108488
da-train-006555,0,1.222791761246228e-06
da-train-006556,1,0.953279307017613
da-train-006557,0,1.0219844615780989e-07
da-train-006558,0,8.767261804524735e-08
da-train-006559,0,2.239474738019381e-06
da-train-006560,1,0.9918314037900595
da-train-006561,0,0.0033069711168797595
da-train-006562,0,3.7825750928620123e-07
da-train-006563,0,0.000510459175265184
da-train-006564,1,0.9919750031556461
da-train-006565,0,9.960133018579979e-08
da-train-006566,1,0.9921314922156799
da-train-006567,0,5.885603831764875e-07
da-train-006568,0,1.6183142098010056e-07
da-train-006569,0,2.5670160295523193e-07
da-train-006570,0,3.476256253277789e-07
da-train-006571,0,2.517669348329972e-07
da-train-006572,0,0.009822359928413321
da-train-006573,0,1.1490256579234987e-07
da-train-006574,0,8.435909045246015e-08
da-train-006575,0,1.4319909969026594e-07
da-train-006576,1,0.9921696402439982
da-train-006577,0,2.963450858101339e-07
da-train-006578,0,0.008172293955769717
da-train-006579,0,1.6520208686253375e-07
da-train-006580,0,6.838620601901487e-07
da-train-006581,0,1.1651726484974044e-06
da-train-006582,0,7.443259434627662e-07
da-train-006583,1,0.9916642117098607
da-train-006584,0,0.008163239445270124
da-train-006585,1,0.9927739435763359
da-train-006586,0,9.578859672211977e-08
da-train-006587,0,3.6758983864026524e-07
da-train-006588,0,2.2382145358487387e-07
da-train-006589,0,2.4969000759661475e-06
da-train-006590,0,1.1747164027467557e-07
da-train-006591,0,2.222902723148688e-07
da-train-006592,0,5.354947281779547e-07
da-train-006593,0,2.4006598139887235e-07
da-train-006594,0,7.642442716223767e-08
da-train-006595,0,2.7681255897708587e-07
da-train-006596,0,6.347523989274274e-07
da-train-006597,0,3.6981662232536827e-07
da-train-006598,1,0.9921645410021278
da-train-006599,0,1.4549065528070805e-07
da-train-006600,0,1.562420889445052e-07
da-train-006601,0,6.597506416285056e-07
da-train-006602,0,7.47326412933036e-08
da-train-006603,0,8.371983181846101e-07
da-train-006604,0,8.498842733177422e-08
da-train-006605,0,3.2639340621472917e-07
da-train-006606,0,1.290623301253162e-07
da-train-006607,0,2.047755488300026e-07
da-train-006608,0,0.002036994755552401
da-train-006609,1,0.9918075812640414
da-train-006610,0,1.2189478389696033e-07
da-train-006611,0,0.005904521974028513
da-train-006612,0,4.0206046015355047e-07
da-train-006613,0,0.001126791180068954
da-train-006614,0,8.233713307250369e-08
da-train-006615,1,0.991997348921929
da-train-006616,0,3.8357262986419944e-07
da-train-006617,0,1.9735719434856413e-06
da-train-006618,0,0.0017993863102307311
da-train-006619,0,1.352935946597817e-07
da-train-006620,0,3.813650277500519e-07
da-train-006621,0,2.0595259490024716e-07
da-train-006622,0,1.7401011080607016e-06
da-train-006623,1,0.9923534535367123
da-train-006624,1,0.992313501704492
da-train-006625,0,2.7794249394644095e-07
da-train-006626,0,1.7247729085547528e-07
da-train-006627,1,0.9914901687597605
da-train-006628,0,2.827094796990002e-07
da-train-006629,0,2.9163889401162933e-07
da-train-006630,0,3.785711177042867e-08
da-train-006631,0,3.2693373225386823e-07
da-train-006632,1,0.9875519032038138
da-train-006633,0,7.875744264735057e-08
da-train-006634,1,0.9665379576669549
da-train-006635,0,1.9101927509904437e-07
da-train-006636,0,1.1185719639512814e-07
da-train-006637,1,0.9916078900188618
da-train-006638,1,0.9018323442331129
da-train-006639,0,3.5462538324781863e-07
da-train-006640,1,0.9915655814963444
da-train-006641,0,2.2440861255625662e-07
da-train-006642,1,0.9920968881369671
da-train-006643,0,5.133228072622015e-07
da-train-006644,1,0.9914901687597605
da-train-006645,0,1.6770176995606704e-07
da-train-006646,1,0.991635994423302
da-train-006647,0,4.5104122114634165e-07
da-train-006648,1,0.9921369756356131
da-train-006649,0,0.6604915507733139
da-train-006650,0,0.005693111316792826
da-train-006651,1,0.99242994848424
da-train-006652,0,0.007951982743888851
da-train-006653,0,1.1184826562531056e-07
da-train-006654,0,1.040124147238359e-07
da-train-006655,1,0.9923547307686537
da-train-006656,0,7.629211991023757e-08
da-train-006657,0,5.354947281779547e-07
da-train-006658,0,2.7194552829005185e-07
da-train-006659,0,0.018354470611149656
da-train-006660,1,0.9921410004633865
da-train-006661,1,0.9044136952696915
da-train-006662,0,4.144095525483721e-07
da-train-006663,0,3.308063903586251e-07
da-train-006664,0,5.959743333069352e-07
da-train-006665,1,0.9914197558328031
da-train-006666,0,2.2404825924246798e-07
da-train-006667,1,0.9917091983721544
da-train-006668,0,5.583392575199551e-07
da-train-006669,0,0.007534333291769084
da-train-006670,0,1.5653728531266786e-07
da-train-006671,0,8.824142983322492e-07
da-train-006672,0,9.55515574125104e-08
da-train-006673,0,3.0501411059914604e-07
da-train-006674,1,0.9920260408784117
da-train-006675,0,2.513231575045047e-06
da-train-006676,0,2.4929803501838745e-06
da-train-006677,0,2.1556917816115257e-07
da-train-006678,0,3.9215307977858615e-08
da-train-006679,1,0.9917491502043747
da-train-006680,0,2.4524504707745823e-07
da-train-006681,0,4.92567444122921e-07
da-train-006682,0,6.969805319740415e-07
da-train-006683,0,9.378381996046692e-08
da-train-006684,0,1.6187284325841538e-07
da-train-006685,0,2.0526788717302876e-07
da-train-006686,0,2.8373267062027557e-07
da-train-006687,1,0.9919556279514543
da-train-006688,0,2.0059126814106295e-07
da-train-006689,0,2.790771371997414e-07
da-train-006690,0,2.5288503518293013e-07
da-train-006691,0,7.76140232587483e-07
da-train-006692,1,0.9914197558328031
da-train-006693,0,1.388891554903544e-07
da-train-006694,0,0.0029195588698913747
da-train-006695,0,4.2086917484676767e-07
da-train-006696,0,3.007000055454695e-06
da-train-006697,0,3.382395823381216e-07
da-train-006698,0,0.002697874531745893
da-train-006699,0,7.268091557366443e-05
da-train-006700,0,1.603633043358791e-07
da-train-006701,0,1.881224455927322e-07
da-train-006702,0,0.00797605701347476
da-train-006703,0,0.0017070364431184223
da-train-006704,0,0.002024176280767487
da-train-006705,0,6.648419418067075e-06
da-train-006706,0,4.786447561923927e-07
da-train-006707,0,1.2833251954593427e-06
da-train-006708,0,1.442237038160417e-07
da-train-006709,0,2.0557993186987913e-07
da-train-006710,0,0.004281979498440944
da-train-006711,1,0.9921314922156799
da-train-006712,1,0.9923081403677144
da-train-006713,0,1.812535803874513e-07
da-train-006714,0,1.2888338035110345e-07
da-train-006715,0,3.0237533838468903e-07
da-train-006716,0,6.48836308421366e-07
da-train-006717,0,3.0151124147829204e-07
da-train-006718,0,3.197928730438608e-07
da-train-006719,1,0.992625896888923
da-train-006720,0,1.8540567273273029e-07
da-train-006721,0,2.6700349973493955e-07
da-train-006722,0,2.550227208897716e-07
da-train-006723,1,0.9917491502043747
da-train-006724,0,0.0005775301395180093
da-train-006725,0,0.007464933549661143
da-train-006726,0,1.3614766758317266e-06
da-train-006727,0,0.015665491345071655
da-train-006728,0,7.205452730502277e-07
da-train-006729,0,0.007405144539759146
da-train-006730,0,0.0032268638089382345
da-train-006731,0,0.0002626178585434325
da-train-006732,0,1.8476599975359086e-07
da-train-006733,1,0.992625896888923
da-train-006734,1,0.9914642906532753
da-train-006735,0,1.7731909282494226e-06
da-train-006736,0,1.4193104802059983e-07
da-train-006737,0,6.47634380174819e-07
da-train-006738,1,0.9914951860796104
da-train-006739,0,7.97654116420564e-08
da-train-006740,0,1.9679752108640474e-07
da-train-006741,0,5.515677493281224e-07
da-train-006742,0,3.58158570561418e-07
da-train-006743,1,0.9926946885670115
da-train-006744,0,1.1350044243960277e-07
da-train-006745,1,0.9828083753625362
da-train-006746,0,1.167010337546156e-07
da-train-006747,0,3.1074637501165194e-08
da-train-006748,0,3.405416545347389e-05
da-train-006749,0,1.2108862357437282e-07
da-train-006750,0,0.003508808984483505
da-train-006751,0,8.120871831636866e-07
da-train-006752,0,4.269274950937253e-07
da-train-006753,0,1.9898375075152093e-07
da-train-006754,0,1.2400693774681144e-07
da-train-006755,1,0.9886604659881422
da-train-006756,0,1.7840974963810098e-07
da-train-006757,0,6.344322934810261e-07
da-train-006758,1,0.9913938777263179
da-train-006759,0,2.2907837352740606e-07
da-train-006760,0,7.956868993746202e-06
da-train-006761,1,0.9923413440140249
da-train-006762,0,3.5070754520655013e-07
da-train-006763,0,7.052065779230397e-07
da-train-006764,1,0.9914501994173168
da-train-006765,1,0.9920256183843588
da-train-006766,1,0.9808988242806823
da-train-006767,0,1.603633043358791e-07
da-train-006768,0,1.114199369689204e-07
da-train-006769,1,0.9918364211099094
da-train-006770,0,3.501936145232526e-07
da-train-006771,1,0.9918364211099094
da-train-006772,0,8.139981835865038e-07
da-train-006773,0,3.5057119054896414e-07
da-train-006774,1,0.9915655814963444
da-train-006775,0,6.341015453319212e-07
da-train-006776,0,6.387001192334735e-07
da-train-006777,0,0.016007111819060213
da-train-006778,0,2.3195636082257365e-07
da-train-006779,0,1.1129349450718193e-06
da-train-006780,0,3.4416947878677323e-07
da-train-006781,0,9.230252736302298e-07
da-train-006782,1,0.9927013271357303
da-train-006783,0,0.0015078497060320376
da-train-006784,0,0.002386021985886861
da-train-006785,0,4.4616584682480643e-07
da-train-006786,0,2.3387534463206022e-07
da-train-006787,1,0.9919669053374154
da-train-006788,0,0.0025998498649426665
da-train-006789,0,1.5095175411348055e-07
da-train-006790,0,2.940670591542473e-07
da-train-006791,0,3.434901443228009e-07
da-train-006792,0,2.209237044345641e-07
da-train-006793,0,2.6838952220075856e-07
da-train-006794,1,0.9921010486311661
da-train-006795,0,0.020649161291019638
da-train-006796,0,0.003203663464098486
da-train-006797,0,3.5257360741943414e-07
da-train-006798,0,1.4222061265281565e-05
da-train-006799,0,1.3878609437645575e-07
da-train-006800,0,4.6380350921996856e-07
da-train-006801,0,1.2080613581149406e-07
da-train-006802,0,1.6083749275830978e-07
da-train-006803,0,0.005447195483368324
da-train-006804,0,4.6537167123408964e-07
da-train-006805,0,5.176605422020359e-07
da-train-006806,0,2.807247280325062e-07
da-train-006807,1,0.9922121933511995
da-train-006808,0,1.665760540618052e-07
da-train-006809,0,2.065315676961042e-07
da-train-006810,0,4.515645517209154e-07
da-train-006811,0,1.267813419720125e-07
da-train-006812,0,8.149049937751658e-07
da-train-006813,0,1.6962998686884804e-07
da-train-006814,0,2.415536113440183e-07
da-train-006815,1,0.991635994423302
da-train-006816,0,2.189163412026665e-07
da-train-006817,0,1.0461742425944047e-06
da-train-006818,0,0.7590397522512989
da-train-006819,0,6.347523989274274e-07
da-train-006820,0,0.001214410560289169
da-train-006821,0,1.0691623424611286e-06
da-train-006822,0,7.007226342586287e-08
da-train-006823,1,0.9915960425910816
da-train-006824,0,0.9932564387921478
da-train-006825,0,3.547498460835288e-07
da-train-006826,0,6.531166682233218e-08
da-train-006827,0,2.7140855708123634e-06
da-train-006828,0,2.3071989619236818e-07
da-train-006829,0,4.543888892337333e-07
da-train-006830,1,0.9925793064879836
da-train-006831,0,7.580268593003023e-08
da-train-006832,0,0.007943301919809317
da-train-006833,0,1.1387367260251363e-07
da-train-006834,0,3.6441473885849554e-06
da-train-006835,0,1.2234053979595384e-07
da-train-006836,0,0.0013868193925106436
da-train-006837,0,0.007334794037741267
da-train-006838,0,2.5705352113946297e-07
da-train-006839,0,0.0024449884061675422
da-train-006840,0,3.4727335397207427e-08
da-train-006841,0,1.562534725096931e-07
da-train-006842,0,2.884400179593077e-07
da-train-006843,0,0.00018100123829167242
da-train-006844,0,0.0016298775017013236
da-train-006845,0,8.861623575333252e-08
da-train-006846,0,1.4346748743413315e-07
da-train-006847,0,2.095922805956523e-07
da-train-006848,1,0.5108190450523526
da-train-006849,0,3.42292202983375e-05
da-train-006850,1,0.9918364211099094
da-train-006851,0,8.832288633727993e-08
da-train-006852,0,0.0075290812459894675
da-train-006853,1,0.9923547307686537
da-train-006854,0,4.001290419331321e-07
da-train-006855,1,0.9461178267437925
da-train-006856,0,4.918676654513777e-07
da-train-006857,0,3.3872418497104867e-07
da-train-006858,0,0.007260453924390533
da-train-006859,0,3.792995068600595e-07
da-train-006860,0,3.762772851806007e-06
da-train-006861,0,2.1291839749006707e-07
da-train-006862,0,0.004001055799435333
da-train-006863,0,6.32631534033819e-05
da-train-006864,0,9.031228406037772e-08
da-train-006865,0,1.6307635474661372e-06
da-train-006866,0,3.7010604067951934e-08
da-train-006867,0,1.9149439015284717e-07
da-train-006868,0,6.687083950393969e-07
da-train-006869,0,1.203903825983074e-07
da-train-006870,0,2.831598963378728e-07
da-train-006871,0,9.757836589478946e-08
da-train-006872,0,3.808067020015056e-07
da-train-006873,1,0.9919597884456532
da-train-006874,0,5.453365076725007e-07
da-train-006875,1,0.9028012560217865
da-train-006876,0,5.734061766475915e-06
da-train-006877,0,2.4173627942612247e-07
da-train-006878,1,0.9920256183843588
da-train-006879,0,4.834633147318519e-07
da-train-006880,1,0.9926987258607495
da-train-006881,1,0.9657880423515426
da-train-006882,0,6.813184743329722e-08
da-train-006883,0,2.9663504834972103e-07
da-train-006884,1,0.9927465810276654
da-train-006885,0,2.7584724438264595e-07
da-train-006886,1,0.9914197558328031
da-train-006887,0,8.343082764006031e-07
da-train-006888,0,3.6480861568111926e-07
da-train-006889,1,0.9919556279514543
da-train-006890,1,0.9490677026912032
da-train-006891,0,0.00819987896747038
da-train-006892,0,4.5465786067013386e-07
da-train-006893,0,3.398070741476259e-07
da-train-006894,0,3.48817247981222e-07
da-train-006895,0,6.744854047179503e-07
da-train-006896,1,0.9913539258940975
da-train-006897,0,0.005406124321661935
da-train-006898,0,2.1155682943537947e-07
da-train-006899,0,0.004123207824812141
da-train-006900,0,9.947469305943295e-07
da-train-006901,0,0.004153916206441496
da-train-006902,0,0.014162129539396896
da-train-006903,0,1.4883059071542916e-07
da-train-006904,1,0.9930439857188219
da-train-006905,0,9.156259241823905e-07
da-train-006906,0,3.385009927201777e-08
da-train-006907,0,2.012022428983372e-06
da-train-006908,0,1.220155420945448e-07
da-train-006909,0,3.1283107333732743e-07
da-train-006910,0,2.2401302596763066e-07
da-train-006911,1,0.9917491502043747
da-train-006912,0,1.4405903993136168e-05
da-train-006913,0,1.6983945566290855e-07
da-train-006914,0,3.2241551238233206e-07
da-train-006915,0,1.0800099379046407e-07
da-train-006916,0,0.007056009407916265
da-train-006917,0,2.5450258333455367e-07
da-train-006918,0,6.898240998451385e-07
da-train-006919,1,0.9917491502043747
da-train-006920,0,1.297497974210529e-07
da-train-006921,1,0.992383897121226
da-train-006922,0,1.5696961115017672e-07
da-train-006923,0,2.4078707500481184e-07
da-train-006924,1,0.9917833366293851
da-train-006925,0,1.4530326281921113e-07
da-train-006926,1,0.5788428258494704
da-train-006927,0,2.7622142295175104e-07
da-train-006928,0,7.02525582951691e-07
da-train-006929,0,6.904718148335948e-07
da-train-006930,0,5.891344509304816e-07
da-train-006931,0,1.1930847380717043e-07
da-train-006932,1,0.9917609908631021
da-train-006933,0,2.0872617537876273e-07
da-train-006934,1,0.9919750031556461
da-train-006935,0,3.2241551238233206e-07
da-train-006936,1,0.9920504334024535
da-train-006937,0,1.2728218035811384e-07
da-train-006938,0,0.00927573600938455
da-train-006939,0,2.0741028487131571e-07
da-train-006940,1,0.99242994848424
da-train-006941,0,0.005586986894286403
da-train-006942,1,0.9139870748488425
da-train-006943,0,0.0015907983387601562
da-train-006944,0,0.017740119260683255
da-train-006945,0,0.005383553686749864
da-train-006946,0,5.688930331326234e-07
da-train-006947,0,0.0031104754674885667
da-train-006948,0,2.3004404717524223e-07
da-train-006949,0,1.9598365871223913e-07
da-train-006950,0,5.193894599647698e-07
da-train-006951,0,2.9156157663086167e-07
da-train-006952,0,0.003957113359849728
da-train-006953,0,1.419370913074389e-06
da-train-006954,0,3.7139943828046084e-07
da-train-006955,0,0.005783464215312056
da-train-006956,0,8.196804403517658e-07
da-train-006957,0,1.2248093874319444e-06
da-train-006958,0,3.746357484183081e-08
da-train-006959,1,0.9917091983721544
da-train-006960,1,0.21716485746030012
da-train-006961,1,0.9924888740624045
da-train-006962,1,0.9920941280751704
da-train-006963,0,0.007464933549661143
da-train-006964,0,1.1522009285480005e-07
da-train-006965,0,4.399627664994644e-08
da-train-006966,0,3.678745062278189e-08
da-train-006967,0,0.00044232234126334916
da-train-006968,0,0.009005071140583814
da-train-006969,0,2.180416218782159e-07
da-train-006970,0,3.7139943828046084e-07
da-train-006971,1,0.9918233059718288
da-train-006972,0,1.3153884699076347e-07
da-train-006973,0,2.0090138429694966e-07
da-train-006974,0,1.59357568592369e-07
da-train-006975,0,7.572204263772716e-08
da-train-006976,0,1.9297270964126926e-07
da-train-006977,0,2.1291839749006707e-07
da-train-006978,0,1.1693757289264677e-06
da-train-006979,1,0.9921273317214808
da-train-006980,0,3.885757561720984e-07
da-train-006981,0,2.5541392431057245e-06
da-train-006982,0,5.978114821162479e-07
da-train-006983,0,2.5343376356739137e-06
da-train-006984,0,2.571044341845235e-07
da-train-006985,0,1.180889422320016e-06
da-train-006986,0,7.536004991956064e-07
da-train-006987,0,1.5462289392182882e-07
da-train-006988,0,3.915943507556665e-07
da-train-006989,0,1.0686678076866637e-07
da-train-006990,0,2.5672798742753157e-07
da-train-006991,1,0.9923547307686537
da-train-006992,0,9.664047718683962e-07
da-train-006993,0,5.060735354982301e-07
da-train-006994,0,2.428082165249904e-07
da-train-006995,0,2.890405747511867e-07
da-train-006996,1,0.9922380714576846
da-train-006997,0,7.275739255480313e-08
da-train-006998,0,0.003721962688129946
da-train-006999,0,0.002549351204778825
da-train-007000,1,0.946542816425385
da-train-007001,0,5.547658111414789e-07
da-train-007002,0,3.949971649960482e-06
da-train-007003,0,1.344346979322217e-07
da-train-007004,0,5.9207055153314436e-08
da-train-007005,0,4.320902021146331e-08
da-train-007006,0,4.404388372200467e-07
da-train-007007,1,0.9920968881369671
da-train-007008,0,1.163336911485567e-07
da-train-007009,0,1.3494004720336348e-07
da-train-007010,0,1.9956547569842462e-07
da-train-007011,0,0.0076104756426153275
da-train-007012,0,4.165764447427832e-06
da-train-007013,0,9.746638182220264e-08
da-train-007014,0,0.006722286552518319
da-train-007015,1,0.9920970238033927
da-train-007016,0,1.1398244991701479e-06
da-train-007017,0,2.2774260006719495e-07
da-train-007018,0,3.022812979868846e-08
da-train-007019,0,4.889356474562161e-07
da-train-007020,0,1.448868831697691e-07
da-train-007021,0,5.924329122707593e-07
da-train-007022,0,3.4093958596967777e-07
da-train-007023,1,0.9918314037900595
da-train-007024,0,1.4981416403393217e-07
da-train-007025,0,1.481417147948297e-07
da-train-007026,0,3.392058296096614e-05
da-train-007027,0,0.00845804525459284
da-train-007028,0,8.983903982957329e-08
da-train-007029,0,5.393683012564774e-07
da-train-007030,0,0.004354878777240498
da-train-007031,0,5.760217735391383e-08
da-train-007032,1,0.9916820457863159
da-train-007033,0,2.488704553441193e-07
da-train-007034,0,8.824142983322492e-07
da-train-007035,1,0.9926987258607495
da-train-007036,1,0.9921369756356131
da-train-007037,1,0.3590128114596714
da-train-007038,0,2.960848915410524e-07
da-train-007039,0,3.197928730438608e-07
da-train-007040,0,1.1350044243960277e-07
da-train-007041,0,4.632355994108443e-07
da-train-007042,0,2.517669348329972e-07
da-train-007043,0,9.567167745010335e-08
da-train-007044,0,7.001614899299867e-07
da-train-007045,0,0.003348014364473914
da-train-007046,0,7.878304964139265e-08
da-train-007047,0,7.227946882003999e-08
da-train-007048,0,1.934365212879573e-07
da-train-007049,0,3.055499995043206e-07
da-train-007050,0,0.0011530083964599548
da-train-007051,1,0.9918830115108488
da-train-007052,0,1.843688937446799e-07
da-train-007053,1,0.9651060369877555
da-train-007054,1,0.9709289753472282
da-train-007055,0,1.843688937446799e-07
da-train-007056,0,8.400717697823352e-07
da-train-007057,0,0.004329693425552539
da-train-007058,0,1.5588162946818976e-07
da-train-007059,0,2.808109783939315e-07
da-train-007060,0,7.69188309670282e-08
da-train-007061,0,4.1577384418317415e-07
da-train-007062,0,9.011766282418015e-08
da-train-007063,0,1.3725543477282437e-07
da-train-007064,0,2.5803523529354633e-07
da-train-007065,0,9.23827988630178e-08
da-train-007066,0,1.3664042990569065e-07
da-train-007067,0,1.2191333196178506e-06
da-train-007068,0,3.043492993317354e-07
da-train-007069,0,0.010629475355943878
da-train-007070,0,3.040487566899035e-05
da-train-007071,0,4.274447456262336e-06
da-train-007072,1,0.9917091983721544
da-train-007073,1,0.4238425678994318
da-train-007074,0,2.3231055308663693e-07
da-train-007075,1,0.9930905761197613
da-train-007076,0,0.0038907310422696315
da-train-007077,0,5.668011297151481e-07
da-train-007078,0,0.004840781153789113
da-train-007079,0,0.0030817671084281324
da-train-007080,0,0.005177480441679899
da-train-007081,1,0.9920970238033927
da-train-007082,0,5.828919816461761e-07
da-train-007083,0,2.5288503518293013e-07
da-train-007084,0,6.855782938973216e-07
da-train-007085,0,0.0026140716753788543
da-train-007086,1,0.9926987258607495
da-train-007087,0,0.01000786495457846
da-train-007088,0,2.7681255897708587e-07
da-train-007089,0,4.590401769733488e-05
da-train-007090,0,1.0052999220151117e-07
da-train-007091,1,0.9925085360942236
da-train-007092,0,2.2099212699893468e-05
da-train-007093,0,4.857551439100776e-07
da-train-007094,1,0.9922685150421984
da-train-007095,0,2.73495845030212e-07
da-train-007096,1,0.9920560619688725
da-train-007097,0,3.397604937616514e-07
da-train-007098,0,3.2241551238233206e-07
da-train-007099,0,2.39598593719281e-07
da-train-007100,0,0.0006124814496453135
da-train-007101,0,3.5064499613985275e-07
da-train-007102,0,2.2750063354116267e-07
da-train-007103,0,6.937431384098929e-07
da-train-007104,0,9.093837143099155e-08
da-train-007105,1,0.9920504334024535
da-train-007106,0,6.144028767238203e-08
da-train-007107,0,2.464959081189635e-05
da-train-007108,0,7.580268593003023e-08
da-train-007109,0,2.666990405208453e-07
da-train-007110,0,1.9367116800156017e-07
da-train-007111,1,0.9925085360942236
da-train-007112,1,0.9924422836614651
da-train-007113,0,0.34374141859673096
da-train-007114,0,1.6217113677890992e-07
da-train-007115,0,3.419240724538846e-07
da-train-007116,0,7.851923389236893e-08
da-train-007117,1,0.9926999906267261
da-train-007118,0,3.122534697047723e-07
da-train-007119,0,4.7231392429354373e-07
da-train-007120,0,3.039688030880713e-07
da-train-007121,0,0.0021338965367370837
da-train-007122,0,9.694519756243696e-08
da-train-007123,1,0.992654736734791
da-train-007124,1,0.9926987258607495
da-train-007125,0,7.552642818488531e-08
da-train-007126,0,2.2781907992033487e-07
da-train-007127,1,0.9851607748649164
da-train-007128,0,1.2735677329301246e-07
da-train-007129,0,4.889542678819344e-07
da-train-007130,0,2.3015581177593156e-07
da-train-007131,1,0.9929590341009913
da-train-007132,0,1.244457976412313e-07
da-train-007133,0,1.4830105915444074e-06
da-train-007134,1,0.9929152037618486
da-train-007135,0,1.4533453093911404e-07
da-train-007136,1,0.7304566688463149
da-train-007137,0,1.152436062582953e-07
da-train-007138,0,3.047543579779808e-07
da-train-007139,0,1.3335113234249763e-07
da-train-007140,1,0.9916820457863159
da-train-007141,0,1.3777801998523905e-07
da-train-007142,0,4.404388372200467e-07
da-train-007143,0,1.8048816429038855e-07
da-train-007144,1,0.9501902071947487
da-train-007145,0,1.1953044299338288e-07
da-train-007146,1,0.905683983596658
da-train-007147,0,1.4456987352824963e-07
da-train-007148,0,0.004863299546677936
da-train-007149,0,0.001363027459988511
da-train-007150,1,0.9291043195911731
da-train-007151,0,1.0291916120908986e-06
da-train-007152,0,6.878397054049921e-07
da-train-007153,0,9.43578126535351e-07
da-train-007154,1,0.9929124437000519
da-train-007155,0,9.93778677388249e-08
da-train-007156,0,0.001474054481434277
da-train-007157,0,0.009056237380470891
da-train-007158,0,2.5416678611106814e-07
da-train-007159,0,4.6889362838211085e-07
da-train-007160,0,1.3118266189445634e-07
da-train-007161,0,5.937722687547237e-07
da-train-007162,0,1.5114998992539566e-07
da-train-007163,0,2.5120342669746785e-07
da-train-007164,0,0.007445041020166944
da-train-007165,0,6.910199092229749e-06
da-train-007166,1,0.9923547307686537
da-train-007167,0,1.329668851901497e-07
da-train-007168,0,1.8860627711046376e-06
da-train-007169,0,2.9826700102995496e-07
da-train-007170,0,4.6477282071729155e-07
da-train-007171,0,8.339355300891098e-07
da-train-007172,0,0.03503595394339389
da-train-007173,0,4.243312754242268e-07
da-train-007174,0,8.430763597433578e-05
da-train-007175,0,0.000410296942387946
da-train-007176,0,2.0005947332242526e-07
da-train-007177,0,3.1911518107371516e-07
da-train-007178,0,3.816823326388713e-07
da-train-007179,1,0.9914951860796104
da-train-007180,0,2.1747469183645128e-07
da-train-007181,1,0.9920903852346737
da-train-007182,1,0.9915679381866416
da-train-007183,0,0.004649068758227613
da-train-007184,0,8.68662822338176e-08
da-train-007185,0,9.585123072794193e-08
da-train-007186,1,0.9915351379118308
da-train-007187,0,0.008740902767791511
da-train-007188,0,3.6480861568111926e-07
da-train-007189,1,0.9921369756356131
da-train-007190,0,1.347705280781336e-07
da-train-007191,0,3.081179886997943e-07
da-train-007192,0,3.3596975122989645e-07
da-train-007193,0,0.011478730978244417
da-train-007194,0,3.434901443228009e-07
da-train-007195,0,6.250556380088277e-07
da-train-007196,0,2.639454655159201e-07
da-train-007197,1,0.9819420318078187
da-train-007198,0,0.1813256802063192
da-train-007199,0,3.7825750928620123e-07
da-train-007200,0,2.0225610791394884e-07
da-train-007201,0,4.441984092443514e-07
da-train-007202,0,1.2789571727630022e-07
da-train-007203,0,3.041112744766512e-07
da-train-007204,0,2.299472538129388e-07
da-train-007205,0,7.760668464006888e-07
da-train-007206,1,0.9925288258946249
da-train-007207,1,0.9925288258946249
da-train-007208,1,0.9923534535367123
da-train-007209,0,6.299848218622478e-08
da-train-007210,0,6.106273678563664e-07
da-train-007211,1,0.9594859353938139
da-train-007212,0,0.009812165179621458
da-train-007213,1,0.9915679381866416
da-train-007214,1,0.9927027506885229
da-train-007215,0,6.279782102147069e-07
da-train-007216,0,9.613280757512436e-07
da-train-007217,0,2.592865436734261e-07
da-train-007218,0,3.120363567784155e-05
da-train-007219,0,0.010176117431384865
da-train-007220,0,1.244457976412313e-07
da-train-007221,0,4.676827975451019e-07
da-train-007222,0,2.9521664223809076e-06
da-train-007223,1,0.9298846553297945
da-train-007224,0,2.518034582385661e-07
da-train-007225,0,7.285180597945516e-07
da-train-007226,0,2.301868285407054e-07
da-train-007227,1,0.8842159793129502
da-train-007228,0,2.2474299862686786e-07
da-train-007229,0,0.027698267890304624
da-train-007230,0,3.2570600367305675e-07
da-train-007231,0,5.057626325851022e-07
da-train-007232,0,3.8780213320506575e-07
da-train-007233,0,3.1266086859916926e-07
da-train-007234,0,5.885574551251849e-07
da-train-007235,0,0.101836286372178
da-train-007236,0,7.16498398437635e-07
da-train-007237,0,0.038668523383009856
da-train-007238,0,4.572486002230224e-07
da-train-007239,0,6.106273678563664e-07
da-train-007240,0,3.6952398801798527e-07
da-train-007241,0,2.722960082391549e-07
da-train-007242,1,0.9926521354598101
da-train-007243,0,9.161686860777445e-06
da-train-007244,0,2.7929356318986516e-05
da-train-007245,1,0.9917528930448714
da-train-007246,1,0.9932564387921478
da-train-007247,0,2.727560279190147e-07
da-train-007248,0,5.76793020108703e-07
da-train-007249,0,4.580055287575256e-07
da-train-007250,0,0.0021715393772205513
da-train-007251,1,0.7511271720769096
da-train-007252,0,2.9748003806397435e-07
da-train-007253,0,5.154807625038809e-07
da-train-007254,0,0.0019457589112849899
da-train-007255,0,9.9304046965951e-06
da-train-007256,0,0.00020002650969478436
da-train-007257,0,6.271852977514916e-07
da-train-007258,0,0.0036571281376499647
da-train-007259,0,7.327913014902631e-07
da-train-007260,0,8.199315237039755e-07
da-train-007261,0,6.711791099333355e-08
da-train-007262,1,0.9717733563432258
da-train-007263,0,0.0026798446480718364
da-train-007264,0,2.209237044345641e-07
da-train-007265,0,6.695047844081598e-07
da-train-007266,0,0.01081522715675918
da-train-007267,0,1.8257744136854853e-07
da-train-007268,0,0.0029196976898055184
da-train-007269,1,0.9108966181740148
da-train-007270,0,2.673484495009806e-07
da-train-007271,0,0.003613846106264961
da-train-007272,0,7.875744264735057e-08
da-train-007273,0,2.7484583266810605e-07
da-train-007274,0,7.981562077995274e-07
da-train-007275,0,3.684758603215264e-07
da-train-007276,0,1.9432337132376758e-07
da-train-007277,0,3.6411520894785686e-07
da-train-007278,1,0.9823740587115558
da-train-007279,0,7.205452730502277e-07
da-train-007280,0,7.635191391278433e-08
da-train-007281,0,6.692853908446936e-07
da-train-007282,1,0.735746815765827
da-train-007283,0,0.09076151941131944
da-train-007284,0,7.11920160886673e-08
da-train-007285,0,1.1106917510203701e-06
da-train-007286,0,1.8942677643970057e-07
da-train-007287,0,1.7630351062228108e-07
da-train-007288,0,3.722715014280047e-07
da-train-007289,1,0.9490322102056618
da-train-007290,0,3.2241551238233206e-07
da-train-007291,0,3.728105772862457e-06
da-train-007292,0,5.078430703647316e-07
da-train-007293,0,2.0191344806606374e-06
da-train-007294,0,1.2871216765217084e-07
da-train-007295,1,0.9927331942730366
da-train-007296,1,0.9916078900188618
da-train-007297,0,3.948954949698897e-07
da-train-007298,0,5.98773901881758e-07
da-train-007299,0,0.008107792517888688
da-train-007300,1,0.9918763729421299
da-train-007301,0,0.020342141573911027
da-train-007302,0,3.799910067929373e-07
da-train-007303,0,0.005064583862012329
da-train-007304,0,8.715138670793355e-08
da-train-007305,0,3.594160780449594e-07
da-train-007306,0,1.6968579618027916e-07
da-train-007307,0,2.9448956704701174e-06
da-train-007308,0,0.0033496932939470273
da-train-007309,0,0.9916116328593585
da-train-007310,1,0.9923081403677144
da-train-007311,0,4.705891584543347e-07
da-train-007312,0,2.550227208897716e-07
da-train-007313,1,0.9919229633430691
da-train-007314,0,3.2639340621472917e-07
da-train-007315,0,1.4530326281921113e-07
da-train-007316,0,9.047371191738243e-08
da-train-007317,0,4.886558403387028e-05
da-train-007318,0,2.2316166241356634e-07
da-train-007319,1,0.9915351379118308
da-train-007320,0,1.5944251425649396e-07
da-train-007321,0,9.637286707767433e-08
da-train-007322,0,9.995699968091203e-08
da-train-007323,0,1.5014772154236458e-06
da-train-007324,0,2.2826716988036914e-07
da-train-007325,1,0.9919556279514543
da-train-007326,0,1.0793201406157166e-07
da-train-007327,0,6.295523850541706e-07
da-train-007328,0,6.838620601901487e-07
da-train-007329,0,3.488801918292829e-06
da-train-007330,0,3.973615116440953e-07
da-train-007331,0,9.775438263518864e-08
da-train-007332,0,2.1518630393576824e-07
da-train-007333,0,2.3873614756812634e-06
da-train-007334,0,6.341015453319212e-07
da-train-007335,0,6.19374787830279e-08
da-train-007336,0,8.339702510622893e-08
da-train-007337,0,1.690141642261467e-07
da-train-007338,0,1.3393382535699814e-07
da-train-007339,0,3.4093958596967777e-07
da-train-007340,1,0.9925085360942236
da-train-007341,0,1.1264561871169174e-07
da-train-007342,0,1.1704741690370951e-07
da-train-007343,0,4.2354686611915744e-07
da-train-007344,1,0.9641497669222666
da-train-007345,0,8.918413217461632e-07
da-train-007346,0,4.7289801021800505e-08
da-train-007347,0,1.540506815031747e-07
da-train-007348,0,2.608634684325096e-07
da-train-007349,0,3.419240724538846e-07
da-train-007350,0,1.4730318881047665e-07
da-train-007351,0,1.6134419705664897e-07
da-train-007352,1,0.9868808941266316
da-train-007353,0,0.008193323824898756
da-train-007354,0,2.4254748307315933e-07
da-train-007355,0,0.0006481712123241587
da-train-007356,0,7.583985172881024e-08
da-train-007357,0,0.011438807957129399
da-train-007358,0,3.4873888761679915e-07
da-train-007359,1,0.9920215935565855
da-train-007360,0,1.7813689883354816e-07
da-train-007361,0,2.918300517850902e-07
da-train-007362,1,0.9918779941909989
da-train-007363,0,5.891344509304816e-07
da-train-007364,0,8.341444252781626e-07
da-train-007365,1,0.9926521354598101
da-train-007366,0,1.9156446214654204e-07
da-train-007367,0,1.3426808677525337e-06
da-train-007368,0,1.1487268915434839e-07
da-train-007369,0,0.00017299570083918473
da-train-007370,0,1.2020645309509135e-07
da-train-007371,1,0.9143307135840587
da-train-007372,0,0.1941183906029166
da-train-007373,0,7.524772685481821e-06
da-train-007374,0,4.721163385424959e-07
da-train-007375,0,1.8804659572394517e-07
da-train-007376,1,0.9922111314030672
da-train-007377,0,1.468144551050548e-07
da-train-007378,0,1.468144551050548e-07
da-train-007379,0,3.86635275232124e-08
da-train-007380,0,2.8125630642791745e-08
da-train-007381,0,0.004462441973811152
da-train-007382,0,1.0360944672152421e-07
da-train-007383,0,5.453365076725007e-07
da-train-007384,0,0.0019187247498282023
da-train-007385,0,2.567077272991461e-06
da-train-007386,0,4.3238687316228474e-07
da-train-007387,0,1.0956964011974668e-06
da-train-007388,0,9.736838458392338e-08
da-train-007389,0,1.110916119046703e-07
da-train-007390,0,4.860267000528136e-07
da-train-007391,0,6.204476292869958e-08
da-train-007392,0,6.947362725221988e-08
da-train-007393,0,2.530635982576113e-07
da-train-007394,0,2.061587562923061e-07
da-train-007395,0,7.934239829898078e-07
da-train-007396,0,1.5205478168727443e-07
da-train-007397,0,7.177705728314962e-08
da-train-007398,0,3.902389270517843e-06
da-train-007399,0,0.004850428815696062
da-train-007400,0,1.2683374006299296e-06
da-train-007401,0,5.221939336928787e-07
da-train-007402,0,4.4144270489855566e-07
da-train-007403,0,6.376807288973241e-07
da-train-007404,0,1.6281528990363498e-07
da-train-007405,0,0.0022733039611250515
da-train-007406,0,0.005436296289673809
da-train-007407,0,1.0959819222086088e-06
da-train-007408,0,7.66230546386625e-08
da-train-007409,0,4.759889195413544e-08
da-train-007410,0,0.01964511531582861
da-train-007411,0,1.1171170905683845e-06
da-train-007412,0,0.03755943802630767
da-train-007413,0,6.898240998451385e-07
da-train-007414,0,2.436256235453569e-07
da-train-007415,0,1.2316129641940295e-07
da-train-007416,0,1.0304355292915438e-06
