pair_id,label,probability,prediction,threshold,status
ab-test-000000,0,0.048516124835112265,0,0.28886889270700056,available
ab-test-000001,0,0.1448307607230867,0,0.28886889270700056,available
ab-test-000002,0,0.052845130386175214,0,0.28886889270700056,available
ab-test-000003,1,0.06440277967163663,0,0.28886889270700056,available
ab-test-000004,0,0.04250766047536068,0,0.28886889270700056,available
ab-test-000005,0,0.03856042851544949,0,0.28886889270700056,available
ab-test-000006,0,0.04516780362148204,0,0.28886889270700056,available
ab-test-000007,0,0.04516780362148204,0,0.28886889270700056,available
ab-test-000008,0,0.04137402239265012,0,0.28886889270700056,available
ab-test-000009,0,0.04034730524789082,0,0.28886889270700056,available
ab-test-000010,0,0.048516124835112265,0,0.28886889270700056,available
ab-test-000011,0,0.03468185270508519,0,0.28886889270700056,available
ab-test-000012,0,0.04250766047536068,0,0.28886889270700056,available
ab-test-000013,0,0.09745033260289145,0,0.28886889270700056,available
ab-test-000014,0,0.03856042851544949,0,0.28886889270700056,available
ab-test-000015,0,0.08246821603419023,0,0.28886889270700056,available
ab-test-000016,0,0.052845130386175214,0,0.28886889270700056,available
ab-test-000017,0,0.03468185270508519,0,0.28886889270700056,available
ab-test-000018,0,0.03468185270508519,0,0.28886889270700056,available
ab-test-000019,0,0.043119780003539616,0,0.28886889270700056,available
ab-test-000020,0,0.03856042851544949,0,0.28886889270700056,available
ab-test-000021,0,0.05863158562752881,0,0.28886889270700056,available
ab-test-000022,0,0.03856042851544949,0,0.28886889270700056,available
ab-test-000023,0,0.04516780362148204,0,0.28886889270700056,available
ab-test-000024,0,0.04137402239265012,0,0.28886889270700056,available
ab-test-000025,0,0.036395886355231125,0,0.28886889270700056,available
ab-test-000026,1,0.19771922443288203,0,0.28886889270700056,available
ab-test-000027,0,0.04760087389563281,0,0.28886889270700056,available
ab-test-000028,0,0.06847367508838406,0,0.28886889270700056,available
ab-test-000029,0,0.11146813414402901,0,0.28886889270700056,available
ab-test-000030,0,0.04707851305497386,0,0.28886889270700056,available
ab-test-000031,0,0.04250766047536068,0,0.28886889270700056,available
ab-test-000032,0,0.04760087389563281,0,0.28886889270700056,available
ab-test-000033,0,0.04760087389563281,0,0.28886889270700056,available
ab-test-000034,0,0.04760087389563281,0,0.28886889270700056,available
ab-test-000035,0,0.018536675798910652,0,0.28886889270700056,available
ab-test-000036,0,0.04250766047536068,0,0.28886889270700056,available
ab-test-000037,0,0.048516124835112265,0,0.28886889270700056,available
ab-test-000038,0,0.03856042851544949,0,0.28886889270700056,available
ab-test-000039,0,0.04516780362148204,0,0.28886889270700056,available
ab-test-000040,0,0.03118074870347174,0,0.28886889270700056,available
ab-test-000041,0,0.09745033260289145,0,0.28886889270700056,available
ab-test-000042,0,0.04760087389563281,0,0.28886889270700056,available
ab-test-000043,0,0.013596367060409864,0,0.28886889270700056,available
ab-test-000044,0,0.08636179423987099,0,0.28886889270700056,available
ab-test-000045,0,0.03468185270508519,0,0.28886889270700056,available
ab-test-000046,1,0.8335891806148666,1,0.28886889270700056,available
ab-test-000047,1,0.9958224170282499,1,0.28886889270700056,available
ab-test-000048,0,0.06670035812570761,0,0.28886889270700056,available
ab-test-000049,0,0.048516124835112265,0,0.28886889270700056,available
ab-test-000050,0,0.0881917004671592,0,0.28886889270700056,available
ab-test-000051,1,0.8981815337539796,1,0.28886889270700056,available
ab-test-000052,0,0.07579014069590474,0,0.28886889270700056,available
ab-test-000053,0,0.08502666485093777,0,0.28886889270700056,available
ab-test-000054,1,0.7412808958117741,1,0.28886889270700056,available
ab-test-000055,0,0.052845130386175214,0,0.28886889270700056,available
ab-test-000056,0,0.062307869252158955,0,0.28886889270700056,available
ab-test-000057,1,0.04137402239265012,0,0.28886889270700056,available
ab-test-000058,0,0.05413063787548076,0,0.28886889270700056,available
ab-test-000059,0,0.12053533586110776,0,0.28886889270700056,available
ab-test-000060,0,0.13467845235038647,0,0.28886889270700056,available
ab-test-000061,0,0.048516124835112265,0,0.28886889270700056,available
ab-test-000062,0,0.08246821603419023,0,0.28886889270700056,available
ab-test-000063,0,0.035322645257294026,0,0.28886889270700056,available
ab-test-000064,0,0.03468185270508519,0,0.28886889270700056,available
ab-test-000065,0,0.31495191336915573,1,0.28886889270700056,available
ab-test-000066,0,0.04034730524789082,0,0.28886889270700056,available
ab-test-000067,0,0.024842751745315274,0,0.28886889270700056,available
ab-test-000068,0,0.03856042851544949,0,0.28886889270700056,available
ab-test-000069,0,0.0665404020111499,0,0.28886889270700056,available
ab-test-000070,0,0.11764220992122384,0,0.28886889270700056,available
ab-test-000071,0,0.05053390392092391,0,0.28886889270700056,available
ab-test-000072,0,0.04673530443024184,0,0.28886889270700056,available
ab-test-000073,0,0.03705943762179665,0,0.28886889270700056,available
ab-test-000074,0,0.04034730524789082,0,0.28886889270700056,available
ab-test-000075,0,0.05188160088323696,0,0.28886889270700056,available
ab-test-000076,0,0.0687036748255188,0,0.28886889270700056,available
ab-test-000077,0,0.04516780362148204,0,0.28886889270700056,available
ab-test-000078,0,0.043119780003539616,0,0.28886889270700056,available
ab-test-000079,0,0.04516780362148204,0,0.28886889270700056,available
ab-test-000080,0,0.07579014069590474,0,0.28886889270700056,available
ab-test-000081,1,0.09745033260289145,0,0.28886889270700056,available
ab-test-000082,0,0.0881917004671592,0,0.28886889270700056,available
ab-test-000083,0,0.03856042851544949,0,0.28886889270700056,available
ab-test-000084,0,0.04516780362148204,0,0.28886889270700056,available
ab-test-000085,0,0.05863158562752881,0,0.28886889270700056,available
ab-test-000086,0,0.028520026780018578,0,0.28886889270700056,available
ab-test-000087,0,0.03856042851544949,0,0.28886889270700056,available
ab-test-000088,0,0.04516780362148204,0,0.28886889270700056,available
ab-test-000089,0,0.03118074870347174,0,0.28886889270700056,available
ab-test-000090,0,0.04034730524789082,0,0.28886889270700056,available
ab-test-000091,0,0.04250766047536068,0,0.28886889270700056,available
ab-test-000092,0,0.03856042851544949,0,0.28886889270700056,available
ab-test-000093,0,0.05053390392092391,0,0.28886889270700056,available
ab-test-000094,0,0.052845130386175214,0,0.28886889270700056,available
ab-test-000095,0,0.08493078537871512,0,0.28886889270700056,available
ab-test-000096,0,0.035322645257294026,0,0.28886889270700056,available
ab-test-000097,0,0.036395886355231125,0,0.28886889270700056,available
ab-test-000098,0,0.043119780003539616,0,0.28886889270700056,available
ab-test-000099,0,0.05053390392092391,0,0.28886889270700056,available
ab-test-000100,0,0.04034730524789082,0,0.28886889270700056,available
ab-test-000101,0,0.04204035530308877,0,0.28886889270700056,available
ab-test-000102,1,0.05053390392092391,0,0.28886889270700056,available
ab-test-000103,0,0.03856042851544949,0,0.28886889270700056,available
ab-test-000104,0,0.052845130386175214,0,0.28886889270700056,available
ab-test-000105,0,0.09745033260289145,0,0.28886889270700056,available
ab-test-000106,0,0.036395886355231125,0,0.28886889270700056,available
ab-test-000107,0,0.05053390392092391,0,0.28886889270700056,available
ab-test-000108,0,0.03705943762179665,0,0.28886889270700056,available
ab-test-000109,0,0.1353269940235207,0,0.28886889270700056,available
ab-test-000110,0,0.05053390392092391,0,0.28886889270700056,available
ab-test-000111,0,0.03856042851544949,0,0.28886889270700056,available
ab-test-000112,1,0.8472876866458838,1,0.28886889270700056,available
ab-test-000113,0,0.04137402239265012,0,0.28886889270700056,available
ab-test-000114,0,0.05053390392092391,0,0.28886889270700056,available
ab-test-000115,0,0.0720251701575536,0,0.28886889270700056,available
ab-test-000116,0,0.07820379815960866,0,0.28886889270700056,available
ab-test-000117,0,0.08246821603419023,0,0.28886889270700056,available
ab-test-000118,0,0.09917757339461394,0,0.28886889270700056,available
ab-test-000119,0,0.03047384006323411,0,0.28886889270700056,available
ab-test-000120,0,0.03856042851544949,0,0.28886889270700056,available
ab-test-000121,0,0.04250766047536068,0,0.28886889270700056,available
ab-test-000122,0,0.004464654693810856,0,0.28886889270700056,available
ab-test-000123,0,0.04137402239265012,0,0.28886889270700056,available
ab-test-000124,1,0.38405925612649383,1,0.28886889270700056,available
ab-test-000125,0,0.03856042851544949,0,0.28886889270700056,available
ab-test-000126,1,0.9966519523712659,1,0.28886889270700056,available
ab-test-000127,1,0.06312317392365442,0,0.28886889270700056,available
ab-test-000128,0,0.06440277967163663,0,0.28886889270700056,available
ab-test-000129,0,0.04516780362148204,0,0.28886889270700056,available
ab-test-000130,0,0.03468185270508519,0,0.28886889270700056,available
ab-test-000131,0,0.02467866592038092,0,0.28886889270700056,available
ab-test-000132,1,0.5553203719749592,1,0.28886889270700056,available
ab-test-000133,0,0.06312317392365442,0,0.28886889270700056,available
ab-test-000134,0,0.12137263838820844,0,0.28886889270700056,available
ab-test-000135,0,0.09745033260289145,0,0.28886889270700056,available
ab-test-000136,0,0.04516780362148204,0,0.28886889270700056,available
ab-test-000137,0,0.05413063787548076,0,0.28886889270700056,available
ab-test-000138,0,0.052845130386175214,0,0.28886889270700056,available
ab-test-000139,0,0.04760087389563281,0,0.28886889270700056,available
ab-test-000140,0,0.05053390392092391,0,0.28886889270700056,available
ab-test-000141,0,0.03468185270508519,0,0.28886889270700056,available
ab-test-000142,0,0.04250766047536068,0,0.28886889270700056,available
ab-test-000143,0,0.048516124835112265,0,0.28886889270700056,available
ab-test-000144,0,0.04137402239265012,0,0.28886889270700056,available
ab-test-000145,0,0.03856042851544949,0,0.28886889270700056,available
ab-test-000146,0,0.03856042851544949,0,0.28886889270700056,available
ab-test-000147,0,0.05863158562752881,0,0.28886889270700056,available
ab-test-000148,0,0.053081754415049746,0,0.28886889270700056,available
ab-test-000149,0,0.04250766047536068,0,0.28886889270700056,available
ab-test-000150,0,0.05863158562752881,0,0.28886889270700056,available
ab-test-000151,1,0.12657708359896078,0,0.28886889270700056,available
ab-test-000152,0,0.05188160088323696,0,0.28886889270700056,available
ab-test-000153,1,0.9970809369923095,1,0.28886889270700056,available
ab-test-000154,0,0.05863158562752881,0,0.28886889270700056,available
ab-test-000155,1,0.5553203719749592,1,0.28886889270700056,available
ab-test-000156,0,0.06887879999099732,0,0.28886889270700056,available
ab-test-000157,0,0.04250766047536068,0,0.28886889270700056,available
ab-test-000158,0,0.036395886355231125,0,0.28886889270700056,available
ab-test-000159,0,0.05863158562752881,0,0.28886889270700056,available
ab-test-000160,1,0.9970809369923095,1,0.28886889270700056,available
ab-test-000161,0,0.04516780362148204,0,0.28886889270700056,available
ab-test-000162,0,0.03856042851544949,0,0.28886889270700056,available
ab-test-000163,1,0.9970334584083219,1,0.28886889270700056,available
ab-test-000164,0,0.04034730524789082,0,0.28886889270700056,available
ab-test-000165,0,0.06670035812570761,0,0.28886889270700056,available
ab-test-000166,0,0.18715886955266733,0,0.28886889270700056,available
ab-test-000167,0,0.3922116588446409,1,0.28886889270700056,available
ab-test-000168,0,0.048516124835112265,0,0.28886889270700056,available
ab-test-000169,0,0.04137402239265012,0,0.28886889270700056,available
ab-test-000170,0,0.03214459687117357,0,0.28886889270700056,available
ab-test-000171,0,0.11251634500925009,0,0.28886889270700056,available
ab-test-000172,0,0.05863158562752881,0,0.28886889270700056,available
ab-test-000173,0,0.04250766047536068,0,0.28886889270700056,available
ab-test-000174,0,0.02517640590630819,0,0.28886889270700056,available
ab-test-000175,0,0.036395886355231125,0,0.28886889270700056,available
ab-test-000176,0,0.0660108063372423,0,0.28886889270700056,available
ab-test-000177,0,0.04137402239265012,0,0.28886889270700056,available
ab-test-000178,1,0.08944103381797364,0,0.28886889270700056,available
ab-test-000179,0,0.1219026748988868,0,0.28886889270700056,available
ab-test-000180,0,0.0265625503040861,0,0.28886889270700056,available
ab-test-000181,1,0.03705943762179665,0,0.28886889270700056,available
ab-test-000182,0,0.04516780362148204,0,0.28886889270700056,available
ab-test-000183,0,0.04516780362148204,0,0.28886889270700056,available
ab-test-000184,1,0.03788624880760282,0,0.28886889270700056,available
ab-test-000185,0,0.09652580654799048,0,0.28886889270700056,available
ab-test-000186,1,0.9988523327008035,1,0.28886889270700056,available
ab-test-000187,0,0.05863158562752881,0,0.28886889270700056,available
ab-test-000188,0,0.05863158562752881,0,0.28886889270700056,available
ab-test-000189,0,0.04760087389563281,0,0.28886889270700056,available
ab-test-000190,0,0.04516780362148204,0,0.28886889270700056,available
ab-test-000191,0,0.052845130386175214,0,0.28886889270700056,available
ab-test-000192,0,0.08538575885051594,0,0.28886889270700056,available
ab-test-000193,0,0.04760087389563281,0,0.28886889270700056,available
ab-test-000194,0,0.04760087389563281,0,0.28886889270700056,available
ab-test-000195,0,0.16844355670971814,0,0.28886889270700056,available
ab-test-000196,0,0.036395886355231125,0,0.28886889270700056,available
ab-test-000197,0,0.02167380869747647,0,0.28886889270700056,available
ab-test-000198,0,0.03856042851544949,0,0.28886889270700056,available
ab-test-000199,0,0.03468185270508519,0,0.28886889270700056,available
ab-test-000200,0,0.043119780003539616,0,0.28886889270700056,available
ab-test-000201,1,0.03856042851544949,0,0.28886889270700056,available
ab-test-000202,0,0.04804172712396857,0,0.28886889270700056,available
ab-test-000203,0,0.048516124835112265,0,0.28886889270700056,available
ab-test-000204,0,0.05863158562752881,0,0.28886889270700056,available
ab-test-000205,1,0.9910395110875332,1,0.28886889270700056,available
ab-test-000206,0,0.06670035812570761,0,0.28886889270700056,available
ab-test-000207,0,0.03468185270508519,0,0.28886889270700056,available
ab-test-000208,1,0.874504685410733,1,0.28886889270700056,available
ab-test-000209,0,0.048516124835112265,0,0.28886889270700056,available
ab-test-000210,0,0.03741163932615875,0,0.28886889270700056,available
ab-test-000211,0,0.048516124835112265,0,0.28886889270700056,available
ab-test-000212,0,0.05863158562752881,0,0.28886889270700056,available
ab-test-000213,0,0.0687036748255188,0,0.28886889270700056,available
ab-test-000214,1,0.8598957751021846,1,0.28886889270700056,available
ab-test-000215,0,0.04137402239265012,0,0.28886889270700056,available
ab-test-000216,0,0.04760087389563281,0,0.28886889270700056,available
ab-test-000217,0,0.00471746639315358,0,0.28886889270700056,available
ab-test-000218,0,0.03214459687117357,0,0.28886889270700056,available
ab-test-000219,0,0.04516780362148204,0,0.28886889270700056,available
ab-test-000220,0,0.04760087389563281,0,0.28886889270700056,available
ab-test-000221,0,0.036395886355231125,0,0.28886889270700056,available
ab-test-000222,0,0.052845130386175214,0,0.28886889270700056,available
ab-test-000223,0,0.03329253579878166,0,0.28886889270700056,available
ab-test-000224,0,0.04516780362148204,0,0.28886889270700056,available
ab-test-000225,0,0.09745033260289145,0,0.28886889270700056,available
ab-test-000226,0,0.04250766047536068,0,0.28886889270700056,available
ab-test-000227,0,0.04760087389563281,0,0.28886889270700056,available
ab-test-000228,0,0.03329253579878166,0,0.28886889270700056,available
ab-test-000229,1,0.992538969389707,1,0.28886889270700056,available
ab-test-000230,0,0.07527772288035761,0,0.28886889270700056,available
ab-test-000231,0,0.048516124835112265,0,0.28886889270700056,available
ab-test-000232,0,0.04034730524789082,0,0.28886889270700056,available
ab-test-000233,0,0.05863158562752881,0,0.28886889270700056,available
ab-test-000234,0,0.5201681052486135,1,0.28886889270700056,available
ab-test-000235,0,0.04250766047536068,0,0.28886889270700056,available
ab-test-000236,0,0.03856042851544949,0,0.28886889270700056,available
ab-test-000237,1,0.578472917712934,1,0.28886889270700056,available
ab-test-000238,0,0.04516780362148204,0,0.28886889270700056,available
ab-test-000239,0,0.03468185270508519,0,0.28886889270700056,available
ab-test-000240,0,0.03856042851544949,0,0.28886889270700056,available
ab-test-000241,0,0.052845130386175214,0,0.28886889270700056,available
ab-test-000242,0,0.06670035812570761,0,0.28886889270700056,available
ab-test-000243,0,0.03468185270508519,0,0.28886889270700056,available
ab-test-000244,0,0.00876696493602223,0,0.28886889270700056,available
ab-test-000245,1,0.9578784624520016,1,0.28886889270700056,available
ab-test-000246,0,0.08230402313782982,0,0.28886889270700056,available
ab-test-000247,0,0.06440277967163663,0,0.28886889270700056,available
ab-test-000248,0,0.03578182107670404,0,0.28886889270700056,available
ab-test-000249,0,0.03329253579878166,0,0.28886889270700056,available
ab-test-000250,0,0.0057928387952606315,0,0.28886889270700056,available
ab-test-000251,0,0.05053390392092391,0,0.28886889270700056,available
ab-test-000252,0,0.0033084432836049706,0,0.28886889270700056,available
ab-test-000253,0,0.03856042851544949,0,0.28886889270700056,available
ab-test-000254,0,0.03329253579878166,0,0.28886889270700056,available
ab-test-000255,0,0.03329253579878166,0,0.28886889270700056,available
ab-test-000256,0,0.04250766047536068,0,0.28886889270700056,available
ab-test-000257,0,0.03741163932615875,0,0.28886889270700056,available
ab-test-000258,0,0.9931684059905029,1,0.28886889270700056,available
ab-test-000259,0,0.03468185270508519,0,0.28886889270700056,available
ab-test-000260,0,0.03856042851544949,0,0.28886889270700056,available
ab-test-000261,0,0.05053390392092391,0,0.28886889270700056,available
ab-test-000262,0,0.05863158562752881,0,0.28886889270700056,available
ab-test-000263,0,0.08502666485093777,0,0.28886889270700056,available
ab-test-000264,0,0.03507858933611716,0,0.28886889270700056,available
ab-test-000265,0,0.02802281817993221,0,0.28886889270700056,available
ab-test-000266,0,0.010426929500594224,0,0.28886889270700056,available
ab-test-000267,0,0.048516124835112265,0,0.28886889270700056,available
ab-test-000268,0,0.03856042851544949,0,0.28886889270700056,available
ab-test-000269,0,0.07047762329229151,0,0.28886889270700056,available
ab-test-000270,0,0.04516780362148204,0,0.28886889270700056,available
ab-test-000271,0,0.03705943762179665,0,0.28886889270700056,available
ab-test-000272,0,0.04034730524789082,0,0.28886889270700056,available
ab-test-000273,0,0.052654044451396036,0,0.28886889270700056,available
ab-test-000274,0,0.11962114397229733,0,0.28886889270700056,available
ab-test-000275,0,0.043119780003539616,0,0.28886889270700056,available
ab-test-000276,0,0.03329253579878166,0,0.28886889270700056,available
ab-test-000277,0,0.0720251701575536,0,0.28886889270700056,available
ab-test-000278,0,0.048516124835112265,0,0.28886889270700056,available
ab-test-000279,0,0.04350292007474061,0,0.28886889270700056,available
ab-test-000280,0,0.04137402239265012,0,0.28886889270700056,available
ab-test-000281,0,0.06440277967163663,0,0.28886889270700056,available
ab-test-000282,0,0.14696400890715075,0,0.28886889270700056,available
ab-test-000283,0,0.04034730524789082,0,0.28886889270700056,available
ab-test-000284,0,0.03856042851544949,0,0.28886889270700056,available
ab-test-000285,0,0.036395886355231125,0,0.28886889270700056,available
ab-test-000286,0,0.0687036748255188,0,0.28886889270700056,available
ab-test-000287,0,0.04250766047536068,0,0.28886889270700056,available
ab-test-000288,0,0.09745033260289145,0,0.28886889270700056,available
ab-test-000289,0,0.0644553277919532,0,0.28886889270700056,available
ab-test-000290,0,0.04034730524789082,0,0.28886889270700056,available
ab-test-000291,0,0.0016225049344536413,0,0.28886889270700056,available
ab-test-000292,0,0.054948993418397825,0,0.28886889270700056,available
ab-test-000293,0,0.0720251701575536,0,0.28886889270700056,available
ab-test-000294,0,0.048516124835112265,0,0.28886889270700056,available
ab-test-000295,0,0.04516780362148204,0,0.28886889270700056,available
ab-test-000296,1,0.9339347504478612,1,0.28886889270700056,available
ab-test-000297,0,0.03468185270508519,0,0.28886889270700056,available
ab-test-000298,0,0.03468185270508519,0,0.28886889270700056,available
ab-test-000299,0,0.04516780362148204,0,0.28886889270700056,available
ab-test-000300,0,0.052845130386175214,0,0.28886889270700056,available
ab-test-000301,0,0.04516780362148204,0,0.28886889270700056,available
ab-test-000302,0,0.036395886355231125,0,0.28886889270700056,available
ab-test-000303,0,0.5201681052486135,1,0.28886889270700056,available
ab-test-000304,0,0.036395886355231125,0,0.28886889270700056,available
ab-test-000305,0,0.0265625503040861,0,0.28886889270700056,available
ab-test-000306,0,0.0720251701575536,0,0.28886889270700056,available
ab-test-000307,1,0.0720251701575536,0,0.28886889270700056,available
ab-test-000308,1,0.04516780362148204,0,0.28886889270700056,available
ab-test-000309,0,0.043119780003539616,0,0.28886889270700056,available
ab-test-000310,0,0.04250766047536068,0,0.28886889270700056,available
ab-test-000311,1,0.7826493913737853,1,0.28886889270700056,available
ab-test-000312,0,0.03856042851544949,0,0.28886889270700056,available
ab-test-000313,0,0.08246821603419023,0,0.28886889270700056,available
ab-test-000314,1,0.3577333209374413,1,0.28886889270700056,available
ab-test-000315,0,0.02556509408407616,0,0.28886889270700056,available
ab-test-000316,0,0.06312317392365442,0,0.28886889270700056,available
ab-test-000317,0,0.052845130386175214,0,0.28886889270700056,available
ab-test-000318,1,0.054948993418397825,0,0.28886889270700056,available
ab-test-000319,0,0.04516780362148204,0,0.28886889270700056,available
ab-test-000320,0,0.04250766047536068,0,0.28886889270700056,available
ab-test-000321,0,0.03856042851544949,0,0.28886889270700056,available
ab-test-000322,0,0.04137402239265012,0,0.28886889270700056,available
ab-test-000323,0,0.03856042851544949,0,0.28886889270700056,available
ab-test-000324,0,0.06440277967163663,0,0.28886889270700056,available
ab-test-000325,0,0.04034730524789082,0,0.28886889270700056,available
ab-test-000326,0,0.021294292272898037,0,0.28886889270700056,available
ab-test-000327,0,0.03678770924039204,0,0.28886889270700056,available
ab-test-000328,0,0.04516780362148204,0,0.28886889270700056,available
ab-test-000329,1,0.04034730524789082,0,0.28886889270700056,available
ab-test-000330,0,0.0720251701575536,0,0.28886889270700056,available
ab-test-000331,1,0.5348593761690507,1,0.28886889270700056,available
ab-test-000332,0,0.05863158562752881,0,0.28886889270700056,available
ab-test-000333,0,0.052845130386175214,0,0.28886889270700056,available
ab-test-000334,0,0.03549165067080009,0,0.28886889270700056,available
ab-test-000335,0,0.05413063787548076,0,0.28886889270700056,available
ab-test-000336,0,0.19917121895816256,0,0.28886889270700056,available
ab-test-000337,1,0.8218239546106593,1,0.28886889270700056,available
ab-test-000338,0,0.06440277967163663,0,0.28886889270700056,available
ab-test-000339,0,0.07579014069590474,0,0.28886889270700056,available
ab-test-000340,0,0.05863158562752881,0,0.28886889270700056,available
ab-test-000341,0,0.12024740524749847,0,0.28886889270700056,available
ab-test-000342,0,0.03468185270508519,0,0.28886889270700056,available
ab-test-000343,0,0.56886187062963,1,0.28886889270700056,available
ab-test-000344,0,0.048516124835112265,0,0.28886889270700056,available
ab-test-000345,0,0.10859333675824977,0,0.28886889270700056,available
ab-test-000346,1,0.07830124734429386,0,0.28886889270700056,available
ab-test-000347,0,0.08502666485093777,0,0.28886889270700056,available
ab-test-000348,0,0.010774120405126634,0,0.28886889270700056,available
ab-test-000349,0,0.15279332976548818,0,0.28886889270700056,available
ab-test-000350,0,0.03468185270508519,0,0.28886889270700056,available
ab-test-000351,0,0.07681054575492904,0,0.28886889270700056,available
ab-test-000352,0,0.04516780362148204,0,0.28886889270700056,available
ab-test-000353,0,0.048516124835112265,0,0.28886889270700056,available
ab-test-000354,0,0.0265625503040861,0,0.28886889270700056,available
ab-test-000355,0,0.03856042851544949,0,0.28886889270700056,available
ab-test-000356,0,0.0750063916960777,0,0.28886889270700056,available
ab-test-000357,0,0.14024630137581034,0,0.28886889270700056,available
ab-test-000358,0,0.052845130386175214,0,0.28886889270700056,available
ab-test-000359,0,0.03705943762179665,0,0.28886889270700056,available
ab-test-000360,0,0.06670035812570761,0,0.28886889270700056,available
ab-test-000361,0,0.08683986015641383,0,0.28886889270700056,available
ab-test-000362,0,0.0720251701575536,0,0.28886889270700056,available
ab-test-000363,0,0.04516780362148204,0,0.28886889270700056,available
ab-test-000364,0,0.4457264281802752,1,0.28886889270700056,available
ab-test-000365,1,0.11481368102543696,0,0.28886889270700056,available
ab-test-000366,0,0.04516780362148204,0,0.28886889270700056,available
ab-test-000367,0,0.036395886355231125,0,0.28886889270700056,available
ab-test-000368,0,0.08683986015641383,0,0.28886889270700056,available
ab-test-000369,0,0.04034730524789082,0,0.28886889270700056,available
ab-test-000370,0,0.09648064463770996,0,0.28886889270700056,available
ab-test-000371,1,0.2160958895529785,0,0.28886889270700056,available
ab-test-000372,0,0.04516780362148204,0,0.28886889270700056,available
ab-test-000373,0,0.0720251701575536,0,0.28886889270700056,available
ab-test-000374,0,0.04137402239265012,0,0.28886889270700056,available
ab-test-000375,0,0.05188160088323696,0,0.28886889270700056,available
ab-test-000376,0,0.03856042851544949,0,0.28886889270700056,available
ab-test-000377,0,0.0633845622348361,0,0.28886889270700056,available
ab-test-000378,0,0.08502666485093777,0,0.28886889270700056,available
ab-test-000379,1,0.1305876585345685,0,0.28886889270700056,available
ab-test-000380,0,0.04250766047536068,0,0.28886889270700056,available
ab-test-000381,0,0.04516780362148204,0,0.28886889270700056,available
ab-test-000382,0,0.04250766047536068,0,0.28886889270700056,available
ab-test-000383,0,0.03856042851544949,0,0.28886889270700056,available
ab-test-000384,1,0.23741597478649593,0,0.28886889270700056,available
ab-test-000385,0,0.03705943762179665,0,0.28886889270700056,available
ab-test-000386,0,0.06440277967163663,0,0.28886889270700056,available
ab-test-000387,0,0.04516780362148204,0,0.28886889270700056,available
ab-test-000388,0,0.03856042851544949,0,0.28886889270700056,available
ab-test-000389,1,0.634668856267,1,0.28886889270700056,available
ab-test-000390,0,0.03856042851544949,0,0.28886889270700056,available
ab-test-000391,0,0.09745033260289145,0,0.28886889270700056,available
ab-test-000392,0,0.03856042851544949,0,0.28886889270700056,available
ab-test-000393,0,0.048516124835112265,0,0.28886889270700056,available
ab-test-000394,0,0.03705943762179665,0,0.28886889270700056,available
ab-test-000395,0,0.048516124835112265,0,0.28886889270700056,available
ab-test-000396,0,0.07858915058112349,0,0.28886889270700056,available
ab-test-000397,0,0.04250766047536068,0,0.28886889270700056,available
ab-test-000398,0,0.04137402239265012,0,0.28886889270700056,available
ab-test-000399,1,0.03214459687117357,0,0.28886889270700056,available
ab-test-000400,0,0.04034730524789082,0,0.28886889270700056,available
ab-test-000401,1,0.03468185270508519,0,0.28886889270700056,available
ab-test-000402,1,0.15919165639029076,0,0.28886889270700056,available
ab-test-000403,0,0.03468185270508519,0,0.28886889270700056,available
ab-test-000404,1,0.16700847274005903,0,0.28886889270700056,available
ab-test-000405,0,0.04516780362148204,0,0.28886889270700056,available
ab-test-000406,0,0.81626459314203,1,0.28886889270700056,available
ab-test-000407,0,0.0881917004671592,0,0.28886889270700056,available
ab-test-000408,0,0.036395886355231125,0,0.28886889270700056,available
ab-test-000409,0,0.15164241354140473,0,0.28886889270700056,available
ab-test-000410,0,0.08620298639552416,0,0.28886889270700056,available
ab-test-000411,0,0.08666139220696302,0,0.28886889270700056,available
ab-test-000412,1,0.06806587377845302,0,0.28886889270700056,available
ab-test-000413,0,0.04516780362148204,0,0.28886889270700056,available
ab-test-000414,0,0.06440277967163663,0,0.28886889270700056,available
ab-test-000415,0,0.00040314398060311267,0,0.28886889270700056,available
ab-test-000416,0,0.08502666485093777,0,0.28886889270700056,available
ab-test-000417,0,0.052845130386175214,0,0.28886889270700056,available
ab-test-000418,0,0.31495191336915573,1,0.28886889270700056,available
ab-test-000419,1,0.9946212542888323,1,0.28886889270700056,available
ab-test-000420,0,0.3183861191243381,1,0.28886889270700056,available
ab-test-000421,1,0.07858915058112349,0,0.28886889270700056,available
ab-test-000422,0,0.09745033260289145,0,0.28886889270700056,available
ab-test-000423,0,0.04137402239265012,0,0.28886889270700056,available
ab-test-000424,0,0.036395886355231125,0,0.28886889270700056,available
ab-test-000425,0,0.048516124835112265,0,0.28886889270700056,available
ab-test-000426,0,0.04137402239265012,0,0.28886889270700056,available
ab-test-000427,0,0.052845130386175214,0,0.28886889270700056,available
ab-test-000428,0,0.052845130386175214,0,0.28886889270700056,available
ab-test-000429,0,0.12422955159776204,0,0.28886889270700056,available
ab-test-000430,0,0.05053390392092391,0,0.28886889270700056,available
ab-test-000431,1,0.03214459687117357,0,0.28886889270700056,available
ab-test-000432,0,0.05413063787548076,0,0.28886889270700056,available
ab-test-000433,0,0.4428666913043945,1,0.28886889270700056,available
ab-test-000434,0,0.05591971990312228,0,0.28886889270700056,available
ab-test-000435,0,0.06670035812570761,0,0.28886889270700056,available
ab-test-000436,0,0.04034730524789082,0,0.28886889270700056,available
ab-test-000437,0,0.08475095224180015,0,0.28886889270700056,available
ab-test-000438,0,0.05923421163288238,0,0.28886889270700056,available
ab-test-000439,0,0.048516124835112265,0,0.28886889270700056,available
ab-test-000440,0,0.07858915058112349,0,0.28886889270700056,available
ab-test-000441,0,0.025028603377861218,0,0.28886889270700056,available
ab-test-000442,0,0.048516124835112265,0,0.28886889270700056,available
ab-test-000443,0,0.0720251701575536,0,0.28886889270700056,available
ab-test-000444,0,0.0265625503040861,0,0.28886889270700056,available
ab-test-000445,0,0.036395886355231125,0,0.28886889270700056,available
ab-test-000446,0,0.048516124835112265,0,0.28886889270700056,available
ab-test-000447,0,0.22467852846006,0,0.28886889270700056,available
ab-test-000448,0,0.04783356776235317,0,0.28886889270700056,available
ab-test-000449,0,0.052845130386175214,0,0.28886889270700056,available
ab-test-000450,0,0.06427852035549843,0,0.28886889270700056,available
ab-test-000451,0,0.48605495591649683,1,0.28886889270700056,available
ab-test-000452,0,0.054948993418397825,0,0.28886889270700056,available
ab-test-000453,0,0.03856042851544949,0,0.28886889270700056,available
ab-test-000454,0,0.036395886355231125,0,0.28886889270700056,available
ab-test-000455,0,0.03856042851544949,0,0.28886889270700056,available
ab-test-000456,0,0.25248325454361614,0,0.28886889270700056,available
ab-test-000457,0,0.04516780362148204,0,0.28886889270700056,available
ab-test-000458,0,0.04516780362148204,0,0.28886889270700056,available
ab-test-000459,0,0.04516780362148204,0,0.28886889270700056,available
ab-test-000460,0,0.048516124835112265,0,0.28886889270700056,available
ab-test-000461,0,0.0720251701575536,0,0.28886889270700056,available
ab-test-000462,0,0.03468185270508519,0,0.28886889270700056,available
ab-test-000463,0,0.052845130386175214,0,0.28886889270700056,available
ab-test-000464,0,0.052845130386175214,0,0.28886889270700056,available
ab-test-000465,0,0.03856042851544949,0,0.28886889270700056,available
ab-test-000466,0,0.03214459687117357,0,0.28886889270700056,available
ab-test-000467,0,0.04516780362148204,0,0.28886889270700056,available
ab-test-000468,0,0.048516124835112265,0,0.28886889270700056,available
ab-test-000469,0,0.036395886355231125,0,0.28886889270700056,available
ab-test-000470,0,0.052845130386175214,0,0.28886889270700056,available
ab-test-000471,0,0.05863158562752881,0,0.28886889270700056,available
ab-test-000472,0,0.03468185270508519,0,0.28886889270700056,available
ab-test-000473,0,0.10924662834961069,0,0.28886889270700056,available
ab-test-000474,1,0.4644983842857053,1,0.28886889270700056,available
ab-test-000475,0,0.03856042851544949,0,0.28886889270700056,available
ab-test-000476,0,0.04516780362148204,0,0.28886889270700056,available
ab-test-000477,0,0.07579014069590474,0,0.28886889270700056,available
ab-test-000478,0,0.03214459687117357,0,0.28886889270700056,available
ab-test-000479,0,0.05863158562752881,0,0.28886889270700056,available
ab-test-000480,0,0.06440277967163663,0,0.28886889270700056,available
ab-test-000481,0,0.048516124835112265,0,0.28886889270700056,available
ab-test-000482,0,0.09745033260289145,0,0.28886889270700056,available
ab-test-000483,0,0.03705943762179665,0,0.28886889270700056,available
ab-test-000484,0,0.048516124835112265,0,0.28886889270700056,available
ab-test-000485,0,0.04760087389563281,0,0.28886889270700056,available
ab-test-000486,0,0.048516124835112265,0,0.28886889270700056,available
ab-test-000487,0,0.05181894371008356,0,0.28886889270700056,available
ab-test-000488,0,0.030649556821605854,0,0.28886889270700056,available
ab-test-000489,0,0.12346304073131958,0,0.28886889270700056,available
ab-test-000490,0,0.4035086631685786,1,0.28886889270700056,available
ab-test-000491,0,0.018914745959458343,0,0.28886889270700056,available
ab-test-000492,0,0.02802281817993221,0,0.28886889270700056,available
ab-test-000493,0,0.03856042851544949,0,0.28886889270700056,available
ab-test-000494,1,0.9974231572745783,1,0.28886889270700056,available
ab-test-000495,0,0.04760087389563281,0,0.28886889270700056,available
ab-test-000496,0,0.11216138602563148,0,0.28886889270700056,available
ab-test-000497,0,0.052845130386175214,0,0.28886889270700056,available
ab-test-000498,0,0.03468185270508519,0,0.28886889270700056,available
ab-test-000499,0,0.14024630137581034,0,0.28886889270700056,available
ab-test-000500,0,0.03578182107670404,0,0.28886889270700056,available
ab-test-000501,0,0.03856042851544949,0,0.28886889270700056,available
ab-test-000502,1,0.1979111767193033,0,0.28886889270700056,available
ab-test-000503,0,0.06312317392365442,0,0.28886889270700056,available
ab-test-000504,1,0.6896979140187387,1,0.28886889270700056,available
ab-test-000505,0,0.04250766047536068,0,0.28886889270700056,available
ab-test-000506,0,0.07662837167899784,0,0.28886889270700056,available
ab-test-000507,0,0.043119780003539616,0,0.28886889270700056,available
ab-test-000508,1,0.9970809369923095,1,0.28886889270700056,available
ab-test-000509,0,0.04034730524789082,0,0.28886889270700056,available
ab-test-000510,0,0.04034730524789082,0,0.28886889270700056,available
ab-test-000511,0,0.04516780362148204,0,0.28886889270700056,available
ab-test-000512,0,0.0881917004671592,0,0.28886889270700056,available
ab-test-000513,0,0.06670035812570761,0,0.28886889270700056,available
ab-test-000514,0,0.03856042851544949,0,0.28886889270700056,available
ab-test-000515,0,0.04516780362148204,0,0.28886889270700056,available
ab-test-000516,0,0.1556220027398975,0,0.28886889270700056,available
ab-test-000517,0,0.02903933860766603,0,0.28886889270700056,available
ab-test-000518,0,0.04137402239265012,0,0.28886889270700056,available
ab-test-000519,1,0.04034730524789082,0,0.28886889270700056,available
ab-test-000520,0,0.04137402239265012,0,0.28886889270700056,available
ab-test-000521,0,0.04516780362148204,0,0.28886889270700056,available
ab-test-000522,0,0.07579014069590474,0,0.28886889270700056,available
ab-test-000523,1,0.9365312286239109,1,0.28886889270700056,available
ab-test-000524,0,0.06312317392365442,0,0.28886889270700056,available
ab-test-000525,0,0.036121911482421484,0,0.28886889270700056,available
ab-test-000526,0,0.05110324962278724,0,0.28886889270700056,available
ab-test-000527,1,0.11630033797663536,0,0.28886889270700056,available
ab-test-000528,0,0.04034730524789082,0,0.28886889270700056,available
ab-test-000529,0,0.031998662029245166,0,0.28886889270700056,available
ab-test-000530,0,0.04137402239265012,0,0.28886889270700056,available
ab-test-000531,0,0.03329253579878166,0,0.28886889270700056,available
ab-test-000532,0,0.0720251701575536,0,0.28886889270700056,available
ab-test-000533,0,0.036395886355231125,0,0.28886889270700056,available
ab-test-000534,0,0.052845130386175214,0,0.28886889270700056,available
ab-test-000535,0,0.05413063787548076,0,0.28886889270700056,available
ab-test-000536,0,0.06312317392365442,0,0.28886889270700056,available
ab-test-000537,0,0.02903933860766603,0,0.28886889270700056,available
ab-test-000538,0,0.05863158562752881,0,0.28886889270700056,available
ab-test-000539,0,0.06440277967163663,0,0.28886889270700056,available
ab-test-000540,0,0.048516124835112265,0,0.28886889270700056,available
ab-test-000541,0,0.05863158562752881,0,0.28886889270700056,available
ab-test-000542,0,0.05863158562752881,0,0.28886889270700056,available
ab-test-000543,0,0.05188160088323696,0,0.28886889270700056,available
ab-test-000544,1,0.11119801896825386,0,0.28886889270700056,available
ab-test-000545,0,0.08246821603419023,0,0.28886889270700056,available
ab-test-000546,0,0.05863158562752881,0,0.28886889270700056,available
ab-test-000547,1,0.9970809369923095,1,0.28886889270700056,available
ab-test-000548,1,0.2640522198882118,0,0.28886889270700056,available
ab-test-000549,0,0.009635675091321311,0,0.28886889270700056,available
ab-test-000550,0,0.0687036748255188,0,0.28886889270700056,available
ab-test-000551,0,0.05110350430651635,0,0.28886889270700056,available
ab-test-000552,0,0.04250766047536068,0,0.28886889270700056,available
ab-test-000553,0,0.09745033260289145,0,0.28886889270700056,available
ab-test-000554,0,0.052845130386175214,0,0.28886889270700056,available
ab-test-000555,0,0.1294604413433079,0,0.28886889270700056,available
ab-test-000556,0,0.06312317392365442,0,0.28886889270700056,available
ab-test-000557,0,0.04034730524789082,0,0.28886889270700056,available
ab-test-000558,0,0.04250766047536068,0,0.28886889270700056,available
ab-test-000559,0,0.03856042851544949,0,0.28886889270700056,available
ab-test-000560,0,0.048516124835112265,0,0.28886889270700056,available
ab-test-000561,0,0.052845130386175214,0,0.28886889270700056,available
ab-test-000562,1,0.0720251701575536,0,0.28886889270700056,available
ab-test-000563,0,0.03856042851544949,0,0.28886889270700056,available
ab-test-000564,0,0.04137402239265012,0,0.28886889270700056,available
ab-test-000565,0,0.04137402239265012,0,0.28886889270700056,available
ab-test-000566,0,0.08683986015641383,0,0.28886889270700056,available
ab-test-000567,1,0.33007042968279204,1,0.28886889270700056,available
ab-test-000568,0,0.09745033260289145,0,0.28886889270700056,available
ab-test-000569,0,0.05413063787548076,0,0.28886889270700056,available
ab-test-000570,0,0.04250766047536068,0,0.28886889270700056,available
ab-test-000571,0,0.05053390392092391,0,0.28886889270700056,available
ab-test-000572,0,0.04516780362148204,0,0.28886889270700056,available
ab-test-000573,0,0.04516780362148204,0,0.28886889270700056,available
ab-test-000574,0,0.03856042851544949,0,0.28886889270700056,available
ab-test-000575,0,0.029774926858902755,0,0.28886889270700056,available
ab-test-000576,0,0.04137402239265012,0,0.28886889270700056,available
ab-test-000577,0,0.04516780362148204,0,0.28886889270700056,available
ab-test-000578,0,0.07589865556707631,0,0.28886889270700056,available
ab-test-000579,0,0.03678770924039204,0,0.28886889270700056,available
ab-test-000580,0,0.03856042851544949,0,0.28886889270700056,available
ab-test-000581,0,0.05053390392092391,0,0.28886889270700056,available
ab-test-000582,0,0.00869853479229207,0,0.28886889270700056,available
ab-test-000583,0,0.04516780362148204,0,0.28886889270700056,available
ab-test-000584,0,0.09159545586159988,0,0.28886889270700056,available
ab-test-000585,0,0.043119780003539616,0,0.28886889270700056,available
ab-test-000586,0,0.027216899827907405,0,0.28886889270700056,available
ab-test-000587,0,0.04760087389563281,0,0.28886889270700056,available
ab-test-000588,0,0.06417513829767707,0,0.28886889270700056,available
ab-test-000589,0,0.04250766047536068,0,0.28886889270700056,available
ab-test-000590,0,0.08828821999733094,0,0.28886889270700056,available
ab-test-000591,0,0.04034730524789082,0,0.28886889270700056,available
ab-test-000592,0,0.04516780362148204,0,0.28886889270700056,available
ab-test-000593,0,0.04250766047536068,0,0.28886889270700056,available
ab-test-000594,0,0.05413063787548076,0,0.28886889270700056,available
ab-test-000595,0,0.04516780362148204,0,0.28886889270700056,available
ab-test-000596,0,0.05863158562752881,0,0.28886889270700056,available
ab-test-000597,1,0.09745033260289145,0,0.28886889270700056,available
ab-test-000598,0,0.03083716438769868,0,0.28886889270700056,available
ab-test-000599,0,0.13829783432076448,0,0.28886889270700056,available
ab-test-000600,0,0.03856042851544949,0,0.28886889270700056,available
ab-test-000601,0,0.0916947849530713,0,0.28886889270700056,available
ab-test-000602,0,0.05053390392092391,0,0.28886889270700056,available
ab-test-000603,0,0.06312317392365442,0,0.28886889270700056,available
ab-test-000604,0,0.06670035812570761,0,0.28886889270700056,available
ab-test-000605,0,0.03036037449975928,0,0.28886889270700056,available
ab-test-000606,0,0.07794036366107195,0,0.28886889270700056,available
ab-test-000607,0,0.09745033260289145,0,0.28886889270700056,available
ab-test-000608,0,0.0720251701575536,0,0.28886889270700056,available
ab-test-000609,0,0.048516124835112265,0,0.28886889270700056,available
ab-test-000610,0,0.03856042851544949,0,0.28886889270700056,available
ab-test-000611,0,0.06014949965491338,0,0.28886889270700056,available
ab-test-000612,0,0.03483660041209859,0,0.28886889270700056,available
ab-test-000613,1,0.09745033260289145,0,0.28886889270700056,available
ab-test-000614,0,0.04250766047536068,0,0.28886889270700056,available
ab-test-000615,0,0.03578182107670404,0,0.28886889270700056,available
ab-test-000616,0,0.03705943762179665,0,0.28886889270700056,available
ab-test-000617,0,0.03856042851544949,0,0.28886889270700056,available
ab-test-000618,1,0.09745033260289145,0,0.28886889270700056,available
ab-test-000619,0,0.03468185270508519,0,0.28886889270700056,available
ab-test-000620,0,0.04250766047536068,0,0.28886889270700056,available
ab-test-000621,0,0.05015656569080155,0,0.28886889270700056,available
ab-test-000622,0,0.04137402239265012,0,0.28886889270700056,available
ab-test-000623,0,0.04034730524789082,0,0.28886889270700056,available
ab-test-000624,1,0.9378651079572226,1,0.28886889270700056,available
ab-test-000625,0,0.03959333054353045,0,0.28886889270700056,available
ab-test-000626,0,0.08246821603419023,0,0.28886889270700056,available
ab-test-000627,0,0.04034730524789082,0,0.28886889270700056,available
ab-test-000628,0,0.048516124835112265,0,0.28886889270700056,available
ab-test-000629,0,0.04250766047536068,0,0.28886889270700056,available
ab-test-000630,0,0.04250766047536068,0,0.28886889270700056,available
ab-test-000631,0,0.054948993418397825,0,0.28886889270700056,available
ab-test-000632,1,0.9992606648527153,1,0.28886889270700056,available
ab-test-000633,0,0.04760087389563281,0,0.28886889270700056,available
ab-test-000634,0,0.08735312503914043,0,0.28886889270700056,available
ab-test-000635,0,0.03856042851544949,0,0.28886889270700056,available
ab-test-000636,0,0.9892295545567463,1,0.28886889270700056,available
ab-test-000637,0,0.03856042851544949,0,0.28886889270700056,available
ab-test-000638,0,0.0265625503040861,0,0.28886889270700056,available
ab-test-000639,0,0.05863158562752881,0,0.28886889270700056,available
ab-test-000640,0,0.05417718388557071,0,0.28886889270700056,available
ab-test-000641,1,0.03329253579878166,0,0.28886889270700056,available
ab-test-000642,0,0.03118074870347174,0,0.28886889270700056,available
ab-test-000643,0,0.04516780362148204,0,0.28886889270700056,available
ab-test-000644,0,0.04516780362148204,0,0.28886889270700056,available
ab-test-000645,0,0.03329253579878166,0,0.28886889270700056,available
ab-test-000646,0,0.04250766047536068,0,0.28886889270700056,available
ab-test-000647,1,0.8007851972921115,1,0.28886889270700056,available
ab-test-000648,0,0.06440277967163663,0,0.28886889270700056,available
ab-test-000649,0,0.19266459835783448,0,0.28886889270700056,available
ab-test-000650,0,0.062307869252158955,0,0.28886889270700056,available
ab-test-000651,0,0.04516780362148204,0,0.28886889270700056,available
ab-test-000652,0,0.03372536046429876,0,0.28886889270700056,available
ab-test-000653,0,0.04516780362148204,0,0.28886889270700056,available
ab-test-000654,0,0.05188160088323696,0,0.28886889270700056,available
ab-test-000655,0,0.46130868927373814,1,0.28886889270700056,available
ab-test-000656,0,0.06312317392365442,0,0.28886889270700056,available
ab-test-000657,0,0.0720251701575536,0,0.28886889270700056,available
ab-test-000658,0,0.31495191336915573,1,0.28886889270700056,available
ab-test-000659,1,0.1208782302697779,0,0.28886889270700056,available
ab-test-000660,0,0.048516124835112265,0,0.28886889270700056,available
ab-test-000661,0,0.0933188610766461,0,0.28886889270700056,available
ab-test-000662,0,0.052845130386175214,0,0.28886889270700056,available
ab-test-000663,0,0.04034730524789082,0,0.28886889270700056,available
ab-test-000664,0,0.05053390392092391,0,0.28886889270700056,available
ab-test-000665,1,0.16873971376606928,0,0.28886889270700056,available
ab-test-000666,0,0.05188160088323696,0,0.28886889270700056,available
ab-test-000667,1,0.15115851875581643,0,0.28886889270700056,available
ab-test-000668,0,0.03856042851544949,0,0.28886889270700056,available
ab-test-000669,0,0.08502666485093777,0,0.28886889270700056,available
ab-test-000670,0,0.0687036748255188,0,0.28886889270700056,available
ab-test-000671,0,0.06312317392365442,0,0.28886889270700056,available
ab-test-000672,0,0.4321778606933517,1,0.28886889270700056,available
ab-test-000673,1,0.08246821603419023,0,0.28886889270700056,available
ab-test-000674,0,0.02449157899794552,0,0.28886889270700056,available
ab-test-000675,0,0.043119780003539616,0,0.28886889270700056,available
ab-test-000676,0,0.04760087389563281,0,0.28886889270700056,available
ab-test-000677,0,0.05863158562752881,0,0.28886889270700056,available
ab-test-000678,0,0.04250766047536068,0,0.28886889270700056,available
ab-test-000679,1,0.09745033260289145,0,0.28886889270700056,available
ab-test-000680,1,0.9961601670844498,1,0.28886889270700056,available
ab-test-000681,0,0.04137402239265012,0,0.28886889270700056,available
ab-test-000682,0,0.06670035812570761,0,0.28886889270700056,available
ab-test-000683,0,0.026020843747607374,0,0.28886889270700056,available
ab-test-000684,0,0.06440277967163663,0,0.28886889270700056,available
ab-test-000685,0,0.03856042851544949,0,0.28886889270700056,available
ab-test-000686,1,0.0881917004671592,0,0.28886889270700056,available
ab-test-000687,0,0.04137402239265012,0,0.28886889270700056,available
ab-test-000688,0,0.05863158562752881,0,0.28886889270700056,available
ab-test-000689,0,0.036395886355231125,0,0.28886889270700056,available
ab-test-000690,0,0.0720251701575536,0,0.28886889270700056,available
ab-test-000691,0,0.036395886355231125,0,0.28886889270700056,available
ab-test-000692,0,0.05053390392092391,0,0.28886889270700056,available
ab-test-000693,0,0.05188160088323696,0,0.28886889270700056,available
ab-test-000694,0,0.04813468283545084,0,0.28886889270700056,available
ab-test-000695,0,0.03856042851544949,0,0.28886889270700056,available
ab-test-000696,0,0.03468185270508519,0,0.28886889270700056,available
ab-test-000697,0,0.05863158562752881,0,0.28886889270700056,available
ab-test-000698,0,0.0881917004671592,0,0.28886889270700056,available
ab-test-000699,0,0.06670035812570761,0,0.28886889270700056,available
ab-test-000700,0,0.04250766047536068,0,0.28886889270700056,available
ab-test-000701,0,0.04250766047536068,0,0.28886889270700056,available
ab-test-000702,0,0.10924662834961069,0,0.28886889270700056,available
ab-test-000703,0,0.04250766047536068,0,0.28886889270700056,available
ab-test-000704,0,0.048516124835112265,0,0.28886889270700056,available
ab-test-000705,0,0.08246821603419023,0,0.28886889270700056,available
ab-test-000706,0,0.04516780362148204,0,0.28886889270700056,available
ab-test-000707,0,0.0189539055341514,0,0.28886889270700056,available
ab-test-000708,0,0.04034730524789082,0,0.28886889270700056,available
ab-test-000709,0,0.0720251701575536,0,0.28886889270700056,available
ab-test-000710,0,0.08801694368924694,0,0.28886889270700056,available
ab-test-000711,0,0.08246821603419023,0,0.28886889270700056,available
ab-test-000712,0,0.03036037449975928,0,0.28886889270700056,available
ab-test-000713,0,0.04760087389563281,0,0.28886889270700056,available
ab-test-000714,1,0.1382172951256119,0,0.28886889270700056,available
ab-test-000715,0,0.048516124835112265,0,0.28886889270700056,available
ab-test-000716,0,0.04250766047536068,0,0.28886889270700056,available
ab-test-000717,0,0.048516124835112265,0,0.28886889270700056,available
ab-test-000718,0,0.048516124835112265,0,0.28886889270700056,available
ab-test-000719,0,0.04250766047536068,0,0.28886889270700056,available
ab-test-000720,0,0.7869379546537607,1,0.28886889270700056,available
ab-test-000721,0,0.008002709035902276,0,0.28886889270700056,available
ab-test-000722,1,0.0687036748255188,0,0.28886889270700056,available
ab-test-000723,0,0.052845130386175214,0,0.28886889270700056,available
ab-test-000724,1,0.9993824064913576,1,0.28886889270700056,available
ab-test-000725,1,0.9961601670844498,1,0.28886889270700056,available
ab-test-000726,0,0.03856042851544949,0,0.28886889270700056,available
ab-test-000727,0,0.18553345603050747,0,0.28886889270700056,available
ab-test-000728,0,0.03856042851544949,0,0.28886889270700056,available
ab-test-000729,0,0.04137402239265012,0,0.28886889270700056,available
ab-test-000730,0,0.048516124835112265,0,0.28886889270700056,available
ab-test-000731,0,0.08904809646175424,0,0.28886889270700056,available
ab-test-000732,0,0.08649063386264254,0,0.28886889270700056,available
ab-test-000733,0,0.06670035812570761,0,0.28886889270700056,available
ab-test-000734,0,0.08827995961223037,0,0.28886889270700056,available
ab-test-000735,1,0.5911945575433404,1,0.28886889270700056,available
ab-test-000736,0,0.043119780003539616,0,0.28886889270700056,available
ab-test-000737,0,0.06670035812570761,0,0.28886889270700056,available
ab-test-000738,0,0.03578182107670404,0,0.28886889270700056,available
ab-test-000739,0,0.07881775120621837,0,0.28886889270700056,available
ab-test-000740,0,0.22467852846006,0,0.28886889270700056,available
ab-test-000741,0,0.04137402239265012,0,0.28886889270700056,available
ab-test-000742,0,0.03856042851544949,0,0.28886889270700056,available
ab-test-000743,0,0.03856042851544949,0,0.28886889270700056,available
ab-test-000744,0,0.03578182107670404,0,0.28886889270700056,available
ab-test-000745,1,0.14024630137581034,0,0.28886889270700056,available
ab-test-000746,1,0.07858915058112349,0,0.28886889270700056,available
ab-test-000747,0,0.07355353046581209,0,0.28886889270700056,available
ab-test-000748,0,0.05053390392092391,0,0.28886889270700056,available
ab-test-000749,0,0.036395886355231125,0,0.28886889270700056,available
ab-test-000750,1,0.9991747376251048,1,0.28886889270700056,available
ab-test-000751,0,0.04516780362148204,0,0.28886889270700056,available
ab-test-000752,0,0.03214459687117357,0,0.28886889270700056,available
ab-test-000753,0,0.052845130386175214,0,0.28886889270700056,available
ab-test-000754,0,0.03329253579878166,0,0.28886889270700056,available
ab-test-000755,0,0.04034730524789082,0,0.28886889270700056,available
ab-test-000756,0,0.04760087389563281,0,0.28886889270700056,available
ab-test-000757,0,0.03468185270508519,0,0.28886889270700056,available
ab-test-000758,0,0.04250766047536068,0,0.28886889270700056,available
ab-test-000759,0,0.05738342649020664,0,0.28886889270700056,available
ab-test-000760,0,0.12288610351217452,0,0.28886889270700056,available
ab-test-000761,0,0.048516124835112265,0,0.28886889270700056,available
ab-test-000762,0,0.04250766047536068,0,0.28886889270700056,available
ab-test-000763,0,0.05053390392092391,0,0.28886889270700056,available
ab-test-000764,0,0.036395886355231125,0,0.28886889270700056,available
ab-test-000765,0,0.048516124835112265,0,0.28886889270700056,available
ab-test-000766,0,0.04250766047536068,0,0.28886889270700056,available
ab-test-000767,0,0.03856042851544949,0,0.28886889270700056,available
ab-test-000768,0,0.04760087389563281,0,0.28886889270700056,available
ab-test-000769,0,0.04760087389563281,0,0.28886889270700056,available
ab-test-000770,0,0.04250766047536068,0,0.28886889270700056,available
ab-test-000771,0,0.11603404606412827,0,0.28886889270700056,available
ab-test-000772,1,0.9977814033018348,1,0.28886889270700056,available
ab-test-000773,0,0.04760087389563281,0,0.28886889270700056,available
ab-test-000774,0,0.04250766047536068,0,0.28886889270700056,available
ab-test-000775,0,0.04760087389563281,0,0.28886889270700056,available
ab-test-000776,0,0.05863158562752881,0,0.28886889270700056,available
ab-test-000777,0,0.020535434565939127,0,0.28886889270700056,available
ab-test-000778,0,0.03705943762179665,0,0.28886889270700056,available
ab-test-000779,0,0.026020843747607374,0,0.28886889270700056,available
ab-test-000780,0,0.04516780362148204,0,0.28886889270700056,available
ab-test-000781,0,0.04760087389563281,0,0.28886889270700056,available
ab-test-000782,0,0.06670035812570761,0,0.28886889270700056,available
ab-test-000783,0,0.03856042851544949,0,0.28886889270700056,available
ab-test-000784,0,0.10219730779925802,0,0.28886889270700056,available
ab-test-000785,0,0.048516124835112265,0,0.28886889270700056,available
ab-test-000786,0,0.048516124835112265,0,0.28886889270700056,available
ab-test-000787,0,0.05053390392092391,0,0.28886889270700056,available
ab-test-000788,0,0.048516124835112265,0,0.28886889270700056,available
ab-test-000789,0,0.04516780362148204,0,0.28886889270700056,available
ab-test-000790,0,0.05053390392092391,0,0.28886889270700056,available
ab-test-000791,0,0.04137402239265012,0,0.28886889270700056,available
ab-test-000792,0,0.03856042851544949,0,0.28886889270700056,available
ab-test-000793,0,0.048516124835112265,0,0.28886889270700056,available
ab-test-000794,1,0.5911945575433404,1,0.28886889270700056,available
ab-test-000795,0,0.03329253579878166,0,0.28886889270700056,available
ab-test-000796,0,0.03856042851544949,0,0.28886889270700056,available
ab-test-000797,0,0.06670035812570761,0,0.28886889270700056,available
ab-test-000798,0,0.10099469265010506,0,0.28886889270700056,available
ab-test-000799,0,0.052845130386175214,0,0.28886889270700056,available
ab-test-000800,0,0.03468185270508519,0,0.28886889270700056,available
ab-test-000801,0,0.07881775120621837,0,0.28886889270700056,available
ab-test-000802,0,0.04137402239265012,0,0.28886889270700056,available
ab-test-000803,0,0.03468185270508519,0,0.28886889270700056,available
ab-test-000804,0,0.048516124835112265,0,0.28886889270700056,available
ab-test-000805,1,0.9987190090107178,1,0.28886889270700056,available
ab-test-000806,0,0.04250766047536068,0,0.28886889270700056,available
ab-test-000807,0,0.03148435403466452,0,0.28886889270700056,available
ab-test-000808,0,0.04250766047536068,0,0.28886889270700056,available
ab-test-000809,0,0.05863158562752881,0,0.28886889270700056,available
ab-test-000810,0,0.05863158562752881,0,0.28886889270700056,available
ab-test-000811,0,0.04760087389563281,0,0.28886889270700056,available
ab-test-000812,1,0.7390611269200635,1,0.28886889270700056,available
ab-test-000813,0,0.043119780003539616,0,0.28886889270700056,available
ab-test-000814,0,0.06312317392365442,0,0.28886889270700056,available
ab-test-000815,0,0.052845130386175214,0,0.28886889270700056,available
ab-test-000816,0,0.052845130386175214,0,0.28886889270700056,available
ab-test-000817,0,0.04137402239265012,0,0.28886889270700056,available
ab-test-000818,0,0.06255897124257166,0,0.28886889270700056,available
ab-test-000819,0,0.06670035812570761,0,0.28886889270700056,available
ab-test-000820,0,0.02849994672285407,0,0.28886889270700056,available
ab-test-000821,0,0.03214459687117357,0,0.28886889270700056,available
ab-test-000822,0,0.04034730524789082,0,0.28886889270700056,available
ab-test-000823,1,0.13840283456779434,0,0.28886889270700056,available
ab-test-000824,0,0.05907880354442029,0,0.28886889270700056,available
ab-test-000825,0,0.04516780362148204,0,0.28886889270700056,available
ab-test-000826,0,0.05413063787548076,0,0.28886889270700056,available
ab-test-000827,0,0.03214459687117357,0,0.28886889270700056,available
ab-test-000828,1,0.08246821603419023,0,0.28886889270700056,available
ab-test-000829,0,0.04034730524789082,0,0.28886889270700056,available
ab-test-000830,0,0.04516780362148204,0,0.28886889270700056,available
ab-test-000831,0,0.04137402239265012,0,0.28886889270700056,available
ab-test-000832,0,0.0720251701575536,0,0.28886889270700056,available
ab-test-000833,0,0.03856042851544949,0,0.28886889270700056,available
ab-test-000834,1,0.04929156761235122,0,0.28886889270700056,available
ab-test-000835,0,0.12070524039431325,0,0.28886889270700056,available
ab-test-000836,0,0.05863158562752881,0,0.28886889270700056,available
ab-test-000837,0,0.10636588061975091,0,0.28886889270700056,available
ab-test-000838,0,0.06312317392365442,0,0.28886889270700056,available
ab-test-000839,1,0.1367239701003596,0,0.28886889270700056,available
ab-test-000840,0,0.036395886355231125,0,0.28886889270700056,available
ab-test-000841,0,0.04034730524789082,0,0.28886889270700056,available
ab-test-000842,0,0.04516780362148204,0,0.28886889270700056,available
ab-test-000843,0,0.05830588906313668,0,0.28886889270700056,available
ab-test-000844,0,0.04034730524789082,0,0.28886889270700056,available
ab-test-000845,0,0.04250766047536068,0,0.28886889270700056,available
ab-test-000846,0,0.09745033260289145,0,0.28886889270700056,available
ab-test-000847,0,0.04760087389563281,0,0.28886889270700056,available
ab-test-000848,0,0.23683632507189503,0,0.28886889270700056,available
ab-test-000849,0,0.04516780362148204,0,0.28886889270700056,available
ab-test-000850,0,0.03971763128526116,0,0.28886889270700056,available
ab-test-000851,0,0.06312317392365442,0,0.28886889270700056,available
ab-test-000852,0,0.048516124835112265,0,0.28886889270700056,available
ab-test-000853,0,0.286488936940219,0,0.28886889270700056,available
ab-test-000854,0,0.054948993418397825,0,0.28886889270700056,available
ab-test-000855,0,0.05053390392092391,0,0.28886889270700056,available
ab-test-000856,0,0.04034730524789082,0,0.28886889270700056,available
ab-test-000857,0,0.04760087389563281,0,0.28886889270700056,available
ab-test-000858,0,0.08502666485093777,0,0.28886889270700056,available
ab-test-000859,0,0.03705943762179665,0,0.28886889270700056,available
ab-test-000860,0,0.05188160088323696,0,0.28886889270700056,available
ab-test-000861,0,0.048516124835112265,0,0.28886889270700056,available
ab-test-000862,0,0.4457264281802752,1,0.28886889270700056,available
ab-test-000863,0,0.036395886355231125,0,0.28886889270700056,available
ab-test-000864,0,0.09745033260289145,0,0.28886889270700056,available
ab-test-000865,0,0.03856042851544949,0,0.28886889270700056,available
ab-test-000866,1,0.05863158562752881,0,0.28886889270700056,available
ab-test-000867,0,0.005686990990696077,0,0.28886889270700056,available
ab-test-000868,0,0.04250766047536068,0,0.28886889270700056,available
ab-test-000869,0,0.04516780362148204,0,0.28886889270700056,available
ab-test-000870,0,0.07300210340534208,0,0.28886889270700056,available
ab-test-000871,0,0.03036037449975928,0,0.28886889270700056,available
ab-test-000872,1,0.0687036748255188,0,0.28886889270700056,available
ab-test-000873,0,0.02903933860766603,0,0.28886889270700056,available
ab-test-000874,0,0.036395886355231125,0,0.28886889270700056,available
ab-test-000875,0,0.04137402239265012,0,0.28886889270700056,available
ab-test-000876,0,0.02903933860766603,0,0.28886889270700056,available
ab-test-000877,0,0.048516124835112265,0,0.28886889270700056,available
ab-test-000878,0,0.06440277967163663,0,0.28886889270700056,available
ab-test-000879,0,0.052845130386175214,0,0.28886889270700056,available
ab-test-000880,0,0.06670035812570761,0,0.28886889270700056,available
ab-test-000881,0,0.09745033260289145,0,0.28886889270700056,available
ab-test-000882,0,0.036395886355231125,0,0.28886889270700056,available
ab-test-000883,0,0.03856042851544949,0,0.28886889270700056,available
ab-test-000884,1,0.14024630137581034,0,0.28886889270700056,available
ab-test-000885,0,0.054948993418397825,0,0.28886889270700056,available
ab-test-000886,0,0.048516124835112265,0,0.28886889270700056,available
ab-test-000887,0,0.036395886355231125,0,0.28886889270700056,available
ab-test-000888,0,0.048516124835112265,0,0.28886889270700056,available
ab-test-000889,0,0.035322645257294026,0,0.28886889270700056,available
ab-test-000890,0,0.11481368102543696,0,0.28886889270700056,available
ab-test-000891,0,0.024013708125341163,0,0.28886889270700056,available
ab-test-000892,0,0.04250766047536068,0,0.28886889270700056,available
ab-test-000893,0,0.02066655011895222,0,0.28886889270700056,available
ab-test-000894,0,0.08554120239211334,0,0.28886889270700056,available
ab-test-000895,0,0.04516780362148204,0,0.28886889270700056,available
ab-test-000896,0,0.04929156761235122,0,0.28886889270700056,available
ab-test-000897,1,0.14024630137581034,0,0.28886889270700056,available
ab-test-000898,1,0.523369375956544,1,0.28886889270700056,available
ab-test-000899,0,0.018655392654305023,0,0.28886889270700056,available
ab-test-000900,0,0.048516124835112265,0,0.28886889270700056,available
ab-test-000901,0,0.04760087389563281,0,0.28886889270700056,available
ab-test-000902,0,0.46130868927373814,1,0.28886889270700056,available
ab-test-000903,0,0.04034730524789082,0,0.28886889270700056,available
ab-test-000904,0,0.043119780003539616,0,0.28886889270700056,available
ab-test-000905,0,0.06670035812570761,0,0.28886889270700056,available
ab-test-000906,0,0.04137402239265012,0,0.28886889270700056,available
ab-test-000907,0,0.03856042851544949,0,0.28886889270700056,available
ab-test-000908,1,0.4793806891223069,1,0.28886889270700056,available
ab-test-000909,0,0.05188160088323696,0,0.28886889270700056,available
ab-test-000910,0,0.036395886355231125,0,0.28886889270700056,available
ab-test-000911,0,0.03705943762179665,0,0.28886889270700056,available
ab-test-000912,0,0.04137402239265012,0,0.28886889270700056,available
ab-test-000913,0,0.0881917004671592,0,0.28886889270700056,available
ab-test-000914,0,0.10549403719476332,0,0.28886889270700056,available
ab-test-000915,0,0.048516124835112265,0,0.28886889270700056,available
ab-test-000916,0,0.04760087389563281,0,0.28886889270700056,available
ab-test-000917,0,0.02802281817993221,0,0.28886889270700056,available
ab-test-000918,0,0.04760087389563281,0,0.28886889270700056,available
ab-test-000919,1,0.05053390392092391,0,0.28886889270700056,available
ab-test-000920,0,0.04137402239265012,0,0.28886889270700056,available
ab-test-000921,0,0.03036037449975928,0,0.28886889270700056,available
ab-test-000922,1,0.972515685742174,1,0.28886889270700056,available
ab-test-000923,0,0.04250766047536068,0,0.28886889270700056,available
ab-test-000924,0,0.03468185270508519,0,0.28886889270700056,available
ab-test-000925,0,0.0772733920039506,0,0.28886889270700056,available
ab-test-000926,0,0.04516780362148204,0,0.28886889270700056,available
ab-test-000927,0,0.03856042851544949,0,0.28886889270700056,available
ab-test-000928,0,0.04034730524789082,0,0.28886889270700056,available
ab-test-000929,0,0.03329253579878166,0,0.28886889270700056,available
ab-test-000930,0,0.04137402239265012,0,0.28886889270700056,available
ab-test-000931,0,0.04137402239265012,0,0.28886889270700056,available
ab-test-000932,0,0.05863158562752881,0,0.28886889270700056,available
ab-test-000933,1,0.7986003514003318,1,0.28886889270700056,available
ab-test-000934,1,0.9235486838530395,1,0.28886889270700056,available
ab-test-000935,0,0.03856042851544949,0,0.28886889270700056,available
ab-test-000936,0,0.05413063787548076,0,0.28886889270700056,available
ab-test-000937,0,0.0720251701575536,0,0.28886889270700056,available
ab-test-000938,0,0.04034730524789082,0,0.28886889270700056,available
ab-test-000939,0,0.035322645257294026,0,0.28886889270700056,available
ab-test-000940,0,0.4035086631685786,1,0.28886889270700056,available
ab-test-000941,0,0.03856042851544949,0,0.28886889270700056,available
ab-test-000942,0,0.08246821603419023,0,0.28886889270700056,available
ab-test-000943,0,0.08683986015641383,0,0.28886889270700056,available
ab-test-000944,0,0.0720251701575536,0,0.28886889270700056,available
ab-test-000945,1,0.09745033260289145,0,0.28886889270700056,available
ab-test-000946,0,0.036395886355231125,0,0.28886889270700056,available
ab-test-000947,0,0.1448307607230867,0,0.28886889270700056,available
ab-test-000948,0,0.052845130386175214,0,0.28886889270700056,available
ab-test-000949,0,0.03856042851544949,0,0.28886889270700056,available
ab-test-000950,0,0.08544188822664181,0,0.28886889270700056,available
ab-test-000951,0,0.03856042851544949,0,0.28886889270700056,available
ab-test-000952,0,0.04516780362148204,0,0.28886889270700056,available
ab-test-000953,0,0.06670035812570761,0,0.28886889270700056,available
ab-test-000954,0,0.03856042851544949,0,0.28886889270700056,available
ab-test-000955,0,0.04516780362148204,0,0.28886889270700056,available
ab-test-000956,0,0.1448307607230867,0,0.28886889270700056,available
ab-test-000957,0,0.07858915058112349,0,0.28886889270700056,available
ab-test-000958,0,0.4035086631685786,1,0.28886889270700056,available
ab-test-000959,0,0.048516124835112265,0,0.28886889270700056,available
ab-test-000960,0,0.06670035812570761,0,0.28886889270700056,available
ab-test-000961,0,0.3560859286353425,1,0.28886889270700056,available
ab-test-000962,0,0.03856042851544949,0,0.28886889270700056,available
ab-test-000963,0,0.04034730524789082,0,0.28886889270700056,available
ab-test-000964,0,0.05053390392092391,0,0.28886889270700056,available
ab-test-000965,0,0.0720251701575536,0,0.28886889270700056,available
ab-test-000966,0,0.05053390392092391,0,0.28886889270700056,available
ab-test-000967,0,0.03468185270508519,0,0.28886889270700056,available
ab-test-000968,0,0.04034730524789082,0,0.28886889270700056,available
ab-test-000969,0,0.04250766047536068,0,0.28886889270700056,available
ab-test-000970,1,0.03856042851544949,0,0.28886889270700056,available
ab-test-000971,0,0.03468185270508519,0,0.28886889270700056,available
ab-test-000972,0,0.04250766047536068,0,0.28886889270700056,available
ab-test-000973,0,0.020153524003219115,0,0.28886889270700056,available
ab-test-000974,0,0.46130868927373814,1,0.28886889270700056,available
ab-test-000975,0,0.04250766047536068,0,0.28886889270700056,available
ab-test-000976,0,0.09745033260289145,0,0.28886889270700056,available
ab-test-000977,0,0.03214459687117357,0,0.28886889270700056,available
ab-test-000978,0,0.13793540598631843,0,0.28886889270700056,available
ab-test-000979,0,0.03468185270508519,0,0.28886889270700056,available
ab-test-000980,0,0.043119780003539616,0,0.28886889270700056,available
ab-test-000981,1,0.8335891806148666,1,0.28886889270700056,available
ab-test-000982,0,0.06670035812570761,0,0.28886889270700056,available
ab-test-000983,0,0.026413567733051518,0,0.28886889270700056,available
ab-test-000984,0,0.03856042851544949,0,0.28886889270700056,available
ab-test-000985,0,0.03468185270508519,0,0.28886889270700056,available
ab-test-000986,0,0.1305876585345685,0,0.28886889270700056,available
ab-test-000987,0,0.03118074870347174,0,0.28886889270700056,available
ab-test-000988,0,0.04250766047536068,0,0.28886889270700056,available
ab-test-000989,0,0.052845130386175214,0,0.28886889270700056,available
ab-test-000990,0,0.03705943762179665,0,0.28886889270700056,available
ab-test-000991,0,0.06440277967163663,0,0.28886889270700056,available
ab-test-000992,0,0.05413063787548076,0,0.28886889270700056,available
ab-test-000993,0,0.09745033260289145,0,0.28886889270700056,available
ab-test-000994,0,0.0745904402025925,0,0.28886889270700056,available
ab-test-000995,0,0.05863158562752881,0,0.28886889270700056,available
ab-test-000996,0,0.02245530544096689,0,0.28886889270700056,available
ab-test-000997,0,0.054948993418397825,0,0.28886889270700056,available
ab-test-000998,0,0.08246821603419023,0,0.28886889270700056,available
ab-test-000999,0,0.04849115689190972,0,0.28886889270700056,available
ab-test-001000,0,0.03214459687117357,0,0.28886889270700056,available
ab-test-001001,0,0.5201681052486135,1,0.28886889270700056,available
ab-test-001002,0,0.03214459687117357,0,0.28886889270700056,available
ab-test-001003,0,0.16438005262858543,0,0.28886889270700056,available
ab-test-001004,1,0.26231380662097575,0,0.28886889270700056,available
ab-test-001005,0,0.03705943762179665,0,0.28886889270700056,available
ab-test-001006,0,0.052845130386175214,0,0.28886889270700056,available
ab-test-001007,0,0.03705943762179665,0,0.28886889270700056,available
ab-test-001008,0,0.05863158562752881,0,0.28886889270700056,available
ab-test-001009,0,0.06440277967163663,0,0.28886889270700056,available
ab-test-001010,0,0.022376394894558935,0,0.28886889270700056,available
ab-test-001011,0,0.036395886355231125,0,0.28886889270700056,available
ab-test-001012,0,0.10668191496658198,0,0.28886889270700056,available
ab-test-001013,0,0.05053390392092391,0,0.28886889270700056,available
ab-test-001014,0,0.052845130386175214,0,0.28886889270700056,available
ab-test-001015,0,0.03468185270508519,0,0.28886889270700056,available
ab-test-001016,0,0.04034730524789082,0,0.28886889270700056,available
ab-test-001017,0,0.03214459687117357,0,0.28886889270700056,available
ab-test-001018,0,0.05863158562752881,0,0.28886889270700056,available
ab-test-001019,0,0.03856042851544949,0,0.28886889270700056,available
ab-test-001020,0,0.03856042851544949,0,0.28886889270700056,available
ab-test-001021,0,0.05053390392092391,0,0.28886889270700056,available
ab-test-001022,1,0.15766560084171502,0,0.28886889270700056,available
ab-test-001023,0,0.04034730524789082,0,0.28886889270700056,available
ab-test-001024,0,0.46820916932253565,1,0.28886889270700056,available
ab-test-001025,0,0.06312317392365442,0,0.28886889270700056,available
ab-test-001026,0,0.08075012791981502,0,0.28886889270700056,available
ab-test-001027,0,0.08246821603419023,0,0.28886889270700056,available
ab-test-001028,0,0.04034730524789082,0,0.28886889270700056,available
ab-test-001029,0,0.08502666485093777,0,0.28886889270700056,available
ab-test-001030,0,0.04516780362148204,0,0.28886889270700056,available
ab-test-001031,1,0.8932886851356796,1,0.28886889270700056,available
ab-test-001032,0,0.04760087389563281,0,0.28886889270700056,available
ab-test-001033,0,0.05039441672411623,0,0.28886889270700056,available
ab-test-001034,0,0.03329253579878166,0,0.28886889270700056,available
ab-test-001035,0,0.8410817790245375,1,0.28886889270700056,available
ab-test-001036,1,0.9965244188910372,1,0.28886889270700056,available
ab-test-001037,0,0.07579014069590474,0,0.28886889270700056,available
ab-test-001038,0,0.286488936940219,0,0.28886889270700056,available
ab-test-001039,0,0.04332943679351518,0,0.28886889270700056,available
ab-test-001040,0,0.052845130386175214,0,0.28886889270700056,available
ab-test-001041,0,0.026020843747607374,0,0.28886889270700056,available
ab-test-001042,0,0.05863158562752881,0,0.28886889270700056,available
ab-test-001043,0,0.04516780362148204,0,0.28886889270700056,available
ab-test-001044,0,0.09745033260289145,0,0.28886889270700056,available
ab-test-001045,0,0.13654594683716123,0,0.28886889270700056,available
ab-test-001046,0,0.12627440575945664,0,0.28886889270700056,available
ab-test-001047,0,0.05131491574133905,0,0.28886889270700056,available
ab-test-001048,0,0.04516780362148204,0,0.28886889270700056,available
ab-test-001049,0,0.02965390900167103,0,0.28886889270700056,available
ab-test-001050,0,0.05863158562752881,0,0.28886889270700056,available
ab-test-001051,0,0.06312317392365442,0,0.28886889270700056,available
ab-test-001052,0,0.04516780362148204,0,0.28886889270700056,available
ab-test-001053,0,0.04516780362148204,0,0.28886889270700056,available
ab-test-001054,0,0.03214459687117357,0,0.28886889270700056,available
ab-test-001055,0,0.06574228801825574,0,0.28886889270700056,available
ab-test-001056,0,0.05053390392092391,0,0.28886889270700056,available
ab-test-001057,0,0.04516780362148204,0,0.28886889270700056,available
ab-test-001058,0,0.03036037449975928,0,0.28886889270700056,available
ab-test-001059,0,0.026473090868186402,0,0.28886889270700056,available
ab-test-001060,0,0.09167513820436361,0,0.28886889270700056,available
ab-test-001061,0,0.0687036748255188,0,0.28886889270700056,available
ab-test-001062,0,0.04250766047536068,0,0.28886889270700056,available
ab-test-001063,0,0.4457264281802752,1,0.28886889270700056,available
ab-test-001064,0,0.03986952599950154,0,0.28886889270700056,available
ab-test-001065,0,0.03392566269332808,0,0.28886889270700056,available
ab-test-001066,0,0.04516780362148204,0,0.28886889270700056,available
ab-test-001067,0,0.1559577629855406,0,0.28886889270700056,available
ab-test-001068,0,0.03468185270508519,0,0.28886889270700056,available
ab-test-001069,0,0.03856042851544949,0,0.28886889270700056,available
ab-test-001070,0,0.04250766047536068,0,0.28886889270700056,available
ab-test-001071,0,0.04250766047536068,0,0.28886889270700056,available
ab-test-001072,0,0.09745033260289145,0,0.28886889270700056,available
ab-test-001073,0,0.04516780362148204,0,0.28886889270700056,available
ab-test-001074,0,0.04250766047536068,0,0.28886889270700056,available
ab-test-001075,0,0.035322645257294026,0,0.28886889270700056,available
ab-test-001076,0,0.05863158562752881,0,0.28886889270700056,available
ab-test-001077,0,0.08246821603419023,0,0.28886889270700056,available
ab-test-001078,0,0.04137402239265012,0,0.28886889270700056,available
ab-test-001079,0,0.14452216382492208,0,0.28886889270700056,available
ab-test-001080,0,0.021619701091837976,0,0.28886889270700056,available
ab-test-001081,1,0.874504685410733,1,0.28886889270700056,available
ab-test-001082,0,0.04137402239265012,0,0.28886889270700056,available
ab-test-001083,0,0.03329253579878166,0,0.28886889270700056,available
ab-test-001084,0,0.0265625503040861,0,0.28886889270700056,available
ab-test-001085,0,0.048516124835112265,0,0.28886889270700056,available
ab-test-001086,0,0.036395886355231125,0,0.28886889270700056,available
ab-test-001087,0,0.052845130386175214,0,0.28886889270700056,available
ab-test-001088,0,0.04034730524789082,0,0.28886889270700056,available
ab-test-001089,0,0.04034730524789082,0,0.28886889270700056,available
ab-test-001090,0,0.04250766047536068,0,0.28886889270700056,available
ab-test-001091,0,0.0687036748255188,0,0.28886889270700056,available
ab-test-001092,0,0.05053390392092391,0,0.28886889270700056,available
ab-test-001093,0,0.04250766047536068,0,0.28886889270700056,available
ab-test-001094,0,0.34826865542636687,1,0.28886889270700056,available
ab-test-001095,0,0.0687036748255188,0,0.28886889270700056,available
ab-test-001096,0,0.0507612840376661,0,0.28886889270700056,available
ab-test-001097,0,0.04250766047536068,0,0.28886889270700056,available
ab-test-001098,0,0.10421776411197409,0,0.28886889270700056,available
ab-test-001099,0,0.07881775120621837,0,0.28886889270700056,available
ab-test-001100,1,0.052845130386175214,0,0.28886889270700056,available
ab-test-001101,0,0.04034730524789082,0,0.28886889270700056,available
ab-test-001102,0,0.0720251701575536,0,0.28886889270700056,available
ab-test-001103,1,0.4569039299308266,1,0.28886889270700056,available
ab-test-001104,1,0.9966519523712659,1,0.28886889270700056,available
ab-test-001105,0,0.04760087389563281,0,0.28886889270700056,available
ab-test-001106,0,0.20928758284000093,0,0.28886889270700056,available
ab-test-001107,1,0.9967562151090832,1,0.28886889270700056,available
ab-test-001108,0,0.06670035812570761,0,0.28886889270700056,available
ab-test-001109,0,0.05053390392092391,0,0.28886889270700056,available
ab-test-001110,0,0.08246821603419023,0,0.28886889270700056,available
ab-test-001111,0,0.03036037449975928,0,0.28886889270700056,available
ab-test-001112,0,0.03036037449975928,0,0.28886889270700056,available
ab-test-001113,0,0.048516124835112265,0,0.28886889270700056,available
ab-test-001114,0,0.08246821603419023,0,0.28886889270700056,available
ab-test-001115,0,0.048516124835112265,0,0.28886889270700056,available
ab-test-001116,0,0.08683986015641383,0,0.28886889270700056,available
ab-test-001117,1,0.05863158562752881,0,0.28886889270700056,available
ab-test-001118,0,0.04516780362148204,0,0.28886889270700056,available
ab-test-001119,0,0.12024740524749847,0,0.28886889270700056,available
ab-test-001120,0,0.08683986015641383,0,0.28886889270700056,available
ab-test-001121,0,0.04137402239265012,0,0.28886889270700056,available
ab-test-001122,1,0.5661836897508893,1,0.28886889270700056,available
ab-test-001123,0,0.036395886355231125,0,0.28886889270700056,available
ab-test-001124,0,0.052845130386175214,0,0.28886889270700056,available
ab-test-001125,0,0.04516780362148204,0,0.28886889270700056,available
ab-test-001126,0,0.05053390392092391,0,0.28886889270700056,available
ab-test-001127,0,0.0409232848354223,0,0.28886889270700056,available
ab-test-001128,0,0.07466442460000253,0,0.28886889270700056,available
ab-test-001129,0,0.03986952599950154,0,0.28886889270700056,available
ab-test-001130,0,0.5201681052486135,1,0.28886889270700056,available
ab-test-001131,1,0.9983140680188359,1,0.28886889270700056,available
ab-test-001132,0,0.036395886355231125,0,0.28886889270700056,available
ab-test-001133,0,0.036395886355231125,0,0.28886889270700056,available
ab-test-001134,0,0.12992638047410887,0,0.28886889270700056,available
ab-test-001135,0,0.09745033260289145,0,0.28886889270700056,available
ab-test-001136,0,0.5201681052486135,1,0.28886889270700056,available
ab-test-001137,0,0.036395886355231125,0,0.28886889270700056,available
ab-test-001138,0,0.05863158562752881,0,0.28886889270700056,available
ab-test-001139,0,0.4548051106777126,1,0.28886889270700056,available
ab-test-001140,0,0.06670035812570761,0,0.28886889270700056,available
ab-test-001141,0,0.052845130386175214,0,0.28886889270700056,available
ab-test-001142,0,0.07486821479366819,0,0.28886889270700056,available
ab-test-001143,1,0.043119780003539616,0,0.28886889270700056,available
ab-test-001144,0,0.052845130386175214,0,0.28886889270700056,available
ab-test-001145,0,0.05053390392092391,0,0.28886889270700056,available
ab-test-001146,0,0.06374359274214268,0,0.28886889270700056,available
ab-test-001147,0,0.048516124835112265,0,0.28886889270700056,available
ab-test-001148,1,0.9992606648527153,1,0.28886889270700056,available
ab-test-001149,0,0.043119780003539616,0,0.28886889270700056,available
ab-test-001150,0,0.10295870448199665,0,0.28886889270700056,available
ab-test-001151,0,0.03468185270508519,0,0.28886889270700056,available
ab-test-001152,0,0.06670035812570761,0,0.28886889270700056,available
ab-test-001153,0,0.05413063787548076,0,0.28886889270700056,available
ab-test-001154,0,0.15779145440184755,0,0.28886889270700056,available
ab-test-001155,0,0.05053390392092391,0,0.28886889270700056,available
ab-test-001156,1,0.15766560084171502,0,0.28886889270700056,available
ab-test-001157,0,0.052845130386175214,0,0.28886889270700056,available
ab-test-001158,0,0.04516780362148204,0,0.28886889270700056,available
ab-test-001159,0,0.04760087389563281,0,0.28886889270700056,available
ab-test-001160,0,0.04137402239265012,0,0.28886889270700056,available
ab-test-001161,0,0.0720251701575536,0,0.28886889270700056,available
ab-test-001162,0,0.09824399147735698,0,0.28886889270700056,available
ab-test-001163,0,0.7104734206635284,1,0.28886889270700056,available
ab-test-001164,0,0.06440277967163663,0,0.28886889270700056,available
ab-test-001165,0,0.04137402239265012,0,0.28886889270700056,available
ab-test-001166,0,0.048516124835112265,0,0.28886889270700056,available
ab-test-001167,0,0.04137402239265012,0,0.28886889270700056,available
ab-test-001168,0,0.02324625043758273,0,0.28886889270700056,available
ab-test-001169,0,0.0687036748255188,0,0.28886889270700056,available
ab-test-001170,0,0.08246821603419023,0,0.28886889270700056,available
ab-test-001171,1,0.04413494009314369,0,0.28886889270700056,available
ab-test-001172,1,0.5992281415831436,1,0.28886889270700056,available
ab-test-001173,0,0.04516780362148204,0,0.28886889270700056,available
ab-test-001174,1,0.062307869252158955,0,0.28886889270700056,available
ab-test-001175,0,0.04516780362148204,0,0.28886889270700056,available
ab-test-001176,0,0.1346444936946622,0,0.28886889270700056,available
ab-test-001177,0,0.03856042851544949,0,0.28886889270700056,available
ab-test-001178,0,0.054948993418397825,0,0.28886889270700056,available
ab-test-001179,0,0.04250766047536068,0,0.28886889270700056,available
ab-test-001180,0,0.0701824453774014,0,0.28886889270700056,available
ab-test-001181,0,0.048516124835112265,0,0.28886889270700056,available
ab-test-001182,0,0.07116688085294348,0,0.28886889270700056,available
ab-test-001183,0,0.04760087389563281,0,0.28886889270700056,available
ab-test-001184,0,0.06670035812570761,0,0.28886889270700056,available
ab-test-001185,0,0.03986952599950154,0,0.28886889270700056,available
ab-test-001186,0,0.04137402239265012,0,0.28886889270700056,available
ab-test-001187,0,0.052845130386175214,0,0.28886889270700056,available
ab-test-001188,0,0.048516124835112265,0,0.28886889270700056,available
ab-test-001189,0,0.043119780003539616,0,0.28886889270700056,available
ab-test-001190,0,0.03468185270508519,0,0.28886889270700056,available
ab-test-001191,0,0.052845130386175214,0,0.28886889270700056,available
ab-test-001192,0,0.03329253579878166,0,0.28886889270700056,available
ab-test-001193,0,0.052845130386175214,0,0.28886889270700056,available
ab-test-001194,0,0.03372536046429876,0,0.28886889270700056,available
ab-test-001195,0,0.002123562152208138,0,0.28886889270700056,available
ab-test-001196,0,0.08372397508299563,0,0.28886889270700056,available
ab-test-001197,0,0.04250766047536068,0,0.28886889270700056,available
ab-test-001198,0,0.04516780362148204,0,0.28886889270700056,available
ab-test-001199,0,0.03856042851544949,0,0.28886889270700056,available
ab-test-001200,0,0.052845130386175214,0,0.28886889270700056,available
ab-test-001201,1,0.9980948366405112,1,0.28886889270700056,available
ab-test-001202,0,0.06670035812570761,0,0.28886889270700056,available
ab-test-001203,0,0.4548051106777126,1,0.28886889270700056,available
ab-test-001204,0,0.05863158562752881,0,0.28886889270700056,available
ab-test-001205,0,0.04760087389563281,0,0.28886889270700056,available
ab-test-001206,0,0.04516780362148204,0,0.28886889270700056,available
ab-test-001207,1,0.753268125195805,1,0.28886889270700056,available
ab-test-001208,0,0.03705943762179665,0,0.28886889270700056,available
ab-test-001209,1,0.9989510383356757,1,0.28886889270700056,available
ab-test-001210,0,0.04137402239265012,0,0.28886889270700056,available
ab-test-001211,0,0.03856042851544949,0,0.28886889270700056,available
ab-test-001212,0,0.04137402239265012,0,0.28886889270700056,available
ab-test-001213,0,0.09745033260289145,0,0.28886889270700056,available
ab-test-001214,0,0.03856042851544949,0,0.28886889270700056,available
ab-test-001215,0,0.052845130386175214,0,0.28886889270700056,available
ab-test-001216,0,0.04516780362148204,0,0.28886889270700056,available
ab-test-001217,0,0.03329253579878166,0,0.28886889270700056,available
ab-test-001218,0,0.03468185270508519,0,0.28886889270700056,available
ab-test-001219,0,0.9767885794405794,1,0.28886889270700056,available
ab-test-001220,0,0.08246821603419023,0,0.28886889270700056,available
ab-test-001221,0,0.05413063787548076,0,0.28886889270700056,available
ab-test-001222,0,0.5201681052486135,1,0.28886889270700056,available
ab-test-001223,0,0.03631307187685351,0,0.28886889270700056,available
ab-test-001224,0,0.04034730524789082,0,0.28886889270700056,available
ab-test-001225,0,0.10632989012669614,0,0.28886889270700056,available
ab-test-001226,0,0.04760087389563281,0,0.28886889270700056,available
ab-test-001227,0,0.036395886355231125,0,0.28886889270700056,available
ab-test-001228,1,0.04760087389563281,0,0.28886889270700056,available
ab-test-001229,0,0.04516780362148204,0,0.28886889270700056,available
ab-test-001230,0,0.04516780362148204,0,0.28886889270700056,available
ab-test-001231,0,0.04760087389563281,0,0.28886889270700056,available
ab-test-001232,0,0.04760087389563281,0,0.28886889270700056,available
ab-test-001233,0,0.2390283536999276,0,0.28886889270700056,available
ab-test-001234,0,0.052845130386175214,0,0.28886889270700056,available
ab-test-001235,0,0.04516780362148204,0,0.28886889270700056,available
ab-test-001236,0,0.03856042851544949,0,0.28886889270700056,available
ab-test-001237,0,0.01803938744468578,0,0.28886889270700056,available
ab-test-001238,0,0.027216899827907405,0,0.28886889270700056,available
ab-test-001239,0,0.05413063787548076,0,0.28886889270700056,available
ab-test-001240,0,0.09745033260289145,0,0.28886889270700056,available
ab-test-001241,0,0.05863158562752881,0,0.28886889270700056,available
ab-test-001242,0,0.009711870308726032,0,0.28886889270700056,available
ab-test-001243,0,0.08502666485093777,0,0.28886889270700056,available
ab-test-001244,0,0.03856042851544949,0,0.28886889270700056,available
ab-test-001245,0,0.04516780362148204,0,0.28886889270700056,available
ab-test-001246,0,0.04137402239265012,0,0.28886889270700056,available
ab-test-001247,0,0.2398342375287861,0,0.28886889270700056,available
ab-test-001248,0,0.06440277967163663,0,0.28886889270700056,available
ab-test-001249,1,0.35753705415366477,1,0.28886889270700056,available
ab-test-001250,0,0.036395886355231125,0,0.28886889270700056,available
ab-test-001251,0,0.08246821603419023,0,0.28886889270700056,available
ab-test-001252,0,0.08018363818718652,0,0.28886889270700056,available
ab-test-001253,0,0.06440277967163663,0,0.28886889270700056,available
ab-test-001254,0,0.05863158562752881,0,0.28886889270700056,available
ab-test-001255,0,0.04137402239265012,0,0.28886889270700056,available
ab-test-001256,0,0.10636588061975091,0,0.28886889270700056,available
ab-test-001257,0,0.03214459687117357,0,0.28886889270700056,available
ab-test-001258,0,0.046005846910068184,0,0.28886889270700056,available
ab-test-001259,0,0.04137402239265012,0,0.28886889270700056,available
ab-test-001260,0,0.08005137455248956,0,0.28886889270700056,available
ab-test-001261,1,0.8336566484847331,1,0.28886889270700056,available
ab-test-001262,0,0.052845130386175214,0,0.28886889270700056,available
ab-test-001263,0,0.09745033260289145,0,0.28886889270700056,available
ab-test-001264,0,0.043119780003539616,0,0.28886889270700056,available
ab-test-001265,0,0.20032841237217872,0,0.28886889270700056,available
ab-test-001266,0,0.05863158562752881,0,0.28886889270700056,available
ab-test-001267,1,0.523369375956544,1,0.28886889270700056,available
ab-test-001268,0,0.03468185270508519,0,0.28886889270700056,available
ab-test-001269,0,0.02802281817993221,0,0.28886889270700056,available
ab-test-001270,1,0.2799027696167191,0,0.28886889270700056,available
ab-test-001271,0,0.05413063787548076,0,0.28886889270700056,available
ab-test-001272,1,0.31847990038997065,1,0.28886889270700056,available
ab-test-001273,0,0.036395886355231125,0,0.28886889270700056,available
ab-test-001274,0,0.09745033260289145,0,0.28886889270700056,available
ab-test-001275,0,0.043119780003539616,0,0.28886889270700056,available
ab-test-001276,0,0.05863158562752881,0,0.28886889270700056,available
ab-test-001277,0,0.036395886355231125,0,0.28886889270700056,available
ab-test-001278,0,0.03329253579878166,0,0.28886889270700056,available
ab-test-001279,0,0.05413063787548076,0,0.28886889270700056,available
ab-test-001280,0,0.010447980545039868,0,0.28886889270700056,available
ab-test-001281,0,0.036395886355231125,0,0.28886889270700056,available
ab-test-001282,0,0.052845130386175214,0,0.28886889270700056,available
ab-test-001283,0,0.04760087389563281,0,0.28886889270700056,available
ab-test-001284,0,0.03468185270508519,0,0.28886889270700056,available
ab-test-001285,0,0.05863158562752881,0,0.28886889270700056,available
ab-test-001286,0,0.08246821603419023,0,0.28886889270700056,available
ab-test-001287,0,0.027139649860126253,0,0.28886889270700056,available
ab-test-001288,0,0.09745033260289145,0,0.28886889270700056,available
ab-test-001289,1,0.19771922443288203,0,0.28886889270700056,available
ab-test-001290,0,0.04137402239265012,0,0.28886889270700056,available
ab-test-001291,0,0.04034730524789082,0,0.28886889270700056,available
ab-test-001292,0,0.0720251701575536,0,0.28886889270700056,available
ab-test-001293,1,0.14024630137581034,0,0.28886889270700056,available
ab-test-001294,0,0.052845130386175214,0,0.28886889270700056,available
ab-test-001295,0,0.05053390392092391,0,0.28886889270700056,available
ab-test-001296,0,0.08502666485093777,0,0.28886889270700056,available
ab-test-001297,0,0.02851797550632039,0,0.28886889270700056,available
ab-test-001298,0,0.04137402239265012,0,0.28886889270700056,available
ab-test-001299,0,0.06312317392365442,0,0.28886889270700056,available
ab-test-001300,0,0.04760087389563281,0,0.28886889270700056,available
ab-test-001301,0,0.2398342375287861,0,0.28886889270700056,available
ab-test-001302,0,0.05863158562752881,0,0.28886889270700056,available
ab-test-001303,0,0.03329253579878166,0,0.28886889270700056,available
ab-test-001304,0,0.048516124835112265,0,0.28886889270700056,available
ab-test-001305,0,0.05863158562752881,0,0.28886889270700056,available
ab-test-001306,0,0.018655392654305023,0,0.28886889270700056,available
ab-test-001307,0,0.036395886355231125,0,0.28886889270700056,available
ab-test-001308,0,0.03705943762179665,0,0.28886889270700056,available
ab-test-001309,0,0.46130868927373814,1,0.28886889270700056,available
ab-test-001310,0,0.06639828154819732,0,0.28886889270700056,available
ab-test-001311,0,0.04034730524789082,0,0.28886889270700056,available
ab-test-001312,0,0.05053390392092391,0,0.28886889270700056,available
ab-test-001313,0,0.09745033260289145,0,0.28886889270700056,available
ab-test-001314,0,0.2390283536999276,0,0.28886889270700056,available
ab-test-001315,0,0.14024630137581034,0,0.28886889270700056,available
ab-test-001316,0,0.025768458263361656,0,0.28886889270700056,available
ab-test-001317,0,0.012456463182399444,0,0.28886889270700056,available
ab-test-001318,0,0.0633450198380466,0,0.28886889270700056,available
ab-test-001319,0,0.048516124835112265,0,0.28886889270700056,available
ab-test-001320,1,0.10203780235698223,0,0.28886889270700056,available
ab-test-001321,0,0.04034730524789082,0,0.28886889270700056,available
ab-test-001322,0,0.04204035530308877,0,0.28886889270700056,available
ab-test-001323,0,0.05863158562752881,0,0.28886889270700056,available
ab-test-001324,1,0.09745033260289145,0,0.28886889270700056,available
ab-test-001325,0,0.286488936940219,0,0.28886889270700056,available
ab-test-001326,0,0.03468185270508519,0,0.28886889270700056,available
ab-test-001327,0,0.052845130386175214,0,0.28886889270700056,available
ab-test-001328,0,0.0720251701575536,0,0.28886889270700056,available
ab-test-001329,0,0.05863158562752881,0,0.28886889270700056,available
ab-test-001330,0,0.048516124835112265,0,0.28886889270700056,available
ab-test-001331,0,0.10915569913864481,0,0.28886889270700056,available
ab-test-001332,1,0.08246821603419023,0,0.28886889270700056,available
ab-test-001333,0,0.0742455162352821,0,0.28886889270700056,available
ab-test-001334,0,0.570199462304578,1,0.28886889270700056,available
ab-test-001335,0,0.11146813414402901,0,0.28886889270700056,available
ab-test-001336,0,0.0720251701575536,0,0.28886889270700056,available
ab-test-001337,0,0.03118074870347174,0,0.28886889270700056,available
ab-test-001338,0,0.0720251701575536,0,0.28886889270700056,available
ab-test-001339,0,0.20032841237217872,0,0.28886889270700056,available
ab-test-001340,0,0.05053390392092391,0,0.28886889270700056,available
ab-test-001341,1,0.9235486838530395,1,0.28886889270700056,available
ab-test-001342,0,0.04760087389563281,0,0.28886889270700056,available
ab-test-001343,0,0.25248325454361614,0,0.28886889270700056,available
ab-test-001344,0,0.03856042851544949,0,0.28886889270700056,available
ab-test-001345,0,0.052845130386175214,0,0.28886889270700056,available
ab-test-001346,0,0.06670035812570761,0,0.28886889270700056,available
ab-test-001347,0,0.052845130386175214,0,0.28886889270700056,available
ab-test-001348,0,0.11025872195608054,0,0.28886889270700056,available
ab-test-001349,0,0.04137402239265012,0,0.28886889270700056,available
ab-test-001350,0,0.036395886355231125,0,0.28886889270700056,available
ab-test-001351,0,0.06377819583921103,0,0.28886889270700056,available
ab-test-001352,0,0.03705943762179665,0,0.28886889270700056,available
ab-test-001353,0,0.5005297629790896,1,0.28886889270700056,available
ab-test-001354,0,0.007120235066319152,0,0.28886889270700056,available
ab-test-001355,0,0.04516780362148204,0,0.28886889270700056,available
ab-test-001356,0,0.04516780362148204,0,0.28886889270700056,available
ab-test-001357,0,0.04137402239265012,0,0.28886889270700056,available
ab-test-001358,0,0.04760087389563281,0,0.28886889270700056,available
ab-test-001359,0,0.04516780362148204,0,0.28886889270700056,available
ab-test-001360,0,0.036395886355231125,0,0.28886889270700056,available
ab-test-001361,0,0.04250766047536068,0,0.28886889270700056,available
ab-test-001362,0,0.04516780362148204,0,0.28886889270700056,available
ab-test-001363,0,0.2398342375287861,0,0.28886889270700056,available
ab-test-001364,0,0.04760087389563281,0,0.28886889270700056,available
ab-test-001365,0,0.04516780362148204,0,0.28886889270700056,available
ab-test-001366,0,0.18553345603050747,0,0.28886889270700056,available
ab-test-001367,0,0.22807920218067704,0,0.28886889270700056,available
ab-test-001368,0,0.04760087389563281,0,0.28886889270700056,available
ab-test-001369,0,0.09745033260289145,0,0.28886889270700056,available
ab-test-001370,0,0.04516780362148204,0,0.28886889270700056,available
ab-test-001371,0,0.04516780362148204,0,0.28886889270700056,available
ab-test-001372,0,0.03214459687117357,0,0.28886889270700056,available
ab-test-001373,0,0.0265625503040861,0,0.28886889270700056,available
ab-test-001374,0,0.043119780003539616,0,0.28886889270700056,available
ab-test-001375,0,0.052845130386175214,0,0.28886889270700056,available
ab-test-001376,0,0.15766560084171502,0,0.28886889270700056,available
ab-test-001377,0,0.048516124835112265,0,0.28886889270700056,available
ab-test-001378,0,0.05863158562752881,0,0.28886889270700056,available
ab-test-001379,0,0.05604169236021118,0,0.28886889270700056,available
ab-test-001380,0,0.048516124835112265,0,0.28886889270700056,available
ab-test-001381,0,0.048516124835112265,0,0.28886889270700056,available
ab-test-001382,0,0.03329253579878166,0,0.28886889270700056,available
ab-test-001383,0,0.09745033260289145,0,0.28886889270700056,available
ab-test-001384,0,0.036395886355231125,0,0.28886889270700056,available
ab-test-001385,0,0.04137402239265012,0,0.28886889270700056,available
ab-test-001386,0,0.04516780362148204,0,0.28886889270700056,available
ab-test-001387,0,0.09745033260289145,0,0.28886889270700056,available
ab-test-001388,0,0.03468185270508519,0,0.28886889270700056,available
ab-test-001389,0,0.06754838720675359,0,0.28886889270700056,available
ab-test-001390,0,0.04034730524789082,0,0.28886889270700056,available
ab-test-001391,0,0.04516780362148204,0,0.28886889270700056,available
ab-test-001392,0,0.14024630137581034,0,0.28886889270700056,available
ab-test-001393,0,0.04760087389563281,0,0.28886889270700056,available
ab-test-001394,1,0.14430930729506639,0,0.28886889270700056,available
ab-test-001395,0,0.027216899827907405,0,0.28886889270700056,available
ab-test-001396,0,0.04250766047536068,0,0.28886889270700056,available
ab-test-001397,0,0.09745033260289145,0,0.28886889270700056,available
ab-test-001398,0,0.10920220200547917,0,0.28886889270700056,available
ab-test-001399,0,0.04516780362148204,0,0.28886889270700056,available
ab-test-001400,0,0.07826327804232068,0,0.28886889270700056,available
ab-test-001401,1,0.07858915058112349,0,0.28886889270700056,available
ab-test-001402,0,0.04516780362148204,0,0.28886889270700056,available
ab-test-001403,0,0.03986952599950154,0,0.28886889270700056,available
ab-test-001404,0,0.04250766047536068,0,0.28886889270700056,available
ab-test-001405,0,0.014690055496026137,0,0.28886889270700056,available
ab-test-001406,0,0.05863158562752881,0,0.28886889270700056,available
ab-test-001407,0,0.04760087389563281,0,0.28886889270700056,available
ab-test-001408,0,0.0265625503040861,0,0.28886889270700056,available
ab-test-001409,0,0.03856042851544949,0,0.28886889270700056,available
ab-test-001410,0,0.03468185270508519,0,0.28886889270700056,available
ab-test-001411,0,0.05863158562752881,0,0.28886889270700056,available
ab-test-001412,0,0.07835515335012826,0,0.28886889270700056,available
ab-test-001413,0,0.03468185270508519,0,0.28886889270700056,available
ab-test-001414,0,0.04137402239265012,0,0.28886889270700056,available
ab-test-001415,0,0.04516780362148204,0,0.28886889270700056,available
ab-test-001416,0,0.06440277967163663,0,0.28886889270700056,available
ab-test-001417,0,0.04250766047536068,0,0.28886889270700056,available
ab-test-001418,1,0.07290256625757592,0,0.28886889270700056,available
ab-test-001419,0,0.036395886355231125,0,0.28886889270700056,available
ab-test-001420,0,0.03468185270508519,0,0.28886889270700056,available
ab-test-001421,0,0.052845130386175214,0,0.28886889270700056,available
ab-test-001422,0,0.04250766047536068,0,0.28886889270700056,available
ab-test-001423,0,0.036395886355231125,0,0.28886889270700056,available
ab-test-001424,0,0.052845130386175214,0,0.28886889270700056,available
ab-test-001425,0,0.28534470976618304,0,0.28886889270700056,available
ab-test-001426,1,0.0881917004671592,0,0.28886889270700056,available
ab-test-001427,0,0.09331570085332282,0,0.28886889270700056,available
ab-test-001428,0,0.06312317392365442,0,0.28886889270700056,available
ab-test-001429,0,0.04250766047536068,0,0.28886889270700056,available
ab-test-001430,0,0.06670035812570761,0,0.28886889270700056,available
ab-test-001431,0,0.052845130386175214,0,0.28886889270700056,available
ab-test-001432,0,0.03856042851544949,0,0.28886889270700056,available
ab-test-001433,0,0.09201480431437456,0,0.28886889270700056,available
ab-test-001434,1,0.06440277967163663,0,0.28886889270700056,available
ab-test-001435,0,0.04760087389563281,0,0.28886889270700056,available
ab-test-001436,0,0.04929156761235122,0,0.28886889270700056,available
ab-test-001437,0,0.05863158562752881,0,0.28886889270700056,available
ab-test-001438,0,0.04250766047536068,0,0.28886889270700056,available
ab-test-001439,0,0.036395886355231125,0,0.28886889270700056,available
ab-test-001440,0,0.05863158562752881,0,0.28886889270700056,available
ab-test-001441,0,0.052845130386175214,0,0.28886889270700056,available
ab-test-001442,0,0.05053390392092391,0,0.28886889270700056,available
ab-test-001443,0,0.06440277967163663,0,0.28886889270700056,available
ab-test-001444,0,0.048516124835112265,0,0.28886889270700056,available
ab-test-001445,0,0.04250766047536068,0,0.28886889270700056,available
ab-test-001446,0,0.04516780362148204,0,0.28886889270700056,available
ab-test-001447,0,0.027893259770164176,0,0.28886889270700056,available
ab-test-001448,0,0.03329253579878166,0,0.28886889270700056,available
ab-test-001449,0,0.04516780362148204,0,0.28886889270700056,available
ab-test-001450,0,0.036395886355231125,0,0.28886889270700056,available
ab-test-001451,1,0.1305876585345685,0,0.28886889270700056,available
ab-test-001452,0,0.03468185270508519,0,0.28886889270700056,available
ab-test-001453,1,0.21518826732616647,0,0.28886889270700056,available
ab-test-001454,0,0.048516124835112265,0,0.28886889270700056,available
ab-test-001455,0,0.03118074870347174,0,0.28886889270700056,available
ab-test-001456,0,0.0265625503040861,0,0.28886889270700056,available
ab-test-001457,0,0.04516780362148204,0,0.28886889270700056,available
ab-test-001458,0,0.04204035530308877,0,0.28886889270700056,available
ab-test-001459,1,0.9961601670844498,1,0.28886889270700056,available
ab-test-001460,0,0.06312317392365442,0,0.28886889270700056,available
ab-test-001461,0,0.04250766047536068,0,0.28886889270700056,available
ab-test-001462,0,0.03468185270508519,0,0.28886889270700056,available
ab-test-001463,0,0.04034730524789082,0,0.28886889270700056,available
ab-test-001464,0,0.04034730524789082,0,0.28886889270700056,available
ab-test-001465,0,0.18046343744147642,0,0.28886889270700056,available
ab-test-001466,0,0.11481368102543696,0,0.28886889270700056,available
ab-test-001467,0,0.03468185270508519,0,0.28886889270700056,available
ab-test-001468,1,0.09042481874367762,0,0.28886889270700056,available
ab-test-001469,1,0.10705569874726345,0,0.28886889270700056,available
ab-test-001470,0,0.05413063787548076,0,0.28886889270700056,available
ab-test-001471,1,0.11481368102543696,0,0.28886889270700056,available
ab-test-001472,0,0.037968737071282524,0,0.28886889270700056,available
ab-test-001473,0,0.010959599371626359,0,0.28886889270700056,available
ab-test-001474,0,0.03856042851544949,0,0.28886889270700056,available
ab-test-001475,0,0.04137402239265012,0,0.28886889270700056,available
ab-test-001476,0,0.04034730524789082,0,0.28886889270700056,available
ab-test-001477,0,0.04942406973063269,0,0.28886889270700056,available
ab-test-001478,0,0.05863158562752881,0,0.28886889270700056,available
ab-test-001479,0,0.05863158562752881,0,0.28886889270700056,available
ab-test-001480,0,0.03856042851544949,0,0.28886889270700056,available
ab-test-001481,0,0.04034730524789082,0,0.28886889270700056,available
ab-test-001482,0,0.11577087899015027,0,0.28886889270700056,available
ab-test-001483,0,0.06670035812570761,0,0.28886889270700056,available
ab-test-001484,0,0.04034730524789082,0,0.28886889270700056,available
ab-test-001485,0,0.04398406551322902,0,0.28886889270700056,available
ab-test-001486,0,0.036395886355231125,0,0.28886889270700056,available
ab-test-001487,0,0.08683986015641383,0,0.28886889270700056,available
ab-test-001488,0,0.043119780003539616,0,0.28886889270700056,available
ab-test-001489,0,0.03214459687117357,0,0.28886889270700056,available
ab-test-001490,1,0.6760532228689252,1,0.28886889270700056,available
ab-test-001491,0,0.02903933860766603,0,0.28886889270700056,available
ab-test-001492,1,0.04516780362148204,0,0.28886889270700056,available
ab-test-001493,0,0.04137402239265012,0,0.28886889270700056,available
ab-test-001494,0,0.048516124835112265,0,0.28886889270700056,available
ab-test-001495,0,0.05863158562752881,0,0.28886889270700056,available
ab-test-001496,1,0.10920220200547917,0,0.28886889270700056,available
ab-test-001497,0,0.03329253579878166,0,0.28886889270700056,available
ab-test-001498,0,0.06440277967163663,0,0.28886889270700056,available
ab-test-001499,0,0.04760087389563281,0,0.28886889270700056,available
ab-test-001500,0,0.02517640590630819,0,0.28886889270700056,available
ab-test-001501,0,0.052845130386175214,0,0.28886889270700056,available
ab-test-001502,0,0.08246821603419023,0,0.28886889270700056,available
ab-test-001503,0,0.03468185270508519,0,0.28886889270700056,available
ab-test-001504,0,0.052845130386175214,0,0.28886889270700056,available
ab-test-001505,0,0.05863158562752881,0,0.28886889270700056,available
ab-test-001506,0,0.03468185270508519,0,0.28886889270700056,available
ab-test-001507,0,0.04034730524789082,0,0.28886889270700056,available
ab-test-001508,0,0.052845130386175214,0,0.28886889270700056,available
ab-test-001509,0,0.052845130386175214,0,0.28886889270700056,available
ab-test-001510,0,0.048516124835112265,0,0.28886889270700056,available
ab-test-001511,0,0.048516124835112265,0,0.28886889270700056,available
ab-test-001512,0,0.03856042851544949,0,0.28886889270700056,available
ab-test-001513,0,0.04250766047536068,0,0.28886889270700056,available
ab-test-001514,0,0.03036037449975928,0,0.28886889270700056,available
ab-test-001515,0,0.04760087389563281,0,0.28886889270700056,available
ab-test-001516,0,0.07919865246360154,0,0.28886889270700056,available
ab-test-001517,0,0.03468185270508519,0,0.28886889270700056,available
ab-test-001518,0,0.13324109471844783,0,0.28886889270700056,available
ab-test-001519,0,0.035322645257294026,0,0.28886889270700056,available
ab-test-001520,0,0.05863158562752881,0,0.28886889270700056,available
ab-test-001521,0,0.08511331206167157,0,0.28886889270700056,available
ab-test-001522,0,0.48605495591649683,1,0.28886889270700056,available
ab-test-001523,0,0.4035086631685786,1,0.28886889270700056,available
ab-test-001524,0,0.06440277967163663,0,0.28886889270700056,available
ab-test-001525,0,0.04760087389563281,0,0.28886889270700056,available
ab-test-001526,1,0.9132535718005994,1,0.28886889270700056,available
ab-test-001527,0,0.09769593666019687,0,0.28886889270700056,available
ab-test-001528,0,0.004301130137939296,0,0.28886889270700056,available
ab-test-001529,0,0.31495191336915573,1,0.28886889270700056,available
ab-test-001530,0,0.15175744045497935,0,0.28886889270700056,available
ab-test-001531,0,0.04034730524789082,0,0.28886889270700056,available
ab-test-001532,0,0.22467852846006,0,0.28886889270700056,available
ab-test-001533,0,0.052845130386175214,0,0.28886889270700056,available
ab-test-001534,0,0.048516124835112265,0,0.28886889270700056,available
ab-test-001535,0,0.04516780362148204,0,0.28886889270700056,available
ab-test-001536,0,0.23683632507189503,0,0.28886889270700056,available
ab-test-001537,0,0.04516780362148204,0,0.28886889270700056,available
ab-test-001538,0,0.059827973045831206,0,0.28886889270700056,available
ab-test-001539,0,0.03329253579878166,0,0.28886889270700056,available
ab-test-001540,0,0.048516124835112265,0,0.28886889270700056,available
ab-test-001541,0,0.06670035812570761,0,0.28886889270700056,available
ab-test-001542,1,0.9587937439064076,1,0.28886889270700056,available
ab-test-001543,0,0.048516124835112265,0,0.28886889270700056,available
ab-test-001544,1,0.1507012012466277,0,0.28886889270700056,available
ab-test-001545,0,0.043711101862789745,0,0.28886889270700056,available
ab-test-001546,1,0.9996522519468949,1,0.28886889270700056,available
ab-test-001547,0,0.05188160088323696,0,0.28886889270700056,available
ab-test-001548,0,0.05863158562752881,0,0.28886889270700056,available
ab-test-001549,0,0.06670035812570761,0,0.28886889270700056,available
ab-test-001550,1,0.9974231572745783,1,0.28886889270700056,available
ab-test-001551,0,0.04137402239265012,0,0.28886889270700056,available
ab-test-001552,0,0.03856042851544949,0,0.28886889270700056,available
ab-test-001553,0,0.043119780003539616,0,0.28886889270700056,available
ab-test-001554,0,0.03856042851544949,0,0.28886889270700056,available
ab-test-001555,0,0.052845130386175214,0,0.28886889270700056,available
ab-test-001556,0,0.03468185270508519,0,0.28886889270700056,available
ab-test-001557,1,0.7241086447711729,1,0.28886889270700056,available
ab-test-001558,0,0.05053390392092391,0,0.28886889270700056,available
ab-test-001559,0,0.03856042851544949,0,0.28886889270700056,available
ab-test-001560,0,0.04760087389563281,0,0.28886889270700056,available
ab-test-001561,1,0.19771922443288203,0,0.28886889270700056,available
ab-test-001562,0,0.048516124835112265,0,0.28886889270700056,available
ab-test-001563,0,0.048516124835112265,0,0.28886889270700056,available
ab-test-001564,0,0.010594792739413737,0,0.28886889270700056,available
ab-test-001565,0,0.22467852846006,0,0.28886889270700056,available
ab-test-001566,0,0.03468185270508519,0,0.28886889270700056,available
ab-test-001567,0,0.08683986015641383,0,0.28886889270700056,available
ab-test-001568,0,0.03856042851544949,0,0.28886889270700056,available
ab-test-001569,1,0.09745033260289145,0,0.28886889270700056,available
ab-test-001570,1,0.03036037449975928,0,0.28886889270700056,available
ab-test-001571,0,0.06440277967163663,0,0.28886889270700056,available
ab-test-001572,0,0.05053390392092391,0,0.28886889270700056,available
ab-test-001573,0,0.05863158562752881,0,0.28886889270700056,available
ab-test-001574,0,0.05188160088323696,0,0.28886889270700056,available
ab-test-001575,0,0.03468185270508519,0,0.28886889270700056,available
ab-test-001576,0,0.05188160088323696,0,0.28886889270700056,available
ab-test-001577,0,0.027216899827907405,0,0.28886889270700056,available
ab-test-001578,0,0.04516780362148204,0,0.28886889270700056,available
ab-test-001579,0,0.06120621288856626,0,0.28886889270700056,available
ab-test-001580,0,0.09745033260289145,0,0.28886889270700056,available
ab-test-001581,0,0.019842689249754908,0,0.28886889270700056,available
ab-test-001582,1,0.04034730524789082,0,0.28886889270700056,available
ab-test-001583,1,0.5361445055833133,1,0.28886889270700056,available
ab-test-001584,0,0.04303411503436296,0,0.28886889270700056,available
ab-test-001585,0,0.036395886355231125,0,0.28886889270700056,available
ab-test-001586,0,0.27456012124579443,0,0.28886889270700056,available
ab-test-001587,0,0.1419998641177751,0,0.28886889270700056,available
ab-test-001588,1,0.8691877810401137,1,0.28886889270700056,available
ab-test-001589,0,0.03705943762179665,0,0.28886889270700056,available
ab-test-001590,0,0.036395886355231125,0,0.28886889270700056,available
ab-test-001591,0,0.04423009667922157,0,0.28886889270700056,available
ab-test-001592,0,0.05863158562752881,0,0.28886889270700056,available
ab-test-001593,0,0.043119780003539616,0,0.28886889270700056,available
ab-test-001594,0,0.13355021141009207,0,0.28886889270700056,available
ab-test-001595,0,0.05053390392092391,0,0.28886889270700056,available
ab-test-001596,1,0.5992281415831436,1,0.28886889270700056,available
ab-test-001597,1,0.08502666485093777,0,0.28886889270700056,available
ab-test-001598,0,0.026020843747607374,0,0.28886889270700056,available
ab-test-001599,0,0.03115223084284368,0,0.28886889270700056,available
ab-test-001600,0,0.04516780362148204,0,0.28886889270700056,available
ab-test-001601,1,0.33104972836150465,1,0.28886889270700056,available
ab-test-001602,0,0.03856042851544949,0,0.28886889270700056,available
ab-test-001603,0,0.0881917004671592,0,0.28886889270700056,available
ab-test-001604,1,0.05863158562752881,0,0.28886889270700056,available
ab-test-001605,0,0.2043451536480998,0,0.28886889270700056,available
ab-test-001606,0,0.04516780362148204,0,0.28886889270700056,available
ab-test-001607,0,0.03329253579878166,0,0.28886889270700056,available
ab-test-001608,0,0.03468185270508519,0,0.28886889270700056,available
ab-test-001609,0,0.03468185270508519,0,0.28886889270700056,available
ab-test-001610,0,0.05413063787548076,0,0.28886889270700056,available
ab-test-001611,1,0.9943221769795628,1,0.28886889270700056,available
ab-test-001612,0,0.03856042851544949,0,0.28886889270700056,available
ab-test-001613,0,0.0720251701575536,0,0.28886889270700056,available
ab-test-001614,0,0.05053390392092391,0,0.28886889270700056,available
ab-test-001615,0,0.02802281817993221,0,0.28886889270700056,available
ab-test-001616,0,0.0909773297554927,0,0.28886889270700056,available
ab-test-001617,0,0.06670035812570761,0,0.28886889270700056,available
ab-test-001618,1,0.774520479387982,1,0.28886889270700056,available
ab-test-001619,0,0.05984842027612036,0,0.28886889270700056,available
ab-test-001620,0,0.021822534953742152,0,0.28886889270700056,available
ab-test-001621,0,0.05863158562752881,0,0.28886889270700056,available
ab-test-001622,1,0.027216899827907405,0,0.28886889270700056,available
ab-test-001623,0,0.04250766047536068,0,0.28886889270700056,available
ab-test-001624,1,0.6571175976599586,1,0.28886889270700056,available
ab-test-001625,0,0.06670035812570761,0,0.28886889270700056,available
ab-test-001626,0,0.13633323154824456,0,0.28886889270700056,available
ab-test-001627,0,0.048516124835112265,0,0.28886889270700056,available
ab-test-001628,0,0.05053390392092391,0,0.28886889270700056,available
ab-test-001629,0,0.0687036748255188,0,0.28886889270700056,available
ab-test-001630,0,0.06270357177953569,0,0.28886889270700056,available
ab-test-001631,0,0.04137402239265012,0,0.28886889270700056,available
ab-test-001632,0,0.048516124835112265,0,0.28886889270700056,available
ab-test-001633,0,0.03856042851544949,0,0.28886889270700056,available
ab-test-001634,0,0.05863158562752881,0,0.28886889270700056,available
ab-test-001635,0,0.05863158562752881,0,0.28886889270700056,available
ab-test-001636,0,0.036395886355231125,0,0.28886889270700056,available
ab-test-001637,1,0.7712091685281558,1,0.28886889270700056,available
ab-test-001638,0,0.04516780362148204,0,0.28886889270700056,available
ab-test-001639,1,0.03856042851544949,0,0.28886889270700056,available
ab-test-001640,0,0.09745033260289145,0,0.28886889270700056,available
ab-test-001641,0,0.04250766047536068,0,0.28886889270700056,available
ab-test-001642,0,0.03856042851544949,0,0.28886889270700056,available
ab-test-001643,0,0.0687036748255188,0,0.28886889270700056,available
ab-test-001644,0,0.0408211708027345,0,0.28886889270700056,available
ab-test-001645,0,0.04034730524789082,0,0.28886889270700056,available
ab-test-001646,0,0.2025025594484002,0,0.28886889270700056,available
ab-test-001647,0,0.04707851305497386,0,0.28886889270700056,available
ab-test-001648,0,0.1448307607230867,0,0.28886889270700056,available
ab-test-001649,0,0.05863158562752881,0,0.28886889270700056,available
ab-test-001650,0,0.17774564141520807,0,0.28886889270700056,available
ab-test-001651,0,0.043119780003539616,0,0.28886889270700056,available
ab-test-001652,0,0.054948993418397825,0,0.28886889270700056,available
ab-test-001653,0,0.04516780362148204,0,0.28886889270700056,available
ab-test-001654,0,0.04137402239265012,0,0.28886889270700056,available
ab-test-001655,0,0.04250766047536068,0,0.28886889270700056,available
ab-test-001656,1,0.09745033260289145,0,0.28886889270700056,available
ab-test-001657,0,0.03468185270508519,0,0.28886889270700056,available
ab-test-001658,0,0.09191766566576465,0,0.28886889270700056,available
ab-test-001659,0,0.03578182107670404,0,0.28886889270700056,available
ab-test-001660,0,0.11603404606412827,0,0.28886889270700056,available
ab-test-001661,0,0.03329253579878166,0,0.28886889270700056,available
ab-test-001662,0,0.04929156761235122,0,0.28886889270700056,available
ab-test-001663,0,0.07371713968746077,0,0.28886889270700056,available
ab-test-001664,1,0.9977814033018348,1,0.28886889270700056,available
ab-test-001665,0,0.14024630137581034,0,0.28886889270700056,available
ab-test-001666,0,0.12045836572117617,0,0.28886889270700056,available
ab-test-001667,0,0.09745033260289145,0,0.28886889270700056,available
ab-test-001668,0,0.043119780003539616,0,0.28886889270700056,available
ab-test-001669,0,0.05863158562752881,0,0.28886889270700056,available
ab-test-001670,0,0.03856042851544949,0,0.28886889270700056,available
ab-test-001671,0,0.04516780362148204,0,0.28886889270700056,available
ab-test-001672,0,0.09745033260289145,0,0.28886889270700056,available
ab-test-001673,0,0.04250766047536068,0,0.28886889270700056,available
ab-test-001674,0,0.09745033260289145,0,0.28886889270700056,available
ab-test-001675,0,0.060240720193348314,0,0.28886889270700056,available
ab-test-001676,0,0.0436074366703976,0,0.28886889270700056,available
ab-test-001677,0,0.05053390392092391,0,0.28886889270700056,available
ab-test-001678,0,0.04250766047536068,0,0.28886889270700056,available
ab-test-001679,0,0.04760087389563281,0,0.28886889270700056,available
ab-test-001680,0,0.03856042851544949,0,0.28886889270700056,available
ab-test-001681,0,0.04760087389563281,0,0.28886889270700056,available
ab-test-001682,0,0.04250766047536068,0,0.28886889270700056,available
ab-test-001683,0,0.232580698322817,0,0.28886889270700056,available
ab-test-001684,0,0.036395886355231125,0,0.28886889270700056,available
ab-test-001685,1,0.9985304001471459,1,0.28886889270700056,available
ab-test-001686,0,0.036395886355231125,0,0.28886889270700056,available
ab-test-001687,0,0.09745033260289145,0,0.28886889270700056,available
ab-test-001688,1,0.9339347504478612,1,0.28886889270700056,available
ab-test-001689,1,0.06312317392365442,0,0.28886889270700056,available
ab-test-001690,0,0.04516780362148204,0,0.28886889270700056,available
ab-test-001691,0,0.0687036748255188,0,0.28886889270700056,available
ab-test-001692,0,0.052845130386175214,0,0.28886889270700056,available
ab-test-001693,0,0.03118074870347174,0,0.28886889270700056,available
ab-test-001694,0,0.048516124835112265,0,0.28886889270700056,available
ab-test-001695,0,0.048516124835112265,0,0.28886889270700056,available
ab-test-001696,0,0.048516124835112265,0,0.28886889270700056,available
ab-test-001697,0,0.11277045800678984,0,0.28886889270700056,available
ab-test-001698,0,0.04516780362148204,0,0.28886889270700056,available
ab-test-001699,1,0.634668856267,1,0.28886889270700056,available
ab-test-001700,1,0.08246821603419023,0,0.28886889270700056,available
ab-test-001701,0,0.03468185270508519,0,0.28886889270700056,available
ab-test-001702,0,0.04137402239265012,0,0.28886889270700056,available
ab-test-001703,0,0.06440277967163663,0,0.28886889270700056,available
ab-test-001704,0,0.07881775120621837,0,0.28886889270700056,available
ab-test-001705,0,0.04137402239265012,0,0.28886889270700056,available
ab-test-001706,0,0.06440277967163663,0,0.28886889270700056,available
ab-test-001707,0,0.04137402239265012,0,0.28886889270700056,available
ab-test-001708,0,0.05863158562752881,0,0.28886889270700056,available
ab-test-001709,0,0.036395886355231125,0,0.28886889270700056,available
ab-test-001710,0,0.048516124835112265,0,0.28886889270700056,available
ab-test-001711,0,0.03856042851544949,0,0.28886889270700056,available
ab-test-001712,0,0.004318638659311307,0,0.28886889270700056,available
ab-test-001713,0,0.06440277967163663,0,0.28886889270700056,available
ab-test-001714,0,0.11138833385750131,0,0.28886889270700056,available
ab-test-001715,0,0.04137402239265012,0,0.28886889270700056,available
ab-test-001716,0,0.048516124835112265,0,0.28886889270700056,available
ab-test-001717,0,0.01641921964717206,0,0.28886889270700056,available
ab-test-001718,0,0.03372536046429876,0,0.28886889270700056,available
ab-test-001719,0,0.007632765034319453,0,0.28886889270700056,available
ab-test-001720,0,0.05148505101000674,0,0.28886889270700056,available
ab-test-001721,0,0.04250766047536068,0,0.28886889270700056,available
ab-test-001722,0,0.6459865112284545,1,0.28886889270700056,available
ab-test-001723,0,0.052845130386175214,0,0.28886889270700056,available
ab-test-001724,0,0.05863158562752881,0,0.28886889270700056,available
ab-test-001725,0,0.05053390392092391,0,0.28886889270700056,available
ab-test-001726,0,0.04034730524789082,0,0.28886889270700056,available
ab-test-001727,1,0.09745033260289145,0,0.28886889270700056,available
ab-test-001728,0,0.17968156211644556,0,0.28886889270700056,available
ab-test-001729,0,0.052845130386175214,0,0.28886889270700056,available
ab-test-001730,0,0.7307091102110994,1,0.28886889270700056,available
ab-test-001731,0,0.035724242362482395,0,0.28886889270700056,available
ab-test-001732,0,0.036395886355231125,0,0.28886889270700056,available
ab-test-001733,0,0.015812378507849088,0,0.28886889270700056,available
ab-test-001734,0,0.08432002421971631,0,0.28886889270700056,available
ab-test-001735,0,0.048516124835112265,0,0.28886889270700056,available
ab-test-001736,0,0.014690055496026137,0,0.28886889270700056,available
ab-test-001737,1,0.054948993418397825,0,0.28886889270700056,available
ab-test-001738,0,0.03214459687117357,0,0.28886889270700056,available
ab-test-001739,0,0.04034730524789082,0,0.28886889270700056,available
ab-test-001740,0,0.06440277967163663,0,0.28886889270700056,available
ab-test-001741,1,0.394598881549739,1,0.28886889270700056,available
ab-test-001742,0,0.052845130386175214,0,0.28886889270700056,available
ab-test-001743,0,0.13703845032793677,0,0.28886889270700056,available
ab-test-001744,0,0.06670035812570761,0,0.28886889270700056,available
ab-test-001745,0,0.036395886355231125,0,0.28886889270700056,available
ab-test-001746,0,0.11010082268338961,0,0.28886889270700056,available
ab-test-001747,0,0.048516124835112265,0,0.28886889270700056,available
ab-test-001748,0,0.03856042851544949,0,0.28886889270700056,available
ab-test-001749,1,0.9339347504478612,1,0.28886889270700056,available
ab-test-001750,0,0.09745033260289145,0,0.28886889270700056,available
ab-test-001751,0,0.0687036748255188,0,0.28886889270700056,available
ab-test-001752,0,0.12748236989017853,0,0.28886889270700056,available
ab-test-001753,0,0.003334780790095934,0,0.28886889270700056,available
ab-test-001754,0,0.040746124795133315,0,0.28886889270700056,available
ab-test-001755,0,0.052845130386175214,0,0.28886889270700056,available
ab-test-001756,0,0.01298532064570333,0,0.28886889270700056,available
ab-test-001757,0,0.048516124835112265,0,0.28886889270700056,available
ab-test-001758,0,0.07832339322289364,0,0.28886889270700056,available
ab-test-001759,0,0.024992432683732448,0,0.28886889270700056,available
ab-test-001760,0,0.04034730524789082,0,0.28886889270700056,available
ab-test-001761,0,0.08646939348382425,0,0.28886889270700056,available
ab-test-001762,0,0.0720251701575536,0,0.28886889270700056,available
ab-test-001763,0,0.048516124835112265,0,0.28886889270700056,available
ab-test-001764,0,0.052845130386175214,0,0.28886889270700056,available
ab-test-001765,0,0.4457264281802752,1,0.28886889270700056,available
ab-test-001766,0,0.07579014069590474,0,0.28886889270700056,available
ab-test-001767,0,0.19266459835783448,0,0.28886889270700056,available
ab-test-001768,0,0.08784552446665524,0,0.28886889270700056,available
ab-test-001769,0,0.07557803520137252,0,0.28886889270700056,available
ab-test-001770,0,0.05053390392092391,0,0.28886889270700056,available
ab-test-001771,1,0.21061817085686618,0,0.28886889270700056,available
ab-test-001772,1,0.02802281817993221,0,0.28886889270700056,available
ab-test-001773,0,0.08169538049132309,0,0.28886889270700056,available
ab-test-001774,0,0.09745033260289145,0,0.28886889270700056,available
ab-test-001775,0,0.05053390392092391,0,0.28886889270700056,available
ab-test-001776,1,0.05413063787548076,0,0.28886889270700056,available
ab-test-001777,1,0.9970809369923095,1,0.28886889270700056,available
ab-test-001778,0,0.11447606102236042,0,0.28886889270700056,available
ab-test-001779,0,0.04760087389563281,0,0.28886889270700056,available
ab-test-001780,0,0.04516780362148204,0,0.28886889270700056,available
ab-test-001781,0,0.048516124835112265,0,0.28886889270700056,available
ab-test-001782,0,0.04137402239265012,0,0.28886889270700056,available
ab-test-001783,0,0.05863158562752881,0,0.28886889270700056,available
ab-test-001784,0,0.04707851305497386,0,0.28886889270700056,available
ab-test-001785,0,0.717892310703448,1,0.28886889270700056,available
ab-test-001786,0,0.20287905822118954,0,0.28886889270700056,available
ab-test-001787,0,0.0031999425872030933,0,0.28886889270700056,available
ab-test-001788,0,0.04034730524789082,0,0.28886889270700056,available
ab-test-001789,0,0.05863158562752881,0,0.28886889270700056,available
ab-test-001790,0,0.0720251701575536,0,0.28886889270700056,available
ab-test-001791,0,0.14024630137581034,0,0.28886889270700056,available
ab-test-001792,0,0.048516124835112265,0,0.28886889270700056,available
ab-test-001793,0,0.052845130386175214,0,0.28886889270700056,available
ab-test-001794,0,0.0720251701575536,0,0.28886889270700056,available
ab-test-001795,0,0.04760087389563281,0,0.28886889270700056,available
ab-test-001796,0,0.06670035812570761,0,0.28886889270700056,available
ab-test-001797,0,0.048516124835112265,0,0.28886889270700056,available
ab-test-001798,0,0.03468185270508519,0,0.28886889270700056,available
ab-test-001799,0,0.043119780003539616,0,0.28886889270700056,available
ab-test-001800,0,0.04516780362148204,0,0.28886889270700056,available
ab-test-001801,0,0.036395886355231125,0,0.28886889270700056,available
ab-test-001802,0,0.7738979465140542,1,0.28886889270700056,available
ab-test-001803,0,0.05188160088323696,0,0.28886889270700056,available
ab-test-001804,0,0.05863158562752881,0,0.28886889270700056,available
ab-test-001805,0,0.054948993418397825,0,0.28886889270700056,available
ab-test-001806,0,0.0687036748255188,0,0.28886889270700056,available
ab-test-001807,0,0.0720251701575536,0,0.28886889270700056,available
ab-test-001808,1,0.04760087389563281,0,0.28886889270700056,available
ab-test-001809,0,0.04034730524789082,0,0.28886889270700056,available
ab-test-001810,0,0.04250766047536068,0,0.28886889270700056,available
ab-test-001811,0,0.08683986015641383,0,0.28886889270700056,available
ab-test-001812,0,0.06670035812570761,0,0.28886889270700056,available
ab-test-001813,0,0.03118074870347174,0,0.28886889270700056,available
ab-test-001814,0,0.04760087389563281,0,0.28886889270700056,available
ab-test-001815,0,0.052845130386175214,0,0.28886889270700056,available
ab-test-001816,1,0.9984041751389738,1,0.28886889270700056,available
ab-test-001817,0,0.286488936940219,0,0.28886889270700056,available
ab-test-001818,0,0.04760087389563281,0,0.28886889270700056,available
ab-test-001819,0,0.04137402239265012,0,0.28886889270700056,available
ab-test-001820,1,0.1583331694461967,0,0.28886889270700056,available
ab-test-001821,0,0.048516124835112265,0,0.28886889270700056,available
ab-test-001822,0,0.08683986015641383,0,0.28886889270700056,available
ab-test-001823,1,0.38405925612649383,1,0.28886889270700056,available
ab-test-001824,0,0.036395886355231125,0,0.28886889270700056,available
ab-test-001825,0,0.048516124835112265,0,0.28886889270700056,available
ab-test-001826,0,0.06051593206081246,0,0.28886889270700056,available
ab-test-001827,0,0.03856042851544949,0,0.28886889270700056,available
ab-test-001828,0,0.03856042851544949,0,0.28886889270700056,available
ab-test-001829,0,0.04516780362148204,0,0.28886889270700056,available
ab-test-001830,1,0.9235486838530395,1,0.28886889270700056,available
ab-test-001831,0,0.01302668267584051,0,0.28886889270700056,available
ab-test-001832,0,0.03468185270508519,0,0.28886889270700056,available
ab-test-001833,0,0.03214459687117357,0,0.28886889270700056,available
ab-test-001834,0,0.06670035812570761,0,0.28886889270700056,available
ab-test-001835,0,0.13643519887343586,0,0.28886889270700056,available
ab-test-001836,0,0.052845130386175214,0,0.28886889270700056,available
ab-test-001837,0,0.04034730524789082,0,0.28886889270700056,available
ab-test-001838,0,0.03329253579878166,0,0.28886889270700056,available
ab-test-001839,0,0.04250766047536068,0,0.28886889270700056,available
ab-test-001840,0,0.08246821603419023,0,0.28886889270700056,available
ab-test-001841,0,0.04760087389563281,0,0.28886889270700056,available
ab-test-001842,0,0.05863158562752881,0,0.28886889270700056,available
ab-test-001843,0,0.03856042851544949,0,0.28886889270700056,available
ab-test-001844,1,0.8900682432040959,1,0.28886889270700056,available
ab-test-001845,0,0.04250766047536068,0,0.28886889270700056,available
ab-test-001846,0,0.07858915058112349,0,0.28886889270700056,available
ab-test-001847,0,0.05863158562752881,0,0.28886889270700056,available
ab-test-001848,0,0.04250766047536068,0,0.28886889270700056,available
ab-test-001849,0,0.08198757460345456,0,0.28886889270700056,available
ab-test-001850,0,0.05053390392092391,0,0.28886889270700056,available
ab-test-001851,0,0.05053390392092391,0,0.28886889270700056,available
ab-test-001852,0,0.0720251701575536,0,0.28886889270700056,available
ab-test-001853,1,0.07579014069590474,0,0.28886889270700056,available
ab-test-001854,0,0.038431727138113395,0,0.28886889270700056,available
ab-test-001855,0,0.04250766047536068,0,0.28886889270700056,available
ab-test-001856,0,0.009329820298425853,0,0.28886889270700056,available
ab-test-001857,0,0.052845130386175214,0,0.28886889270700056,available
ab-test-001858,0,0.03468185270508519,0,0.28886889270700056,available
ab-test-001859,0,0.08502666485093777,0,0.28886889270700056,available
ab-test-001860,0,0.054948993418397825,0,0.28886889270700056,available
ab-test-001861,0,0.11216138602563148,0,0.28886889270700056,available
ab-test-001862,0,0.03856042851544949,0,0.28886889270700056,available
ab-test-001863,0,0.06670035812570761,0,0.28886889270700056,available
ab-test-001864,0,0.04858400290554712,0,0.28886889270700056,available
ab-test-001865,0,0.052845130386175214,0,0.28886889270700056,available
ab-test-001866,0,0.03036037449975928,0,0.28886889270700056,available
ab-test-001867,0,0.04760087389563281,0,0.28886889270700056,available
ab-test-001868,0,0.02556509408407616,0,0.28886889270700056,available
ab-test-001869,0,0.036395886355231125,0,0.28886889270700056,available
ab-test-001870,0,0.04760087389563281,0,0.28886889270700056,available
ab-test-001871,0,0.05863158562752881,0,0.28886889270700056,available
ab-test-001872,0,0.014394937700468563,0,0.28886889270700056,available
ab-test-001873,0,0.21844564499820424,0,0.28886889270700056,available
ab-test-001874,0,0.06440277967163663,0,0.28886889270700056,available
ab-test-001875,0,0.036395886355231125,0,0.28886889270700056,available
ab-test-001876,0,0.20032841237217872,0,0.28886889270700056,available
ab-test-001877,0,0.09745033260289145,0,0.28886889270700056,available
ab-test-001878,0,0.05863158562752881,0,0.28886889270700056,available
ab-test-001879,0,0.036395886355231125,0,0.28886889270700056,available
ab-test-001880,0,0.05204080505740524,0,0.28886889270700056,available
ab-test-001881,0,0.06525169636581922,0,0.28886889270700056,available
ab-test-001882,0,0.05863158562752881,0,0.28886889270700056,available
ab-test-001883,1,0.07858915058112349,0,0.28886889270700056,available
ab-test-001884,0,0.03036037449975928,0,0.28886889270700056,available
ab-test-001885,0,0.46130868927373814,1,0.28886889270700056,available
ab-test-001886,0,0.10636588061975091,0,0.28886889270700056,available
ab-test-001887,1,0.634668856267,1,0.28886889270700056,available
ab-test-001888,0,0.06670035812570761,0,0.28886889270700056,available
ab-test-001889,0,0.08246821603419023,0,0.28886889270700056,available
ab-test-001890,0,0.03468185270508519,0,0.28886889270700056,available
ab-test-001891,0,0.15335319929180338,0,0.28886889270700056,available
ab-test-001892,0,0.04137402239265012,0,0.28886889270700056,available
ab-test-001893,1,0.9953908215801762,1,0.28886889270700056,available
ab-test-001894,0,0.05863158562752881,0,0.28886889270700056,available
ab-test-001895,1,0.05863158562752881,0,0.28886889270700056,available
ab-test-001896,0,0.04250766047536068,0,0.28886889270700056,available
ab-test-001897,0,0.04760087389563281,0,0.28886889270700056,available
ab-test-001898,0,0.054948993418397825,0,0.28886889270700056,available
ab-test-001899,0,0.06549310189167033,0,0.28886889270700056,available
ab-test-001900,0,0.04137402239265012,0,0.28886889270700056,available
ab-test-001901,0,0.03118074870347174,0,0.28886889270700056,available
ab-test-001902,0,0.04516780362148204,0,0.28886889270700056,available
ab-test-001903,0,0.04516780362148204,0,0.28886889270700056,available
ab-test-001904,1,0.9352489660614279,1,0.28886889270700056,available
ab-test-001905,0,0.05863158562752881,0,0.28886889270700056,available
ab-test-001906,0,0.04250766047536068,0,0.28886889270700056,available
ab-test-001907,0,0.027216899827907405,0,0.28886889270700056,available
ab-test-001908,0,0.006824547590547172,0,0.28886889270700056,available
ab-test-001909,0,0.04516780362148204,0,0.28886889270700056,available
ab-test-001910,0,0.04516780362148204,0,0.28886889270700056,available
ab-test-001911,0,0.05413063787548076,0,0.28886889270700056,available
ab-test-001912,1,0.06312317392365442,0,0.28886889270700056,available
ab-test-001913,0,0.036395886355231125,0,0.28886889270700056,available
ab-test-001914,0,0.04137402239265012,0,0.28886889270700056,available
ab-test-001915,0,0.12024740524749847,0,0.28886889270700056,available
