pair_id,label,probability,prediction,threshold,status
ab-test-000000,0,0.004172833802349753,0,0.8310590844110447,available
ab-test-000001,0,0.02835932083627608,0,0.8310590844110447,available
ab-test-000002,0,0.002641454978531209,0,0.8310590844110447,available
ab-test-000003,1,0.61711497919196,0,0.8310590844110447,available
ab-test-000004,0,0.015756991437586968,0,0.8310590844110447,available
ab-test-000005,0,0.0025387082456080974,0,0.8310590844110447,available
ab-test-000006,0,0.0017250655099805058,0,0.8310590844110447,available
ab-test-000007,0,0.004103066167611858,0,0.8310590844110447,available
ab-test-000008,0,0.00277467989965884,0,0.8310590844110447,available
ab-test-000009,0,0.0056307799108922816,0,0.8310590844110447,available
ab-test-000010,0,0.0036007488321062736,0,0.8310590844110447,available
ab-test-000011,0,0.003415295797657751,0,0.8310590844110447,available
ab-test-000012,0,0.011489040952741282,0,0.8310590844110447,available
ab-test-000013,0,0.01592160799481965,0,0.8310590844110447,available
ab-test-000014,0,0.002576014829917907,0,0.8310590844110447,available
ab-test-000015,0,0.010237320630008144,0,0.8310590844110447,available
ab-test-000016,0,0.0034420996942614948,0,0.8310590844110447,available
ab-test-000017,0,0.0028257598804743234,0,0.8310590844110447,available
ab-test-000018,0,0.00419596039315207,0,0.8310590844110447,available
ab-test-000019,0,0.00328745122559664,0,0.8310590844110447,available
ab-test-000020,0,0.004368349085536967,0,0.8310590844110447,available
ab-test-000021,0,0.0026163002710179436,0,0.8310590844110447,available
ab-test-000022,0,0.005245395192711797,0,0.8310590844110447,available
ab-test-000023,0,0.003685810823431772,0,0.8310590844110447,available
ab-test-000024,0,0.011023396168242813,0,0.8310590844110447,available
ab-test-000025,0,0.004005897617582961,0,0.8310590844110447,available
ab-test-000026,1,0.36846415365380936,0,0.8310590844110447,available
ab-test-000027,0,0.0023254021960837897,0,0.8310590844110447,available
ab-test-000028,0,0.0029116630511267063,0,0.8310590844110447,available
ab-test-000029,0,0.43056693956015407,0,0.8310590844110447,available
ab-test-000030,0,0.038771002452527334,0,0.8310590844110447,available
ab-test-000031,0,0.0035988089699932925,0,0.8310590844110447,available
ab-test-000032,0,0.0014299899469034463,0,0.8310590844110447,available
ab-test-000033,0,0.003061159287030538,0,0.8310590844110447,available
ab-test-000034,0,0.1263117476457508,0,0.8310590844110447,available
ab-test-000035,0,0.0009067666629086037,0,0.8310590844110447,available
ab-test-000036,0,0.0027611086338454383,0,0.8310590844110447,available
ab-test-000037,0,0.02102314714183528,0,0.8310590844110447,available
ab-test-000038,0,0.006208374502156655,0,0.8310590844110447,available
ab-test-000039,0,0.0011114622533913686,0,0.8310590844110447,available
ab-test-000040,0,0.0031512374499928996,0,0.8310590844110447,available
ab-test-000041,0,0.011940017097800078,0,0.8310590844110447,available
ab-test-000042,0,0.4737113696458723,0,0.8310590844110447,available
ab-test-000043,0,0.0012706525526501207,0,0.8310590844110447,available
ab-test-000044,0,0.0042585739402095,0,0.8310590844110447,available
ab-test-000045,0,0.003823815389334683,0,0.8310590844110447,available
ab-test-000046,1,0.9867187205378553,1,0.8310590844110447,available
ab-test-000047,1,0.9766374354883655,1,0.8310590844110447,available
ab-test-000048,0,0.003123767856742728,0,0.8310590844110447,available
ab-test-000049,0,0.006144937885811712,0,0.8310590844110447,available
ab-test-000050,0,0.021354257173433186,0,0.8310590844110447,available
ab-test-000051,1,0.9531666206249374,1,0.8310590844110447,available
ab-test-000052,0,0.008861597229692457,0,0.8310590844110447,available
ab-test-000053,0,0.008913665792766676,0,0.8310590844110447,available
ab-test-000054,1,0.9443226967639095,1,0.8310590844110447,available
ab-test-000055,0,0.00485268885989189,0,0.8310590844110447,available
ab-test-000056,0,0.004404638212180451,0,0.8310590844110447,available
ab-test-000057,1,0.5795105817448392,0,0.8310590844110447,available
ab-test-000058,0,0.0024248399117982357,0,0.8310590844110447,available
ab-test-000059,0,0.0029855583562320618,0,0.8310590844110447,available
ab-test-000060,0,0.012487475622055003,0,0.8310590844110447,available
ab-test-000061,0,0.005051298739102614,0,0.8310590844110447,available
ab-test-000062,0,0.0032206052298997295,0,0.8310590844110447,available
ab-test-000063,0,0.004079364617314483,0,0.8310590844110447,available
ab-test-000064,0,0.22376323926717848,0,0.8310590844110447,available
ab-test-000065,0,0.01809253967548709,0,0.8310590844110447,available
ab-test-000066,0,0.0035308142147533134,0,0.8310590844110447,available
ab-test-000067,0,0.015114143774436126,0,0.8310590844110447,available
ab-test-000068,0,0.005689131131366345,0,0.8310590844110447,available
ab-test-000069,0,0.008243094843843444,0,0.8310590844110447,available
ab-test-000070,0,0.009423609024640872,0,0.8310590844110447,available
ab-test-000071,0,0.003144579579900344,0,0.8310590844110447,available
ab-test-000072,0,0.01305579332558827,0,0.8310590844110447,available
ab-test-000073,0,0.004894617065044886,0,0.8310590844110447,available
ab-test-000074,0,0.006213833707869782,0,0.8310590844110447,available
ab-test-000075,0,0.0021107050766425435,0,0.8310590844110447,available
ab-test-000076,0,0.010641485741062712,0,0.8310590844110447,available
ab-test-000077,0,0.003840284605949279,0,0.8310590844110447,available
ab-test-000078,0,0.0027973431865277753,0,0.8310590844110447,available
ab-test-000079,0,0.012979013327536374,0,0.8310590844110447,available
ab-test-000080,0,0.003703650204326127,0,0.8310590844110447,available
ab-test-000081,1,0.31815646891895283,0,0.8310590844110447,available
ab-test-000082,0,0.04983310889928738,0,0.8310590844110447,available
ab-test-000083,0,0.008878589821849518,0,0.8310590844110447,available
ab-test-000084,0,0.0017007755058880277,0,0.8310590844110447,available
ab-test-000085,0,0.005350051119908616,0,0.8310590844110447,available
ab-test-000086,0,0.005924344096271388,0,0.8310590844110447,available
ab-test-000087,0,0.0025945881660405065,0,0.8310590844110447,available
ab-test-000088,0,0.006221239502034691,0,0.8310590844110447,available
ab-test-000089,0,0.005890096659226414,0,0.8310590844110447,available
ab-test-000090,0,0.0031841812415188226,0,0.8310590844110447,available
ab-test-000091,0,0.0017181902651472597,0,0.8310590844110447,available
ab-test-000092,0,0.004580168483616084,0,0.8310590844110447,available
ab-test-000093,0,0.002062131370303944,0,0.8310590844110447,available
ab-test-000094,0,0.004962660700923552,0,0.8310590844110447,available
ab-test-000095,0,0.0027328175778495853,0,0.8310590844110447,available
ab-test-000096,0,0.007529116179845189,0,0.8310590844110447,available
ab-test-000097,0,0.01348047958196119,0,0.8310590844110447,available
ab-test-000098,0,0.011697964238074487,0,0.8310590844110447,available
ab-test-000099,0,0.006863943820556047,0,0.8310590844110447,available
ab-test-000100,0,0.0024537072640397105,0,0.8310590844110447,available
ab-test-000101,0,0.001191813099854338,0,0.8310590844110447,available
ab-test-000102,1,0.9681128859718503,1,0.8310590844110447,available
ab-test-000103,0,0.0011764064103316361,0,0.8310590844110447,available
ab-test-000104,0,0.002473220950278236,0,0.8310590844110447,available
ab-test-000105,0,0.005636868534404786,0,0.8310590844110447,available
ab-test-000106,0,0.01106243833386967,0,0.8310590844110447,available
ab-test-000107,0,0.002946248024133201,0,0.8310590844110447,available
ab-test-000108,0,0.0014870914871140217,0,0.8310590844110447,available
ab-test-000109,0,0.0073528995556108884,0,0.8310590844110447,available
ab-test-000110,0,0.0028836424234955213,0,0.8310590844110447,available
ab-test-000111,0,0.0008335391231142686,0,0.8310590844110447,available
ab-test-000112,1,0.6757218050783618,0,0.8310590844110447,available
ab-test-000113,0,0.0030230563977348022,0,0.8310590844110447,available
ab-test-000114,0,0.2908323727934626,0,0.8310590844110447,available
ab-test-000115,0,0.003523889232905893,0,0.8310590844110447,available
ab-test-000116,0,0.0029544457977538365,0,0.8310590844110447,available
ab-test-000117,0,0.00299077831038813,0,0.8310590844110447,available
ab-test-000118,0,0.0019759005116250865,0,0.8310590844110447,available
ab-test-000119,0,0.0013359825511073547,0,0.8310590844110447,available
ab-test-000120,0,0.0008876592713194577,0,0.8310590844110447,available
ab-test-000121,0,0.002082182590760408,0,0.8310590844110447,available
ab-test-000122,0,0.004343445725087975,0,0.8310590844110447,available
ab-test-000123,0,0.0027343044004074905,0,0.8310590844110447,available
ab-test-000124,1,0.9471882145631356,1,0.8310590844110447,available
ab-test-000125,0,0.002572809639828683,0,0.8310590844110447,available
ab-test-000126,1,0.983225904228887,1,0.8310590844110447,available
ab-test-000127,1,0.9223456171533276,1,0.8310590844110447,available
ab-test-000128,0,0.0019243731092336922,0,0.8310590844110447,available
ab-test-000129,0,0.16421038445077332,0,0.8310590844110447,available
ab-test-000130,0,0.0020524578176553373,0,0.8310590844110447,available
ab-test-000131,0,0.001550801048814938,0,0.8310590844110447,available
ab-test-000132,1,0.9894126603835698,1,0.8310590844110447,available
ab-test-000133,0,0.00554324221816479,0,0.8310590844110447,available
ab-test-000134,0,0.010419155110219505,0,0.8310590844110447,available
ab-test-000135,0,0.03496399517393538,0,0.8310590844110447,available
ab-test-000136,0,0.0021316039346590053,0,0.8310590844110447,available
ab-test-000137,0,0.0027523341237474415,0,0.8310590844110447,available
ab-test-000138,0,0.0031254552562456264,0,0.8310590844110447,available
ab-test-000139,0,0.002237107430634365,0,0.8310590844110447,available
ab-test-000140,0,0.004436616203916788,0,0.8310590844110447,available
ab-test-000141,0,0.04001224836244673,0,0.8310590844110447,available
ab-test-000142,0,0.004405746067375501,0,0.8310590844110447,available
ab-test-000143,0,0.004294166128927079,0,0.8310590844110447,available
ab-test-000144,0,0.0011466978065320604,0,0.8310590844110447,available
ab-test-000145,0,0.001905549715254073,0,0.8310590844110447,available
ab-test-000146,0,0.010359787736731773,0,0.8310590844110447,available
ab-test-000147,0,0.00260180772353299,0,0.8310590844110447,available
ab-test-000148,0,0.00648066462460592,0,0.8310590844110447,available
ab-test-000149,0,0.010842779859906133,0,0.8310590844110447,available
ab-test-000150,0,0.00484786826226204,0,0.8310590844110447,available
ab-test-000151,1,0.6318715929383097,0,0.8310590844110447,available
ab-test-000152,0,0.005826614119079599,0,0.8310590844110447,available
ab-test-000153,1,0.9876395694691521,1,0.8310590844110447,available
ab-test-000154,0,0.03515037219235814,0,0.8310590844110447,available
ab-test-000155,1,0.9472055760516701,1,0.8310590844110447,available
ab-test-000156,0,0.002041586948229785,0,0.8310590844110447,available
ab-test-000157,0,0.002797244789500276,0,0.8310590844110447,available
ab-test-000158,0,0.004143145178642933,0,0.8310590844110447,available
ab-test-000159,0,0.0020691945531767114,0,0.8310590844110447,available
ab-test-000160,1,0.9894126603835698,1,0.8310590844110447,available
ab-test-000161,0,0.001981611278317741,0,0.8310590844110447,available
ab-test-000162,0,0.003783952853320169,0,0.8310590844110447,available
ab-test-000163,1,0.9797882504306523,1,0.8310590844110447,available
ab-test-000164,0,0.0023058447654606996,0,0.8310590844110447,available
ab-test-000165,0,0.003383445775795762,0,0.8310590844110447,available
ab-test-000166,0,0.004590010562132715,0,0.8310590844110447,available
ab-test-000167,0,0.012399179719834823,0,0.8310590844110447,available
ab-test-000168,0,0.007863171086369183,0,0.8310590844110447,available
ab-test-000169,0,0.0025293619734519115,0,0.8310590844110447,available
ab-test-000170,0,0.01710579529673729,0,0.8310590844110447,available
ab-test-000171,0,0.019519222970648637,0,0.8310590844110447,available
ab-test-000172,0,0.014269947870893081,0,0.8310590844110447,available
ab-test-000173,0,0.003066209015101091,0,0.8310590844110447,available
ab-test-000174,0,0.0006933976485187511,0,0.8310590844110447,available
ab-test-000175,0,0.0029028414287056684,0,0.8310590844110447,available
ab-test-000176,0,0.004692730454364289,0,0.8310590844110447,available
ab-test-000177,0,0.0013645439020634358,0,0.8310590844110447,available
ab-test-000178,1,0.5769578608206647,0,0.8310590844110447,available
ab-test-000179,0,0.009349879674551536,0,0.8310590844110447,available
ab-test-000180,0,0.006670606415536591,0,0.8310590844110447,available
ab-test-000181,1,0.43051020801220385,0,0.8310590844110447,available
ab-test-000182,0,0.003870664586489693,0,0.8310590844110447,available
ab-test-000183,0,0.0041941409718860845,0,0.8310590844110447,available
ab-test-000184,1,0.47250356434935153,0,0.8310590844110447,available
ab-test-000185,0,0.0019085734150812443,0,0.8310590844110447,available
ab-test-000186,1,0.9765062952022073,1,0.8310590844110447,available
ab-test-000187,0,0.011659480550434656,0,0.8310590844110447,available
ab-test-000188,0,0.0026843724945212464,0,0.8310590844110447,available
ab-test-000189,0,0.009760024000418442,0,0.8310590844110447,available
ab-test-000190,0,0.0030138433567531353,0,0.8310590844110447,available
ab-test-000191,0,0.003073570249129973,0,0.8310590844110447,available
ab-test-000192,0,0.0036824669023260265,0,0.8310590844110447,available
ab-test-000193,0,0.0017904688018070406,0,0.8310590844110447,available
ab-test-000194,0,0.004404427393312414,0,0.8310590844110447,available
ab-test-000195,0,0.012549539350639065,0,0.8310590844110447,available
ab-test-000196,0,0.008744273254839816,0,0.8310590844110447,available
ab-test-000197,0,0.0015186505550441652,0,0.8310590844110447,available
ab-test-000198,0,0.00921150857126577,0,0.8310590844110447,available
ab-test-000199,0,0.003287523391556226,0,0.8310590844110447,available
ab-test-000200,0,0.0033208444075230074,0,0.8310590844110447,available
ab-test-000201,1,0.7704159579167357,0,0.8310590844110447,available
ab-test-000202,0,0.004294784118561805,0,0.8310590844110447,available
ab-test-000203,0,0.004232602351048729,0,0.8310590844110447,available
ab-test-000204,0,0.1975920659817524,0,0.8310590844110447,available
ab-test-000205,1,0.9859267705904023,1,0.8310590844110447,available
ab-test-000206,0,0.006458890945094666,0,0.8310590844110447,available
ab-test-000207,0,0.0021269780502482147,0,0.8310590844110447,available
ab-test-000208,1,0.8951030543227586,1,0.8310590844110447,available
ab-test-000209,0,0.0035256358350202683,0,0.8310590844110447,available
ab-test-000210,0,0.006865057106034001,0,0.8310590844110447,available
ab-test-000211,0,0.003148024443433879,0,0.8310590844110447,available
ab-test-000212,0,0.001886131049727383,0,0.8310590844110447,available
ab-test-000213,0,0.009944980125910191,0,0.8310590844110447,available
ab-test-000214,1,0.9714761433578026,1,0.8310590844110447,available
ab-test-000215,0,0.003061159287030538,0,0.8310590844110447,available
ab-test-000216,0,0.0022207551947775184,0,0.8310590844110447,available
ab-test-000217,0,0.0034223713190717846,0,0.8310590844110447,available
ab-test-000218,0,0.0007716099872248653,0,0.8310590844110447,available
ab-test-000219,0,0.001439660484062226,0,0.8310590844110447,available
ab-test-000220,0,0.001570375283579258,0,0.8310590844110447,available
ab-test-000221,0,0.003063732358938511,0,0.8310590844110447,available
ab-test-000222,0,0.002925627231031481,0,0.8310590844110447,available
ab-test-000223,0,0.0031676390084702556,0,0.8310590844110447,available
ab-test-000224,0,0.0027312699594554046,0,0.8310590844110447,available
ab-test-000225,0,0.009030099335849237,0,0.8310590844110447,available
ab-test-000226,0,0.027295601508904744,0,0.8310590844110447,available
ab-test-000227,0,0.00299077831038813,0,0.8310590844110447,available
ab-test-000228,0,0.0008203268227585428,0,0.8310590844110447,available
ab-test-000229,1,0.9870458739510335,1,0.8310590844110447,available
ab-test-000230,0,0.004132083353603281,0,0.8310590844110447,available
ab-test-000231,0,0.007356579227814274,0,0.8310590844110447,available
ab-test-000232,0,0.006090146966253565,0,0.8310590844110447,available
ab-test-000233,0,0.0049875508020556505,0,0.8310590844110447,available
ab-test-000234,0,0.008596378154421385,0,0.8310590844110447,available
ab-test-000235,0,0.008436333902353346,0,0.8310590844110447,available
ab-test-000236,0,0.0014158593762607105,0,0.8310590844110447,available
ab-test-000237,1,0.9834874614371885,1,0.8310590844110447,available
ab-test-000238,0,0.0022218780498943886,0,0.8310590844110447,available
ab-test-000239,0,0.002963415303164245,0,0.8310590844110447,available
ab-test-000240,0,0.0023081476312142783,0,0.8310590844110447,available
ab-test-000241,0,0.001673618142013583,0,0.8310590844110447,available
ab-test-000242,0,0.019097838470456253,0,0.8310590844110447,available
ab-test-000243,0,0.0020475650395508542,0,0.8310590844110447,available
ab-test-000244,0,0.0010100090673896382,0,0.8310590844110447,available
ab-test-000245,1,0.9870458739510335,1,0.8310590844110447,available
ab-test-000246,0,0.006143861356195973,0,0.8310590844110447,available
ab-test-000247,0,0.02337554553192554,0,0.8310590844110447,available
ab-test-000248,0,0.0012388005611460625,0,0.8310590844110447,available
ab-test-000249,0,0.0007096247876104001,0,0.8310590844110447,available
ab-test-000250,0,0.001318430775493897,0,0.8310590844110447,available
ab-test-000251,0,0.016262979229768642,0,0.8310590844110447,available
ab-test-000252,0,0.0039093628358344654,0,0.8310590844110447,available
ab-test-000253,0,0.0071859991536779395,0,0.8310590844110447,available
ab-test-000254,0,0.0010914785430166719,0,0.8310590844110447,available
ab-test-000255,0,0.004360779932982157,0,0.8310590844110447,available
ab-test-000256,0,0.0033209607503156455,0,0.8310590844110447,available
ab-test-000257,0,0.009398119757725401,0,0.8310590844110447,available
ab-test-000258,0,0.009782086827952355,0,0.8310590844110447,available
ab-test-000259,0,0.014202952949089395,0,0.8310590844110447,available
ab-test-000260,0,0.001639020761971065,0,0.8310590844110447,available
ab-test-000261,0,0.0598164778484189,0,0.8310590844110447,available
ab-test-000262,0,0.0038027809147613205,0,0.8310590844110447,available
ab-test-000263,0,0.006827784086777537,0,0.8310590844110447,available
ab-test-000264,0,0.0022968068987968293,0,0.8310590844110447,available
ab-test-000265,0,0.001406928592785374,0,0.8310590844110447,available
ab-test-000266,0,0.0017515447893923656,0,0.8310590844110447,available
ab-test-000267,0,0.0017933428872488933,0,0.8310590844110447,available
ab-test-000268,0,0.0029330819027142117,0,0.8310590844110447,available
ab-test-000269,0,0.005334919009979944,0,0.8310590844110447,available
ab-test-000270,0,0.004063169399403756,0,0.8310590844110447,available
ab-test-000271,0,0.003039514894180337,0,0.8310590844110447,available
ab-test-000272,0,0.0016003515314650565,0,0.8310590844110447,available
ab-test-000273,0,0.003831556006207309,0,0.8310590844110447,available
ab-test-000274,0,0.009061204215392563,0,0.8310590844110447,available
ab-test-000275,0,0.0033208444075230074,0,0.8310590844110447,available
ab-test-000276,0,0.001119031368391935,0,0.8310590844110447,available
ab-test-000277,0,0.2030994379744168,0,0.8310590844110447,available
ab-test-000278,0,0.00359322237671637,0,0.8310590844110447,available
ab-test-000279,0,0.0072641495448164456,0,0.8310590844110447,available
ab-test-000280,0,0.0009252490704447963,0,0.8310590844110447,available
ab-test-000281,0,0.0030393382995447253,0,0.8310590844110447,available
ab-test-000282,0,0.0035254109739417524,0,0.8310590844110447,available
ab-test-000283,0,0.0010130934959876102,0,0.8310590844110447,available
ab-test-000284,0,0.002116797734252769,0,0.8310590844110447,available
ab-test-000285,0,0.0010489608660970127,0,0.8310590844110447,available
ab-test-000286,0,0.0077193703395079544,0,0.8310590844110447,available
ab-test-000287,0,0.001362693380321082,0,0.8310590844110447,available
ab-test-000288,0,0.009509769214851896,0,0.8310590844110447,available
ab-test-000289,0,0.002299844426515537,0,0.8310590844110447,available
ab-test-000290,0,0.0015698891738725686,0,0.8310590844110447,available
ab-test-000291,0,0.0009524881424334969,0,0.8310590844110447,available
ab-test-000292,0,0.011948600148200797,0,0.8310590844110447,available
ab-test-000293,0,0.003558690908111816,0,0.8310590844110447,available
ab-test-000294,0,0.009303512970620759,0,0.8310590844110447,available
ab-test-000295,0,0.002047719795356379,0,0.8310590844110447,available
ab-test-000296,1,0.9865221106421336,1,0.8310590844110447,available
ab-test-000297,0,0.0046635952091310835,0,0.8310590844110447,available
ab-test-000298,0,0.005697618207989214,0,0.8310590844110447,available
ab-test-000299,0,0.0019856223906093732,0,0.8310590844110447,available
ab-test-000300,0,0.01194185106836884,0,0.8310590844110447,available
ab-test-000301,0,0.005609621881083118,0,0.8310590844110447,available
ab-test-000302,0,0.0012244067563304181,0,0.8310590844110447,available
ab-test-000303,0,0.014882109985113707,0,0.8310590844110447,available
ab-test-000304,0,0.002288552357465718,0,0.8310590844110447,available
ab-test-000305,0,0.0201034764740035,0,0.8310590844110447,available
ab-test-000306,0,0.019838751089090553,0,0.8310590844110447,available
ab-test-000307,1,0.9869563038781016,1,0.8310590844110447,available
ab-test-000308,1,0.9678152702907057,1,0.8310590844110447,available
ab-test-000309,0,0.006963175472670997,0,0.8310590844110447,available
ab-test-000310,0,0.001988227180300303,0,0.8310590844110447,available
ab-test-000311,1,0.9500737497282798,1,0.8310590844110447,available
ab-test-000312,0,0.0015081354540200992,0,0.8310590844110447,available
ab-test-000313,0,0.026036791275167847,0,0.8310590844110447,available
ab-test-000314,1,0.9544947750487899,1,0.8310590844110447,available
ab-test-000315,0,0.004943155894466243,0,0.8310590844110447,available
ab-test-000316,0,0.010230158120665701,0,0.8310590844110447,available
ab-test-000317,0,0.004405101035772302,0,0.8310590844110447,available
ab-test-000318,1,0.9402748861879154,1,0.8310590844110447,available
ab-test-000319,0,0.0028977175988692395,0,0.8310590844110447,available
ab-test-000320,0,0.006837754448902505,0,0.8310590844110447,available
ab-test-000321,0,0.0017250501629327303,0,0.8310590844110447,available
ab-test-000322,0,0.003814647900001071,0,0.8310590844110447,available
ab-test-000323,0,0.0025947093967875583,0,0.8310590844110447,available
ab-test-000324,0,0.018106436531677726,0,0.8310590844110447,available
ab-test-000325,0,0.002602561550385681,0,0.8310590844110447,available
ab-test-000326,0,0.0027582895690773076,0,0.8310590844110447,available
ab-test-000327,0,0.008471849533948132,0,0.8310590844110447,available
ab-test-000328,0,0.0009041505516345904,0,0.8310590844110447,available
ab-test-000329,1,0.3161973712372996,0,0.8310590844110447,available
ab-test-000330,0,0.0026448601518915807,0,0.8310590844110447,available
ab-test-000331,1,0.9601911582572338,1,0.8310590844110447,available
ab-test-000332,0,0.00299077831038813,0,0.8310590844110447,available
ab-test-000333,0,0.003969748194987937,0,0.8310590844110447,available
ab-test-000334,0,0.0035423584949333888,0,0.8310590844110447,available
ab-test-000335,0,0.007724105565474206,0,0.8310590844110447,available
ab-test-000336,0,0.004500143032214542,0,0.8310590844110447,available
ab-test-000337,1,0.9825578931351351,1,0.8310590844110447,available
ab-test-000338,0,0.00572981098636375,0,0.8310590844110447,available
ab-test-000339,0,0.003331808027244687,0,0.8310590844110447,available
ab-test-000340,0,0.0025511539282797226,0,0.8310590844110447,available
ab-test-000341,0,0.2574637045796624,0,0.8310590844110447,available
ab-test-000342,0,0.005563228795605998,0,0.8310590844110447,available
ab-test-000343,0,0.13106176499286568,0,0.8310590844110447,available
ab-test-000344,0,0.0035064106198927562,0,0.8310590844110447,available
ab-test-000345,0,0.0018746388684463548,0,0.8310590844110447,available
ab-test-000346,1,0.7467539382543029,0,0.8310590844110447,available
ab-test-000347,0,0.006776897330614782,0,0.8310590844110447,available
ab-test-000348,0,0.0013426599626560267,0,0.8310590844110447,available
ab-test-000349,0,0.006288066740331636,0,0.8310590844110447,available
ab-test-000350,0,0.0035235990369795293,0,0.8310590844110447,available
ab-test-000351,0,0.004434549484271291,0,0.8310590844110447,available
ab-test-000352,0,0.004169310941170025,0,0.8310590844110447,available
ab-test-000353,0,0.004162865007170395,0,0.8310590844110447,available
ab-test-000354,0,0.00866469152154055,0,0.8310590844110447,available
ab-test-000355,0,0.0018090265083809925,0,0.8310590844110447,available
ab-test-000356,0,0.012470450581632523,0,0.8310590844110447,available
ab-test-000357,0,0.005719270687593467,0,0.8310590844110447,available
ab-test-000358,0,0.006355761567603256,0,0.8310590844110447,available
ab-test-000359,0,0.0025918401687694765,0,0.8310590844110447,available
ab-test-000360,0,0.001958832109430382,0,0.8310590844110447,available
ab-test-000361,0,0.019543691405593762,0,0.8310590844110447,available
ab-test-000362,0,0.005160338582299797,0,0.8310590844110447,available
ab-test-000363,0,0.0021885845064576995,0,0.8310590844110447,available
ab-test-000364,0,0.002610626373783222,0,0.8310590844110447,available
ab-test-000365,1,0.9608202983314738,1,0.8310590844110447,available
ab-test-000366,0,0.002275906011850077,0,0.8310590844110447,available
ab-test-000367,0,0.0019612246356655195,0,0.8310590844110447,available
ab-test-000368,0,0.012636877469187653,0,0.8310590844110447,available
ab-test-000369,0,0.008101630968231412,0,0.8310590844110447,available
ab-test-000370,0,0.010218223640188026,0,0.8310590844110447,available
ab-test-000371,1,0.9306328152161206,1,0.8310590844110447,available
ab-test-000372,0,0.001811799914389101,0,0.8310590844110447,available
ab-test-000373,0,0.0032519668554485096,0,0.8310590844110447,available
ab-test-000374,0,0.002276370146590995,0,0.8310590844110447,available
ab-test-000375,0,0.00116036048726713,0,0.8310590844110447,available
ab-test-000376,0,0.0021302422508609658,0,0.8310590844110447,available
ab-test-000377,0,0.008636668618676012,0,0.8310590844110447,available
ab-test-000378,0,0.0041721127707246,0,0.8310590844110447,available
ab-test-000379,1,0.8232833128063823,0,0.8310590844110447,available
ab-test-000380,0,0.004298722739519521,0,0.8310590844110447,available
ab-test-000381,0,0.003686281176189553,0,0.8310590844110447,available
ab-test-000382,0,0.004938121282951312,0,0.8310590844110447,available
ab-test-000383,0,0.003693612652114,0,0.8310590844110447,available
ab-test-000384,1,0.9873372979868787,1,0.8310590844110447,available
ab-test-000385,0,0.002479328280136329,0,0.8310590844110447,available
ab-test-000386,0,0.12377414964329175,0,0.8310590844110447,available
ab-test-000387,0,0.002527815392828977,0,0.8310590844110447,available
ab-test-000388,0,0.0017033817692409033,0,0.8310590844110447,available
ab-test-000389,1,0.9639454713714274,1,0.8310590844110447,available
ab-test-000390,0,0.04149591716674679,0,0.8310590844110447,available
ab-test-000391,0,0.009356644819166213,0,0.8310590844110447,available
ab-test-000392,0,0.0013426085728568337,0,0.8310590844110447,available
ab-test-000393,0,0.002763223725016368,0,0.8310590844110447,available
ab-test-000394,0,0.01355772813664658,0,0.8310590844110447,available
ab-test-000395,0,0.004091814857285192,0,0.8310590844110447,available
ab-test-000396,0,0.014492978475881031,0,0.8310590844110447,available
ab-test-000397,0,0.0028255351452989384,0,0.8310590844110447,available
ab-test-000398,0,0.001449816209513274,0,0.8310590844110447,available
ab-test-000399,1,0.6706352979128718,0,0.8310590844110447,available
ab-test-000400,0,0.0017783989144039309,0,0.8310590844110447,available
ab-test-000401,1,0.9697658772417134,1,0.8310590844110447,available
ab-test-000402,1,0.9640237373095243,1,0.8310590844110447,available
ab-test-000403,0,0.002131273126764214,0,0.8310590844110447,available
ab-test-000404,1,0.13281872650570584,0,0.8310590844110447,available
ab-test-000405,0,0.0026724054872416256,0,0.8310590844110447,available
ab-test-000406,0,0.4101592058640375,0,0.8310590844110447,available
ab-test-000407,0,0.044707011901780586,0,0.8310590844110447,available
ab-test-000408,0,0.01515403613708645,0,0.8310590844110447,available
ab-test-000409,0,0.056464326681718545,0,0.8310590844110447,available
ab-test-000410,0,0.01895362195381909,0,0.8310590844110447,available
ab-test-000411,0,0.0035656269167903022,0,0.8310590844110447,available
ab-test-000412,1,0.5525817748950879,0,0.8310590844110447,available
ab-test-000413,0,0.008987665529996993,0,0.8310590844110447,available
ab-test-000414,0,0.003219207962599,0,0.8310590844110447,available
ab-test-000415,0,0.0008290709031339118,0,0.8310590844110447,available
ab-test-000416,0,0.016991459363977845,0,0.8310590844110447,available
ab-test-000417,0,0.0023974891945529792,0,0.8310590844110447,available
ab-test-000418,0,0.01346211643326068,0,0.8310590844110447,available
ab-test-000419,1,0.9531150870750801,1,0.8310590844110447,available
ab-test-000420,0,0.021117580658257338,0,0.8310590844110447,available
ab-test-000421,1,0.9341492308365689,1,0.8310590844110447,available
ab-test-000422,0,0.0319352280824122,0,0.8310590844110447,available
ab-test-000423,0,0.0008237243143185564,0,0.8310590844110447,available
ab-test-000424,0,0.0021404623418365804,0,0.8310590844110447,available
ab-test-000425,0,0.003627930019237578,0,0.8310590844110447,available
ab-test-000426,0,0.01877605599500297,0,0.8310590844110447,available
ab-test-000427,0,0.0050246929302892205,0,0.8310590844110447,available
ab-test-000428,0,0.0033593702672168827,0,0.8310590844110447,available
ab-test-000429,0,0.008859313787797696,0,0.8310590844110447,available
ab-test-000430,0,0.181979717776407,0,0.8310590844110447,available
ab-test-000431,1,0.8044337936779064,0,0.8310590844110447,available
ab-test-000432,0,0.004569633410598272,0,0.8310590844110447,available
ab-test-000433,0,0.008487896294289074,0,0.8310590844110447,available
ab-test-000434,0,0.006417883885863028,0,0.8310590844110447,available
ab-test-000435,0,0.003132476288026539,0,0.8310590844110447,available
ab-test-000436,0,0.0032204309179277024,0,0.8310590844110447,available
ab-test-000437,0,0.005323299116637881,0,0.8310590844110447,available
ab-test-000438,0,0.0023145269820275755,0,0.8310590844110447,available
ab-test-000439,0,0.0023820597663772587,0,0.8310590844110447,available
ab-test-000440,0,0.009505055748130677,0,0.8310590844110447,available
ab-test-000441,0,0.0017020820562312904,0,0.8310590844110447,available
ab-test-000442,0,0.006245877342756325,0,0.8310590844110447,available
ab-test-000443,0,0.013816695000340289,0,0.8310590844110447,available
ab-test-000444,0,0.0020585862115949653,0,0.8310590844110447,available
ab-test-000445,0,0.0033763011204705384,0,0.8310590844110447,available
ab-test-000446,0,0.004696456453577668,0,0.8310590844110447,available
ab-test-000447,0,0.003127294978232126,0,0.8310590844110447,available
ab-test-000448,0,0.0035024295923852026,0,0.8310590844110447,available
ab-test-000449,0,0.004479350187580871,0,0.8310590844110447,available
ab-test-000450,0,0.0032047880489077035,0,0.8310590844110447,available
ab-test-000451,0,0.004772713707580883,0,0.8310590844110447,available
ab-test-000452,0,0.01081006261790151,0,0.8310590844110447,available
ab-test-000453,0,0.0033227905546716016,0,0.8310590844110447,available
ab-test-000454,0,0.007133078088142091,0,0.8310590844110447,available
ab-test-000455,0,0.0006616012291246797,0,0.8310590844110447,available
ab-test-000456,0,0.0053830018643900735,0,0.8310590844110447,available
ab-test-000457,0,0.0035444319904674062,0,0.8310590844110447,available
ab-test-000458,0,0.006664711977957651,0,0.8310590844110447,available
ab-test-000459,0,0.004862770440284558,0,0.8310590844110447,available
ab-test-000460,0,0.002188382317304218,0,0.8310590844110447,available
ab-test-000461,0,0.0031713611905906662,0,0.8310590844110447,available
ab-test-000462,0,0.026882433677692108,0,0.8310590844110447,available
ab-test-000463,0,0.004817942863213174,0,0.8310590844110447,available
ab-test-000464,0,0.0034891563441756144,0,0.8310590844110447,available
ab-test-000465,0,0.00802696508680512,0,0.8310590844110447,available
ab-test-000466,0,0.00943082519761565,0,0.8310590844110447,available
ab-test-000467,0,0.004181701737648323,0,0.8310590844110447,available
ab-test-000468,0,0.0038482864237875765,0,0.8310590844110447,available
ab-test-000469,0,0.0022975589397393353,0,0.8310590844110447,available
ab-test-000470,0,0.001810045179213178,0,0.8310590844110447,available
ab-test-000471,0,0.009559246858479633,0,0.8310590844110447,available
ab-test-000472,0,0.0011997341358081113,0,0.8310590844110447,available
ab-test-000473,0,0.0021536583506811236,0,0.8310590844110447,available
ab-test-000474,1,0.7552684822979686,0,0.8310590844110447,available
ab-test-000475,0,0.0018761117748752614,0,0.8310590844110447,available
ab-test-000476,0,0.002776892528746653,0,0.8310590844110447,available
ab-test-000477,0,0.022211180929185673,0,0.8310590844110447,available
ab-test-000478,0,0.002319779101675165,0,0.8310590844110447,available
ab-test-000479,0,0.008956236083330748,0,0.8310590844110447,available
ab-test-000480,0,0.004233950951396261,0,0.8310590844110447,available
ab-test-000481,0,0.0038489162523538904,0,0.8310590844110447,available
ab-test-000482,0,0.008694195642961701,0,0.8310590844110447,available
ab-test-000483,0,0.003599056375178713,0,0.8310590844110447,available
ab-test-000484,0,0.0012450315152722385,0,0.8310590844110447,available
ab-test-000485,0,0.02950822205483152,0,0.8310590844110447,available
ab-test-000486,0,0.0018661544758809018,0,0.8310590844110447,available
ab-test-000487,0,0.005627563440570091,0,0.8310590844110447,available
ab-test-000488,0,0.002954504084743818,0,0.8310590844110447,available
ab-test-000489,0,0.1895425306103525,0,0.8310590844110447,available
ab-test-000490,0,0.004765900809998046,0,0.8310590844110447,available
ab-test-000491,0,0.002805713537068109,0,0.8310590844110447,available
ab-test-000492,0,0.0009201930132851356,0,0.8310590844110447,available
ab-test-000493,0,0.0007723788210520532,0,0.8310590844110447,available
ab-test-000494,1,0.9811521983651386,1,0.8310590844110447,available
ab-test-000495,0,0.00162504945190141,0,0.8310590844110447,available
ab-test-000496,0,0.0058645240865498535,0,0.8310590844110447,available
ab-test-000497,0,0.003584704903025161,0,0.8310590844110447,available
ab-test-000498,0,0.001666959331044483,0,0.8310590844110447,available
ab-test-000499,0,0.2969742874799158,0,0.8310590844110447,available
ab-test-000500,0,0.0017933428872488933,0,0.8310590844110447,available
ab-test-000501,0,0.0012449681027292623,0,0.8310590844110447,available
ab-test-000502,1,0.5905078144313373,0,0.8310590844110447,available
ab-test-000503,0,0.015368762697507032,0,0.8310590844110447,available
ab-test-000504,1,0.5036480616204562,0,0.8310590844110447,available
ab-test-000505,0,0.0035236721810276528,0,0.8310590844110447,available
ab-test-000506,0,0.004019990039038717,0,0.8310590844110447,available
ab-test-000507,0,0.002095652942803561,0,0.8310590844110447,available
ab-test-000508,1,0.9767446973655592,1,0.8310590844110447,available
ab-test-000509,0,0.007170746271374063,0,0.8310590844110447,available
ab-test-000510,0,0.02070800609178444,0,0.8310590844110447,available
ab-test-000511,0,0.0010632826497500025,0,0.8310590844110447,available
ab-test-000512,0,0.011910949936226137,0,0.8310590844110447,available
ab-test-000513,0,0.010747003538242136,0,0.8310590844110447,available
ab-test-000514,0,0.0013697673839225069,0,0.8310590844110447,available
ab-test-000515,0,0.010537458471182036,0,0.8310590844110447,available
ab-test-000516,0,0.017387021365163347,0,0.8310590844110447,available
ab-test-000517,0,0.11585983056482133,0,0.8310590844110447,available
ab-test-000518,0,0.007556688573490243,0,0.8310590844110447,available
ab-test-000519,1,0.6224804603772822,0,0.8310590844110447,available
ab-test-000520,0,0.00972110488392142,0,0.8310590844110447,available
ab-test-000521,0,0.002239591007079206,0,0.8310590844110447,available
ab-test-000522,0,0.2761568372485347,0,0.8310590844110447,available
ab-test-000523,1,0.9680526831872,1,0.8310590844110447,available
ab-test-000524,0,0.003941812207680422,0,0.8310590844110447,available
ab-test-000525,0,0.0019609260907546256,0,0.8310590844110447,available
ab-test-000526,0,0.007665905762510296,0,0.8310590844110447,available
ab-test-000527,1,0.9106494839325804,1,0.8310590844110447,available
ab-test-000528,0,0.0022391605975982916,0,0.8310590844110447,available
ab-test-000529,0,0.001771733771337693,0,0.8310590844110447,available
ab-test-000530,0,0.0030201729234614564,0,0.8310590844110447,available
ab-test-000531,0,0.007243401814106853,0,0.8310590844110447,available
ab-test-000532,0,0.01611865724261836,0,0.8310590844110447,available
ab-test-000533,0,0.005702762250143376,0,0.8310590844110447,available
ab-test-000534,0,0.00235799395101391,0,0.8310590844110447,available
ab-test-000535,0,0.003377326691534007,0,0.8310590844110447,available
ab-test-000536,0,0.005022586186581199,0,0.8310590844110447,available
ab-test-000537,0,0.0029977202952423156,0,0.8310590844110447,available
ab-test-000538,0,0.0033208444075230074,0,0.8310590844110447,available
ab-test-000539,0,0.011408581559805252,0,0.8310590844110447,available
ab-test-000540,0,0.0021146262488107356,0,0.8310590844110447,available
ab-test-000541,0,0.3901892896423498,0,0.8310590844110447,available
ab-test-000542,0,0.01292366611316725,0,0.8310590844110447,available
ab-test-000543,0,0.0020133078554166414,0,0.8310590844110447,available
ab-test-000544,1,0.06171332623170248,0,0.8310590844110447,available
ab-test-000545,0,0.002208280967336203,0,0.8310590844110447,available
ab-test-000546,0,0.10728637890492213,0,0.8310590844110447,available
ab-test-000547,1,0.9892420891591832,1,0.8310590844110447,available
ab-test-000548,1,0.9625404550226012,1,0.8310590844110447,available
ab-test-000549,0,0.0012083280210749595,0,0.8310590844110447,available
ab-test-000550,0,0.027833531460339737,0,0.8310590844110447,available
ab-test-000551,0,0.0026341466347681642,0,0.8310590844110447,available
ab-test-000552,0,0.0027024182340134595,0,0.8310590844110447,available
ab-test-000553,0,0.011948526572011378,0,0.8310590844110447,available
ab-test-000554,0,0.004596915350886557,0,0.8310590844110447,available
ab-test-000555,0,0.013590134595643795,0,0.8310590844110447,available
ab-test-000556,0,0.011834183685838105,0,0.8310590844110447,available
ab-test-000557,0,0.0030800634876591067,0,0.8310590844110447,available
ab-test-000558,0,0.0013038799645634109,0,0.8310590844110447,available
ab-test-000559,0,0.0031295140160613115,0,0.8310590844110447,available
ab-test-000560,0,0.0037243859423672864,0,0.8310590844110447,available
ab-test-000561,0,0.005675772010068502,0,0.8310590844110447,available
ab-test-000562,1,0.9468638659434366,1,0.8310590844110447,available
ab-test-000563,0,0.011084341438494868,0,0.8310590844110447,available
ab-test-000564,0,0.004024915336680031,0,0.8310590844110447,available
ab-test-000565,0,0.007897647007649455,0,0.8310590844110447,available
ab-test-000566,0,0.005924359132922141,0,0.8310590844110447,available
ab-test-000567,1,0.9745948694528578,1,0.8310590844110447,available
ab-test-000568,0,0.019233859591458003,0,0.8310590844110447,available
ab-test-000569,0,0.005021664772727527,0,0.8310590844110447,available
ab-test-000570,0,0.0011134745686430555,0,0.8310590844110447,available
ab-test-000571,0,0.00440637764356316,0,0.8310590844110447,available
ab-test-000572,0,0.004077838965661542,0,0.8310590844110447,available
ab-test-000573,0,0.0016574827661278975,0,0.8310590844110447,available
ab-test-000574,0,0.3336495212632983,0,0.8310590844110447,available
ab-test-000575,0,0.0033206259287083223,0,0.8310590844110447,available
ab-test-000576,0,0.0030366362874240825,0,0.8310590844110447,available
ab-test-000577,0,0.0016248406777765833,0,0.8310590844110447,available
ab-test-000578,0,0.0020433418292825083,0,0.8310590844110447,available
ab-test-000579,0,0.00048058485880494555,0,0.8310590844110447,available
ab-test-000580,0,0.002123699588818226,0,0.8310590844110447,available
ab-test-000581,0,0.002854406713587608,0,0.8310590844110447,available
ab-test-000582,0,0.004580060333524684,0,0.8310590844110447,available
ab-test-000583,0,0.006005979893487069,0,0.8310590844110447,available
ab-test-000584,0,0.00909570549658334,0,0.8310590844110447,available
ab-test-000585,0,0.002335982362986211,0,0.8310590844110447,available
ab-test-000586,0,0.002346521362728219,0,0.8310590844110447,available
ab-test-000587,0,0.003501302539978513,0,0.8310590844110447,available
ab-test-000588,0,0.008420961729731877,0,0.8310590844110447,available
ab-test-000589,0,0.001475312710012357,0,0.8310590844110447,available
ab-test-000590,0,0.003887515049273872,0,0.8310590844110447,available
ab-test-000591,0,0.0017327791074745167,0,0.8310590844110447,available
ab-test-000592,0,0.0034832787742330733,0,0.8310590844110447,available
ab-test-000593,0,0.0014228915648841582,0,0.8310590844110447,available
ab-test-000594,0,0.015770144320769553,0,0.8310590844110447,available
ab-test-000595,0,0.01128800301237975,0,0.8310590844110447,available
ab-test-000596,0,0.4638591211989211,0,0.8310590844110447,available
ab-test-000597,1,0.8116747724667429,0,0.8310590844110447,available
ab-test-000598,0,0.002219256935264075,0,0.8310590844110447,available
ab-test-000599,0,0.029444423219097533,0,0.8310590844110447,available
ab-test-000600,0,0.006420449601333641,0,0.8310590844110447,available
ab-test-000601,0,0.0027197628817123235,0,0.8310590844110447,available
ab-test-000602,0,0.002200422484591995,0,0.8310590844110447,available
ab-test-000603,0,0.010186102454883852,0,0.8310590844110447,available
ab-test-000604,0,0.0037749556670980365,0,0.8310590844110447,available
ab-test-000605,0,0.007557676940327032,0,0.8310590844110447,available
ab-test-000606,0,0.0037573110423547262,0,0.8310590844110447,available
ab-test-000607,0,0.008676018874383037,0,0.8310590844110447,available
ab-test-000608,0,0.16588678088671116,0,0.8310590844110447,available
ab-test-000609,0,0.005135400765659697,0,0.8310590844110447,available
ab-test-000610,0,0.00723020122113821,0,0.8310590844110447,available
ab-test-000611,0,0.001120318718905678,0,0.8310590844110447,available
ab-test-000612,0,0.0010866055406024107,0,0.8310590844110447,available
ab-test-000613,1,0.9293067401163689,1,0.8310590844110447,available
ab-test-000614,0,0.008308743137851734,0,0.8310590844110447,available
ab-test-000615,0,0.0034450278037732917,0,0.8310590844110447,available
ab-test-000616,0,0.005842414906875652,0,0.8310590844110447,available
ab-test-000617,0,0.0009790040631315,0,0.8310590844110447,available
ab-test-000618,1,0.8048205675709678,0,0.8310590844110447,available
ab-test-000619,0,0.006968890889374485,0,0.8310590844110447,available
ab-test-000620,0,0.00791423010892553,0,0.8310590844110447,available
ab-test-000621,0,0.007180439859957635,0,0.8310590844110447,available
ab-test-000622,0,0.33095577008111327,0,0.8310590844110447,available
ab-test-000623,0,0.0015848193741796422,0,0.8310590844110447,available
ab-test-000624,1,0.9818026718628142,1,0.8310590844110447,available
ab-test-000625,0,0.0028441805025508147,0,0.8310590844110447,available
ab-test-000626,0,0.008770403785898785,0,0.8310590844110447,available
ab-test-000627,0,0.0009400468546826389,0,0.8310590844110447,available
ab-test-000628,0,0.01665092201890787,0,0.8310590844110447,available
ab-test-000629,0,0.002239591007079206,0,0.8310590844110447,available
ab-test-000630,0,0.015033508540401802,0,0.8310590844110447,available
ab-test-000631,0,0.000664432519427223,0,0.8310590844110447,available
ab-test-000632,1,0.895148863678909,1,0.8310590844110447,available
ab-test-000633,0,0.0031801322864092835,0,0.8310590844110447,available
ab-test-000634,0,0.004580398825553498,0,0.8310590844110447,available
ab-test-000635,0,0.0076730926288175174,0,0.8310590844110447,available
ab-test-000636,0,0.009190895108959861,0,0.8310590844110447,available
ab-test-000637,0,0.03788901464642246,0,0.8310590844110447,available
ab-test-000638,0,0.006358222900361328,0,0.8310590844110447,available
ab-test-000639,0,0.4648030282867969,0,0.8310590844110447,available
ab-test-000640,0,0.0016216590724319653,0,0.8310590844110447,available
ab-test-000641,1,0.8722545597590619,1,0.8310590844110447,available
ab-test-000642,0,0.003949792144530949,0,0.8310590844110447,available
ab-test-000643,0,0.005107131620246197,0,0.8310590844110447,available
ab-test-000644,0,0.002872721368305602,0,0.8310590844110447,available
ab-test-000645,0,0.0011814358344609797,0,0.8310590844110447,available
ab-test-000646,0,0.005123079803142273,0,0.8310590844110447,available
ab-test-000647,1,0.9754384279863474,1,0.8310590844110447,available
ab-test-000648,0,0.0033208444075230074,0,0.8310590844110447,available
ab-test-000649,0,0.003085225124286289,0,0.8310590844110447,available
ab-test-000650,0,0.0038903891817442583,0,0.8310590844110447,available
ab-test-000651,0,0.0019988101692095346,0,0.8310590844110447,available
ab-test-000652,0,0.003498530494210303,0,0.8310590844110447,available
ab-test-000653,0,0.004229302940521165,0,0.8310590844110447,available
ab-test-000654,0,0.002462042340733809,0,0.8310590844110447,available
ab-test-000655,0,0.0031911474069130307,0,0.8310590844110447,available
ab-test-000656,0,0.009383794377060531,0,0.8310590844110447,available
ab-test-000657,0,0.005945402539266437,0,0.8310590844110447,available
ab-test-000658,0,0.009717085220514803,0,0.8310590844110447,available
ab-test-000659,1,0.49340833487375974,0,0.8310590844110447,available
ab-test-000660,0,0.005669776848137629,0,0.8310590844110447,available
ab-test-000661,0,0.003483500318378299,0,0.8310590844110447,available
ab-test-000662,0,0.0023696134864216144,0,0.8310590844110447,available
ab-test-000663,0,0.012501349182798507,0,0.8310590844110447,available
ab-test-000664,0,0.004601029543172701,0,0.8310590844110447,available
ab-test-000665,1,0.00617875824731068,0,0.8310590844110447,available
ab-test-000666,0,0.0031691583165781184,0,0.8310590844110447,available
ab-test-000667,1,0.9753493103952108,1,0.8310590844110447,available
ab-test-000668,0,0.00594970193828274,0,0.8310590844110447,available
ab-test-000669,0,0.0098439218106713,0,0.8310590844110447,available
ab-test-000670,0,0.007966232344107605,0,0.8310590844110447,available
ab-test-000671,0,0.03628834882096989,0,0.8310590844110447,available
ab-test-000672,0,0.015729125347259416,0,0.8310590844110447,available
ab-test-000673,1,0.9696253830584938,1,0.8310590844110447,available
ab-test-000674,0,0.0020871399621410296,0,0.8310590844110447,available
ab-test-000675,0,0.0023887140232543183,0,0.8310590844110447,available
ab-test-000676,0,0.002597095355073692,0,0.8310590844110447,available
ab-test-000677,0,0.005154425889625324,0,0.8310590844110447,available
ab-test-000678,0,0.001301729457883024,0,0.8310590844110447,available
ab-test-000679,1,0.9745997637450824,1,0.8310590844110447,available
ab-test-000680,1,0.939277047683295,1,0.8310590844110447,available
ab-test-000681,0,0.016010439556058298,0,0.8310590844110447,available
ab-test-000682,0,0.004191002917960114,0,0.8310590844110447,available
ab-test-000683,0,0.0032182845527813585,0,0.8310590844110447,available
ab-test-000684,0,0.005381986088214246,0,0.8310590844110447,available
ab-test-000685,0,0.004077145577614203,0,0.8310590844110447,available
ab-test-000686,1,0.9342560919074003,1,0.8310590844110447,available
ab-test-000687,0,0.0040312108328774176,0,0.8310590844110447,available
ab-test-000688,0,0.011248004404185686,0,0.8310590844110447,available
ab-test-000689,0,0.0036354678679736976,0,0.8310590844110447,available
ab-test-000690,0,0.0041509525625966215,0,0.8310590844110447,available
ab-test-000691,0,0.002283486859383488,0,0.8310590844110447,available
ab-test-000692,0,0.0029955991918519955,0,0.8310590844110447,available
ab-test-000693,0,0.003061159287030538,0,0.8310590844110447,available
ab-test-000694,0,0.004030563311637961,0,0.8310590844110447,available
ab-test-000695,0,0.0016781044387292967,0,0.8310590844110447,available
ab-test-000696,0,0.002406426312388106,0,0.8310590844110447,available
ab-test-000697,0,0.0037084097990157374,0,0.8310590844110447,available
ab-test-000698,0,0.008515673616255312,0,0.8310590844110447,available
ab-test-000699,0,0.0024344997371048356,0,0.8310590844110447,available
ab-test-000700,0,0.004377689206454237,0,0.8310590844110447,available
ab-test-000701,0,0.0034336445453600805,0,0.8310590844110447,available
ab-test-000702,0,0.0017126406101969191,0,0.8310590844110447,available
ab-test-000703,0,0.00480068812842937,0,0.8310590844110447,available
ab-test-000704,0,0.0035335132896570313,0,0.8310590844110447,available
ab-test-000705,0,0.009913199692667424,0,0.8310590844110447,available
ab-test-000706,0,0.0025513173862246824,0,0.8310590844110447,available
ab-test-000707,0,0.0034872486925380114,0,0.8310590844110447,available
ab-test-000708,0,0.009468937156163912,0,0.8310590844110447,available
ab-test-000709,0,0.004860274731378045,0,0.8310590844110447,available
ab-test-000710,0,0.018936395864292948,0,0.8310590844110447,available
ab-test-000711,0,0.008445823364277478,0,0.8310590844110447,available
ab-test-000712,0,0.016856343896868076,0,0.8310590844110447,available
ab-test-000713,0,0.0032206052298997295,0,0.8310590844110447,available
ab-test-000714,1,0.8103301206041127,0,0.8310590844110447,available
ab-test-000715,0,0.0015281296587001942,0,0.8310590844110447,available
ab-test-000716,0,0.004398664281286056,0,0.8310590844110447,available
ab-test-000717,0,0.0048425582583980185,0,0.8310590844110447,available
ab-test-000718,0,0.0023937790549843985,0,0.8310590844110447,available
ab-test-000719,0,0.013459997516105422,0,0.8310590844110447,available
ab-test-000720,0,0.013879756169812985,0,0.8310590844110447,available
ab-test-000721,0,0.002775237370242428,0,0.8310590844110447,available
ab-test-000722,1,0.9866260137378834,1,0.8310590844110447,available
ab-test-000723,0,0.014611920873838986,0,0.8310590844110447,available
ab-test-000724,1,0.9285505561575346,1,0.8310590844110447,available
ab-test-000725,1,0.9829160669940096,1,0.8310590844110447,available
ab-test-000726,0,0.0017426981923060582,0,0.8310590844110447,available
ab-test-000727,0,0.005701034706333862,0,0.8310590844110447,available
ab-test-000728,0,0.00380655085278293,0,0.8310590844110447,available
ab-test-000729,0,0.007320089283446115,0,0.8310590844110447,available
ab-test-000730,0,0.002205018879758632,0,0.8310590844110447,available
ab-test-000731,0,0.0034886950302452867,0,0.8310590844110447,available
ab-test-000732,0,0.003823328664617805,0,0.8310590844110447,available
ab-test-000733,0,0.010903045267849855,0,0.8310590844110447,available
ab-test-000734,0,0.014788573971308528,0,0.8310590844110447,available
ab-test-000735,1,0.9536192196192301,1,0.8310590844110447,available
ab-test-000736,0,0.0036856023007510764,0,0.8310590844110447,available
ab-test-000737,0,0.006526139728951186,0,0.8310590844110447,available
ab-test-000738,0,0.02155874224624083,0,0.8310590844110447,available
ab-test-000739,0,0.002344744410222965,0,0.8310590844110447,available
ab-test-000740,0,0.0018901760426291137,0,0.8310590844110447,available
ab-test-000741,0,0.008735976918397522,0,0.8310590844110447,available
ab-test-000742,0,0.0056397408501558865,0,0.8310590844110447,available
ab-test-000743,0,0.007728307816623603,0,0.8310590844110447,available
ab-test-000744,0,0.00295381037946322,0,0.8310590844110447,available
ab-test-000745,1,0.7004727365028114,0,0.8310590844110447,available
ab-test-000746,1,0.07667194820918675,0,0.8310590844110447,available
ab-test-000747,0,0.003662763899925988,0,0.8310590844110447,available
ab-test-000748,0,0.4118233597371596,0,0.8310590844110447,available
ab-test-000749,0,0.0018090222892185993,0,0.8310590844110447,available
ab-test-000750,1,0.907440109275513,1,0.8310590844110447,available
ab-test-000751,0,0.003862008995534464,0,0.8310590844110447,available
ab-test-000752,0,0.0010125607078882086,0,0.8310590844110447,available
ab-test-000753,0,0.0027973431865277753,0,0.8310590844110447,available
ab-test-000754,0,0.007131953925390398,0,0.8310590844110447,available
ab-test-000755,0,0.005825563795834235,0,0.8310590844110447,available
ab-test-000756,0,0.006170142717286499,0,0.8310590844110447,available
ab-test-000757,0,0.00629785794604748,0,0.8310590844110447,available
ab-test-000758,0,0.00603766628797029,0,0.8310590844110447,available
ab-test-000759,0,0.0013686387728491717,0,0.8310590844110447,available
ab-test-000760,0,0.0023651321755348096,0,0.8310590844110447,available
ab-test-000761,0,0.0023041295372533384,0,0.8310590844110447,available
ab-test-000762,0,0.0026543398953720898,0,0.8310590844110447,available
ab-test-000763,0,0.013910430960814535,0,0.8310590844110447,available
ab-test-000764,0,0.0029523400169276263,0,0.8310590844110447,available
ab-test-000765,0,0.003942874086426185,0,0.8310590844110447,available
ab-test-000766,0,0.007814295521408452,0,0.8310590844110447,available
ab-test-000767,0,0.007678860181793982,0,0.8310590844110447,available
ab-test-000768,0,0.0036711337578606137,0,0.8310590844110447,available
ab-test-000769,0,0.006679844669725805,0,0.8310590844110447,available
ab-test-000770,0,0.0025157150381726573,0,0.8310590844110447,available
ab-test-000771,0,0.0026084004318511467,0,0.8310590844110447,available
ab-test-000772,1,0.9818486565307062,1,0.8310590844110447,available
ab-test-000773,0,0.0020195521751560186,0,0.8310590844110447,available
ab-test-000774,0,0.0031711435703602646,0,0.8310590844110447,available
ab-test-000775,0,0.0035505474858604866,0,0.8310590844110447,available
ab-test-000776,0,0.02841862109938943,0,0.8310590844110447,available
ab-test-000777,0,0.0010502543094915691,0,0.8310590844110447,available
ab-test-000778,0,0.011264417524719447,0,0.8310590844110447,available
ab-test-000779,0,0.0068068572682553315,0,0.8310590844110447,available
ab-test-000780,0,0.0014514160614670076,0,0.8310590844110447,available
ab-test-000781,0,0.0026276859109156396,0,0.8310590844110447,available
ab-test-000782,0,0.004452309998432034,0,0.8310590844110447,available
ab-test-000783,0,0.009550763782248632,0,0.8310590844110447,available
ab-test-000784,0,0.0024188393936033863,0,0.8310590844110447,available
ab-test-000785,0,0.002122521009937113,0,0.8310590844110447,available
ab-test-000786,0,0.002791736963204469,0,0.8310590844110447,available
ab-test-000787,0,0.005881182151811624,0,0.8310590844110447,available
ab-test-000788,0,0.003062816520081542,0,0.8310590844110447,available
ab-test-000789,0,0.014322872923401916,0,0.8310590844110447,available
ab-test-000790,0,0.0031911474069130307,0,0.8310590844110447,available
ab-test-000791,0,0.0021544005213268514,0,0.8310590844110447,available
ab-test-000792,0,0.0027928942956330165,0,0.8310590844110447,available
ab-test-000793,0,0.0049505767187578145,0,0.8310590844110447,available
ab-test-000794,1,0.7762382814322006,0,0.8310590844110447,available
ab-test-000795,0,0.00109373893899111,0,0.8310590844110447,available
ab-test-000796,0,0.004126426505807314,0,0.8310590844110447,available
ab-test-000797,0,0.008849889428074423,0,0.8310590844110447,available
ab-test-000798,0,0.006723534747017513,0,0.8310590844110447,available
ab-test-000799,0,0.003090213193048727,0,0.8310590844110447,available
ab-test-000800,0,0.003565345596812859,0,0.8310590844110447,available
ab-test-000801,0,0.003219207962599,0,0.8310590844110447,available
ab-test-000802,0,0.0008824833294690929,0,0.8310590844110447,available
ab-test-000803,0,0.0055686795632882286,0,0.8310590844110447,available
ab-test-000804,0,0.0010936857251782023,0,0.8310590844110447,available
ab-test-000805,1,0.9845444325125612,1,0.8310590844110447,available
ab-test-000806,0,0.003039785605974961,0,0.8310590844110447,available
ab-test-000807,0,0.00215701397617404,0,0.8310590844110447,available
ab-test-000808,0,0.002766160591382947,0,0.8310590844110447,available
ab-test-000809,0,0.05093886561526894,0,0.8310590844110447,available
ab-test-000810,0,0.004892431390632749,0,0.8310590844110447,available
ab-test-000811,0,0.002032320570938363,0,0.8310590844110447,available
ab-test-000812,1,0.7927210900583938,0,0.8310590844110447,available
ab-test-000813,0,0.0033208444075230074,0,0.8310590844110447,available
ab-test-000814,0,0.0034255367205920533,0,0.8310590844110447,available
ab-test-000815,0,0.005684981254606558,0,0.8310590844110447,available
ab-test-000816,0,0.002884446738693021,0,0.8310590844110447,available
ab-test-000817,0,0.04774530310839762,0,0.8310590844110447,available
ab-test-000818,0,0.0022814392862573526,0,0.8310590844110447,available
ab-test-000819,0,0.005259715171847977,0,0.8310590844110447,available
ab-test-000820,0,0.0021606935599568955,0,0.8310590844110447,available
ab-test-000821,0,0.007668741644331779,0,0.8310590844110447,available
ab-test-000822,0,0.002556651595170892,0,0.8310590844110447,available
ab-test-000823,1,0.9824622872207082,1,0.8310590844110447,available
ab-test-000824,0,0.0049258115314068885,0,0.8310590844110447,available
ab-test-000825,0,0.005266718871884204,0,0.8310590844110447,available
ab-test-000826,0,0.004567087802106365,0,0.8310590844110447,available
ab-test-000827,0,0.002143764460418148,0,0.8310590844110447,available
ab-test-000828,1,0.9570296218952887,1,0.8310590844110447,available
ab-test-000829,0,0.002492228256899776,0,0.8310590844110447,available
ab-test-000830,0,0.0018897615915221225,0,0.8310590844110447,available
ab-test-000831,0,0.0021618853963123684,0,0.8310590844110447,available
ab-test-000832,0,0.0047505527922600726,0,0.8310590844110447,available
ab-test-000833,0,0.004688439689289795,0,0.8310590844110447,available
ab-test-000834,1,0.7547055705081995,0,0.8310590844110447,available
ab-test-000835,0,0.10293133593425217,0,0.8310590844110447,available
ab-test-000836,0,0.01500230296084206,0,0.8310590844110447,available
ab-test-000837,0,0.0029898154667118452,0,0.8310590844110447,available
ab-test-000838,0,0.005369640321964221,0,0.8310590844110447,available
ab-test-000839,1,0.4760436134538544,0,0.8310590844110447,available
ab-test-000840,0,0.0024141987172487597,0,0.8310590844110447,available
ab-test-000841,0,0.005065090839193253,0,0.8310590844110447,available
ab-test-000842,0,0.0024736033868036846,0,0.8310590844110447,available
ab-test-000843,0,0.004035621284539475,0,0.8310590844110447,available
ab-test-000844,0,0.004301430806331391,0,0.8310590844110447,available
ab-test-000845,0,0.0018599541551489185,0,0.8310590844110447,available
ab-test-000846,0,0.006317909382077031,0,0.8310590844110447,available
ab-test-000847,0,0.0020745541888430906,0,0.8310590844110447,available
ab-test-000848,0,0.009227962811761005,0,0.8310590844110447,available
ab-test-000849,0,0.004320756703311462,0,0.8310590844110447,available
ab-test-000850,0,0.006699614444932062,0,0.8310590844110447,available
ab-test-000851,0,0.014541356710978337,0,0.8310590844110447,available
ab-test-000852,0,0.0021912736192323977,0,0.8310590844110447,available
ab-test-000853,0,0.004210378036999949,0,0.8310590844110447,available
ab-test-000854,0,0.0024299523368274314,0,0.8310590844110447,available
ab-test-000855,0,0.002897840277684056,0,0.8310590844110447,available
ab-test-000856,0,0.016593549856337285,0,0.8310590844110447,available
ab-test-000857,0,0.011551185033463458,0,0.8310590844110447,available
ab-test-000858,0,0.0078106010110631525,0,0.8310590844110447,available
ab-test-000859,0,0.0021525167724088844,0,0.8310590844110447,available
ab-test-000860,0,0.0031691583165781184,0,0.8310590844110447,available
ab-test-000861,0,0.002070067939193147,0,0.8310590844110447,available
ab-test-000862,0,0.004904613393115293,0,0.8310590844110447,available
ab-test-000863,0,0.0025217875138256974,0,0.8310590844110447,available
ab-test-000864,0,0.01658410976890596,0,0.8310590844110447,available
ab-test-000865,0,0.014892468829185183,0,0.8310590844110447,available
ab-test-000866,1,0.09210628538696831,0,0.8310590844110447,available
ab-test-000867,0,0.0014188652125573127,0,0.8310590844110447,available
ab-test-000868,0,0.003248107060683652,0,0.8310590844110447,available
ab-test-000869,0,0.004702446730711305,0,0.8310590844110447,available
ab-test-000870,0,0.013243992751684653,0,0.8310590844110447,available
ab-test-000871,0,0.002694896594507138,0,0.8310590844110447,available
ab-test-000872,1,0.9826595394308661,1,0.8310590844110447,available
ab-test-000873,0,0.1329352346535111,0,0.8310590844110447,available
ab-test-000874,0,0.001699876682625718,0,0.8310590844110447,available
ab-test-000875,0,0.006552019146445663,0,0.8310590844110447,available
ab-test-000876,0,0.0038564095178775983,0,0.8310590844110447,available
ab-test-000877,0,0.00850060220254421,0,0.8310590844110447,available
ab-test-000878,0,0.07683525162052661,0,0.8310590844110447,available
ab-test-000879,0,0.002772337981810164,0,0.8310590844110447,available
ab-test-000880,0,0.0019200917513125977,0,0.8310590844110447,available
ab-test-000881,0,0.009073396749786414,0,0.8310590844110447,available
ab-test-000882,0,0.013795195289741494,0,0.8310590844110447,available
ab-test-000883,0,0.0012642646083061513,0,0.8310590844110447,available
ab-test-000884,1,0.5349546950164009,0,0.8310590844110447,available
ab-test-000885,0,0.038940644541895525,0,0.8310590844110447,available
ab-test-000886,0,0.0019014598224085025,0,0.8310590844110447,available
ab-test-000887,0,0.002919699196161072,0,0.8310590844110447,available
ab-test-000888,0,0.009021058867867639,0,0.8310590844110447,available
ab-test-000889,0,0.0053292891131891335,0,0.8310590844110447,available
ab-test-000890,0,0.006172891925495938,0,0.8310590844110447,available
ab-test-000891,0,0.0015217599479929562,0,0.8310590844110447,available
ab-test-000892,0,0.004129325463740809,0,0.8310590844110447,available
ab-test-000893,0,0.00637428552376038,0,0.8310590844110447,available
ab-test-000894,0,0.00439965866035543,0,0.8310590844110447,available
ab-test-000895,0,0.005038960755387723,0,0.8310590844110447,available
ab-test-000896,0,0.0009757974575537435,0,0.8310590844110447,available
ab-test-000897,1,0.14957890851678254,0,0.8310590844110447,available
ab-test-000898,1,0.9863265277787799,1,0.8310590844110447,available
ab-test-000899,0,0.0015586474447263003,0,0.8310590844110447,available
ab-test-000900,0,0.003280886570268336,0,0.8310590844110447,available
ab-test-000901,0,0.00328745122559664,0,0.8310590844110447,available
ab-test-000902,0,0.003572202590700824,0,0.8310590844110447,available
ab-test-000903,0,0.0038791324982101064,0,0.8310590844110447,available
ab-test-000904,0,0.001628519379131441,0,0.8310590844110447,available
ab-test-000905,0,0.003683540248565292,0,0.8310590844110447,available
ab-test-000906,0,0.0021933761506575744,0,0.8310590844110447,available
ab-test-000907,0,0.0025805082901771983,0,0.8310590844110447,available
ab-test-000908,1,0.9659993724613988,1,0.8310590844110447,available
ab-test-000909,0,0.0024486135140403794,0,0.8310590844110447,available
ab-test-000910,0,0.0023392517018306913,0,0.8310590844110447,available
ab-test-000911,0,0.019625802549583963,0,0.8310590844110447,available
ab-test-000912,0,0.004822700289885302,0,0.8310590844110447,available
ab-test-000913,0,0.01955546597173583,0,0.8310590844110447,available
ab-test-000914,0,0.2041168687244393,0,0.8310590844110447,available
ab-test-000915,0,0.005267012911987656,0,0.8310590844110447,available
ab-test-000916,0,0.0032290257759889284,0,0.8310590844110447,available
ab-test-000917,0,0.058929990853541184,0,0.8310590844110447,available
ab-test-000918,0,0.0013920532272059703,0,0.8310590844110447,available
ab-test-000919,1,0.8708245115156105,1,0.8310590844110447,available
ab-test-000920,0,0.004730120865254371,0,0.8310590844110447,available
ab-test-000921,0,0.018718236286830704,0,0.8310590844110447,available
ab-test-000922,1,0.9497478677617697,1,0.8310590844110447,available
ab-test-000923,0,0.0012579408248611004,0,0.8310590844110447,available
ab-test-000924,0,0.0010819544116588886,0,0.8310590844110447,available
ab-test-000925,0,0.005980202483771777,0,0.8310590844110447,available
ab-test-000926,0,0.003212838200955493,0,0.8310590844110447,available
ab-test-000927,0,0.003554807715669905,0,0.8310590844110447,available
ab-test-000928,0,0.002674088049382246,0,0.8310590844110447,available
ab-test-000929,0,0.0013262676059686625,0,0.8310590844110447,available
ab-test-000930,0,0.00630465544301593,0,0.8310590844110447,available
ab-test-000931,0,0.0024713531548993138,0,0.8310590844110447,available
ab-test-000932,0,0.00213587441964344,0,0.8310590844110447,available
ab-test-000933,1,0.8171711262091808,0,0.8310590844110447,available
ab-test-000934,1,0.9345355790227933,1,0.8310590844110447,available
ab-test-000935,0,0.0043306993415523866,0,0.8310590844110447,available
ab-test-000936,0,0.003396159923709992,0,0.8310590844110447,available
ab-test-000937,0,0.0032206052298997295,0,0.8310590844110447,available
ab-test-000938,0,0.004730805132930482,0,0.8310590844110447,available
ab-test-000939,0,0.004345002524343689,0,0.8310590844110447,available
ab-test-000940,0,0.004843142697155983,0,0.8310590844110447,available
ab-test-000941,0,0.0038688840947641756,0,0.8310590844110447,available
ab-test-000942,0,0.0031220270555130346,0,0.8310590844110447,available
ab-test-000943,0,0.002292935604329294,0,0.8310590844110447,available
ab-test-000944,0,0.005307152394948124,0,0.8310590844110447,available
ab-test-000945,1,0.4560708579633471,0,0.8310590844110447,available
ab-test-000946,0,0.0013415265489321601,0,0.8310590844110447,available
ab-test-000947,0,0.019695659920823554,0,0.8310590844110447,available
ab-test-000948,0,0.0022980208654647346,0,0.8310590844110447,available
ab-test-000949,0,0.0038684253603092937,0,0.8310590844110447,available
ab-test-000950,0,0.006832402407246702,0,0.8310590844110447,available
ab-test-000951,0,0.02266402258847739,0,0.8310590844110447,available
ab-test-000952,0,0.08005498562809502,0,0.8310590844110447,available
ab-test-000953,0,0.012618118126229209,0,0.8310590844110447,available
ab-test-000954,0,0.01408790712709246,0,0.8310590844110447,available
ab-test-000955,0,0.0019197036876209379,0,0.8310590844110447,available
ab-test-000956,0,0.0062468455793491945,0,0.8310590844110447,available
ab-test-000957,0,0.008151889251191195,0,0.8310590844110447,available
ab-test-000958,0,0.005454895849575723,0,0.8310590844110447,available
ab-test-000959,0,0.0046073414502975415,0,0.8310590844110447,available
ab-test-000960,0,0.007084780287233384,0,0.8310590844110447,available
ab-test-000961,0,0.0160623745060838,0,0.8310590844110447,available
ab-test-000962,0,0.0040127673611586746,0,0.8310590844110447,available
ab-test-000963,0,0.0005496150988588852,0,0.8310590844110447,available
ab-test-000964,0,0.006192055048610166,0,0.8310590844110447,available
ab-test-000965,0,0.4987045590293725,0,0.8310590844110447,available
ab-test-000966,0,0.0036491990769503915,0,0.8310590844110447,available
ab-test-000967,0,0.0018317988941818483,0,0.8310590844110447,available
ab-test-000968,0,0.0030197059773465745,0,0.8310590844110447,available
ab-test-000969,0,0.0018644999281394751,0,0.8310590844110447,available
ab-test-000970,1,0.22157107319100458,0,0.8310590844110447,available
ab-test-000971,0,0.0009270967276062984,0,0.8310590844110447,available
ab-test-000972,0,0.002993813924784765,0,0.8310590844110447,available
ab-test-000973,0,0.004870549279906266,0,0.8310590844110447,available
ab-test-000974,0,0.006940544882909156,0,0.8310590844110447,available
ab-test-000975,0,0.01232204444982345,0,0.8310590844110447,available
ab-test-000976,0,0.017687924863456005,0,0.8310590844110447,available
ab-test-000977,0,0.0031123155383053105,0,0.8310590844110447,available
ab-test-000978,0,0.2715524494319075,0,0.8310590844110447,available
ab-test-000979,0,0.003069665584716719,0,0.8310590844110447,available
ab-test-000980,0,0.0033208444075230074,0,0.8310590844110447,available
ab-test-000981,1,0.8954997422190071,1,0.8310590844110447,available
ab-test-000982,0,0.004562829404585039,0,0.8310590844110447,available
ab-test-000983,0,0.0051282977700476545,0,0.8310590844110447,available
ab-test-000984,0,0.002431688712112078,0,0.8310590844110447,available
ab-test-000985,0,0.005500333339272588,0,0.8310590844110447,available
ab-test-000986,0,0.002291442566292278,0,0.8310590844110447,available
ab-test-000987,0,0.006806709810270549,0,0.8310590844110447,available
ab-test-000988,0,0.0027528255033510913,0,0.8310590844110447,available
ab-test-000989,0,0.00283835443095821,0,0.8310590844110447,available
ab-test-000990,0,0.008191010522850341,0,0.8310590844110447,available
ab-test-000991,0,0.009610245818879141,0,0.8310590844110447,available
ab-test-000992,0,0.005167062650868591,0,0.8310590844110447,available
ab-test-000993,0,0.00602754589513246,0,0.8310590844110447,available
ab-test-000994,0,0.0057792359854443665,0,0.8310590844110447,available
ab-test-000995,0,0.0077457246561677875,0,0.8310590844110447,available
ab-test-000996,0,0.008183531416232737,0,0.8310590844110447,available
ab-test-000997,0,0.003912423327171804,0,0.8310590844110447,available
ab-test-000998,0,0.03484447784746694,0,0.8310590844110447,available
ab-test-000999,0,0.0010866055406024107,0,0.8310590844110447,available
ab-test-001000,0,0.0012787148371820667,0,0.8310590844110447,available
ab-test-001001,0,0.01301452811645841,0,0.8310590844110447,available
ab-test-001002,0,0.0027067680417701945,0,0.8310590844110447,available
ab-test-001003,0,0.002372847082936491,0,0.8310590844110447,available
ab-test-001004,1,0.972795792674454,1,0.8310590844110447,available
ab-test-001005,0,0.0031373183783873345,0,0.8310590844110447,available
ab-test-001006,0,0.0023696134864216144,0,0.8310590844110447,available
ab-test-001007,0,0.003651806100778504,0,0.8310590844110447,available
ab-test-001008,0,0.00775636629103307,0,0.8310590844110447,available
ab-test-001009,0,0.00586326054319756,0,0.8310590844110447,available
ab-test-001010,0,0.0011163997297626478,0,0.8310590844110447,available
ab-test-001011,0,0.013317819982243965,0,0.8310590844110447,available
ab-test-001012,0,0.0032003951774232627,0,0.8310590844110447,available
ab-test-001013,0,0.004210026619049872,0,0.8310590844110447,available
ab-test-001014,0,0.00339815903108736,0,0.8310590844110447,available
ab-test-001015,0,0.02413338686664316,0,0.8310590844110447,available
ab-test-001016,0,0.005615970905840761,0,0.8310590844110447,available
ab-test-001017,0,0.0022568815019581097,0,0.8310590844110447,available
ab-test-001018,0,0.0026362281353609434,0,0.8310590844110447,available
ab-test-001019,0,0.008287612178451757,0,0.8310590844110447,available
ab-test-001020,0,0.002275341432457542,0,0.8310590844110447,available
ab-test-001021,0,0.0021740976960111604,0,0.8310590844110447,available
ab-test-001022,1,0.9820578873380188,1,0.8310590844110447,available
ab-test-001023,0,0.002219735080024131,0,0.8310590844110447,available
ab-test-001024,0,0.004142840082328804,0,0.8310590844110447,available
ab-test-001025,0,0.004430888384271663,0,0.8310590844110447,available
ab-test-001026,0,0.009184545121722735,0,0.8310590844110447,available
ab-test-001027,0,0.012008568547664555,0,0.8310590844110447,available
ab-test-001028,0,0.0019499177081843714,0,0.8310590844110447,available
ab-test-001029,0,0.0061410296710662,0,0.8310590844110447,available
ab-test-001030,0,0.0013758943467920622,0,0.8310590844110447,available
ab-test-001031,1,0.9807925042682091,1,0.8310590844110447,available
ab-test-001032,0,0.0226778148864224,0,0.8310590844110447,available
ab-test-001033,0,0.006769216520505391,0,0.8310590844110447,available
ab-test-001034,0,0.0006944059768802943,0,0.8310590844110447,available
ab-test-001035,0,0.07067103206487323,0,0.8310590844110447,available
ab-test-001036,1,0.9605566000256898,1,0.8310590844110447,available
ab-test-001037,0,0.2005129454627207,0,0.8310590844110447,available
ab-test-001038,0,0.0032206052298997295,0,0.8310590844110447,available
ab-test-001039,0,0.002484481655667388,0,0.8310590844110447,available
ab-test-001040,0,0.010262802559352604,0,0.8310590844110447,available
ab-test-001041,0,0.004035868067407132,0,0.8310590844110447,available
ab-test-001042,0,0.0063470428434160035,0,0.8310590844110447,available
ab-test-001043,0,0.00480068812842937,0,0.8310590844110447,available
ab-test-001044,0,0.009678829913224603,0,0.8310590844110447,available
ab-test-001045,0,0.0027973431865277753,0,0.8310590844110447,available
ab-test-001046,0,0.003705076504490743,0,0.8310590844110447,available
ab-test-001047,0,0.0028400529987827145,0,0.8310590844110447,available
ab-test-001048,0,0.011748560368388358,0,0.8310590844110447,available
ab-test-001049,0,0.0013032795651012844,0,0.8310590844110447,available
ab-test-001050,0,0.018434590510827697,0,0.8310590844110447,available
ab-test-001051,0,0.014029869446848751,0,0.8310590844110447,available
ab-test-001052,0,0.00664391716150868,0,0.8310590844110447,available
ab-test-001053,0,0.010203997902948254,0,0.8310590844110447,available
ab-test-001054,0,0.001961739335172133,0,0.8310590844110447,available
ab-test-001055,0,0.0019762840088155048,0,0.8310590844110447,available
ab-test-001056,0,0.012070737234174315,0,0.8310590844110447,available
ab-test-001057,0,0.0014695089633245744,0,0.8310590844110447,available
ab-test-001058,0,0.0042584555960147805,0,0.8310590844110447,available
ab-test-001059,0,0.0018145794438340348,0,0.8310590844110447,available
ab-test-001060,0,0.00953168308208388,0,0.8310590844110447,available
ab-test-001061,0,0.007934491273742681,0,0.8310590844110447,available
ab-test-001062,0,0.0024401390662308637,0,0.8310590844110447,available
ab-test-001063,0,0.0032206052298997295,0,0.8310590844110447,available
ab-test-001064,0,0.0036252793582773296,0,0.8310590844110447,available
ab-test-001065,0,0.0008910416467212423,0,0.8310590844110447,available
ab-test-001066,0,0.001897048090864985,0,0.8310590844110447,available
ab-test-001067,0,0.049778111519705646,0,0.8310590844110447,available
ab-test-001068,0,0.026882433677692108,0,0.8310590844110447,available
ab-test-001069,0,0.0033357495584452,0,0.8310590844110447,available
ab-test-001070,0,0.004280635736914934,0,0.8310590844110447,available
ab-test-001071,0,0.003430790958048927,0,0.8310590844110447,available
ab-test-001072,0,0.09456639357014877,0,0.8310590844110447,available
ab-test-001073,0,0.0036672120177817626,0,0.8310590844110447,available
ab-test-001074,0,0.004325063113292675,0,0.8310590844110447,available
ab-test-001075,0,0.0038308931298059795,0,0.8310590844110447,available
ab-test-001076,0,0.0036561395987872733,0,0.8310590844110447,available
ab-test-001077,0,0.03383170331038133,0,0.8310590844110447,available
ab-test-001078,0,0.00446601682375953,0,0.8310590844110447,available
ab-test-001079,0,0.008865583130031213,0,0.8310590844110447,available
ab-test-001080,0,0.020606378239989037,0,0.8310590844110447,available
ab-test-001081,1,0.8081448671667069,0,0.8310590844110447,available
ab-test-001082,0,0.0009977256283363342,0,0.8310590844110447,available
ab-test-001083,0,0.001946293863692677,0,0.8310590844110447,available
ab-test-001084,0,0.0035375744449828144,0,0.8310590844110447,available
ab-test-001085,0,0.003942874086426185,0,0.8310590844110447,available
ab-test-001086,0,0.005986744835186349,0,0.8310590844110447,available
ab-test-001087,0,0.004921975062735892,0,0.8310590844110447,available
ab-test-001088,0,0.0034908362176450207,0,0.8310590844110447,available
ab-test-001089,0,0.0019662641295887084,0,0.8310590844110447,available
ab-test-001090,0,0.01937348247322693,0,0.8310590844110447,available
ab-test-001091,0,0.005372386753133434,0,0.8310590844110447,available
ab-test-001092,0,0.006957028386856238,0,0.8310590844110447,available
ab-test-001093,0,0.0015776124352387853,0,0.8310590844110447,available
ab-test-001094,0,0.005987010578065886,0,0.8310590844110447,available
ab-test-001095,0,0.004030324523512975,0,0.8310590844110447,available
ab-test-001096,0,0.0046045264032719725,0,0.8310590844110447,available
ab-test-001097,0,0.001840556296699177,0,0.8310590844110447,available
ab-test-001098,0,0.0009149661721078306,0,0.8310590844110447,available
ab-test-001099,0,0.002854189949586633,0,0.8310590844110447,available
ab-test-001100,1,0.9313628185729471,1,0.8310590844110447,available
ab-test-001101,0,0.0043214732709507585,0,0.8310590844110447,available
ab-test-001102,0,0.005085640052697712,0,0.8310590844110447,available
ab-test-001103,1,0.9750271577399551,1,0.8310590844110447,available
ab-test-001104,1,0.6264836281884899,0,0.8310590844110447,available
ab-test-001105,0,0.0025132627134886137,0,0.8310590844110447,available
ab-test-001106,0,0.0031353137835901787,0,0.8310590844110447,available
ab-test-001107,1,0.9335741651041624,1,0.8310590844110447,available
ab-test-001108,0,0.016467939093284836,0,0.8310590844110447,available
ab-test-001109,0,0.009641064268015285,0,0.8310590844110447,available
ab-test-001110,0,0.0047989155044341385,0,0.8310590844110447,available
ab-test-001111,0,0.010009098265414474,0,0.8310590844110447,available
ab-test-001112,0,0.007243965037715197,0,0.8310590844110447,available
ab-test-001113,0,0.003964637612875783,0,0.8310590844110447,available
ab-test-001114,0,0.003467341825937272,0,0.8310590844110447,available
ab-test-001115,0,0.002707425427962675,0,0.8310590844110447,available
ab-test-001116,0,0.0023576878593223284,0,0.8310590844110447,available
ab-test-001117,1,0.7493934270628352,0,0.8310590844110447,available
ab-test-001118,0,0.0024073389966811983,0,0.8310590844110447,available
ab-test-001119,0,0.1382838548057827,0,0.8310590844110447,available
ab-test-001120,0,0.013023745253816213,0,0.8310590844110447,available
ab-test-001121,0,0.013426431603428522,0,0.8310590844110447,available
ab-test-001122,1,0.9386843216284477,1,0.8310590844110447,available
ab-test-001123,0,0.006089238468395234,0,0.8310590844110447,available
ab-test-001124,0,0.0023044479358854206,0,0.8310590844110447,available
ab-test-001125,0,0.005561278840731616,0,0.8310590844110447,available
ab-test-001126,0,0.003596514234041198,0,0.8310590844110447,available
ab-test-001127,0,0.0016881671869868342,0,0.8310590844110447,available
ab-test-001128,0,0.0012760004352709087,0,0.8310590844110447,available
ab-test-001129,0,0.0026703468652052842,0,0.8310590844110447,available
ab-test-001130,0,0.005998898805754166,0,0.8310590844110447,available
ab-test-001131,1,0.9819522855795829,1,0.8310590844110447,available
ab-test-001132,0,0.0067630826153716106,0,0.8310590844110447,available
ab-test-001133,0,0.0027434237832000066,0,0.8310590844110447,available
ab-test-001134,0,0.007503317904691733,0,0.8310590844110447,available
ab-test-001135,0,0.007124491802683001,0,0.8310590844110447,available
ab-test-001136,0,0.010104496978084177,0,0.8310590844110447,available
ab-test-001137,0,0.008758450923353037,0,0.8310590844110447,available
ab-test-001138,0,0.0035312770819305476,0,0.8310590844110447,available
ab-test-001139,0,0.004891673776179071,0,0.8310590844110447,available
ab-test-001140,0,0.01807147246903765,0,0.8310590844110447,available
ab-test-001141,0,0.002186078260065022,0,0.8310590844110447,available
ab-test-001142,0,0.010438528928672386,0,0.8310590844110447,available
ab-test-001143,1,0.9324783205757102,1,0.8310590844110447,available
ab-test-001144,0,0.0010713711390793056,0,0.8310590844110447,available
ab-test-001145,0,0.0044395518358712124,0,0.8310590844110447,available
ab-test-001146,0,0.00749120789227109,0,0.8310590844110447,available
ab-test-001147,0,0.0035897205321344717,0,0.8310590844110447,available
ab-test-001148,1,0.9299421003922307,1,0.8310590844110447,available
ab-test-001149,0,0.003618586656379436,0,0.8310590844110447,available
ab-test-001150,0,0.00506944450567415,0,0.8310590844110447,available
ab-test-001151,0,0.0019428659592978315,0,0.8310590844110447,available
ab-test-001152,0,0.014440813041096052,0,0.8310590844110447,available
ab-test-001153,0,0.007862513417895125,0,0.8310590844110447,available
ab-test-001154,0,0.024599221991214417,0,0.8310590844110447,available
ab-test-001155,0,0.0027915864261308892,0,0.8310590844110447,available
ab-test-001156,1,0.9500596383064149,1,0.8310590844110447,available
ab-test-001157,0,0.01607723918356982,0,0.8310590844110447,available
ab-test-001158,0,0.002742098422578134,0,0.8310590844110447,available
ab-test-001159,0,0.014877508227993318,0,0.8310590844110447,available
ab-test-001160,0,0.004118641654022179,0,0.8310590844110447,available
ab-test-001161,0,0.013987256803805869,0,0.8310590844110447,available
ab-test-001162,0,0.00297016922543234,0,0.8310590844110447,available
ab-test-001163,0,0.01121622711910218,0,0.8310590844110447,available
ab-test-001164,0,0.005971276615951972,0,0.8310590844110447,available
ab-test-001165,0,0.01121047440662887,0,0.8310590844110447,available
ab-test-001166,0,0.0051528062501952415,0,0.8310590844110447,available
ab-test-001167,0,0.003788174010176138,0,0.8310590844110447,available
ab-test-001168,0,0.0015104417045916619,0,0.8310590844110447,available
ab-test-001169,0,0.01031149589738275,0,0.8310590844110447,available
ab-test-001170,0,0.3722785121957771,0,0.8310590844110447,available
ab-test-001171,1,0.8003828192805953,0,0.8310590844110447,available
ab-test-001172,1,0.634298448912534,0,0.8310590844110447,available
ab-test-001173,0,0.013990427654168802,0,0.8310590844110447,available
ab-test-001174,1,0.9855631733061065,1,0.8310590844110447,available
ab-test-001175,0,0.004596915350886557,0,0.8310590844110447,available
ab-test-001176,0,0.0027973431865277753,0,0.8310590844110447,available
ab-test-001177,0,0.0023001298085342636,0,0.8310590844110447,available
ab-test-001178,0,0.005067798053620895,0,0.8310590844110447,available
ab-test-001179,0,0.005375068106072264,0,0.8310590844110447,available
ab-test-001180,0,0.0032932934441740535,0,0.8310590844110447,available
ab-test-001181,0,0.002004673931435466,0,0.8310590844110447,available
ab-test-001182,0,0.013990806479552035,0,0.8310590844110447,available
ab-test-001183,0,0.003085225124286289,0,0.8310590844110447,available
ab-test-001184,0,0.003149675891009482,0,0.8310590844110447,available
ab-test-001185,0,0.004549401385875436,0,0.8310590844110447,available
ab-test-001186,0,0.007141804343175758,0,0.8310590844110447,available
ab-test-001187,0,0.005420847743898665,0,0.8310590844110447,available
ab-test-001188,0,0.002245245699477073,0,0.8310590844110447,available
ab-test-001189,0,0.0038892012572613937,0,0.8310590844110447,available
ab-test-001190,0,0.005178128727990446,0,0.8310590844110447,available
ab-test-001191,0,0.0016968368543699179,0,0.8310590844110447,available
ab-test-001192,0,0.000863504558543703,0,0.8310590844110447,available
ab-test-001193,0,0.0009568658961724964,0,0.8310590844110447,available
ab-test-001194,0,0.0018814280029064853,0,0.8310590844110447,available
ab-test-001195,0,0.0022021904851272753,0,0.8310590844110447,available
ab-test-001196,0,0.0061591176799258495,0,0.8310590844110447,available
ab-test-001197,0,0.004853916236644216,0,0.8310590844110447,available
ab-test-001198,0,0.004498670445045654,0,0.8310590844110447,available
ab-test-001199,0,0.006607072184661232,0,0.8310590844110447,available
ab-test-001200,0,0.00212562517252866,0,0.8310590844110447,available
ab-test-001201,1,0.928142045057502,1,0.8310590844110447,available
ab-test-001202,0,0.003512012050348818,0,0.8310590844110447,available
ab-test-001203,0,0.0020322584516053476,0,0.8310590844110447,available
ab-test-001204,0,0.004175268977648765,0,0.8310590844110447,available
ab-test-001205,0,0.0036118352692553948,0,0.8310590844110447,available
ab-test-001206,0,0.003728268775674753,0,0.8310590844110447,available
ab-test-001207,1,0.9854479886199462,1,0.8310590844110447,available
ab-test-001208,0,0.004561787443710288,0,0.8310590844110447,available
ab-test-001209,1,0.9076179042355651,1,0.8310590844110447,available
ab-test-001210,0,0.003696041841498205,0,0.8310590844110447,available
ab-test-001211,0,0.0016654420866889653,0,0.8310590844110447,available
ab-test-001212,0,0.003634744231571236,0,0.8310590844110447,available
ab-test-001213,0,0.02224970257716931,0,0.8310590844110447,available
ab-test-001214,0,0.0017003361288319386,0,0.8310590844110447,available
ab-test-001215,0,0.0017652676803750597,0,0.8310590844110447,available
ab-test-001216,0,0.001981611278317741,0,0.8310590844110447,available
ab-test-001217,0,0.0024958520940854337,0,0.8310590844110447,available
ab-test-001218,0,0.26708316201373733,0,0.8310590844110447,available
ab-test-001219,0,0.29372654388848246,0,0.8310590844110447,available
ab-test-001220,0,0.01031149589738275,0,0.8310590844110447,available
ab-test-001221,0,0.015746915869300496,0,0.8310590844110447,available
ab-test-001222,0,0.016247185065709616,0,0.8310590844110447,available
ab-test-001223,0,0.0020995700204907526,0,0.8310590844110447,available
ab-test-001224,0,0.013244121044315861,0,0.8310590844110447,available
ab-test-001225,0,0.027407134160112385,0,0.8310590844110447,available
ab-test-001226,0,0.0019178057798292564,0,0.8310590844110447,available
ab-test-001227,0,0.002182207869383717,0,0.8310590844110447,available
ab-test-001228,1,0.9390473216078422,1,0.8310590844110447,available
ab-test-001229,0,0.003247893880204417,0,0.8310590844110447,available
ab-test-001230,0,0.0031022228858840167,0,0.8310590844110447,available
ab-test-001231,0,0.002833553476476465,0,0.8310590844110447,available
ab-test-001232,0,0.002613505641477892,0,0.8310590844110447,available
ab-test-001233,0,0.009937452689893767,0,0.8310590844110447,available
ab-test-001234,0,0.00869865227683492,0,0.8310590844110447,available
ab-test-001235,0,0.004835188599001528,0,0.8310590844110447,available
ab-test-001236,0,0.00783239683673866,0,0.8310590844110447,available
ab-test-001237,0,0.0016619527268458283,0,0.8310590844110447,available
ab-test-001238,0,0.0017077709678438083,0,0.8310590844110447,available
ab-test-001239,0,0.0033208444075230074,0,0.8310590844110447,available
ab-test-001240,0,0.012175243127695256,0,0.8310590844110447,available
ab-test-001241,0,0.008435685698395284,0,0.8310590844110447,available
ab-test-001242,0,0.0012372362883746946,0,0.8310590844110447,available
ab-test-001243,0,0.021028505691121444,0,0.8310590844110447,available
ab-test-001244,0,0.002204938088973505,0,0.8310590844110447,available
ab-test-001245,0,0.016000134899533097,0,0.8310590844110447,available
ab-test-001246,0,0.010699637166078137,0,0.8310590844110447,available
ab-test-001247,0,0.009227962811761005,0,0.8310590844110447,available
ab-test-001248,0,0.007037258030991392,0,0.8310590844110447,available
ab-test-001249,1,0.2886358951066314,0,0.8310590844110447,available
ab-test-001250,0,0.012735144072759694,0,0.8310590844110447,available
ab-test-001251,0,0.0032609731688132116,0,0.8310590844110447,available
ab-test-001252,0,0.007156039184208369,0,0.8310590844110447,available
ab-test-001253,0,0.004976967852956172,0,0.8310590844110447,available
ab-test-001254,0,0.0037181683871574537,0,0.8310590844110447,available
ab-test-001255,0,0.010756581364678015,0,0.8310590844110447,available
ab-test-001256,0,0.0033208444075230074,0,0.8310590844110447,available
ab-test-001257,0,0.0065934631603126815,0,0.8310590844110447,available
ab-test-001258,0,0.0018768083027745903,0,0.8310590844110447,available
ab-test-001259,0,0.0009621218100216922,0,0.8310590844110447,available
ab-test-001260,0,0.002862051314752758,0,0.8310590844110447,available
ab-test-001261,1,0.9457347120009135,1,0.8310590844110447,available
ab-test-001262,0,0.00668760439927871,0,0.8310590844110447,available
ab-test-001263,0,0.013224078757305576,0,0.8310590844110447,available
ab-test-001264,0,0.010769242966256191,0,0.8310590844110447,available
ab-test-001265,0,0.0038437618364511954,0,0.8310590844110447,available
ab-test-001266,0,0.011033096471748582,0,0.8310590844110447,available
ab-test-001267,1,0.97904248388243,1,0.8310590844110447,available
ab-test-001268,0,0.0009606156045805935,0,0.8310590844110447,available
ab-test-001269,0,0.013876464169133016,0,0.8310590844110447,available
ab-test-001270,1,0.8923118314406313,1,0.8310590844110447,available
ab-test-001271,0,0.002387159896982489,0,0.8310590844110447,available
ab-test-001272,1,0.987142766713715,1,0.8310590844110447,available
ab-test-001273,0,0.0010151009248313082,0,0.8310590844110447,available
ab-test-001274,0,0.008573447496110316,0,0.8310590844110447,available
ab-test-001275,0,0.0019784360641894334,0,0.8310590844110447,available
ab-test-001276,0,0.0044980517182904994,0,0.8310590844110447,available
ab-test-001277,0,0.0015869797892750159,0,0.8310590844110447,available
ab-test-001278,0,0.0025055407488860123,0,0.8310590844110447,available
ab-test-001279,0,0.002789382742373714,0,0.8310590844110447,available
ab-test-001280,0,0.0011580936592242412,0,0.8310590844110447,available
ab-test-001281,0,0.008564682701185437,0,0.8310590844110447,available
ab-test-001282,0,0.001027692424135646,0,0.8310590844110447,available
ab-test-001283,0,0.0013920532272059703,0,0.8310590844110447,available
ab-test-001284,0,0.009755572916137132,0,0.8310590844110447,available
ab-test-001285,0,0.003348979545149306,0,0.8310590844110447,available
ab-test-001286,0,0.003219207962599,0,0.8310590844110447,available
ab-test-001287,0,0.0029811357332740333,0,0.8310590844110447,available
ab-test-001288,0,0.043257489898298404,0,0.8310590844110447,available
ab-test-001289,1,0.8675279537929298,1,0.8310590844110447,available
ab-test-001290,0,0.0030976764076267615,0,0.8310590844110447,available
ab-test-001291,0,0.0021649489225050744,0,0.8310590844110447,available
ab-test-001292,0,0.0032263614499828206,0,0.8310590844110447,available
ab-test-001293,1,0.9550568024357292,1,0.8310590844110447,available
ab-test-001294,0,0.021152340095000825,0,0.8310590844110447,available
ab-test-001295,0,0.0039456574949548896,0,0.8310590844110447,available
ab-test-001296,0,0.007663340249582512,0,0.8310590844110447,available
ab-test-001297,0,0.0017373515703476329,0,0.8310590844110447,available
ab-test-001298,0,0.0007898994399856123,0,0.8310590844110447,available
ab-test-001299,0,0.008904870485610571,0,0.8310590844110447,available
ab-test-001300,0,0.0023887140232543183,0,0.8310590844110447,available
ab-test-001301,0,0.009682003872092644,0,0.8310590844110447,available
ab-test-001302,0,0.005350051119908616,0,0.8310590844110447,available
ab-test-001303,0,0.003945656594929834,0,0.8310590844110447,available
ab-test-001304,0,0.0027062502004714865,0,0.8310590844110447,available
ab-test-001305,0,0.004631011088363346,0,0.8310590844110447,available
ab-test-001306,0,0.001285814488489795,0,0.8310590844110447,available
ab-test-001307,0,0.0018449069893761963,0,0.8310590844110447,available
ab-test-001308,0,0.003113770821418309,0,0.8310590844110447,available
ab-test-001309,0,0.008160561196199834,0,0.8310590844110447,available
ab-test-001310,0,0.005839081782457726,0,0.8310590844110447,available
ab-test-001311,0,0.0026683461851435618,0,0.8310590844110447,available
ab-test-001312,0,0.0036812410208648953,0,0.8310590844110447,available
ab-test-001313,0,0.03437780882864816,0,0.8310590844110447,available
ab-test-001314,0,0.010961695096976186,0,0.8310590844110447,available
ab-test-001315,0,0.44531476997188313,0,0.8310590844110447,available
ab-test-001316,0,0.006014491170699191,0,0.8310590844110447,available
ab-test-001317,0,0.02131451360524502,0,0.8310590844110447,available
ab-test-001318,0,0.005391707663405982,0,0.8310590844110447,available
ab-test-001319,0,0.0022218780498943886,0,0.8310590844110447,available
ab-test-001320,1,0.9689215096684044,1,0.8310590844110447,available
ab-test-001321,0,0.0016826089090490879,0,0.8310590844110447,available
ab-test-001322,0,0.003508542892886478,0,0.8310590844110447,available
ab-test-001323,0,0.01668071447849046,0,0.8310590844110447,available
ab-test-001324,1,0.5382775364636387,0,0.8310590844110447,available
ab-test-001325,0,0.005785933864764504,0,0.8310590844110447,available
ab-test-001326,0,0.002949732354316842,0,0.8310590844110447,available
ab-test-001327,0,0.005233282957599464,0,0.8310590844110447,available
ab-test-001328,0,0.0027071594062345826,0,0.8310590844110447,available
ab-test-001329,0,0.004346677865403955,0,0.8310590844110447,available
ab-test-001330,0,0.0027928942956330165,0,0.8310590844110447,available
ab-test-001331,0,0.02109242190033162,0,0.8310590844110447,available
ab-test-001332,1,0.4618485290273913,0,0.8310590844110447,available
ab-test-001333,0,0.004609690317392092,0,0.8310590844110447,available
ab-test-001334,0,0.004567087802106365,0,0.8310590844110447,available
ab-test-001335,0,0.508404870374981,0,0.8310590844110447,available
ab-test-001336,0,0.015209710830715293,0,0.8310590844110447,available
ab-test-001337,0,0.034327586753016975,0,0.8310590844110447,available
ab-test-001338,0,0.003029246774731515,0,0.8310590844110447,available
ab-test-001339,0,0.0037084097990157374,0,0.8310590844110447,available
ab-test-001340,0,0.0031353137835901787,0,0.8310590844110447,available
ab-test-001341,1,0.971279333156773,1,0.8310590844110447,available
ab-test-001342,0,0.0027621745845455934,0,0.8310590844110447,available
ab-test-001343,0,0.005550169436095125,0,0.8310590844110447,available
ab-test-001344,0,0.0030730240464434417,0,0.8310590844110447,available
ab-test-001345,0,0.0031299853585635144,0,0.8310590844110447,available
ab-test-001346,0,0.006731697582209327,0,0.8310590844110447,available
ab-test-001347,0,0.0021156943427844245,0,0.8310590844110447,available
ab-test-001348,0,0.003158030049463582,0,0.8310590844110447,available
ab-test-001349,0,0.008857288301053869,0,0.8310590844110447,available
ab-test-001350,0,0.0023568988443058076,0,0.8310590844110447,available
ab-test-001351,0,0.0012485157415895566,0,0.8310590844110447,available
ab-test-001352,0,0.010893438409100654,0,0.8310590844110447,available
ab-test-001353,0,0.2089035516016194,0,0.8310590844110447,available
ab-test-001354,0,0.0010096664285482366,0,0.8310590844110447,available
ab-test-001355,0,0.0023068507732705054,0,0.8310590844110447,available
ab-test-001356,0,0.0031818496633331116,0,0.8310590844110447,available
ab-test-001357,0,0.012082769492411398,0,0.8310590844110447,available
ab-test-001358,0,0.004076726845361863,0,0.8310590844110447,available
ab-test-001359,0,0.0027232303856273314,0,0.8310590844110447,available
ab-test-001360,0,0.0022579017725238475,0,0.8310590844110447,available
ab-test-001361,0,0.0011483009331068987,0,0.8310590844110447,available
ab-test-001362,0,0.008480945881696116,0,0.8310590844110447,available
ab-test-001363,0,0.007416791370718112,0,0.8310590844110447,available
ab-test-001364,0,0.0023581234114774105,0,0.8310590844110447,available
ab-test-001365,0,0.012626329415055447,0,0.8310590844110447,available
ab-test-001366,0,0.009453088336586705,0,0.8310590844110447,available
ab-test-001367,0,0.0045050941600448344,0,0.8310590844110447,available
ab-test-001368,0,0.0013636949254866712,0,0.8310590844110447,available
ab-test-001369,0,0.009290852297265582,0,0.8310590844110447,available
ab-test-001370,0,0.010573009213285961,0,0.8310590844110447,available
ab-test-001371,0,0.0008065090123251642,0,0.8310590844110447,available
ab-test-001372,0,0.0030309317257002557,0,0.8310590844110447,available
ab-test-001373,0,0.005187627194456528,0,0.8310590844110447,available
ab-test-001374,0,0.004010166318192295,0,0.8310590844110447,available
ab-test-001375,0,0.0026320148132498635,0,0.8310590844110447,available
ab-test-001376,0,0.1562282027157461,0,0.8310590844110447,available
ab-test-001377,0,0.002824312591627151,0,0.8310590844110447,available
ab-test-001378,0,0.00626664743057507,0,0.8310590844110447,available
ab-test-001379,0,0.0017075691275627233,0,0.8310590844110447,available
ab-test-001380,0,0.004053734269932813,0,0.8310590844110447,available
ab-test-001381,0,0.0018012523492002672,0,0.8310590844110447,available
ab-test-001382,0,0.001823761466861869,0,0.8310590844110447,available
ab-test-001383,0,0.01017792573725057,0,0.8310590844110447,available
ab-test-001384,0,0.0071898050656446656,0,0.8310590844110447,available
ab-test-001385,0,0.0032206052298997295,0,0.8310590844110447,available
ab-test-001386,0,0.003941519277225725,0,0.8310590844110447,available
ab-test-001387,0,0.02319033464204729,0,0.8310590844110447,available
ab-test-001388,0,0.0032884420578773704,0,0.8310590844110447,available
ab-test-001389,0,0.0037644594747496267,0,0.8310590844110447,available
ab-test-001390,0,0.003928158139033898,0,0.8310590844110447,available
ab-test-001391,0,0.004230741591796301,0,0.8310590844110447,available
ab-test-001392,0,0.052828778054145833,0,0.8310590844110447,available
ab-test-001393,0,0.0022780734910681165,0,0.8310590844110447,available
ab-test-001394,1,0.9782886909740168,1,0.8310590844110447,available
ab-test-001395,0,0.0024832129960514274,0,0.8310590844110447,available
ab-test-001396,0,0.0011692884112383059,0,0.8310590844110447,available
ab-test-001397,0,0.005800942758603839,0,0.8310590844110447,available
ab-test-001398,0,0.005809014994256742,0,0.8310590844110447,available
ab-test-001399,0,0.0038576840382168126,0,0.8310590844110447,available
ab-test-001400,0,0.018463494918360118,0,0.8310590844110447,available
ab-test-001401,1,0.9584619105762114,1,0.8310590844110447,available
ab-test-001402,0,0.0018010955926935474,0,0.8310590844110447,available
ab-test-001403,0,0.0030064618836880062,0,0.8310590844110447,available
ab-test-001404,0,0.002503750529258701,0,0.8310590844110447,available
ab-test-001405,0,0.001119845682214325,0,0.8310590844110447,available
ab-test-001406,0,0.5553536426681299,0,0.8310590844110447,available
ab-test-001407,0,0.004161312762234695,0,0.8310590844110447,available
ab-test-001408,0,0.0031218572477946225,0,0.8310590844110447,available
ab-test-001409,0,0.029495671632900514,0,0.8310590844110447,available
ab-test-001410,0,0.0056009277556609395,0,0.8310590844110447,available
ab-test-001411,0,0.008060997417032707,0,0.8310590844110447,available
ab-test-001412,0,0.0962237783540805,0,0.8310590844110447,available
ab-test-001413,0,0.0030906241925953326,0,0.8310590844110447,available
ab-test-001414,0,0.007289264873400719,0,0.8310590844110447,available
ab-test-001415,0,0.0023093064633884883,0,0.8310590844110447,available
ab-test-001416,0,0.003219207962599,0,0.8310590844110447,available
ab-test-001417,0,0.0010819544116588886,0,0.8310590844110447,available
ab-test-001418,1,0.848928772901554,1,0.8310590844110447,available
ab-test-001419,0,0.0019529863143887948,0,0.8310590844110447,available
ab-test-001420,0,0.002841091557139631,0,0.8310590844110447,available
ab-test-001421,0,0.001806014646847838,0,0.8310590844110447,available
ab-test-001422,0,0.012058117358727373,0,0.8310590844110447,available
ab-test-001423,0,0.0027894356448068263,0,0.8310590844110447,available
ab-test-001424,0,0.0040533867119755635,0,0.8310590844110447,available
ab-test-001425,0,0.027533186102666963,0,0.8310590844110447,available
ab-test-001426,1,0.9202158711467519,1,0.8310590844110447,available
ab-test-001427,0,0.0042745027739244015,0,0.8310590844110447,available
ab-test-001428,0,0.04259102369291844,0,0.8310590844110447,available
ab-test-001429,0,0.0030417399385909132,0,0.8310590844110447,available
ab-test-001430,0,0.00943286061033973,0,0.8310590844110447,available
ab-test-001431,0,0.0028799186329844908,0,0.8310590844110447,available
ab-test-001432,0,0.0013571561106159495,0,0.8310590844110447,available
ab-test-001433,0,0.0013085189153033024,0,0.8310590844110447,available
ab-test-001434,1,0.978528238717142,1,0.8310590844110447,available
ab-test-001435,0,0.01647502187128155,0,0.8310590844110447,available
ab-test-001436,0,0.002210879074647024,0,0.8310590844110447,available
ab-test-001437,0,0.002686834978693084,0,0.8310590844110447,available
ab-test-001438,0,0.16974724045878523,0,0.8310590844110447,available
ab-test-001439,0,0.0013954432250312982,0,0.8310590844110447,available
ab-test-001440,0,0.006336721940426235,0,0.8310590844110447,available
ab-test-001441,0,0.023847356380008674,0,0.8310590844110447,available
ab-test-001442,0,0.0031589332959271062,0,0.8310590844110447,available
ab-test-001443,0,0.0037261810216509053,0,0.8310590844110447,available
ab-test-001444,0,0.0035285818816922472,0,0.8310590844110447,available
ab-test-001445,0,0.0013667439271064742,0,0.8310590844110447,available
ab-test-001446,0,0.009460303646250898,0,0.8310590844110447,available
ab-test-001447,0,0.004913989878232193,0,0.8310590844110447,available
ab-test-001448,0,0.0016027166010215445,0,0.8310590844110447,available
ab-test-001449,0,0.0024263608455651936,0,0.8310590844110447,available
ab-test-001450,0,0.003812810038948682,0,0.8310590844110447,available
ab-test-001451,1,0.9600108326498087,1,0.8310590844110447,available
ab-test-001452,0,0.0020872270732125472,0,0.8310590844110447,available
ab-test-001453,1,0.7647027685501779,0,0.8310590844110447,available
ab-test-001454,0,0.004250909617171014,0,0.8310590844110447,available
ab-test-001455,0,0.00194025518560766,0,0.8310590844110447,available
ab-test-001456,0,0.006700557628320474,0,0.8310590844110447,available
ab-test-001457,0,0.0024077567700471502,0,0.8310590844110447,available
ab-test-001458,0,0.003558074606527996,0,0.8310590844110447,available
ab-test-001459,1,0.9590018345604909,1,0.8310590844110447,available
ab-test-001460,0,0.02807968160478964,0,0.8310590844110447,available
ab-test-001461,0,0.00749376554479738,0,0.8310590844110447,available
ab-test-001462,0,0.005256641326806631,0,0.8310590844110447,available
ab-test-001463,0,0.0011201311078781733,0,0.8310590844110447,available
ab-test-001464,0,0.003185260245025482,0,0.8310590844110447,available
ab-test-001465,0,0.009170190079002986,0,0.8310590844110447,available
ab-test-001466,0,0.3970116425212093,0,0.8310590844110447,available
ab-test-001467,0,0.21653967132882534,0,0.8310590844110447,available
ab-test-001468,1,0.835652154147818,1,0.8310590844110447,available
ab-test-001469,1,0.69501732632857,0,0.8310590844110447,available
ab-test-001470,0,0.007673902537433624,0,0.8310590844110447,available
ab-test-001471,1,0.933281973685402,1,0.8310590844110447,available
ab-test-001472,0,0.0012060804079723376,0,0.8310590844110447,available
ab-test-001473,0,0.011756767011234922,0,0.8310590844110447,available
ab-test-001474,0,0.002481827393580973,0,0.8310590844110447,available
ab-test-001475,0,0.01853881458128308,0,0.8310590844110447,available
ab-test-001476,0,0.008411161428594527,0,0.8310590844110447,available
ab-test-001477,0,0.002628337075359935,0,0.8310590844110447,available
ab-test-001478,0,0.0008599749384062915,0,0.8310590844110447,available
ab-test-001479,0,0.0027717101454829748,0,0.8310590844110447,available
ab-test-001480,0,0.003969150390477862,0,0.8310590844110447,available
ab-test-001481,0,0.00754308608603928,0,0.8310590844110447,available
ab-test-001482,0,0.01217616163866977,0,0.8310590844110447,available
ab-test-001483,0,0.00377225616354822,0,0.8310590844110447,available
ab-test-001484,0,0.005624379490474714,0,0.8310590844110447,available
ab-test-001485,0,0.005136793656663878,0,0.8310590844110447,available
ab-test-001486,0,0.004922348882700946,0,0.8310590844110447,available
ab-test-001487,0,0.046673380038851936,0,0.8310590844110447,available
ab-test-001488,0,0.003389763864685159,0,0.8310590844110447,available
ab-test-001489,0,0.01305622499295243,0,0.8310590844110447,available
ab-test-001490,1,0.7672121767265336,0,0.8310590844110447,available
ab-test-001491,0,0.011297086980000915,0,0.8310590844110447,available
ab-test-001492,1,0.8850133465021552,1,0.8310590844110447,available
ab-test-001493,0,0.020501157957087655,0,0.8310590844110447,available
ab-test-001494,0,0.0032621657445898594,0,0.8310590844110447,available
ab-test-001495,0,0.4648030282867969,0,0.8310590844110447,available
ab-test-001496,1,0.38927610315656236,0,0.8310590844110447,available
ab-test-001497,0,0.0017840403163518453,0,0.8310590844110447,available
ab-test-001498,0,0.0029477359631067297,0,0.8310590844110447,available
ab-test-001499,0,0.016949827729795922,0,0.8310590844110447,available
ab-test-001500,0,0.0043477899333845505,0,0.8310590844110447,available
ab-test-001501,0,0.002608081430762024,0,0.8310590844110447,available
ab-test-001502,0,0.003085225124286289,0,0.8310590844110447,available
ab-test-001503,0,0.002007290538808317,0,0.8310590844110447,available
ab-test-001504,0,0.014812900585188448,0,0.8310590844110447,available
ab-test-001505,0,0.004254999082910022,0,0.8310590844110447,available
ab-test-001506,0,0.006555819185444017,0,0.8310590844110447,available
ab-test-001507,0,0.001874171713831091,0,0.8310590844110447,available
ab-test-001508,0,0.0024987168852294737,0,0.8310590844110447,available
ab-test-001509,0,0.011963275764283904,0,0.8310590844110447,available
ab-test-001510,0,0.0033491169508741672,0,0.8310590844110447,available
ab-test-001511,0,0.0013909338187521531,0,0.8310590844110447,available
ab-test-001512,0,0.007097972523062135,0,0.8310590844110447,available
ab-test-001513,0,0.002277162298451823,0,0.8310590844110447,available
ab-test-001514,0,0.01204319308384861,0,0.8310590844110447,available
ab-test-001515,0,0.002468979536442059,0,0.8310590844110447,available
ab-test-001516,0,0.004214203614448696,0,0.8310590844110447,available
ab-test-001517,0,0.0028019487076430165,0,0.8310590844110447,available
ab-test-001518,0,0.002838360974437666,0,0.8310590844110447,available
ab-test-001519,0,0.0041027103436730265,0,0.8310590844110447,available
ab-test-001520,0,0.0031667391323414716,0,0.8310590844110447,available
ab-test-001521,0,0.001975524954332623,0,0.8310590844110447,available
ab-test-001522,0,0.007203553163496564,0,0.8310590844110447,available
ab-test-001523,0,0.00536608347455246,0,0.8310590844110447,available
ab-test-001524,0,0.0026823400689335026,0,0.8310590844110447,available
ab-test-001525,0,0.36110837367673115,0,0.8310590844110447,available
ab-test-001526,1,0.8595566195918196,1,0.8310590844110447,available
ab-test-001527,0,0.003914560756734835,0,0.8310590844110447,available
ab-test-001528,0,0.002680762315709628,0,0.8310590844110447,available
ab-test-001529,0,0.009382011756488262,0,0.8310590844110447,available
ab-test-001530,0,0.0022975986479296306,0,0.8310590844110447,available
ab-test-001531,0,0.0029998685637585964,0,0.8310590844110447,available
ab-test-001532,0,0.0018599421474791483,0,0.8310590844110447,available
ab-test-001533,0,0.006155816565828711,0,0.8310590844110447,available
ab-test-001534,0,0.005123079803142273,0,0.8310590844110447,available
ab-test-001535,0,0.00330663008428863,0,0.8310590844110447,available
ab-test-001536,0,0.011367287875754818,0,0.8310590844110447,available
ab-test-001537,0,0.001931590303831782,0,0.8310590844110447,available
ab-test-001538,0,0.000891064689149813,0,0.8310590844110447,available
ab-test-001539,0,0.0019191205784340123,0,0.8310590844110447,available
ab-test-001540,0,0.003018022844644314,0,0.8310590844110447,available
ab-test-001541,0,0.003778578359607888,0,0.8310590844110447,available
ab-test-001542,1,0.9603434997758685,1,0.8310590844110447,available
ab-test-001543,0,0.00499554425736454,0,0.8310590844110447,available
ab-test-001544,1,0.5301697627541,0,0.8310590844110447,available
ab-test-001545,0,0.0026424465444983827,0,0.8310590844110447,available
ab-test-001546,1,0.9431900691010972,1,0.8310590844110447,available
ab-test-001547,0,0.003127294978232126,0,0.8310590844110447,available
ab-test-001548,0,0.0019742613148871473,0,0.8310590844110447,available
ab-test-001549,0,0.003512012050348818,0,0.8310590844110447,available
ab-test-001550,1,0.8769539697577395,1,0.8310590844110447,available
ab-test-001551,0,0.0020882954831675246,0,0.8310590844110447,available
ab-test-001552,0,0.007650512678664885,0,0.8310590844110447,available
ab-test-001553,0,0.002851162883602133,0,0.8310590844110447,available
ab-test-001554,0,0.002602444908494846,0,0.8310590844110447,available
ab-test-001555,0,0.00583657224907435,0,0.8310590844110447,available
ab-test-001556,0,0.005496624354317345,0,0.8310590844110447,available
ab-test-001557,1,0.44655759337000195,0,0.8310590844110447,available
ab-test-001558,0,0.0038000201150327206,0,0.8310590844110447,available
ab-test-001559,0,0.0016131785036915965,0,0.8310590844110447,available
ab-test-001560,0,0.00809564105774886,0,0.8310590844110447,available
ab-test-001561,1,0.965536851381513,1,0.8310590844110447,available
ab-test-001562,0,0.0052414854232185355,0,0.8310590844110447,available
ab-test-001563,0,0.004019212799907186,0,0.8310590844110447,available
ab-test-001564,0,0.0008242076300298825,0,0.8310590844110447,available
ab-test-001565,0,0.0031691583165781184,0,0.8310590844110447,available
ab-test-001566,0,0.003996470587985745,0,0.8310590844110447,available
ab-test-001567,0,0.008923057173831508,0,0.8310590844110447,available
ab-test-001568,0,0.006016289335351023,0,0.8310590844110447,available
ab-test-001569,1,0.8334642985557492,1,0.8310590844110447,available
ab-test-001570,1,0.16783849815709292,0,0.8310590844110447,available
ab-test-001571,0,0.021139767696479156,0,0.8310590844110447,available
ab-test-001572,0,0.002759797098506258,0,0.8310590844110447,available
ab-test-001573,0,0.0031691583165781184,0,0.8310590844110447,available
ab-test-001574,0,0.008912981279261151,0,0.8310590844110447,available
ab-test-001575,0,0.003509630805660978,0,0.8310590844110447,available
ab-test-001576,0,0.002062131370303944,0,0.8310590844110447,available
ab-test-001577,0,0.004027754719486619,0,0.8310590844110447,available
ab-test-001578,0,0.002435916583898734,0,0.8310590844110447,available
ab-test-001579,0,0.004433474687825662,0,0.8310590844110447,available
ab-test-001580,0,0.06746941871222734,0,0.8310590844110447,available
ab-test-001581,0,0.0071338856269192626,0,0.8310590844110447,available
ab-test-001582,1,0.1954269461548459,0,0.8310590844110447,available
ab-test-001583,1,0.9675248060217826,1,0.8310590844110447,available
ab-test-001584,0,0.004434643367507002,0,0.8310590844110447,available
ab-test-001585,0,0.003111225136910712,0,0.8310590844110447,available
ab-test-001586,0,0.0093436041561213,0,0.8310590844110447,available
ab-test-001587,0,0.005970901082794395,0,0.8310590844110447,available
ab-test-001588,1,0.8906153524399487,1,0.8310590844110447,available
ab-test-001589,0,0.001426931688850878,0,0.8310590844110447,available
ab-test-001590,0,0.002594473821435445,0,0.8310590844110447,available
ab-test-001591,0,0.0023688068416185394,0,0.8310590844110447,available
ab-test-001592,0,0.01076140181705439,0,0.8310590844110447,available
ab-test-001593,0,0.0033202590296253134,0,0.8310590844110447,available
ab-test-001594,0,0.0038543940047151793,0,0.8310590844110447,available
ab-test-001595,0,0.004806110563554362,0,0.8310590844110447,available
ab-test-001596,1,0.8881382647497246,1,0.8310590844110447,available
ab-test-001597,1,0.9510253605794471,1,0.8310590844110447,available
ab-test-001598,0,0.00514094944871527,0,0.8310590844110447,available
ab-test-001599,0,0.001111924443539572,0,0.8310590844110447,available
ab-test-001600,0,0.0032781018893666687,0,0.8310590844110447,available
ab-test-001601,1,0.9867067764797247,1,0.8310590844110447,available
ab-test-001602,0,0.001538877082358439,0,0.8310590844110447,available
ab-test-001603,0,0.017631995337477908,0,0.8310590844110447,available
ab-test-001604,1,0.547954407638567,0,0.8310590844110447,available
ab-test-001605,0,0.003853468961121197,0,0.8310590844110447,available
ab-test-001606,0,0.004979457511635174,0,0.8310590844110447,available
ab-test-001607,0,0.0020275503672956825,0,0.8310590844110447,available
ab-test-001608,0,0.001831843798314898,0,0.8310590844110447,available
ab-test-001609,0,0.010512705937234863,0,0.8310590844110447,available
ab-test-001610,0,0.0306290227325747,0,0.8310590844110447,available
ab-test-001611,1,0.4108621320846935,0,0.8310590844110447,available
ab-test-001612,0,0.003972751398307945,0,0.8310590844110447,available
ab-test-001613,0,0.006251200918461205,0,0.8310590844110447,available
ab-test-001614,0,0.021233121665552402,0,0.8310590844110447,available
ab-test-001615,0,0.0032200885962712857,0,0.8310590844110447,available
ab-test-001616,0,0.008055882185290235,0,0.8310590844110447,available
ab-test-001617,0,0.0026458146878765845,0,0.8310590844110447,available
ab-test-001618,1,0.9789524428061531,1,0.8310590844110447,available
ab-test-001619,0,0.005792965713990583,0,0.8310590844110447,available
ab-test-001620,0,0.001556478312549933,0,0.8310590844110447,available
ab-test-001621,0,0.008199079703302446,0,0.8310590844110447,available
ab-test-001622,1,0.9206555474890005,1,0.8310590844110447,available
ab-test-001623,0,0.00341283625154983,0,0.8310590844110447,available
ab-test-001624,1,0.978796049014756,1,0.8310590844110447,available
ab-test-001625,0,0.010145487556535424,0,0.8310590844110447,available
ab-test-001626,0,0.002015490201580352,0,0.8310590844110447,available
ab-test-001627,0,0.004194236182485917,0,0.8310590844110447,available
ab-test-001628,0,0.0039456574949548896,0,0.8310590844110447,available
ab-test-001629,0,0.007240702926739036,0,0.8310590844110447,available
ab-test-001630,0,0.004551610856986627,0,0.8310590844110447,available
ab-test-001631,0,0.008423948906955818,0,0.8310590844110447,available
ab-test-001632,0,0.004630458054947943,0,0.8310590844110447,available
ab-test-001633,0,0.0026413571265998825,0,0.8310590844110447,available
ab-test-001634,0,0.0035988089699932925,0,0.8310590844110447,available
ab-test-001635,0,0.012921491096564625,0,0.8310590844110447,available
ab-test-001636,0,0.0028436556397472487,0,0.8310590844110447,available
ab-test-001637,1,0.9116018400539927,1,0.8310590844110447,available
ab-test-001638,0,0.0029443361309085046,0,0.8310590844110447,available
ab-test-001639,1,0.9137549088880371,1,0.8310590844110447,available
ab-test-001640,0,0.016366251596335663,0,0.8310590844110447,available
ab-test-001641,0,0.0016988181303563535,0,0.8310590844110447,available
ab-test-001642,0,0.007060911384051711,0,0.8310590844110447,available
ab-test-001643,0,0.001117139691445402,0,0.8310590844110447,available
ab-test-001644,0,0.006077819513682027,0,0.8310590844110447,available
ab-test-001645,0,0.002911121715476423,0,0.8310590844110447,available
ab-test-001646,0,0.0033783680392929965,0,0.8310590844110447,available
ab-test-001647,0,0.0016192443257554343,0,0.8310590844110447,available
ab-test-001648,0,0.005414175992392977,0,0.8310590844110447,available
ab-test-001649,0,0.0065114515096179396,0,0.8310590844110447,available
ab-test-001650,0,0.005155260752629884,0,0.8310590844110447,available
ab-test-001651,0,0.008722629283341905,0,0.8310590844110447,available
ab-test-001652,0,0.015392175944248854,0,0.8310590844110447,available
ab-test-001653,0,0.002588524461341436,0,0.8310590844110447,available
ab-test-001654,0,0.0059707775980767696,0,0.8310590844110447,available
ab-test-001655,0,0.0032474291217429296,0,0.8310590844110447,available
ab-test-001656,1,0.9214249694562543,1,0.8310590844110447,available
ab-test-001657,0,0.011926961949284632,0,0.8310590844110447,available
ab-test-001658,0,0.004688549889318944,0,0.8310590844110447,available
ab-test-001659,0,0.16421256742251467,0,0.8310590844110447,available
ab-test-001660,0,0.0020068813764767914,0,0.8310590844110447,available
ab-test-001661,0,0.003137696340964198,0,0.8310590844110447,available
ab-test-001662,0,0.0014258816624433178,0,0.8310590844110447,available
ab-test-001663,0,0.009161440160222746,0,0.8310590844110447,available
ab-test-001664,1,0.9317434797672176,1,0.8310590844110447,available
ab-test-001665,0,0.013376072616345125,0,0.8310590844110447,available
ab-test-001666,0,0.0046167888899590085,0,0.8310590844110447,available
ab-test-001667,0,0.012480672959343953,0,0.8310590844110447,available
ab-test-001668,0,0.003564262712954091,0,0.8310590844110447,available
ab-test-001669,0,0.057199225189013415,0,0.8310590844110447,available
ab-test-001670,0,0.0033229672278009045,0,0.8310590844110447,available
ab-test-001671,0,0.0032363778096311697,0,0.8310590844110447,available
ab-test-001672,0,0.013393727533282947,0,0.8310590844110447,available
ab-test-001673,0,0.00494290212521004,0,0.8310590844110447,available
ab-test-001674,0,0.03315758454088957,0,0.8310590844110447,available
ab-test-001675,0,0.005173420952896288,0,0.8310590844110447,available
ab-test-001676,0,0.002139199848456455,0,0.8310590844110447,available
ab-test-001677,0,0.0030914874075571408,0,0.8310590844110447,available
ab-test-001678,0,0.0016940398635819562,0,0.8310590844110447,available
ab-test-001679,0,0.0032206052298997295,0,0.8310590844110447,available
ab-test-001680,0,0.016678228229718435,0,0.8310590844110447,available
ab-test-001681,0,0.011728084391865084,0,0.8310590844110447,available
ab-test-001682,0,0.00377492424017554,0,0.8310590844110447,available
ab-test-001683,0,0.02064397704968559,0,0.8310590844110447,available
ab-test-001684,0,0.0005127081951754674,0,0.8310590844110447,available
ab-test-001685,1,0.918751363511946,1,0.8310590844110447,available
ab-test-001686,0,0.006965749120529531,0,0.8310590844110447,available
ab-test-001687,0,0.008064293558925096,0,0.8310590844110447,available
ab-test-001688,1,0.946646186197361,1,0.8310590844110447,available
ab-test-001689,1,0.9866260137378834,1,0.8310590844110447,available
ab-test-001690,0,0.0041124466391038225,0,0.8310590844110447,available
ab-test-001691,0,0.009445065627304463,0,0.8310590844110447,available
ab-test-001692,0,0.0038575618477401435,0,0.8310590844110447,available
ab-test-001693,0,0.0011960441246114141,0,0.8310590844110447,available
ab-test-001694,0,0.004807583453947287,0,0.8310590844110447,available
ab-test-001695,0,0.003625314784265407,0,0.8310590844110447,available
ab-test-001696,0,0.0021754264615478605,0,0.8310590844110447,available
ab-test-001697,0,0.02799506975314988,0,0.8310590844110447,available
ab-test-001698,0,0.004174996559614612,0,0.8310590844110447,available
ab-test-001699,1,0.9869631970404007,1,0.8310590844110447,available
ab-test-001700,1,0.3722785121957771,0,0.8310590844110447,available
ab-test-001701,0,0.0008691771108124706,0,0.8310590844110447,available
ab-test-001702,0,0.0011660852297723312,0,0.8310590844110447,available
ab-test-001703,0,0.0033941618736468503,0,0.8310590844110447,available
ab-test-001704,0,0.002884446738693021,0,0.8310590844110447,available
ab-test-001705,0,0.00716741176017555,0,0.8310590844110447,available
ab-test-001706,0,0.003924189830421039,0,0.8310590844110447,available
ab-test-001707,0,0.006230440257515501,0,0.8310590844110447,available
ab-test-001708,0,0.0027482609271425253,0,0.8310590844110447,available
ab-test-001709,0,0.0012510109087046158,0,0.8310590844110447,available
ab-test-001710,0,0.0011411153798256246,0,0.8310590844110447,available
ab-test-001711,0,0.004594311921554139,0,0.8310590844110447,available
ab-test-001712,0,0.001267014038072948,0,0.8310590844110447,available
ab-test-001713,0,0.012624928677923265,0,0.8310590844110447,available
ab-test-001714,0,0.001741776875909036,0,0.8310590844110447,available
ab-test-001715,0,0.0030585701432610493,0,0.8310590844110447,available
ab-test-001716,0,0.0017059846572142984,0,0.8310590844110447,available
ab-test-001717,0,0.008129591754257546,0,0.8310590844110447,available
ab-test-001718,0,0.0067331130193600906,0,0.8310590844110447,available
ab-test-001719,0,0.006335112869475322,0,0.8310590844110447,available
ab-test-001720,0,0.008206169022821305,0,0.8310590844110447,available
ab-test-001721,0,0.005575789030611797,0,0.8310590844110447,available
ab-test-001722,0,0.003389763864685159,0,0.8310590844110447,available
ab-test-001723,0,0.0063020919797545935,0,0.8310590844110447,available
ab-test-001724,0,0.004559166700933739,0,0.8310590844110447,available
ab-test-001725,0,0.0030090175489568436,0,0.8310590844110447,available
ab-test-001726,0,0.002107320636625435,0,0.8310590844110447,available
ab-test-001727,1,0.9315487789790841,1,0.8310590844110447,available
ab-test-001728,0,0.021481892477234303,0,0.8310590844110447,available
ab-test-001729,0,0.0035624110855639055,0,0.8310590844110447,available
ab-test-001730,0,0.006169303411543377,0,0.8310590844110447,available
ab-test-001731,0,0.0015920239614702948,0,0.8310590844110447,available
ab-test-001732,0,0.0026763141780026312,0,0.8310590844110447,available
ab-test-001733,0,0.013070518982244886,0,0.8310590844110447,available
ab-test-001734,0,0.0202803235325428,0,0.8310590844110447,available
ab-test-001735,0,0.006730469349716225,0,0.8310590844110447,available
ab-test-001736,0,0.002225718960438648,0,0.8310590844110447,available
ab-test-001737,1,0.9465460320753641,1,0.8310590844110447,available
ab-test-001738,0,0.0011097034133419966,0,0.8310590844110447,available
ab-test-001739,0,0.0016821615619354317,0,0.8310590844110447,available
ab-test-001740,0,0.009749391676126424,0,0.8310590844110447,available
ab-test-001741,1,0.9072806123816468,1,0.8310590844110447,available
ab-test-001742,0,0.0033208444075230074,0,0.8310590844110447,available
ab-test-001743,0,0.015387094226050363,0,0.8310590844110447,available
ab-test-001744,0,0.010510131653842692,0,0.8310590844110447,available
ab-test-001745,0,0.002502229526180503,0,0.8310590844110447,available
ab-test-001746,0,0.003385765947195726,0,0.8310590844110447,available
ab-test-001747,0,0.0006789641010857263,0,0.8310590844110447,available
ab-test-001748,0,0.0014353979927249623,0,0.8310590844110447,available
ab-test-001749,1,0.9508817584819259,1,0.8310590844110447,available
ab-test-001750,0,0.011172364082900675,0,0.8310590844110447,available
ab-test-001751,0,0.003969886598619239,0,0.8310590844110447,available
ab-test-001752,0,0.010644255360374276,0,0.8310590844110447,available
ab-test-001753,0,0.0018246348387721293,0,0.8310590844110447,available
ab-test-001754,0,0.005836357889664212,0,0.8310590844110447,available
ab-test-001755,0,0.008855330561609509,0,0.8310590844110447,available
ab-test-001756,0,0.0019754747543199785,0,0.8310590844110447,available
ab-test-001757,0,0.009838588014893537,0,0.8310590844110447,available
ab-test-001758,0,0.005464075045886631,0,0.8310590844110447,available
ab-test-001759,0,0.00833980347783133,0,0.8310590844110447,available
ab-test-001760,0,0.004055366480359535,0,0.8310590844110447,available
ab-test-001761,0,0.010557618763442059,0,0.8310590844110447,available
ab-test-001762,0,0.004355427352625693,0,0.8310590844110447,available
ab-test-001763,0,0.004703217644957084,0,0.8310590844110447,available
ab-test-001764,0,0.0019742613148871473,0,0.8310590844110447,available
ab-test-001765,0,0.0037084097990157374,0,0.8310590844110447,available
ab-test-001766,0,0.010402658100276675,0,0.8310590844110447,available
ab-test-001767,0,0.003946156651820145,0,0.8310590844110447,available
ab-test-001768,0,0.0023458276448276383,0,0.8310590844110447,available
ab-test-001769,0,0.006878162056128649,0,0.8310590844110447,available
ab-test-001770,0,0.00494231603089388,0,0.8310590844110447,available
ab-test-001771,1,0.9792066320989229,1,0.8310590844110447,available
ab-test-001772,1,0.9432712044207193,1,0.8310590844110447,available
ab-test-001773,0,0.0034432245757881706,0,0.8310590844110447,available
ab-test-001774,0,0.008106957957094062,0,0.8310590844110447,available
ab-test-001775,0,0.004944547392027831,0,0.8310590844110447,available
ab-test-001776,1,0.9566492497572645,1,0.8310590844110447,available
ab-test-001777,1,0.9869287721835366,1,0.8310590844110447,available
ab-test-001778,0,0.011985567018808863,0,0.8310590844110447,available
ab-test-001779,0,0.0022668957743574173,0,0.8310590844110447,available
ab-test-001780,0,0.0031263571173425547,0,0.8310590844110447,available
ab-test-001781,0,0.003472052498913179,0,0.8310590844110447,available
ab-test-001782,0,0.006357377900832558,0,0.8310590844110447,available
ab-test-001783,0,0.017797354389195545,0,0.8310590844110447,available
ab-test-001784,0,0.002157429670417411,0,0.8310590844110447,available
ab-test-001785,0,0.24164113512975913,0,0.8310590844110447,available
ab-test-001786,0,0.011086332223590458,0,0.8310590844110447,available
ab-test-001787,0,0.00249923650444361,0,0.8310590844110447,available
ab-test-001788,0,0.0017861253549345877,0,0.8310590844110447,available
ab-test-001789,0,0.003969972658545203,0,0.8310590844110447,available
ab-test-001790,0,0.46063441116339254,0,0.8310590844110447,available
ab-test-001791,0,0.0064582119222519295,0,0.8310590844110447,available
ab-test-001792,0,0.002510952200456011,0,0.8310590844110447,available
ab-test-001793,0,0.0029103268817617526,0,0.8310590844110447,available
ab-test-001794,0,0.004770646277161694,0,0.8310590844110447,available
ab-test-001795,0,0.0020195521751560186,0,0.8310590844110447,available
ab-test-001796,0,0.011859778377859828,0,0.8310590844110447,available
ab-test-001797,0,0.012687280923730601,0,0.8310590844110447,available
ab-test-001798,0,0.0029909063708473795,0,0.8310590844110447,available
ab-test-001799,0,0.0020195521751560186,0,0.8310590844110447,available
ab-test-001800,0,0.0024421034498561043,0,0.8310590844110447,available
ab-test-001801,0,0.016724156287041072,0,0.8310590844110447,available
ab-test-001802,0,0.009371177397499863,0,0.8310590844110447,available
ab-test-001803,0,0.0027829164448175668,0,0.8310590844110447,available
ab-test-001804,0,0.0025966410324821465,0,0.8310590844110447,available
ab-test-001805,0,0.0023846083696414553,0,0.8310590844110447,available
ab-test-001806,0,0.003276717509330232,0,0.8310590844110447,available
ab-test-001807,0,0.0026246571087707275,0,0.8310590844110447,available
ab-test-001808,1,0.9371378197479159,1,0.8310590844110447,available
ab-test-001809,0,0.0030172542701217813,0,0.8310590844110447,available
ab-test-001810,0,0.0010819544116588886,0,0.8310590844110447,available
ab-test-001811,0,0.009886927660058177,0,0.8310590844110447,available
ab-test-001812,0,0.001873650991145324,0,0.8310590844110447,available
ab-test-001813,0,0.008782358296351546,0,0.8310590844110447,available
ab-test-001814,0,0.02173300508273937,0,0.8310590844110447,available
ab-test-001815,0,0.007467876371489807,0,0.8310590844110447,available
ab-test-001816,1,0.9001270655093222,1,0.8310590844110447,available
ab-test-001817,0,0.0034420996942614948,0,0.8310590844110447,available
ab-test-001818,0,0.0033089805336952954,0,0.8310590844110447,available
ab-test-001819,0,0.002032320570938363,0,0.8310590844110447,available
ab-test-001820,1,0.9429866977519505,1,0.8310590844110447,available
ab-test-001821,0,0.008664465313238353,0,0.8310590844110447,available
ab-test-001822,0,0.011029027002790476,0,0.8310590844110447,available
ab-test-001823,1,0.9864599528588375,1,0.8310590844110447,available
ab-test-001824,0,0.0019343241506106135,0,0.8310590844110447,available
ab-test-001825,0,0.003367264548363173,0,0.8310590844110447,available
ab-test-001826,0,0.004299795824298919,0,0.8310590844110447,available
ab-test-001827,0,0.012551572065459319,0,0.8310590844110447,available
ab-test-001828,0,0.019238690456511436,0,0.8310590844110447,available
ab-test-001829,0,0.003518044890417305,0,0.8310590844110447,available
ab-test-001830,1,0.9228293562107162,1,0.8310590844110447,available
ab-test-001831,0,0.004346862449070553,0,0.8310590844110447,available
ab-test-001832,0,0.0011436187728143265,0,0.8310590844110447,available
ab-test-001833,0,0.003249432038322392,0,0.8310590844110447,available
ab-test-001834,0,0.006304910102625205,0,0.8310590844110447,available
ab-test-001835,0,0.0025109071726668445,0,0.8310590844110447,available
ab-test-001836,0,0.0023696134864216144,0,0.8310590844110447,available
ab-test-001837,0,0.0038189695155469126,0,0.8310590844110447,available
ab-test-001838,0,0.003512139193297385,0,0.8310590844110447,available
ab-test-001839,0,0.001538877082358439,0,0.8310590844110447,available
ab-test-001840,0,0.01712452223033923,0,0.8310590844110447,available
ab-test-001841,0,0.004027922054953486,0,0.8310590844110447,available
ab-test-001842,0,0.36180869381962116,0,0.8310590844110447,available
ab-test-001843,0,0.001547439840556374,0,0.8310590844110447,available
ab-test-001844,1,0.7849709355024744,0,0.8310590844110447,available
ab-test-001845,0,0.0019067220383070134,0,0.8310590844110447,available
ab-test-001846,0,0.007128419454269155,0,0.8310590844110447,available
ab-test-001847,0,0.004733294321053699,0,0.8310590844110447,available
ab-test-001848,0,0.004129325463740809,0,0.8310590844110447,available
ab-test-001849,0,0.0038543940047151793,0,0.8310590844110447,available
ab-test-001850,0,0.0031911474069130307,0,0.8310590844110447,available
ab-test-001851,0,0.007376360615046239,0,0.8310590844110447,available
ab-test-001852,0,0.0026054515479064177,0,0.8310590844110447,available
ab-test-001853,1,0.376880356325127,0,0.8310590844110447,available
ab-test-001854,0,0.05700744520710641,0,0.8310590844110447,available
ab-test-001855,0,0.0025336604022594793,0,0.8310590844110447,available
ab-test-001856,0,0.0051983919569397056,0,0.8310590844110447,available
ab-test-001857,0,0.001315641755535865,0,0.8310590844110447,available
ab-test-001858,0,0.0078203982256998,0,0.8310590844110447,available
ab-test-001859,0,0.017421161067920635,0,0.8310590844110447,available
ab-test-001860,0,0.0037502777917345076,0,0.8310590844110447,available
ab-test-001861,0,0.017582205465947083,0,0.8310590844110447,available
ab-test-001862,0,0.00246013398770732,0,0.8310590844110447,available
ab-test-001863,0,0.0034186366595040296,0,0.8310590844110447,available
ab-test-001864,0,0.0010517916097422671,0,0.8310590844110447,available
ab-test-001865,0,0.0020078158683788975,0,0.8310590844110447,available
ab-test-001866,0,0.018965438528625617,0,0.8310590844110447,available
ab-test-001867,0,0.0016693252514356825,0,0.8310590844110447,available
ab-test-001868,0,0.0033140589102927335,0,0.8310590844110447,available
ab-test-001869,0,0.0018245459878434964,0,0.8310590844110447,available
ab-test-001870,0,0.0014299899469034463,0,0.8310590844110447,available
ab-test-001871,0,0.012282581254054998,0,0.8310590844110447,available
ab-test-001872,0,0.008712602081568654,0,0.8310590844110447,available
ab-test-001873,0,0.010930578477872625,0,0.8310590844110447,available
ab-test-001874,0,0.003619424133914622,0,0.8310590844110447,available
ab-test-001875,0,0.007803853834939374,0,0.8310590844110447,available
ab-test-001876,0,0.004275154968345366,0,0.8310590844110447,available
ab-test-001877,0,0.010542582744618764,0,0.8310590844110447,available
ab-test-001878,0,0.005572413529558909,0,0.8310590844110447,available
ab-test-001879,0,0.0013037725482741064,0,0.8310590844110447,available
ab-test-001880,0,0.004628890099975805,0,0.8310590844110447,available
ab-test-001881,0,0.0032400423276271067,0,0.8310590844110447,available
ab-test-001882,0,0.004352982976328999,0,0.8310590844110447,available
ab-test-001883,1,0.9834030206051022,1,0.8310590844110447,available
ab-test-001884,0,0.002352041742210264,0,0.8310590844110447,available
ab-test-001885,0,0.00680258193303702,0,0.8310590844110447,available
ab-test-001886,0,0.005083402507970275,0,0.8310590844110447,available
ab-test-001887,1,0.9253496190149594,1,0.8310590844110447,available
ab-test-001888,0,0.004046731890240211,0,0.8310590844110447,available
ab-test-001889,0,0.003219207962599,0,0.8310590844110447,available
ab-test-001890,0,0.0009135902822980253,0,0.8310590844110447,available
ab-test-001891,0,0.008853632762974737,0,0.8310590844110447,available
ab-test-001892,0,0.0023590570689207523,0,0.8310590844110447,available
ab-test-001893,1,0.6930284919447024,0,0.8310590844110447,available
ab-test-001894,0,0.002069107148486747,0,0.8310590844110447,available
ab-test-001895,1,0.9113786620030708,1,0.8310590844110447,available
ab-test-001896,0,0.001224524789199298,0,0.8310590844110447,available
ab-test-001897,0,0.0033208444075230074,0,0.8310590844110447,available
ab-test-001898,0,0.013429078776853122,0,0.8310590844110447,available
ab-test-001899,0,0.0025924072452485104,0,0.8310590844110447,available
ab-test-001900,0,0.0012539539069639854,0,0.8310590844110447,available
ab-test-001901,0,0.000582196197944319,0,0.8310590844110447,available
ab-test-001902,0,0.002077219174384697,0,0.8310590844110447,available
ab-test-001903,0,0.0031353137835901787,0,0.8310590844110447,available
ab-test-001904,1,0.9815095772060404,1,0.8310590844110447,available
ab-test-001905,0,0.0027785437123551307,0,0.8310590844110447,available
ab-test-001906,0,0.002803828798314919,0,0.8310590844110447,available
ab-test-001907,0,0.002217648544575588,0,0.8310590844110447,available
ab-test-001908,0,0.0016844102980222294,0,0.8310590844110447,available
ab-test-001909,0,0.0098177406144186,0,0.8310590844110447,available
ab-test-001910,0,0.009321492328092382,0,0.8310590844110447,available
ab-test-001911,0,0.003219207962599,0,0.8310590844110447,available
ab-test-001912,1,0.47076999906079886,0,0.8310590844110447,available
ab-test-001913,0,0.10262244967373614,0,0.8310590844110447,available
ab-test-001914,0,0.0021270474222462366,0,0.8310590844110447,available
ab-test-001915,0,0.005143516340235309,0,0.8310590844110447,available
