pair_id,label,probability,prediction,threshold,status
ab-test-000000,0,0.0015577555456952228,0,0.1842471556407169,available
ab-test-000001,0,0.006618965351053062,0,0.1842471556407169,available
ab-test-000002,0,0.0008743368794611654,0,0.1842471556407169,available
ab-test-000003,1,0.847928527923462,1,0.1842471556407169,available
ab-test-000004,0,0.040296676398499764,0,0.1842471556407169,available
ab-test-000005,0,0.0021619911213828957,0,0.1842471556407169,available
ab-test-000006,0,0.025608642363824697,0,0.1842471556407169,available
ab-test-000007,0,0.03828532594304166,0,0.1842471556407169,available
ab-test-000008,0,0.0020322917799144367,0,0.1842471556407169,available
ab-test-000009,0,0.006031447275727679,0,0.1842471556407169,available
ab-test-000010,0,0.0010137693109439799,0,0.1842471556407169,available
ab-test-000011,0,0.01725747769797378,0,0.1842471556407169,available
ab-test-000012,0,0.0203525411709065,0,0.1842471556407169,available
ab-test-000013,0,0.016216974620041926,0,0.1842471556407169,available
ab-test-000014,0,0.003925782023164551,0,0.1842471556407169,available
ab-test-000015,0,0.003163928008652462,0,0.1842471556407169,available
ab-test-000016,0,0.0012563309923476287,0,0.1842471556407169,available
ab-test-000017,0,0.007823468967710915,0,0.1842471556407169,available
ab-test-000018,0,0.006702753253668208,0,0.1842471556407169,available
ab-test-000019,0,0.0013398431464896454,0,0.1842471556407169,available
ab-test-000020,0,0.029034094076776738,0,0.1842471556407169,available
ab-test-000021,0,0.0010542410301566186,0,0.1842471556407169,available
ab-test-000022,0,0.00523925733027098,0,0.1842471556407169,available
ab-test-000023,0,0.0029487417175004787,0,0.1842471556407169,available
ab-test-000024,0,0.018352857879003776,0,0.1842471556407169,available
ab-test-000025,0,0.0072553195737242926,0,0.1842471556407169,available
ab-test-000026,1,0.24748180719367352,1,0.1842471556407169,available
ab-test-000027,0,0.0007454127289071765,0,0.1842471556407169,available
ab-test-000028,0,0.004155334044418117,0,0.1842471556407169,available
ab-test-000029,0,0.38646127478156306,1,0.1842471556407169,available
ab-test-000030,0,0.039070549390378045,0,0.1842471556407169,available
ab-test-000031,0,0.0010977918104397133,0,0.1842471556407169,available
ab-test-000032,0,0.0004356016839162386,0,0.1842471556407169,available
ab-test-000033,0,0.0013604477816410202,0,0.1842471556407169,available
ab-test-000034,0,0.32780931686928527,1,0.1842471556407169,available
ab-test-000035,0,0.003924972723179563,0,0.1842471556407169,available
ab-test-000036,0,0.005013453700545359,0,0.1842471556407169,available
ab-test-000037,0,0.04181345201133068,0,0.1842471556407169,available
ab-test-000038,0,0.005097793840219776,0,0.1842471556407169,available
ab-test-000039,0,0.0005845966195682885,0,0.1842471556407169,available
ab-test-000040,0,0.003096882322657252,0,0.1842471556407169,available
ab-test-000041,0,0.0035331490526090826,0,0.1842471556407169,available
ab-test-000042,0,0.605555972640478,1,0.1842471556407169,available
ab-test-000043,0,0.0026437518341641893,0,0.1842471556407169,available
ab-test-000044,0,0.003393477164413041,0,0.1842471556407169,available
ab-test-000045,0,0.03821858568486097,0,0.1842471556407169,available
ab-test-000046,1,0.9879209271845191,1,0.1842471556407169,available
ab-test-000047,1,0.9810714507652388,1,0.1842471556407169,available
ab-test-000048,0,0.0349437373062872,0,0.1842471556407169,available
ab-test-000049,0,0.006449858760046858,0,0.1842471556407169,available
ab-test-000050,0,0.012955499789434905,0,0.1842471556407169,available
ab-test-000051,1,0.9780881248465113,1,0.1842471556407169,available
ab-test-000052,0,0.0032573506015789243,0,0.1842471556407169,available
ab-test-000053,0,0.006480321461864521,0,0.1842471556407169,available
ab-test-000054,1,0.9661287574407857,1,0.1842471556407169,available
ab-test-000055,0,0.0017058956682385522,0,0.1842471556407169,available
ab-test-000056,0,0.0036391445509450114,0,0.1842471556407169,available
ab-test-000057,1,0.7940589737016481,1,0.1842471556407169,available
ab-test-000058,0,0.00132392964209897,0,0.1842471556407169,available
ab-test-000059,0,0.007261329276259654,0,0.1842471556407169,available
ab-test-000060,0,0.020672224145593863,0,0.1842471556407169,available
ab-test-000061,0,0.005381281175628443,0,0.1842471556407169,available
ab-test-000062,0,0.0007836768880213447,0,0.1842471556407169,available
ab-test-000063,0,0.0029982471918149132,0,0.1842471556407169,available
ab-test-000064,0,0.4631269634335984,1,0.1842471556407169,available
ab-test-000065,0,0.007202063268384211,0,0.1842471556407169,available
ab-test-000066,0,0.00871137810386008,0,0.1842471556407169,available
ab-test-000067,0,0.04415070594614161,0,0.1842471556407169,available
ab-test-000068,0,0.004767063024777409,0,0.1842471556407169,available
ab-test-000069,0,0.012312225117419261,0,0.1842471556407169,available
ab-test-000070,0,0.00742705852780068,0,0.1842471556407169,available
ab-test-000071,0,0.0018720154159906357,0,0.1842471556407169,available
ab-test-000072,0,0.05098461106301299,0,0.1842471556407169,available
ab-test-000073,0,0.002536732277873069,0,0.1842471556407169,available
ab-test-000074,0,0.004350341559262346,0,0.1842471556407169,available
ab-test-000075,0,0.0008357990977840269,0,0.1842471556407169,available
ab-test-000076,0,0.004837772246670093,0,0.1842471556407169,available
ab-test-000077,0,0.003729422841983798,0,0.1842471556407169,available
ab-test-000078,0,0.0013175274110873284,0,0.1842471556407169,available
ab-test-000079,0,0.016732407756610435,0,0.1842471556407169,available
ab-test-000080,0,0.0017336899829359913,0,0.1842471556407169,available
ab-test-000081,1,0.37977059918462314,1,0.1842471556407169,available
ab-test-000082,0,0.04709834161149453,0,0.1842471556407169,available
ab-test-000083,0,0.01193670079863681,0,0.1842471556407169,available
ab-test-000084,0,0.01358331620047767,0,0.1842471556407169,available
ab-test-000085,0,0.0013418116054865889,0,0.1842471556407169,available
ab-test-000086,0,0.007276975654327989,0,0.1842471556407169,available
ab-test-000087,0,0.006180892965070792,0,0.1842471556407169,available
ab-test-000088,0,0.015408357147784888,0,0.1842471556407169,available
ab-test-000089,0,0.009301861007813132,0,0.1842471556407169,available
ab-test-000090,0,0.022957583073436788,0,0.1842471556407169,available
ab-test-000091,0,0.0012734003532802862,0,0.1842471556407169,available
ab-test-000092,0,0.005325083513804201,0,0.1842471556407169,available
ab-test-000093,0,0.0009155982619899963,0,0.1842471556407169,available
ab-test-000094,0,0.0036124240850815567,0,0.1842471556407169,available
ab-test-000095,0,0.0025157350625671245,0,0.1842471556407169,available
ab-test-000096,0,0.0060483664315679414,0,0.1842471556407169,available
ab-test-000097,0,0.010736151085285545,0,0.1842471556407169,available
ab-test-000098,0,0.016958268557737365,0,0.1842471556407169,available
ab-test-000099,0,0.004088592223650159,0,0.1842471556407169,available
ab-test-000100,0,0.0009379653979427439,0,0.1842471556407169,available
ab-test-000101,0,0.0011452361069859147,0,0.1842471556407169,available
ab-test-000102,1,0.9892844938826522,1,0.1842471556407169,available
ab-test-000103,0,0.0010900793340979918,0,0.1842471556407169,available
ab-test-000104,0,0.0011634376688166759,0,0.1842471556407169,available
ab-test-000105,0,0.0011590533563594079,0,0.1842471556407169,available
ab-test-000106,0,0.009601780954584747,0,0.1842471556407169,available
ab-test-000107,0,0.0015531782899319163,0,0.1842471556407169,available
ab-test-000108,0,0.001060085944202798,0,0.1842471556407169,available
ab-test-000109,0,0.006626170722632581,0,0.1842471556407169,available
ab-test-000110,0,0.0012640962173000529,0,0.1842471556407169,available
ab-test-000111,0,0.0005747310570427044,0,0.1842471556407169,available
ab-test-000112,1,0.968693884080319,1,0.1842471556407169,available
ab-test-000113,0,0.002445959088045132,0,0.1842471556407169,available
ab-test-000114,0,0.36518578738864177,1,0.1842471556407169,available
ab-test-000115,0,0.0014705598112680228,0,0.1842471556407169,available
ab-test-000116,0,0.01634848418372808,0,0.1842471556407169,available
ab-test-000117,0,0.0008266477043440836,0,0.1842471556407169,available
ab-test-000118,0,0.004842254848430676,0,0.1842471556407169,available
ab-test-000119,0,0.01686576574412925,0,0.1842471556407169,available
ab-test-000120,0,0.003917859943271369,0,0.1842471556407169,available
ab-test-000121,0,0.0011315231270770242,0,0.1842471556407169,available
ab-test-000122,0,0.0033546281499971845,0,0.1842471556407169,available
ab-test-000123,0,0.002442562724758514,0,0.1842471556407169,available
ab-test-000124,1,0.9641113263780089,1,0.1842471556407169,available
ab-test-000125,0,0.0031621136275789183,0,0.1842471556407169,available
ab-test-000126,1,0.9789698094926371,1,0.1842471556407169,available
ab-test-000127,1,0.9636586237272324,1,0.1842471556407169,available
ab-test-000128,0,0.0008950907592483921,0,0.1842471556407169,available
ab-test-000129,0,0.2721006405467688,1,0.1842471556407169,available
ab-test-000130,0,0.03407828958560893,0,0.1842471556407169,available
ab-test-000131,0,0.0048263604293616695,0,0.1842471556407169,available
ab-test-000132,1,0.9911388267362738,1,0.1842471556407169,available
ab-test-000133,0,0.0021322846695030653,0,0.1842471556407169,available
ab-test-000134,0,0.039647660612019964,0,0.1842471556407169,available
ab-test-000135,0,0.02897870153484723,0,0.1842471556407169,available
ab-test-000136,0,0.0015047651954450765,0,0.1842471556407169,available
ab-test-000137,0,0.0036376455689265384,0,0.1842471556407169,available
ab-test-000138,0,0.0008725309482090259,0,0.1842471556407169,available
ab-test-000139,0,0.0009720675047782588,0,0.1842471556407169,available
ab-test-000140,0,0.0031691865599101626,0,0.1842471556407169,available
ab-test-000141,0,0.08934442253444123,0,0.1842471556407169,available
ab-test-000142,0,0.0030433194302727706,0,0.1842471556407169,available
ab-test-000143,0,0.0011826927505017694,0,0.1842471556407169,available
ab-test-000144,0,0.002318015919485723,0,0.1842471556407169,available
ab-test-000145,0,0.003188188566503461,0,0.1842471556407169,available
ab-test-000146,0,0.009722590102374723,0,0.1842471556407169,available
ab-test-000147,0,0.0016622526509565956,0,0.1842471556407169,available
ab-test-000148,0,0.011754914819783361,0,0.1842471556407169,available
ab-test-000149,0,0.009555205431486078,0,0.1842471556407169,available
ab-test-000150,0,0.0029988682382279344,0,0.1842471556407169,available
ab-test-000151,1,0.9262276847559902,1,0.1842471556407169,available
ab-test-000152,0,0.0026810303492104427,0,0.1842471556407169,available
ab-test-000153,1,0.9793446421352181,1,0.1842471556407169,available
ab-test-000154,0,0.051743609087766554,0,0.1842471556407169,available
ab-test-000155,1,0.9671950102672877,1,0.1842471556407169,available
ab-test-000156,0,0.00433180059187806,0,0.1842471556407169,available
ab-test-000157,0,0.0034620922988001773,0,0.1842471556407169,available
ab-test-000158,0,0.02528821862228936,0,0.1842471556407169,available
ab-test-000159,0,0.0007841456912668213,0,0.1842471556407169,available
ab-test-000160,1,0.9802003850467144,1,0.1842471556407169,available
ab-test-000161,0,0.0007879750190010073,0,0.1842471556407169,available
ab-test-000162,0,0.012494734029744776,0,0.1842471556407169,available
ab-test-000163,1,0.9694955512517338,1,0.1842471556407169,available
ab-test-000164,0,0.0015936561701984395,0,0.1842471556407169,available
ab-test-000165,0,0.003346570374124673,0,0.1842471556407169,available
ab-test-000166,0,0.0057131124055398545,0,0.1842471556407169,available
ab-test-000167,0,0.010862697194782084,0,0.1842471556407169,available
ab-test-000168,0,0.03738449728347617,0,0.1842471556407169,available
ab-test-000169,0,0.007226379177383038,0,0.1842471556407169,available
ab-test-000170,0,0.051015856876614966,0,0.1842471556407169,available
ab-test-000171,0,0.07279271822659167,0,0.1842471556407169,available
ab-test-000172,0,0.020337639859975967,0,0.1842471556407169,available
ab-test-000173,0,0.001980388960068863,0,0.1842471556407169,available
ab-test-000174,0,0.0014487318580765397,0,0.1842471556407169,available
ab-test-000175,0,0.0018521131792608786,0,0.1842471556407169,available
ab-test-000176,0,0.00806525667967545,0,0.1842471556407169,available
ab-test-000177,0,0.002660879008970582,0,0.1842471556407169,available
ab-test-000178,1,0.9832420467653633,1,0.1842471556407169,available
ab-test-000179,0,0.03109049180933173,0,0.1842471556407169,available
ab-test-000180,0,0.008737477877596227,0,0.1842471556407169,available
ab-test-000181,1,0.796633642167976,1,0.1842471556407169,available
ab-test-000182,0,0.004368082040604377,0,0.1842471556407169,available
ab-test-000183,0,0.0027874749810156965,0,0.1842471556407169,available
ab-test-000184,1,0.7547241200593533,1,0.1842471556407169,available
ab-test-000185,0,0.0026667541101515167,0,0.1842471556407169,available
ab-test-000186,1,0.9224047033543403,1,0.1842471556407169,available
ab-test-000187,0,0.008906428966982556,0,0.1842471556407169,available
ab-test-000188,0,0.0007818594634418415,0,0.1842471556407169,available
ab-test-000189,0,0.010518605025734979,0,0.1842471556407169,available
ab-test-000190,0,0.0011817245782891784,0,0.1842471556407169,available
ab-test-000191,0,0.0013792992107664191,0,0.1842471556407169,available
ab-test-000192,0,0.007156205124237442,0,0.1842471556407169,available
ab-test-000193,0,0.0005585175601338077,0,0.1842471556407169,available
ab-test-000194,0,0.004178793550493509,0,0.1842471556407169,available
ab-test-000195,0,0.004831441151131793,0,0.1842471556407169,available
ab-test-000196,0,0.01773747013048267,0,0.1842471556407169,available
ab-test-000197,0,0.009441579138341533,0,0.1842471556407169,available
ab-test-000198,0,0.011524477386968764,0,0.1842471556407169,available
ab-test-000199,0,0.0156044457289746,0,0.1842471556407169,available
ab-test-000200,0,0.001529662450643037,0,0.1842471556407169,available
ab-test-000201,1,0.9422659415427452,1,0.1842471556407169,available
ab-test-000202,0,0.005129595006934341,0,0.1842471556407169,available
ab-test-000203,0,0.01999780318768802,0,0.1842471556407169,available
ab-test-000204,0,0.37144416731078744,1,0.1842471556407169,available
ab-test-000205,1,0.9357744437524088,1,0.1842471556407169,available
ab-test-000206,0,0.0035180741396849714,0,0.1842471556407169,available
ab-test-000207,0,0.009549643569808067,0,0.1842471556407169,available
ab-test-000208,1,0.8812556844227798,1,0.1842471556407169,available
ab-test-000209,0,0.0019135009104253638,0,0.1842471556407169,available
ab-test-000210,0,0.047721539102276736,0,0.1842471556407169,available
ab-test-000211,0,0.001511578961760717,0,0.1842471556407169,available
ab-test-000212,0,0.0007413029477964239,0,0.1842471556407169,available
ab-test-000213,0,0.0051446727922370115,0,0.1842471556407169,available
ab-test-000214,1,0.9758992592078216,1,0.1842471556407169,available
ab-test-000215,0,0.0015658821091129123,0,0.1842471556407169,available
ab-test-000216,0,0.0009219647553545442,0,0.1842471556407169,available
ab-test-000217,0,0.00213103665529141,0,0.1842471556407169,available
ab-test-000218,0,0.0008362817424065035,0,0.1842471556407169,available
ab-test-000219,0,0.009061112911488426,0,0.1842471556407169,available
ab-test-000220,0,0.0005664083490225396,0,0.1842471556407169,available
ab-test-000221,0,0.0010522547185132318,0,0.1842471556407169,available
ab-test-000222,0,0.0009897085820569805,0,0.1842471556407169,available
ab-test-000223,0,0.003243334028853304,0,0.1842471556407169,available
ab-test-000224,0,0.0010841285519096427,0,0.1842471556407169,available
ab-test-000225,0,0.00534659872272537,0,0.1842471556407169,available
ab-test-000226,0,0.055703413168800904,0,0.1842471556407169,available
ab-test-000227,0,0.0014511592452055733,0,0.1842471556407169,available
ab-test-000228,0,0.009240511550200977,0,0.1842471556407169,available
ab-test-000229,1,0.9911755089398354,1,0.1842471556407169,available
ab-test-000230,0,0.012218812915881758,0,0.1842471556407169,available
ab-test-000231,0,0.0066949252502957,0,0.1842471556407169,available
ab-test-000232,0,0.00920614589835235,0,0.1842471556407169,available
ab-test-000233,0,0.002580849605872216,0,0.1842471556407169,available
ab-test-000234,0,0.0028735983175502146,0,0.1842471556407169,available
ab-test-000235,0,0.006729217061829552,0,0.1842471556407169,available
ab-test-000236,0,0.0006234597534952176,0,0.1842471556407169,available
ab-test-000237,1,0.9882819113934788,1,0.1842471556407169,available
ab-test-000238,0,0.001701049661338004,0,0.1842471556407169,available
ab-test-000239,0,0.026876397386360072,0,0.1842471556407169,available
ab-test-000240,0,0.0021617425425286114,0,0.1842471556407169,available
ab-test-000241,0,0.0006429743663435433,0,0.1842471556407169,available
ab-test-000242,0,0.019190787741378373,0,0.1842471556407169,available
ab-test-000243,0,0.007411073439960236,0,0.1842471556407169,available
ab-test-000244,0,0.0009241563616673956,0,0.1842471556407169,available
ab-test-000245,1,0.986376588750005,1,0.1842471556407169,available
ab-test-000246,0,0.01198375420866537,0,0.1842471556407169,available
ab-test-000247,0,0.023810171429751406,0,0.1842471556407169,available
ab-test-000248,0,0.0016875053457759057,0,0.1842471556407169,available
ab-test-000249,0,0.0025394342396817212,0,0.1842471556407169,available
ab-test-000250,0,0.0035791503989118746,0,0.1842471556407169,available
ab-test-000251,0,0.026799606920813457,0,0.1842471556407169,available
ab-test-000252,0,0.003758525077506858,0,0.1842471556407169,available
ab-test-000253,0,0.06256073763541303,0,0.1842471556407169,available
ab-test-000254,0,0.005826152403905357,0,0.1842471556407169,available
ab-test-000255,0,0.004859123341498027,0,0.1842471556407169,available
ab-test-000256,0,0.004322300596480512,0,0.1842471556407169,available
ab-test-000257,0,0.008504768758930548,0,0.1842471556407169,available
ab-test-000258,0,0.0056153317142005905,0,0.1842471556407169,available
ab-test-000259,0,0.025165091365435655,0,0.1842471556407169,available
ab-test-000260,0,0.0009665571816616146,0,0.1842471556407169,available
ab-test-000261,0,0.12664167836413873,0,0.1842471556407169,available
ab-test-000262,0,0.0018751094598784563,0,0.1842471556407169,available
ab-test-000263,0,0.0022910365582700857,0,0.1842471556407169,available
ab-test-000264,0,0.0027937067182175115,0,0.1842471556407169,available
ab-test-000265,0,0.0018866479159639932,0,0.1842471556407169,available
ab-test-000266,0,0.0031940036132475495,0,0.1842471556407169,available
ab-test-000267,0,0.0005587229988930575,0,0.1842471556407169,available
ab-test-000268,0,0.0021182160007353432,0,0.1842471556407169,available
ab-test-000269,0,0.010399921694057566,0,0.1842471556407169,available
ab-test-000270,0,0.0405544028401522,0,0.1842471556407169,available
ab-test-000271,0,0.0013375534218724343,0,0.1842471556407169,available
ab-test-000272,0,0.0009373549346726883,0,0.1842471556407169,available
ab-test-000273,0,0.024313239969097955,0,0.1842471556407169,available
ab-test-000274,0,0.01411911594880604,0,0.1842471556407169,available
ab-test-000275,0,0.001529662450643037,0,0.1842471556407169,available
ab-test-000276,0,0.005320116858938081,0,0.1842471556407169,available
ab-test-000277,0,0.24654626034370689,1,0.1842471556407169,available
ab-test-000278,0,0.0009873749563582234,0,0.1842471556407169,available
ab-test-000279,0,0.0052864506848559,0,0.1842471556407169,available
ab-test-000280,0,0.0009059538488227971,0,0.1842471556407169,available
ab-test-000281,0,0.0009674057398292469,0,0.1842471556407169,available
ab-test-000282,0,0.0071406126456597515,0,0.1842471556407169,available
ab-test-000283,0,0.0005429874954132283,0,0.1842471556407169,available
ab-test-000284,0,0.0025557023553855903,0,0.1842471556407169,available
ab-test-000285,0,0.0004858813235616437,0,0.1842471556407169,available
ab-test-000286,0,0.008301331482783569,0,0.1842471556407169,available
ab-test-000287,0,0.00123604029680747,0,0.1842471556407169,available
ab-test-000288,0,0.0029981078990816376,0,0.1842471556407169,available
ab-test-000289,0,0.013434132815061926,0,0.1842471556407169,available
ab-test-000290,0,0.0015023692622725439,0,0.1842471556407169,available
ab-test-000291,0,0.009909735128739721,0,0.1842471556407169,available
ab-test-000292,0,0.005916470430284806,0,0.1842471556407169,available
ab-test-000293,0,0.0021718454359563066,0,0.1842471556407169,available
ab-test-000294,0,0.005618885328657203,0,0.1842471556407169,available
ab-test-000295,0,0.008367821434405339,0,0.1842471556407169,available
ab-test-000296,1,0.973174212355776,1,0.1842471556407169,available
ab-test-000297,0,0.008492624082997452,0,0.1842471556407169,available
ab-test-000298,0,0.005083796689811083,0,0.1842471556407169,available
ab-test-000299,0,0.0013976957598355536,0,0.1842471556407169,available
ab-test-000300,0,0.009458441346218427,0,0.1842471556407169,available
ab-test-000301,0,0.007110906673244481,0,0.1842471556407169,available
ab-test-000302,0,0.000439714682020515,0,0.1842471556407169,available
ab-test-000303,0,0.0044893882780533585,0,0.1842471556407169,available
ab-test-000304,0,0.0035462677117748323,0,0.1842471556407169,available
ab-test-000305,0,0.03363883825513023,0,0.1842471556407169,available
ab-test-000306,0,0.01258214711109392,0,0.1842471556407169,available
ab-test-000307,1,0.9941876885709009,1,0.1842471556407169,available
ab-test-000308,1,0.9925657841716082,1,0.1842471556407169,available
ab-test-000309,0,0.04047995849746432,0,0.1842471556407169,available
ab-test-000310,0,0.026722437776179896,0,0.1842471556407169,available
ab-test-000311,1,0.9735969391769687,1,0.1842471556407169,available
ab-test-000312,0,0.013686811896863531,0,0.1842471556407169,available
ab-test-000313,0,0.02497293640645915,0,0.1842471556407169,available
ab-test-000314,1,0.9815170095788719,1,0.1842471556407169,available
ab-test-000315,0,0.025819319323540545,0,0.1842471556407169,available
ab-test-000316,0,0.00523049710754385,0,0.1842471556407169,available
ab-test-000317,0,0.001320643502289062,0,0.1842471556407169,available
ab-test-000318,1,0.978978671407655,1,0.1842471556407169,available
ab-test-000319,0,0.0010052619416280161,0,0.1842471556407169,available
ab-test-000320,0,0.009710425056785805,0,0.1842471556407169,available
ab-test-000321,0,0.0007428349345654244,0,0.1842471556407169,available
ab-test-000322,0,0.003180246346802851,0,0.1842471556407169,available
ab-test-000323,0,0.0014539172169580957,0,0.1842471556407169,available
ab-test-000324,0,0.029430255160134252,0,0.1842471556407169,available
ab-test-000325,0,0.0016906724783141336,0,0.1842471556407169,available
ab-test-000326,0,0.006858236725504477,0,0.1842471556407169,available
ab-test-000327,0,0.0066876129923442796,0,0.1842471556407169,available
ab-test-000328,0,0.0014565217909966557,0,0.1842471556407169,available
ab-test-000329,1,0.5502014871452919,1,0.1842471556407169,available
ab-test-000330,0,0.0015544418082371941,0,0.1842471556407169,available
ab-test-000331,1,0.9781999768707175,1,0.1842471556407169,available
ab-test-000332,0,0.0011751283581679193,0,0.1842471556407169,available
ab-test-000333,0,0.0022452206743100145,0,0.1842471556407169,available
ab-test-000334,0,0.011761493370128943,0,0.1842471556407169,available
ab-test-000335,0,0.005810748220052317,0,0.1842471556407169,available
ab-test-000336,0,0.005780017071288517,0,0.1842471556407169,available
ab-test-000337,1,0.9843665974495333,1,0.1842471556407169,available
ab-test-000338,0,0.001853195539822531,0,0.1842471556407169,available
ab-test-000339,0,0.007768045003805572,0,0.1842471556407169,available
ab-test-000340,0,0.0007645285178035715,0,0.1842471556407169,available
ab-test-000341,0,0.3082548838164088,1,0.1842471556407169,available
ab-test-000342,0,0.003029013305996348,0,0.1842471556407169,available
ab-test-000343,0,0.09797844937030437,0,0.1842471556407169,available
ab-test-000344,0,0.0034754369157396353,0,0.1842471556407169,available
ab-test-000345,0,0.008163509556550787,0,0.1842471556407169,available
ab-test-000346,1,0.9711179003458528,1,0.1842471556407169,available
ab-test-000347,0,0.001971267104380077,0,0.1842471556407169,available
ab-test-000348,0,0.010437511845529103,0,0.1842471556407169,available
ab-test-000349,0,0.00640502019011549,0,0.1842471556407169,available
ab-test-000350,0,0.0018930971621016596,0,0.1842471556407169,available
ab-test-000351,0,0.0013860110603130884,0,0.1842471556407169,available
ab-test-000352,0,0.004004944096221976,0,0.1842471556407169,available
ab-test-000353,0,0.0011371192823028693,0,0.1842471556407169,available
ab-test-000354,0,0.01560332995585901,0,0.1842471556407169,available
ab-test-000355,0,0.0036556024616711874,0,0.1842471556407169,available
ab-test-000356,0,0.09757479913092766,0,0.1842471556407169,available
ab-test-000357,0,0.0008669667306033155,0,0.1842471556407169,available
ab-test-000358,0,0.002619588212485549,0,0.1842471556407169,available
ab-test-000359,0,0.0020307014714678003,0,0.1842471556407169,available
ab-test-000360,0,0.01692976077316901,0,0.1842471556407169,available
ab-test-000361,0,0.01492884797027276,0,0.1842471556407169,available
ab-test-000362,0,0.0017274140719556461,0,0.1842471556407169,available
ab-test-000363,0,0.000978325659881948,0,0.1842471556407169,available
ab-test-000364,0,0.0006254081372909776,0,0.1842471556407169,available
ab-test-000365,1,0.9764454878582122,1,0.1842471556407169,available
ab-test-000366,0,0.03277050317340957,0,0.1842471556407169,available
ab-test-000367,0,0.0034627653688909616,0,0.1842471556407169,available
ab-test-000368,0,0.008402449054139734,0,0.1842471556407169,available
ab-test-000369,0,0.006896272068123422,0,0.1842471556407169,available
ab-test-000370,0,0.017410076004860005,0,0.1842471556407169,available
ab-test-000371,1,0.9874560794332956,1,0.1842471556407169,available
ab-test-000372,0,0.0007848982154111609,0,0.1842471556407169,available
ab-test-000373,0,0.0017893080436480549,0,0.1842471556407169,available
ab-test-000374,0,0.008846966060082577,0,0.1842471556407169,available
ab-test-000375,0,0.0005068754759672045,0,0.1842471556407169,available
ab-test-000376,0,0.0015014435141854601,0,0.1842471556407169,available
ab-test-000377,0,0.022144682207901795,0,0.1842471556407169,available
ab-test-000378,0,0.002145726432950642,0,0.1842471556407169,available
ab-test-000379,1,0.8785129073287784,1,0.1842471556407169,available
ab-test-000380,0,0.0034510557358018775,0,0.1842471556407169,available
ab-test-000381,0,0.018339643945563016,0,0.1842471556407169,available
ab-test-000382,0,0.0031511762540979275,0,0.1842471556407169,available
ab-test-000383,0,0.004614454996597273,0,0.1842471556407169,available
ab-test-000384,1,0.9912058475303626,1,0.1842471556407169,available
ab-test-000385,0,0.0017625360297404225,0,0.1842471556407169,available
ab-test-000386,0,0.1277782502099483,0,0.1842471556407169,available
ab-test-000387,0,0.001608619791214076,0,0.1842471556407169,available
ab-test-000388,0,0.010960763069294322,0,0.1842471556407169,available
ab-test-000389,1,0.9804909568994542,1,0.1842471556407169,available
ab-test-000390,0,0.0792761048784327,0,0.1842471556407169,available
ab-test-000391,0,0.007329775648628704,0,0.1842471556407169,available
ab-test-000392,0,0.0014503785665683994,0,0.1842471556407169,available
ab-test-000393,0,0.015703269107007225,0,0.1842471556407169,available
ab-test-000394,0,0.03622900751280667,0,0.1842471556407169,available
ab-test-000395,0,0.0021371357161835535,0,0.1842471556407169,available
ab-test-000396,0,0.00868789850736829,0,0.1842471556407169,available
ab-test-000397,0,0.0010624332078744368,0,0.1842471556407169,available
ab-test-000398,0,0.0012064707965769017,0,0.1842471556407169,available
ab-test-000399,1,0.9292028186521769,1,0.1842471556407169,available
ab-test-000400,0,0.0011882958527694204,0,0.1842471556407169,available
ab-test-000401,1,0.9952734228092066,1,0.1842471556407169,available
ab-test-000402,1,0.9952320621438724,1,0.1842471556407169,available
ab-test-000403,0,0.009893201582576037,0,0.1842471556407169,available
ab-test-000404,1,0.5693563478116984,1,0.1842471556407169,available
ab-test-000405,0,0.0009566340462325338,0,0.1842471556407169,available
ab-test-000406,0,0.3275373150116754,1,0.1842471556407169,available
ab-test-000407,0,0.04480555374274395,0,0.1842471556407169,available
ab-test-000408,0,0.029229254744568722,0,0.1842471556407169,available
ab-test-000409,0,0.11168171768527249,0,0.1842471556407169,available
ab-test-000410,0,0.04990620963522952,0,0.1842471556407169,available
ab-test-000411,0,0.011477566814825903,0,0.1842471556407169,available
ab-test-000412,1,0.9420860977202551,1,0.1842471556407169,available
ab-test-000413,0,0.01727153192987638,0,0.1842471556407169,available
ab-test-000414,0,0.0009797569771954056,0,0.1842471556407169,available
ab-test-000415,0,0.0024732672192857024,0,0.1842471556407169,available
ab-test-000416,0,0.015523717430155425,0,0.1842471556407169,available
ab-test-000417,0,0.0015871532026978457,0,0.1842471556407169,available
ab-test-000418,0,0.005480531809540542,0,0.1842471556407169,available
ab-test-000419,1,0.9807112587751489,1,0.1842471556407169,available
ab-test-000420,0,0.01354594861620145,0,0.1842471556407169,available
ab-test-000421,1,0.9863770817990816,1,0.1842471556407169,available
ab-test-000422,0,0.023596545396996165,0,0.1842471556407169,available
ab-test-000423,0,0.001679317803814854,0,0.1842471556407169,available
ab-test-000424,0,0.002976376831193011,0,0.1842471556407169,available
ab-test-000425,0,0.0013519822983124536,0,0.1842471556407169,available
ab-test-000426,0,0.01836137042041183,0,0.1842471556407169,available
ab-test-000427,0,0.0031620936611439863,0,0.1842471556407169,available
ab-test-000428,0,0.002764433707222943,0,0.1842471556407169,available
ab-test-000429,0,0.0068420227353699105,0,0.1842471556407169,available
ab-test-000430,0,0.390012438710457,1,0.1842471556407169,available
ab-test-000431,1,0.940039319457742,1,0.1842471556407169,available
ab-test-000432,0,0.0059365182291582445,0,0.1842471556407169,available
ab-test-000433,0,0.0050690134013107735,0,0.1842471556407169,available
ab-test-000434,0,0.012685965495471269,0,0.1842471556407169,available
ab-test-000435,0,0.0018506409090862112,0,0.1842471556407169,available
ab-test-000436,0,0.001754692304758262,0,0.1842471556407169,available
ab-test-000437,0,0.006699254726353054,0,0.1842471556407169,available
ab-test-000438,0,0.0017464225267066933,0,0.1842471556407169,available
ab-test-000439,0,0.0007226313214317771,0,0.1842471556407169,available
ab-test-000440,0,0.005948957452918384,0,0.1842471556407169,available
ab-test-000441,0,0.002590885400966074,0,0.1842471556407169,available
ab-test-000442,0,0.002344116747420101,0,0.1842471556407169,available
ab-test-000443,0,0.011929770880121409,0,0.1842471556407169,available
ab-test-000444,0,0.004743855023741378,0,0.1842471556407169,available
ab-test-000445,0,0.0025733402048567664,0,0.1842471556407169,available
ab-test-000446,0,0.0026249689174885262,0,0.1842471556407169,available
ab-test-000447,0,0.0012016648190796497,0,0.1842471556407169,available
ab-test-000448,0,0.03022945488262306,0,0.1842471556407169,available
ab-test-000449,0,0.0020193010508555986,0,0.1842471556407169,available
ab-test-000450,0,0.026761878283611724,0,0.1842471556407169,available
ab-test-000451,0,0.0018817517645705194,0,0.1842471556407169,available
ab-test-000452,0,0.011051547891147248,0,0.1842471556407169,available
ab-test-000453,0,0.007798396574884032,0,0.1842471556407169,available
ab-test-000454,0,0.0067149900258978955,0,0.1842471556407169,available
ab-test-000455,0,0.00043741746758289705,0,0.1842471556407169,available
ab-test-000456,0,0.003014258619005206,0,0.1842471556407169,available
ab-test-000457,0,0.0016854904397167272,0,0.1842471556407169,available
ab-test-000458,0,0.0022249547703466046,0,0.1842471556407169,available
ab-test-000459,0,0.0036361429115159827,0,0.1842471556407169,available
ab-test-000460,0,0.0015777441064291709,0,0.1842471556407169,available
ab-test-000461,0,0.0018899556917973195,0,0.1842471556407169,available
ab-test-000462,0,0.024845598217644704,0,0.1842471556407169,available
ab-test-000463,0,0.003927787371270204,0,0.1842471556407169,available
ab-test-000464,0,0.001104462953557814,0,0.1842471556407169,available
ab-test-000465,0,0.003774595942792996,0,0.1842471556407169,available
ab-test-000466,0,0.12614394978761123,0,0.1842471556407169,available
ab-test-000467,0,0.003953003304789591,0,0.1842471556407169,available
ab-test-000468,0,0.0010287595967874426,0,0.1842471556407169,available
ab-test-000469,0,0.0034572053919422656,0,0.1842471556407169,available
ab-test-000470,0,0.0030890260460467883,0,0.1842471556407169,available
ab-test-000471,0,0.006468704143660978,0,0.1842471556407169,available
ab-test-000472,0,0.0014922957740749426,0,0.1842471556407169,available
ab-test-000473,0,0.0046917689896742035,0,0.1842471556407169,available
ab-test-000474,1,0.8209398104949402,1,0.1842471556407169,available
ab-test-000475,0,0.0029412386736035476,0,0.1842471556407169,available
ab-test-000476,0,0.001123531619835961,0,0.1842471556407169,available
ab-test-000477,0,0.011242643813527933,0,0.1842471556407169,available
ab-test-000478,0,0.007146021427705894,0,0.1842471556407169,available
ab-test-000479,0,0.007717719891964102,0,0.1842471556407169,available
ab-test-000480,0,0.0015179069764157792,0,0.1842471556407169,available
ab-test-000481,0,0.0024307757844980586,0,0.1842471556407169,available
ab-test-000482,0,0.002177249763725675,0,0.1842471556407169,available
ab-test-000483,0,0.0029375294468234328,0,0.1842471556407169,available
ab-test-000484,0,0.008693384530468262,0,0.1842471556407169,available
ab-test-000485,0,0.02905117970575291,0,0.1842471556407169,available
ab-test-000486,0,0.0008648573490886398,0,0.1842471556407169,available
ab-test-000487,0,0.021636123029725784,0,0.1842471556407169,available
ab-test-000488,0,0.002671283759204096,0,0.1842471556407169,available
ab-test-000489,0,0.23472451070411318,1,0.1842471556407169,available
ab-test-000490,0,0.0020614910591445603,0,0.1842471556407169,available
ab-test-000491,0,0.0049702974887338835,0,0.1842471556407169,available
ab-test-000492,0,0.0010700935664425218,0,0.1842471556407169,available
ab-test-000493,0,0.0003436331821238345,0,0.1842471556407169,available
ab-test-000494,1,0.968670632260822,1,0.1842471556407169,available
ab-test-000495,0,0.0006007493120855655,0,0.1842471556407169,available
ab-test-000496,0,0.015313429372130524,0,0.1842471556407169,available
ab-test-000497,0,0.001945721926678382,0,0.1842471556407169,available
ab-test-000498,0,0.008935730888623202,0,0.1842471556407169,available
ab-test-000499,0,0.2163792739830235,1,0.1842471556407169,available
ab-test-000500,0,0.0007578495362311611,0,0.1842471556407169,available
ab-test-000501,0,0.017860831515310805,0,0.1842471556407169,available
ab-test-000502,1,0.8874844816726871,1,0.1842471556407169,available
ab-test-000503,0,0.010738341921818873,0,0.1842471556407169,available
ab-test-000504,1,0.8329815757831154,1,0.1842471556407169,available
ab-test-000505,0,0.001263721217005786,0,0.1842471556407169,available
ab-test-000506,0,0.004474216211977217,0,0.1842471556407169,available
ab-test-000507,0,0.0008198830068816442,0,0.1842471556407169,available
ab-test-000508,1,0.9634070723649673,1,0.1842471556407169,available
ab-test-000509,0,0.019802415210111873,0,0.1842471556407169,available
ab-test-000510,0,0.025668322923077566,0,0.1842471556407169,available
ab-test-000511,0,0.0005921822732471183,0,0.1842471556407169,available
ab-test-000512,0,0.006651446815709505,0,0.1842471556407169,available
ab-test-000513,0,0.011047784033519711,0,0.1842471556407169,available
ab-test-000514,0,0.0011897633236273165,0,0.1842471556407169,available
ab-test-000515,0,0.015280336775969055,0,0.1842471556407169,available
ab-test-000516,0,0.18660416183664086,1,0.1842471556407169,available
ab-test-000517,0,0.32804952689394945,1,0.1842471556407169,available
ab-test-000518,0,0.012291320281292076,0,0.1842471556407169,available
ab-test-000519,1,0.8516565266005613,1,0.1842471556407169,available
ab-test-000520,0,0.010612404464137398,0,0.1842471556407169,available
ab-test-000521,0,0.0006575834199273876,0,0.1842471556407169,available
ab-test-000522,0,0.25756305560745274,1,0.1842471556407169,available
ab-test-000523,1,0.949924697108715,1,0.1842471556407169,available
ab-test-000524,0,0.0022394807401580866,0,0.1842471556407169,available
ab-test-000525,0,0.003937931932758157,0,0.1842471556407169,available
ab-test-000526,0,0.04244067092280928,0,0.1842471556407169,available
ab-test-000527,1,0.9931272537820715,1,0.1842471556407169,available
ab-test-000528,0,0.0014509382889136846,0,0.1842471556407169,available
ab-test-000529,0,0.009924542093712956,0,0.1842471556407169,available
ab-test-000530,0,0.0028360637279727856,0,0.1842471556407169,available
ab-test-000531,0,0.009860845878746733,0,0.1842471556407169,available
ab-test-000532,0,0.016644200847110793,0,0.1842471556407169,available
ab-test-000533,0,0.00777821917380927,0,0.1842471556407169,available
ab-test-000534,0,0.0009085050258518396,0,0.1842471556407169,available
ab-test-000535,0,0.003673788628495524,0,0.1842471556407169,available
ab-test-000536,0,0.0023779629015320465,0,0.1842471556407169,available
ab-test-000537,0,0.014132180792512364,0,0.1842471556407169,available
ab-test-000538,0,0.0011216229068474713,0,0.1842471556407169,available
ab-test-000539,0,0.006337964849906288,0,0.1842471556407169,available
ab-test-000540,0,0.0008042501483163752,0,0.1842471556407169,available
ab-test-000541,0,0.5302048730692157,1,0.1842471556407169,available
ab-test-000542,0,0.016408282218132758,0,0.1842471556407169,available
ab-test-000543,0,0.0008868628783423878,0,0.1842471556407169,available
ab-test-000544,1,0.2793906506081939,1,0.1842471556407169,available
ab-test-000545,0,0.0004628619959260825,0,0.1842471556407169,available
ab-test-000546,0,0.19085332598243074,1,0.1842471556407169,available
ab-test-000547,1,0.9820277222015056,1,0.1842471556407169,available
ab-test-000548,1,0.9891879162025397,1,0.1842471556407169,available
ab-test-000549,0,0.01431758729962417,0,0.1842471556407169,available
ab-test-000550,0,0.015360641276453889,0,0.1842471556407169,available
ab-test-000551,0,0.018202594532798606,0,0.1842471556407169,available
ab-test-000552,0,0.0017560387747716276,0,0.1842471556407169,available
ab-test-000553,0,0.004400866127314133,0,0.1842471556407169,available
ab-test-000554,0,0.0013232499367070935,0,0.1842471556407169,available
ab-test-000555,0,0.028333696514594508,0,0.1842471556407169,available
ab-test-000556,0,0.004783168838982355,0,0.1842471556407169,available
ab-test-000557,0,0.0020218390053636653,0,0.1842471556407169,available
ab-test-000558,0,0.002048498645953331,0,0.1842471556407169,available
ab-test-000559,0,0.003479282154705506,0,0.1842471556407169,available
ab-test-000560,0,0.000995221091289866,0,0.1842471556407169,available
ab-test-000561,0,0.001896980421333686,0,0.1842471556407169,available
ab-test-000562,1,0.9731921563769599,1,0.1842471556407169,available
ab-test-000563,0,0.009546267025068405,0,0.1842471556407169,available
ab-test-000564,0,0.005349825749257009,0,0.1842471556407169,available
ab-test-000565,0,0.015464338878917067,0,0.1842471556407169,available
ab-test-000566,0,0.003972912894992683,0,0.1842471556407169,available
ab-test-000567,1,0.9886826555220718,1,0.1842471556407169,available
ab-test-000568,0,0.023536814578969466,0,0.1842471556407169,available
ab-test-000569,0,0.0025652235955572525,0,0.1842471556407169,available
ab-test-000570,0,0.0008018489789220454,0,0.1842471556407169,available
ab-test-000571,0,0.002138099223212043,0,0.1842471556407169,available
ab-test-000572,0,0.0014613968421198615,0,0.1842471556407169,available
ab-test-000573,0,0.0005616090515707056,0,0.1842471556407169,available
ab-test-000574,0,0.6247769507921442,1,0.1842471556407169,available
ab-test-000575,0,0.029456584534771523,0,0.1842471556407169,available
ab-test-000576,0,0.0028404000889256987,0,0.1842471556407169,available
ab-test-000577,0,0.0008739340155436649,0,0.1842471556407169,available
ab-test-000578,0,0.008134396221272561,0,0.1842471556407169,available
ab-test-000579,0,0.00038918982443922464,0,0.1842471556407169,available
ab-test-000580,0,0.0018052377448335814,0,0.1842471556407169,available
ab-test-000581,0,0.001697430247127081,0,0.1842471556407169,available
ab-test-000582,0,0.010808262212135438,0,0.1842471556407169,available
ab-test-000583,0,0.002908945673568814,0,0.1842471556407169,available
ab-test-000584,0,0.014247144857546933,0,0.1842471556407169,available
ab-test-000585,0,0.008314296072489336,0,0.1842471556407169,available
ab-test-000586,0,0.017710193503116176,0,0.1842471556407169,available
ab-test-000587,0,0.001529297120120079,0,0.1842471556407169,available
ab-test-000588,0,0.015850207827010777,0,0.1842471556407169,available
ab-test-000589,0,0.010093623332083218,0,0.1842471556407169,available
ab-test-000590,0,0.0046889117306238666,0,0.1842471556407169,available
ab-test-000591,0,0.0011972469446344225,0,0.1842471556407169,available
ab-test-000592,0,0.0010201416489032506,0,0.1842471556407169,available
ab-test-000593,0,0.0012811301674958068,0,0.1842471556407169,available
ab-test-000594,0,0.010687406754667828,0,0.1842471556407169,available
ab-test-000595,0,0.00936921929208452,0,0.1842471556407169,available
ab-test-000596,0,0.6632560953289226,1,0.1842471556407169,available
ab-test-000597,1,0.8841915070248311,1,0.1842471556407169,available
ab-test-000598,0,0.00507066459812357,0,0.1842471556407169,available
ab-test-000599,0,0.10469934921203361,0,0.1842471556407169,available
ab-test-000600,0,0.015164584207854081,0,0.1842471556407169,available
ab-test-000601,0,0.006062090363395038,0,0.1842471556407169,available
ab-test-000602,0,0.0010136256419781792,0,0.1842471556407169,available
ab-test-000603,0,0.004370353653191893,0,0.1842471556407169,available
ab-test-000604,0,0.0015036419348950375,0,0.1842471556407169,available
ab-test-000605,0,0.117961130995896,0,0.1842471556407169,available
ab-test-000606,0,0.003368764882887775,0,0.1842471556407169,available
ab-test-000607,0,0.002594730562481009,0,0.1842471556407169,available
ab-test-000608,0,0.2891409997983627,1,0.1842471556407169,available
ab-test-000609,0,0.0072731256695305925,0,0.1842471556407169,available
ab-test-000610,0,0.003251990133112999,0,0.1842471556407169,available
ab-test-000611,0,0.01544402648234399,0,0.1842471556407169,available
ab-test-000612,0,0.001572669384912085,0,0.1842471556407169,available
ab-test-000613,1,0.9587064869943711,1,0.1842471556407169,available
ab-test-000614,0,0.006254718753787315,0,0.1842471556407169,available
ab-test-000615,0,0.004468271676972939,0,0.1842471556407169,available
ab-test-000616,0,0.0107966020234772,0,0.1842471556407169,available
ab-test-000617,0,0.00039514445346481485,0,0.1842471556407169,available
ab-test-000618,1,0.8820513203385941,1,0.1842471556407169,available
ab-test-000619,0,0.010582598714617922,0,0.1842471556407169,available
ab-test-000620,0,0.0033077937818170706,0,0.1842471556407169,available
ab-test-000621,0,0.023592400374568955,0,0.1842471556407169,available
ab-test-000622,0,0.6944381112621665,1,0.1842471556407169,available
ab-test-000623,0,0.015730390353647004,0,0.1842471556407169,available
ab-test-000624,1,0.9860357351105037,1,0.1842471556407169,available
ab-test-000625,0,0.001288703412692242,0,0.1842471556407169,available
ab-test-000626,0,0.003834348460887148,0,0.1842471556407169,available
ab-test-000627,0,0.0010633451708817277,0,0.1842471556407169,available
ab-test-000628,0,0.013864420856203019,0,0.1842471556407169,available
ab-test-000629,0,0.0006988745072550537,0,0.1842471556407169,available
ab-test-000630,0,0.02853808105191495,0,0.1842471556407169,available
ab-test-000631,0,0.00020969640905253278,0,0.1842471556407169,available
ab-test-000632,1,0.6966719581647767,1,0.1842471556407169,available
ab-test-000633,0,0.00211032981753379,0,0.1842471556407169,available
ab-test-000634,0,0.014754348208640853,0,0.1842471556407169,available
ab-test-000635,0,0.0035051994742949684,0,0.1842471556407169,available
ab-test-000636,0,0.01340909453081064,0,0.1842471556407169,available
ab-test-000637,0,0.24524750903352935,1,0.1842471556407169,available
ab-test-000638,0,0.01899196210391135,0,0.1842471556407169,available
ab-test-000639,0,0.5646706712206604,1,0.1842471556407169,available
ab-test-000640,0,0.032736201474457584,0,0.1842471556407169,available
ab-test-000641,1,0.9804783931006816,1,0.1842471556407169,available
ab-test-000642,0,0.01987866401927199,0,0.1842471556407169,available
ab-test-000643,0,0.0017741556662700668,0,0.1842471556407169,available
ab-test-000644,0,0.001998451129180141,0,0.1842471556407169,available
ab-test-000645,0,0.007238641040044093,0,0.1842471556407169,available
ab-test-000646,0,0.001838493021796713,0,0.1842471556407169,available
ab-test-000647,1,0.9890144700123632,1,0.1842471556407169,available
ab-test-000648,0,0.0010190301128099146,0,0.1842471556407169,available
ab-test-000649,0,0.0013265299872310722,0,0.1842471556407169,available
ab-test-000650,0,0.002976494949208085,0,0.1842471556407169,available
ab-test-000651,0,0.0007750890581588951,0,0.1842471556407169,available
ab-test-000652,0,0.006022406928217748,0,0.1842471556407169,available
ab-test-000653,0,0.005906365796947685,0,0.1842471556407169,available
ab-test-000654,0,0.001960905501941129,0,0.1842471556407169,available
ab-test-000655,0,0.0010336506703399297,0,0.1842471556407169,available
ab-test-000656,0,0.004856041759519669,0,0.1842471556407169,available
ab-test-000657,0,0.0033551079628261144,0,0.1842471556407169,available
ab-test-000658,0,0.003188346487864471,0,0.1842471556407169,available
ab-test-000659,1,0.8456465383593138,1,0.1842471556407169,available
ab-test-000660,0,0.007145355895402335,0,0.1842471556407169,available
ab-test-000661,0,0.0030207628429611173,0,0.1842471556407169,available
ab-test-000662,0,0.0008858783024509422,0,0.1842471556407169,available
ab-test-000663,0,0.019312558253032328,0,0.1842471556407169,available
ab-test-000664,0,0.002598537849585356,0,0.1842471556407169,available
ab-test-000665,1,0.011597822316033268,0,0.1842471556407169,available
ab-test-000666,0,0.0013919444202811536,0,0.1842471556407169,available
ab-test-000667,1,0.9911047428735646,1,0.1842471556407169,available
ab-test-000668,0,0.024738155088702096,0,0.1842471556407169,available
ab-test-000669,0,0.0038314928242110125,0,0.1842471556407169,available
ab-test-000670,0,0.003016129706749525,0,0.1842471556407169,available
ab-test-000671,0,0.030668202917748247,0,0.1842471556407169,available
ab-test-000672,0,0.0160073608258451,0,0.1842471556407169,available
ab-test-000673,1,0.9842234035151167,1,0.1842471556407169,available
ab-test-000674,0,0.009784258678027817,0,0.1842471556407169,available
ab-test-000675,0,0.0008281555026131881,0,0.1842471556407169,available
ab-test-000676,0,0.0008335776135262648,0,0.1842471556407169,available
ab-test-000677,0,0.0023239047339572013,0,0.1842471556407169,available
ab-test-000678,0,0.0185672405814086,0,0.1842471556407169,available
ab-test-000679,1,0.9844115902907354,1,0.1842471556407169,available
ab-test-000680,1,0.9675549250260145,1,0.1842471556407169,available
ab-test-000681,0,0.01525587267548237,0,0.1842471556407169,available
ab-test-000682,0,0.001831055517294626,0,0.1842471556407169,available
ab-test-000683,0,0.0028469630956044095,0,0.1842471556407169,available
ab-test-000684,0,0.0018119234933046077,0,0.1842471556407169,available
ab-test-000685,0,0.004580481472008334,0,0.1842471556407169,available
ab-test-000686,1,0.9647366309398622,1,0.1842471556407169,available
ab-test-000687,0,0.0045559391682633505,0,0.1842471556407169,available
ab-test-000688,0,0.006601696372785625,0,0.1842471556407169,available
ab-test-000689,0,0.012508030366922983,0,0.1842471556407169,available
ab-test-000690,0,0.0025462107848065146,0,0.1842471556407169,available
ab-test-000691,0,0.017161612294022556,0,0.1842471556407169,available
ab-test-000692,0,0.0012747601175057562,0,0.1842471556407169,available
ab-test-000693,0,0.0012472450065304666,0,0.1842471556407169,available
ab-test-000694,0,0.004654658472940486,0,0.1842471556407169,available
ab-test-000695,0,0.0018019245478185075,0,0.1842471556407169,available
ab-test-000696,0,0.009466570843719272,0,0.1842471556407169,available
ab-test-000697,0,0.0012542288020519462,0,0.1842471556407169,available
ab-test-000698,0,0.003747822226779102,0,0.1842471556407169,available
ab-test-000699,0,0.0025719448063157633,0,0.1842471556407169,available
ab-test-000700,0,0.0019131465594423983,0,0.1842471556407169,available
ab-test-000701,0,0.009475108358680501,0,0.1842471556407169,available
ab-test-000702,0,0.003904598351122783,0,0.1842471556407169,available
ab-test-000703,0,0.0016631817949533318,0,0.1842471556407169,available
ab-test-000704,0,0.0022175822225802316,0,0.1842471556407169,available
ab-test-000705,0,0.0057206042214492485,0,0.1842471556407169,available
ab-test-000706,0,0.001884789993409189,0,0.1842471556407169,available
ab-test-000707,0,0.042151913636648865,0,0.1842471556407169,available
ab-test-000708,0,0.07182989159999109,0,0.1842471556407169,available
ab-test-000709,0,0.0041789975244237955,0,0.1842471556407169,available
ab-test-000710,0,0.13767217338626084,0,0.1842471556407169,available
ab-test-000711,0,0.004082816514283909,0,0.1842471556407169,available
ab-test-000712,0,0.02571764387144324,0,0.1842471556407169,available
ab-test-000713,0,0.0013757697574388282,0,0.1842471556407169,available
ab-test-000714,1,0.9825222364717371,1,0.1842471556407169,available
ab-test-000715,0,0.017224511636729525,0,0.1842471556407169,available
ab-test-000716,0,0.0027473543917919422,0,0.1842471556407169,available
ab-test-000717,0,0.0018112239225686342,0,0.1842471556407169,available
ab-test-000718,0,0.0006209686868600217,0,0.1842471556407169,available
ab-test-000719,0,0.028278378385036974,0,0.1842471556407169,available
ab-test-000720,0,0.004970283323982444,0,0.1842471556407169,available
ab-test-000721,0,0.0034932343455003536,0,0.1842471556407169,available
ab-test-000722,1,0.9933660016670991,1,0.1842471556407169,available
ab-test-000723,0,0.016915344255706604,0,0.1842471556407169,available
ab-test-000724,1,0.9379800036512856,1,0.1842471556407169,available
ab-test-000725,1,0.9779313315845216,1,0.1842471556407169,available
ab-test-000726,0,0.0011515551572483273,0,0.1842471556407169,available
ab-test-000727,0,0.013100154677085097,0,0.1842471556407169,available
ab-test-000728,0,0.002513200551919848,0,0.1842471556407169,available
ab-test-000729,0,0.005981693630788062,0,0.1842471556407169,available
ab-test-000730,0,0.0015803788277989493,0,0.1842471556407169,available
ab-test-000731,0,0.0025046541910381708,0,0.1842471556407169,available
ab-test-000732,0,0.0027781991802360603,0,0.1842471556407169,available
ab-test-000733,0,0.004700526310136057,0,0.1842471556407169,available
ab-test-000734,0,0.06195464285539192,0,0.1842471556407169,available
ab-test-000735,1,0.9691440219991113,1,0.1842471556407169,available
ab-test-000736,0,0.0036957955591586495,0,0.1842471556407169,available
ab-test-000737,0,0.0019336938382050212,0,0.1842471556407169,available
ab-test-000738,0,0.029795330331662918,0,0.1842471556407169,available
ab-test-000739,0,0.0009291109588191951,0,0.1842471556407169,available
ab-test-000740,0,0.0005293229880561836,0,0.1842471556407169,available
ab-test-000741,0,0.006842620178035968,0,0.1842471556407169,available
ab-test-000742,0,0.006231952963482619,0,0.1842471556407169,available
ab-test-000743,0,0.009353498938169131,0,0.1842471556407169,available
ab-test-000744,0,0.0012501409647723454,0,0.1842471556407169,available
ab-test-000745,1,0.6687093566671538,1,0.1842471556407169,available
ab-test-000746,1,0.0686279727413072,0,0.1842471556407169,available
ab-test-000747,0,0.05632272035868577,0,0.1842471556407169,available
ab-test-000748,0,0.5077822525704144,1,0.1842471556407169,available
ab-test-000749,0,0.012217882763214982,0,0.1842471556407169,available
ab-test-000750,1,0.7856503880305516,1,0.1842471556407169,available
ab-test-000751,0,0.004359207094945187,0,0.1842471556407169,available
ab-test-000752,0,0.0012095300506026374,0,0.1842471556407169,available
ab-test-000753,0,0.0010735307128001722,0,0.1842471556407169,available
ab-test-000754,0,0.010138340321936109,0,0.1842471556407169,available
ab-test-000755,0,0.004672013876619258,0,0.1842471556407169,available
ab-test-000756,0,0.008374931387682118,0,0.1842471556407169,available
ab-test-000757,0,0.01508136539059365,0,0.1842471556407169,available
ab-test-000758,0,0.004125550594603576,0,0.1842471556407169,available
ab-test-000759,0,0.023179901588576038,0,0.1842471556407169,available
ab-test-000760,0,0.002241921231603118,0,0.1842471556407169,available
ab-test-000761,0,0.0005974452678726345,0,0.1842471556407169,available
ab-test-000762,0,0.0015773233253804024,0,0.1842471556407169,available
ab-test-000763,0,0.012855588777182504,0,0.1842471556407169,available
ab-test-000764,0,0.004082887728935529,0,0.1842471556407169,available
ab-test-000765,0,0.003083582917599635,0,0.1842471556407169,available
ab-test-000766,0,0.008480540418286622,0,0.1842471556407169,available
ab-test-000767,0,0.057854961020084986,0,0.1842471556407169,available
ab-test-000768,0,0.0013566188395934767,0,0.1842471556407169,available
ab-test-000769,0,0.004453204988889878,0,0.1842471556407169,available
ab-test-000770,0,0.0009259882981438407,0,0.1842471556407169,available
ab-test-000771,0,0.006215282041538674,0,0.1842471556407169,available
ab-test-000772,1,0.9744571601947296,1,0.1842471556407169,available
ab-test-000773,0,0.0006463266477268403,0,0.1842471556407169,available
ab-test-000774,0,0.0011040457924725506,0,0.1842471556407169,available
ab-test-000775,0,0.0025295177002017145,0,0.1842471556407169,available
ab-test-000776,0,0.04734396341906957,0,0.1842471556407169,available
ab-test-000777,0,0.007008858328902703,0,0.1842471556407169,available
ab-test-000778,0,0.016532189939009945,0,0.1842471556407169,available
ab-test-000779,0,0.023828143713370845,0,0.1842471556407169,available
ab-test-000780,0,0.0075905822925111,0,0.1842471556407169,available
ab-test-000781,0,0.001694879376810068,0,0.1842471556407169,available
ab-test-000782,0,0.0027670638055109693,0,0.1842471556407169,available
ab-test-000783,0,0.011848469800098411,0,0.1842471556407169,available
ab-test-000784,0,0.002438755181094164,0,0.1842471556407169,available
ab-test-000785,0,0.0008365045225149272,0,0.1842471556407169,available
ab-test-000786,0,0.0010371022186684055,0,0.1842471556407169,available
ab-test-000787,0,0.00617074486436862,0,0.1842471556407169,available
ab-test-000788,0,0.0014349854528835052,0,0.1842471556407169,available
ab-test-000789,0,0.010709820484818852,0,0.1842471556407169,available
ab-test-000790,0,0.0015124792179973515,0,0.1842471556407169,available
ab-test-000791,0,0.002999441279446769,0,0.1842471556407169,available
ab-test-000792,0,0.0012291337474753861,0,0.1842471556407169,available
ab-test-000793,0,0.0015550381347770607,0,0.1842471556407169,available
ab-test-000794,1,0.734864327516037,1,0.1842471556407169,available
ab-test-000795,0,0.0014270565819596791,0,0.1842471556407169,available
ab-test-000796,0,0.006012882033266059,0,0.1842471556407169,available
ab-test-000797,0,0.006289904347868756,0,0.1842471556407169,available
ab-test-000798,0,0.007488269126121359,0,0.1842471556407169,available
ab-test-000799,0,0.003642946651908242,0,0.1842471556407169,available
ab-test-000800,0,0.00836228996749404,0,0.1842471556407169,available
ab-test-000801,0,0.0014823849661383091,0,0.1842471556407169,available
ab-test-000802,0,0.0008537592835128065,0,0.1842471556407169,available
ab-test-000803,0,0.005008552572205267,0,0.1842471556407169,available
ab-test-000804,0,0.003841098745858377,0,0.1842471556407169,available
ab-test-000805,1,0.9491649933049335,1,0.1842471556407169,available
ab-test-000806,0,0.004338450101426917,0,0.1842471556407169,available
ab-test-000807,0,0.0011671645688581525,0,0.1842471556407169,available
ab-test-000808,0,0.00883557055083687,0,0.1842471556407169,available
ab-test-000809,0,0.08351703227298578,0,0.1842471556407169,available
ab-test-000810,0,0.004018958244237628,0,0.1842471556407169,available
ab-test-000811,0,0.0007373454068252734,0,0.1842471556407169,available
ab-test-000812,1,0.9183030420004648,1,0.1842471556407169,available
ab-test-000813,0,0.001529662450643037,0,0.1842471556407169,available
ab-test-000814,0,0.0021791567929063905,0,0.1842471556407169,available
ab-test-000815,0,0.019326822657738645,0,0.1842471556407169,available
ab-test-000816,0,0.0010808158583683022,0,0.1842471556407169,available
ab-test-000817,0,0.08129820294386433,0,0.1842471556407169,available
ab-test-000818,0,0.0027106544934216567,0,0.1842471556407169,available
ab-test-000819,0,0.003987965361507637,0,0.1842471556407169,available
ab-test-000820,0,0.0013598452810171886,0,0.1842471556407169,available
ab-test-000821,0,0.036348009495844776,0,0.1842471556407169,available
ab-test-000822,0,0.001117501199718587,0,0.1842471556407169,available
ab-test-000823,1,0.99570681517046,1,0.1842471556407169,available
ab-test-000824,0,0.005718343089612097,0,0.1842471556407169,available
ab-test-000825,0,0.08281234590734332,0,0.1842471556407169,available
ab-test-000826,0,0.0020103752442870177,0,0.1842471556407169,available
ab-test-000827,0,0.0072730522476563645,0,0.1842471556407169,available
ab-test-000828,1,0.9883104209045434,1,0.1842471556407169,available
ab-test-000829,0,0.0015345439541103196,0,0.1842471556407169,available
ab-test-000830,0,0.0005537850859539307,0,0.1842471556407169,available
ab-test-000831,0,0.0010549900227823296,0,0.1842471556407169,available
ab-test-000832,0,0.002553394466693266,0,0.1842471556407169,available
ab-test-000833,0,0.00849482458055352,0,0.1842471556407169,available
ab-test-000834,1,0.9015419732949661,1,0.1842471556407169,available
ab-test-000835,0,0.6912661460764952,1,0.1842471556407169,available
ab-test-000836,0,0.013793153016851361,0,0.1842471556407169,available
ab-test-000837,0,0.0009819575066829847,0,0.1842471556407169,available
ab-test-000838,0,0.003288513079972363,0,0.1842471556407169,available
ab-test-000839,1,0.8698564899391803,1,0.1842471556407169,available
ab-test-000840,0,0.001999792660078484,0,0.1842471556407169,available
ab-test-000841,0,0.004433617851301655,0,0.1842471556407169,available
ab-test-000842,0,0.0021232787964330776,0,0.1842471556407169,available
ab-test-000843,0,0.015093126262707118,0,0.1842471556407169,available
ab-test-000844,0,0.0017102370700443135,0,0.1842471556407169,available
ab-test-000845,0,0.0007814976435878228,0,0.1842471556407169,available
ab-test-000846,0,0.0012700985577624097,0,0.1842471556407169,available
ab-test-000847,0,0.0006501672140588903,0,0.1842471556407169,available
ab-test-000848,0,0.007909729576067427,0,0.1842471556407169,available
ab-test-000849,0,0.006394666504413519,0,0.1842471556407169,available
ab-test-000850,0,0.00604561495363632,0,0.1842471556407169,available
ab-test-000851,0,0.00821160121836334,0,0.1842471556407169,available
ab-test-000852,0,0.0010603206001408437,0,0.1842471556407169,available
ab-test-000853,0,0.0012868584000296785,0,0.1842471556407169,available
ab-test-000854,0,0.0016373328208674483,0,0.1842471556407169,available
ab-test-000855,0,0.0030325878934542453,0,0.1842471556407169,available
ab-test-000856,0,0.019051238938570293,0,0.1842471556407169,available
ab-test-000857,0,0.01710006217639479,0,0.1842471556407169,available
ab-test-000858,0,0.005429495222847463,0,0.1842471556407169,available
ab-test-000859,0,0.009654148450300437,0,0.1842471556407169,available
ab-test-000860,0,0.0013919444202811536,0,0.1842471556407169,available
ab-test-000861,0,0.0005650844941936526,0,0.1842471556407169,available
ab-test-000862,0,0.0015425358071098749,0,0.1842471556407169,available
ab-test-000863,0,0.012554764810460455,0,0.1842471556407169,available
ab-test-000864,0,0.009567777749347112,0,0.1842471556407169,available
ab-test-000865,0,0.01704815078891728,0,0.1842471556407169,available
ab-test-000866,1,0.1144814839678654,0,0.1842471556407169,available
ab-test-000867,0,0.020846530972795936,0,0.1842471556407169,available
ab-test-000868,0,0.0017011520537766989,0,0.1842471556407169,available
ab-test-000869,0,0.07646738873295106,0,0.1842471556407169,available
ab-test-000870,0,0.02452233635732945,0,0.1842471556407169,available
ab-test-000871,0,0.002211726594489248,0,0.1842471556407169,available
ab-test-000872,1,0.9913088569817761,1,0.1842471556407169,available
ab-test-000873,0,0.4359742937884671,1,0.1842471556407169,available
ab-test-000874,0,0.004340995825537064,0,0.1842471556407169,available
ab-test-000875,0,0.005638214398266668,0,0.1842471556407169,available
ab-test-000876,0,0.013114845159256757,0,0.1842471556407169,available
ab-test-000877,0,0.007982986300937637,0,0.1842471556407169,available
ab-test-000878,0,0.3680428953616083,1,0.1842471556407169,available
ab-test-000879,0,0.0028689418527802508,0,0.1842471556407169,available
ab-test-000880,0,0.01734853397790949,0,0.1842471556407169,available
ab-test-000881,0,0.007220563386012123,0,0.1842471556407169,available
ab-test-000882,0,0.02553348448804076,0,0.1842471556407169,available
ab-test-000883,0,0.0006031053811290788,0,0.1842471556407169,available
ab-test-000884,1,0.5632784211327795,1,0.1842471556407169,available
ab-test-000885,0,0.055068999694009725,0,0.1842471556407169,available
ab-test-000886,0,0.001401688962070409,0,0.1842471556407169,available
ab-test-000887,0,0.009124001438326248,0,0.1842471556407169,available
ab-test-000888,0,0.0033146336535029284,0,0.1842471556407169,available
ab-test-000889,0,0.003885409354813403,0,0.1842471556407169,available
ab-test-000890,0,0.0012448234469560292,0,0.1842471556407169,available
ab-test-000891,0,0.002440829672200604,0,0.1842471556407169,available
ab-test-000892,0,0.004036115819575998,0,0.1842471556407169,available
ab-test-000893,0,0.024157377429562987,0,0.1842471556407169,available
ab-test-000894,0,0.004035234664465223,0,0.1842471556407169,available
ab-test-000895,0,0.07607631943922954,0,0.1842471556407169,available
ab-test-000896,0,0.0003686228509037778,0,0.1842471556407169,available
ab-test-000897,1,0.1260210856967561,0,0.1842471556407169,available
ab-test-000898,1,0.9873839786964349,1,0.1842471556407169,available
ab-test-000899,0,0.021994029340907672,0,0.1842471556407169,available
ab-test-000900,0,0.0010426968737872336,0,0.1842471556407169,available
ab-test-000901,0,0.0012132006989516411,0,0.1842471556407169,available
ab-test-000902,0,0.0011390028634235346,0,0.1842471556407169,available
ab-test-000903,0,0.005691601814281007,0,0.1842471556407169,available
ab-test-000904,0,0.0015615476166899141,0,0.1842471556407169,available
ab-test-000905,0,0.0009671185212896194,0,0.1842471556407169,available
ab-test-000906,0,0.0031394088939327696,0,0.1842471556407169,available
ab-test-000907,0,0.0015486477133272,0,0.1842471556407169,available
ab-test-000908,1,0.9741459624273632,1,0.1842471556407169,available
ab-test-000909,0,0.001955251390918179,0,0.1842471556407169,available
ab-test-000910,0,0.0036871894191962047,0,0.1842471556407169,available
ab-test-000911,0,0.0279984719427006,0,0.1842471556407169,available
ab-test-000912,0,0.004388703047026807,0,0.1842471556407169,available
ab-test-000913,0,0.014015824951731225,0,0.1842471556407169,available
ab-test-000914,0,0.7750180735304483,1,0.1842471556407169,available
ab-test-000915,0,0.0020986975291029898,0,0.1842471556407169,available
ab-test-000916,0,0.02238878939793786,0,0.1842471556407169,available
ab-test-000917,0,0.205536325616544,1,0.1842471556407169,available
ab-test-000918,0,0.0004330280164111612,0,0.1842471556407169,available
ab-test-000919,1,0.9548564046640537,1,0.1842471556407169,available
ab-test-000920,0,0.005183524094128413,0,0.1842471556407169,available
ab-test-000921,0,0.02369991894671977,0,0.1842471556407169,available
ab-test-000922,1,0.921579526027496,1,0.1842471556407169,available
ab-test-000923,0,0.0020150584120822127,0,0.1842471556407169,available
ab-test-000924,0,0.0011706518823642342,0,0.1842471556407169,available
ab-test-000925,0,0.01759533109535536,0,0.1842471556407169,available
ab-test-000926,0,0.00314567739689413,0,0.1842471556407169,available
ab-test-000927,0,0.03899532273370665,0,0.1842471556407169,available
ab-test-000928,0,0.001720878926987114,0,0.1842471556407169,available
ab-test-000929,0,0.011668446017902161,0,0.1842471556407169,available
ab-test-000930,0,0.002954050715501451,0,0.1842471556407169,available
ab-test-000931,0,0.0011021480135447184,0,0.1842471556407169,available
ab-test-000932,0,0.0008487540043347046,0,0.1842471556407169,available
ab-test-000933,1,0.6933474198220486,1,0.1842471556407169,available
ab-test-000934,1,0.9066740562953763,1,0.1842471556407169,available
ab-test-000935,0,0.018601693625493652,0,0.1842471556407169,available
ab-test-000936,0,0.0035511027367031204,0,0.1842471556407169,available
ab-test-000937,0,0.0009020946399636386,0,0.1842471556407169,available
ab-test-000938,0,0.008523222930325699,0,0.1842471556407169,available
ab-test-000939,0,0.004177341304909191,0,0.1842471556407169,available
ab-test-000940,0,0.0018681128303915607,0,0.1842471556407169,available
ab-test-000941,0,0.03878784826118614,0,0.1842471556407169,available
ab-test-000942,0,0.0007534673586250204,0,0.1842471556407169,available
ab-test-000943,0,0.000999379977670761,0,0.1842471556407169,available
ab-test-000944,0,0.0028245908154961477,0,0.1842471556407169,available
ab-test-000945,1,0.4808824303888888,1,0.1842471556407169,available
ab-test-000946,0,0.0004822507052039033,0,0.1842471556407169,available
ab-test-000947,0,0.004316148054396777,0,0.1842471556407169,available
ab-test-000948,0,0.000879905959162145,0,0.1842471556407169,available
ab-test-000949,0,0.004396627951062949,0,0.1842471556407169,available
ab-test-000950,0,0.013440716550558162,0,0.1842471556407169,available
ab-test-000951,0,0.02948088237749102,0,0.1842471556407169,available
ab-test-000952,0,0.1101996600441304,0,0.1842471556407169,available
ab-test-000953,0,0.004689603349551504,0,0.1842471556407169,available
ab-test-000954,0,0.012835636111298761,0,0.1842471556407169,available
ab-test-000955,0,0.02042335518907391,0,0.1842471556407169,available
ab-test-000956,0,0.0026138324040065634,0,0.1842471556407169,available
ab-test-000957,0,0.006602002708937327,0,0.1842471556407169,available
ab-test-000958,0,0.0025270783372905187,0,0.1842471556407169,available
ab-test-000959,0,0.0014874603538233139,0,0.1842471556407169,available
ab-test-000960,0,0.00404703225544144,0,0.1842471556407169,available
ab-test-000961,0,0.0057075501839916176,0,0.1842471556407169,available
ab-test-000962,0,0.004564466464519773,0,0.1842471556407169,available
ab-test-000963,0,0.00040726147046385317,0,0.1842471556407169,available
ab-test-000964,0,0.003901061755757648,0,0.1842471556407169,available
ab-test-000965,0,0.567048561016124,1,0.1842471556407169,available
ab-test-000966,0,0.0016092386097047763,0,0.1842471556407169,available
ab-test-000967,0,0.0006561519019401594,0,0.1842471556407169,available
ab-test-000968,0,0.0013509815724344818,0,0.1842471556407169,available
ab-test-000969,0,0.0008032268053274099,0,0.1842471556407169,available
ab-test-000970,1,0.44849884811006363,1,0.1842471556407169,available
ab-test-000971,0,0.0004889838668682943,0,0.1842471556407169,available
ab-test-000972,0,0.0016521302230590824,0,0.1842471556407169,available
ab-test-000973,0,0.005156625161858264,0,0.1842471556407169,available
ab-test-000974,0,0.0030019840352572967,0,0.1842471556407169,available
ab-test-000975,0,0.015898551731858227,0,0.1842471556407169,available
ab-test-000976,0,0.0064537052467155956,0,0.1842471556407169,available
ab-test-000977,0,0.005017440413823728,0,0.1842471556407169,available
ab-test-000978,0,0.718400287239443,1,0.1842471556407169,available
ab-test-000979,0,0.04488867349447613,0,0.1842471556407169,available
ab-test-000980,0,0.001529662450643037,0,0.1842471556407169,available
ab-test-000981,1,0.9689225494068698,1,0.1842471556407169,available
ab-test-000982,0,0.001797748502512993,0,0.1842471556407169,available
ab-test-000983,0,0.01023503019837311,0,0.1842471556407169,available
ab-test-000984,0,0.0020961658718797464,0,0.1842471556407169,available
ab-test-000985,0,0.002521388199705536,0,0.1842471556407169,available
ab-test-000986,0,0.0004981656626128118,0,0.1842471556407169,available
ab-test-000987,0,0.012841459883023737,0,0.1842471556407169,available
ab-test-000988,0,0.001793872547514417,0,0.1842471556407169,available
ab-test-000989,0,0.0011927942094809721,0,0.1842471556407169,available
ab-test-000990,0,0.01117664462851934,0,0.1842471556407169,available
ab-test-000991,0,0.004252732010355477,0,0.1842471556407169,available
ab-test-000992,0,0.006444535995159188,0,0.1842471556407169,available
ab-test-000993,0,0.001347660405083134,0,0.1842471556407169,available
ab-test-000994,0,0.009970481453856551,0,0.1842471556407169,available
ab-test-000995,0,0.0035667994639660273,0,0.1842471556407169,available
ab-test-000996,0,0.009595349877863263,0,0.1842471556407169,available
ab-test-000997,0,0.0034238607363589017,0,0.1842471556407169,available
ab-test-000998,0,0.025709693016767756,0,0.1842471556407169,available
ab-test-000999,0,0.0016898197934354015,0,0.1842471556407169,available
ab-test-001000,0,0.0026460897163748053,0,0.1842471556407169,available
ab-test-001001,0,0.003946242698138163,0,0.1842471556407169,available
ab-test-001002,0,0.008065161311965156,0,0.1842471556407169,available
ab-test-001003,0,0.004675677694063797,0,0.1842471556407169,available
ab-test-001004,1,0.9835550834344086,1,0.1842471556407169,available
ab-test-001005,0,0.0021479024112335122,0,0.1842471556407169,available
ab-test-001006,0,0.0008858783024509422,0,0.1842471556407169,available
ab-test-001007,0,0.001592718143024571,0,0.1842471556407169,available
ab-test-001008,0,0.0022645629028343163,0,0.1842471556407169,available
ab-test-001009,0,0.052774747308058874,0,0.1842471556407169,available
ab-test-001010,0,0.01563128253851919,0,0.1842471556407169,available
ab-test-001011,0,0.010379330706740143,0,0.1842471556407169,available
ab-test-001012,0,0.001119853993023422,0,0.1842471556407169,available
ab-test-001013,0,0.0018503949100797737,0,0.1842471556407169,available
ab-test-001014,0,0.0008887897979680154,0,0.1842471556407169,available
ab-test-001015,0,0.0455425707918896,0,0.1842471556407169,available
ab-test-001016,0,0.005930382570200945,0,0.1842471556407169,available
ab-test-001017,0,0.003435959049454543,0,0.1842471556407169,available
ab-test-001018,0,0.0018570299129423476,0,0.1842471556407169,available
ab-test-001019,0,0.036770887916119994,0,0.1842471556407169,available
ab-test-001020,0,0.0009983758242634345,0,0.1842471556407169,available
ab-test-001021,0,0.0266757696296393,0,0.1842471556407169,available
ab-test-001022,1,0.9829605764616989,1,0.1842471556407169,available
ab-test-001023,0,0.0011102541106161141,0,0.1842471556407169,available
ab-test-001024,0,0.0013591008714248368,0,0.1842471556407169,available
ab-test-001025,0,0.002811982858627204,0,0.1842471556407169,available
ab-test-001026,0,0.004543824390829397,0,0.1842471556407169,available
ab-test-001027,0,0.0040950612338230665,0,0.1842471556407169,available
ab-test-001028,0,0.0009737464322549175,0,0.1842471556407169,available
ab-test-001029,0,0.00400971821514391,0,0.1842471556407169,available
ab-test-001030,0,0.0009126296629048273,0,0.1842471556407169,available
ab-test-001031,1,0.9843509922710335,1,0.1842471556407169,available
ab-test-001032,0,0.02568244334477713,0,0.1842471556407169,available
ab-test-001033,0,0.01510363108588294,0,0.1842471556407169,available
ab-test-001034,0,0.000985925234987915,0,0.1842471556407169,available
ab-test-001035,0,0.033416425217796336,0,0.1842471556407169,available
ab-test-001036,1,0.9674888373616867,1,0.1842471556407169,available
ab-test-001037,0,0.16744456133334448,0,0.1842471556407169,available
ab-test-001038,0,0.0010340736029219317,0,0.1842471556407169,available
ab-test-001039,0,0.027830033939124855,0,0.1842471556407169,available
ab-test-001040,0,0.015580024016825338,0,0.1842471556407169,available
ab-test-001041,0,0.041272939628432474,0,0.1842471556407169,available
ab-test-001042,0,0.00681475804404869,0,0.1842471556407169,available
ab-test-001043,0,0.0015650064771848752,0,0.1842471556407169,available
ab-test-001044,0,0.0034704032369094217,0,0.1842471556407169,available
ab-test-001045,0,0.0009306901759733702,0,0.1842471556407169,available
ab-test-001046,0,0.0018135121813464728,0,0.1842471556407169,available
ab-test-001047,0,0.010757717637108874,0,0.1842471556407169,available
ab-test-001048,0,0.00474640680290198,0,0.1842471556407169,available
ab-test-001049,0,0.0026476198918095645,0,0.1842471556407169,available
ab-test-001050,0,0.017345645503139013,0,0.1842471556407169,available
ab-test-001051,0,0.009355499805665421,0,0.1842471556407169,available
ab-test-001052,0,0.013120555532784628,0,0.1842471556407169,available
ab-test-001053,0,0.01683734582327436,0,0.1842471556407169,available
ab-test-001054,0,0.0026908711554973056,0,0.1842471556407169,available
ab-test-001055,0,0.002297288102995293,0,0.1842471556407169,available
ab-test-001056,0,0.02267720680524482,0,0.1842471556407169,available
ab-test-001057,0,0.0023114935169059915,0,0.1842471556407169,available
ab-test-001058,0,0.002674492314643321,0,0.1842471556407169,available
ab-test-001059,0,0.009129956969416106,0,0.1842471556407169,available
ab-test-001060,0,0.050573378373524096,0,0.1842471556407169,available
ab-test-001061,0,0.007824914745229767,0,0.1842471556407169,available
ab-test-001062,0,0.0010129590670173568,0,0.1842471556407169,available
ab-test-001063,0,0.0009401806499349188,0,0.1842471556407169,available
ab-test-001064,0,0.00196766902566121,0,0.1842471556407169,available
ab-test-001065,0,0.007935431479168668,0,0.1842471556407169,available
ab-test-001066,0,0.0007697736933959441,0,0.1842471556407169,available
ab-test-001067,0,0.10347572039891406,0,0.1842471556407169,available
ab-test-001068,0,0.024845598217644704,0,0.1842471556407169,available
ab-test-001069,0,0.005593203799985465,0,0.1842471556407169,available
ab-test-001070,0,0.0014692526205202874,0,0.1842471556407169,available
ab-test-001071,0,0.0018285921752001022,0,0.1842471556407169,available
ab-test-001072,0,0.1402842026251215,0,0.1842471556407169,available
ab-test-001073,0,0.003208605575148662,0,0.1842471556407169,available
ab-test-001074,0,0.001793009005443317,0,0.1842471556407169,available
ab-test-001075,0,0.003977867234179732,0,0.1842471556407169,available
ab-test-001076,0,0.0030149379752788404,0,0.1842471556407169,available
ab-test-001077,0,0.07277975604286678,0,0.1842471556407169,available
ab-test-001078,0,0.0038103920864869666,0,0.1842471556407169,available
ab-test-001079,0,0.020590762076772955,0,0.1842471556407169,available
ab-test-001080,0,0.13663556681026706,0,0.1842471556407169,available
ab-test-001081,1,0.7844921705623012,1,0.1842471556407169,available
ab-test-001082,0,0.0007851653963659805,0,0.1842471556407169,available
ab-test-001083,0,0.0007864404646708142,0,0.1842471556407169,available
ab-test-001084,0,0.007099303044666181,0,0.1842471556407169,available
ab-test-001085,0,0.003083582917599635,0,0.1842471556407169,available
ab-test-001086,0,0.01983066341536248,0,0.1842471556407169,available
ab-test-001087,0,0.0021018088045689294,0,0.1842471556407169,available
ab-test-001088,0,0.0021038553762764292,0,0.1842471556407169,available
ab-test-001089,0,0.0024632841364467567,0,0.1842471556407169,available
ab-test-001090,0,0.021870164084434488,0,0.1842471556407169,available
ab-test-001091,0,0.0021543352618057293,0,0.1842471556407169,available
ab-test-001092,0,0.00514499759492549,0,0.1842471556407169,available
ab-test-001093,0,0.0008250393766926928,0,0.1842471556407169,available
ab-test-001094,0,0.004121254484942437,0,0.1842471556407169,available
ab-test-001095,0,0.001780603310968739,0,0.1842471556407169,available
ab-test-001096,0,0.0055199929524682185,0,0.1842471556407169,available
ab-test-001097,0,0.026861664970682153,0,0.1842471556407169,available
ab-test-001098,0,0.0016305663174751794,0,0.1842471556407169,available
ab-test-001099,0,0.0011335510690738638,0,0.1842471556407169,available
ab-test-001100,1,0.9793910908046821,1,0.1842471556407169,available
ab-test-001101,0,0.0018453370654710145,0,0.1842471556407169,available
ab-test-001102,0,0.0035908834132276682,0,0.1842471556407169,available
ab-test-001103,1,0.9917210134015157,1,0.1842471556407169,available
ab-test-001104,1,0.5720455204283105,1,0.1842471556407169,available
ab-test-001105,0,0.0015701537962015293,0,0.1842471556407169,available
ab-test-001106,0,0.0010883829869734235,0,0.1842471556407169,available
ab-test-001107,1,0.9308129463815844,1,0.1842471556407169,available
ab-test-001108,0,0.019937106919878333,0,0.1842471556407169,available
ab-test-001109,0,0.015525259633606582,0,0.1842471556407169,available
ab-test-001110,0,0.001540747373884604,0,0.1842471556407169,available
ab-test-001111,0,0.010512873036977718,0,0.1842471556407169,available
ab-test-001112,0,0.006765772052170647,0,0.1842471556407169,available
ab-test-001113,0,0.022863338444874474,0,0.1842471556407169,available
ab-test-001114,0,0.0017745331673302,0,0.1842471556407169,available
ab-test-001115,0,0.0010301114172492824,0,0.1842471556407169,available
ab-test-001116,0,0.0009556319022579453,0,0.1842471556407169,available
ab-test-001117,1,0.9221331130468038,1,0.1842471556407169,available
ab-test-001118,0,0.0024217510989690094,0,0.1842471556407169,available
ab-test-001119,0,0.1769191068669616,0,0.1842471556407169,available
ab-test-001120,0,0.011051786294550484,0,0.1842471556407169,available
ab-test-001121,0,0.011834527133841572,0,0.1842471556407169,available
ab-test-001122,1,0.9308344796941729,1,0.1842471556407169,available
ab-test-001123,0,0.0037711512164332124,0,0.1842471556407169,available
ab-test-001124,0,0.00134551239697544,0,0.1842471556407169,available
ab-test-001125,0,0.0046338798986898695,0,0.1842471556407169,available
ab-test-001126,0,0.0014483966143327052,0,0.1842471556407169,available
ab-test-001127,0,0.0025150049248239873,0,0.1842471556407169,available
ab-test-001128,0,0.0002520572535179627,0,0.1842471556407169,available
ab-test-001129,0,0.0016657339657101273,0,0.1842471556407169,available
ab-test-001130,0,0.001699859254143452,0,0.1842471556407169,available
ab-test-001131,1,0.9638571541722178,1,0.1842471556407169,available
ab-test-001132,0,0.0030269852347119927,0,0.1842471556407169,available
ab-test-001133,0,0.0009941513125974741,0,0.1842471556407169,available
ab-test-001134,0,0.007942647046789174,0,0.1842471556407169,available
ab-test-001135,0,0.0026054085537129236,0,0.1842471556407169,available
ab-test-001136,0,0.0038451328218582956,0,0.1842471556407169,available
ab-test-001137,0,0.023582478643129765,0,0.1842471556407169,available
ab-test-001138,0,0.0013722543817584337,0,0.1842471556407169,available
ab-test-001139,0,0.001824997907360565,0,0.1842471556407169,available
ab-test-001140,0,0.007406103034468049,0,0.1842471556407169,available
ab-test-001141,0,0.0007210752667122927,0,0.1842471556407169,available
ab-test-001142,0,0.018967910783990308,0,0.1842471556407169,available
ab-test-001143,1,0.981715938827006,1,0.1842471556407169,available
ab-test-001144,0,0.008475272278976822,0,0.1842471556407169,available
ab-test-001145,0,0.007322349345239344,0,0.1842471556407169,available
ab-test-001146,0,0.02915967589227261,0,0.1842471556407169,available
ab-test-001147,0,0.002122767233290229,0,0.1842471556407169,available
ab-test-001148,1,0.7684280258245999,1,0.1842471556407169,available
ab-test-001149,0,0.003855833008511025,0,0.1842471556407169,available
ab-test-001150,0,0.008326830840201596,0,0.1842471556407169,available
ab-test-001151,0,0.00080006906184529,0,0.1842471556407169,available
ab-test-001152,0,0.016286611765555715,0,0.1842471556407169,available
ab-test-001153,0,0.009727201098343144,0,0.1842471556407169,available
ab-test-001154,0,0.08706370214657107,0,0.1842471556407169,available
ab-test-001155,0,0.0017310693888890822,0,0.1842471556407169,available
ab-test-001156,1,0.9696350641347531,1,0.1842471556407169,available
ab-test-001157,0,0.011670051304322627,0,0.1842471556407169,available
ab-test-001158,0,0.0009779706084419944,0,0.1842471556407169,available
ab-test-001159,0,0.02067794303671519,0,0.1842471556407169,available
ab-test-001160,0,0.00405107309663845,0,0.1842471556407169,available
ab-test-001161,0,0.00787276626764551,0,0.1842471556407169,available
ab-test-001162,0,0.002632312521301118,0,0.1842471556407169,available
ab-test-001163,0,0.009353801847783881,0,0.1842471556407169,available
ab-test-001164,0,0.0020711139536793255,0,0.1842471556407169,available
ab-test-001165,0,0.007530821388458541,0,0.1842471556407169,available
ab-test-001166,0,0.029566652165792733,0,0.1842471556407169,available
ab-test-001167,0,0.004128624924461501,0,0.1842471556407169,available
ab-test-001168,0,0.002248616406659234,0,0.1842471556407169,available
ab-test-001169,0,0.004429847747201801,0,0.1842471556407169,available
ab-test-001170,0,0.41286537673657947,1,0.1842471556407169,available
ab-test-001171,1,0.9880595401270863,1,0.1842471556407169,available
ab-test-001172,1,0.6950544452444636,1,0.1842471556407169,available
ab-test-001173,0,0.03426538693536121,0,0.1842471556407169,available
ab-test-001174,1,0.9938929779066972,1,0.1842471556407169,available
ab-test-001175,0,0.0015500852323510807,0,0.1842471556407169,available
ab-test-001176,0,0.0010682928286166171,0,0.1842471556407169,available
ab-test-001177,0,0.0015270427133327632,0,0.1842471556407169,available
ab-test-001178,0,0.0023338554508825415,0,0.1842471556407169,available
ab-test-001179,0,0.003264380717703508,0,0.1842471556407169,available
ab-test-001180,0,0.013653400861431438,0,0.1842471556407169,available
ab-test-001181,0,0.0014181067302000403,0,0.1842471556407169,available
ab-test-001182,0,0.06824921748952735,0,0.1842471556407169,available
ab-test-001183,0,0.0015092997896656599,0,0.1842471556407169,available
ab-test-001184,0,0.0019495416676317812,0,0.1842471556407169,available
ab-test-001185,0,0.0034460172624624194,0,0.1842471556407169,available
ab-test-001186,0,0.035648968041098614,0,0.1842471556407169,available
ab-test-001187,0,0.004915551600534209,0,0.1842471556407169,available
ab-test-001188,0,0.0009332999558197862,0,0.1842471556407169,available
ab-test-001189,0,0.0020187379535702888,0,0.1842471556407169,available
ab-test-001190,0,0.003166285055908646,0,0.1842471556407169,available
ab-test-001191,0,0.000724474529708356,0,0.1842471556407169,available
ab-test-001192,0,0.0009708283852831319,0,0.1842471556407169,available
ab-test-001193,0,0.008785150764982898,0,0.1842471556407169,available
ab-test-001194,0,0.002059148002445726,0,0.1842471556407169,available
ab-test-001195,0,0.008063576772216231,0,0.1842471556407169,available
ab-test-001196,0,0.02593936744751263,0,0.1842471556407169,available
ab-test-001197,0,0.022466063361395897,0,0.1842471556407169,available
ab-test-001198,0,0.0036386864637475047,0,0.1842471556407169,available
ab-test-001199,0,0.00983763197401846,0,0.1842471556407169,available
ab-test-001200,0,0.0020943133015669108,0,0.1842471556407169,available
ab-test-001201,1,0.9841521054063267,1,0.1842471556407169,available
ab-test-001202,0,0.002376052558890903,0,0.1842471556407169,available
ab-test-001203,0,0.0006508969566038005,0,0.1842471556407169,available
ab-test-001204,0,0.0010186487530345367,0,0.1842471556407169,available
ab-test-001205,0,0.0019281689456908508,0,0.1842471556407169,available
ab-test-001206,0,0.002429814272172861,0,0.1842471556407169,available
ab-test-001207,1,0.9915664089668996,1,0.1842471556407169,available
ab-test-001208,0,0.009562696404552106,0,0.1842471556407169,available
ab-test-001209,1,0.7067830237767896,1,0.1842471556407169,available
ab-test-001210,0,0.004430355674948089,0,0.1842471556407169,available
ab-test-001211,0,0.0006376297385893337,0,0.1842471556407169,available
ab-test-001212,0,0.004906433248376408,0,0.1842471556407169,available
ab-test-001213,0,0.013074244105953989,0,0.1842471556407169,available
ab-test-001214,0,0.0011830893654550742,0,0.1842471556407169,available
ab-test-001215,0,0.018229274259959453,0,0.1842471556407169,available
ab-test-001216,0,0.0007879750190010073,0,0.1842471556407169,available
ab-test-001217,0,0.0024495526565368603,0,0.1842471556407169,available
ab-test-001218,0,0.5003523709626198,1,0.1842471556407169,available
ab-test-001219,0,0.4092386183919832,1,0.1842471556407169,available
ab-test-001220,0,0.0036675970985374524,0,0.1842471556407169,available
ab-test-001221,0,0.010963019110865339,0,0.1842471556407169,available
ab-test-001222,0,0.004810752016622445,0,0.1842471556407169,available
ab-test-001223,0,0.004387401711365803,0,0.1842471556407169,available
ab-test-001224,0,0.03176383998903501,0,0.1842471556407169,available
ab-test-001225,0,0.01563228068881951,0,0.1842471556407169,available
ab-test-001226,0,0.0007047332365638717,0,0.1842471556407169,available
ab-test-001227,0,0.0012389738115242447,0,0.1842471556407169,available
ab-test-001228,1,0.9851810478172597,1,0.1842471556407169,available
ab-test-001229,0,0.0009813837563434175,0,0.1842471556407169,available
ab-test-001230,0,0.002715227742105021,0,0.1842471556407169,available
ab-test-001231,0,0.025791062040170704,0,0.1842471556407169,available
ab-test-001232,0,0.0009509408424169823,0,0.1842471556407169,available
ab-test-001233,0,0.00879058652928936,0,0.1842471556407169,available
ab-test-001234,0,0.005831162434815884,0,0.1842471556407169,available
ab-test-001235,0,0.004578477535353146,0,0.1842471556407169,available
ab-test-001236,0,0.0035790203471262817,0,0.1842471556407169,available
ab-test-001237,0,0.012287925675745732,0,0.1842471556407169,available
ab-test-001238,0,0.0050324313260435485,0,0.1842471556407169,available
ab-test-001239,0,0.0012164493343751431,0,0.1842471556407169,available
ab-test-001240,0,0.009081631805880114,0,0.1842471556407169,available
ab-test-001241,0,0.005918539545895702,0,0.1842471556407169,available
ab-test-001242,0,0.0031937905725096193,0,0.1842471556407169,available
ab-test-001243,0,0.01292100591841201,0,0.1842471556407169,available
ab-test-001244,0,0.0023996747516467055,0,0.1842471556407169,available
ab-test-001245,0,0.029376425885377283,0,0.1842471556407169,available
ab-test-001246,0,0.009328466274296551,0,0.1842471556407169,available
ab-test-001247,0,0.00793681093113136,0,0.1842471556407169,available
ab-test-001248,0,0.0027911286665564666,0,0.1842471556407169,available
ab-test-001249,1,0.40568937869984534,1,0.1842471556407169,available
ab-test-001250,0,0.04086244307345051,0,0.1842471556407169,available
ab-test-001251,0,0.0009195424238205626,0,0.1842471556407169,available
ab-test-001252,0,0.032403684754816184,0,0.1842471556407169,available
ab-test-001253,0,0.003330894734681334,0,0.1842471556407169,available
ab-test-001254,0,0.003349775454774962,0,0.1842471556407169,available
ab-test-001255,0,0.018073431209499623,0,0.1842471556407169,available
ab-test-001256,0,0.00112351295235581,0,0.1842471556407169,available
ab-test-001257,0,0.012246444938815984,0,0.1842471556407169,available
ab-test-001258,0,0.019930425523236903,0,0.1842471556407169,available
ab-test-001259,0,0.0022473766554544834,0,0.1842471556407169,available
ab-test-001260,0,0.0023917620135506436,0,0.1842471556407169,available
ab-test-001261,1,0.9931283535529318,1,0.1842471556407169,available
ab-test-001262,0,0.00826523050099891,0,0.1842471556407169,available
ab-test-001263,0,0.00695244280448701,0,0.1842471556407169,available
ab-test-001264,0,0.018126292327752282,0,0.1842471556407169,available
ab-test-001265,0,0.0013096838640963228,0,0.1842471556407169,available
ab-test-001266,0,0.0101419784686686,0,0.1842471556407169,available
ab-test-001267,1,0.9796238312317719,1,0.1842471556407169,available
ab-test-001268,0,0.001192635554600565,0,0.1842471556407169,available
ab-test-001269,0,0.10156331989617348,0,0.1842471556407169,available
ab-test-001270,1,0.958002454367058,1,0.1842471556407169,available
ab-test-001271,0,0.0033179794523969064,0,0.1842471556407169,available
ab-test-001272,1,0.994964073401908,1,0.1842471556407169,available
ab-test-001273,0,0.0010378701781840122,0,0.1842471556407169,available
ab-test-001274,0,0.0024809525063896024,0,0.1842471556407169,available
ab-test-001275,0,0.0008095455762778017,0,0.1842471556407169,available
ab-test-001276,0,0.001978072787169257,0,0.1842471556407169,available
ab-test-001277,0,0.0019487072017333913,0,0.1842471556407169,available
ab-test-001278,0,0.0029077644745617126,0,0.1842471556407169,available
ab-test-001279,0,0.009173140766593178,0,0.1842471556407169,available
ab-test-001280,0,0.003220190035178847,0,0.1842471556407169,available
ab-test-001281,0,0.021630153270048993,0,0.1842471556407169,available
ab-test-001282,0,0.008076782747732648,0,0.1842471556407169,available
ab-test-001283,0,0.0004330280164111612,0,0.1842471556407169,available
ab-test-001284,0,0.007790566559994536,0,0.1842471556407169,available
ab-test-001285,0,0.0007589072791720173,0,0.1842471556407169,available
ab-test-001286,0,0.0007585821541460176,0,0.1842471556407169,available
ab-test-001287,0,0.02003869017568384,0,0.1842471556407169,available
ab-test-001288,0,0.05111752154201398,0,0.1842471556407169,available
ab-test-001289,1,0.8556536809291286,1,0.1842471556407169,available
ab-test-001290,0,0.0021133618988951035,0,0.1842471556407169,available
ab-test-001291,0,0.0014402027516784127,0,0.1842471556407169,available
ab-test-001292,0,0.0016976122959664977,0,0.1842471556407169,available
ab-test-001293,1,0.9667677762022006,1,0.1842471556407169,available
ab-test-001294,0,0.017070846431684127,0,0.1842471556407169,available
ab-test-001295,0,0.0033765795213519306,0,0.1842471556407169,available
ab-test-001296,0,0.0020942296307331193,0,0.1842471556407169,available
ab-test-001297,0,0.008176055422756857,0,0.1842471556407169,available
ab-test-001298,0,0.0006558033131998341,0,0.1842471556407169,available
ab-test-001299,0,0.0035663767469409835,0,0.1842471556407169,available
ab-test-001300,0,0.0007498416372709357,0,0.1842471556407169,available
ab-test-001301,0,0.00853206296960917,0,0.1842471556407169,available
ab-test-001302,0,0.0013418116054865889,0,0.1842471556407169,available
ab-test-001303,0,0.008379395390879648,0,0.1842471556407169,available
ab-test-001304,0,0.0009971332843529814,0,0.1842471556407169,available
ab-test-001305,0,0.0018045969447502796,0,0.1842471556407169,available
ab-test-001306,0,0.016978268503668053,0,0.1842471556407169,available
ab-test-001307,0,0.0021869910590933492,0,0.1842471556407169,available
ab-test-001308,0,0.011227430109604093,0,0.1842471556407169,available
ab-test-001309,0,0.0040167495980530515,0,0.1842471556407169,available
ab-test-001310,0,0.01715556833268567,0,0.1842471556407169,available
ab-test-001311,0,0.0014940750228310507,0,0.1842471556407169,available
ab-test-001312,0,0.0027490128016898225,0,0.1842471556407169,available
ab-test-001313,0,0.14463817070892462,0,0.1842471556407169,available
ab-test-001314,0,0.010275645768608815,0,0.1842471556407169,available
ab-test-001315,0,0.34592168341623425,1,0.1842471556407169,available
ab-test-001316,0,0.040073881275923,0,0.1842471556407169,available
ab-test-001317,0,0.24787293118197676,1,0.1842471556407169,available
ab-test-001318,0,0.040389807441273795,0,0.1842471556407169,available
ab-test-001319,0,0.0015830330765461713,0,0.1842471556407169,available
ab-test-001320,1,0.9964446535325936,1,0.1842471556407169,available
ab-test-001321,0,0.02789766640738419,0,0.1842471556407169,available
ab-test-001322,0,0.001541667309183363,0,0.1842471556407169,available
ab-test-001323,0,0.010440475283474507,0,0.1842471556407169,available
ab-test-001324,1,0.7445291304280455,1,0.1842471556407169,available
ab-test-001325,0,0.004243407452363916,0,0.1842471556407169,available
ab-test-001326,0,0.024041607567190416,0,0.1842471556407169,available
ab-test-001327,0,0.0048775714128796565,0,0.1842471556407169,available
ab-test-001328,0,0.0014913958294130432,0,0.1842471556407169,available
ab-test-001329,0,0.0042354619008484005,0,0.1842471556407169,available
ab-test-001330,0,0.0009763787987626427,0,0.1842471556407169,available
ab-test-001331,0,0.12450132921157862,0,0.1842471556407169,available
ab-test-001332,1,0.5946587452368677,1,0.1842471556407169,available
ab-test-001333,0,0.05859485998011719,0,0.1842471556407169,available
ab-test-001334,0,0.0015284704370960465,0,0.1842471556407169,available
ab-test-001335,0,0.4487084715369308,1,0.1842471556407169,available
ab-test-001336,0,0.011227997296548808,0,0.1842471556407169,available
ab-test-001337,0,0.31860142616585185,1,0.1842471556407169,available
ab-test-001338,0,0.0017290346812631465,0,0.1842471556407169,available
ab-test-001339,0,0.0012993617886562757,0,0.1842471556407169,available
ab-test-001340,0,0.0012876421393274173,0,0.1842471556407169,available
ab-test-001341,1,0.9637677194066391,1,0.1842471556407169,available
ab-test-001342,0,0.0018301405977615875,0,0.1842471556407169,available
ab-test-001343,0,0.003034673834663808,0,0.1842471556407169,available
ab-test-001344,0,0.0010313049842074326,0,0.1842471556407169,available
ab-test-001345,0,0.0027530247420007093,0,0.1842471556407169,available
ab-test-001346,0,0.004587469834027215,0,0.1842471556407169,available
ab-test-001347,0,0.023250287714095447,0,0.1842471556407169,available
ab-test-001348,0,0.008100365636928843,0,0.1842471556407169,available
ab-test-001349,0,0.007000769712118909,0,0.1842471556407169,available
ab-test-001350,0,0.003528983164024469,0,0.1842471556407169,available
ab-test-001351,0,0.0022049799362160254,0,0.1842471556407169,available
ab-test-001352,0,0.015865313513618605,0,0.1842471556407169,available
ab-test-001353,0,0.2291610391815398,1,0.1842471556407169,available
ab-test-001354,0,0.0037681386109874463,0,0.1842471556407169,available
ab-test-001355,0,0.0010696166428316438,0,0.1842471556407169,available
ab-test-001356,0,0.0011129239263333102,0,0.1842471556407169,available
ab-test-001357,0,0.0244755362949437,0,0.1842471556407169,available
ab-test-001358,0,0.0017719511078419673,0,0.1842471556407169,available
ab-test-001359,0,0.0012501880477396167,0,0.1842471556407169,available
ab-test-001360,0,0.0010849176410701689,0,0.1842471556407169,available
ab-test-001361,0,0.0010069420933254303,0,0.1842471556407169,available
ab-test-001362,0,0.006479823960116732,0,0.1842471556407169,available
ab-test-001363,0,0.006273427744782246,0,0.1842471556407169,available
ab-test-001364,0,0.0012397318829886301,0,0.1842471556407169,available
ab-test-001365,0,0.020262635678167863,0,0.1842471556407169,available
ab-test-001366,0,0.01572749016302001,0,0.1842471556407169,available
ab-test-001367,0,0.0019242798676844689,0,0.1842471556407169,available
ab-test-001368,0,0.0004911052335406986,0,0.1842471556407169,available
ab-test-001369,0,0.0051791504307934855,0,0.1842471556407169,available
ab-test-001370,0,0.007555332762017184,0,0.1842471556407169,available
ab-test-001371,0,0.0008591590287226044,0,0.1842471556407169,available
ab-test-001372,0,0.0032556110013292313,0,0.1842471556407169,available
ab-test-001373,0,0.0068418237016047495,0,0.1842471556407169,available
ab-test-001374,0,0.0020324243711287524,0,0.1842471556407169,available
ab-test-001375,0,0.0008936556105864162,0,0.1842471556407169,available
ab-test-001376,0,0.15592476069397468,0,0.1842471556407169,available
ab-test-001377,0,0.001225366445046569,0,0.1842471556407169,available
ab-test-001378,0,0.03123510737287517,0,0.1842471556407169,available
ab-test-001379,0,0.0034326477457337083,0,0.1842471556407169,available
ab-test-001380,0,0.0053192371386700295,0,0.1842471556407169,available
ab-test-001381,0,0.0007049097129752626,0,0.1842471556407169,available
ab-test-001382,0,0.0017276310228524561,0,0.1842471556407169,available
ab-test-001383,0,0.00498465588025337,0,0.1842471556407169,available
ab-test-001384,0,0.03917760553656613,0,0.1842471556407169,available
ab-test-001385,0,0.0015835141100965981,0,0.1842471556407169,available
ab-test-001386,0,0.0011938545747900728,0,0.1842471556407169,available
ab-test-001387,0,0.014329252504815728,0,0.1842471556407169,available
ab-test-001388,0,0.018909658839450227,0,0.1842471556407169,available
ab-test-001389,0,0.003567972016042775,0,0.1842471556407169,available
ab-test-001390,0,0.0034978657458855644,0,0.1842471556407169,available
ab-test-001391,0,0.00766581406408661,0,0.1842471556407169,available
ab-test-001392,0,0.028969881284888144,0,0.1842471556407169,available
ab-test-001393,0,0.0008453511899185213,0,0.1842471556407169,available
ab-test-001394,1,0.9983040551242546,1,0.1842471556407169,available
ab-test-001395,0,0.009744162273126187,0,0.1842471556407169,available
ab-test-001396,0,0.01517329265897543,0,0.1842471556407169,available
ab-test-001397,0,0.0018323856856247629,0,0.1842471556407169,available
ab-test-001398,0,0.0038904364470316575,0,0.1842471556407169,available
ab-test-001399,0,0.004773457028526272,0,0.1842471556407169,available
ab-test-001400,0,0.13622758613086702,0,0.1842471556407169,available
ab-test-001401,1,0.978759339560111,1,0.1842471556407169,available
ab-test-001402,0,0.014156109082123166,0,0.1842471556407169,available
ab-test-001403,0,0.0020351426215714594,0,0.1842471556407169,available
ab-test-001404,0,0.001034478602025885,0,0.1842471556407169,available
ab-test-001405,0,0.0010900600037727485,0,0.1842471556407169,available
ab-test-001406,0,0.6599693409282338,1,0.1842471556407169,available
ab-test-001407,0,0.0028582746411198057,0,0.1842471556407169,available
ab-test-001408,0,0.009957481750010638,0,0.1842471556407169,available
ab-test-001409,0,0.20332193019868153,1,0.1842471556407169,available
ab-test-001410,0,0.004848120503046344,0,0.1842471556407169,available
ab-test-001411,0,0.010022185329124468,0,0.1842471556407169,available
ab-test-001412,0,0.13824431201824333,0,0.1842471556407169,available
ab-test-001413,0,0.003946533834277062,0,0.1842471556407169,available
ab-test-001414,0,0.0036949936502919923,0,0.1842471556407169,available
ab-test-001415,0,0.0016811090637681725,0,0.1842471556407169,available
ab-test-001416,0,0.0009797569771954056,0,0.1842471556407169,available
ab-test-001417,0,0.00095565310662876,0,0.1842471556407169,available
ab-test-001418,1,0.9816394344599969,1,0.1842471556407169,available
ab-test-001419,0,0.004631392664070726,0,0.1842471556407169,available
ab-test-001420,0,0.004315703741196123,0,0.1842471556407169,available
ab-test-001421,0,0.0010451925341886576,0,0.1842471556407169,available
ab-test-001422,0,0.028570038196129847,0,0.1842471556407169,available
ab-test-001423,0,0.0009904535401185478,0,0.1842471556407169,available
ab-test-001424,0,0.0010484002091758011,0,0.1842471556407169,available
ab-test-001425,0,0.029834302511591453,0,0.1842471556407169,available
ab-test-001426,1,0.9538533064208669,1,0.1842471556407169,available
ab-test-001427,0,0.005706582565378188,0,0.1842471556407169,available
ab-test-001428,0,0.05839924956093329,0,0.1842471556407169,available
ab-test-001429,0,0.0016804897415465974,0,0.1842471556407169,available
ab-test-001430,0,0.01116784431578226,0,0.1842471556407169,available
ab-test-001431,0,0.001291159603474729,0,0.1842471556407169,available
ab-test-001432,0,0.017502066816604024,0,0.1842471556407169,available
ab-test-001433,0,0.003751048222283605,0,0.1842471556407169,available
ab-test-001434,1,0.9906945102434214,1,0.1842471556407169,available
ab-test-001435,0,0.01998885316821591,0,0.1842471556407169,available
ab-test-001436,0,0.0015594321955004588,0,0.1842471556407169,available
ab-test-001437,0,0.0008018009649600788,0,0.1842471556407169,available
ab-test-001438,0,0.30466761301272677,1,0.1842471556407169,available
ab-test-001439,0,0.0006688873617667868,0,0.1842471556407169,available
ab-test-001440,0,0.006703105413295257,0,0.1842471556407169,available
ab-test-001441,0,0.044102652090108385,0,0.1842471556407169,available
ab-test-001442,0,0.008720089007661021,0,0.1842471556407169,available
ab-test-001443,0,0.0011043141739903036,0,0.1842471556407169,available
ab-test-001444,0,0.0033441358088940622,0,0.1842471556407169,available
ab-test-001445,0,0.0008233895578157495,0,0.1842471556407169,available
ab-test-001446,0,0.005952756196436406,0,0.1842471556407169,available
ab-test-001447,0,0.017573242928893184,0,0.1842471556407169,available
ab-test-001448,0,0.012059354767575437,0,0.1842471556407169,available
ab-test-001449,0,0.00096704695949891,0,0.1842471556407169,available
ab-test-001450,0,0.005797410052797076,0,0.1842471556407169,available
ab-test-001451,1,0.9740447267752025,1,0.1842471556407169,available
ab-test-001452,0,0.001054245772348053,0,0.1842471556407169,available
ab-test-001453,1,0.9226528743127062,1,0.1842471556407169,available
ab-test-001454,0,0.0027476773783719926,0,0.1842471556407169,available
ab-test-001455,0,0.003186063500349665,0,0.1842471556407169,available
ab-test-001456,0,0.010113523578558352,0,0.1842471556407169,available
ab-test-001457,0,0.0019549611406870938,0,0.1842471556407169,available
ab-test-001458,0,0.0013831681366338342,0,0.1842471556407169,available
ab-test-001459,1,0.9635742998506641,1,0.1842471556407169,available
ab-test-001460,0,0.019069261206971427,0,0.1842471556407169,available
ab-test-001461,0,0.007381821730573904,0,0.1842471556407169,available
ab-test-001462,0,0.0076604082125686776,0,0.1842471556407169,available
ab-test-001463,0,0.0005551352116950185,0,0.1842471556407169,available
ab-test-001464,0,0.0018163000604299615,0,0.1842471556407169,available
ab-test-001465,0,0.01614855447116393,0,0.1842471556407169,available
ab-test-001466,0,0.34380044446109537,1,0.1842471556407169,available
ab-test-001467,0,0.42337064229812216,1,0.1842471556407169,available
ab-test-001468,1,0.9756009716662927,1,0.1842471556407169,available
ab-test-001469,1,0.9691386525028733,1,0.1842471556407169,available
ab-test-001470,0,0.007987724692032924,0,0.1842471556407169,available
ab-test-001471,1,0.9486370022297335,1,0.1842471556407169,available
ab-test-001472,0,0.009222762011241819,0,0.1842471556407169,available
ab-test-001473,0,0.11913043456658085,0,0.1842471556407169,available
ab-test-001474,0,0.0015383912965882176,0,0.1842471556407169,available
ab-test-001475,0,0.019801678006903214,0,0.1842471556407169,available
ab-test-001476,0,0.006501597993208964,0,0.1842471556407169,available
ab-test-001477,0,0.010607154675610199,0,0.1842471556407169,available
ab-test-001478,0,0.005975639123985116,0,0.1842471556407169,available
ab-test-001479,0,0.0008339467652396211,0,0.1842471556407169,available
ab-test-001480,0,0.0026013248734460498,0,0.1842471556407169,available
ab-test-001481,0,0.02405180067970289,0,0.1842471556407169,available
ab-test-001482,0,0.04798669774782063,0,0.1842471556407169,available
ab-test-001483,0,0.0024137930245305824,0,0.1842471556407169,available
ab-test-001484,0,0.012120424254335927,0,0.1842471556407169,available
ab-test-001485,0,0.018639400485543484,0,0.1842471556407169,available
ab-test-001486,0,0.013893736620828776,0,0.1842471556407169,available
ab-test-001487,0,0.022286694510337737,0,0.1842471556407169,available
ab-test-001488,0,0.0013489330889879148,0,0.1842471556407169,available
ab-test-001489,0,0.09926341534504869,0,0.1842471556407169,available
ab-test-001490,1,0.6586155746525483,1,0.1842471556407169,available
ab-test-001491,0,0.04494838985189648,0,0.1842471556407169,available
ab-test-001492,1,0.9781442749071844,1,0.1842471556407169,available
ab-test-001493,0,0.05354993549739599,0,0.1842471556407169,available
ab-test-001494,0,0.0036025008408057803,0,0.1842471556407169,available
ab-test-001495,0,0.5646706712206604,1,0.1842471556407169,available
ab-test-001496,1,0.4629328238323544,1,0.1842471556407169,available
ab-test-001497,0,0.0007414401104246613,0,0.1842471556407169,available
ab-test-001498,0,0.0010993278216533612,0,0.1842471556407169,available
ab-test-001499,0,0.018530652964195916,0,0.1842471556407169,available
ab-test-001500,0,0.00963934619260327,0,0.1842471556407169,available
ab-test-001501,0,0.0011822529721915078,0,0.1842471556407169,available
ab-test-001502,0,0.0008597888028043211,0,0.1842471556407169,available
ab-test-001503,0,0.003640632927371078,0,0.1842471556407169,available
ab-test-001504,0,0.014323901647510262,0,0.1842471556407169,available
ab-test-001505,0,0.003855585812788941,0,0.1842471556407169,available
ab-test-001506,0,0.009020427556914193,0,0.1842471556407169,available
ab-test-001507,0,0.0010431218137410213,0,0.1842471556407169,available
ab-test-001508,0,0.0011186562766814087,0,0.1842471556407169,available
ab-test-001509,0,0.017642648689251673,0,0.1842471556407169,available
ab-test-001510,0,0.001211969910596972,0,0.1842471556407169,available
ab-test-001511,0,0.0007200897146473306,0,0.1842471556407169,available
ab-test-001512,0,0.015865593257822302,0,0.1842471556407169,available
ab-test-001513,0,0.0014546735597876653,0,0.1842471556407169,available
ab-test-001514,0,0.02420130146070434,0,0.1842471556407169,available
ab-test-001515,0,0.0028712318199668107,0,0.1842471556407169,available
ab-test-001516,0,0.017040619410064465,0,0.1842471556407169,available
ab-test-001517,0,0.001831480628868197,0,0.1842471556407169,available
ab-test-001518,0,0.0769230551421657,0,0.1842471556407169,available
ab-test-001519,0,0.003956514534550994,0,0.1842471556407169,available
ab-test-001520,0,0.010886679148527383,0,0.1842471556407169,available
ab-test-001521,0,0.0030905308868622605,0,0.1842471556407169,available
ab-test-001522,0,0.003087516757176793,0,0.1842471556407169,available
ab-test-001523,0,0.002838397010545969,0,0.1842471556407169,available
ab-test-001524,0,0.001006412773730087,0,0.1842471556407169,available
ab-test-001525,0,0.6237299039840924,1,0.1842471556407169,available
ab-test-001526,1,0.7492840362088035,1,0.1842471556407169,available
ab-test-001527,0,0.005285401014350517,0,0.1842471556407169,available
ab-test-001528,0,0.05484412469293992,0,0.1842471556407169,available
ab-test-001529,0,0.0027973231457751164,0,0.1842471556407169,available
ab-test-001530,0,0.007591544216249143,0,0.1842471556407169,available
ab-test-001531,0,0.023362745610740643,0,0.1842471556407169,available
ab-test-001532,0,0.0005841971196954932,0,0.1842471556407169,available
ab-test-001533,0,0.0020597569186460787,0,0.1842471556407169,available
ab-test-001534,0,0.0016099662581746082,0,0.1842471556407169,available
ab-test-001535,0,0.008934445195627388,0,0.1842471556407169,available
ab-test-001536,0,0.010826036615762308,0,0.1842471556407169,available
ab-test-001537,0,0.0007686423029215543,0,0.1842471556407169,available
ab-test-001538,0,0.008459908729820097,0,0.1842471556407169,available
ab-test-001539,0,0.02034504087233059,0,0.1842471556407169,available
ab-test-001540,0,0.0011221979529054662,0,0.1842471556407169,available
ab-test-001541,0,0.002859150423177051,0,0.1842471556407169,available
ab-test-001542,1,0.9595292821442132,1,0.1842471556407169,available
ab-test-001543,0,0.005703299859303257,0,0.1842471556407169,available
ab-test-001544,1,0.8164394678357525,1,0.1842471556407169,available
ab-test-001545,0,0.0031851144068180794,0,0.1842471556407169,available
ab-test-001546,1,0.9348150213904418,1,0.1842471556407169,available
ab-test-001547,0,0.0015099535328768907,0,0.1842471556407169,available
ab-test-001548,0,0.0011666609351527384,0,0.1842471556407169,available
ab-test-001549,0,0.002376052558890903,0,0.1842471556407169,available
ab-test-001550,1,0.8136679709206602,1,0.1842471556407169,available
ab-test-001551,0,0.0013053613230151122,0,0.1842471556407169,available
ab-test-001552,0,0.037785802020591015,0,0.1842471556407169,available
ab-test-001553,0,0.00103526879354039,0,0.1842471556407169,available
ab-test-001554,0,0.013221263287200496,0,0.1842471556407169,available
ab-test-001555,0,0.0019514791538600778,0,0.1842471556407169,available
ab-test-001556,0,0.06002023637159317,0,0.1842471556407169,available
ab-test-001557,1,0.35905602051868707,1,0.1842471556407169,available
ab-test-001558,0,0.004012225840421184,0,0.1842471556407169,available
ab-test-001559,0,0.0034733645716700785,0,0.1842471556407169,available
ab-test-001560,0,0.00572079202893301,0,0.1842471556407169,available
ab-test-001561,1,0.9591855660602263,1,0.1842471556407169,available
ab-test-001562,0,0.0018431732984045598,0,0.1842471556407169,available
ab-test-001563,0,0.002038179911709417,0,0.1842471556407169,available
ab-test-001564,0,0.0016360444680094202,0,0.1842471556407169,available
ab-test-001565,0,0.0011077230144300512,0,0.1842471556407169,available
ab-test-001566,0,0.0052697025637027,0,0.1842471556407169,available
ab-test-001567,0,0.005579831903608505,0,0.1842471556407169,available
ab-test-001568,0,0.004883882854353237,0,0.1842471556407169,available
ab-test-001569,1,0.9020512625903097,1,0.1842471556407169,available
ab-test-001570,1,0.5872901949838959,1,0.1842471556407169,available
ab-test-001571,0,0.01766508039851759,0,0.1842471556407169,available
ab-test-001572,0,0.0015110014043676744,0,0.1842471556407169,available
ab-test-001573,0,0.0012294817075101283,0,0.1842471556407169,available
ab-test-001574,0,0.006977319721092039,0,0.1842471556407169,available
ab-test-001575,0,0.01748764347793747,0,0.1842471556407169,available
ab-test-001576,0,0.0008915594503814733,0,0.1842471556407169,available
ab-test-001577,0,0.004930337370582041,0,0.1842471556407169,available
ab-test-001578,0,0.009800271601283547,0,0.1842471556407169,available
ab-test-001579,0,0.007003917177174068,0,0.1842471556407169,available
ab-test-001580,0,0.04133125582625893,0,0.1842471556407169,available
ab-test-001581,0,0.020988384747193025,0,0.1842471556407169,available
ab-test-001582,1,0.5029058978192197,1,0.1842471556407169,available
ab-test-001583,1,0.9956144644771678,1,0.1842471556407169,available
ab-test-001584,0,0.009883422619116379,0,0.1842471556407169,available
ab-test-001585,0,0.001060421334383324,0,0.1842471556407169,available
ab-test-001586,0,0.0047572990141437855,0,0.1842471556407169,available
ab-test-001587,0,0.025067637362487096,0,0.1842471556407169,available
ab-test-001588,1,0.9906544333176276,1,0.1842471556407169,available
ab-test-001589,0,0.022300727183839558,0,0.1842471556407169,available
ab-test-001590,0,0.0008893325547743223,0,0.1842471556407169,available
ab-test-001591,0,0.0011891394814987472,0,0.1842471556407169,available
ab-test-001592,0,0.005888232464954707,0,0.1842471556407169,available
ab-test-001593,0,0.0017200872978647157,0,0.1842471556407169,available
ab-test-001594,0,0.00433238256036097,0,0.1842471556407169,available
ab-test-001595,0,0.0029624568329645307,0,0.1842471556407169,available
ab-test-001596,1,0.8939637925163407,1,0.1842471556407169,available
ab-test-001597,1,0.9789023749708685,1,0.1842471556407169,available
ab-test-001598,0,0.008069084788307873,0,0.1842471556407169,available
ab-test-001599,0,0.0015430585220805914,0,0.1842471556407169,available
ab-test-001600,0,0.0010118941676473805,0,0.1842471556407169,available
ab-test-001601,1,0.9948175581703683,1,0.1842471556407169,available
ab-test-001602,0,0.0008659425618661767,0,0.1842471556407169,available
ab-test-001603,0,0.0110642211418056,0,0.1842471556407169,available
ab-test-001604,1,0.6789844990084379,1,0.1842471556407169,available
ab-test-001605,0,0.003935091639457641,0,0.1842471556407169,available
ab-test-001606,0,0.07195633633266536,0,0.1842471556407169,available
ab-test-001607,0,0.009612764244402086,0,0.1842471556407169,available
ab-test-001608,0,0.000693237713900725,0,0.1842471556407169,available
ab-test-001609,0,0.009036441924456696,0,0.1842471556407169,available
ab-test-001610,0,0.07838345444803825,0,0.1842471556407169,available
ab-test-001611,1,0.39842131380534535,1,0.1842471556407169,available
ab-test-001612,0,0.014064745143282728,0,0.1842471556407169,available
ab-test-001613,0,0.004823756258268441,0,0.1842471556407169,available
ab-test-001614,0,0.024235395709715384,0,0.1842471556407169,available
ab-test-001615,0,0.009284350491787604,0,0.1842471556407169,available
ab-test-001616,0,0.021300179085654878,0,0.1842471556407169,available
ab-test-001617,0,0.0015263640421327987,0,0.1842471556407169,available
ab-test-001618,1,0.9867905717527071,1,0.1842471556407169,available
ab-test-001619,0,0.010690987860328991,0,0.1842471556407169,available
ab-test-001620,0,0.0023533610418395687,0,0.1842471556407169,available
ab-test-001621,0,0.0034385183608397134,0,0.1842471556407169,available
ab-test-001622,1,0.990793653715252,1,0.1842471556407169,available
ab-test-001623,0,0.0019646135395577206,0,0.1842471556407169,available
ab-test-001624,1,0.9970510852754201,1,0.1842471556407169,available
ab-test-001625,0,0.005623317986708604,0,0.1842471556407169,available
ab-test-001626,0,0.004874794742846783,0,0.1842471556407169,available
ab-test-001627,0,0.024686568815740998,0,0.1842471556407169,available
ab-test-001628,0,0.0033765795213519306,0,0.1842471556407169,available
ab-test-001629,0,0.005534288731789785,0,0.1842471556407169,available
ab-test-001630,0,0.025106073829099098,0,0.1842471556407169,available
ab-test-001631,0,0.006654315516421965,0,0.1842471556407169,available
ab-test-001632,0,0.001483356781623001,0,0.1842471556407169,available
ab-test-001633,0,0.0062760022639961385,0,0.1842471556407169,available
ab-test-001634,0,0.0007934119910328741,0,0.1842471556407169,available
ab-test-001635,0,0.009592600799038897,0,0.1842471556407169,available
ab-test-001636,0,0.0010020512415565366,0,0.1842471556407169,available
ab-test-001637,1,0.9557292606057867,1,0.1842471556407169,available
ab-test-001638,0,0.0011165154525531902,0,0.1842471556407169,available
ab-test-001639,1,0.9763008528356943,1,0.1842471556407169,available
ab-test-001640,0,0.009553194949935418,0,0.1842471556407169,available
ab-test-001641,0,0.0007361194222875308,0,0.1842471556407169,available
ab-test-001642,0,0.011071213830555844,0,0.1842471556407169,available
ab-test-001643,0,0.000693219234447646,0,0.1842471556407169,available
ab-test-001644,0,0.019080126804820303,0,0.1842471556407169,available
ab-test-001645,0,0.0011855864397615973,0,0.1842471556407169,available
ab-test-001646,0,0.001159121742280696,0,0.1842471556407169,available
ab-test-001647,0,0.0006415097413649151,0,0.1842471556407169,available
ab-test-001648,0,0.002189019859394864,0,0.1842471556407169,available
ab-test-001649,0,0.0024893239114272873,0,0.1842471556407169,available
ab-test-001650,0,0.010922238867208242,0,0.1842471556407169,available
ab-test-001651,0,0.009903857141289284,0,0.1842471556407169,available
ab-test-001652,0,0.017581073227086786,0,0.1842471556407169,available
ab-test-001653,0,0.0013327428907708456,0,0.1842471556407169,available
ab-test-001654,0,0.007597289685523101,0,0.1842471556407169,available
ab-test-001655,0,0.0018153428102207886,0,0.1842471556407169,available
ab-test-001656,1,0.969290805370598,1,0.1842471556407169,available
ab-test-001657,0,0.0179255014097009,0,0.1842471556407169,available
ab-test-001658,0,0.006611238002439475,0,0.1842471556407169,available
ab-test-001659,0,0.41686800473910507,1,0.1842471556407169,available
ab-test-001660,0,0.0041195318999914955,0,0.1842471556407169,available
ab-test-001661,0,0.003937863429425457,0,0.1842471556407169,available
ab-test-001662,0,0.0005334658568142299,0,0.1842471556407169,available
ab-test-001663,0,0.0179244145579761,0,0.1842471556407169,available
ab-test-001664,1,0.9022067559729496,1,0.1842471556407169,available
ab-test-001665,0,0.005720875422281871,0,0.1842471556407169,available
ab-test-001666,0,0.005302500850062626,0,0.1842471556407169,available
ab-test-001667,0,0.006369607477454376,0,0.1842471556407169,available
ab-test-001668,0,0.004300331597392485,0,0.1842471556407169,available
ab-test-001669,0,0.0803296058465552,0,0.1842471556407169,available
ab-test-001670,0,0.0020909868547417934,0,0.1842471556407169,available
ab-test-001671,0,0.0018332502628169338,0,0.1842471556407169,available
ab-test-001672,0,0.043089668460139084,0,0.1842471556407169,available
ab-test-001673,0,0.0018240108288530236,0,0.1842471556407169,available
ab-test-001674,0,0.02539412292572195,0,0.1842471556407169,available
ab-test-001675,0,0.017545405938299577,0,0.1842471556407169,available
ab-test-001676,0,0.0016212622801221206,0,0.1842471556407169,available
ab-test-001677,0,0.00753143359492551,0,0.1842471556407169,available
ab-test-001678,0,0.0005751517940629695,0,0.1842471556407169,available
ab-test-001679,0,0.0013757697574388282,0,0.1842471556407169,available
ab-test-001680,0,0.06981841626445395,0,0.1842471556407169,available
ab-test-001681,0,0.011432596521037367,0,0.1842471556407169,available
ab-test-001682,0,0.030311701591922802,0,0.1842471556407169,available
ab-test-001683,0,0.008119261749903302,0,0.1842471556407169,available
ab-test-001684,0,0.0006002133024758678,0,0.1842471556407169,available
ab-test-001685,1,0.8382896671669987,1,0.1842471556407169,available
ab-test-001686,0,0.004777289061405717,0,0.1842471556407169,available
ab-test-001687,0,0.0032517943565646564,0,0.1842471556407169,available
ab-test-001688,1,0.8789040651247371,1,0.1842471556407169,available
ab-test-001689,1,0.9939157555231608,1,0.1842471556407169,available
ab-test-001690,0,0.002430495632737429,0,0.1842471556407169,available
ab-test-001691,0,0.0069342093188574806,0,0.1842471556407169,available
ab-test-001692,0,0.0016551767420303906,0,0.1842471556407169,available
ab-test-001693,0,0.0014748095111446276,0,0.1842471556407169,available
ab-test-001694,0,0.003934515955649955,0,0.1842471556407169,available
ab-test-001695,0,0.0009356829535486091,0,0.1842471556407169,available
ab-test-001696,0,0.0008327535373749537,0,0.1842471556407169,available
ab-test-001697,0,0.2413711862018874,1,0.1842471556407169,available
ab-test-001698,0,0.00258441165798389,0,0.1842471556407169,available
ab-test-001699,1,0.9878423707066237,1,0.1842471556407169,available
ab-test-001700,1,0.41286537673657947,1,0.1842471556407169,available
ab-test-001701,0,0.001832617959283547,0,0.1842471556407169,available
ab-test-001702,0,0.0020925676768786287,0,0.1842471556407169,available
ab-test-001703,0,0.0010817987779111538,0,0.1842471556407169,available
ab-test-001704,0,0.0013369715450152482,0,0.1842471556407169,available
ab-test-001705,0,0.003161565455938133,0,0.1842471556407169,available
ab-test-001706,0,0.0015888809126450324,0,0.1842471556407169,available
ab-test-001707,0,0.005008919461858466,0,0.1842471556407169,available
ab-test-001708,0,0.0008894258107301562,0,0.1842471556407169,available
ab-test-001709,0,0.0005594628482766449,0,0.1842471556407169,available
ab-test-001710,0,0.004336328288633516,0,0.1842471556407169,available
ab-test-001711,0,0.012228838040229653,0,0.1842471556407169,available
ab-test-001712,0,0.0009207875129415817,0,0.1842471556407169,available
ab-test-001713,0,0.01748567859748869,0,0.1842471556407169,available
ab-test-001714,0,0.0031787025578140864,0,0.1842471556407169,available
ab-test-001715,0,0.003241550117981605,0,0.1842471556407169,available
ab-test-001716,0,0.001475463583365085,0,0.1842471556407169,available
ab-test-001717,0,0.004967757262370341,0,0.1842471556407169,available
ab-test-001718,0,0.006405203847048571,0,0.1842471556407169,available
ab-test-001719,0,0.003575291547035894,0,0.1842471556407169,available
ab-test-001720,0,0.006981522614353745,0,0.1842471556407169,available
ab-test-001721,0,0.02477246238087449,0,0.1842471556407169,available
ab-test-001722,0,0.0023431587775726123,0,0.1842471556407169,available
ab-test-001723,0,0.0036566285649581426,0,0.1842471556407169,available
ab-test-001724,0,0.003296324359865685,0,0.1842471556407169,available
ab-test-001725,0,0.0017316938257950238,0,0.1842471556407169,available
ab-test-001726,0,0.006685453817119353,0,0.1842471556407169,available
ab-test-001727,1,0.9591628698490046,1,0.1842471556407169,available
ab-test-001728,0,0.007535304429988405,0,0.1842471556407169,available
ab-test-001729,0,0.0025253094239746023,0,0.1842471556407169,available
ab-test-001730,0,0.0026767214204600513,0,0.1842471556407169,available
ab-test-001731,0,0.0035061411940181747,0,0.1842471556407169,available
ab-test-001732,0,0.004426789657353681,0,0.1842471556407169,available
ab-test-001733,0,0.06631403874001432,0,0.1842471556407169,available
ab-test-001734,0,0.19915953769772532,1,0.1842471556407169,available
ab-test-001735,0,0.0020515484707546287,0,0.1842471556407169,available
ab-test-001736,0,0.0022793273128818062,0,0.1842471556407169,available
ab-test-001737,1,0.9813904391717381,1,0.1842471556407169,available
ab-test-001738,0,0.0018050931666603867,0,0.1842471556407169,available
ab-test-001739,0,0.004995383704004869,0,0.1842471556407169,available
ab-test-001740,0,0.007172692978434101,0,0.1842471556407169,available
ab-test-001741,1,0.9729647016340957,1,0.1842471556407169,available
ab-test-001742,0,0.001246428884701515,0,0.1842471556407169,available
ab-test-001743,0,0.02907171707082986,0,0.1842471556407169,available
ab-test-001744,0,0.0049005308814114405,0,0.1842471556407169,available
ab-test-001745,0,0.0020262275908652515,0,0.1842471556407169,available
ab-test-001746,0,0.011310716608100955,0,0.1842471556407169,available
ab-test-001747,0,0.0013380200039535767,0,0.1842471556407169,available
ab-test-001748,0,0.0021568772943561243,0,0.1842471556407169,available
ab-test-001749,1,0.931463446202983,1,0.1842471556407169,available
ab-test-001750,0,0.006153657174470818,0,0.1842471556407169,available
ab-test-001751,0,0.014651944801489297,0,0.1842471556407169,available
ab-test-001752,0,0.01899005645765165,0,0.1842471556407169,available
ab-test-001753,0,0.013058205907292925,0,0.1842471556407169,available
ab-test-001754,0,0.017883938636978097,0,0.1842471556407169,available
ab-test-001755,0,0.004597978148493177,0,0.1842471556407169,available
ab-test-001756,0,0.04184477124375854,0,0.1842471556407169,available
ab-test-001757,0,0.0037177103300588053,0,0.1842471556407169,available
ab-test-001758,0,0.00918694651890598,0,0.1842471556407169,available
ab-test-001759,0,0.006314130387494152,0,0.1842471556407169,available
ab-test-001760,0,0.0016144051899850994,0,0.1842471556407169,available
ab-test-001761,0,0.020492016845026526,0,0.1842471556407169,available
ab-test-001762,0,0.0030890332712957226,0,0.1842471556407169,available
ab-test-001763,0,0.0016515204868200366,0,0.1842471556407169,available
ab-test-001764,0,0.0012964719101923121,0,0.1842471556407169,available
ab-test-001765,0,0.001058492620850624,0,0.1842471556407169,available
ab-test-001766,0,0.0053610150819805155,0,0.1842471556407169,available
ab-test-001767,0,0.001785131412639115,0,0.1842471556407169,available
ab-test-001768,0,0.0277302393954017,0,0.1842471556407169,available
ab-test-001769,0,0.00422598045856422,0,0.1842471556407169,available
ab-test-001770,0,0.00527111583886307,0,0.1842471556407169,available
ab-test-001771,1,0.9945950042735174,1,0.1842471556407169,available
ab-test-001772,1,0.991693386099403,1,0.1842471556407169,available
ab-test-001773,0,0.006186603685213308,0,0.1842471556407169,available
ab-test-001774,0,0.00713383603876301,0,0.1842471556407169,available
ab-test-001775,0,0.052211237281273686,0,0.1842471556407169,available
ab-test-001776,1,0.9873311544905158,1,0.1842471556407169,available
ab-test-001777,1,0.9754196186500623,1,0.1842471556407169,available
ab-test-001778,0,0.021755635502607142,0,0.1842471556407169,available
ab-test-001779,0,0.0008129763137214427,0,0.1842471556407169,available
ab-test-001780,0,0.0009442200611030823,0,0.1842471556407169,available
ab-test-001781,0,0.000953667840402726,0,0.1842471556407169,available
ab-test-001782,0,0.11588146838283345,0,0.1842471556407169,available
ab-test-001783,0,0.019883745843465896,0,0.1842471556407169,available
ab-test-001784,0,0.0013079094196822,0,0.1842471556407169,available
ab-test-001785,0,0.6908754630304047,1,0.1842471556407169,available
ab-test-001786,0,0.01219085648115236,0,0.1842471556407169,available
ab-test-001787,0,0.045721865240671775,0,0.1842471556407169,available
ab-test-001788,0,0.0008150563325550831,0,0.1842471556407169,available
ab-test-001789,0,0.0018529928259692105,0,0.1842471556407169,available
ab-test-001790,0,0.5277834458123305,1,0.1842471556407169,available
ab-test-001791,0,0.0009807913512062361,0,0.1842471556407169,available
ab-test-001792,0,0.020162393930171472,0,0.1842471556407169,available
ab-test-001793,0,0.00118956319863827,0,0.1842471556407169,available
ab-test-001794,0,0.002041628845845913,0,0.1842471556407169,available
ab-test-001795,0,0.0006463266477268403,0,0.1842471556407169,available
ab-test-001796,0,0.005173165423953975,0,0.1842471556407169,available
ab-test-001797,0,0.011067179350663156,0,0.1842471556407169,available
ab-test-001798,0,0.022476031335984695,0,0.1842471556407169,available
ab-test-001799,0,0.0007138370748853106,0,0.1842471556407169,available
ab-test-001800,0,0.0013060542546478372,0,0.1842471556407169,available
ab-test-001801,0,0.11091487057764564,0,0.1842471556407169,available
ab-test-001802,0,0.008099259017402462,0,0.1842471556407169,available
ab-test-001803,0,0.0017028430298334073,0,0.1842471556407169,available
ab-test-001804,0,0.001331895928454756,0,0.1842471556407169,available
ab-test-001805,0,0.0018371673004905775,0,0.1842471556407169,available
ab-test-001806,0,0.0011043452292363181,0,0.1842471556407169,available
ab-test-001807,0,0.001481255471723848,0,0.1842471556407169,available
ab-test-001808,1,0.9838870606708815,1,0.1842471556407169,available
ab-test-001809,0,0.0025787958040953663,0,0.1842471556407169,available
ab-test-001810,0,0.00095565310662876,0,0.1842471556407169,available
ab-test-001811,0,0.007483999372405162,0,0.1842471556407169,available
ab-test-001812,0,0.015326745660476013,0,0.1842471556407169,available
ab-test-001813,0,0.03709392082054405,0,0.1842471556407169,available
ab-test-001814,0,0.030685766262797756,0,0.1842471556407169,available
ab-test-001815,0,0.009324434621466,0,0.1842471556407169,available
ab-test-001816,1,0.8836712591395932,1,0.1842471556407169,available
ab-test-001817,0,0.0010493638065290688,0,0.1842471556407169,available
ab-test-001818,0,0.0015715318042890756,0,0.1842471556407169,available
ab-test-001819,0,0.0008487681720096824,0,0.1842471556407169,available
ab-test-001820,1,0.9922036356682794,1,0.1842471556407169,available
ab-test-001821,0,0.0031815985485963497,0,0.1842471556407169,available
ab-test-001822,0,0.007359204670005711,0,0.1842471556407169,available
ab-test-001823,1,0.9901362603634343,1,0.1842471556407169,available
ab-test-001824,0,0.0018824113757186089,0,0.1842471556407169,available
ab-test-001825,0,0.0009472389123330752,0,0.1842471556407169,available
ab-test-001826,0,0.006939601506946598,0,0.1842471556407169,available
ab-test-001827,0,0.011459875975223426,0,0.1842471556407169,available
ab-test-001828,0,0.026348840316236664,0,0.1842471556407169,available
ab-test-001829,0,0.003307463864262969,0,0.1842471556407169,available
ab-test-001830,1,0.8790708950436078,1,0.1842471556407169,available
ab-test-001831,0,0.08112935181957283,0,0.1842471556407169,available
ab-test-001832,0,0.007847453118686317,0,0.1842471556407169,available
ab-test-001833,0,0.001979774574759834,0,0.1842471556407169,available
ab-test-001834,0,0.0017409321821144487,0,0.1842471556407169,available
ab-test-001835,0,0.0028174081737166842,0,0.1842471556407169,available
ab-test-001836,0,0.0008858783024509422,0,0.1842471556407169,available
ab-test-001837,0,0.002701586936002567,0,0.1842471556407169,available
ab-test-001838,0,0.004215215627845558,0,0.1842471556407169,available
ab-test-001839,0,0.0007855574705593621,0,0.1842471556407169,available
ab-test-001840,0,0.01157649963219156,0,0.1842471556407169,available
ab-test-001841,0,0.0025711258937409593,0,0.1842471556407169,available
ab-test-001842,0,0.5015580740372748,1,0.1842471556407169,available
ab-test-001843,0,0.0010279252841024808,0,0.1842471556407169,available
ab-test-001844,1,0.6888610961486648,1,0.1842471556407169,available
ab-test-001845,0,0.007223544246133895,0,0.1842471556407169,available
ab-test-001846,0,0.006460366533165191,0,0.1842471556407169,available
ab-test-001847,0,0.0016767472861892881,0,0.1842471556407169,available
ab-test-001848,0,0.004036115819575998,0,0.1842471556407169,available
ab-test-001849,0,0.003868002180073893,0,0.1842471556407169,available
ab-test-001850,0,0.0015124792179973515,0,0.1842471556407169,available
ab-test-001851,0,0.010867961422469414,0,0.1842471556407169,available
ab-test-001852,0,0.0015493068187929764,0,0.1842471556407169,available
ab-test-001853,1,0.5633164846821388,1,0.1842471556407169,available
ab-test-001854,0,0.3362638740915173,1,0.1842471556407169,available
ab-test-001855,0,0.0015106872242533753,0,0.1842471556407169,available
ab-test-001856,0,0.04337086483266912,0,0.1842471556407169,available
ab-test-001857,0,0.015683010504260117,0,0.1842471556407169,available
ab-test-001858,0,0.011594020064390179,0,0.1842471556407169,available
ab-test-001859,0,0.006933035992797217,0,0.1842471556407169,available
ab-test-001860,0,0.003226172849133318,0,0.1842471556407169,available
ab-test-001861,0,0.04212776516130539,0,0.1842471556407169,available
ab-test-001862,0,0.0031311074902527166,0,0.1842471556407169,available
ab-test-001863,0,0.001323376824833758,0,0.1842471556407169,available
ab-test-001864,0,0.0029513953079479535,0,0.1842471556407169,available
ab-test-001865,0,0.0015261891414763977,0,0.1842471556407169,available
ab-test-001866,0,0.027484355400539694,0,0.1842471556407169,available
ab-test-001867,0,0.0006043192150753974,0,0.1842471556407169,available
ab-test-001868,0,0.013909530129120938,0,0.1842471556407169,available
ab-test-001869,0,0.019397135967695274,0,0.1842471556407169,available
ab-test-001870,0,0.0004356016839162386,0,0.1842471556407169,available
ab-test-001871,0,0.013160774887046797,0,0.1842471556407169,available
ab-test-001872,0,0.00958930354716615,0,0.1842471556407169,available
ab-test-001873,0,0.019181370483034976,0,0.1842471556407169,available
ab-test-001874,0,0.00181109892295345,0,0.1842471556407169,available
ab-test-001875,0,0.028935964227132432,0,0.1842471556407169,available
ab-test-001876,0,0.0026309172434057404,0,0.1842471556407169,available
ab-test-001877,0,0.006413416269361946,0,0.1842471556407169,available
ab-test-001878,0,0.02220431357274864,0,0.1842471556407169,available
ab-test-001879,0,0.0006136976448525213,0,0.1842471556407169,available
ab-test-001880,0,0.008083297360865271,0,0.1842471556407169,available
ab-test-001881,0,0.011865378498948344,0,0.1842471556407169,available
ab-test-001882,0,0.0033296354743306946,0,0.1842471556407169,available
ab-test-001883,1,0.9918098781602837,1,0.1842471556407169,available
ab-test-001884,0,0.016467746636961458,0,0.1842471556407169,available
ab-test-001885,0,0.003352506911062761,0,0.1842471556407169,available
ab-test-001886,0,0.001845230067443262,0,0.1842471556407169,available
ab-test-001887,1,0.9584914190093663,1,0.1842471556407169,available
ab-test-001888,0,0.001698593019128482,0,0.1842471556407169,available
ab-test-001889,0,0.0007585821541460176,0,0.1842471556407169,available
ab-test-001890,0,0.006216313453404415,0,0.1842471556407169,available
ab-test-001891,0,0.024302101363639656,0,0.1842471556407169,available
ab-test-001892,0,0.01242946639221943,0,0.1842471556407169,available
ab-test-001893,1,0.7035602532910056,1,0.1842471556407169,available
ab-test-001894,0,0.0009694041745863259,0,0.1842471556407169,available
ab-test-001895,1,0.9767195031056592,1,0.1842471556407169,available
ab-test-001896,0,0.0015919270328024254,0,0.1842471556407169,available
ab-test-001897,0,0.0013851030999853838,0,0.1842471556407169,available
ab-test-001898,0,0.00580109247499091,0,0.1842471556407169,available
ab-test-001899,0,0.0030592803665435886,0,0.1842471556407169,available
ab-test-001900,0,0.0012412243713652233,0,0.1842471556407169,available
ab-test-001901,0,0.0009273440919123782,0,0.1842471556407169,available
ab-test-001902,0,0.004666587163382277,0,0.1842471556407169,available
ab-test-001903,0,0.001441716456782767,0,0.1842471556407169,available
ab-test-001904,1,0.9864253187595309,1,0.1842471556407169,available
ab-test-001905,0,0.013239279270518284,0,0.1842471556407169,available
ab-test-001906,0,0.001396504210929294,0,0.1842471556407169,available
ab-test-001907,0,0.00921371771933081,0,0.1842471556407169,available
ab-test-001908,0,0.0036737916936572367,0,0.1842471556407169,available
ab-test-001909,0,0.009787978597970074,0,0.1842471556407169,available
ab-test-001910,0,0.007117277303382572,0,0.1842471556407169,available
ab-test-001911,0,0.0011695766249418434,0,0.1842471556407169,available
ab-test-001912,1,0.5923569630637935,1,0.1842471556407169,available
ab-test-001913,0,0.21736664108862586,1,0.1842471556407169,available
ab-test-001914,0,0.001407588099057557,0,0.1842471556407169,available
ab-test-001915,0,0.0013831615936762773,0,0.1842471556407169,available
