pair_id,label,probability,prediction,threshold,status
ab-test-000000,0,0.21849272295607378,0,0.5,available
ab-test-000001,0,0.34395269048940064,0,0.5,available
ab-test-000002,0,0.19525257231392237,0,0.5,available
ab-test-000003,1,0.8310967270908827,1,0.5,available
ab-test-000004,0,0.4857728619334184,0,0.5,available
ab-test-000005,0,0.32297982814058696,0,0.5,available
ab-test-000006,0,0.1244829275681367,0,0.5,available
ab-test-000007,0,0.21207680222839007,0,0.5,available
ab-test-000008,0,0.36791610791853596,0,0.5,available
ab-test-000009,0,0.19011318879368785,0,0.5,available
ab-test-000010,0,0.2132598484034889,0,0.5,available
ab-test-000011,0,0.2721697758894033,0,0.5,available
ab-test-000012,0,0.4851449196784087,0,0.5,available
ab-test-000013,0,0.4729305061890666,0,0.5,available
ab-test-000014,0,0.13193749903383814,0,0.5,available
ab-test-000015,0,0.5784213024409574,1,0.5,available
ab-test-000016,0,0.4898313286726033,0,0.5,available
ab-test-000017,0,0.3128708378889915,0,0.5,available
ab-test-000018,0,0.34556882176131404,0,0.5,available
ab-test-000019,0,0.4873449307271669,0,0.5,available
ab-test-000020,0,0.28610215074579953,0,0.5,available
ab-test-000021,0,0.44166085961658913,0,0.5,available
ab-test-000022,0,0.18823985978322771,0,0.5,available
ab-test-000023,0,0.3484097097835791,0,0.5,available
ab-test-000024,0,0.4019866504637634,0,0.5,available
ab-test-000025,0,0.3622622170519505,0,0.5,available
ab-test-000026,1,0.8154881825510533,1,0.5,available
ab-test-000027,0,0.45217051292542076,0,0.5,available
ab-test-000028,0,0.40768995820826,0,0.5,available
ab-test-000029,0,0.8445271834851384,1,0.5,available
ab-test-000030,0,0.6703812862992405,1,0.5,available
ab-test-000031,0,0.21935852811598006,0,0.5,available
ab-test-000032,0,0.41708814178562376,0,0.5,available
ab-test-000033,0,0.46361087634843734,0,0.5,available
ab-test-000034,0,0.6529349293649082,1,0.5,available
ab-test-000035,0,0.17495982178730987,0,0.5,available
ab-test-000036,0,0.2714063917352629,0,0.5,available
ab-test-000037,0,0.4975407772052872,0,0.5,available
ab-test-000038,0,0.46945472146976386,0,0.5,available
ab-test-000039,0,0.30631365409847916,0,0.5,available
ab-test-000040,0,0.22961914474684753,0,0.5,available
ab-test-000041,0,0.5479332147908982,1,0.5,available
ab-test-000042,0,0.8538363456246589,1,0.5,available
ab-test-000043,0,0.24469443085205647,0,0.5,available
ab-test-000044,0,0.4995638786214883,0,0.5,available
ab-test-000045,0,0.21153482937613263,0,0.5,available
ab-test-000046,1,0.9670882294631479,1,0.5,available
ab-test-000047,1,0.9487714202872128,1,0.5,available
ab-test-000048,0,0.15637771505639647,0,0.5,available
ab-test-000049,0,0.40654211024401193,0,0.5,available
ab-test-000050,0,0.5364533465271122,1,0.5,available
ab-test-000051,1,0.9129587303004232,1,0.5,available
ab-test-000052,0,0.5513603806883768,1,0.5,available
ab-test-000053,0,0.47434444385605606,0,0.5,available
ab-test-000054,1,0.9328041452789488,1,0.5,available
ab-test-000055,0,0.22481145656255974,0,0.5,available
ab-test-000056,0,0.40282273644642336,0,0.5,available
ab-test-000057,1,0.8601001625583282,1,0.5,available
ab-test-000058,0,0.3802059712392141,0,0.5,available
ab-test-000059,0,0.38426875322702664,0,0.5,available
ab-test-000060,0,0.25979783386339134,0,0.5,available
ab-test-000061,0,0.37219525531507225,0,0.5,available
ab-test-000062,0,0.47494469513934906,0,0.5,available
ab-test-000063,0,0.44732134362250564,0,0.5,available
ab-test-000064,0,0.7505887438303345,1,0.5,available
ab-test-000065,0,0.6276331206511003,1,0.5,available
ab-test-000066,0,0.29748116288364085,0,0.5,available
ab-test-000067,0,0.47897633800281925,0,0.5,available
ab-test-000068,0,0.49224604694769153,0,0.5,available
ab-test-000069,0,0.46254832300741505,0,0.5,available
ab-test-000070,0,0.5130467317710082,1,0.5,available
ab-test-000071,0,0.17053733856075304,0,0.5,available
ab-test-000072,0,0.46146050678656686,0,0.5,available
ab-test-000073,0,0.20283543001700172,0,0.5,available
ab-test-000074,0,0.5186473628279639,1,0.5,available
ab-test-000075,0,0.43461879361948574,0,0.5,available
ab-test-000076,0,0.5301607342126317,1,0.5,available
ab-test-000077,0,0.4018562643892762,0,0.5,available
ab-test-000078,0,0.46257528153923144,0,0.5,available
ab-test-000079,0,0.5078238809655189,1,0.5,available
ab-test-000080,0,0.4480700717450984,0,0.5,available
ab-test-000081,1,0.7736606385015148,1,0.5,available
ab-test-000082,0,0.5820921505631788,1,0.5,available
ab-test-000083,0,0.21540703167463565,0,0.5,available
ab-test-000084,0,0.16681726521364826,0,0.5,available
ab-test-000085,0,0.2495233687940865,0,0.5,available
ab-test-000086,0,0.2753055065900857,0,0.5,available
ab-test-000087,0,0.2579231568531123,0,0.5,available
ab-test-000088,0,0.32191545588077713,0,0.5,available
ab-test-000089,0,0.2834829733961047,0,0.5,available
ab-test-000090,0,0.20979522060738867,0,0.5,available
ab-test-000091,0,0.2932428979592316,0,0.5,available
ab-test-000092,0,0.38099152778492945,0,0.5,available
ab-test-000093,0,0.401857546644521,0,0.5,available
ab-test-000094,0,0.3895281734199831,0,0.5,available
ab-test-000095,0,0.19306085101398504,0,0.5,available
ab-test-000096,0,0.5317428812086146,1,0.5,available
ab-test-000097,0,0.2702317362141297,0,0.5,available
ab-test-000098,0,0.40545080285791724,0,0.5,available
ab-test-000099,0,0.47681448558176326,0,0.5,available
ab-test-000100,0,0.1784699205136172,0,0.5,available
ab-test-000101,0,0.2693399616819129,0,0.5,available
ab-test-000102,1,0.9488838167571413,1,0.5,available
ab-test-000103,0,0.2545766391290723,0,0.5,available
ab-test-000104,0,0.38998057387141377,0,0.5,available
ab-test-000105,0,0.5243055055801049,1,0.5,available
ab-test-000106,0,0.577138912505419,1,0.5,available
ab-test-000107,0,0.40470632419633845,0,0.5,available
ab-test-000108,0,0.32361419100031646,0,0.5,available
ab-test-000109,0,0.23608024405975184,0,0.5,available
ab-test-000110,0,0.4503272822342898,0,0.5,available
ab-test-000111,0,0.08746140433407823,0,0.5,available
ab-test-000112,1,0.8029865938659204,1,0.5,available
ab-test-000113,0,0.36979131297243706,0,0.5,available
ab-test-000114,0,0.8148211528019572,1,0.5,available
ab-test-000115,0,0.43269777284127237,0,0.5,available
ab-test-000116,0,0.31581138351590654,0,0.5,available
ab-test-000117,0,0.4303275985349555,0,0.5,available
ab-test-000118,0,0.3146080809320852,0,0.5,available
ab-test-000119,0,0.16290726396582386,0,0.5,available
ab-test-000120,0,0.05467128773301358,0,0.5,available
ab-test-000121,0,0.1282263528421224,0,0.5,available
ab-test-000122,0,0.20486310085378573,0,0.5,available
ab-test-000123,0,0.12053589296396647,0,0.5,available
ab-test-000124,1,0.9360768472494768,1,0.5,available
ab-test-000125,0,0.33563155126386424,0,0.5,available
ab-test-000126,1,0.9585113723973623,1,0.5,available
ab-test-000127,1,0.9382564951751423,1,0.5,available
ab-test-000128,0,0.37531518977313066,0,0.5,available
ab-test-000129,0,0.7638890392980603,1,0.5,available
ab-test-000130,0,0.14216823467127204,0,0.5,available
ab-test-000131,0,0.2590330705080185,0,0.5,available
ab-test-000132,1,0.9717596380186702,1,0.5,available
ab-test-000133,0,0.5219715360458238,1,0.5,available
ab-test-000134,0,0.45357291501966984,0,0.5,available
ab-test-000135,0,0.546909511406447,1,0.5,available
ab-test-000136,0,0.12948626059762097,0,0.5,available
ab-test-000137,0,0.2876638987888846,0,0.5,available
ab-test-000138,0,0.17921920085333368,0,0.5,available
ab-test-000139,0,0.4394675233947422,0,0.5,available
ab-test-000140,0,0.18376907143157173,0,0.5,available
ab-test-000141,0,0.43428013808324756,0,0.5,available
ab-test-000142,0,0.45165205011442155,0,0.5,available
ab-test-000143,0,0.22678180391227834,0,0.5,available
ab-test-000144,0,0.19202564554167476,0,0.5,available
ab-test-000145,0,0.09165503598421552,0,0.5,available
ab-test-000146,0,0.5387803904233318,1,0.5,available
ab-test-000147,0,0.35552484204767915,0,0.5,available
ab-test-000148,0,0.1971796760116511,0,0.5,available
ab-test-000149,0,0.5106068359384212,1,0.5,available
ab-test-000150,0,0.18439463765631625,0,0.5,available
ab-test-000151,1,0.8221200374311081,1,0.5,available
ab-test-000152,0,0.2259493200011726,0,0.5,available
ab-test-000153,1,0.9692324173851355,1,0.5,available
ab-test-000154,0,0.5641193536094723,1,0.5,available
ab-test-000155,1,0.9419155069928886,1,0.5,available
ab-test-000156,0,0.314485059573013,0,0.5,available
ab-test-000157,0,0.3618830079383254,0,0.5,available
ab-test-000158,0,0.2731656521625643,0,0.5,available
ab-test-000159,0,0.3771689420548272,0,0.5,available
ab-test-000160,1,0.9717596380186702,1,0.5,available
ab-test-000161,0,0.17697252734235935,0,0.5,available
ab-test-000162,0,0.31116950517134206,0,0.5,available
ab-test-000163,1,0.9609442231207247,1,0.5,available
ab-test-000164,0,0.36608716229699406,0,0.5,available
ab-test-000165,0,0.3297656847632522,0,0.5,available
ab-test-000166,0,0.4433589854268814,0,0.5,available
ab-test-000167,0,0.5259088537631812,1,0.5,available
ab-test-000168,0,0.29046586641934585,0,0.5,available
ab-test-000169,0,0.20840872700833346,0,0.5,available
ab-test-000170,0,0.5002595224508246,1,0.5,available
ab-test-000171,0,0.47615824560564923,0,0.5,available
ab-test-000172,0,0.44939432649466377,0,0.5,available
ab-test-000173,0,0.43083416073944497,0,0.5,available
ab-test-000174,0,0.192725311871171,0,0.5,available
ab-test-000175,0,0.15586142833749803,0,0.5,available
ab-test-000176,0,0.5100156902078131,1,0.5,available
ab-test-000177,0,0.20345871013141045,0,0.5,available
ab-test-000178,1,0.7244439601505759,1,0.5,available
ab-test-000179,0,0.4288292134135304,0,0.5,available
ab-test-000180,0,0.48400126104273217,0,0.5,available
ab-test-000181,1,0.7857449202857026,1,0.5,available
ab-test-000182,0,0.12621688476579312,0,0.5,available
ab-test-000183,0,0.43224847945869527,0,0.5,available
ab-test-000184,1,0.8650682329434258,1,0.5,available
ab-test-000185,0,0.14861677151570687,0,0.5,available
ab-test-000186,1,0.957362612529401,1,0.5,available
ab-test-000187,0,0.49709666600679603,0,0.5,available
ab-test-000188,0,0.17120794634217115,0,0.5,available
ab-test-000189,0,0.4842042031953454,0,0.5,available
ab-test-000190,0,0.1909544427905829,0,0.5,available
ab-test-000191,0,0.18432418168378698,0,0.5,available
ab-test-000192,0,0.4005151814508823,0,0.5,available
ab-test-000193,0,0.43286155136273496,0,0.5,available
ab-test-000194,0,0.4242059910853445,0,0.5,available
ab-test-000195,0,0.5544858207414443,1,0.5,available
ab-test-000196,0,0.3653190042744443,0,0.5,available
ab-test-000197,0,0.2167469610295299,0,0.5,available
ab-test-000198,0,0.5127918697767846,1,0.5,available
ab-test-000199,0,0.2927912716336891,0,0.5,available
ab-test-000200,0,0.48180031768847087,0,0.5,available
ab-test-000201,1,0.8569130828361934,1,0.5,available
ab-test-000202,0,0.5095659915282084,1,0.5,available
ab-test-000203,0,0.24602143310206168,0,0.5,available
ab-test-000204,0,0.7210026558351408,1,0.5,available
ab-test-000205,1,0.9655878416079259,1,0.5,available
ab-test-000206,0,0.4802205717280081,0,0.5,available
ab-test-000207,0,0.2777470210134329,0,0.5,available
ab-test-000208,1,0.9126753987098484,1,0.5,available
ab-test-000209,0,0.3954234289182347,0,0.5,available
ab-test-000210,0,0.323265993911306,0,0.5,available
ab-test-000211,0,0.18757133111710989,0,0.5,available
ab-test-000212,0,0.15679146447648254,0,0.5,available
ab-test-000213,0,0.5196002901222747,1,0.5,available
ab-test-000214,1,0.9471866599617556,1,0.5,available
ab-test-000215,0,0.46361087634843734,0,0.5,available
ab-test-000216,0,0.4458329548507948,0,0.5,available
ab-test-000217,0,0.17540184927575306,0,0.5,available
ab-test-000218,0,0.24444090566021337,0,0.5,available
ab-test-000219,0,0.1702682360621054,0,0.5,available
ab-test-000220,0,0.41125118014004264,0,0.5,available
ab-test-000221,0,0.21373479586696675,0,0.5,available
ab-test-000222,0,0.1815358004998496,0,0.5,available
ab-test-000223,0,0.400161159929907,0,0.5,available
ab-test-000224,0,0.16806938746728614,0,0.5,available
ab-test-000225,0,0.48042028088378186,0,0.5,available
ab-test-000226,0,0.313043702913545,0,0.5,available
ab-test-000227,0,0.4303275985349555,0,0.5,available
ab-test-000228,0,0.07670962022962453,0,0.5,available
ab-test-000229,1,0.9665554718372427,1,0.5,available
ab-test-000230,0,0.16277675960087418,0,0.5,available
ab-test-000231,0,0.4580967875120751,0,0.5,available
ab-test-000232,0,0.3708351138909599,0,0.5,available
ab-test-000233,0,0.4630089878900033,0,0.5,available
ab-test-000234,0,0.5559438273001843,1,0.5,available
ab-test-000235,0,0.5037296225634594,1,0.5,available
ab-test-000236,0,0.1649208216970481,0,0.5,available
ab-test-000237,1,0.9590555461550867,1,0.5,available
ab-test-000238,0,0.3481929591703935,0,0.5,available
ab-test-000239,0,0.2040075715525348,0,0.5,available
ab-test-000240,0,0.3188158322334241,0,0.5,available
ab-test-000241,0,0.1341362823215747,0,0.5,available
ab-test-000242,0,0.5097997634082686,1,0.5,available
ab-test-000243,0,0.20999935652658763,0,0.5,available
ab-test-000244,0,0.13801369263595528,0,0.5,available
ab-test-000245,1,0.9665554718372427,1,0.5,available
ab-test-000246,0,0.5324653063210578,1,0.5,available
ab-test-000247,0,0.47186312306940176,0,0.5,available
ab-test-000248,0,0.27597523735382795,0,0.5,available
ab-test-000249,0,0.05430062694772028,0,0.5,available
ab-test-000250,0,0.06840461928847158,0,0.5,available
ab-test-000251,0,0.5024775480901409,1,0.5,available
ab-test-000252,0,0.19687618562637235,0,0.5,available
ab-test-000253,0,0.27220710251105656,0,0.5,available
ab-test-000254,0,0.05583383008071106,0,0.5,available
ab-test-000255,0,0.41935928546827533,0,0.5,available
ab-test-000256,0,0.32179991035580136,0,0.5,available
ab-test-000257,0,0.5055454922092295,1,0.5,available
ab-test-000258,0,0.4595842241280095,0,0.5,available
ab-test-000259,0,0.5153420669864234,1,0.5,available
ab-test-000260,0,0.12548251441941338,0,0.5,available
ab-test-000261,0,0.612109293365373,1,0.5,available
ab-test-000262,0,0.4389815774322842,0,0.5,available
ab-test-000263,0,0.5198679141011685,1,0.5,available
ab-test-000264,0,0.35993230060468673,0,0.5,available
ab-test-000265,0,0.3116155876743043,0,0.5,available
ab-test-000266,0,0.24645281415334225,0,0.5,available
ab-test-000267,0,0.1800619883623782,0,0.5,available
ab-test-000268,0,0.40655169906413996,0,0.5,available
ab-test-000269,0,0.4169440266941976,0,0.5,available
ab-test-000270,0,0.20815232486839505,0,0.5,available
ab-test-000271,0,0.17632702345880075,0,0.5,available
ab-test-000272,0,0.12838065630469409,0,0.5,available
ab-test-000273,0,0.1117957541588461,0,0.5,available
ab-test-000274,0,0.49279963137469535,0,0.5,available
ab-test-000275,0,0.48180031768847087,0,0.5,available
ab-test-000276,0,0.1726530930421082,0,0.5,available
ab-test-000277,0,0.757688306286329,1,0.5,available
ab-test-000278,0,0.21594440302361742,0,0.5,available
ab-test-000279,0,0.5086884752509119,1,0.5,available
ab-test-000280,0,0.22277449552708403,0,0.5,available
ab-test-000281,0,0.43989729804641603,0,0.5,available
ab-test-000282,0,0.4027384052002275,0,0.5,available
ab-test-000283,0,0.33753217723652723,0,0.5,available
ab-test-000284,0,0.306466112501161,0,0.5,available
ab-test-000285,0,0.1183541833787683,0,0.5,available
ab-test-000286,0,0.4476957597519828,0,0.5,available
ab-test-000287,0,0.26493547497396824,0,0.5,available
ab-test-000288,0,0.49954715618171125,0,0.5,available
ab-test-000289,0,0.25322451169140137,0,0.5,available
ab-test-000290,0,0.27475131455460655,0,0.5,available
ab-test-000291,0,0.13079834230855425,0,0.5,available
ab-test-000292,0,0.5829918842211355,1,0.5,available
ab-test-000293,0,0.3737589895609353,0,0.5,available
ab-test-000294,0,0.5177713711014401,1,0.5,available
ab-test-000295,0,0.1593797332672439,0,0.5,available
ab-test-000296,1,0.9613333933194399,1,0.5,available
ab-test-000297,0,0.39517858760656477,0,0.5,available
ab-test-000298,0,0.48509817977377867,0,0.5,available
ab-test-000299,0,0.3435804506222354,0,0.5,available
ab-test-000300,0,0.5231049914629455,1,0.5,available
ab-test-000301,0,0.40658975554822824,0,0.5,available
ab-test-000302,0,0.14457066343416686,0,0.5,available
ab-test-000303,0,0.5805997733059501,1,0.5,available
ab-test-000304,0,0.28444872697670853,0,0.5,available
ab-test-000305,0,0.5475388703366117,1,0.5,available
ab-test-000306,0,0.5771693097420992,1,0.5,available
ab-test-000307,1,0.966739215394281,1,0.5,available
ab-test-000308,1,0.9396762409888028,1,0.5,available
ab-test-000309,0,0.31514742388620226,0,0.5,available
ab-test-000310,0,0.15054635955859993,0,0.5,available
ab-test-000311,1,0.9331833654981209,1,0.5,available
ab-test-000312,0,0.12047025924489575,0,0.5,available
ab-test-000313,0,0.5341229508836115,1,0.5,available
ab-test-000314,1,0.9426201639757102,1,0.5,available
ab-test-000315,0,0.28857452708233894,0,0.5,available
ab-test-000316,0,0.5569887389063022,1,0.5,available
ab-test-000317,0,0.21811856769437996,0,0.5,available
ab-test-000318,1,0.929122904171329,1,0.5,available
ab-test-000319,0,0.16946172531136014,0,0.5,available
ab-test-000320,0,0.18721123537506182,0,0.5,available
ab-test-000321,0,0.13992197825662483,0,0.5,available
ab-test-000322,0,0.37423052382783545,0,0.5,available
ab-test-000323,0,0.1533835693506886,0,0.5,available
ab-test-000324,0,0.5019449746577137,1,0.5,available
ab-test-000325,0,0.41307496680008265,0,0.5,available
ab-test-000326,0,0.381575522072833,0,0.5,available
ab-test-000327,0,0.55037131316941,1,0.5,available
ab-test-000328,0,0.2084036305555432,0,0.5,available
ab-test-000329,1,0.7941747360845651,1,0.5,available
ab-test-000330,0,0.35962748710964615,0,0.5,available
ab-test-000331,1,0.9157109123584204,1,0.5,available
ab-test-000332,0,0.4303275985349555,0,0.5,available
ab-test-000333,0,0.42890963790585024,0,0.5,available
ab-test-000334,0,0.40714630651763933,0,0.5,available
ab-test-000335,0,0.45470537178552245,0,0.5,available
ab-test-000336,0,0.43898362359088605,0,0.5,available
ab-test-000337,1,0.9652836276635652,1,0.5,available
ab-test-000338,0,0.5221073002653899,1,0.5,available
ab-test-000339,0,0.2417610863504027,0,0.5,available
ab-test-000340,0,0.18192394909256548,0,0.5,available
ab-test-000341,0,0.7318287468434833,1,0.5,available
ab-test-000342,0,0.21979803542776408,0,0.5,available
ab-test-000343,0,0.7184772029812551,1,0.5,available
ab-test-000344,0,0.38773541522611504,0,0.5,available
ab-test-000345,0,0.26049317401589217,0,0.5,available
ab-test-000346,1,0.8734595737232386,1,0.5,available
ab-test-000347,0,0.5064192669500753,1,0.5,available
ab-test-000348,0,0.17951688912530034,0,0.5,available
ab-test-000349,0,0.5440955262986642,1,0.5,available
ab-test-000350,0,0.17735902435726703,0,0.5,available
ab-test-000351,0,0.48498401190065843,0,0.5,available
ab-test-000352,0,0.39193796071817266,0,0.5,available
ab-test-000353,0,0.2068875618707929,0,0.5,available
ab-test-000354,0,0.44665104852289006,0,0.5,available
ab-test-000355,0,0.07829915581973436,0,0.5,available
ab-test-000356,0,0.44000870076343346,0,0.5,available
ab-test-000357,0,0.5214461411919211,1,0.5,available
ab-test-000358,0,0.24290617758928926,0,0.5,available
ab-test-000359,0,0.3624413170505534,0,0.5,available
ab-test-000360,0,0.14756278763246355,0,0.5,available
ab-test-000361,0,0.5148186203500797,1,0.5,available
ab-test-000362,0,0.4983630327539702,0,0.5,available
ab-test-000363,0,0.42507677674075456,0,0.5,available
ab-test-000364,0,0.4746623359926602,0,0.5,available
ab-test-000365,1,0.9391715475163727,1,0.5,available
ab-test-000366,0,0.15166592227620818,0,0.5,available
ab-test-000367,0,0.2612568510117604,0,0.5,available
ab-test-000368,0,0.4746819625617743,0,0.5,available
ab-test-000369,0,0.5048490768715564,1,0.5,available
ab-test-000370,0,0.2525480460873196,0,0.5,available
ab-test-000371,1,0.9222699971145608,1,0.5,available
ab-test-000372,0,0.12885143508400057,0,0.5,available
ab-test-000373,0,0.3716036776893011,0,0.5,available
ab-test-000374,0,0.23239097509736684,0,0.5,available
ab-test-000375,0,0.3346998787687335,0,0.5,available
ab-test-000376,0,0.36356275086752776,0,0.5,available
ab-test-000377,0,0.3791781955214692,0,0.5,available
ab-test-000378,0,0.4392146599109872,0,0.5,available
ab-test-000379,1,0.8818798998879716,1,0.5,available
ab-test-000380,0,0.41315634066716683,0,0.5,available
ab-test-000381,0,0.22501410137837335,0,0.5,available
ab-test-000382,0,0.46408196822972136,0,0.5,available
ab-test-000383,0,0.3379049714490637,0,0.5,available
ab-test-000384,1,0.9699592856026888,1,0.5,available
ab-test-000385,0,0.38129097920373656,0,0.5,available
ab-test-000386,0,0.7222773905649862,1,0.5,available
ab-test-000387,0,0.37960469038932404,0,0.5,available
ab-test-000388,0,0.18783256196345127,0,0.5,available
ab-test-000389,1,0.9317689982826332,1,0.5,available
ab-test-000390,0,0.5917453217250007,1,0.5,available
ab-test-000391,0,0.4363149896817547,0,0.5,available
ab-test-000392,0,0.24372695647217088,0,0.5,available
ab-test-000393,0,0.21013014434088467,0,0.5,available
ab-test-000394,0,0.4441434383783807,0,0.5,available
ab-test-000395,0,0.19831841694649285,0,0.5,available
ab-test-000396,0,0.5074773248207762,1,0.5,available
ab-test-000397,0,0.16630422437100228,0,0.5,available
ab-test-000398,0,0.2971152650528296,0,0.5,available
ab-test-000399,1,0.7103870277093947,1,0.5,available
ab-test-000400,0,0.3347614509368663,0,0.5,available
ab-test-000401,1,0.9430473777364657,1,0.5,available
ab-test-000402,1,0.9440967728205109,1,0.5,available
ab-test-000403,0,0.2764170711225618,0,0.5,available
ab-test-000404,1,0.6419360231554053,1,0.5,available
ab-test-000405,0,0.1701192663036028,0,0.5,available
ab-test-000406,0,0.8193007300674567,1,0.5,available
ab-test-000407,0,0.5768914267865854,1,0.5,available
ab-test-000408,0,0.5226570997681228,1,0.5,available
ab-test-000409,0,0.689535616239555,1,0.5,available
ab-test-000410,0,0.559017480444054,1,0.5,available
ab-test-000411,0,0.3475558159464569,0,0.5,available
ab-test-000412,1,0.8190937847444397,1,0.5,available
ab-test-000413,0,0.39308093457998255,0,0.5,available
ab-test-000414,0,0.4526306140302802,0,0.5,available
ab-test-000415,0,0.05106459415553804,0,0.5,available
ab-test-000416,0,0.5229562948935024,1,0.5,available
ab-test-000417,0,0.35241444324952237,0,0.5,available
ab-test-000418,0,0.5979695561079388,1,0.5,available
ab-test-000419,1,0.9162611490351203,1,0.5,available
ab-test-000420,0,0.5808441493822427,1,0.5,available
ab-test-000421,1,0.8960019877181261,1,0.5,available
ab-test-000422,0,0.5458439846177048,1,0.5,available
ab-test-000423,0,0.17511039567865574,0,0.5,available
ab-test-000424,0,0.2778110330858374,0,0.5,available
ab-test-000425,0,0.21017856853374897,0,0.5,available
ab-test-000426,0,0.6027958479272849,1,0.5,available
ab-test-000427,0,0.18895564789764163,0,0.5,available
ab-test-000428,0,0.35332804542078206,0,0.5,available
ab-test-000429,0,0.2724117342098124,0,0.5,available
ab-test-000430,0,0.7105422897407803,1,0.5,available
ab-test-000431,1,0.879108019121516,1,0.5,available
ab-test-000432,0,0.34762614139881315,0,0.5,available
ab-test-000433,0,0.5028054795261322,1,0.5,available
ab-test-000434,0,0.45631353387537177,0,0.5,available
ab-test-000435,0,0.37546959226033527,0,0.5,available
ab-test-000436,0,0.18920712396553224,0,0.5,available
ab-test-000437,0,0.20824915514369485,0,0.5,available
ab-test-000438,0,0.18662641541517025,0,0.5,available
ab-test-000439,0,0.16556669588781442,0,0.5,available
ab-test-000440,0,0.48241954758907163,0,0.5,available
ab-test-000441,0,0.13861281107554357,0,0.5,available
ab-test-000442,0,0.24379710370179078,0,0.5,available
ab-test-000443,0,0.4958005587828469,0,0.5,available
ab-test-000444,0,0.2991034344601214,0,0.5,available
ab-test-000445,0,0.42674286014633467,0,0.5,available
ab-test-000446,0,0.1988228335286646,0,0.5,available
ab-test-000447,0,0.4572566679721229,0,0.5,available
ab-test-000448,0,0.27314405596388613,0,0.5,available
ab-test-000449,0,0.2051454845600893,0,0.5,available
ab-test-000450,0,0.3000997138557562,0,0.5,available
ab-test-000451,0,0.489759158648621,0,0.5,available
ab-test-000452,0,0.4695145575533245,0,0.5,available
ab-test-000453,0,0.14055222492300348,0,0.5,available
ab-test-000454,0,0.49440645469001965,0,0.5,available
ab-test-000455,0,0.07890346690211497,0,0.5,available
ab-test-000456,0,0.5042139900856202,1,0.5,available
ab-test-000457,0,0.19661792748871842,0,0.5,available
ab-test-000458,0,0.23038796120097094,0,0.5,available
ab-test-000459,0,0.40966662170997703,0,0.5,available
ab-test-000460,0,0.34511235605182433,0,0.5,available
ab-test-000461,0,0.37258510894958274,0,0.5,available
ab-test-000462,0,0.3504022035818772,0,0.5,available
ab-test-000463,0,0.3933144987390495,0,0.5,available
ab-test-000464,0,0.19808663916286756,0,0.5,available
ab-test-000465,0,0.2405961492067629,0,0.5,available
ab-test-000466,0,0.2666634225355636,0,0.5,available
ab-test-000467,0,0.38358076844548006,0,0.5,available
ab-test-000468,0,0.22343466909596663,0,0.5,available
ab-test-000469,0,0.3027708796224772,0,0.5,available
ab-test-000470,0,0.26970329735008197,0,0.5,available
ab-test-000471,0,0.4827864322443831,0,0.5,available
ab-test-000472,0,0.24022266794621847,0,0.5,available
ab-test-000473,0,0.31830472509883734,0,0.5,available
ab-test-000474,1,0.8391953246984438,1,0.5,available
ab-test-000475,0,0.2663849661231495,0,0.5,available
ab-test-000476,0,0.16706870713339153,0,0.5,available
ab-test-000477,0,0.5916383471728864,1,0.5,available
ab-test-000478,0,0.24264949611027714,0,0.5,available
ab-test-000479,0,0.4572827013698238,0,0.5,available
ab-test-000480,0,0.4606075868120634,0,0.5,available
ab-test-000481,0,0.42213198444997885,0,0.5,available
ab-test-000482,0,0.530571751923162,1,0.5,available
ab-test-000483,0,0.42685999801653984,0,0.5,available
ab-test-000484,0,0.1099456724884765,0,0.5,available
ab-test-000485,0,0.6113125578805065,1,0.5,available
ab-test-000486,0,0.13532957136831492,0,0.5,available
ab-test-000487,0,0.47080044039278857,0,0.5,available
ab-test-000488,0,0.16496166130568507,0,0.5,available
ab-test-000489,0,0.7927262241281284,1,0.5,available
ab-test-000490,0,0.499833206813707,0,0.5,available
ab-test-000491,0,0.35978042358181994,0,0.5,available
ab-test-000492,0,0.2712483452734841,0,0.5,available
ab-test-000493,0,0.10622876360697592,0,0.5,available
ab-test-000494,1,0.9565443083262669,1,0.5,available
ab-test-000495,0,0.4108288643286584,0,0.5,available
ab-test-000496,0,0.39887186363500415,0,0.5,available
ab-test-000497,0,0.1816790618090839,0,0.5,available
ab-test-000498,0,0.22479791651226622,0,0.5,available
ab-test-000499,0,0.8099803313573992,1,0.5,available
ab-test-000500,0,0.1800619883623782,0,0.5,available
ab-test-000501,0,0.11533084953714692,0,0.5,available
ab-test-000502,1,0.8006008927795172,1,0.5,available
ab-test-000503,0,0.5632598158016319,1,0.5,available
ab-test-000504,1,0.7719010483370641,1,0.5,available
ab-test-000505,0,0.21790580207858049,0,0.5,available
ab-test-000506,0,0.1909544427905829,0,0.5,available
ab-test-000507,0,0.4403549491316763,0,0.5,available
ab-test-000508,1,0.960149737667959,1,0.5,available
ab-test-000509,0,0.1720710754905021,0,0.5,available
ab-test-000510,0,0.6039610789249809,1,0.5,available
ab-test-000511,0,0.112797892591221,0,0.5,available
ab-test-000512,0,0.4962550986826066,0,0.5,available
ab-test-000513,0,0.22502523371506522,0,0.5,available
ab-test-000514,0,0.2738239288423165,0,0.5,available
ab-test-000515,0,0.40135068384039896,0,0.5,available
ab-test-000516,0,0.3874922253640887,0,0.5,available
ab-test-000517,0,0.6858142179178613,1,0.5,available
ab-test-000518,0,0.4900708806355844,0,0.5,available
ab-test-000519,1,0.8659973369759483,1,0.5,available
ab-test-000520,0,0.4953367179699189,0,0.5,available
ab-test-000521,0,0.18862355917569498,0,0.5,available
ab-test-000522,0,0.80152762076778,1,0.5,available
ab-test-000523,1,0.9392812539339189,1,0.5,available
ab-test-000524,0,0.18835340969285372,0,0.5,available
ab-test-000525,0,0.24066474114204894,0,0.5,available
ab-test-000526,0,0.43943343117964245,0,0.5,available
ab-test-000527,1,0.9062213022864741,1,0.5,available
ab-test-000528,0,0.37395576894669624,0,0.5,available
ab-test-000529,0,0.26305832008348096,0,0.5,available
ab-test-000530,0,0.3551056330831692,0,0.5,available
ab-test-000531,0,0.47298867857001065,0,0.5,available
ab-test-000532,0,0.5158099103384985,1,0.5,available
ab-test-000533,0,0.4638108376017534,0,0.5,available
ab-test-000534,0,0.1688052882808553,0,0.5,available
ab-test-000535,0,0.37053319325896095,0,0.5,available
ab-test-000536,0,0.44936326531637305,0,0.5,available
ab-test-000537,0,0.2597238633517941,0,0.5,available
ab-test-000538,0,0.48180031768847087,0,0.5,available
ab-test-000539,0,0.5389462061103946,1,0.5,available
ab-test-000540,0,0.1399696951354831,0,0.5,available
ab-test-000541,0,0.8230940061885034,1,0.5,available
ab-test-000542,0,0.488084407630112,0,0.5,available
ab-test-000543,0,0.39671219689085313,0,0.5,available
ab-test-000544,1,0.6647006362639694,1,0.5,available
ab-test-000545,0,0.41125118014004264,0,0.5,available
ab-test-000546,0,0.6563216176167348,1,0.5,available
ab-test-000547,1,0.9706712747649767,1,0.5,available
ab-test-000548,1,0.9425742787149277,1,0.5,available
ab-test-000549,0,0.18969134532636425,0,0.5,available
ab-test-000550,0,0.6271425471164326,1,0.5,available
ab-test-000551,0,0.2924333447189205,0,0.5,available
ab-test-000552,0,0.39143643462906924,0,0.5,available
ab-test-000553,0,0.5294552703387705,1,0.5,available
ab-test-000554,0,0.235345605327403,0,0.5,available
ab-test-000555,0,0.5776978762616164,1,0.5,available
ab-test-000556,0,0.5906000224086048,1,0.5,available
ab-test-000557,0,0.41004931304970355,0,0.5,available
ab-test-000558,0,0.082740283203277,0,0.5,available
ab-test-000559,0,0.12273836858905987,0,0.5,available
ab-test-000560,0,0.22143759444892758,0,0.5,available
ab-test-000561,0,0.24116270013001415,0,0.5,available
ab-test-000562,1,0.9460072633158406,1,0.5,available
ab-test-000563,0,0.5199615762775314,1,0.5,available
ab-test-000564,0,0.37032447453283773,0,0.5,available
ab-test-000565,0,0.3599852805283165,0,0.5,available
ab-test-000566,0,0.3988058013564343,0,0.5,available
ab-test-000567,1,0.9631248432591206,1,0.5,available
ab-test-000568,0,0.47670783255354293,0,0.5,available
ab-test-000569,0,0.5115304984509474,1,0.5,available
ab-test-000570,0,0.2653045028870613,0,0.5,available
ab-test-000571,0,0.4991140082285945,0,0.5,available
ab-test-000572,0,0.21106687776093247,0,0.5,available
ab-test-000573,0,0.16734838862240473,0,0.5,available
ab-test-000574,0,0.7783885738994628,1,0.5,available
ab-test-000575,0,0.2750389557334571,0,0.5,available
ab-test-000576,0,0.1171017022389334,0,0.5,available
ab-test-000577,0,0.3332610698384231,0,0.5,available
ab-test-000578,0,0.28380719217370065,0,0.5,available
ab-test-000579,0,0.07994253305230004,0,0.5,available
ab-test-000580,0,0.30938475226926926,0,0.5,available
ab-test-000581,0,0.16576331074691159,0,0.5,available
ab-test-000582,0,0.17051027552454523,0,0.5,available
ab-test-000583,0,0.23820576986336836,0,0.5,available
ab-test-000584,0,0.2542200995685173,0,0.5,available
ab-test-000585,0,0.23551962649025387,0,0.5,available
ab-test-000586,0,0.23742794590063235,0,0.5,available
ab-test-000587,0,0.47865635920109756,0,0.5,available
ab-test-000588,0,0.548902777095081,1,0.5,available
ab-test-000589,0,0.06253354732599528,0,0.5,available
ab-test-000590,0,0.46984649472944623,0,0.5,available
ab-test-000591,0,0.3353168113333899,0,0.5,available
ab-test-000592,0,0.19675894004786096,0,0.5,available
ab-test-000593,0,0.2475891890280966,0,0.5,available
ab-test-000594,0,0.5540041478743727,1,0.5,available
ab-test-000595,0,0.5141802871043095,1,0.5,available
ab-test-000596,0,0.8067117854177649,1,0.5,available
ab-test-000597,1,0.8767199056616632,1,0.5,available
ab-test-000598,0,0.32980076811833725,0,0.5,available
ab-test-000599,0,0.5110161437810387,1,0.5,available
ab-test-000600,0,0.31813748666493596,0,0.5,available
ab-test-000601,0,0.15989468177646818,0,0.5,available
ab-test-000602,0,0.40139662335895315,0,0.5,available
ab-test-000603,0,0.569140827803536,1,0.5,available
ab-test-000604,0,0.45218481873053556,0,0.5,available
ab-test-000605,0,0.24634144404239172,0,0.5,available
ab-test-000606,0,0.19241281036411695,0,0.5,available
ab-test-000607,0,0.5088948202617349,1,0.5,available
ab-test-000608,0,0.6840052823196279,1,0.5,available
ab-test-000609,0,0.4106783830843148,0,0.5,available
ab-test-000610,0,0.22717241182584216,0,0.5,available
ab-test-000611,0,0.15690843766167595,0,0.5,available
ab-test-000612,0,0.3272558964000776,0,0.5,available
ab-test-000613,1,0.9224314955029516,1,0.5,available
ab-test-000614,0,0.49229624851116166,0,0.5,available
ab-test-000615,0,0.14411059734413623,0,0.5,available
ab-test-000616,0,0.41730436026808565,0,0.5,available
ab-test-000617,0,0.12154277969283404,0,0.5,available
ab-test-000618,1,0.8947569563040734,1,0.5,available
ab-test-000619,0,0.45715375406508973,0,0.5,available
ab-test-000620,0,0.26334244448102767,0,0.5,available
ab-test-000621,0,0.42142571399594736,0,0.5,available
ab-test-000622,0,0.7505739429506972,1,0.5,available
ab-test-000623,0,0.0551835383539597,0,0.5,available
ab-test-000624,1,0.9658847136881256,1,0.5,available
ab-test-000625,0,0.17007525792034367,0,0.5,available
ab-test-000626,0,0.4898508855543351,0,0.5,available
ab-test-000627,0,0.2505550303716361,0,0.5,available
ab-test-000628,0,0.5658576194628527,1,0.5,available
ab-test-000629,0,0.18862355917569498,0,0.5,available
ab-test-000630,0,0.47570253598860285,0,0.5,available
ab-test-000631,0,0.11681604613555956,0,0.5,available
ab-test-000632,1,0.8912157961441185,1,0.5,available
ab-test-000633,0,0.4160400943380981,0,0.5,available
ab-test-000634,0,0.4486655250027717,0,0.5,available
ab-test-000635,0,0.24124160329197758,0,0.5,available
ab-test-000636,0,0.4470040365116796,0,0.5,available
ab-test-000637,0,0.4436771236543972,0,0.5,available
ab-test-000638,0,0.33984310216945135,0,0.5,available
ab-test-000639,0,0.8576163249348385,1,0.5,available
ab-test-000640,0,0.1686135003464996,0,0.5,available
ab-test-000641,1,0.8967262314952363,1,0.5,available
ab-test-000642,0,0.2602293155811176,0,0.5,available
ab-test-000643,0,0.23854089035075088,0,0.5,available
ab-test-000644,0,0.41166368485589944,0,0.5,available
ab-test-000645,0,0.05519634130372068,0,0.5,available
ab-test-000646,0,0.24230351631855193,0,0.5,available
ab-test-000647,1,0.9457494377211614,1,0.5,available
ab-test-000648,0,0.48180031768847087,0,0.5,available
ab-test-000649,0,0.45926595512748736,0,0.5,available
ab-test-000650,0,0.39328728933534496,0,0.5,available
ab-test-000651,0,0.14188612305367498,0,0.5,available
ab-test-000652,0,0.3648691527228049,0,0.5,available
ab-test-000653,0,0.3747857091520119,0,0.5,available
ab-test-000654,0,0.32317747144943293,0,0.5,available
ab-test-000655,0,0.42985748800076856,0,0.5,available
ab-test-000656,0,0.519352335539222,1,0.5,available
ab-test-000657,0,0.44691440464115884,0,0.5,available
ab-test-000658,0,0.5772597953743205,1,0.5,available
ab-test-000659,1,0.8497364216000924,1,0.5,available
ab-test-000660,0,0.46672199854500185,0,0.5,available
ab-test-000661,0,0.4866986106548608,0,0.5,available
ab-test-000662,0,0.4521984427433775,0,0.5,available
ab-test-000663,0,0.5019119366557511,1,0.5,available
ab-test-000664,0,0.45852809096988245,0,0.5,available
ab-test-000665,1,0.4298713376714103,0,0.5,available
ab-test-000666,0,0.4652458725968247,0,0.5,available
ab-test-000667,1,0.9584393759942297,1,0.5,available
ab-test-000668,0,0.3402047114630363,0,0.5,available
ab-test-000669,0,0.5216150098510106,1,0.5,available
ab-test-000670,0,0.513828349437076,1,0.5,available
ab-test-000671,0,0.6157272347147942,1,0.5,available
ab-test-000672,0,0.5250277386313703,1,0.5,available
ab-test-000673,1,0.9546361028942243,1,0.5,available
ab-test-000674,0,0.3082990004785665,0,0.5,available
ab-test-000675,0,0.4581363181927422,0,0.5,available
ab-test-000676,0,0.46183216531667204,0,0.5,available
ab-test-000677,0,0.46489041128391934,0,0.5,available
ab-test-000678,0,0.11579454052027426,0,0.5,available
ab-test-000679,1,0.9525368814420659,1,0.5,available
ab-test-000680,1,0.8548011416316703,1,0.5,available
ab-test-000681,0,0.5601353404443903,1,0.5,available
ab-test-000682,0,0.4576896344730018,0,0.5,available
ab-test-000683,0,0.2017898579811371,0,0.5,available
ab-test-000684,0,0.5209515840614928,1,0.5,available
ab-test-000685,0,0.3539636552538811,0,0.5,available
ab-test-000686,1,0.9276301004244688,1,0.5,available
ab-test-000687,0,0.395467815733668,0,0.5,available
ab-test-000688,0,0.5151351090417994,1,0.5,available
ab-test-000689,0,0.24816458127773955,0,0.5,available
ab-test-000690,0,0.3972885214620198,0,0.5,available
ab-test-000691,0,0.18619092731850953,0,0.5,available
ab-test-000692,0,0.45878969121947905,0,0.5,available
ab-test-000693,0,0.46361087634843734,0,0.5,available
ab-test-000694,0,0.45572574628060103,0,0.5,available
ab-test-000695,0,0.31033569458946153,0,0.5,available
ab-test-000696,0,0.2716624395995242,0,0.5,available
ab-test-000697,0,0.4915270369399553,0,0.5,available
ab-test-000698,0,0.4739585956736282,0,0.5,available
ab-test-000699,0,0.29906393099221074,0,0.5,available
ab-test-000700,0,0.218535748439425,0,0.5,available
ab-test-000701,0,0.2967696545932558,0,0.5,available
ab-test-000702,0,0.3003389266538924,0,0.5,available
ab-test-000703,0,0.2424244676567372,0,0.5,available
ab-test-000704,0,0.3988018960031159,0,0.5,available
ab-test-000705,0,0.5199795214745554,1,0.5,available
ab-test-000706,0,0.36522831784750603,0,0.5,available
ab-test-000707,0,0.24958144556364253,0,0.5,available
ab-test-000708,0,0.31748795533948604,0,0.5,available
ab-test-000709,0,0.3654932241222797,0,0.5,available
ab-test-000710,0,0.4812933379993743,0,0.5,available
ab-test-000711,0,0.46914115010744434,0,0.5,available
ab-test-000712,0,0.5969611762417412,1,0.5,available
ab-test-000713,0,0.47494469513934906,0,0.5,available
ab-test-000714,1,0.8756182006932677,1,0.5,available
ab-test-000715,0,0.13914529034445494,0,0.5,available
ab-test-000716,0,0.45736885827770296,0,0.5,available
ab-test-000717,0,0.22759935760840122,0,0.5,available
ab-test-000718,0,0.19791865817442497,0,0.5,available
ab-test-000719,0,0.4870912723908671,0,0.5,available
ab-test-000720,0,0.5902167341207297,1,0.5,available
ab-test-000721,0,0.12564858817085023,0,0.5,available
ab-test-000722,1,0.968633124562886,1,0.5,available
ab-test-000723,0,0.492492980147262,0,0.5,available
ab-test-000724,1,0.9118935157798803,1,0.5,available
ab-test-000725,1,0.9655969588252935,1,0.5,available
ab-test-000726,0,0.34179522917774624,0,0.5,available
ab-test-000727,0,0.3968072450662082,0,0.5,available
ab-test-000728,0,0.18080088335693326,0,0.5,available
ab-test-000729,0,0.19433832128333794,0,0.5,available
ab-test-000730,0,0.34664665092349567,0,0.5,available
ab-test-000731,0,0.19994709220257445,0,0.5,available
ab-test-000732,0,0.22705010692928845,0,0.5,available
ab-test-000733,0,0.5347480525920079,1,0.5,available
ab-test-000734,0,0.5061940111470453,1,0.5,available
ab-test-000735,1,0.9445378972383146,1,0.5,available
ab-test-000736,0,0.39569396012553404,0,0.5,available
ab-test-000737,0,0.2441240240093193,0,0.5,available
ab-test-000738,0,0.5943601540116291,1,0.5,available
ab-test-000739,0,0.43552732653128495,0,0.5,available
ab-test-000740,0,0.417728103645192,0,0.5,available
ab-test-000741,0,0.49301904908148475,0,0.5,available
ab-test-000742,0,0.4352217515204338,0,0.5,available
ab-test-000743,0,0.46890624268275244,0,0.5,available
ab-test-000744,0,0.20843087529550103,0,0.5,available
ab-test-000745,1,0.8893677596048777,1,0.5,available
ab-test-000746,1,0.6910420083220524,1,0.5,available
ab-test-000747,0,0.2271047114428058,0,0.5,available
ab-test-000748,0,0.841532257090531,1,0.5,available
ab-test-000749,0,0.17866066553695625,0,0.5,available
ab-test-000750,1,0.8896800330683293,1,0.5,available
ab-test-000751,0,0.37484714337645514,0,0.5,available
ab-test-000752,0,0.24508843778405554,0,0.5,available
ab-test-000753,0,0.46257528153923144,0,0.5,available
ab-test-000754,0,0.4811009103052002,0,0.5,available
ab-test-000755,0,0.5079331133461586,1,0.5,available
ab-test-000756,0,0.3742943863770091,0,0.5,available
ab-test-000757,0,0.3521969155030162,0,0.5,available
ab-test-000758,0,0.4634161969461427,0,0.5,available
ab-test-000759,0,0.1618447542159239,0,0.5,available
ab-test-000760,0,0.18920712396553224,0,0.5,available
ab-test-000761,0,0.19579247577533748,0,0.5,available
ab-test-000762,0,0.3780245000723273,0,0.5,available
ab-test-000763,0,0.5631878198477942,1,0.5,available
ab-test-000764,0,0.3373412303437752,0,0.5,available
ab-test-000765,0,0.40856846761845655,0,0.5,available
ab-test-000766,0,0.4807246925781764,0,0.5,available
ab-test-000767,0,0.3106126700815276,0,0.5,available
ab-test-000768,0,0.4970762128544695,0,0.5,available
ab-test-000769,0,0.5236643010261138,1,0.5,available
ab-test-000770,0,0.16256432726101924,0,0.5,available
ab-test-000771,0,0.34319985717944684,0,0.5,available
ab-test-000772,1,0.9541430880232199,1,0.5,available
ab-test-000773,0,0.43989729804641603,0,0.5,available
ab-test-000774,0,0.21490891472446516,0,0.5,available
ab-test-000775,0,0.39791293817413753,0,0.5,available
ab-test-000776,0,0.5121375175590105,1,0.5,available
ab-test-000777,0,0.0670872996376795,0,0.5,available
ab-test-000778,0,0.47603972379504017,0,0.5,available
ab-test-000779,0,0.3508009866670458,0,0.5,available
ab-test-000780,0,0.16925704579070486,0,0.5,available
ab-test-000781,0,0.15973690665502538,0,0.5,available
ab-test-000782,0,0.37635496435033733,0,0.5,available
ab-test-000783,0,0.22390325119562116,0,0.5,available
ab-test-000784,0,0.4645302198742198,0,0.5,available
ab-test-000785,0,0.18052982970128167,0,0.5,available
ab-test-000786,0,0.1952525723139223,0,0.5,available
ab-test-000787,0,0.4327016500963326,0,0.5,available
ab-test-000788,0,0.18819967666102322,0,0.5,available
ab-test-000789,0,0.5325482848345944,1,0.5,available
ab-test-000790,0,0.42985748800076856,0,0.5,available
ab-test-000791,0,0.23395579529009589,0,0.5,available
ab-test-000792,0,0.1842908590980952,0,0.5,available
ab-test-000793,0,0.24008895431009397,0,0.5,available
ab-test-000794,1,0.9104908015765169,1,0.5,available
ab-test-000795,0,0.24481078108119325,0,0.5,available
ab-test-000796,0,0.37615697922144253,0,0.5,available
ab-test-000797,0,0.4832250774714202,0,0.5,available
ab-test-000798,0,0.539673721548305,1,0.5,available
ab-test-000799,0,0.30878581670435445,0,0.5,available
ab-test-000800,0,0.31942325238005637,0,0.5,available
ab-test-000801,0,0.4526306140302802,0,0.5,available
ab-test-000802,0,0.2560567806577975,0,0.5,available
ab-test-000803,0,0.19322804575767802,0,0.5,available
ab-test-000804,0,0.057482213608857025,0,0.5,available
ab-test-000805,1,0.9643921237796522,1,0.5,available
ab-test-000806,0,0.1628525498766163,0,0.5,available
ab-test-000807,0,0.18636175243853964,0,0.5,available
ab-test-000808,0,0.24960367210403722,0,0.5,available
ab-test-000809,0,0.5893444921707083,1,0.5,available
ab-test-000810,0,0.3957318205353733,0,0.5,available
ab-test-000811,0,0.43359560965705307,0,0.5,available
ab-test-000812,1,0.8727753583994573,1,0.5,available
ab-test-000813,0,0.48180031768847087,0,0.5,available
ab-test-000814,0,0.17090902683175177,0,0.5,available
ab-test-000815,0,0.3161120467586565,0,0.5,available
ab-test-000816,0,0.4694119823526406,0,0.5,available
ab-test-000817,0,0.6421396178594956,1,0.5,available
ab-test-000818,0,0.3960527348663427,0,0.5,available
ab-test-000819,0,0.40947728359772423,0,0.5,available
ab-test-000820,0,0.18102861209217225,0,0.5,available
ab-test-000821,0,0.30253663352856786,0,0.5,available
ab-test-000822,0,0.17528503040628968,0,0.5,available
ab-test-000823,1,0.9562572596514579,1,0.5,available
ab-test-000824,0,0.2038168060521057,0,0.5,available
ab-test-000825,0,0.1975819378361703,0,0.5,available
ab-test-000826,0,0.5071511723889943,1,0.5,available
ab-test-000827,0,0.28259620465260143,0,0.5,available
ab-test-000828,1,0.928202929029001,1,0.5,available
ab-test-000829,0,0.41823212579088304,0,0.5,available
ab-test-000830,0,0.18006198836237816,0,0.5,available
ab-test-000831,0,0.43989729804641603,0,0.5,available
ab-test-000832,0,0.4295771168966685,0,0.5,available
ab-test-000833,0,0.336780898873383,0,0.5,available
ab-test-000834,1,0.8901804629203752,1,0.5,available
ab-test-000835,0,0.5776304801511722,1,0.5,available
ab-test-000836,0,0.5193414429465826,1,0.5,available
ab-test-000837,0,0.477426745672359,0,0.5,available
ab-test-000838,0,0.44691440464115884,0,0.5,available
ab-test-000839,1,0.8287690048506756,1,0.5,available
ab-test-000840,0,0.3676525050075064,0,0.5,available
ab-test-000841,0,0.44114310900311715,0,0.5,available
ab-test-000842,0,0.15092814251243797,0,0.5,available
ab-test-000843,0,0.35406095889611083,0,0.5,available
ab-test-000844,0,0.2247853861380682,0,0.5,available
ab-test-000845,0,0.137181278055167,0,0.5,available
ab-test-000846,0,0.5384977540094396,1,0.5,available
ab-test-000847,0,0.4458329548507948,0,0.5,available
ab-test-000848,0,0.577138912505419,1,0.5,available
ab-test-000849,0,0.37089680947722015,0,0.5,available
ab-test-000850,0,0.5382109438505704,1,0.5,available
ab-test-000851,0,0.5533068536085861,1,0.5,available
ab-test-000852,0,0.16734838862240475,0,0.5,available
ab-test-000853,0,0.5076009456650262,1,0.5,available
ab-test-000854,0,0.32688240224345383,0,0.5,available
ab-test-000855,0,0.36736124297177514,0,0.5,available
ab-test-000856,0,0.26818414619999587,0,0.5,available
ab-test-000857,0,0.4579517602712413,0,0.5,available
ab-test-000858,0,0.45772888274582013,0,0.5,available
ab-test-000859,0,0.22222419467937043,0,0.5,available
ab-test-000860,0,0.4652458725968247,0,0.5,available
ab-test-000861,0,0.18441678585456858,0,0.5,available
ab-test-000862,0,0.5168791957940462,1,0.5,available
ab-test-000863,0,0.23794466235002584,0,0.5,available
ab-test-000864,0,0.5128458232778306,1,0.5,available
ab-test-000865,0,0.5163382382480902,1,0.5,available
ab-test-000866,1,0.7043824069561395,1,0.5,available
ab-test-000867,0,0.15349404829023622,0,0.5,available
ab-test-000868,0,0.4051476787091343,0,0.5,available
ab-test-000869,0,0.1883127706888046,0,0.5,available
ab-test-000870,0,0.5534260918179927,1,0.5,available
ab-test-000871,0,0.13236906463893117,0,0.5,available
ab-test-000872,1,0.9642025660343133,1,0.5,available
ab-test-000873,0,0.6875425367693805,1,0.5,available
ab-test-000874,0,0.0708551751811084,0,0.5,available
ab-test-000875,0,0.4439252812599158,0,0.5,available
ab-test-000876,0,0.2831477510641264,0,0.5,available
ab-test-000877,0,0.21033009897494756,0,0.5,available
ab-test-000878,0,0.467486395346437,0,0.5,available
ab-test-000879,0,0.3400753182479706,0,0.5,available
ab-test-000880,0,0.13944526182053885,0,0.5,available
ab-test-000881,0,0.4153718303044574,0,0.5,available
ab-test-000882,0,0.3974824922644416,0,0.5,available
ab-test-000883,0,0.12536844974383257,0,0.5,available
ab-test-000884,1,0.8367899897430275,1,0.5,available
ab-test-000885,0,0.5746623472283123,1,0.5,available
ab-test-000886,0,0.3303986267694797,0,0.5,available
ab-test-000887,0,0.26155357865953827,0,0.5,available
ab-test-000888,0,0.238196154641849,0,0.5,available
ab-test-000889,0,0.5005388096928617,1,0.5,available
ab-test-000890,0,0.5171318362549387,1,0.5,available
ab-test-000891,0,0.25202055902939613,0,0.5,available
ab-test-000892,0,0.3908240617630226,0,0.5,available
ab-test-000893,0,0.20698984073589582,0,0.5,available
ab-test-000894,0,0.2012166517989325,0,0.5,available
ab-test-000895,0,0.1856001448074681,0,0.5,available
ab-test-000896,0,0.13156320250045725,0,0.5,available
ab-test-000897,1,0.72108958815549,1,0.5,available
ab-test-000898,1,0.965146654675935,1,0.5,available
ab-test-000899,0,0.18599149751365932,0,0.5,available
ab-test-000900,0,0.2035971183036095,0,0.5,available
ab-test-000901,0,0.4873449307271669,0,0.5,available
ab-test-000902,0,0.4425349703785742,0,0.5,available
ab-test-000903,0,0.3176020416032714,0,0.5,available
ab-test-000904,0,0.30983204797025443,0,0.5,available
ab-test-000905,0,0.18553173563019054,0,0.5,available
ab-test-000906,0,0.24075291739728427,0,0.5,available
ab-test-000907,0,0.40564654743280637,0,0.5,available
ab-test-000908,1,0.9588916348762699,1,0.5,available
ab-test-000909,0,0.3311700581982038,0,0.5,available
ab-test-000910,0,0.2949476993623705,0,0.5,available
ab-test-000911,0,0.5935463674542609,1,0.5,available
ab-test-000912,0,0.3997289378247432,0,0.5,available
ab-test-000913,0,0.5180880446423195,1,0.5,available
ab-test-000914,0,0.6913266975092414,1,0.5,available
ab-test-000915,0,0.23286639199818593,0,0.5,available
ab-test-000916,0,0.2087934255016109,0,0.5,available
ab-test-000917,0,0.5907479046747038,1,0.5,available
ab-test-000918,0,0.41125118014004275,0,0.5,available
ab-test-000919,1,0.8945338490279442,1,0.5,available
ab-test-000920,0,0.39439477148595137,0,0.5,available
ab-test-000921,0,0.4968043675854841,0,0.5,available
ab-test-000922,1,0.9350511242059043,1,0.5,available
ab-test-000923,0,0.0796721542148926,0,0.5,available
ab-test-000924,0,0.25202055902939613,0,0.5,available
ab-test-000925,0,0.46788022864760953,0,0.5,available
ab-test-000926,0,0.33993296053665406,0,0.5,available
ab-test-000927,0,0.2270311565134423,0,0.5,available
ab-test-000928,0,0.3897809251821655,0,0.5,available
ab-test-000929,0,0.15624617280528705,0,0.5,available
ab-test-000930,0,0.24441544508619104,0,0.5,available
ab-test-000931,0,0.18605363968938196,0,0.5,available
ab-test-000932,0,0.3722074770104781,0,0.5,available
ab-test-000933,1,0.9052543159016424,1,0.5,available
ab-test-000934,1,0.9287697595205605,1,0.5,available
ab-test-000935,0,0.30589370574467906,0,0.5,available
ab-test-000936,0,0.3736752411905087,0,0.5,available
ab-test-000937,0,0.47494469513934906,0,0.5,available
ab-test-000938,0,0.3538442239955828,0,0.5,available
ab-test-000939,0,0.4449198687405689,0,0.5,available
ab-test-000940,0,0.5095659915282084,1,0.5,available
ab-test-000941,0,0.21415086895131394,0,0.5,available
ab-test-000942,0,0.4458329548507948,0,0.5,available
ab-test-000943,0,0.37441426259744714,0,0.5,available
ab-test-000944,0,0.44109592752206095,0,0.5,available
ab-test-000945,1,0.8181915464599169,1,0.5,available
ab-test-000946,0,0.14859233943557845,0,0.5,available
ab-test-000947,0,0.315825562645114,0,0.5,available
ab-test-000948,0,0.44540199263594965,0,0.5,available
ab-test-000949,0,0.32969514265839905,0,0.5,available
ab-test-000950,0,0.46256175373292185,0,0.5,available
ab-test-000951,0,0.6077967516888605,1,0.5,available
ab-test-000952,0,0.6838137909593536,1,0.5,available
ab-test-000953,0,0.5912572014824992,1,0.5,available
ab-test-000954,0,0.5536266007342618,1,0.5,available
ab-test-000955,0,0.16293248813698605,0,0.5,available
ab-test-000956,0,0.43867918956342783,0,0.5,available
ab-test-000957,0,0.42468235273989785,0,0.5,available
ab-test-000958,0,0.5122492911412683,1,0.5,available
ab-test-000959,0,0.23199662126703158,0,0.5,available
ab-test-000960,0,0.4835222831817917,0,0.5,available
ab-test-000961,0,0.6132757245262898,1,0.5,available
ab-test-000962,0,0.3507054754346919,0,0.5,available
ab-test-000963,0,0.07076939164964072,0,0.5,available
ab-test-000964,0,0.46491867591437647,0,0.5,available
ab-test-000965,0,0.8598948023096231,1,0.5,available
ab-test-000966,0,0.481800317688471,0,0.5,available
ab-test-000967,0,0.18485760957305625,0,0.5,available
ab-test-000968,0,0.1991785447113936,0,0.5,available
ab-test-000969,0,0.14187687764631912,0,0.5,available
ab-test-000970,1,0.7556236032796589,1,0.5,available
ab-test-000971,0,0.10853521078393269,0,0.5,available
ab-test-000972,0,0.17814932673280068,0,0.5,available
ab-test-000973,0,0.21867725798690377,0,0.5,available
ab-test-000974,0,0.5308384735331549,1,0.5,available
ab-test-000975,0,0.5506211664637549,1,0.5,available
ab-test-000976,0,0.567008347946827,1,0.5,available
ab-test-000977,0,0.28223731165314153,0,0.5,available
ab-test-000978,0,0.6850827941577516,1,0.5,available
ab-test-000979,0,0.17284486907297128,0,0.5,available
ab-test-000980,0,0.48180031768847087,0,0.5,available
ab-test-000981,1,0.8706443096272537,1,0.5,available
ab-test-000982,0,0.4616950168691275,0,0.5,available
ab-test-000983,0,0.4207310772904777,0,0.5,available
ab-test-000984,0,0.3177896130867088,0,0.5,available
ab-test-000985,0,0.23179019725838243,0,0.5,available
ab-test-000986,0,0.3822414644550319,0,0.5,available
ab-test-000987,0,0.4478579214246162,0,0.5,available
ab-test-000988,0,0.42906178148736096,0,0.5,available
ab-test-000989,0,0.459727217339225,0,0.5,available
ab-test-000990,0,0.4998438757861218,0,0.5,available
ab-test-000991,0,0.5644473206055509,1,0.5,available
ab-test-000992,0,0.4042252202130955,0,0.5,available
ab-test-000993,0,0.4995360012773418,0,0.5,available
ab-test-000994,0,0.453770985214378,0,0.5,available
ab-test-000995,0,0.4981597390063174,0,0.5,available
ab-test-000996,0,0.5611671783092842,1,0.5,available
ab-test-000997,0,0.373109437790014,0,0.5,available
ab-test-000998,0,0.5702533305722127,1,0.5,available
ab-test-000999,0,0.3272558964000776,0,0.5,available
ab-test-001000,0,0.25052672238783946,0,0.5,available
ab-test-001001,0,0.5947633936959144,1,0.5,available
ab-test-001002,0,0.28770135580100936,0,0.5,available
ab-test-001003,0,0.36631126171259254,0,0.5,available
ab-test-001004,1,0.9614803531706323,1,0.5,available
ab-test-001005,0,0.4351420155671385,0,0.5,available
ab-test-001006,0,0.4521984427433775,0,0.5,available
ab-test-001007,0,0.20465630617152214,0,0.5,available
ab-test-001008,0,0.26655197058980423,0,0.5,available
ab-test-001009,0,0.20660692028579405,0,0.5,available
ab-test-001010,0,0.15815150140719061,0,0.5,available
ab-test-001011,0,0.2822531502958943,0,0.5,available
ab-test-001012,0,0.48133663957302586,0,0.5,available
ab-test-001013,0,0.4727023994040526,0,0.5,available
ab-test-001014,0,0.19051608225102354,0,0.5,available
ab-test-001015,0,0.549003546477538,1,0.5,available
ab-test-001016,0,0.44919535156102497,0,0.5,available
ab-test-001017,0,0.1480862503662764,0,0.5,available
ab-test-001018,0,0.3429292762886105,0,0.5,available
ab-test-001019,0,0.3407227260772394,0,0.5,available
ab-test-001020,0,0.1506881726774978,0,0.5,available
ab-test-001021,0,0.1502964502050345,0,0.5,available
ab-test-001022,1,0.9611992892157383,1,0.5,available
ab-test-001023,0,0.3747318263689063,0,0.5,available
ab-test-001024,0,0.4630089878900033,0,0.5,available
ab-test-001025,0,0.20257631163650275,0,0.5,available
ab-test-001026,0,0.4765527417941784,0,0.5,available
ab-test-001027,0,0.5928683625925434,1,0.5,available
ab-test-001028,0,0.17137254057425239,0,0.5,available
ab-test-001029,0,0.4352956153348709,0,0.5,available
ab-test-001030,0,0.3310340718686188,0,0.5,available
ab-test-001031,1,0.9486323927801074,1,0.5,available
ab-test-001032,0,0.5740589688960187,1,0.5,available
ab-test-001033,0,0.43569068781211095,0,0.5,available
ab-test-001034,0,0.2116165386816046,0,0.5,available
ab-test-001035,0,0.6875494734871425,1,0.5,available
ab-test-001036,1,0.9275476447561011,1,0.5,available
ab-test-001037,0,0.7743936514069061,1,0.5,available
ab-test-001038,0,0.47494469513934906,0,0.5,available
ab-test-001039,0,0.27151090495121216,0,0.5,available
ab-test-001040,0,0.4194711066335131,0,0.5,available
ab-test-001041,0,0.2520777525924227,0,0.5,available
ab-test-001042,0,0.42054509565766024,0,0.5,available
ab-test-001043,0,0.2424244676567372,0,0.5,available
ab-test-001044,0,0.5027952961530049,1,0.5,available
ab-test-001045,0,0.46257528153923144,0,0.5,available
ab-test-001046,0,0.4765145049771963,0,0.5,available
ab-test-001047,0,0.38498256131509684,0,0.5,available
ab-test-001048,0,0.26615851594337003,0,0.5,available
ab-test-001049,0,0.07734521504847289,0,0.5,available
ab-test-001050,0,0.5492169042229393,1,0.5,available
ab-test-001051,0,0.5427469208405229,1,0.5,available
ab-test-001052,0,0.19067586679052168,0,0.5,available
ab-test-001053,0,0.3980171284280067,0,0.5,available
ab-test-001054,0,0.1425835216197391,0,0.5,available
ab-test-001055,0,0.15528705048702715,0,0.5,available
ab-test-001056,0,0.44002148440165495,0,0.5,available
ab-test-001057,0,0.26823322728187105,0,0.5,available
ab-test-001058,0,0.17822408265133316,0,0.5,available
ab-test-001059,0,0.2605189629375088,0,0.5,available
ab-test-001060,0,0.3859027471847616,0,0.5,available
ab-test-001061,0,0.456505951771552,0,0.5,available
ab-test-001062,0,0.17322024431824198,0,0.5,available
ab-test-001063,0,0.47494469513934906,0,0.5,available
ab-test-001064,0,0.1975566008845635,0,0.5,available
ab-test-001065,0,0.054008994965319426,0,0.5,available
ab-test-001066,0,0.164143703609985,0,0.5,available
ab-test-001067,0,0.5974186179902997,1,0.5,available
ab-test-001068,0,0.3504022035818772,0,0.5,available
ab-test-001069,0,0.34163052794219023,0,0.5,available
ab-test-001070,0,0.2165012720767771,0,0.5,available
ab-test-001071,0,0.4458329548507948,0,0.5,available
ab-test-001072,0,0.6381738181398325,1,0.5,available
ab-test-001073,0,0.3990525591937556,0,0.5,available
ab-test-001074,0,0.22403221598495437,0,0.5,available
ab-test-001075,0,0.42633316667706744,0,0.5,available
ab-test-001076,0,0.3615845765139305,0,0.5,available
ab-test-001077,0,0.4975815095932345,0,0.5,available
ab-test-001078,0,0.4347435213762939,0,0.5,available
ab-test-001079,0,0.4417477622244969,0,0.5,available
ab-test-001080,0,0.4470872370664803,0,0.5,available
ab-test-001081,1,0.8908768165737461,1,0.5,available
ab-test-001082,0,0.11651836127875308,0,0.5,available
ab-test-001083,0,0.1640403544760547,0,0.5,available
ab-test-001084,0,0.37089834134703453,0,0.5,available
ab-test-001085,0,0.40856846761845655,0,0.5,available
ab-test-001086,0,0.3113275742542721,0,0.5,available
ab-test-001087,0,0.1927205826611546,0,0.5,available
ab-test-001088,0,0.44467789935140595,0,0.5,available
ab-test-001089,0,0.3174334437179273,0,0.5,available
ab-test-001090,0,0.5670243118157074,1,0.5,available
ab-test-001091,0,0.4613539935984118,0,0.5,available
ab-test-001092,0,0.46948608877034403,0,0.5,available
ab-test-001093,0,0.12024120398553156,0,0.5,available
ab-test-001094,0,0.19334541735318567,0,0.5,available
ab-test-001095,0,0.4542873253069905,0,0.5,available
ab-test-001096,0,0.2182960468136494,0,0.5,available
ab-test-001097,0,0.14291468895743256,0,0.5,available
ab-test-001098,0,0.23057598195174098,0,0.5,available
ab-test-001099,0,0.4526306140302802,0,0.5,available
ab-test-001100,1,0.9205427495764857,1,0.5,available
ab-test-001101,0,0.1963681077298452,0,0.5,available
ab-test-001102,0,0.3989164532975336,0,0.5,available
ab-test-001103,1,0.9629302127719067,1,0.5,available
ab-test-001104,1,0.8284627805056072,1,0.5,available
ab-test-001105,0,0.35609340846796755,0,0.5,available
ab-test-001106,0,0.46894943735149913,0,0.5,available
ab-test-001107,1,0.9188720433431466,1,0.5,available
ab-test-001108,0,0.33665299828227435,0,0.5,available
ab-test-001109,0,0.4322334581752334,0,0.5,available
ab-test-001110,0,0.4640972093495837,0,0.5,available
ab-test-001111,0,0.5571752028332149,1,0.5,available
ab-test-001112,0,0.21384958725601314,0,0.5,available
ab-test-001113,0,0.2287426741958447,0,0.5,available
ab-test-001114,0,0.43341669101555547,0,0.5,available
ab-test-001115,0,0.1909716705758773,0,0.5,available
ab-test-001116,0,0.3831553756734131,0,0.5,available
ab-test-001117,1,0.8600294358504711,1,0.5,available
ab-test-001118,0,0.299632550641467,0,0.5,available
ab-test-001119,0,0.6741914840240987,1,0.5,available
ab-test-001120,0,0.48286932384476705,0,0.5,available
ab-test-001121,0,0.5425967608550277,1,0.5,available
ab-test-001122,1,0.9173436710826317,1,0.5,available
ab-test-001123,0,0.2165591564393577,0,0.5,available
ab-test-001124,0,0.3602948414844933,0,0.5,available
ab-test-001125,0,0.42003459977898094,0,0.5,available
ab-test-001126,0,0.48466245711017797,0,0.5,available
ab-test-001127,0,0.348259716336565,0,0.5,available
ab-test-001128,0,0.15672263931182448,0,0.5,available
ab-test-001129,0,0.397094146686976,0,0.5,available
ab-test-001130,0,0.5256827609203532,1,0.5,available
ab-test-001131,1,0.954556578956193,1,0.5,available
ab-test-001132,0,0.24236925464906578,0,0.5,available
ab-test-001133,0,0.1837925038875946,0,0.5,available
ab-test-001134,0,0.5460311721224383,1,0.5,available
ab-test-001135,0,0.4714708143652727,0,0.5,available
ab-test-001136,0,0.5635441458759973,1,0.5,available
ab-test-001137,0,0.3562498210408533,0,0.5,available
ab-test-001138,0,0.46373709990982764,0,0.5,available
ab-test-001139,0,0.5046638258080005,1,0.5,available
ab-test-001140,0,0.6183786060340442,1,0.5,available
ab-test-001141,0,0.15922129480501152,0,0.5,available
ab-test-001142,0,0.4635151060427123,0,0.5,available
ab-test-001143,1,0.924543167271686,1,0.5,available
ab-test-001144,0,0.11961735845932607,0,0.5,available
ab-test-001145,0,0.31605482687677927,0,0.5,available
ab-test-001146,0,0.2530876143221609,0,0.5,available
ab-test-001147,0,0.4631634173807508,0,0.5,available
ab-test-001148,1,0.9200585712286512,1,0.5,available
ab-test-001149,0,0.38910795645580026,0,0.5,available
ab-test-001150,0,0.21040232124931496,0,0.5,available
ab-test-001151,0,0.1663483027863421,0,0.5,available
ab-test-001152,0,0.436464356333812,0,0.5,available
ab-test-001153,0,0.4327720434792737,0,0.5,available
ab-test-001154,0,0.49890396740901344,0,0.5,available
ab-test-001155,0,0.4241937133997892,0,0.5,available
ab-test-001156,1,0.9109461496425509,1,0.5,available
ab-test-001157,0,0.5646306840508897,1,0.5,available
ab-test-001158,0,0.18870221823669847,0,0.5,available
ab-test-001159,0,0.5166216558373201,1,0.5,available
ab-test-001160,0,0.36477086757790766,0,0.5,available
ab-test-001161,0,0.5314039702933312,1,0.5,available
ab-test-001162,0,0.179444665170696,0,0.5,available
ab-test-001163,0,0.5314488119049576,1,0.5,available
ab-test-001164,0,0.5252491207784055,1,0.5,available
ab-test-001165,0,0.25071631234676794,0,0.5,available
ab-test-001166,0,0.2740108328920129,0,0.5,available
ab-test-001167,0,0.1626078825858073,0,0.5,available
ab-test-001168,0,0.3520627877028074,0,0.5,available
ab-test-001169,0,0.5650024508106655,1,0.5,available
ab-test-001170,0,0.833128122647576,1,0.5,available
ab-test-001171,1,0.8392225172254213,1,0.5,available
ab-test-001172,1,0.8543857891080182,1,0.5,available
ab-test-001173,0,0.41817028389101946,0,0.5,available
ab-test-001174,1,0.9664582308833586,1,0.5,available
ab-test-001175,0,0.235345605327403,0,0.5,available
ab-test-001176,0,0.46257528153923144,0,0.5,available
ab-test-001177,0,0.37960469038932404,0,0.5,available
ab-test-001178,0,0.4902672774013773,0,0.5,available
ab-test-001179,0,0.46377158591459927,0,0.5,available
ab-test-001180,0,0.2493003191120345,0,0.5,available
ab-test-001181,0,0.3409502978416092,0,0.5,available
ab-test-001182,0,0.5354446644600604,1,0.5,available
ab-test-001183,0,0.45926595512748736,0,0.5,available
ab-test-001184,0,0.3737589895609353,0,0.5,available
ab-test-001185,0,0.4670638570498522,0,0.5,available
ab-test-001186,0,0.29231764212150885,0,0.5,available
ab-test-001187,0,0.4378239544048038,0,0.5,available
ab-test-001188,0,0.17854202988676474,0,0.5,available
ab-test-001189,0,0.49224604694769164,0,0.5,available
ab-test-001190,0,0.2322834502868045,0,0.5,available
ab-test-001191,0,0.3473075009667849,0,0.5,available
ab-test-001192,0,0.23735930941202438,0,0.5,available
ab-test-001193,0,0.11574487183894626,0,0.5,available
ab-test-001194,0,0.3381167380429496,0,0.5,available
ab-test-001195,0,0.23007395228042488,0,0.5,available
ab-test-001196,0,0.47307661064487355,0,0.5,available
ab-test-001197,0,0.2811041301369407,0,0.5,available
ab-test-001198,0,0.398703913420205,0,0.5,available
ab-test-001199,0,0.40099769151554626,0,0.5,available
ab-test-001200,0,0.30646020471460966,0,0.5,available
ab-test-001201,1,0.8327834435667143,1,0.5,available
ab-test-001202,0,0.3798707779207149,0,0.5,available
ab-test-001203,0,0.41169170864588533,0,0.5,available
ab-test-001204,0,0.23596642195215148,0,0.5,available
ab-test-001205,0,0.44738853149409274,0,0.5,available
ab-test-001206,0,0.43461568560264885,0,0.5,available
ab-test-001207,1,0.9664603722623344,1,0.5,available
ab-test-001208,0,0.32236859846723603,0,0.5,available
ab-test-001209,1,0.9154500768419759,1,0.5,available
ab-test-001210,0,0.3833454358269993,0,0.5,available
ab-test-001211,0,0.15582799042666626,0,0.5,available
ab-test-001212,0,0.373828393590153,0,0.5,available
ab-test-001213,0,0.5455866897247739,1,0.5,available
ab-test-001214,0,0.35709942981534604,0,0.5,available
ab-test-001215,0,0.11074397294667912,0,0.5,available
ab-test-001216,0,0.17697252734235935,0,0.5,available
ab-test-001217,0,0.35964655175725113,0,0.5,available
ab-test-001218,0,0.8051422993699316,1,0.5,available
ab-test-001219,0,0.7991292750344089,1,0.5,available
ab-test-001220,0,0.5650024508106655,1,0.5,available
ab-test-001221,0,0.5554693304062628,1,0.5,available
ab-test-001222,0,0.6182973971723178,1,0.5,available
ab-test-001223,0,0.2811544601729732,0,0.5,available
ab-test-001224,0,0.43372970192434934,0,0.5,available
ab-test-001225,0,0.5988375432591516,1,0.5,available
ab-test-001226,0,0.3992791361019893,0,0.5,available
ab-test-001227,0,0.16364540155436544,0,0.5,available
ab-test-001228,1,0.9234247652283338,1,0.5,available
ab-test-001229,0,0.2072204074464864,0,0.5,available
ab-test-001230,0,0.15682235807699674,0,0.5,available
ab-test-001231,0,0.18698096366828626,0,0.5,available
ab-test-001232,0,0.45547177761210844,0,0.5,available
ab-test-001233,0,0.5787939645547832,1,0.5,available
ab-test-001234,0,0.24174575429951195,0,0.5,available
ab-test-001235,0,0.42179318184143416,0,0.5,available
ab-test-001236,0,0.24257652217298667,0,0.5,available
ab-test-001237,0,0.18588267207503267,0,0.5,available
ab-test-001238,0,0.2594825734859295,0,0.5,available
ab-test-001239,0,0.48180031768847087,0,0.5,available
ab-test-001240,0,0.4949792287056292,0,0.5,available
ab-test-001241,0,0.4714960966053176,0,0.5,available
ab-test-001242,0,0.2216836459084301,0,0.5,available
ab-test-001243,0,0.5824488031707961,1,0.5,available
ab-test-001244,0,0.3180222321854789,0,0.5,available
ab-test-001245,0,0.4996020597973648,0,0.5,available
ab-test-001246,0,0.5316722681187335,1,0.5,available
ab-test-001247,0,0.577138912505419,1,0.5,available
ab-test-001248,0,0.5457255819617362,1,0.5,available
ab-test-001249,1,0.7943317318645825,1,0.5,available
ab-test-001250,0,0.4393254924915473,0,0.5,available
ab-test-001251,0,0.43461879361948585,0,0.5,available
ab-test-001252,0,0.4082472208727146,0,0.5,available
ab-test-001253,0,0.45846314230752594,0,0.5,available
ab-test-001254,0,0.3380947895659922,0,0.5,available
ab-test-001255,0,0.4342960914453814,0,0.5,available
ab-test-001256,0,0.48180031768847087,0,0.5,available
ab-test-001257,0,0.42885446326407506,0,0.5,available
ab-test-001258,0,0.18502330482101337,0,0.5,available
ab-test-001259,0,0.1738724086895585,0,0.5,available
ab-test-001260,0,0.4694119823526406,0,0.5,available
ab-test-001261,1,0.9255179889818166,1,0.5,available
ab-test-001262,0,0.4156219665597496,0,0.5,available
ab-test-001263,0,0.4916450047920474,0,0.5,available
ab-test-001264,0,0.4986437401478314,0,0.5,available
ab-test-001265,0,0.4995638786214883,0,0.5,available
ab-test-001266,0,0.23201012657280368,0,0.5,available
ab-test-001267,1,0.9586859954731194,1,0.5,available
ab-test-001268,0,0.2178223060300192,0,0.5,available
ab-test-001269,0,0.3300423791715039,0,0.5,available
ab-test-001270,1,0.9311694521688431,1,0.5,available
ab-test-001271,0,0.25664049242128995,0,0.5,available
ab-test-001272,1,0.9704191255850129,1,0.5,available
ab-test-001273,0,0.2612046348666831,0,0.5,available
ab-test-001274,0,0.5134719542761044,1,0.5,available
ab-test-001275,0,0.42769713464675513,0,0.5,available
ab-test-001276,0,0.4645742534335966,0,0.5,available
ab-test-001277,0,0.26712348959383775,0,0.5,available
ab-test-001278,0,0.34782517846050376,0,0.5,available
ab-test-001279,0,0.1965957362786877,0,0.5,available
ab-test-001280,0,0.0660255285721262,0,0.5,available
ab-test-001281,0,0.4009337167214816,0,0.5,available
ab-test-001282,0,0.12505515403713674,0,0.5,available
ab-test-001283,0,0.41125118014004275,0,0.5,available
ab-test-001284,0,0.24155497460633774,0,0.5,available
ab-test-001285,0,0.21177020513049227,0,0.5,available
ab-test-001286,0,0.4526306140302802,0,0.5,available
ab-test-001287,0,0.26510511522964286,0,0.5,available
ab-test-001288,0,0.5775141815106316,1,0.5,available
ab-test-001289,1,0.9031985226835529,1,0.5,available
ab-test-001290,0,0.1602904061693998,0,0.5,available
ab-test-001291,0,0.3669175472268353,0,0.5,available
ab-test-001292,0,0.372800895298202,0,0.5,available
ab-test-001293,1,0.9349105082355115,1,0.5,available
ab-test-001294,0,0.5838578481691478,1,0.5,available
ab-test-001295,0,0.40146068057452317,0,0.5,available
ab-test-001296,0,0.5565936843331729,1,0.5,available
ab-test-001297,0,0.25565126444994574,0,0.5,available
ab-test-001298,0,0.24097507504204566,0,0.5,available
ab-test-001299,0,0.5569202981675891,1,0.5,available
ab-test-001300,0,0.4581363181927422,0,0.5,available
ab-test-001301,0,0.5814640860626329,1,0.5,available
ab-test-001302,0,0.2495233687940865,0,0.5,available
ab-test-001303,0,0.31720042056769104,0,0.5,available
ab-test-001304,0,0.17748930928434795,0,0.5,available
ab-test-001305,0,0.5040026817776253,1,0.5,available
ab-test-001306,0,0.17454727389219904,0,0.5,available
ab-test-001307,0,0.2475891890280966,0,0.5,available
ab-test-001308,0,0.24866221425260593,0,0.5,available
ab-test-001309,0,0.5385117978720847,1,0.5,available
ab-test-001310,0,0.39445502704002267,0,0.5,available
ab-test-001311,0,0.4240592078306137,0,0.5,available
ab-test-001312,0,0.1727702963744857,0,0.5,available
ab-test-001313,0,0.4251301652994794,0,0.5,available
ab-test-001314,0,0.5925929738928366,1,0.5,available
ab-test-001315,0,0.8429995365241407,1,0.5,available
ab-test-001316,0,0.36616908572002593,0,0.5,available
ab-test-001317,0,0.3717516858507551,0,0.5,available
ab-test-001318,0,0.3408566602254419,0,0.5,available
ab-test-001319,0,0.3481929591703935,0,0.5,available
ab-test-001320,1,0.9486565170879633,1,0.5,available
ab-test-001321,0,0.12352982746028841,0,0.5,available
ab-test-001322,0,0.19500197302634484,0,0.5,available
ab-test-001323,0,0.5589541823595011,1,0.5,available
ab-test-001324,1,0.7910811872489486,1,0.5,available
ab-test-001325,0,0.4443146049894091,0,0.5,available
ab-test-001326,0,0.24317926985892763,0,0.5,available
ab-test-001327,0,0.43005456320251234,0,0.5,available
ab-test-001328,0,0.36703545893314443,0,0.5,available
ab-test-001329,0,0.358792785570444,0,0.5,available
ab-test-001330,0,0.1842908590980952,0,0.5,available
ab-test-001331,0,0.47383051657822917,0,0.5,available
ab-test-001332,1,0.8208286162722066,1,0.5,available
ab-test-001333,0,0.3032242683150273,0,0.5,available
ab-test-001334,0,0.5071511723889943,1,0.5,available
ab-test-001335,0,0.8610536425262285,1,0.5,available
ab-test-001336,0,0.5124549907244995,1,0.5,available
ab-test-001337,0,0.43952334772034524,0,0.5,available
ab-test-001338,0,0.3766935364805669,0,0.5,available
ab-test-001339,0,0.4915270369399553,0,0.5,available
ab-test-001340,0,0.46894943735149913,0,0.5,available
ab-test-001341,1,0.9411962859182799,1,0.5,available
ab-test-001342,0,0.40402430889992275,0,0.5,available
ab-test-001343,0,0.5110808572789037,1,0.5,available
ab-test-001344,0,0.20996957407683434,0,0.5,available
ab-test-001345,0,0.38745558225589166,0,0.5,available
ab-test-001346,0,0.4655887268138606,0,0.5,available
ab-test-001347,0,0.15042199235286072,0,0.5,available
ab-test-001348,0,0.37767268187809727,0,0.5,available
ab-test-001349,0,0.5023771597460955,1,0.5,available
ab-test-001350,0,0.2841773027561875,0,0.5,available
ab-test-001351,0,0.27550883406603116,0,0.5,available
ab-test-001352,0,0.46041597712454474,0,0.5,available
ab-test-001353,0,0.753189381852918,1,0.5,available
ab-test-001354,0,0.06459590231244669,0,0.5,available
ab-test-001355,0,0.43942479726046313,0,0.5,available
ab-test-001356,0,0.19917854471139362,0,0.5,available
ab-test-001357,0,0.45673085147963766,0,0.5,available
ab-test-001358,0,0.197165699103218,0,0.5,available
ab-test-001359,0,0.45660038074191966,0,0.5,available
ab-test-001360,0,0.1549129601017062,0,0.5,available
ab-test-001361,0,0.23628107366740658,0,0.5,available
ab-test-001362,0,0.48581543940216243,0,0.5,available
ab-test-001363,0,0.5601454370835559,1,0.5,available
ab-test-001364,0,0.3783139966809064,0,0.5,available
ab-test-001365,0,0.46364983162911116,0,0.5,available
ab-test-001366,0,0.47075654182624893,0,0.5,available
ab-test-001367,0,0.488457990312763,0,0.5,available
ab-test-001368,0,0.3992791361019893,0,0.5,available
ab-test-001369,0,0.46155375469562565,0,0.5,available
ab-test-001370,0,0.24524171498727448,0,0.5,available
ab-test-001371,0,0.21868756487433685,0,0.5,available
ab-test-001372,0,0.3996392753354818,0,0.5,available
ab-test-001373,0,0.4325793497692712,0,0.5,available
ab-test-001374,0,0.4991140082285945,0,0.5,available
ab-test-001375,0,0.1816240579697188,0,0.5,available
ab-test-001376,0,0.6773130198941401,1,0.5,available
ab-test-001377,0,0.18605033598930554,0,0.5,available
ab-test-001378,0,0.2650892958709678,0,0.5,available
ab-test-001379,0,0.3067694767826737,0,0.5,available
ab-test-001380,0,0.2989131014620533,0,0.5,available
ab-test-001381,0,0.13091740149610379,0,0.5,available
ab-test-001382,0,0.32736160224845,0,0.5,available
ab-test-001383,0,0.5066437175215385,1,0.5,available
ab-test-001384,0,0.33177664823303793,0,0.5,available
ab-test-001385,0,0.47494469513934906,0,0.5,available
ab-test-001386,0,0.2186616078896582,0,0.5,available
ab-test-001387,0,0.5293143159336465,1,0.5,available
ab-test-001388,0,0.2306871242175411,0,0.5,available
ab-test-001389,0,0.2031281403044209,0,0.5,available
ab-test-001390,0,0.39677581762241104,0,0.5,available
ab-test-001391,0,0.3193113602132687,0,0.5,available
ab-test-001392,0,0.6657066912507685,1,0.5,available
ab-test-001393,0,0.43989729804641603,0,0.5,available
ab-test-001394,1,0.9530453838339321,1,0.5,available
ab-test-001395,0,0.25338064264867427,0,0.5,available
ab-test-001396,0,0.10662985863796849,0,0.5,available
ab-test-001397,0,0.48464872033922135,0,0.5,available
ab-test-001398,0,0.42514904015816524,0,0.5,available
ab-test-001399,0,0.32920647025607297,0,0.5,available
ab-test-001400,0,0.44739063671271284,0,0.5,available
ab-test-001401,1,0.94101637564159,1,0.5,available
ab-test-001402,0,0.11663908424605336,0,0.5,available
ab-test-001403,0,0.4048162200767705,0,0.5,available
ab-test-001404,0,0.15182416610437127,0,0.5,available
ab-test-001405,0,0.30774369854187283,0,0.5,available
ab-test-001406,0,0.8619135582533796,1,0.5,available
ab-test-001407,0,0.4740328949677313,0,0.5,available
ab-test-001408,0,0.2692479079757177,0,0.5,available
ab-test-001409,0,0.46306968868639276,0,0.5,available
ab-test-001410,0,0.48712000518819476,0,0.5,available
ab-test-001411,0,0.43328979532049433,0,0.5,available
ab-test-001412,0,0.7384717288032489,1,0.5,available
ab-test-001413,0,0.3712858279556406,0,0.5,available
ab-test-001414,0,0.24467290999538274,0,0.5,available
ab-test-001415,0,0.33366210606152796,0,0.5,available
ab-test-001416,0,0.4526306140302802,0,0.5,available
ab-test-001417,0,0.25202055902939613,0,0.5,available
ab-test-001418,1,0.8978165093341677,1,0.5,available
ab-test-001419,0,0.21428967254373626,0,0.5,available
ab-test-001420,0,0.35529306085830337,0,0.5,available
ab-test-001421,0,0.34171626300303726,0,0.5,available
ab-test-001422,0,0.46698860129489106,0,0.5,available
ab-test-001423,0,0.20436365065064688,0,0.5,available
ab-test-001424,0,0.22035368426209623,0,0.5,available
ab-test-001425,0,0.6311805498488803,1,0.5,available
ab-test-001426,1,0.9219638661049689,1,0.5,available
ab-test-001427,0,0.38148627369051025,0,0.5,available
ab-test-001428,0,0.5918630711375447,1,0.5,available
ab-test-001429,0,0.41755789041911284,0,0.5,available
ab-test-001430,0,0.4244687307098208,0,0.5,available
ab-test-001431,0,0.3843444499086215,0,0.5,available
ab-test-001432,0,0.1284852662239495,0,0.5,available
ab-test-001433,0,0.262164232950377,0,0.5,available
ab-test-001434,1,0.9606538221632007,1,0.5,available
ab-test-001435,0,0.5560948169311,1,0.5,available
ab-test-001436,0,0.14941253708320135,0,0.5,available
ab-test-001437,0,0.16930508031954092,0,0.5,available
ab-test-001438,0,0.7636909285580755,1,0.5,available
ab-test-001439,0,0.12716849914561612,0,0.5,available
ab-test-001440,0,0.3986725600196719,0,0.5,available
ab-test-001441,0,0.5032642393140876,1,0.5,available
ab-test-001442,0,0.226835447737833,0,0.5,available
ab-test-001443,0,0.4702947539884088,0,0.5,available
ab-test-001444,0,0.3913607173737301,0,0.5,available
ab-test-001445,0,0.3210625747949536,0,0.5,available
ab-test-001446,0,0.23651180926746476,0,0.5,available
ab-test-001447,0,0.3075185745493121,0,0.5,available
ab-test-001448,0,0.18093900481305258,0,0.5,available
ab-test-001449,0,0.1871645813210585,0,0.5,available
ab-test-001450,0,0.3677365504336246,0,0.5,available
ab-test-001451,1,0.9384947715734906,1,0.5,available
ab-test-001452,0,0.14375245126908484,0,0.5,available
ab-test-001453,1,0.9073375869632977,1,0.5,available
ab-test-001454,0,0.39184575094859575,0,0.5,available
ab-test-001455,0,0.306264114273057,0,0.5,available
ab-test-001456,0,0.4605900961356602,0,0.5,available
ab-test-001457,0,0.33611786456788956,0,0.5,available
ab-test-001458,0,0.18454050464378063,0,0.5,available
ab-test-001459,1,0.9378205342790114,1,0.5,available
ab-test-001460,0,0.6226821532136734,1,0.5,available
ab-test-001461,0,0.46993056632752195,0,0.5,available
ab-test-001462,0,0.40229488844459965,0,0.5,available
ab-test-001463,0,0.3579027681775764,0,0.5,available
ab-test-001464,0,0.17261629835622183,0,0.5,available
ab-test-001465,0,0.4379891233336215,0,0.5,available
ab-test-001466,0,0.8346112424600127,1,0.5,available
ab-test-001467,0,0.7838247390012361,1,0.5,available
ab-test-001468,1,0.8959739013098318,1,0.5,available
ab-test-001469,1,0.8634935919676644,1,0.5,available
ab-test-001470,0,0.45811346514527446,0,0.5,available
ab-test-001471,1,0.9420254365981252,1,0.5,available
ab-test-001472,0,0.06349605350652611,0,0.5,available
ab-test-001473,0,0.38228626166022345,0,0.5,available
ab-test-001474,0,0.40828912348023566,0,0.5,available
ab-test-001475,0,0.557393088341421,1,0.5,available
ab-test-001476,0,0.5460308645166063,1,0.5,available
ab-test-001477,0,0.10505397143739995,0,0.5,available
ab-test-001478,0,0.114562095870474,0,0.5,available
ab-test-001479,0,0.1864349177350796,0,0.5,available
ab-test-001480,0,0.17960975984360375,0,0.5,available
ab-test-001481,0,0.24842460031939353,0,0.5,available
ab-test-001482,0,0.4415554365926445,0,0.5,available
ab-test-001483,0,0.395083125594799,0,0.5,available
ab-test-001484,0,0.36682085409236187,0,0.5,available
ab-test-001485,0,0.4539070237813497,0,0.5,available
ab-test-001486,0,0.3046658028381525,0,0.5,available
ab-test-001487,0,0.6648729444237881,1,0.5,available
ab-test-001488,0,0.4942110681187621,0,0.5,available
ab-test-001489,0,0.35563583289760725,0,0.5,available
ab-test-001490,1,0.9191365426305983,1,0.5,available
ab-test-001491,0,0.3873042074340131,0,0.5,available
ab-test-001492,1,0.8987039146488269,1,0.5,available
ab-test-001493,0,0.48929541529733833,0,0.5,available
ab-test-001494,0,0.3792973364112371,0,0.5,available
ab-test-001495,0,0.8576163249348385,1,0.5,available
ab-test-001496,1,0.7900351812106965,1,0.5,available
ab-test-001497,0,0.17257894027061582,0,0.5,available
ab-test-001498,0,0.44913856836287425,0,0.5,available
ab-test-001499,0,0.5465355942910824,1,0.5,available
ab-test-001500,0,0.37590665150743574,0,0.5,available
ab-test-001501,0,0.3741500329103531,0,0.5,available
ab-test-001502,0,0.45926595512748736,0,0.5,available
ab-test-001503,0,0.24062180751140894,0,0.5,available
ab-test-001504,0,0.5039824216038815,1,0.5,available
ab-test-001505,0,0.3593337837479924,0,0.5,available
ab-test-001506,0,0.4507591367277026,0,0.5,available
ab-test-001507,0,0.3831149348775414,0,0.5,available
ab-test-001508,0,0.17360298233765403,0,0.5,available
ab-test-001509,0,0.47049699792812394,0,0.5,available
ab-test-001510,0,0.20873746191140602,0,0.5,available
ab-test-001511,0,0.3159340451815456,0,0.5,available
ab-test-001512,0,0.40034039304130664,0,0.5,available
ab-test-001513,0,0.3623702620873168,0,0.5,available
ab-test-001514,0,0.23336922011363836,0,0.5,available
ab-test-001515,0,0.35022348382924906,0,0.5,available
ab-test-001516,0,0.3256851105090893,0,0.5,available
ab-test-001517,0,0.3893088119595121,0,0.5,available
ab-test-001518,0,0.16668057551028495,0,0.5,available
ab-test-001519,0,0.4449296835425247,0,0.5,available
ab-test-001520,0,0.27772152885778584,0,0.5,available
ab-test-001521,0,0.368632548633108,0,0.5,available
ab-test-001522,0,0.5024154800923891,1,0.5,available
ab-test-001523,0,0.506359917418743,1,0.5,available
ab-test-001524,0,0.3745349209481001,0,0.5,available
ab-test-001525,0,0.7149361065866692,1,0.5,available
ab-test-001526,1,0.9112240357303565,1,0.5,available
ab-test-001527,0,0.39355730892591534,0,0.5,available
ab-test-001528,0,0.17414318824761466,0,0.5,available
ab-test-001529,0,0.5784988166161842,1,0.5,available
ab-test-001530,0,0.2703335638236238,0,0.5,available
ab-test-001531,0,0.20679786504382697,0,0.5,available
ab-test-001532,0,0.40828912348023566,0,0.5,available
ab-test-001533,0,0.24645525704592097,0,0.5,available
ab-test-001534,0,0.24230351631855193,0,0.5,available
ab-test-001535,0,0.2741092606159771,0,0.5,available
ab-test-001536,0,0.5958356280481144,1,0.5,available
ab-test-001537,0,0.4224546074544958,0,0.5,available
ab-test-001538,0,0.060805644664802504,0,0.5,available
ab-test-001539,0,0.060166658147093224,0,0.5,available
ab-test-001540,0,0.1996057604151947,0,0.5,available
ab-test-001541,0,0.37060119616001347,0,0.5,available
ab-test-001542,1,0.9485182557656249,1,0.5,available
ab-test-001543,0,0.4104071866709056,0,0.5,available
ab-test-001544,1,0.8371352494012635,1,0.5,available
ab-test-001545,0,0.38665781394620624,0,0.5,available
ab-test-001546,1,0.9187785469384606,1,0.5,available
ab-test-001547,0,0.4572566679721229,0,0.5,available
ab-test-001548,0,0.3378818035321212,0,0.5,available
ab-test-001549,0,0.3798707779207149,0,0.5,available
ab-test-001550,1,0.9068242451242261,1,0.5,available
ab-test-001551,0,0.11991142551273389,0,0.5,available
ab-test-001552,0,0.38849483714186245,0,0.5,available
ab-test-001553,0,0.17706223980889169,0,0.5,available
ab-test-001554,0,0.19933864413135083,0,0.5,available
ab-test-001555,0,0.2429747506247535,0,0.5,available
ab-test-001556,0,0.24354657093470483,0,0.5,available
ab-test-001557,1,0.826517934315913,1,0.5,available
ab-test-001558,0,0.37341637536474087,0,0.5,available
ab-test-001559,0,0.30418615193515375,0,0.5,available
ab-test-001560,0,0.5453319857758007,1,0.5,available
ab-test-001561,1,0.9432497996594918,1,0.5,available
ab-test-001562,0,0.24033749768243087,0,0.5,available
ab-test-001563,0,0.19540960516196992,0,0.5,available
ab-test-001564,0,0.23440604592651443,0,0.5,available
ab-test-001565,0,0.4652458725968247,0,0.5,available
ab-test-001566,0,0.3932236794792868,0,0.5,available
ab-test-001567,0,0.4690327020695108,0,0.5,available
ab-test-001568,0,0.20184052256506005,0,0.5,available
ab-test-001569,1,0.9003562962976005,1,0.5,available
ab-test-001570,1,0.5691948382433005,1,0.5,available
ab-test-001571,0,0.5346315005883898,1,0.5,available
ab-test-001572,0,0.4094500833866741,0,0.5,available
ab-test-001573,0,0.4652458725968247,0,0.5,available
ab-test-001574,0,0.4726037872303718,0,0.5,available
ab-test-001575,0,0.29505782081080933,0,0.5,available
ab-test-001576,0,0.401857546644521,0,0.5,available
ab-test-001577,0,0.139626128240728,0,0.5,available
ab-test-001578,0,0.22955673575881194,0,0.5,available
ab-test-001579,0,0.5088470359831505,1,0.5,available
ab-test-001580,0,0.6680259467102104,1,0.5,available
ab-test-001581,0,0.1919041819452267,0,0.5,available
ab-test-001582,1,0.6860103326703277,1,0.5,available
ab-test-001583,1,0.946630840237444,1,0.5,available
ab-test-001584,0,0.41780022525197097,0,0.5,available
ab-test-001585,0,0.1972787828705034,0,0.5,available
ab-test-001586,0,0.5380502104744715,1,0.5,available
ab-test-001587,0,0.38756047940691624,0,0.5,available
ab-test-001588,1,0.901634034558954,1,0.5,available
ab-test-001589,0,0.12003165985029103,0,0.5,available
ab-test-001590,0,0.20405197295751024,0,0.5,available
ab-test-001591,0,0.16763321952034704,0,0.5,available
ab-test-001592,0,0.5444796830033609,1,0.5,available
ab-test-001593,0,0.18920712396553227,0,0.5,available
ab-test-001594,0,0.431084951171322,0,0.5,available
ab-test-001595,0,0.49662635951602085,0,0.5,available
ab-test-001596,1,0.92932453919237,1,0.5,available
ab-test-001597,1,0.9344729540355887,1,0.5,available
ab-test-001598,0,0.16883041915241231,0,0.5,available
ab-test-001599,0,0.33180773233172,0,0.5,available
ab-test-001600,0,0.20536557764232632,0,0.5,available
ab-test-001601,1,0.970185906430826,1,0.5,available
ab-test-001602,0,0.12105493467236556,0,0.5,available
ab-test-001603,0,0.5188018580193381,1,0.5,available
ab-test-001604,1,0.8663209070913612,1,0.5,available
ab-test-001605,0,0.4525094355499868,0,0.5,available
ab-test-001606,0,0.2003549504052341,0,0.5,available
ab-test-001607,0,0.22848490677664002,0,0.5,available
ab-test-001608,0,0.16340009762291458,0,0.5,available
ab-test-001609,0,0.5168872435244343,1,0.5,available
ab-test-001610,0,0.5445539061851099,1,0.5,available
ab-test-001611,1,0.7265972591308671,1,0.5,available
ab-test-001612,0,0.3180336709309286,0,0.5,available
ab-test-001613,0,0.3921339601094825,0,0.5,available
ab-test-001614,0,0.5954783666911417,1,0.5,available
ab-test-001615,0,0.25685580223995136,0,0.5,available
ab-test-001616,0,0.5139784756188208,1,0.5,available
ab-test-001617,0,0.3651036432284637,0,0.5,available
ab-test-001618,1,0.9564257601228896,1,0.5,available
ab-test-001619,0,0.3764798324154646,0,0.5,available
ab-test-001620,0,0.10843989280442126,0,0.5,available
ab-test-001621,0,0.21935636221572125,0,0.5,available
ab-test-001622,1,0.907223056298776,1,0.5,available
ab-test-001623,0,0.24595796493095493,0,0.5,available
ab-test-001624,1,0.9616294771167585,1,0.5,available
ab-test-001625,0,0.2665816763847375,0,0.5,available
ab-test-001626,0,0.32224908160850047,0,0.5,available
ab-test-001627,0,0.2311599424008333,0,0.5,available
ab-test-001628,0,0.40146068057452317,0,0.5,available
ab-test-001629,0,0.4566309137968691,0,0.5,available
ab-test-001630,0,0.3194071812201981,0,0.5,available
ab-test-001631,0,0.4979308996866355,0,0.5,available
ab-test-001632,0,0.21390274215585664,0,0.5,available
ab-test-001633,0,0.2460667059645712,0,0.5,available
ab-test-001634,0,0.21935852811598006,0,0.5,available
ab-test-001635,0,0.5066491035757249,1,0.5,available
ab-test-001636,0,0.18866461923481043,0,0.5,available
ab-test-001637,1,0.9308315169993876,1,0.5,available
ab-test-001638,0,0.481800317688471,0,0.5,available
ab-test-001639,1,0.9259723815650455,1,0.5,available
ab-test-001640,0,0.5106870536208686,1,0.5,available
ab-test-001641,0,0.13094311270859194,0,0.5,available
ab-test-001642,0,0.426117417932819,0,0.5,available
ab-test-001643,0,0.11284206445132897,0,0.5,available
ab-test-001644,0,0.5007785251597057,1,0.5,available
ab-test-001645,0,0.18994099661310512,0,0.5,available
ab-test-001646,0,0.4798378283752411,0,0.5,available
ab-test-001647,0,0.16265767871838724,0,0.5,available
ab-test-001648,0,0.4260328751600783,0,0.5,available
ab-test-001649,0,0.23541876244510376,0,0.5,available
ab-test-001650,0,0.39668393815418457,0,0.5,available
ab-test-001651,0,0.4504147892166939,0,0.5,available
ab-test-001652,0,0.4976455478889065,0,0.5,available
ab-test-001653,0,0.3784972055938831,0,0.5,available
ab-test-001654,0,0.4182965391923935,0,0.5,available
ab-test-001655,0,0.18725909061143747,0,0.5,available
ab-test-001656,1,0.9084571129028951,1,0.5,available
ab-test-001657,0,0.44808681038898407,0,0.5,available
ab-test-001658,0,0.1865621387519643,0,0.5,available
ab-test-001659,0,0.7059465357587534,1,0.5,available
ab-test-001660,0,0.3282271784425768,0,0.5,available
ab-test-001661,0,0.398732387642136,0,0.5,available
ab-test-001662,0,0.1355122555615362,0,0.5,available
ab-test-001663,0,0.5372206090414777,1,0.5,available
ab-test-001664,1,0.908838173256712,1,0.5,available
ab-test-001665,0,0.5192411089557308,1,0.5,available
ab-test-001666,0,0.4693839003398801,0,0.5,available
ab-test-001667,0,0.48628466415041205,0,0.5,available
ab-test-001668,0,0.3417743211043,0,0.5,available
ab-test-001669,0,0.6427733432145825,1,0.5,available
ab-test-001670,0,0.44784774455549076,0,0.5,available
ab-test-001671,0,0.4641403481708713,0,0.5,available
ab-test-001672,0,0.37989304156787995,0,0.5,available
ab-test-001673,0,0.2364499064994523,0,0.5,available
ab-test-001674,0,0.5455982390104337,1,0.5,available
ab-test-001675,0,0.4211834295245872,0,0.5,available
ab-test-001676,0,0.4526306140302802,0,0.5,available
ab-test-001677,0,0.20921325327718637,0,0.5,available
ab-test-001678,0,0.16556669588781442,0,0.5,available
ab-test-001679,0,0.47494469513934906,0,0.5,available
ab-test-001680,0,0.34465879029229995,0,0.5,available
ab-test-001681,0,0.507802173036062,1,0.5,available
ab-test-001682,0,0.21544479539984296,0,0.5,available
ab-test-001683,0,0.6399075376228562,1,0.5,available
ab-test-001684,0,0.1733515725734523,0,0.5,available
ab-test-001685,1,0.8865917346804929,1,0.5,available
ab-test-001686,0,0.2325033637725779,0,0.5,available
ab-test-001687,0,0.4779062772056735,0,0.5,available
ab-test-001688,1,0.939913224028572,1,0.5,available
ab-test-001689,1,0.968633124562886,1,0.5,available
ab-test-001690,0,0.19300371622401194,0,0.5,available
ab-test-001691,0,0.4737326411092177,0,0.5,available
ab-test-001692,0,0.1958874793555198,0,0.5,available
ab-test-001693,0,0.2560920220609231,0,0.5,available
ab-test-001694,0,0.16526869785475237,0,0.5,available
ab-test-001695,0,0.22387921052452833,0,0.5,available
ab-test-001696,0,0.14066382480706174,0,0.5,available
ab-test-001697,0,0.48416386725006044,0,0.5,available
ab-test-001698,0,0.4369122100150876,0,0.5,available
ab-test-001699,1,0.96781729316661,1,0.5,available
ab-test-001700,1,0.833128122647576,1,0.5,available
ab-test-001701,0,0.21206568526334887,0,0.5,available
ab-test-001702,0,0.19838064024513513,0,0.5,available
ab-test-001703,0,0.44951188594542885,0,0.5,available
ab-test-001704,0,0.4694119823526406,0,0.5,available
ab-test-001705,0,0.25288695678206596,0,0.5,available
ab-test-001706,0,0.48938165188279786,0,0.5,available
ab-test-001707,0,0.4430657192019692,0,0.5,available
ab-test-001708,0,0.17850952384786034,0,0.5,available
ab-test-001709,0,0.12778197646809364,0,0.5,available
ab-test-001710,0,0.05705782769710555,0,0.5,available
ab-test-001711,0,0.3059422413989251,0,0.5,available
ab-test-001712,0,0.11788554924223846,0,0.5,available
ab-test-001713,0,0.4578370727161526,0,0.5,available
ab-test-001714,0,0.3435764921233782,0,0.5,available
ab-test-001715,0,0.38695563332946187,0,0.5,available
ab-test-001716,0,0.29052050193248974,0,0.5,available
ab-test-001717,0,0.2293972068340133,0,0.5,available
ab-test-001718,0,0.48490447039095014,0,0.5,available
ab-test-001719,0,0.218630053734762,0,0.5,available
ab-test-001720,0,0.5077810371717723,1,0.5,available
ab-test-001721,0,0.16778692940440867,0,0.5,available
ab-test-001722,0,0.4942110681187621,0,0.5,available
ab-test-001723,0,0.20684116228045044,0,0.5,available
ab-test-001724,0,0.42215077875192736,0,0.5,available
ab-test-001725,0,0.3658117548361562,0,0.5,available
ab-test-001726,0,0.24563670425808423,0,0.5,available
ab-test-001727,1,0.924664706221772,1,0.5,available
ab-test-001728,0,0.5680021573606497,1,0.5,available
ab-test-001729,0,0.38600588204336245,0,0.5,available
ab-test-001730,0,0.5208046050280579,1,0.5,available
ab-test-001731,0,0.10051381222122881,0,0.5,available
ab-test-001732,0,0.3405299571034831,0,0.5,available
ab-test-001733,0,0.41281852562590243,0,0.5,available
ab-test-001734,0,0.3750738396153411,0,0.5,available
ab-test-001735,0,0.26502997619507174,0,0.5,available
ab-test-001736,0,0.3811799732919985,0,0.5,available
ab-test-001737,1,0.9334816285696383,1,0.5,available
ab-test-001738,0,0.24435616360044604,0,0.5,available
ab-test-001739,0,0.22445779563114546,0,0.5,available
ab-test-001740,0,0.4898645094209577,0,0.5,available
ab-test-001741,1,0.9116041296953139,1,0.5,available
ab-test-001742,0,0.48180031768847087,0,0.5,available
ab-test-001743,0,0.5161065274835873,1,0.5,available
ab-test-001744,0,0.5392430998660722,1,0.5,available
ab-test-001745,0,0.12210534957690998,0,0.5,available
ab-test-001746,0,0.14373738852620233,0,0.5,available
ab-test-001747,0,0.05740663872028844,0,0.5,available
ab-test-001748,0,0.08070588406518726,0,0.5,available
ab-test-001749,1,0.9304489280025291,1,0.5,available
ab-test-001750,0,0.5330342515559551,1,0.5,available
ab-test-001751,0,0.23932377665056123,0,0.5,available
ab-test-001752,0,0.25790531041639336,0,0.5,available
ab-test-001753,0,0.17889460292678974,0,0.5,available
ab-test-001754,0,0.31460808093208514,0,0.5,available
ab-test-001755,0,0.5150853438075702,1,0.5,available
ab-test-001756,0,0.20774559533587095,0,0.5,available
ab-test-001757,0,0.2746840663075255,0,0.5,available
ab-test-001758,0,0.18961202043576106,0,0.5,available
ab-test-001759,0,0.2642458452467411,0,0.5,available
ab-test-001760,0,0.19361152479951022,0,0.5,available
ab-test-001761,0,0.22075768133749146,0,0.5,available
ab-test-001762,0,0.39152426100569526,0,0.5,available
ab-test-001763,0,0.23341865035804443,0,0.5,available
ab-test-001764,0,0.3378818035321212,0,0.5,available
ab-test-001765,0,0.4915270369399553,0,0.5,available
ab-test-001766,0,0.49848115059687703,0,0.5,available
ab-test-001767,0,0.48938165188279786,0,0.5,available
ab-test-001768,0,0.2220780471806161,0,0.5,available
ab-test-001769,0,0.4851641051207687,0,0.5,available
ab-test-001770,0,0.42701882188856843,0,0.5,available
ab-test-001771,1,0.9438500852287378,1,0.5,available
ab-test-001772,1,0.9252820960114703,1,0.5,available
ab-test-001773,0,0.3670676760385516,0,0.5,available
ab-test-001774,0,0.40259293758160186,0,0.5,available
ab-test-001775,0,0.2104006134910119,0,0.5,available
ab-test-001776,1,0.9359350735201747,1,0.5,available
ab-test-001777,1,0.9683052147953071,1,0.5,available
ab-test-001778,0,0.5916194627016446,1,0.5,available
ab-test-001779,0,0.4581363181927422,0,0.5,available
ab-test-001780,0,0.20501984112699664,0,0.5,available
ab-test-001781,0,0.21390274215585656,0,0.5,available
ab-test-001782,0,0.20879743703726894,0,0.5,available
ab-test-001783,0,0.4818798612809018,0,0.5,available
ab-test-001784,0,0.15327876453614836,0,0.5,available
ab-test-001785,0,0.7456697966386453,1,0.5,available
ab-test-001786,0,0.5418804476602525,1,0.5,available
ab-test-001787,0,0.17054879458164707,0,0.5,available
ab-test-001788,0,0.1399076540667106,0,0.5,available
ab-test-001789,0,0.18812496076643728,0,0.5,available
ab-test-001790,0,0.853622558984235,1,0.5,available
ab-test-001791,0,0.5321577367943547,1,0.5,available
ab-test-001792,0,0.12409341237317446,0,0.5,available
ab-test-001793,0,0.41140239397700173,0,0.5,available
ab-test-001794,0,0.467368607287556,0,0.5,available
ab-test-001795,0,0.43989729804641603,0,0.5,available
ab-test-001796,0,0.579718360428081,1,0.5,available
ab-test-001797,0,0.5337144226177801,1,0.5,available
ab-test-001798,0,0.19950321310765687,0,0.5,available
ab-test-001799,0,0.43989729804641603,0,0.5,available
ab-test-001800,0,0.3937993291001604,0,0.5,available
ab-test-001801,0,0.38629944215693485,0,0.5,available
ab-test-001802,0,0.5409632549501128,1,0.5,available
ab-test-001803,0,0.1685297958733234,0,0.5,available
ab-test-001804,0,0.3906337324202966,0,0.5,available
ab-test-001805,0,0.3169490020740841,0,0.5,available
ab-test-001806,0,0.481800317688471,0,0.5,available
ab-test-001807,0,0.3606181458691654,0,0.5,available
ab-test-001808,1,0.9291538171390151,1,0.5,available
ab-test-001809,0,0.3740239162720649,0,0.5,available
ab-test-001810,0,0.25202055902939613,0,0.5,available
ab-test-001811,0,0.4550436897533679,0,0.5,available
ab-test-001812,0,0.14028409482574747,0,0.5,available
ab-test-001813,0,0.36509753039932064,0,0.5,available
ab-test-001814,0,0.574767260632133,1,0.5,available
ab-test-001815,0,0.40711136901440853,0,0.5,available
ab-test-001816,1,0.8801060100402214,1,0.5,available
ab-test-001817,0,0.4898313286726033,0,0.5,available
ab-test-001818,0,0.4316795334555579,0,0.5,available
ab-test-001819,0,0.43359560965705307,0,0.5,available
ab-test-001820,1,0.9307191172255226,1,0.5,available
ab-test-001821,0,0.2356105389963188,0,0.5,available
ab-test-001822,0,0.49211669408730996,0,0.5,available
ab-test-001823,1,0.9681889608604307,1,0.5,available
ab-test-001824,0,0.30002040920463974,0,0.5,available
ab-test-001825,0,0.20931929467954993,0,0.5,available
ab-test-001826,0,0.501979367054475,1,0.5,available
ab-test-001827,0,0.5281712732742833,1,0.5,available
ab-test-001828,0,0.5641551413144722,1,0.5,available
ab-test-001829,0,0.15773936991814685,0,0.5,available
ab-test-001830,1,0.9269466112272711,1,0.5,available
ab-test-001831,0,0.23963920305715922,0,0.5,available
ab-test-001832,0,0.04612573976896544,0,0.5,available
ab-test-001833,0,0.18443116668718612,0,0.5,available
ab-test-001834,0,0.22242902112790633,0,0.5,available
ab-test-001835,0,0.18396242603515264,0,0.5,available
ab-test-001836,0,0.4521984427433775,0,0.5,available
ab-test-001837,0,0.4327038766208801,0,0.5,available
ab-test-001838,0,0.30625779429645666,0,0.5,available
ab-test-001839,0,0.12105493467236556,0,0.5,available
ab-test-001840,0,0.5384799287878921,1,0.5,available
ab-test-001841,0,0.16960066213853647,0,0.5,available
ab-test-001842,0,0.8173325428413343,1,0.5,available
ab-test-001843,0,0.33145405598754824,0,0.5,available
ab-test-001844,1,0.9129977748702984,1,0.5,available
ab-test-001845,0,0.21288482232462716,0,0.5,available
ab-test-001846,0,0.39080240792741294,0,0.5,available
ab-test-001847,0,0.21004891752396254,0,0.5,available
ab-test-001848,0,0.3908240617630226,0,0.5,available
ab-test-001849,0,0.431084951171322,0,0.5,available
ab-test-001850,0,0.42985748800076856,0,0.5,available
ab-test-001851,0,0.3942631483152039,0,0.5,available
ab-test-001852,0,0.35653631941612524,0,0.5,available
ab-test-001853,1,0.8064452244372803,1,0.5,available
ab-test-001854,0,0.5360656457696956,1,0.5,available
ab-test-001855,0,0.38911524331279257,0,0.5,available
ab-test-001856,0,0.13122556113147169,0,0.5,available
ab-test-001857,0,0.12321698636765246,0,0.5,available
ab-test-001858,0,0.4994511130322959,0,0.5,available
ab-test-001859,0,0.5771424572813428,1,0.5,available
ab-test-001860,0,0.3511764268455566,0,0.5,available
ab-test-001861,0,0.5078047731070705,1,0.5,available
ab-test-001862,0,0.3267468770909521,0,0.5,available
ab-test-001863,0,0.4224703707821074,0,0.5,available
ab-test-001864,0,0.22665095087250803,0,0.5,available
ab-test-001865,0,0.32410166384799227,0,0.5,available
ab-test-001866,0,0.585668703054482,1,0.5,available
ab-test-001867,0,0.4166640739934123,0,0.5,available
ab-test-001868,0,0.2745764531915599,0,0.5,available
ab-test-001869,0,0.05313506302909921,0,0.5,available
ab-test-001870,0,0.41708814178562376,0,0.5,available
ab-test-001871,0,0.4773620025852622,0,0.5,available
ab-test-001872,0,0.5714109559418493,1,0.5,available
ab-test-001873,0,0.46508055899186196,0,0.5,available
ab-test-001874,0,0.42387085435531735,0,0.5,available
ab-test-001875,0,0.31625809402131355,0,0.5,available
ab-test-001876,0,0.42087745509984564,0,0.5,available
ab-test-001877,0,0.5155379050987448,1,0.5,available
ab-test-001878,0,0.3145228495177088,0,0.5,available
ab-test-001879,0,0.1255338262193796,0,0.5,available
ab-test-001880,0,0.361241740551349,0,0.5,available
ab-test-001881,0,0.3613581417624384,0,0.5,available
ab-test-001882,0,0.4036708942566424,0,0.5,available
ab-test-001883,1,0.9599728478973906,1,0.5,available
ab-test-001884,0,0.19912604977188073,0,0.5,available
ab-test-001885,0,0.4895341828569016,0,0.5,available
ab-test-001886,0,0.5249026433552442,1,0.5,available
ab-test-001887,1,0.9195912099575999,1,0.5,available
ab-test-001888,0,0.17375506259308413,0,0.5,available
ab-test-001889,0,0.4526306140302802,0,0.5,available
ab-test-001890,0,0.14528533118820341,0,0.5,available
ab-test-001891,0,0.4400249832941101,0,0.5,available
ab-test-001892,0,0.19840394914105897,0,0.5,available
ab-test-001893,1,0.8735907597766811,1,0.5,available
ab-test-001894,0,0.15373479944644375,0,0.5,available
ab-test-001895,1,0.9108388041229478,1,0.5,available
ab-test-001896,0,0.2286871068672519,0,0.5,available
ab-test-001897,0,0.48180031768847087,0,0.5,available
ab-test-001898,0,0.6050555467590704,1,0.5,available
ab-test-001899,0,0.16091864171648582,0,0.5,available
ab-test-001900,0,0.2618551957534249,0,0.5,available
ab-test-001901,0,0.19580137395968442,0,0.5,available
ab-test-001902,0,0.08899964712060322,0,0.5,available
ab-test-001903,0,0.46894943735149913,0,0.5,available
ab-test-001904,1,0.9621241301237848,1,0.5,available
ab-test-001905,0,0.21904502750990754,0,0.5,available
ab-test-001906,0,0.18554414875639735,0,0.5,available
ab-test-001907,0,0.2416062207620405,0,0.5,available
ab-test-001908,0,0.253416947828077,0,0.5,available
ab-test-001909,0,0.20415350057316148,0,0.5,available
ab-test-001910,0,0.5255927325417462,1,0.5,available
ab-test-001911,0,0.4526306140302802,0,0.5,available
ab-test-001912,1,0.8489752757408556,1,0.5,available
ab-test-001913,0,0.6643585697785871,1,0.5,available
ab-test-001914,0,0.16528464119160965,0,0.5,available
ab-test-001915,0,0.470222809345127,0,0.5,available
