pair_id,label,probability,prediction,threshold,status
ab-test-000000,0,0.004352424252376031,0,0.23730266913355372,available
ab-test-000001,0,0.10568361332950449,0,0.23730266913355372,available
ab-test-000002,0,0.00273812935213407,0,0.23730266913355372,available
ab-test-000003,1,0.5984444516853855,1,0.23730266913355372,available
ab-test-000004,0,0.016713866119365085,0,0.23730266913355372,available
ab-test-000005,0,0.002525906952651295,0,0.23730266913355372,available
ab-test-000006,0,0.017329426782709427,0,0.23730266913355372,available
ab-test-000007,0,0.025752273081880064,0,0.23730266913355372,available
ab-test-000008,0,0.002542416667784778,0,0.23730266913355372,available
ab-test-000009,0,0.00997510433448181,0,0.23730266913355372,available
ab-test-000010,0,0.003750382766996475,0,0.23730266913355372,available
ab-test-000011,0,0.006859976538787059,0,0.23730266913355372,available
ab-test-000012,0,0.009936284391288953,0,0.23730266913355372,available
ab-test-000013,0,0.037909799780231,0,0.23730266913355372,available
ab-test-000014,0,0.005121467878074534,0,0.23730266913355372,available
ab-test-000015,0,0.00980929564593547,0,0.23730266913355372,available
ab-test-000016,0,0.001833273892102261,0,0.23730266913355372,available
ab-test-000017,0,0.00353822053359659,0,0.23730266913355372,available
ab-test-000018,0,0.004235940904030084,0,0.23730266913355372,available
ab-test-000019,0,0.0013637050122761551,0,0.23730266913355372,available
ab-test-000020,0,0.009590643839673797,0,0.23730266913355372,available
ab-test-000021,0,0.001807070203054238,0,0.23730266913355372,available
ab-test-000022,0,0.007998493878521685,0,0.23730266913355372,available
ab-test-000023,0,0.004746429666241871,0,0.23730266913355372,available
ab-test-000024,0,0.0185064166721751,0,0.23730266913355372,available
ab-test-000025,0,0.00396656008175211,0,0.23730266913355372,available
ab-test-000026,1,0.6323054631436902,1,0.23730266913355372,available
ab-test-000027,0,0.0011430294351242646,0,0.23730266913355372,available
ab-test-000028,0,0.005904431156809832,0,0.23730266913355372,available
ab-test-000029,0,0.47859603840972575,1,0.23730266913355372,available
ab-test-000030,0,0.023771334994620794,0,0.23730266913355372,available
ab-test-000031,0,0.0030825685373465474,0,0.23730266913355372,available
ab-test-000032,0,0.0006897119245134788,0,0.23730266913355372,available
ab-test-000033,0,0.0016132738070123876,0,0.23730266913355372,available
ab-test-000034,0,0.11528074749787737,0,0.23730266913355372,available
ab-test-000035,0,0.002349722883328426,0,0.23730266913355372,available
ab-test-000036,0,0.005266468087492742,0,0.23730266913355372,available
ab-test-000037,0,0.02611419997185792,0,0.23730266913355372,available
ab-test-000038,0,0.004391936479478928,0,0.23730266913355372,available
ab-test-000039,0,0.0008833810006399768,0,0.23730266913355372,available
ab-test-000040,0,0.0021341639407294753,0,0.23730266913355372,available
ab-test-000041,0,0.017803230853506363,0,0.23730266913355372,available
ab-test-000042,0,0.24534395170144452,1,0.23730266913355372,available
ab-test-000043,0,0.0011100925808514759,0,0.23730266913355372,available
ab-test-000044,0,0.008940363554883674,0,0.23730266913355372,available
ab-test-000045,0,0.016811750155427158,0,0.23730266913355372,available
ab-test-000046,1,0.9758527956618601,1,0.23730266913355372,available
ab-test-000047,1,0.9643304009265878,1,0.23730266913355372,available
ab-test-000048,0,0.03900457448987468,0,0.23730266913355372,available
ab-test-000049,0,0.007197335127510227,0,0.23730266913355372,available
ab-test-000050,0,0.027320871678082684,0,0.23730266913355372,available
ab-test-000051,1,0.982212336797893,1,0.23730266913355372,available
ab-test-000052,0,0.007999557982544099,0,0.23730266913355372,available
ab-test-000053,0,0.01480988027861009,0,0.23730266913355372,available
ab-test-000054,1,0.891402311312908,1,0.23730266913355372,available
ab-test-000055,0,0.005789580642775913,0,0.23730266913355372,available
ab-test-000056,0,0.005556240200297876,0,0.23730266913355372,available
ab-test-000057,1,0.3630071941488605,1,0.23730266913355372,available
ab-test-000058,0,0.002035116677695,0,0.23730266913355372,available
ab-test-000059,0,0.013867805440104046,0,0.23730266913355372,available
ab-test-000060,0,0.11641057453867443,0,0.23730266913355372,available
ab-test-000061,0,0.007207493541761842,0,0.23730266913355372,available
ab-test-000062,0,0.002862352806065551,0,0.23730266913355372,available
ab-test-000063,0,0.0020276438862960903,0,0.23730266913355372,available
ab-test-000064,0,0.13168416504123467,0,0.23730266913355372,available
ab-test-000065,0,0.012161126126210547,0,0.23730266913355372,available
ab-test-000066,0,0.007098589827241089,0,0.23730266913355372,available
ab-test-000067,0,0.024056005568778547,0,0.23730266913355372,available
ab-test-000068,0,0.0031724177146787596,0,0.23730266913355372,available
ab-test-000069,0,0.02086790118374545,0,0.23730266913355372,available
ab-test-000070,0,0.03939234720886565,0,0.23730266913355372,available
ab-test-000071,0,0.005051322182715903,0,0.23730266913355372,available
ab-test-000072,0,0.03505220394131734,0,0.23730266913355372,available
ab-test-000073,0,0.004552028566891336,0,0.23730266913355372,available
ab-test-000074,0,0.0027407644933284754,0,0.23730266913355372,available
ab-test-000075,0,0.0012395450385115291,0,0.23730266913355372,available
ab-test-000076,0,0.010926234636122457,0,0.23730266913355372,available
ab-test-000077,0,0.0032647605226629474,0,0.23730266913355372,available
ab-test-000078,0,0.0012572754832876432,0,0.23730266913355372,available
ab-test-000079,0,0.009911232738605112,0,0.23730266913355372,available
ab-test-000080,0,0.0039188011101947895,0,0.23730266913355372,available
ab-test-000081,1,0.3769456276283107,1,0.23730266913355372,available
ab-test-000082,0,0.07592862624361088,0,0.23730266913355372,available
ab-test-000083,0,0.013559379357258157,0,0.23730266913355372,available
ab-test-000084,0,0.00898019515359731,0,0.23730266913355372,available
ab-test-000085,0,0.005855742589866002,0,0.23730266913355372,available
ab-test-000086,0,0.009795317944783387,0,0.23730266913355372,available
ab-test-000087,0,0.003900676552392744,0,0.23730266913355372,available
ab-test-000088,0,0.013959278469320557,0,0.23730266913355372,available
ab-test-000089,0,0.0036943239659227183,0,0.23730266913355372,available
ab-test-000090,0,0.013414751972837974,0,0.23730266913355372,available
ab-test-000091,0,0.001909462243609832,0,0.23730266913355372,available
ab-test-000092,0,0.004475304479510168,0,0.23730266913355372,available
ab-test-000093,0,0.0013187591202243768,0,0.23730266913355372,available
ab-test-000094,0,0.006330318687552746,0,0.23730266913355372,available
ab-test-000095,0,0.0108379392959641,0,0.23730266913355372,available
ab-test-000096,0,0.0035502862217175507,0,0.23730266913355372,available
ab-test-000097,0,0.017061130211050653,0,0.23730266913355372,available
ab-test-000098,0,0.009923727203894043,0,0.23730266913355372,available
ab-test-000099,0,0.005942498895542644,0,0.23730266913355372,available
ab-test-000100,0,0.0023462599356981,0,0.23730266913355372,available
ab-test-000101,0,0.00119503591320507,0,0.23730266913355372,available
ab-test-000102,1,0.923904275806386,1,0.23730266913355372,available
ab-test-000103,0,0.0011831589841654693,0,0.23730266913355372,available
ab-test-000104,0,0.0022642993296452486,0,0.23730266913355372,available
ab-test-000105,0,0.0064189788180843525,0,0.23730266913355372,available
ab-test-000106,0,0.0045366981187482894,0,0.23730266913355372,available
ab-test-000107,0,0.0026955340820403228,0,0.23730266913355372,available
ab-test-000108,0,0.0009735756415778288,0,0.23730266913355372,available
ab-test-000109,0,0.0595748768373492,0,0.23730266913355372,available
ab-test-000110,0,0.0016946360872334715,0,0.23730266913355372,available
ab-test-000111,0,0.0014099488167893385,0,0.23730266913355372,available
ab-test-000112,1,0.8957112283026063,1,0.23730266913355372,available
ab-test-000113,0,0.0029742411866045242,0,0.23730266913355372,available
ab-test-000114,0,0.14648745856471454,0,0.23730266913355372,available
ab-test-000115,0,0.00346664150423374,0,0.23730266913355372,available
ab-test-000116,0,0.01796055140781878,0,0.23730266913355372,available
ab-test-000117,0,0.003097432621653569,0,0.23730266913355372,available
ab-test-000118,0,0.010372063888053208,0,0.23730266913355372,available
ab-test-000119,0,0.007423280211526725,0,0.23730266913355372,available
ab-test-000120,0,0.005786429414345404,0,0.23730266913355372,available
ab-test-000121,0,0.003308823046387388,0,0.23730266913355372,available
ab-test-000122,0,0.0016210903128907543,0,0.23730266913355372,available
ab-test-000123,0,0.007422295478752644,0,0.23730266913355372,available
ab-test-000124,1,0.9196337933721951,1,0.23730266913355372,available
ab-test-000125,0,0.0023629284777480033,0,0.23730266913355372,available
ab-test-000126,1,0.974459351919703,1,0.23730266913355372,available
ab-test-000127,1,0.8249133866303966,1,0.23730266913355372,available
ab-test-000128,0,0.0018778152551864181,0,0.23730266913355372,available
ab-test-000129,0,0.0895644406292285,0,0.23730266913355372,available
ab-test-000130,0,0.015028747179331182,0,0.23730266913355372,available
ab-test-000131,0,0.0027981699234746944,0,0.23730266913355372,available
ab-test-000132,1,0.9765907075466815,1,0.23730266913355372,available
ab-test-000133,0,0.0035131414552229266,0,0.23730266913355372,available
ab-test-000134,0,0.05358000847306884,0,0.23730266913355372,available
ab-test-000135,0,0.059988763350674414,0,0.23730266913355372,available
ab-test-000136,0,0.00472388806850563,0,0.23730266913355372,available
ab-test-000137,0,0.004686051731005845,0,0.23730266913355372,available
ab-test-000138,0,0.004097282100531046,0,0.23730266913355372,available
ab-test-000139,0,0.001106541676515482,0,0.23730266913355372,available
ab-test-000140,0,0.007567177135243609,0,0.23730266913355372,available
ab-test-000141,0,0.033605272690395746,0,0.23730266913355372,available
ab-test-000142,0,0.003015425578915959,0,0.23730266913355372,available
ab-test-000143,0,0.004445156310944634,0,0.23730266913355372,available
ab-test-000144,0,0.0024336524477227383,0,0.23730266913355372,available
ab-test-000145,0,0.0063020676008805005,0,0.23730266913355372,available
ab-test-000146,0,0.006317938708510428,0,0.23730266913355372,available
ab-test-000147,0,0.0030450713536171684,0,0.23730266913355372,available
ab-test-000148,0,0.02560224477281204,0,0.23730266913355372,available
ab-test-000149,0,0.00857701947113422,0,0.23730266913355372,available
ab-test-000150,0,0.01089956031407261,0,0.23730266913355372,available
ab-test-000151,1,0.8751125458779443,1,0.23730266913355372,available
ab-test-000152,0,0.007518421166180214,0,0.23730266913355372,available
ab-test-000153,1,0.9788079162063433,1,0.23730266913355372,available
ab-test-000154,0,0.047771500321492175,0,0.23730266913355372,available
ab-test-000155,1,0.9131649525154769,1,0.23730266913355372,available
ab-test-000156,0,0.007954340580888881,0,0.23730266913355372,available
ab-test-000157,0,0.002453018299229339,0,0.23730266913355372,available
ab-test-000158,0,0.009883925139111474,0,0.23730266913355372,available
ab-test-000159,0,0.0018263127667346027,0,0.23730266913355372,available
ab-test-000160,1,0.9807350970746088,1,0.23730266913355372,available
ab-test-000161,0,0.0017471957214069119,0,0.23730266913355372,available
ab-test-000162,0,0.006354545898588885,0,0.23730266913355372,available
ab-test-000163,1,0.9686232580896538,1,0.23730266913355372,available
ab-test-000164,0,0.0014793070353422086,0,0.23730266913355372,available
ab-test-000165,0,0.006598192513658224,0,0.23730266913355372,available
ab-test-000166,0,0.027014978689643063,0,0.23730266913355372,available
ab-test-000167,0,0.00980102245369088,0,0.23730266913355372,available
ab-test-000168,0,0.034970856539374456,0,0.23730266913355372,available
ab-test-000169,0,0.006463552598338314,0,0.23730266913355372,available
ab-test-000170,0,0.01342599106614997,0,0.23730266913355372,available
ab-test-000171,0,0.1151396039452198,0,0.23730266913355372,available
ab-test-000172,0,0.027688809953729455,0,0.23730266913355372,available
ab-test-000173,0,0.0018567559292326746,0,0.23730266913355372,available
ab-test-000174,0,0.0006349749615125671,0,0.23730266913355372,available
ab-test-000175,0,0.0038623105151126703,0,0.23730266913355372,available
ab-test-000176,0,0.0064594920189167074,0,0.23730266913355372,available
ab-test-000177,0,0.0028850316230880006,0,0.23730266913355372,available
ab-test-000178,1,0.9027835051843368,1,0.23730266913355372,available
ab-test-000179,0,0.057846006032478005,0,0.23730266913355372,available
ab-test-000180,0,0.0026441612914270577,0,0.23730266913355372,available
ab-test-000181,1,0.3421959189712984,1,0.23730266913355372,available
ab-test-000182,0,0.013173719620490338,0,0.23730266913355372,available
ab-test-000183,0,0.0032984625286271367,0,0.23730266913355372,available
ab-test-000184,1,0.24345196196670107,1,0.23730266913355372,available
ab-test-000185,0,0.012668347797689584,0,0.23730266913355372,available
ab-test-000186,1,0.9872400866582998,1,0.23730266913355372,available
ab-test-000187,0,0.015042268243816735,0,0.23730266913355372,available
ab-test-000188,0,0.004436746150214865,0,0.23730266913355372,available
ab-test-000189,0,0.008794443792803955,0,0.23730266913355372,available
ab-test-000190,0,0.0034190900871251856,0,0.23730266913355372,available
ab-test-000191,0,0.004192103820923723,0,0.23730266913355372,available
ab-test-000192,0,0.01279124818084362,0,0.23730266913355372,available
ab-test-000193,0,0.0009119309127040062,0,0.23730266913355372,available
ab-test-000194,0,0.0033948520135271523,0,0.23730266913355372,available
ab-test-000195,0,0.012263610302912616,0,0.23730266913355372,available
ab-test-000196,0,0.014899105309581225,0,0.23730266913355372,available
ab-test-000197,0,0.00424001132336177,0,0.23730266913355372,available
ab-test-000198,0,0.004449657279270137,0,0.23730266913355372,available
ab-test-000199,0,0.005262085184490388,0,0.23730266913355372,available
ab-test-000200,0,0.00148294195501384,0,0.23730266913355372,available
ab-test-000201,1,0.6775588882337346,1,0.23730266913355372,available
ab-test-000202,0,0.004106770124056523,0,0.23730266913355372,available
ab-test-000203,0,0.018713150831747245,0,0.23730266913355372,available
ab-test-000204,0,0.19201608615496116,0,0.23730266913355372,available
ab-test-000205,1,0.9952225009859913,1,0.23730266913355372,available
ab-test-000206,0,0.006535930678541495,0,0.23730266913355372,available
ab-test-000207,0,0.003077936209111896,0,0.23730266913355372,available
ab-test-000208,1,0.9098291148973705,1,0.23730266913355372,available
ab-test-000209,0,0.0033325481594894597,0,0.23730266913355372,available
ab-test-000210,0,0.014860026918562136,0,0.23730266913355372,available
ab-test-000211,0,0.003862673224085084,0,0.23730266913355372,available
ab-test-000212,0,0.002745229001646935,0,0.23730266913355372,available
ab-test-000213,0,0.009773975344106544,0,0.23730266913355372,available
ab-test-000214,1,0.9680319686139676,1,0.23730266913355372,available
ab-test-000215,0,0.001401037648122478,0,0.23730266913355372,available
ab-test-000216,0,0.0011470066754348553,0,0.23730266913355372,available
ab-test-000217,0,0.001455458450125579,0,0.23730266913355372,available
ab-test-000218,0,0.0005946837529430237,0,0.23730266913355372,available
ab-test-000219,0,0.006207062344770457,0,0.23730266913355372,available
ab-test-000220,0,0.0008702038526967234,0,0.23730266913355372,available
ab-test-000221,0,0.002112414582411909,0,0.23730266913355372,available
ab-test-000222,0,0.0033680217725059365,0,0.23730266913355372,available
ab-test-000223,0,0.0017913673735826556,0,0.23730266913355372,available
ab-test-000224,0,0.003325143125008744,0,0.23730266913355372,available
ab-test-000225,0,0.017027800366894708,0,0.23730266913355372,available
ab-test-000226,0,0.04603798025143369,0,0.23730266913355372,available
ab-test-000227,0,0.001762708856333823,0,0.23730266913355372,available
ab-test-000228,0,0.0052308806922781595,0,0.23730266913355372,available
ab-test-000229,1,0.9982521641385594,1,0.23730266913355372,available
ab-test-000230,0,0.03167269856172255,0,0.23730266913355372,available
ab-test-000231,0,0.007309226741538172,0,0.23730266913355372,available
ab-test-000232,0,0.007888241349831168,0,0.23730266913355372,available
ab-test-000233,0,0.0041553051508768715,0,0.23730266913355372,available
ab-test-000234,0,0.005878190371776092,0,0.23730266913355372,available
ab-test-000235,0,0.005469217932522859,0,0.23730266913355372,available
ab-test-000236,0,0.0010569571257798027,0,0.23730266913355372,available
ab-test-000237,1,0.9764535937111509,1,0.23730266913355372,available
ab-test-000238,0,0.0018499018514815963,0,0.23730266913355372,available
ab-test-000239,0,0.011571552169998833,0,0.23730266913355372,available
ab-test-000240,0,0.0025270912064125147,0,0.23730266913355372,available
ab-test-000241,0,0.002891433697893123,0,0.23730266913355372,available
ab-test-000242,0,0.021926446478266987,0,0.23730266913355372,available
ab-test-000243,0,0.005023534829300342,0,0.23730266913355372,available
ab-test-000244,0,0.0005128173586995218,0,0.23730266913355372,available
ab-test-000245,1,0.9803696137553325,1,0.23730266913355372,available
ab-test-000246,0,0.010575358614095223,0,0.23730266913355372,available
ab-test-000247,0,0.035859969673102655,0,0.23730266913355372,available
ab-test-000248,0,0.0010022111533143415,0,0.23730266913355372,available
ab-test-000249,0,0.0031656041481732495,0,0.23730266913355372,available
ab-test-000250,0,0.0021340400598783057,0,0.23730266913355372,available
ab-test-000251,0,0.017181114606352445,0,0.23730266913355372,available
ab-test-000252,0,0.0010128675470666866,0,0.23730266913355372,available
ab-test-000253,0,0.024786328707966175,0,0.23730266913355372,available
ab-test-000254,0,0.006201731262943064,0,0.23730266913355372,available
ab-test-000255,0,0.0027539201932443623,0,0.23730266913355372,available
ab-test-000256,0,0.004423098955456413,0,0.23730266913355372,available
ab-test-000257,0,0.00565392430137916,0,0.23730266913355372,available
ab-test-000258,0,0.009712524577789743,0,0.23730266913355372,available
ab-test-000259,0,0.009342597773762513,0,0.23730266913355372,available
ab-test-000260,0,0.0025036121920329795,0,0.23730266913355372,available
ab-test-000261,0,0.05281502222094938,0,0.23730266913355372,available
ab-test-000262,0,0.003019095114296295,0,0.23730266913355372,available
ab-test-000263,0,0.007931068529555076,0,0.23730266913355372,available
ab-test-000264,0,0.003268444877453594,0,0.23730266913355372,available
ab-test-000265,0,0.0007812838883303039,0,0.23730266913355372,available
ab-test-000266,0,0.001932291659375939,0,0.23730266913355372,available
ab-test-000267,0,0.0016252022537383312,0,0.23730266913355372,available
ab-test-000268,0,0.0016631425311035173,0,0.23730266913355372,available
ab-test-000269,0,0.016940467464984805,0,0.23730266913355372,available
ab-test-000270,0,0.026702474392771243,0,0.23730266913355372,available
ab-test-000271,0,0.0029078707059742815,0,0.23730266913355372,available
ab-test-000272,0,0.0022493293433583986,0,0.23730266913355372,available
ab-test-000273,0,0.0412908286948911,0,0.23730266913355372,available
ab-test-000274,0,0.04162359166306935,0,0.23730266913355372,available
ab-test-000275,0,0.00148294195501384,0,0.23730266913355372,available
ab-test-000276,0,0.002857985288479694,0,0.23730266913355372,available
ab-test-000277,0,0.1856026119936207,0,0.23730266913355372,available
ab-test-000278,0,0.003635218374838101,0,0.23730266913355372,available
ab-test-000279,0,0.004923640165939724,0,0.23730266913355372,available
ab-test-000280,0,0.001244106888184003,0,0.23730266913355372,available
ab-test-000281,0,0.002255350746634885,0,0.23730266913355372,available
ab-test-000282,0,0.0194033740645717,0,0.23730266913355372,available
ab-test-000283,0,0.0005941179569409534,0,0.23730266913355372,available
ab-test-000284,0,0.0020467958007960147,0,0.23730266913355372,available
ab-test-000285,0,0.0010763009770738178,0,0.23730266913355372,available
ab-test-000286,0,0.011200693912132735,0,0.23730266913355372,available
ab-test-000287,0,0.0016929011804553695,0,0.23730266913355372,available
ab-test-000288,0,0.017551414218030168,0,0.23730266913355372,available
ab-test-000289,0,0.01524293478139709,0,0.23730266913355372,available
ab-test-000290,0,0.0018848884802217956,0,0.23730266913355372,available
ab-test-000291,0,0.0005961686881217012,0,0.23730266913355372,available
ab-test-000292,0,0.008205467181179283,0,0.23730266913355372,available
ab-test-000293,0,0.004495865183349621,0,0.23730266913355372,available
ab-test-000294,0,0.006852613891314456,0,0.23730266913355372,available
ab-test-000295,0,0.010160236413098076,0,0.23730266913355372,available
ab-test-000296,1,0.9919914819428173,1,0.23730266913355372,available
ab-test-000297,0,0.0035849666483393806,0,0.23730266913355372,available
ab-test-000298,0,0.002454317181557788,0,0.23730266913355372,available
ab-test-000299,0,0.001547965599710138,0,0.23730266913355372,available
ab-test-000300,0,0.011418135871025524,0,0.23730266913355372,available
ab-test-000301,0,0.005946723992179279,0,0.23730266913355372,available
ab-test-000302,0,0.0009447272081683752,0,0.23730266913355372,available
ab-test-000303,0,0.013005558737633892,0,0.23730266913355372,available
ab-test-000304,0,0.0032715896329838174,0,0.23730266913355372,available
ab-test-000305,0,0.009563270358929695,0,0.23730266913355372,available
ab-test-000306,0,0.02302680397925544,0,0.23730266913355372,available
ab-test-000307,1,0.9753688827028796,1,0.23730266913355372,available
ab-test-000308,1,0.9329243551710101,1,0.23730266913355372,available
ab-test-000309,0,0.015895423626021428,0,0.23730266913355372,available
ab-test-000310,0,0.015806803008358225,0,0.23730266913355372,available
ab-test-000311,1,0.913782438435053,1,0.23730266913355372,available
ab-test-000312,0,0.009617961093244275,0,0.23730266913355372,available
ab-test-000313,0,0.048468247275887236,0,0.23730266913355372,available
ab-test-000314,1,0.9942046504203901,1,0.23730266913355372,available
ab-test-000315,0,0.00813690806599905,0,0.23730266913355372,available
ab-test-000316,0,0.008939378703203294,0,0.23730266913355372,available
ab-test-000317,0,0.005677677086700372,0,0.23730266913355372,available
ab-test-000318,1,0.8956268558579713,1,0.23730266913355372,available
ab-test-000319,0,0.0034479994394380673,0,0.23730266913355372,available
ab-test-000320,0,0.014991902037686385,0,0.23730266913355372,available
ab-test-000321,0,0.001767804086798516,0,0.23730266913355372,available
ab-test-000322,0,0.003429020890310628,0,0.23730266913355372,available
ab-test-000323,0,0.003191143852788452,0,0.23730266913355372,available
ab-test-000324,0,0.02330167681754029,0,0.23730266913355372,available
ab-test-000325,0,0.001470446038271113,0,0.23730266913355372,available
ab-test-000326,0,0.002243227273741186,0,0.23730266913355372,available
ab-test-000327,0,0.0038539585355482847,0,0.23730266913355372,available
ab-test-000328,0,0.0015420146055334437,0,0.23730266913355372,available
ab-test-000329,1,0.1947292204754891,0,0.23730266913355372,available
ab-test-000330,0,0.0032888615347908975,0,0.23730266913355372,available
ab-test-000331,1,0.9534975643437987,1,0.23730266913355372,available
ab-test-000332,0,0.0021778392747807624,0,0.23730266913355372,available
ab-test-000333,0,0.00334925615514964,0,0.23730266913355372,available
ab-test-000334,0,0.004463331437461625,0,0.23730266913355372,available
ab-test-000335,0,0.007898306021101092,0,0.23730266913355372,available
ab-test-000336,0,0.028807813334881426,0,0.23730266913355372,available
ab-test-000337,1,0.9621050115971839,1,0.23730266913355372,available
ab-test-000338,0,0.004357099582275656,0,0.23730266913355372,available
ab-test-000339,0,0.018138407974043674,0,0.23730266913355372,available
ab-test-000340,0,0.004054674124057989,0,0.23730266913355372,available
ab-test-000341,0,0.43862159333676565,1,0.23730266913355372,available
ab-test-000342,0,0.0056151595413926475,0,0.23730266913355372,available
ab-test-000343,0,0.12437038141232298,0,0.23730266913355372,available
ab-test-000344,0,0.003376533599991816,0,0.23730266913355372,available
ab-test-000345,0,0.01766476750625043,0,0.23730266913355372,available
ab-test-000346,1,0.8668816876761447,1,0.23730266913355372,available
ab-test-000347,0,0.007443657457395133,0,0.23730266913355372,available
ab-test-000348,0,0.0029397076485471554,0,0.23730266913355372,available
ab-test-000349,0,0.021143422958771557,0,0.23730266913355372,available
ab-test-000350,0,0.0035532472918166093,0,0.23730266913355372,available
ab-test-000351,0,0.004419511866694897,0,0.23730266913355372,available
ab-test-000352,0,0.003247635870365887,0,0.23730266913355372,available
ab-test-000353,0,0.00454791703035305,0,0.23730266913355372,available
ab-test-000354,0,0.005669864708995197,0,0.23730266913355372,available
ab-test-000355,0,0.007127437285503802,0,0.23730266913355372,available
ab-test-000356,0,0.05934319841800535,0,0.23730266913355372,available
ab-test-000357,0,0.010173896215068,0,0.23730266913355372,available
ab-test-000358,0,0.007568598783531071,0,0.23730266913355372,available
ab-test-000359,0,0.0019327112956159516,0,0.23730266913355372,available
ab-test-000360,0,0.020147262603154657,0,0.23730266913355372,available
ab-test-000361,0,0.028833443796208308,0,0.23730266913355372,available
ab-test-000362,0,0.004906449002665804,0,0.23730266913355372,available
ab-test-000363,0,0.0012405193909784684,0,0.23730266913355372,available
ab-test-000364,0,0.0013004528989150848,0,0.23730266913355372,available
ab-test-000365,1,0.965747118453207,1,0.23730266913355372,available
ab-test-000366,0,0.021363753446152073,0,0.23730266913355372,available
ab-test-000367,0,0.0031047369203588537,0,0.23730266913355372,available
ab-test-000368,0,0.02046612681129734,0,0.23730266913355372,available
ab-test-000369,0,0.004864849055304066,0,0.23730266913355372,available
ab-test-000370,0,0.06323404860997929,0,0.23730266913355372,available
ab-test-000371,1,0.9876846508039964,1,0.23730266913355372,available
ab-test-000372,0,0.002660586364485011,0,0.23730266913355372,available
ab-test-000373,0,0.004043478780842834,0,0.23730266913355372,available
ab-test-000374,0,0.005935415614913784,0,0.23730266913355372,available
ab-test-000375,0,0.0009089144233666242,0,0.23730266913355372,available
ab-test-000376,0,0.0012551386648904895,0,0.23730266913355372,available
ab-test-000377,0,0.038900185205459105,0,0.23730266913355372,available
ab-test-000378,0,0.006322603901081202,0,0.23730266913355372,available
ab-test-000379,1,0.9048646818864126,1,0.23730266913355372,available
ab-test-000380,0,0.0037924821328659654,0,0.23730266913355372,available
ab-test-000381,0,0.015478734393003962,0,0.23730266913355372,available
ab-test-000382,0,0.0033004630358243647,0,0.23730266913355372,available
ab-test-000383,0,0.004135542031779926,0,0.23730266913355372,available
ab-test-000384,1,0.9704012148133551,1,0.23730266913355372,available
ab-test-000385,0,0.0013774046736204824,0,0.23730266913355372,available
ab-test-000386,0,0.08950439630984108,0,0.23730266913355372,available
ab-test-000387,0,0.0017974784721650032,0,0.23730266913355372,available
ab-test-000388,0,0.00567947386420333,0,0.23730266913355372,available
ab-test-000389,1,0.9747445403691157,1,0.23730266913355372,available
ab-test-000390,0,0.02907671473524221,0,0.23730266913355372,available
ab-test-000391,0,0.019559177450401682,0,0.23730266913355372,available
ab-test-000392,0,0.0016462993236811465,0,0.23730266913355372,available
ab-test-000393,0,0.013202545760098315,0,0.23730266913355372,available
ab-test-000394,0,0.01569373217034744,0,0.23730266913355372,available
ab-test-000395,0,0.005489765768342011,0,0.23730266913355372,available
ab-test-000396,0,0.024890247627926312,0,0.23730266913355372,available
ab-test-000397,0,0.003228883589709861,0,0.23730266913355372,available
ab-test-000398,0,0.0014634339276442488,0,0.23730266913355372,available
ab-test-000399,1,0.6227275347422283,1,0.23730266913355372,available
ab-test-000400,0,0.0013257352041146655,0,0.23730266913355372,available
ab-test-000401,1,0.9195633215104068,1,0.23730266913355372,available
ab-test-000402,1,0.9881005820248907,1,0.23730266913355372,available
ab-test-000403,0,0.0031478946261628963,0,0.23730266913355372,available
ab-test-000404,1,0.5761812891017953,1,0.23730266913355372,available
ab-test-000405,0,0.003353270148019726,0,0.23730266913355372,available
ab-test-000406,0,0.30458418079252225,1,0.23730266913355372,available
ab-test-000407,0,0.0678953344944534,0,0.23730266913355372,available
ab-test-000408,0,0.01028269272319441,0,0.23730266913355372,available
ab-test-000409,0,0.14939130149295735,0,0.23730266913355372,available
ab-test-000410,0,0.06281656370152501,0,0.23730266913355372,available
ab-test-000411,0,0.018206424847822526,0,0.23730266913355372,available
ab-test-000412,1,0.7517689351127478,1,0.23730266913355372,available
ab-test-000413,0,0.01309038268655264,0,0.23730266913355372,available
ab-test-000414,0,0.002279868793023006,0,0.23730266913355372,available
ab-test-000415,0,0.00014418651557526464,0,0.23730266913355372,available
ab-test-000416,0,0.029203686062398274,0,0.23730266913355372,available
ab-test-000417,0,0.002396237319234183,0,0.23730266913355372,available
ab-test-000418,0,0.008991626933293454,0,0.23730266913355372,available
ab-test-000419,1,0.9496166940880365,1,0.23730266913355372,available
ab-test-000420,0,0.014937338359574108,0,0.23730266913355372,available
ab-test-000421,1,0.9598608640922169,1,0.23730266913355372,available
ab-test-000422,0,0.0531158834381085,0,0.23730266913355372,available
ab-test-000423,0,0.0018413530125264408,0,0.23730266913355372,available
ab-test-000424,0,0.002754836656253698,0,0.23730266913355372,available
ab-test-000425,0,0.0037165456682896982,0,0.23730266913355372,available
ab-test-000426,0,0.00990690080939629,0,0.23730266913355372,available
ab-test-000427,0,0.009714892956533326,0,0.23730266913355372,available
ab-test-000428,0,0.004343461070627617,0,0.23730266913355372,available
ab-test-000429,0,0.0514806546353485,0,0.23730266913355372,available
ab-test-000430,0,0.13924381154515242,0,0.23730266913355372,available
ab-test-000431,1,0.5816927159874937,1,0.23730266913355372,available
ab-test-000432,0,0.008694342263806587,0,0.23730266913355372,available
ab-test-000433,0,0.005706094132632701,0,0.23730266913355372,available
ab-test-000434,0,0.014751114805321847,0,0.23730266913355372,available
ab-test-000435,0,0.0035495790496772217,0,0.23730266913355372,available
ab-test-000436,0,0.0032199869701906854,0,0.23730266913355372,available
ab-test-000437,0,0.029160272515085173,0,0.23730266913355372,available
ab-test-000438,0,0.005186290017108589,0,0.23730266913355372,available
ab-test-000439,0,0.002766350335845357,0,0.23730266913355372,available
ab-test-000440,0,0.015470875249628773,0,0.23730266913355372,available
ab-test-000441,0,0.003020061072067839,0,0.23730266913355372,available
ab-test-000442,0,0.006860945837369851,0,0.23730266913355372,available
ab-test-000443,0,0.01787943035986964,0,0.23730266913355372,available
ab-test-000444,0,0.0015485115184593503,0,0.23730266913355372,available
ab-test-000445,0,0.0017919985325732899,0,0.23730266913355372,available
ab-test-000446,0,0.006935543410640299,0,0.23730266913355372,available
ab-test-000447,0,0.0020757332558852992,0,0.23730266913355372,available
ab-test-000448,0,0.021316558684486245,0,0.23730266913355372,available
ab-test-000449,0,0.006409128834337788,0,0.23730266913355372,available
ab-test-000450,0,0.020906032645885506,0,0.23730266913355372,available
ab-test-000451,0,0.0035631423764928703,0,0.23730266913355372,available
ab-test-000452,0,0.011371436378222978,0,0.23730266913355372,available
ab-test-000453,0,0.009540525506940623,0,0.23730266913355372,available
ab-test-000454,0,0.004310583372268163,0,0.23730266913355372,available
ab-test-000455,0,0.0011151726157541814,0,0.23730266913355372,available
ab-test-000456,0,0.002637867209326706,0,0.23730266913355372,available
ab-test-000457,0,0.004305848223144928,0,0.23730266913355372,available
ab-test-000458,0,0.008529521035690879,0,0.23730266913355372,available
ab-test-000459,0,0.004753734761023244,0,0.23730266913355372,available
ab-test-000460,0,0.001982536329900737,0,0.23730266913355372,available
ab-test-000461,0,0.004093585950455977,0,0.23730266913355372,available
ab-test-000462,0,0.02185222861727357,0,0.23730266913355372,available
ab-test-000463,0,0.005675560456474072,0,0.23730266913355372,available
ab-test-000464,0,0.0046727219354344264,0,0.23730266913355372,available
ab-test-000465,0,0.0076695604794951395,0,0.23730266913355372,available
ab-test-000466,0,0.044839770690540105,0,0.23730266913355372,available
ab-test-000467,0,0.0032892435771322563,0,0.23730266913355372,available
ab-test-000468,0,0.0037975252815200824,0,0.23730266913355372,available
ab-test-000469,0,0.0024940324658312227,0,0.23730266913355372,available
ab-test-000470,0,0.003234711420478062,0,0.23730266913355372,available
ab-test-000471,0,0.0113833744553019,0,0.23730266913355372,available
ab-test-000472,0,0.001286541302684714,0,0.23730266913355372,available
ab-test-000473,0,0.012968900155658322,0,0.23730266913355372,available
ab-test-000474,1,0.8577873506880407,1,0.23730266913355372,available
ab-test-000475,0,0.002908881741241765,0,0.23730266913355372,available
ab-test-000476,0,0.0034650096625103086,0,0.23730266913355372,available
ab-test-000477,0,0.02353975179494044,0,0.23730266913355372,available
ab-test-000478,0,0.004330914049118228,0,0.23730266913355372,available
ab-test-000479,0,0.010936369455204806,0,0.23730266913355372,available
ab-test-000480,0,0.0035504063604318297,0,0.23730266913355372,available
ab-test-000481,0,0.003054201477221407,0,0.23730266913355372,available
ab-test-000482,0,0.010611966142616272,0,0.23730266913355372,available
ab-test-000483,0,0.001881722651103486,0,0.23730266913355372,available
ab-test-000484,0,0.008098655607715765,0,0.23730266913355372,available
ab-test-000485,0,0.02181432515521573,0,0.23730266913355372,available
ab-test-000486,0,0.0029194814563423582,0,0.23730266913355372,available
ab-test-000487,0,0.01026688679214357,0,0.23730266913355372,available
ab-test-000488,0,0.005672489583873555,0,0.23730266913355372,available
ab-test-000489,0,0.09025354267851494,0,0.23730266913355372,available
ab-test-000490,0,0.002277300543874527,0,0.23730266913355372,available
ab-test-000491,0,0.003180892674012698,0,0.23730266913355372,available
ab-test-000492,0,0.0005613440708332751,0,0.23730266913355372,available
ab-test-000493,0,0.0008270956439827723,0,0.23730266913355372,available
ab-test-000494,1,0.9771725110716233,1,0.23730266913355372,available
ab-test-000495,0,0.0008437502252565233,0,0.23730266913355372,available
ab-test-000496,0,0.03214298940619188,0,0.23730266913355372,available
ab-test-000497,0,0.006375652494134317,0,0.23730266913355372,available
ab-test-000498,0,0.0031244361546017736,0,0.23730266913355372,available
ab-test-000499,0,0.4221671296817856,1,0.23730266913355372,available
ab-test-000500,0,0.0011973521395189425,0,0.23730266913355372,available
ab-test-000501,0,0.00824870018634127,0,0.23730266913355372,available
ab-test-000502,1,0.9212767356908982,1,0.23730266913355372,available
ab-test-000503,0,0.011298620236603222,0,0.23730266913355372,available
ab-test-000504,1,0.4427484899837989,1,0.23730266913355372,available
ab-test-000505,0,0.0030502705354225317,0,0.23730266913355372,available
ab-test-000506,0,0.016805791789618864,0,0.23730266913355372,available
ab-test-000507,0,0.0009642707521132114,0,0.23730266913355372,available
ab-test-000508,1,0.9600632645708342,1,0.23730266913355372,available
ab-test-000509,0,0.022887868594447698,0,0.23730266913355372,available
ab-test-000510,0,0.008775030167201195,0,0.23730266913355372,available
ab-test-000511,0,0.0017920538689158475,0,0.23730266913355372,available
ab-test-000512,0,0.016236172954288454,0,0.23730266913355372,available
ab-test-000513,0,0.03448973333577076,0,0.23730266913355372,available
ab-test-000514,0,0.0012983595177211843,0,0.23730266913355372,available
ab-test-000515,0,0.01960905610499987,0,0.23730266913355372,available
ab-test-000516,0,0.2828568708944167,1,0.23730266913355372,available
ab-test-000517,0,0.04878481320029116,0,0.23730266913355372,available
ab-test-000518,0,0.005468382819902053,0,0.23730266913355372,available
ab-test-000519,1,0.39605870395829806,1,0.23730266913355372,available
ab-test-000520,0,0.007287958062871887,0,0.23730266913355372,available
ab-test-000521,0,0.00218850531282048,0,0.23730266913355372,available
ab-test-000522,0,0.2540937670259363,1,0.23730266913355372,available
ab-test-000523,1,0.9873958558975169,1,0.23730266913355372,available
ab-test-000524,0,0.007158325457441317,0,0.23730266913355372,available
ab-test-000525,0,0.006848836688695958,0,0.23730266913355372,available
ab-test-000526,0,0.017359632274137397,0,0.23730266913355372,available
ab-test-000527,1,0.971423495158035,1,0.23730266913355372,available
ab-test-000528,0,0.0013257414183093208,0,0.23730266913355372,available
ab-test-000529,0,0.0047273721547539185,0,0.23730266913355372,available
ab-test-000530,0,0.0027415442803245377,0,0.23730266913355372,available
ab-test-000531,0,0.0041427691634615725,0,0.23730266913355372,available
ab-test-000532,0,0.022674335774874516,0,0.23730266913355372,available
ab-test-000533,0,0.0037708787149714684,0,0.23730266913355372,available
ab-test-000534,0,0.003790331832362193,0,0.23730266913355372,available
ab-test-000535,0,0.003933744000725719,0,0.23730266913355372,available
ab-test-000536,0,0.005234187317396215,0,0.23730266913355372,available
ab-test-000537,0,0.005079728278297312,0,0.23730266913355372,available
ab-test-000538,0,0.0020240485331833005,0,0.23730266913355372,available
ab-test-000539,0,0.00994314029410891,0,0.23730266913355372,available
ab-test-000540,0,0.0031695609579263585,0,0.23730266913355372,available
ab-test-000541,0,0.30945631420522673,1,0.23730266913355372,available
ab-test-000542,0,0.017971428255173727,0,0.23730266913355372,available
ab-test-000543,0,0.001348320937103913,0,0.23730266913355372,available
ab-test-000544,1,0.16642101834725137,0,0.23730266913355372,available
ab-test-000545,0,0.0022228320896968542,0,0.23730266913355372,available
ab-test-000546,0,0.13912245394571576,0,0.23730266913355372,available
ab-test-000547,1,0.9818592023468309,1,0.23730266913355372,available
ab-test-000548,1,0.9937276588107604,1,0.23730266913355372,available
ab-test-000549,0,0.0018847728052465947,0,0.23730266913355372,available
ab-test-000550,0,0.024645185240807325,0,0.23730266913355372,available
ab-test-000551,0,0.010693943558992228,0,0.23730266913355372,available
ab-test-000552,0,0.002144719306282349,0,0.23730266913355372,available
ab-test-000553,0,0.01981365966354589,0,0.23730266913355372,available
ab-test-000554,0,0.004625549997500782,0,0.23730266913355372,available
ab-test-000555,0,0.05192603890343167,0,0.23730266913355372,available
ab-test-000556,0,0.008382031879486794,0,0.23730266913355372,available
ab-test-000557,0,0.0018151119672550895,0,0.23730266913355372,available
ab-test-000558,0,0.004467591851061634,0,0.23730266913355372,available
ab-test-000559,0,0.006461959727772093,0,0.23730266913355372,available
ab-test-000560,0,0.00365978991193192,0,0.23730266913355372,available
ab-test-000561,0,0.006490584259612761,0,0.23730266913355372,available
ab-test-000562,1,0.9103190012315471,1,0.23730266913355372,available
ab-test-000563,0,0.007394657888454266,0,0.23730266913355372,available
ab-test-000564,0,0.003396461185560466,0,0.23730266913355372,available
ab-test-000565,0,0.014467966924996647,0,0.23730266913355372,available
ab-test-000566,0,0.01108739197922885,0,0.23730266913355372,available
ab-test-000567,1,0.9953088511532566,1,0.23730266913355372,available
ab-test-000568,0,0.04362207059542432,0,0.23730266913355372,available
ab-test-000569,0,0.0028565798424225004,0,0.23730266913355372,available
ab-test-000570,0,0.0012544776155103566,0,0.23730266913355372,available
ab-test-000571,0,0.0024597098991215927,0,0.23730266913355372,available
ab-test-000572,0,0.004556567543289322,0,0.23730266913355372,available
ab-test-000573,0,0.0015625586918459535,0,0.23730266913355372,available
ab-test-000574,0,0.22340116265767362,0,0.23730266913355372,available
ab-test-000575,0,0.011895351345999762,0,0.23730266913355372,available
ab-test-000576,0,0.007825734904822182,0,0.23730266913355372,available
ab-test-000577,0,0.001256322409991633,0,0.23730266913355372,available
ab-test-000578,0,0.012056462824757993,0,0.23730266913355372,available
ab-test-000579,0,0.0007483654873173548,0,0.23730266913355372,available
ab-test-000580,0,0.002064944063515282,0,0.23730266913355372,available
ab-test-000581,0,0.004529257601557501,0,0.23730266913355372,available
ab-test-000582,0,0.004445748152382786,0,0.23730266913355372,available
ab-test-000583,0,0.006720040802286162,0,0.23730266913355372,available
ab-test-000584,0,0.04892848637837898,0,0.23730266913355372,available
ab-test-000585,0,0.006205579660650652,0,0.23730266913355372,available
ab-test-000586,0,0.003980654409802864,0,0.23730266913355372,available
ab-test-000587,0,0.0018360132123637384,0,0.23730266913355372,available
ab-test-000588,0,0.014175205511729464,0,0.23730266913355372,available
ab-test-000589,0,0.011643177472384645,0,0.23730266913355372,available
ab-test-000590,0,0.007916962450516308,0,0.23730266913355372,available
ab-test-000591,0,0.0014102852775828467,0,0.23730266913355372,available
ab-test-000592,0,0.003461021462766352,0,0.23730266913355372,available
ab-test-000593,0,0.0018837748981549176,0,0.23730266913355372,available
ab-test-000594,0,0.014847284030635453,0,0.23730266913355372,available
ab-test-000595,0,0.009536963391694624,0,0.23730266913355372,available
ab-test-000596,0,0.46170491678446285,1,0.23730266913355372,available
ab-test-000597,1,0.8526175434283976,1,0.23730266913355372,available
ab-test-000598,0,0.003839836659330675,0,0.23730266913355372,available
ab-test-000599,0,0.19647045820473913,0,0.23730266913355372,available
ab-test-000600,0,0.015477442922546101,0,0.23730266913355372,available
ab-test-000601,0,0.016589833994784368,0,0.23730266913355372,available
ab-test-000602,0,0.001481388249032843,0,0.23730266913355372,available
ab-test-000603,0,0.007884195308625759,0,0.23730266913355372,available
ab-test-000604,0,0.003100913256564004,0,0.23730266913355372,available
ab-test-000605,0,0.03747663944511325,0,0.23730266913355372,available
ab-test-000606,0,0.014725182576308428,0,0.23730266913355372,available
ab-test-000607,0,0.013193876715793456,0,0.23730266913355372,available
ab-test-000608,0,0.2408976496048399,1,0.23730266913355372,available
ab-test-000609,0,0.005160207080549935,0,0.23730266913355372,available
ab-test-000610,0,0.008065242217157317,0,0.23730266913355372,available
ab-test-000611,0,0.011074711470907064,0,0.23730266913355372,available
ab-test-000612,0,0.001277185238766992,0,0.23730266913355372,available
ab-test-000613,1,0.9343933471979665,1,0.23730266913355372,available
ab-test-000614,0,0.00587564042250592,0,0.23730266913355372,available
ab-test-000615,0,0.0067062089834201005,0,0.23730266913355372,available
ab-test-000616,0,0.004286927647062524,0,0.23730266913355372,available
ab-test-000617,0,0.0009596781233376873,0,0.23730266913355372,available
ab-test-000618,1,0.8286356336801487,1,0.23730266913355372,available
ab-test-000619,0,0.004618834815770388,0,0.23730266913355372,available
ab-test-000620,0,0.007591455643380969,0,0.23730266913355372,available
ab-test-000621,0,0.019777406506521187,0,0.23730266913355372,available
ab-test-000622,0,0.2648217352902795,1,0.23730266913355372,available
ab-test-000623,0,0.015509059826473742,0,0.23730266913355372,available
ab-test-000624,1,0.996877506690882,1,0.23730266913355372,available
ab-test-000625,0,0.0030501995630492005,0,0.23730266913355372,available
ab-test-000626,0,0.013239156353366862,0,0.23730266913355372,available
ab-test-000627,0,0.001042541956087729,0,0.23730266913355372,available
ab-test-000628,0,0.01258542084790311,0,0.23730266913355372,available
ab-test-000629,0,0.0020590080136305656,0,0.23730266913355372,available
ab-test-000630,0,0.01593573354249563,0,0.23730266913355372,available
ab-test-000631,0,0.0008817453517005984,0,0.23730266913355372,available
ab-test-000632,1,0.9785518591843972,1,0.23730266913355372,available
ab-test-000633,0,0.002172580446750381,0,0.23730266913355372,available
ab-test-000634,0,0.011482512001817904,0,0.23730266913355372,available
ab-test-000635,0,0.007047899520686933,0,0.23730266913355372,available
ab-test-000636,0,0.014218513971129242,0,0.23730266913355372,available
ab-test-000637,0,0.08189737890844395,0,0.23730266913355372,available
ab-test-000638,0,0.008962787088410496,0,0.23730266913355372,available
ab-test-000639,0,0.32474215701054504,1,0.23730266913355372,available
ab-test-000640,0,0.02201661449476609,0,0.23730266913355372,available
ab-test-000641,1,0.7523215526563745,1,0.23730266913355372,available
ab-test-000642,0,0.008749045399230644,0,0.23730266913355372,available
ab-test-000643,0,0.00459949558965247,0,0.23730266913355372,available
ab-test-000644,0,0.0020556020515537063,0,0.23730266913355372,available
ab-test-000645,0,0.0074540283075118195,0,0.23730266913355372,available
ab-test-000646,0,0.004199239811508794,0,0.23730266913355372,available
ab-test-000647,1,0.9663624734713392,1,0.23730266913355372,available
ab-test-000648,0,0.0022282401779814467,0,0.23730266913355372,available
ab-test-000649,0,0.001629289432197124,0,0.23730266913355372,available
ab-test-000650,0,0.0049658154606456485,0,0.23730266913355372,available
ab-test-000651,0,0.002602016763109524,0,0.23730266913355372,available
ab-test-000652,0,0.0026592543759817134,0,0.23730266913355372,available
ab-test-000653,0,0.004660316246025806,0,0.23730266913355372,available
ab-test-000654,0,0.002679349491980677,0,0.23730266913355372,available
ab-test-000655,0,0.0022623379475878694,0,0.23730266913355372,available
ab-test-000656,0,0.008807902010118282,0,0.23730266913355372,available
ab-test-000657,0,0.008072775968337451,0,0.23730266913355372,available
ab-test-000658,0,0.006062523470484034,0,0.23730266913355372,available
ab-test-000659,1,0.7283249383202625,1,0.23730266913355372,available
ab-test-000660,0,0.004689229442444114,0,0.23730266913355372,available
ab-test-000661,0,0.0070970622103641206,0,0.23730266913355372,available
ab-test-000662,0,0.001243447989185808,0,0.23730266913355372,available
ab-test-000663,0,0.009845300580060916,0,0.23730266913355372,available
ab-test-000664,0,0.003155136153032979,0,0.23730266913355372,available
ab-test-000665,1,0.04291260460980391,0,0.23730266913355372,available
ab-test-000666,0,0.0018890587426015136,0,0.23730266913355372,available
ab-test-000667,1,0.9250975134317184,1,0.23730266913355372,available
ab-test-000668,0,0.011156319387991321,0,0.23730266913355372,available
ab-test-000669,0,0.01162100454328742,0,0.23730266913355372,available
ab-test-000670,0,0.00751440271556029,0,0.23730266913355372,available
ab-test-000671,0,0.03659233934184648,0,0.23730266913355372,available
ab-test-000672,0,0.012355604275164718,0,0.23730266913355372,available
ab-test-000673,1,0.9511843783190217,1,0.23730266913355372,available
ab-test-000674,0,0.0030745567865484297,0,0.23730266913355372,available
ab-test-000675,0,0.0010399036842388418,0,0.23730266913355372,available
ab-test-000676,0,0.0012950802389900943,0,0.23730266913355372,available
ab-test-000677,0,0.004488778878845637,0,0.23730266913355372,available
ab-test-000678,0,0.011928903575700096,0,0.23730266913355372,available
ab-test-000679,1,0.9671554075326964,1,0.23730266913355372,available
ab-test-000680,1,0.9639220438703006,1,0.23730266913355372,available
ab-test-000681,0,0.010069676684367842,0,0.23730266913355372,available
ab-test-000682,0,0.0034576033934136264,0,0.23730266913355372,available
ab-test-000683,0,0.00166691060367035,0,0.23730266913355372,available
ab-test-000684,0,0.004024613725484878,0,0.23730266913355372,available
ab-test-000685,0,0.004266335497647623,0,0.23730266913355372,available
ab-test-000686,1,0.9267125928303814,1,0.23730266913355372,available
ab-test-000687,0,0.0034066574564954725,0,0.23730266913355372,available
ab-test-000688,0,0.011932985927061192,0,0.23730266913355372,available
ab-test-000689,0,0.008152372449836081,0,0.23730266913355372,available
ab-test-000690,0,0.005218614357203874,0,0.23730266913355372,available
ab-test-000691,0,0.01016037535262217,0,0.23730266913355372,available
ab-test-000692,0,0.0017068230909285521,0,0.23730266913355372,available
ab-test-000693,0,0.001760099503119722,0,0.23730266913355372,available
ab-test-000694,0,0.005413838141982663,0,0.23730266913355372,available
ab-test-000695,0,0.0015320096924050233,0,0.23730266913355372,available
ab-test-000696,0,0.00346061781014704,0,0.23730266913355372,available
ab-test-000697,0,0.0022930273297132116,0,0.23730266913355372,available
ab-test-000698,0,0.015041251334789322,0,0.23730266913355372,available
ab-test-000699,0,0.00509274268095491,0,0.23730266913355372,available
ab-test-000700,0,0.0041406347915819795,0,0.23730266913355372,available
ab-test-000701,0,0.006902852352357942,0,0.23730266913355372,available
ab-test-000702,0,0.010236744572107557,0,0.23730266913355372,available
ab-test-000703,0,0.0037457415086821102,0,0.23730266913355372,available
ab-test-000704,0,0.003008420639015762,0,0.23730266913355372,available
ab-test-000705,0,0.009698989588672728,0,0.23730266913355372,available
ab-test-000706,0,0.0020689027869768744,0,0.23730266913355372,available
ab-test-000707,0,0.011987487147926005,0,0.23730266913355372,available
ab-test-000708,0,0.02854116112476273,0,0.23730266913355372,available
ab-test-000709,0,0.009878413722266574,0,0.23730266913355372,available
ab-test-000710,0,0.08141075166409673,0,0.23730266913355372,available
ab-test-000711,0,0.01429681902616006,0,0.23730266913355372,available
ab-test-000712,0,0.005987628191078186,0,0.23730266913355372,available
ab-test-000713,0,0.0016287624682393518,0,0.23730266913355372,available
ab-test-000714,1,0.9413062296396897,1,0.23730266913355372,available
ab-test-000715,0,0.011076197906633894,0,0.23730266913355372,available
ab-test-000716,0,0.0028273039502470765,0,0.23730266913355372,available
ab-test-000717,0,0.005148548316482673,0,0.23730266913355372,available
ab-test-000718,0,0.0023816701507988268,0,0.23730266913355372,available
ab-test-000719,0,0.012346159281213014,0,0.23730266913355372,available
ab-test-000720,0,0.010568920818928094,0,0.23730266913355372,available
ab-test-000721,0,0.003074721545000871,0,0.23730266913355372,available
ab-test-000722,1,0.9696071674012263,1,0.23730266913355372,available
ab-test-000723,0,0.016724781962608338,0,0.23730266913355372,available
ab-test-000724,1,0.9937399629611318,1,0.23730266913355372,available
ab-test-000725,1,0.960724815193602,1,0.23730266913355372,available
ab-test-000726,0,0.0011581753683019592,0,0.23730266913355372,available
ab-test-000727,0,0.05469180510724159,0,0.23730266913355372,available
ab-test-000728,0,0.0051523999970444455,0,0.23730266913355372,available
ab-test-000729,0,0.015058571484578674,0,0.23730266913355372,available
ab-test-000730,0,0.0019853601075277808,0,0.23730266913355372,available
ab-test-000731,0,0.014273327016016567,0,0.23730266913355372,available
ab-test-000732,0,0.013322363932888466,0,0.23730266913355372,available
ab-test-000733,0,0.011088459278237275,0,0.23730266913355372,available
ab-test-000734,0,0.05563896147482393,0,0.23730266913355372,available
ab-test-000735,1,0.9375317324989694,1,0.23730266913355372,available
ab-test-000736,0,0.0030030945974373257,0,0.23730266913355372,available
ab-test-000737,0,0.010410820780452214,0,0.23730266913355372,available
ab-test-000738,0,0.009073655687297516,0,0.23730266913355372,available
ab-test-000739,0,0.0008738287897332603,0,0.23730266913355372,available
ab-test-000740,0,0.00119096313163934,0,0.23730266913355372,available
ab-test-000741,0,0.0067062549862551245,0,0.23730266913355372,available
ab-test-000742,0,0.004248975100563046,0,0.23730266913355372,available
ab-test-000743,0,0.005467362016321219,0,0.23730266913355372,available
ab-test-000744,0,0.0018975655665849865,0,0.23730266913355372,available
ab-test-000745,1,0.7381230098669015,1,0.23730266913355372,available
ab-test-000746,1,0.07907417946374751,0,0.23730266913355372,available
ab-test-000747,0,0.058963844221312976,0,0.23730266913355372,available
ab-test-000748,0,0.21136772672834503,0,0.23730266913355372,available
ab-test-000749,0,0.0072613299818988465,0,0.23730266913355372,available
ab-test-000750,1,0.982739252707525,1,0.23730266913355372,available
ab-test-000751,0,0.0038226419956572397,0,0.23730266913355372,available
ab-test-000752,0,0.0009159103199413872,0,0.23730266913355372,available
ab-test-000753,0,0.001543920820777703,0,0.23730266913355372,available
ab-test-000754,0,0.0042342321820573806,0,0.23730266913355372,available
ab-test-000755,0,0.002718801181428069,0,0.23730266913355372,available
ab-test-000756,0,0.0068331987367191704,0,0.23730266913355372,available
ab-test-000757,0,0.007207875869634293,0,0.23730266913355372,available
ab-test-000758,0,0.004317356793801978,0,0.23730266913355372,available
ab-test-000759,0,0.014513771296941749,0,0.23730266913355372,available
ab-test-000760,0,0.01224027731348261,0,0.23730266913355372,available
ab-test-000761,0,0.002281227746639519,0,0.23730266913355372,available
ab-test-000762,0,0.002021610143778625,0,0.23730266913355372,available
ab-test-000763,0,0.010712987782763113,0,0.23730266913355372,available
ab-test-000764,0,0.0027964105222430488,0,0.23730266913355372,available
ab-test-000765,0,0.0030397404009136083,0,0.23730266913355372,available
ab-test-000766,0,0.005372107737159857,0,0.23730266913355372,available
ab-test-000767,0,0.02269270153997525,0,0.23730266913355372,available
ab-test-000768,0,0.001706800961867974,0,0.23730266913355372,available
ab-test-000769,0,0.0036540842575336885,0,0.23730266913355372,available
ab-test-000770,0,0.0027658409741208945,0,0.23730266913355372,available
ab-test-000771,0,0.014735309644452443,0,0.23730266913355372,available
ab-test-000772,1,0.9851037150672163,1,0.23730266913355372,available
ab-test-000773,0,0.0009746485541111592,0,0.23730266913355372,available
ab-test-000774,0,0.002618012694682154,0,0.23730266913355372,available
ab-test-000775,0,0.0027006885980083543,0,0.23730266913355372,available
ab-test-000776,0,0.050429662454236274,0,0.23730266913355372,available
ab-test-000777,0,0.0053475331425912286,0,0.23730266913355372,available
ab-test-000778,0,0.009646317207819461,0,0.23730266913355372,available
ab-test-000779,0,0.00925009273409757,0,0.23730266913355372,available
ab-test-000780,0,0.006833176898383427,0,0.23730266913355372,available
ab-test-000781,0,0.003986964632020602,0,0.23730266913355372,available
ab-test-000782,0,0.007446647117768604,0,0.23730266913355372,available
ab-test-000783,0,0.013918863523260551,0,0.23730266913355372,available
ab-test-000784,0,0.004825068015300308,0,0.23730266913355372,available
ab-test-000785,0,0.002276543528214446,0,0.23730266913355372,available
ab-test-000786,0,0.0027650355078293006,0,0.23730266913355372,available
ab-test-000787,0,0.005395125592823318,0,0.23730266913355372,available
ab-test-000788,0,0.004013757750848776,0,0.23730266913355372,available
ab-test-000789,0,0.012222262279415837,0,0.23730266913355372,available
ab-test-000790,0,0.0021032923553067767,0,0.23730266913355372,available
ab-test-000791,0,0.004499075421572691,0,0.23730266913355372,available
ab-test-000792,0,0.002698037743812533,0,0.23730266913355372,available
ab-test-000793,0,0.004613513487313389,0,0.23730266913355372,available
ab-test-000794,1,0.6979046740791135,1,0.23730266913355372,available
ab-test-000795,0,0.001227459324480567,0,0.23730266913355372,available
ab-test-000796,0,0.0038751290785699875,0,0.23730266913355372,available
ab-test-000797,0,0.010993863408184649,0,0.23730266913355372,available
ab-test-000798,0,0.014457849888641962,0,0.23730266913355372,available
ab-test-000799,0,0.005516019882372203,0,0.23730266913355372,available
ab-test-000800,0,0.0041071470177005435,0,0.23730266913355372,available
ab-test-000801,0,0.0013837921077628377,0,0.23730266913355372,available
ab-test-000802,0,0.0009139635191126726,0,0.23730266913355372,available
ab-test-000803,0,0.007090815935166183,0,0.23730266913355372,available
ab-test-000804,0,0.008587042961221336,0,0.23730266913355372,available
ab-test-000805,1,0.9895259759138316,1,0.23730266913355372,available
ab-test-000806,0,0.006533702407391786,0,0.23730266913355372,available
ab-test-000807,0,0.001389374274696327,0,0.23730266913355372,available
ab-test-000808,0,0.006954886620962994,0,0.23730266913355372,available
ab-test-000809,0,0.06840337920839765,0,0.23730266913355372,available
ab-test-000810,0,0.005248433089035841,0,0.23730266913355372,available
ab-test-000811,0,0.0010591434344494636,0,0.23730266913355372,available
ab-test-000812,1,0.6854584939028704,1,0.23730266913355372,available
ab-test-000813,0,0.00148294195501384,0,0.23730266913355372,available
ab-test-000814,0,0.0073235453714366,0,0.23730266913355372,available
ab-test-000815,0,0.016144555551118007,0,0.23730266913355372,available
ab-test-000816,0,0.0015528532245787363,0,0.23730266913355372,available
ab-test-000817,0,0.03015492747905065,0,0.23730266913355372,available
ab-test-000818,0,0.003964824382270555,0,0.23730266913355372,available
ab-test-000819,0,0.006922109405555202,0,0.23730266913355372,available
ab-test-000820,0,0.001342815967317884,0,0.23730266913355372,available
ab-test-000821,0,0.018598419763515325,0,0.23730266913355372,available
ab-test-000822,0,0.002953965679772093,0,0.23730266913355372,available
ab-test-000823,1,0.9287902561047853,1,0.23730266913355372,available
ab-test-000824,0,0.018737256468472373,0,0.23730266913355372,available
ab-test-000825,0,0.04751929530700233,0,0.23730266913355372,available
ab-test-000826,0,0.0026550542481998036,0,0.23730266913355372,available
ab-test-000827,0,0.0024564822539625336,0,0.23730266913355372,available
ab-test-000828,1,0.9611332526202192,1,0.23730266913355372,available
ab-test-000829,0,0.001314337551075303,0,0.23730266913355372,available
ab-test-000830,0,0.0016374303827081632,0,0.23730266913355372,available
ab-test-000831,0,0.0009910281815698164,0,0.23730266913355372,available
ab-test-000832,0,0.006108306850060919,0,0.23730266913355372,available
ab-test-000833,0,0.006830325575883749,0,0.23730266913355372,available
ab-test-000834,1,0.5845580299825364,1,0.23730266913355372,available
ab-test-000835,0,0.5691091961314744,1,0.23730266913355372,available
ab-test-000836,0,0.01585500128007967,0,0.23730266913355372,available
ab-test-000837,0,0.0015947821492817286,0,0.23730266913355372,available
ab-test-000838,0,0.005908048889142206,0,0.23730266913355372,available
ab-test-000839,1,0.7869256671379569,1,0.23730266913355372,available
ab-test-000840,0,0.0017977258444257982,0,0.23730266913355372,available
ab-test-000841,0,0.0037116133340240024,0,0.23730266913355372,available
ab-test-000842,0,0.0037280536921550445,0,0.23730266913355372,available
ab-test-000843,0,0.01370515833772378,0,0.23730266913355372,available
ab-test-000844,0,0.0034825485163309695,0,0.23730266913355372,available
ab-test-000845,0,0.0023118236996520058,0,0.23730266913355372,available
ab-test-000846,0,0.007093453975380237,0,0.23730266913355372,available
ab-test-000847,0,0.0009795871077043234,0,0.23730266913355372,available
ab-test-000848,0,0.045294684870462135,0,0.23730266913355372,available
ab-test-000849,0,0.0050152420534474605,0,0.23730266913355372,available
ab-test-000850,0,0.0068436008289010225,0,0.23730266913355372,available
ab-test-000851,0,0.01399848193843558,0,0.23730266913355372,available
ab-test-000852,0,0.002871756455875263,0,0.23730266913355372,available
ab-test-000853,0,0.002187774721621667,0,0.23730266913355372,available
ab-test-000854,0,0.0026285260970351615,0,0.23730266913355372,available
ab-test-000855,0,0.003001430781671773,0,0.23730266913355372,available
ab-test-000856,0,0.02534876457970784,0,0.23730266913355372,available
ab-test-000857,0,0.011476030629235369,0,0.23730266913355372,available
ab-test-000858,0,0.013691292566848163,0,0.23730266913355372,available
ab-test-000859,0,0.005010646292307642,0,0.23730266913355372,available
ab-test-000860,0,0.0018890587426015136,0,0.23730266913355372,available
ab-test-000861,0,0.002152112218922143,0,0.23730266913355372,available
ab-test-000862,0,0.0025971190175832354,0,0.23730266913355372,available
ab-test-000863,0,0.006138830615852216,0,0.23730266913355372,available
ab-test-000864,0,0.041127208222563764,0,0.23730266913355372,available
ab-test-000865,0,0.01315376075617321,0,0.23730266913355372,available
ab-test-000866,1,0.07566224863155772,0,0.23730266913355372,available
ab-test-000867,0,0.0026402421244071145,0,0.23730266913355372,available
ab-test-000868,0,0.0023076811429518524,0,0.23730266913355372,available
ab-test-000869,0,0.043411923949011194,0,0.23730266913355372,available
ab-test-000870,0,0.03118852121003456,0,0.23730266913355372,available
ab-test-000871,0,0.003817546386351875,0,0.23730266913355372,available
ab-test-000872,1,0.9635998460852092,1,0.23730266913355372,available
ab-test-000873,0,0.0656897130509197,0,0.23730266913355372,available
ab-test-000874,0,0.007404152832634547,0,0.23730266913355372,available
ab-test-000875,0,0.005635754646070706,0,0.23730266913355372,available
ab-test-000876,0,0.005836787914975255,0,0.23730266913355372,available
ab-test-000877,0,0.02170263877766369,0,0.23730266913355372,available
ab-test-000878,0,0.2734850351051987,1,0.23730266913355372,available
ab-test-000879,0,0.003525933585779485,0,0.23730266913355372,available
ab-test-000880,0,0.020860387619244133,0,0.23730266913355372,available
ab-test-000881,0,0.020452743095098876,0,0.23730266913355372,available
ab-test-000882,0,0.0113543512051083,0,0.23730266913355372,available
ab-test-000883,0,0.0014476323393947854,0,0.23730266913355372,available
ab-test-000884,1,0.6837704739081848,1,0.23730266913355372,available
ab-test-000885,0,0.03517131706110216,0,0.23730266913355372,available
ab-test-000886,0,0.0017400780476629814,0,0.23730266913355372,available
ab-test-000887,0,0.005658449185573012,0,0.23730266913355372,available
ab-test-000888,0,0.013384820089285668,0,0.23730266913355372,available
ab-test-000889,0,0.0025313233416552642,0,0.23730266913355372,available
ab-test-000890,0,0.009613788957691398,0,0.23730266913355372,available
ab-test-000891,0,0.0026640925293810315,0,0.23730266913355372,available
ab-test-000892,0,0.003097967618362787,0,0.23730266913355372,available
ab-test-000893,0,0.017199841724294965,0,0.23730266913355372,available
ab-test-000894,0,0.019214381202055434,0,0.23730266913355372,available
ab-test-000895,0,0.04613370380952723,0,0.23730266913355372,available
ab-test-000896,0,0.0012441436645519014,0,0.23730266913355372,available
ab-test-000897,1,0.2745329738216615,1,0.23730266913355372,available
ab-test-000898,1,0.9857899197310979,1,0.23730266913355372,available
ab-test-000899,0,0.0056297890776269705,0,0.23730266913355372,available
ab-test-000900,0,0.003629520973268391,0,0.23730266913355372,available
ab-test-000901,0,0.0015064843957246503,0,0.23730266913355372,available
ab-test-000902,0,0.0025180244405926815,0,0.23730266913355372,available
ab-test-000903,0,0.005609528960866354,0,0.23730266913355372,available
ab-test-000904,0,0.0014307848283861937,0,0.23730266913355372,available
ab-test-000905,0,0.006744757106366925,0,0.23730266913355372,available
ab-test-000906,0,0.004179689721145481,0,0.23730266913355372,available
ab-test-000907,0,0.001585009634614711,0,0.23730266913355372,available
ab-test-000908,1,0.9112739128725885,1,0.23730266913355372,available
ab-test-000909,0,0.0024793725243403017,0,0.23730266913355372,available
ab-test-000910,0,0.0025925659110331025,0,0.23730266913355372,available
ab-test-000911,0,0.008116560473921841,0,0.23730266913355372,available
ab-test-000912,0,0.004454276888427204,0,0.23730266913355372,available
ab-test-000913,0,0.02798437126490391,0,0.23730266913355372,available
ab-test-000914,0,0.5814796926413752,1,0.23730266913355372,available
ab-test-000915,0,0.006347558268581502,0,0.23730266913355372,available
ab-test-000916,0,0.01768386747932469,0,0.23730266913355372,available
ab-test-000917,0,0.04158386992224365,0,0.23730266913355372,available
ab-test-000918,0,0.00068623376251321,0,0.23730266913355372,available
ab-test-000919,1,0.8076203421480591,1,0.23730266913355372,available
ab-test-000920,0,0.0034726551936506097,0,0.23730266913355372,available
ab-test-000921,0,0.009401162581351815,0,0.23730266913355372,available
ab-test-000922,1,0.9647216833335203,1,0.23730266913355372,available
ab-test-000923,0,0.004475725945314344,0,0.23730266913355372,available
ab-test-000924,0,0.0011412348299896207,0,0.23730266913355372,available
ab-test-000925,0,0.014199300205887777,0,0.23730266913355372,available
ab-test-000926,0,0.00374293955585698,0,0.23730266913355372,available
ab-test-000927,0,0.014676975096507726,0,0.23730266913355372,available
ab-test-000928,0,0.001979246416809757,0,0.23730266913355372,available
ab-test-000929,0,0.005302964272701799,0,0.23730266913355372,available
ab-test-000930,0,0.006628820080467822,0,0.23730266913355372,available
ab-test-000931,0,0.0021130847344024433,0,0.23730266913355372,available
ab-test-000932,0,0.002002027624232876,0,0.23730266913355372,available
ab-test-000933,1,0.912267059066715,1,0.23730266913355372,available
ab-test-000934,1,0.9662559060578126,1,0.23730266913355372,available
ab-test-000935,0,0.008339999720803876,0,0.23730266913355372,available
ab-test-000936,0,0.003851693071818884,0,0.23730266913355372,available
ab-test-000937,0,0.002486201773376509,0,0.23730266913355372,available
ab-test-000938,0,0.006166367154622859,0,0.23730266913355372,available
ab-test-000939,0,0.002284078199293048,0,0.23730266913355372,available
ab-test-000940,0,0.00214225510293339,0,0.23730266913355372,available
ab-test-000941,0,0.01929805306743821,0,0.23730266913355372,available
ab-test-000942,0,0.002928630768342837,0,0.23730266913355372,available
ab-test-000943,0,0.0031483375424311124,0,0.23730266913355372,available
ab-test-000944,0,0.0068292672573859676,0,0.23730266913355372,available
ab-test-000945,1,0.49526243617760585,1,0.23730266913355372,available
ab-test-000946,0,0.0010473783220965257,0,0.23730266913355372,available
ab-test-000947,0,0.07047659795095622,0,0.23730266913355372,available
ab-test-000948,0,0.0012362931586669076,0,0.23730266913355372,available
ab-test-000949,0,0.004952061158721989,0,0.23730266913355372,available
ab-test-000950,0,0.022622481104404835,0,0.23730266913355372,available
ab-test-000951,0,0.009373820883592844,0,0.23730266913355372,available
ab-test-000952,0,0.05279591421453704,0,0.23730266913355372,available
ab-test-000953,0,0.010723893880963987,0,0.23730266913355372,available
ab-test-000954,0,0.007925201980106274,0,0.23730266913355372,available
ab-test-000955,0,0.012346629555612389,0,0.23730266913355372,available
ab-test-000956,0,0.018112308265181617,0,0.23730266913355372,available
ab-test-000957,0,0.013950249910662392,0,0.23730266913355372,available
ab-test-000958,0,0.0025541715374827047,0,0.23730266913355372,available
ab-test-000959,0,0.004399823289746431,0,0.23730266913355372,available
ab-test-000960,0,0.007216499650913706,0,0.23730266913355372,available
ab-test-000961,0,0.01282557004794237,0,0.23730266913355372,available
ab-test-000962,0,0.004253598730146643,0,0.23730266913355372,available
ab-test-000963,0,0.001065762155651939,0,0.23730266913355372,available
ab-test-000964,0,0.005466434405417445,0,0.23730266913355372,available
ab-test-000965,0,0.41648702038855157,1,0.23730266913355372,available
ab-test-000966,0,0.002095898275893414,0,0.23730266913355372,available
ab-test-000967,0,0.0011260040511464314,0,0.23730266913355372,available
ab-test-000968,0,0.002769551659413942,0,0.23730266913355372,available
ab-test-000969,0,0.00244868624023093,0,0.23730266913355372,available
ab-test-000970,1,0.14876662907908228,0,0.23730266913355372,available
ab-test-000971,0,0.0008928160527498786,0,0.23730266913355372,available
ab-test-000972,0,0.0037269004043300985,0,0.23730266913355372,available
ab-test-000973,0,0.006779319380169075,0,0.23730266913355372,available
ab-test-000974,0,0.004000648267666298,0,0.23730266913355372,available
ab-test-000975,0,0.008367728860947264,0,0.23730266913355372,available
ab-test-000976,0,0.030107224128429276,0,0.23730266913355372,available
ab-test-000977,0,0.0026700162459602117,0,0.23730266913355372,available
ab-test-000978,0,0.7788036343574619,1,0.23730266913355372,available
ab-test-000979,0,0.018623252192285968,0,0.23730266913355372,available
ab-test-000980,0,0.00148294195501384,0,0.23730266913355372,available
ab-test-000981,1,0.9444075350776096,1,0.23730266913355372,available
ab-test-000982,0,0.003964343726677588,0,0.23730266913355372,available
ab-test-000983,0,0.0065319059096253665,0,0.23730266913355372,available
ab-test-000984,0,0.002442401508665685,0,0.23730266913355372,available
ab-test-000985,0,0.004785240495076005,0,0.23730266913355372,available
ab-test-000986,0,0.004658768713257454,0,0.23730266913355372,available
ab-test-000987,0,0.003593510846531449,0,0.23730266913355372,available
ab-test-000988,0,0.001586589566077411,0,0.23730266913355372,available
ab-test-000989,0,0.0016508048773765107,0,0.23730266913355372,available
ab-test-000990,0,0.004074336152168441,0,0.23730266913355372,available
ab-test-000991,0,0.007314024186772202,0,0.23730266913355372,available
ab-test-000992,0,0.006176211208698279,0,0.23730266913355372,available
ab-test-000993,0,0.007711971257634899,0,0.23730266913355372,available
ab-test-000994,0,0.015475610293732567,0,0.23730266913355372,available
ab-test-000995,0,0.007244154424764687,0,0.23730266913355372,available
ab-test-000996,0,0.004913028556096952,0,0.23730266913355372,available
ab-test-000997,0,0.004078051955809578,0,0.23730266913355372,available
ab-test-000998,0,0.05895978504980176,0,0.23730266913355372,available
ab-test-000999,0,0.0017448172117501823,0,0.23730266913355372,available
ab-test-001000,0,0.0013597290254372155,0,0.23730266913355372,available
ab-test-001001,0,0.010550729076981657,0,0.23730266913355372,available
ab-test-001002,0,0.0038324503871796064,0,0.23730266913355372,available
ab-test-001003,0,0.017761728194735,0,0.23730266913355372,available
ab-test-001004,1,0.9195514337571966,1,0.23730266913355372,available
ab-test-001005,0,0.0013723318062150718,0,0.23730266913355372,available
ab-test-001006,0,0.001243447989185808,0,0.23730266913355372,available
ab-test-001007,0,0.0033006975985903258,0,0.23730266913355372,available
ab-test-001008,0,0.009843582798500297,0,0.23730266913355372,available
ab-test-001009,0,0.0631582744743899,0,0.23730266913355372,available
ab-test-001010,0,0.004610123841834609,0,0.23730266913355372,available
ab-test-001011,0,0.012237547427941618,0,0.23730266913355372,available
ab-test-001012,0,0.0014566605514833028,0,0.23730266913355372,available
ab-test-001013,0,0.002353873269729492,0,0.23730266913355372,available
ab-test-001014,0,0.004162135127152942,0,0.23730266913355372,available
ab-test-001015,0,0.0134920972060059,0,0.23730266913355372,available
ab-test-001016,0,0.004112682573667668,0,0.23730266913355372,available
ab-test-001017,0,0.0025168673816550846,0,0.23730266913355372,available
ab-test-001018,0,0.0029491442058316793,0,0.23730266913355372,available
ab-test-001019,0,0.016562093905160568,0,0.23730266913355372,available
ab-test-001020,0,0.0024619057997576663,0,0.23730266913355372,available
ab-test-001021,0,0.01964941597139718,0,0.23730266913355372,available
ab-test-001022,1,0.9866693513983604,1,0.23730266913355372,available
ab-test-001023,0,0.00137062139514996,0,0.23730266913355372,available
ab-test-001024,0,0.002764008700803255,0,0.23730266913355372,available
ab-test-001025,0,0.007940648159774827,0,0.23730266913355372,available
ab-test-001026,0,0.015369251321592219,0,0.23730266913355372,available
ab-test-001027,0,0.011128479404254066,0,0.23730266913355372,available
ab-test-001028,0,0.001658397180198186,0,0.23730266913355372,available
ab-test-001029,0,0.010710608343117808,0,0.23730266913355372,available
ab-test-001030,0,0.0010074779266619459,0,0.23730266913355372,available
ab-test-001031,1,0.9878457387231603,1,0.23730266913355372,available
ab-test-001032,0,0.017905003521649435,0,0.23730266913355372,available
ab-test-001033,0,0.016051032186675755,0,0.23730266913355372,available
ab-test-001034,0,0.0007294811035000093,0,0.23730266913355372,available
ab-test-001035,0,0.06482388759741378,0,0.23730266913355372,available
ab-test-001036,1,0.9628826092090464,1,0.23730266913355372,available
ab-test-001037,0,0.19314556423038406,0,0.23730266913355372,available
ab-test-001038,0,0.00172033574149931,0,0.23730266913355372,available
ab-test-001039,0,0.01040532996183635,0,0.23730266913355372,available
ab-test-001040,0,0.021410685269922236,0,0.23730266913355372,available
ab-test-001041,0,0.008347907526538304,0,0.23730266913355372,available
ab-test-001042,0,0.007709683874765581,0,0.23730266913355372,available
ab-test-001043,0,0.003980899445858797,0,0.23730266913355372,available
ab-test-001044,0,0.017097504259728696,0,0.23730266913355372,available
ab-test-001045,0,0.00158673371292994,0,0.23730266913355372,available
ab-test-001046,0,0.002026277559453066,0,0.23730266913355372,available
ab-test-001047,0,0.00660508050122683,0,0.23730266913355372,available
ab-test-001048,0,0.013793938835998103,0,0.23730266913355372,available
ab-test-001049,0,0.0030777210819852505,0,0.23730266913355372,available
ab-test-001050,0,0.018880731548004542,0,0.23730266913355372,available
ab-test-001051,0,0.014729427483405715,0,0.23730266913355372,available
ab-test-001052,0,0.017885265989236756,0,0.23730266913355372,available
ab-test-001053,0,0.018290333671206284,0,0.23730266913355372,available
ab-test-001054,0,0.002186420126930113,0,0.23730266913355372,available
ab-test-001055,0,0.008010530866036439,0,0.23730266913355372,available
ab-test-001056,0,0.014330133088504117,0,0.23730266913355372,available
ab-test-001057,0,0.0019655521254283753,0,0.23730266913355372,available
ab-test-001058,0,0.004193123357787436,0,0.23730266913355372,available
ab-test-001059,0,0.0043989715215784755,0,0.23730266913355372,available
ab-test-001060,0,0.06205417643413092,0,0.23730266913355372,available
ab-test-001061,0,0.011145315398003498,0,0.23730266913355372,available
ab-test-001062,0,0.002680149059094468,0,0.23730266913355372,available
ab-test-001063,0,0.0017519883219124246,0,0.23730266913355372,available
ab-test-001064,0,0.0035636315059342583,0,0.23730266913355372,available
ab-test-001065,0,0.008666828171478111,0,0.23730266913355372,available
ab-test-001066,0,0.002023878988925433,0,0.23730266913355372,available
ab-test-001067,0,0.2811590859434548,1,0.23730266913355372,available
ab-test-001068,0,0.02185222861727357,0,0.23730266913355372,available
ab-test-001069,0,0.003594640380502479,0,0.23730266913355372,available
ab-test-001070,0,0.0034869320190881897,0,0.23730266913355372,available
ab-test-001071,0,0.0017910940066063446,0,0.23730266913355372,available
ab-test-001072,0,0.20946656078759507,0,0.23730266913355372,available
ab-test-001073,0,0.003226816805265068,0,0.23730266913355372,available
ab-test-001074,0,0.0038368430035056575,0,0.23730266913355372,available
ab-test-001075,0,0.002113513400245416,0,0.23730266913355372,available
ab-test-001076,0,0.00417723777686141,0,0.23730266913355372,available
ab-test-001077,0,0.08442414643207874,0,0.23730266913355372,available
ab-test-001078,0,0.002978095884236698,0,0.23730266913355372,available
ab-test-001079,0,0.06108997013430996,0,0.23730266913355372,available
ab-test-001080,0,0.043875024964705966,0,0.23730266913355372,available
ab-test-001081,1,0.8530057071433235,1,0.23730266913355372,available
ab-test-001082,0,0.0013469238744797697,0,0.23730266913355372,available
ab-test-001083,0,0.0013609942132237522,0,0.23730266913355372,available
ab-test-001084,0,0.0021291746322730344,0,0.23730266913355372,available
ab-test-001085,0,0.0030397404009136083,0,0.23730266913355372,available
ab-test-001086,0,0.013077646435252503,0,0.23730266913355372,available
ab-test-001087,0,0.007481301009227111,0,0.23730266913355372,available
ab-test-001088,0,0.001798216487986179,0,0.23730266913355372,available
ab-test-001089,0,0.0018376878935865068,0,0.23730266913355372,available
ab-test-001090,0,0.013240705969389144,0,0.23730266913355372,available
ab-test-001091,0,0.005503410489497194,0,0.23730266913355372,available
ab-test-001092,0,0.005891702961410907,0,0.23730266913355372,available
ab-test-001093,0,0.002320004124431982,0,0.23730266913355372,available
ab-test-001094,0,0.008009616906566198,0,0.23730266913355372,available
ab-test-001095,0,0.004266543557993738,0,0.23730266913355372,available
ab-test-001096,0,0.012674274871715336,0,0.23730266913355372,available
ab-test-001097,0,0.016419604512868675,0,0.23730266913355372,available
ab-test-001098,0,0.006075937024765304,0,0.23730266913355372,available
ab-test-001099,0,0.001091362752291143,0,0.23730266913355372,available
ab-test-001100,1,0.8937127175566871,1,0.23730266913355372,available
ab-test-001101,0,0.005207499677982821,0,0.23730266913355372,available
ab-test-001102,0,0.006902244268969151,0,0.23730266913355372,available
ab-test-001103,1,0.9923177709718032,1,0.23730266913355372,available
ab-test-001104,1,0.6721996176419959,1,0.23730266913355372,available
ab-test-001105,0,0.0024699902405886406,0,0.23730266913355372,available
ab-test-001106,0,0.001693046398536865,0,0.23730266913355372,available
ab-test-001107,1,0.928015909969995,1,0.23730266913355372,available
ab-test-001108,0,0.03672776244914692,0,0.23730266913355372,available
ab-test-001109,0,0.011542113060025151,0,0.23730266913355372,available
ab-test-001110,0,0.005018272698219198,0,0.23730266913355372,available
ab-test-001111,0,0.003906699629634302,0,0.23730266913355372,available
ab-test-001112,0,0.007765185828133215,0,0.23730266913355372,available
ab-test-001113,0,0.019223009488740724,0,0.23730266913355372,available
ab-test-001114,0,0.004665185840639294,0,0.23730266913355372,available
ab-test-001115,0,0.002749149524515976,0,0.23730266913355372,available
ab-test-001116,0,0.003065346533769997,0,0.23730266913355372,available
ab-test-001117,1,0.7240582607043891,1,0.23730266913355372,available
ab-test-001118,0,0.002598665157657742,0,0.23730266913355372,available
ab-test-001119,0,0.31594701514044443,1,0.23730266913355372,available
ab-test-001120,0,0.021653012545556963,0,0.23730266913355372,available
ab-test-001121,0,0.008912815658573714,0,0.23730266913355372,available
ab-test-001122,1,0.9751564969296076,1,0.23730266913355372,available
ab-test-001123,0,0.0073610244654821674,0,0.23730266913355372,available
ab-test-001124,0,0.0020701266250396934,0,0.23730266913355372,available
ab-test-001125,0,0.00547293240902728,0,0.23730266913355372,available
ab-test-001126,0,0.001960252505178813,0,0.23730266913355372,available
ab-test-001127,0,0.0025986070022682383,0,0.23730266913355372,available
ab-test-001128,0,0.0020831090686349203,0,0.23730266913355372,available
ab-test-001129,0,0.001502672924596438,0,0.23730266913355372,available
ab-test-001130,0,0.004112599509920163,0,0.23730266913355372,available
ab-test-001131,1,0.987444419640198,1,0.23730266913355372,available
ab-test-001132,0,0.006501489455926211,0,0.23730266913355372,available
ab-test-001133,0,0.002129362896955682,0,0.23730266913355372,available
ab-test-001134,0,0.025242989502443743,0,0.23730266913355372,available
ab-test-001135,0,0.012478890337828778,0,0.23730266913355372,available
ab-test-001136,0,0.007396851762283652,0,0.23730266913355372,available
ab-test-001137,0,0.017212174528869424,0,0.23730266913355372,available
ab-test-001138,0,0.0024168314589116803,0,0.23730266913355372,available
ab-test-001139,0,0.002876834141351999,0,0.23730266913355372,available
ab-test-001140,0,0.01595297013144596,0,0.23730266913355372,available
ab-test-001141,0,0.0032483503831266633,0,0.23730266913355372,available
ab-test-001142,0,0.03300831560105174,0,0.23730266913355372,available
ab-test-001143,1,0.8594395217860297,1,0.23730266913355372,available
ab-test-001144,0,0.008755216315789478,0,0.23730266913355372,available
ab-test-001145,0,0.009380623987889733,0,0.23730266913355372,available
ab-test-001146,0,0.031048896607747154,0,0.23730266913355372,available
ab-test-001147,0,0.0021581818952113863,0,0.23730266913355372,available
ab-test-001148,1,0.9793301347650792,1,0.23730266913355372,available
ab-test-001149,0,0.0030814912240063248,0,0.23730266913355372,available
ab-test-001150,0,0.030936801901278035,0,0.23730266913355372,available
ab-test-001151,0,0.0014113602260524174,0,0.23730266913355372,available
ab-test-001152,0,0.03943574920712036,0,0.23730266913355372,available
ab-test-001153,0,0.010538625681729256,0,0.23730266913355372,available
ab-test-001154,0,0.23075757509972422,0,0.23730266913355372,available
ab-test-001155,0,0.0020616159909774717,0,0.23730266913355372,available
ab-test-001156,1,0.9798430492111017,1,0.23730266913355372,available
ab-test-001157,0,0.012835371643851911,0,0.23730266913355372,available
ab-test-001158,0,0.002911716106298321,0,0.23730266913355372,available
ab-test-001159,0,0.013673218873485932,0,0.23730266913355372,available
ab-test-001160,0,0.004295375352119378,0,0.23730266913355372,available
ab-test-001161,0,0.01901648648674429,0,0.23730266913355372,available
ab-test-001162,0,0.016090345088497004,0,0.23730266913355372,available
ab-test-001163,0,0.0889715386226576,0,0.23730266913355372,available
ab-test-001164,0,0.004681342401732536,0,0.23730266913355372,available
ab-test-001165,0,0.015999347120974818,0,0.23730266913355372,available
ab-test-001166,0,0.02089849289921774,0,0.23730266913355372,available
ab-test-001167,0,0.007074559383915591,0,0.23730266913355372,available
ab-test-001168,0,0.001380453813693026,0,0.23730266913355372,available
ab-test-001169,0,0.008330729700818402,0,0.23730266913355372,available
ab-test-001170,0,0.3315778465966672,1,0.23730266913355372,available
ab-test-001171,1,0.8540674397137396,1,0.23730266913355372,available
ab-test-001172,1,0.6367993829875045,1,0.23730266913355372,available
ab-test-001173,0,0.022939903266654186,0,0.23730266913355372,available
ab-test-001174,1,0.9660208401950507,1,0.23730266913355372,available
ab-test-001175,0,0.003948564564170712,0,0.23730266913355372,available
ab-test-001176,0,0.0013591996776367453,0,0.23730266913355372,available
ab-test-001177,0,0.0012733826429057531,0,0.23730266913355372,available
ab-test-001178,0,0.003093424509364828,0,0.23730266913355372,available
ab-test-001179,0,0.0034547142958251333,0,0.23730266913355372,available
ab-test-001180,0,0.028234016557730272,0,0.23730266913355372,available
ab-test-001181,0,0.0017574501453294607,0,0.23730266913355372,available
ab-test-001182,0,0.033271283492169616,0,0.23730266913355372,available
ab-test-001183,0,0.001722771329757696,0,0.23730266913355372,available
ab-test-001184,0,0.0036685030643302343,0,0.23730266913355372,available
ab-test-001185,0,0.002776720914666843,0,0.23730266913355372,available
ab-test-001186,0,0.026028581641163406,0,0.23730266913355372,available
ab-test-001187,0,0.00530528505758061,0,0.23730266913355372,available
ab-test-001188,0,0.0023407026799376535,0,0.23730266913355372,available
ab-test-001189,0,0.001730530404674547,0,0.23730266913355372,available
ab-test-001190,0,0.004222881482098339,0,0.23730266913355372,available
ab-test-001191,0,0.0015639659258160812,0,0.23730266913355372,available
ab-test-001192,0,0.0008494462254698984,0,0.23730266913355372,available
ab-test-001193,0,0.008326543553512363,0,0.23730266913355372,available
ab-test-001194,0,0.0011498889594574052,0,0.23730266913355372,available
ab-test-001195,0,0.0008433171665042209,0,0.23730266913355372,available
ab-test-001196,0,0.01902324231564667,0,0.23730266913355372,available
ab-test-001197,0,0.01427155948146509,0,0.23730266913355372,available
ab-test-001198,0,0.004341273732957627,0,0.23730266913355372,available
ab-test-001199,0,0.006863955783500041,0,0.23730266913355372,available
ab-test-001200,0,0.002935316138712759,0,0.23730266913355372,available
ab-test-001201,1,0.9877832676887026,1,0.23730266913355372,available
ab-test-001202,0,0.004093493914087933,0,0.23730266913355372,available
ab-test-001203,0,0.0013948760088040375,0,0.23730266913355372,available
ab-test-001204,0,0.004744253396959203,0,0.23730266913355372,available
ab-test-001205,0,0.0020688044722838575,0,0.23730266913355372,available
ab-test-001206,0,0.002309577405028275,0,0.23730266913355372,available
ab-test-001207,1,0.9585283204340439,1,0.23730266913355372,available
ab-test-001208,0,0.005724134202672242,0,0.23730266913355372,available
ab-test-001209,1,0.9619806070886276,1,0.23730266913355372,available
ab-test-001210,0,0.0027629912476777284,0,0.23730266913355372,available
ab-test-001211,0,0.0013734279216963536,0,0.23730266913355372,available
ab-test-001212,0,0.002944061326269105,0,0.23730266913355372,available
ab-test-001213,0,0.033304016657305355,0,0.23730266913355372,available
ab-test-001214,0,0.0011201190670792744,0,0.23730266913355372,available
ab-test-001215,0,0.01802476423433914,0,0.23730266913355372,available
ab-test-001216,0,0.0017471957214069119,0,0.23730266913355372,available
ab-test-001217,0,0.0016229884963753648,0,0.23730266913355372,available
ab-test-001218,0,0.11892904815227132,0,0.23730266913355372,available
ab-test-001219,0,0.5881233664414773,1,0.23730266913355372,available
ab-test-001220,0,0.010058037567813271,0,0.23730266913355372,available
ab-test-001221,0,0.01483395547217857,0,0.23730266913355372,available
ab-test-001222,0,0.013116561464468284,0,0.23730266913355372,available
ab-test-001223,0,0.005917771742584495,0,0.23730266913355372,available
ab-test-001224,0,0.012993947350155927,0,0.23730266913355372,available
ab-test-001225,0,0.03686938588389165,0,0.23730266913355372,available
ab-test-001226,0,0.0010782504112981782,0,0.23730266913355372,available
ab-test-001227,0,0.0024297404723469867,0,0.23730266913355372,available
ab-test-001228,1,0.8845459945611094,1,0.23730266913355372,available
ab-test-001229,0,0.003106341925238899,0,0.23730266913355372,available
ab-test-001230,0,0.005053079930606426,0,0.23730266913355372,available
ab-test-001231,0,0.018719690711386208,0,0.23730266913355372,available
ab-test-001232,0,0.0014073150639038348,0,0.23730266913355372,available
ab-test-001233,0,0.05122319023769819,0,0.23730266913355372,available
ab-test-001234,0,0.012703481072118493,0,0.23730266913355372,available
ab-test-001235,0,0.0037911877745732086,0,0.23730266913355372,available
ab-test-001236,0,0.007213397772137638,0,0.23730266913355372,available
ab-test-001237,0,0.005058839119598705,0,0.23730266913355372,available
ab-test-001238,0,0.0016560395829232348,0,0.23730266913355372,available
ab-test-001239,0,0.0018659291758746025,0,0.23730266913355372,available
ab-test-001240,0,0.02470694449512147,0,0.23730266913355372,available
ab-test-001241,0,0.010020932910181208,0,0.23730266913355372,available
ab-test-001242,0,0.0013705887541347395,0,0.23730266913355372,available
ab-test-001243,0,0.02281568219058171,0,0.23730266913355372,available
ab-test-001244,0,0.0019712328496486907,0,0.23730266913355372,available
ab-test-001245,0,0.015457961461122662,0,0.23730266913355372,available
ab-test-001246,0,0.006323631279393605,0,0.23730266913355372,available
ab-test-001247,0,0.04594596397138977,0,0.23730266913355372,available
ab-test-001248,0,0.00497589389270318,0,0.23730266913355372,available
ab-test-001249,1,0.828583394047953,1,0.23730266913355372,available
ab-test-001250,0,0.0171571669626956,0,0.23730266913355372,available
ab-test-001251,0,0.003492816112470922,0,0.23730266913355372,available
ab-test-001252,0,0.03177048061671271,0,0.23730266913355372,available
ab-test-001253,0,0.005081273981609119,0,0.23730266913355372,available
ab-test-001254,0,0.006285492338909376,0,0.23730266913355372,available
ab-test-001255,0,0.016015633399987312,0,0.23730266913355372,available
ab-test-001256,0,0.0018575190577599704,0,0.23730266913355372,available
ab-test-001257,0,0.004944264961186738,0,0.23730266913355372,available
ab-test-001258,0,0.019626878628583293,0,0.23730266913355372,available
ab-test-001259,0,0.002257877504720798,0,0.23730266913355372,available
ab-test-001260,0,0.004890633341620596,0,0.23730266913355372,available
ab-test-001261,1,0.9718666695587533,1,0.23730266913355372,available
ab-test-001262,0,0.009138286453827325,0,0.23730266913355372,available
ab-test-001263,0,0.02043756137000584,0,0.23730266913355372,available
ab-test-001264,0,0.007376696235262741,0,0.23730266913355372,available
ab-test-001265,0,0.0018515762080960694,0,0.23730266913355372,available
ab-test-001266,0,0.028232646065260353,0,0.23730266913355372,available
ab-test-001267,1,0.9794939589699387,1,0.23730266913355372,available
ab-test-001268,0,0.0011703018495003575,0,0.23730266913355372,available
ab-test-001269,0,0.028944238946015038,0,0.23730266913355372,available
ab-test-001270,1,0.6646231688272024,1,0.23730266913355372,available
ab-test-001271,0,0.004927252398879485,0,0.23730266913355372,available
ab-test-001272,1,0.9973884852146928,1,0.23730266913355372,available
ab-test-001273,0,0.0008597934885864296,0,0.23730266913355372,available
ab-test-001274,0,0.012525491450451677,0,0.23730266913355372,available
ab-test-001275,0,0.0009538873151804336,0,0.23730266913355372,available
ab-test-001276,0,0.003143555651614491,0,0.23730266913355372,available
ab-test-001277,0,0.0019046979241592887,0,0.23730266913355372,available
ab-test-001278,0,0.0017113218657818742,0,0.23730266913355372,available
ab-test-001279,0,0.01013536006080941,0,0.23730266913355372,available
ab-test-001280,0,0.0030252763199587534,0,0.23730266913355372,available
ab-test-001281,0,0.010276814286737336,0,0.23730266913355372,available
ab-test-001282,0,0.007925367640433868,0,0.23730266913355372,available
ab-test-001283,0,0.00068623376251321,0,0.23730266913355372,available
ab-test-001284,0,0.01149551040535332,0,0.23730266913355372,available
ab-test-001285,0,0.004067914100070623,0,0.23730266913355372,available
ab-test-001286,0,0.002945550822159126,0,0.23730266913355372,available
ab-test-001287,0,0.007659974263192588,0,0.23730266913355372,available
ab-test-001288,0,0.10652874040662708,0,0.23730266913355372,available
ab-test-001289,1,0.9467216201544265,1,0.23730266913355372,available
ab-test-001290,0,0.0049661926409176995,0,0.23730266913355372,available
ab-test-001291,0,0.0013173648865613694,0,0.23730266913355372,available
ab-test-001292,0,0.003910662094369139,0,0.23730266913355372,available
ab-test-001293,1,0.967768473583892,1,0.23730266913355372,available
ab-test-001294,0,0.01804849405194496,0,0.23730266913355372,available
ab-test-001295,0,0.0038051542137965085,0,0.23730266913355372,available
ab-test-001296,0,0.006978385392985158,0,0.23730266913355372,available
ab-test-001297,0,0.0041479601398581875,0,0.23730266913355372,available
ab-test-001298,0,0.0008088486947964412,0,0.23730266913355372,available
ab-test-001299,0,0.007033626483819244,0,0.23730266913355372,available
ab-test-001300,0,0.001148820195144878,0,0.23730266913355372,available
ab-test-001301,0,0.04778119836990162,0,0.23730266913355372,available
ab-test-001302,0,0.005855742589866002,0,0.23730266913355372,available
ab-test-001303,0,0.005059071196141402,0,0.23730266913355372,available
ab-test-001304,0,0.0028290664751273336,0,0.23730266913355372,available
ab-test-001305,0,0.00295073521982769,0,0.23730266913355372,available
ab-test-001306,0,0.004861221242959678,0,0.23730266913355372,available
ab-test-001307,0,0.0026537962118374815,0,0.23730266913355372,available
ab-test-001308,0,0.00700519002640018,0,0.23730266913355372,available
ab-test-001309,0,0.005036694393451396,0,0.23730266913355372,available
ab-test-001310,0,0.02280638988897269,0,0.23730266913355372,available
ab-test-001311,0,0.0012793793919954537,0,0.23730266913355372,available
ab-test-001312,0,0.006299239803318379,0,0.23730266913355372,available
ab-test-001313,0,0.1846399814672561,0,0.23730266913355372,available
ab-test-001314,0,0.0526563416444853,0,0.23730266913355372,available
ab-test-001315,0,0.562951793076449,1,0.23730266913355372,available
ab-test-001316,0,0.011402670327156446,0,0.23730266913355372,available
ab-test-001317,0,0.03630571820856506,0,0.23730266913355372,available
ab-test-001318,0,0.02980444582220978,0,0.23730266913355372,available
ab-test-001319,0,0.001988204113685887,0,0.23730266913355372,available
ab-test-001320,1,0.9809075124337733,1,0.23730266913355372,available
ab-test-001321,0,0.015074490897762059,0,0.23730266913355372,available
ab-test-001322,0,0.003961577716667453,0,0.23730266913355372,available
ab-test-001323,0,0.017139693856209625,0,0.23730266913355372,available
ab-test-001324,1,0.6685080553336809,1,0.23730266913355372,available
ab-test-001325,0,0.004663693190477603,0,0.23730266913355372,available
ab-test-001326,0,0.006973088265156335,0,0.23730266913355372,available
ab-test-001327,0,0.005270297740035338,0,0.23730266913355372,available
ab-test-001328,0,0.003208164899742252,0,0.23730266913355372,available
ab-test-001329,0,0.005481127234207559,0,0.23730266913355372,available
ab-test-001330,0,0.003397310765147268,0,0.23730266913355372,available
ab-test-001331,0,0.15727588039971407,0,0.23730266913355372,available
ab-test-001332,1,0.5018886600913812,1,0.23730266913355372,available
ab-test-001333,0,0.037307674508005144,0,0.23730266913355372,available
ab-test-001334,0,0.0024133112762639336,0,0.23730266913355372,available
ab-test-001335,0,0.5474641518944774,1,0.23730266913355372,available
ab-test-001336,0,0.024843343393508337,0,0.23730266913355372,available
ab-test-001337,0,0.06166138610366658,0,0.23730266913355372,available
ab-test-001338,0,0.0034697797090111927,0,0.23730266913355372,available
ab-test-001339,0,0.0018391224640221294,0,0.23730266913355372,available
ab-test-001340,0,0.0017215250409978646,0,0.23730266913355372,available
ab-test-001341,1,0.9859836345790536,1,0.23730266913355372,available
ab-test-001342,0,0.0018528166395246632,0,0.23730266913355372,available
ab-test-001343,0,0.0026531118576349245,0,0.23730266913355372,available
ab-test-001344,0,0.002339243244424668,0,0.23730266913355372,available
ab-test-001345,0,0.0030518172659129822,0,0.23730266913355372,available
ab-test-001346,0,0.008073205759987143,0,0.23730266913355372,available
ab-test-001347,0,0.016978234551168158,0,0.23730266913355372,available
ab-test-001348,0,0.018255571375001257,0,0.23730266913355372,available
ab-test-001349,0,0.006055446572452199,0,0.23730266913355372,available
ab-test-001350,0,0.0031549618194122945,0,0.23730266913355372,available
ab-test-001351,0,0.0046989826285711335,0,0.23730266913355372,available
ab-test-001352,0,0.006528405379898473,0,0.23730266913355372,available
ab-test-001353,0,0.1635123494702474,0,0.23730266913355372,available
ab-test-001354,0,0.0020849701893190125,0,0.23730266913355372,available
ab-test-001355,0,0.0012159241688094616,0,0.23730266913355372,available
ab-test-001356,0,0.0033580402422774213,0,0.23730266913355372,available
ab-test-001357,0,0.012558214000677375,0,0.23730266913355372,available
ab-test-001358,0,0.005790218324015199,0,0.23730266913355372,available
ab-test-001359,0,0.0013107198272017645,0,0.23730266913355372,available
ab-test-001360,0,0.002227930548389504,0,0.23730266913355372,available
ab-test-001361,0,0.001585389544528175,0,0.23730266913355372,available
ab-test-001362,0,0.007394277547927556,0,0.23730266913355372,available
ab-test-001363,0,0.03765823219212383,0,0.23730266913355372,available
ab-test-001364,0,0.0018732551462037202,0,0.23730266913355372,available
ab-test-001365,0,0.018138064093529065,0,0.23730266913355372,available
ab-test-001366,0,0.06727768953507536,0,0.23730266913355372,available
ab-test-001367,0,0.002750134372751618,0,0.23730266913355372,available
ab-test-001368,0,0.0007419833436137283,0,0.23730266913355372,available
ab-test-001369,0,0.021440351186080887,0,0.23730266913355372,available
ab-test-001370,0,0.016019485780141906,0,0.23730266913355372,available
ab-test-001371,0,0.0011942139534935736,0,0.23730266913355372,available
ab-test-001372,0,0.001625602526153485,0,0.23730266913355372,available
ab-test-001373,0,0.002220364663379647,0,0.23730266913355372,available
ab-test-001374,0,0.0017405405621979707,0,0.23730266913355372,available
ab-test-001375,0,0.0038652194016200684,0,0.23730266913355372,available
ab-test-001376,0,0.4198556068724062,1,0.23730266913355372,available
ab-test-001377,0,0.003509221650243011,0,0.23730266913355372,available
ab-test-001378,0,0.034632319595911454,0,0.23730266913355372,available
ab-test-001379,0,0.004850294589223237,0,0.23730266913355372,available
ab-test-001380,0,0.00748912926486251,0,0.23730266913355372,available
ab-test-001381,0,0.0027422880718097897,0,0.23730266913355372,available
ab-test-001382,0,0.0013448513917821354,0,0.23730266913355372,available
ab-test-001383,0,0.01694011073912497,0,0.23730266913355372,available
ab-test-001384,0,0.015099258678943411,0,0.23730266913355372,available
ab-test-001385,0,0.001414491566924215,0,0.23730266913355372,available
ab-test-001386,0,0.0038650092617199387,0,0.23730266913355372,available
ab-test-001387,0,0.0363039591452719,0,0.23730266913355372,available
ab-test-001388,0,0.009224822091868411,0,0.23730266913355372,available
ab-test-001389,0,0.01297224366973397,0,0.23730266913355372,available
ab-test-001390,0,0.003461054673871115,0,0.23730266913355372,available
ab-test-001391,0,0.006790259208310136,0,0.23730266913355372,available
ab-test-001392,0,0.08103863304672845,0,0.23730266913355372,available
ab-test-001393,0,0.0012358431698483191,0,0.23730266913355372,available
ab-test-001394,1,0.9934305141163197,1,0.23730266913355372,available
ab-test-001395,0,0.003264813289304519,0,0.23730266913355372,available
ab-test-001396,0,0.008781533206134801,0,0.23730266913355372,available
ab-test-001397,0,0.0069042273983002615,0,0.23730266913355372,available
ab-test-001398,0,0.0128216087956666,0,0.23730266913355372,available
ab-test-001399,0,0.004524852672107694,0,0.23730266913355372,available
ab-test-001400,0,0.11514525442088598,0,0.23730266913355372,available
ab-test-001401,1,0.940416067142791,1,0.23730266913355372,available
ab-test-001402,0,0.012119048677591983,0,0.23730266913355372,available
ab-test-001403,0,0.001785448140822421,0,0.23730266913355372,available
ab-test-001404,0,0.003156395337598051,0,0.23730266913355372,available
ab-test-001405,0,0.0006906416080614843,0,0.23730266913355372,available
ab-test-001406,0,0.4254108814758807,1,0.23730266913355372,available
ab-test-001407,0,0.0024903612184764595,0,0.23730266913355372,available
ab-test-001408,0,0.004561457997297782,0,0.23730266913355372,available
ab-test-001409,0,0.052941644282985555,0,0.23730266913355372,available
ab-test-001410,0,0.0022559855519983236,0,0.23730266913355372,available
ab-test-001411,0,0.013627991051285511,0,0.23730266913355372,available
ab-test-001412,0,0.031401914755474394,0,0.23730266913355372,available
ab-test-001413,0,0.0021035642246952785,0,0.23730266913355372,available
ab-test-001414,0,0.0077556343922074045,0,0.23730266913355372,available
ab-test-001415,0,0.002401703491585599,0,0.23730266913355372,available
ab-test-001416,0,0.002279868793023006,0,0.23730266913355372,available
ab-test-001417,0,0.00139878012103122,0,0.23730266913355372,available
ab-test-001418,1,0.8944290568143773,1,0.23730266913355372,available
ab-test-001419,0,0.0041913155824345304,0,0.23730266913355372,available
ab-test-001420,0,0.0021281800365789715,0,0.23730266913355372,available
ab-test-001421,0,0.0015605352569235274,0,0.23730266913355372,available
ab-test-001422,0,0.012430610217756653,0,0.23730266913355372,available
ab-test-001423,0,0.0019793754239400955,0,0.23730266913355372,available
ab-test-001424,0,0.004672967140946883,0,0.23730266913355372,available
ab-test-001425,0,0.08970880146972966,0,0.23730266913355372,available
ab-test-001426,1,0.9101611166189539,1,0.23730266913355372,available
ab-test-001427,0,0.021650723942857452,0,0.23730266913355372,available
ab-test-001428,0,0.0388529357364597,0,0.23730266913355372,available
ab-test-001429,0,0.0021366191017035217,0,0.23730266913355372,available
ab-test-001430,0,0.01626349481466491,0,0.23730266913355372,available
ab-test-001431,0,0.0027107123833245146,0,0.23730266913355372,available
ab-test-001432,0,0.009636203174988051,0,0.23730266913355372,available
ab-test-001433,0,0.007498144455569275,0,0.23730266913355372,available
ab-test-001434,1,0.9551515845793037,1,0.23730266913355372,available
ab-test-001435,0,0.011714625391505851,0,0.23730266913355372,available
ab-test-001436,0,0.003624031586670047,0,0.23730266913355372,available
ab-test-001437,0,0.0041440000165270255,0,0.23730266913355372,available
ab-test-001438,0,0.0932115413248789,0,0.23730266913355372,available
ab-test-001439,0,0.0013971974840338874,0,0.23730266913355372,available
ab-test-001440,0,0.008111449843168937,0,0.23730266913355372,available
ab-test-001441,0,0.03390923589145955,0,0.23730266913355372,available
ab-test-001442,0,0.00954900838290313,0,0.23730266913355372,available
ab-test-001443,0,0.0026002321305557846,0,0.23730266913355372,available
ab-test-001444,0,0.003296761668927893,0,0.23730266913355372,available
ab-test-001445,0,0.001080572550113215,0,0.23730266913355372,available
ab-test-001446,0,0.014844126185387144,0,0.23730266913355372,available
ab-test-001447,0,0.010053782125052852,0,0.23730266913355372,available
ab-test-001448,0,0.004743974553168317,0,0.23730266913355372,available
ab-test-001449,0,0.0024228136516643607,0,0.23730266913355372,available
ab-test-001450,0,0.0033647376414201835,0,0.23730266913355372,available
ab-test-001451,1,0.9676086511786751,1,0.23730266913355372,available
ab-test-001452,0,0.0020977821896880616,0,0.23730266913355372,available
ab-test-001453,1,0.933754353870999,1,0.23730266913355372,available
ab-test-001454,0,0.004820278769108975,0,0.23730266913355372,available
ab-test-001455,0,0.0014933677758391735,0,0.23730266913355372,available
ab-test-001456,0,0.002769765144543331,0,0.23730266913355372,available
ab-test-001457,0,0.0030987199689234877,0,0.23730266913355372,available
ab-test-001458,0,0.003940084785513454,0,0.23730266913355372,available
ab-test-001459,1,0.9467007181748514,1,0.23730266913355372,available
ab-test-001460,0,0.0235791220063697,0,0.23730266913355372,available
ab-test-001461,0,0.005763576898258169,0,0.23730266913355372,available
ab-test-001462,0,0.0041112976176237905,0,0.23730266913355372,available
ab-test-001463,0,0.0006054416740901602,0,0.23730266913355372,available
ab-test-001464,0,0.0037785836080446006,0,0.23730266913355372,available
ab-test-001465,0,0.06826053149586118,0,0.23730266913355372,available
ab-test-001466,0,0.4645343134081665,1,0.23730266913355372,available
ab-test-001467,0,0.08986946934772091,0,0.23730266913355372,available
ab-test-001468,1,0.9146756083034563,1,0.23730266913355372,available
ab-test-001469,1,0.8842870161012272,1,0.23730266913355372,available
ab-test-001470,0,0.008218543269846647,0,0.23730266913355372,available
ab-test-001471,1,0.930328175463004,1,0.23730266913355372,available
ab-test-001472,0,0.013700337338143413,0,0.23730266913355372,available
ab-test-001473,0,0.01594720068762087,0,0.23730266913355372,available
ab-test-001474,0,0.0012060990853968044,0,0.23730266913355372,available
ab-test-001475,0,0.01464789553127451,0,0.23730266913355372,available
ab-test-001476,0,0.003658128438847451,0,0.23730266913355372,available
ab-test-001477,0,0.021116818352864584,0,0.23730266913355372,available
ab-test-001478,0,0.007696167322842344,0,0.23730266913355372,available
ab-test-001479,0,0.004050328715060667,0,0.23730266913355372,available
ab-test-001480,0,0.005543609545121979,0,0.23730266913355372,available
ab-test-001481,0,0.017517384571010104,0,0.23730266913355372,available
ab-test-001482,0,0.07796475667683606,0,0.23730266913355372,available
ab-test-001483,0,0.004148819474141777,0,0.23730266913355372,available
ab-test-001484,0,0.0061108659152463995,0,0.23730266913355372,available
ab-test-001485,0,0.008939835533454545,0,0.23730266913355372,available
ab-test-001486,0,0.007949539723748228,0,0.23730266913355372,available
ab-test-001487,0,0.05885564087769475,0,0.23730266913355372,available
ab-test-001488,0,0.0013715962039917895,0,0.23730266913355372,available
ab-test-001489,0,0.02692074458004189,0,0.23730266913355372,available
ab-test-001490,1,0.7550751055193881,1,0.23730266913355372,available
ab-test-001491,0,0.01499029543583737,0,0.23730266913355372,available
ab-test-001492,1,0.8111832524604096,1,0.23730266913355372,available
ab-test-001493,0,0.02657851052188734,0,0.23730266913355372,available
ab-test-001494,0,0.003084316003808832,0,0.23730266913355372,available
ab-test-001495,0,0.32474215701054504,1,0.23730266913355372,available
ab-test-001496,1,0.5015611445172549,1,0.23730266913355372,available
ab-test-001497,0,0.0011937674243187723,0,0.23730266913355372,available
ab-test-001498,0,0.0023232231920426176,0,0.23730266913355372,available
ab-test-001499,0,0.014795731896434964,0,0.23730266913355372,available
ab-test-001500,0,0.0029918563983459376,0,0.23730266913355372,available
ab-test-001501,0,0.0024589905663559165,0,0.23730266913355372,available
ab-test-001502,0,0.0030273460966746706,0,0.23730266913355372,available
ab-test-001503,0,0.003424580273552364,0,0.23730266913355372,available
ab-test-001504,0,0.01570341102189575,0,0.23730266913355372,available
ab-test-001505,0,0.005161564465532151,0,0.23730266913355372,available
ab-test-001506,0,0.0043882332445780645,0,0.23730266913355372,available
ab-test-001507,0,0.0011194777109418484,0,0.23730266913355372,available
ab-test-001508,0,0.0033190947341975576,0,0.23730266913355372,available
ab-test-001509,0,0.017428148698890224,0,0.23730266913355372,available
ab-test-001510,0,0.0032831017170556077,0,0.23730266913355372,available
ab-test-001511,0,0.0011817811384393587,0,0.23730266913355372,available
ab-test-001512,0,0.008682931448834695,0,0.23730266913355372,available
ab-test-001513,0,0.0017709241247112026,0,0.23730266913355372,available
ab-test-001514,0,0.016148154077735732,0,0.23730266913355372,available
ab-test-001515,0,0.002449623804575001,0,0.23730266913355372,available
ab-test-001516,0,0.024355603446018313,0,0.23730266913355372,available
ab-test-001517,0,0.0016327938008069856,0,0.23730266913355372,available
ab-test-001518,0,0.10903639319541168,0,0.23730266913355372,available
ab-test-001519,0,0.0019723765853065195,0,0.23730266913355372,available
ab-test-001520,0,0.009401373403739019,0,0.23730266913355372,available
ab-test-001521,0,0.005789517871999468,0,0.23730266913355372,available
ab-test-001522,0,0.005310991981185737,0,0.23730266913355372,available
ab-test-001523,0,0.0027068765189552494,0,0.23730266913355372,available
ab-test-001524,0,0.0031500660043517793,0,0.23730266913355372,available
ab-test-001525,0,0.33454940410629913,1,0.23730266913355372,available
ab-test-001526,1,0.9028980294340853,1,0.23730266913355372,available
ab-test-001527,0,0.01727793437375088,0,0.23730266913355372,available
ab-test-001528,0,0.004423386695932374,0,0.23730266913355372,available
ab-test-001529,0,0.005851361481205819,0,0.23730266913355372,available
ab-test-001530,0,0.02649336973688599,0,0.23730266913355372,available
ab-test-001531,0,0.013384648500841447,0,0.23730266913355372,available
ab-test-001532,0,0.001266116247252834,0,0.23730266913355372,available
ab-test-001533,0,0.007112976663961605,0,0.23730266913355372,available
ab-test-001534,0,0.00479544558066908,0,0.23730266913355372,available
ab-test-001535,0,0.009901720034035668,0,0.23730266913355372,available
ab-test-001536,0,0.053672502732855384,0,0.23730266913355372,available
ab-test-001537,0,0.0009949924569606383,0,0.23730266913355372,available
ab-test-001538,0,0.013310863356320384,0,0.23730266913355372,available
ab-test-001539,0,0.014812709697386657,0,0.23730266913355372,available
ab-test-001540,0,0.0030193227221325253,0,0.23730266913355372,available
ab-test-001541,0,0.004638230440167342,0,0.23730266913355372,available
ab-test-001542,1,0.9502580581404184,1,0.23730266913355372,available
ab-test-001543,0,0.005166744759500871,0,0.23730266913355372,available
ab-test-001544,1,0.82465440617502,1,0.23730266913355372,available
ab-test-001545,0,0.004921279679063155,0,0.23730266913355372,available
ab-test-001546,1,0.9971084417239712,1,0.23730266913355372,available
ab-test-001547,0,0.001986890664970901,0,0.23730266913355372,available
ab-test-001548,0,0.002123897325319866,0,0.23730266913355372,available
ab-test-001549,0,0.004093493914087933,0,0.23730266913355372,available
ab-test-001550,1,0.892727860405283,1,0.23730266913355372,available
ab-test-001551,0,0.003695158277466975,0,0.23730266913355372,available
ab-test-001552,0,0.013391417835914748,0,0.23730266913355372,available
ab-test-001553,0,0.003000827514171145,0,0.23730266913355372,available
ab-test-001554,0,0.008637346013111348,0,0.23730266913355372,available
ab-test-001555,0,0.006698354546569679,0,0.23730266913355372,available
ab-test-001556,0,0.023047296340951772,0,0.23730266913355372,available
ab-test-001557,1,0.6255941654192262,1,0.23730266913355372,available
ab-test-001558,0,0.004456401368138879,0,0.23730266913355372,available
ab-test-001559,0,0.0019361690583553739,0,0.23730266913355372,available
ab-test-001560,0,0.004216953006353977,0,0.23730266913355372,available
ab-test-001561,1,0.9839254597617831,1,0.23730266913355372,available
ab-test-001562,0,0.005225688767590725,0,0.23730266913355372,available
ab-test-001563,0,0.00541021426574008,0,0.23730266913355372,available
ab-test-001564,0,0.000623030525554254,0,0.23730266913355372,available
ab-test-001565,0,0.0019735354898396703,0,0.23730266913355372,available
ab-test-001566,0,0.0026739610075390743,0,0.23730266913355372,available
ab-test-001567,0,0.01273841015863246,0,0.23730266913355372,available
ab-test-001568,0,0.00831331569425947,0,0.23730266913355372,available
ab-test-001569,1,0.8530163318538493,1,0.23730266913355372,available
ab-test-001570,1,0.17963536228898216,0,0.23730266913355372,available
ab-test-001571,0,0.02565760166683613,0,0.23730266913355372,available
ab-test-001572,0,0.001983919029073136,0,0.23730266913355372,available
ab-test-001573,0,0.0021392889254561033,0,0.23730266913355372,available
ab-test-001574,0,0.009557648453601459,0,0.23730266913355372,available
ab-test-001575,0,0.005587802748747956,0,0.23730266913355372,available
ab-test-001576,0,0.0013544091345310243,0,0.23730266913355372,available
ab-test-001577,0,0.00595702775063131,0,0.23730266913355372,available
ab-test-001578,0,0.008403064049668361,0,0.23730266913355372,available
ab-test-001579,0,0.005610525531752672,0,0.23730266913355372,available
ab-test-001580,0,0.10361457338445769,0,0.23730266913355372,available
ab-test-001581,0,0.01977695747270131,0,0.23730266913355372,available
ab-test-001582,1,0.1850665043198478,0,0.23730266913355372,available
ab-test-001583,1,0.9868989706612002,1,0.23730266913355372,available
ab-test-001584,0,0.00834110106113814,0,0.23730266913355372,available
ab-test-001585,0,0.002277878295285181,0,0.23730266913355372,available
ab-test-001586,0,0.008150515395758272,0,0.23730266913355372,available
ab-test-001587,0,0.052874683349019645,0,0.23730266913355372,available
ab-test-001588,1,0.9601210408007382,1,0.23730266913355372,available
ab-test-001589,0,0.010652322675395294,0,0.23730266913355372,available
ab-test-001590,0,0.0017506662096606798,0,0.23730266913355372,available
ab-test-001591,0,0.006229613600524303,0,0.23730266913355372,available
ab-test-001592,0,0.008486142516431094,0,0.23730266913355372,available
ab-test-001593,0,0.0036291714515220693,0,0.23730266913355372,available
ab-test-001594,0,0.015277977112579694,0,0.23730266913355372,available
ab-test-001595,0,0.0027861253735600097,0,0.23730266913355372,available
ab-test-001596,1,0.8452506209780284,1,0.23730266913355372,available
ab-test-001597,1,0.9382174750510932,1,0.23730266913355372,available
ab-test-001598,0,0.006334927890140659,0,0.23730266913355372,available
ab-test-001599,0,0.0011553593682692603,0,0.23730266913355372,available
ab-test-001600,0,0.003219261984216426,0,0.23730266913355372,available
ab-test-001601,1,0.9974727158509589,1,0.23730266913355372,available
ab-test-001602,0,0.0019887105635106495,0,0.23730266913355372,available
ab-test-001603,0,0.023514573458536577,0,0.23730266913355372,available
ab-test-001604,1,0.4377106127804794,1,0.23730266913355372,available
ab-test-001605,0,0.027188473659917972,0,0.23730266913355372,available
ab-test-001606,0,0.04150193487253807,0,0.23730266913355372,available
ab-test-001607,0,0.004078661382570413,0,0.23730266913355372,available
ab-test-001608,0,0.0012860375428199661,0,0.23730266913355372,available
ab-test-001609,0,0.006504500886005452,0,0.23730266913355372,available
ab-test-001610,0,0.03814353942382175,0,0.23730266913355372,available
ab-test-001611,1,0.3490595343620768,1,0.23730266913355372,available
ab-test-001612,0,0.006743536618045861,0,0.23730266913355372,available
ab-test-001613,0,0.010967993881202646,0,0.23730266913355372,available
ab-test-001614,0,0.012618926431812595,0,0.23730266913355372,available
ab-test-001615,0,0.00515552418892119,0,0.23730266913355372,available
ab-test-001616,0,0.018484606671768426,0,0.23730266913355372,available
ab-test-001617,0,0.002858303586976525,0,0.23730266913355372,available
ab-test-001618,1,0.9526692024886543,1,0.23730266913355372,available
ab-test-001619,0,0.014342057460928339,0,0.23730266913355372,available
ab-test-001620,0,0.003682237962688882,0,0.23730266913355372,available
ab-test-001621,0,0.015462965373737265,0,0.23730266913355372,available
ab-test-001622,1,0.8121438951033088,1,0.23730266913355372,available
ab-test-001623,0,0.00325480175488972,0,0.23730266913355372,available
ab-test-001624,1,0.9868085731111931,1,0.23730266913355372,available
ab-test-001625,0,0.02103509922607927,0,0.23730266913355372,available
ab-test-001626,0,0.013735989276657973,0,0.23730266913355372,available
ab-test-001627,0,0.020763742561946897,0,0.23730266913355372,available
ab-test-001628,0,0.0038051542137965085,0,0.23730266913355372,available
ab-test-001629,0,0.009780376437722584,0,0.23730266913355372,available
ab-test-001630,0,0.020820351619809673,0,0.23730266913355372,available
ab-test-001631,0,0.005721191789335009,0,0.23730266913355372,available
ab-test-001632,0,0.004688490549915122,0,0.23730266913355372,available
ab-test-001633,0,0.004793122493887111,0,0.23730266913355372,available
ab-test-001634,0,0.0042655532289580965,0,0.23730266913355372,available
ab-test-001635,0,0.014921163186479645,0,0.23730266913355372,available
ab-test-001636,0,0.0021437778029469753,0,0.23730266913355372,available
ab-test-001637,1,0.8490494183539331,1,0.23730266913355372,available
ab-test-001638,0,0.0012254823614590413,0,0.23730266913355372,available
ab-test-001639,1,0.7901589355417007,1,0.23730266913355372,available
ab-test-001640,0,0.03431753770805773,0,0.23730266913355372,available
ab-test-001641,0,0.002167589398282032,0,0.23730266913355372,available
ab-test-001642,0,0.006346307618220883,0,0.23730266913355372,available
ab-test-001643,0,0.0030828722960529937,0,0.23730266913355372,available
ab-test-001644,0,0.007652235597265528,0,0.23730266913355372,available
ab-test-001645,0,0.0028450943833848224,0,0.23730266913355372,available
ab-test-001646,0,0.001885619632456638,0,0.23730266913355372,available
ab-test-001647,0,0.00167863139986242,0,0.23730266913355372,available
ab-test-001648,0,0.015722414250608163,0,0.23730266913355372,available
ab-test-001649,0,0.010051476479906724,0,0.23730266913355372,available
ab-test-001650,0,0.04303213936083114,0,0.23730266913355372,available
ab-test-001651,0,0.009123076125800178,0,0.23730266913355372,available
ab-test-001652,0,0.014562227610150684,0,0.23730266913355372,available
ab-test-001653,0,0.0020057177594043126,0,0.23730266913355372,available
ab-test-001654,0,0.0044480163418021594,0,0.23730266913355372,available
ab-test-001655,0,0.0035825547170045156,0,0.23730266913355372,available
ab-test-001656,1,0.9393642998959272,1,0.23730266913355372,available
ab-test-001657,0,0.012417963400894991,0,0.23730266913355372,available
ab-test-001658,0,0.030463266323420866,0,0.23730266913355372,available
ab-test-001659,0,0.10350851583007195,0,0.23730266913355372,available
ab-test-001660,0,0.010736313492984737,0,0.23730266913355372,available
ab-test-001661,0,0.0016561023804133421,0,0.23730266913355372,available
ab-test-001662,0,0.0018205760114477294,0,0.23730266913355372,available
ab-test-001663,0,0.01842657227426028,0,0.23730266913355372,available
ab-test-001664,1,0.9531890013789878,1,0.23730266913355372,available
ab-test-001665,0,0.0368992921652925,0,0.23730266913355372,available
ab-test-001666,0,0.01464040232104068,0,0.23730266913355372,available
ab-test-001667,0,0.019466511352231663,0,0.23730266913355372,available
ab-test-001668,0,0.0037617622894559424,0,0.23730266913355372,available
ab-test-001669,0,0.0452888821215056,0,0.23730266913355372,available
ab-test-001670,0,0.0014434093175923106,0,0.23730266913355372,available
ab-test-001671,0,0.001635492691612096,0,0.23730266913355372,available
ab-test-001672,0,0.07225426516660413,0,0.23730266913355372,available
ab-test-001673,0,0.004171061613225103,0,0.23730266913355372,available
ab-test-001674,0,0.05812637577043347,0,0.23730266913355372,available
ab-test-001675,0,0.013521562797554764,0,0.23730266913355372,available
ab-test-001676,0,0.0020055789221883266,0,0.23730266913355372,available
ab-test-001677,0,0.009232750746939442,0,0.23730266913355372,available
ab-test-001678,0,0.0016672301094343867,0,0.23730266913355372,available
ab-test-001679,0,0.0016287624682393518,0,0.23730266913355372,available
ab-test-001680,0,0.032655708145846916,0,0.23730266913355372,available
ab-test-001681,0,0.010669933374792965,0,0.23730266913355372,available
ab-test-001682,0,0.018370203600530797,0,0.23730266913355372,available
ab-test-001683,0,0.012828707644588036,0,0.23730266913355372,available
ab-test-001684,0,0.0006256832309438987,0,0.23730266913355372,available
ab-test-001685,1,0.9676864794551499,1,0.23730266913355372,available
ab-test-001686,0,0.007319710712019318,0,0.23730266913355372,available
ab-test-001687,0,0.015127455720746901,0,0.23730266913355372,available
ab-test-001688,1,0.9636116493322127,1,0.23730266913355372,available
ab-test-001689,1,0.9669256589581965,1,0.23730266913355372,available
ab-test-001690,0,0.005463496831325771,0,0.23730266913355372,available
ab-test-001691,0,0.014034388691631115,0,0.23730266913355372,available
ab-test-001692,0,0.0053661115312642034,0,0.23730266913355372,available
ab-test-001693,0,0.0010724364549939208,0,0.23730266913355372,available
ab-test-001694,0,0.01079637706467426,0,0.23730266913355372,available
ab-test-001695,0,0.003407940483092777,0,0.23730266913355372,available
ab-test-001696,0,0.0032965541082537546,0,0.23730266913355372,available
ab-test-001697,0,0.1966623387405422,0,0.23730266913355372,available
ab-test-001698,0,0.0029047152390106303,0,0.23730266913355372,available
ab-test-001699,1,0.9812237342263339,1,0.23730266913355372,available
ab-test-001700,1,0.3315778465966672,1,0.23730266913355372,available
ab-test-001701,0,0.0009860585906428614,0,0.23730266913355372,available
ab-test-001702,0,0.00228390239426858,0,0.23730266913355372,available
ab-test-001703,0,0.0025549889408822877,0,0.23730266913355372,available
ab-test-001704,0,0.0011532360342228804,0,0.23730266913355372,available
ab-test-001705,0,0.006832864918924313,0,0.23730266913355372,available
ab-test-001706,0,0.0026590231576767063,0,0.23730266913355372,available
ab-test-001707,0,0.005115424623149031,0,0.23730266913355372,available
ab-test-001708,0,0.004374987903217921,0,0.23730266913355372,available
ab-test-001709,0,0.0012564761622107878,0,0.23730266913355372,available
ab-test-001710,0,0.009504876192903687,0,0.23730266913355372,available
ab-test-001711,0,0.0072863017578868395,0,0.23730266913355372,available
ab-test-001712,0,0.00043104267477459863,0,0.23730266913355372,available
ab-test-001713,0,0.017739404161255422,0,0.23730266913355372,available
ab-test-001714,0,0.007053983813536259,0,0.23730266913355372,available
ab-test-001715,0,0.0022619054321381944,0,0.23730266913355372,available
ab-test-001716,0,0.0019552010471738496,0,0.23730266913355372,available
ab-test-001717,0,0.008985766253759462,0,0.23730266913355372,available
ab-test-001718,0,0.0031106519520143596,0,0.23730266913355372,available
ab-test-001719,0,0.0038325183055240657,0,0.23730266913355372,available
ab-test-001720,0,0.00548839816252791,0,0.23730266913355372,available
ab-test-001721,0,0.022122327377999358,0,0.23730266913355372,available
ab-test-001722,0,0.00755967729385671,0,0.23730266913355372,available
ab-test-001723,0,0.011705854955258858,0,0.23730266913355372,available
ab-test-001724,0,0.0049558198974889835,0,0.23730266913355372,available
ab-test-001725,0,0.003276501346171574,0,0.23730266913355372,available
ab-test-001726,0,0.004344977390192306,0,0.23730266913355372,available
ab-test-001727,1,0.9336175556213062,1,0.23730266913355372,available
ab-test-001728,0,0.06491969867308085,0,0.23730266913355372,available
ab-test-001729,0,0.0030352459255725303,0,0.23730266913355372,available
ab-test-001730,0,0.003065655862975234,0,0.23730266913355372,available
ab-test-001731,0,0.0073934985019503,0,0.23730266913355372,available
ab-test-001732,0,0.0021758192996791112,0,0.23730266913355372,available
ab-test-001733,0,0.020917661853862415,0,0.23730266913355372,available
ab-test-001734,0,0.18854372882697343,0,0.23730266913355372,available
ab-test-001735,0,0.006265461097319913,0,0.23730266913355372,available
ab-test-001736,0,0.001339401153712135,0,0.23730266913355372,available
ab-test-001737,1,0.9025851398154725,1,0.23730266913355372,available
ab-test-001738,0,0.0009540808540957008,0,0.23730266913355372,available
ab-test-001739,0,0.0033174359233238385,0,0.23730266913355372,available
ab-test-001740,0,0.01054518585541976,0,0.23730266913355372,available
ab-test-001741,1,0.9934586520761945,1,0.23730266913355372,available
ab-test-001742,0,0.0018209430252485981,0,0.23730266913355372,available
ab-test-001743,0,0.08969586132244732,0,0.23730266913355372,available
ab-test-001744,0,0.009483939309047156,0,0.23730266913355372,available
ab-test-001745,0,0.004388812670472019,0,0.23730266913355372,available
ab-test-001746,0,0.04017182866496359,0,0.23730266913355372,available
ab-test-001747,0,0.0033847218307273587,0,0.23730266913355372,available
ab-test-001748,0,0.0043261748797222355,0,0.23730266913355372,available
ab-test-001749,1,0.9778341268814832,1,0.23730266913355372,available
ab-test-001750,0,0.012592937263478847,0,0.23730266913355372,available
ab-test-001751,0,0.02594436344010811,0,0.23730266913355372,available
ab-test-001752,0,0.0825391410103719,0,0.23730266913355372,available
ab-test-001753,0,0.0018896140647039839,0,0.23730266913355372,available
ab-test-001754,0,0.013936976614687936,0,0.23730266913355372,available
ab-test-001755,0,0.006857647826711541,0,0.23730266913355372,available
ab-test-001756,0,0.004645955696341106,0,0.23730266913355372,available
ab-test-001757,0,0.011452689621704204,0,0.23730266913355372,available
ab-test-001758,0,0.0353661251582807,0,0.23730266913355372,available
ab-test-001759,0,0.012841648173131168,0,0.23730266913355372,available
ab-test-001760,0,0.00428543712927885,0,0.23730266913355372,available
ab-test-001761,0,0.07226190707593896,0,0.23730266913355372,available
ab-test-001762,0,0.005813483019026053,0,0.23730266913355372,available
ab-test-001763,0,0.00462401743009201,0,0.23730266913355372,available
ab-test-001764,0,0.0019107915579184196,0,0.23730266913355372,available
ab-test-001765,0,0.0019963630561501138,0,0.23730266913355372,available
ab-test-001766,0,0.015553314529821068,0,0.23730266913355372,available
ab-test-001767,0,0.0019330565797113528,0,0.23730266913355372,available
ab-test-001768,0,0.031026428523243926,0,0.23730266913355372,available
ab-test-001769,0,0.01866648450432261,0,0.23730266913355372,available
ab-test-001770,0,0.004604922265732745,0,0.23730266913355372,available
ab-test-001771,1,0.9365060575776931,1,0.23730266913355372,available
ab-test-001772,1,0.8488429594744993,1,0.23730266913355372,available
ab-test-001773,0,0.013283729970858927,0,0.23730266913355372,available
ab-test-001774,0,0.020862776710666036,0,0.23730266913355372,available
ab-test-001775,0,0.03965000955654638,0,0.23730266913355372,available
ab-test-001776,1,0.9153305662954857,1,0.23730266913355372,available
ab-test-001777,1,0.9781279693647406,1,0.23730266913355372,available
ab-test-001778,0,0.029198869242085024,0,0.23730266913355372,available
ab-test-001779,0,0.0010608576123868352,0,0.23730266913355372,available
ab-test-001780,0,0.0029754290198110854,0,0.23730266913355372,available
ab-test-001781,0,0.003497148904180233,0,0.23730266913355372,available
ab-test-001782,0,0.05089287341911054,0,0.23730266913355372,available
ab-test-001783,0,0.024295749106420607,0,0.23730266913355372,available
ab-test-001784,0,0.0030060304046779143,0,0.23730266913355372,available
ab-test-001785,0,0.5231811560472813,1,0.23730266913355372,available
ab-test-001786,0,0.07116152602118567,0,0.23730266913355372,available
ab-test-001787,0,0.0030694012268566123,0,0.23730266913355372,available
ab-test-001788,0,0.0020207665287778737,0,0.23730266913355372,available
ab-test-001789,0,0.007061804508337519,0,0.23730266913355372,available
ab-test-001790,0,0.378306785396859,1,0.23730266913355372,available
ab-test-001791,0,0.011661867438919261,0,0.23730266913355372,available
ab-test-001792,0,0.019285596063018034,0,0.23730266913355372,available
ab-test-001793,0,0.0023199467985113324,0,0.23730266913355372,available
ab-test-001794,0,0.004450838744789174,0,0.23730266913355372,available
ab-test-001795,0,0.0009746485541111592,0,0.23730266913355372,available
ab-test-001796,0,0.010273396770632784,0,0.23730266913355372,available
ab-test-001797,0,0.009266032139636707,0,0.23730266913355372,available
ab-test-001798,0,0.009642862301128973,0,0.23730266913355372,available
ab-test-001799,0,0.0008822301968908654,0,0.23730266913355372,available
ab-test-001800,0,0.0018383634234894356,0,0.23730266913355372,available
ab-test-001801,0,0.03896069088191354,0,0.23730266913355372,available
ab-test-001802,0,0.05547517475142806,0,0.23730266913355372,available
ab-test-001803,0,0.004097872516468612,0,0.23730266913355372,available
ab-test-001804,0,0.0023396821006467635,0,0.23730266913355372,available
ab-test-001805,0,0.00282310826023905,0,0.23730266913355372,available
ab-test-001806,0,0.002141220759996266,0,0.23730266913355372,available
ab-test-001807,0,0.003189572676499219,0,0.23730266913355372,available
ab-test-001808,1,0.876224207560671,1,0.23730266913355372,available
ab-test-001809,0,0.00231690178824045,0,0.23730266913355372,available
ab-test-001810,0,0.00139878012103122,0,0.23730266913355372,available
ab-test-001811,0,0.016778375346335903,0,0.23730266913355372,available
ab-test-001812,0,0.019279422630453527,0,0.23730266913355372,available
ab-test-001813,0,0.014460953626566925,0,0.23730266913355372,available
ab-test-001814,0,0.016392002500109255,0,0.23730266913355372,available
ab-test-001815,0,0.010886684419074078,0,0.23730266913355372,available
ab-test-001816,1,0.9697082217943426,1,0.23730266913355372,available
ab-test-001817,0,0.001742005074432384,0,0.23730266913355372,available
ab-test-001818,0,0.0020373015718175313,0,0.23730266913355372,available
ab-test-001819,0,0.0009197394006255453,0,0.23730266913355372,available
ab-test-001820,1,0.9830199510183444,1,0.23730266913355372,available
ab-test-001821,0,0.01279160628889712,0,0.23730266913355372,available
ab-test-001822,0,0.018911991425316715,0,0.23730266913355372,available
ab-test-001823,1,0.9720586049657985,1,0.23730266913355372,available
ab-test-001824,0,0.002007028264250557,0,0.23730266913355372,available
ab-test-001825,0,0.0034770713690723933,0,0.23730266913355372,available
ab-test-001826,0,0.005518027384637932,0,0.23730266913355372,available
ab-test-001827,0,0.008797023762254367,0,0.23730266913355372,available
ab-test-001828,0,0.011477393197009488,0,0.23730266913355372,available
ab-test-001829,0,0.007430169549503429,0,0.23730266913355372,available
ab-test-001830,1,0.9574899553846002,1,0.23730266913355372,available
ab-test-001831,0,0.011224606839057958,0,0.23730266913355372,available
ab-test-001832,0,0.009136935246789222,0,0.23730266913355372,available
ab-test-001833,0,0.0029887126723872723,0,0.23730266913355372,available
ab-test-001834,0,0.010434223365044345,0,0.23730266913355372,available
ab-test-001835,0,0.01794559001929211,0,0.23730266913355372,available
ab-test-001836,0,0.001243447989185808,0,0.23730266913355372,available
ab-test-001837,0,0.002140885306734883,0,0.23730266913355372,available
ab-test-001838,0,0.002636822427834393,0,0.23730266913355372,available
ab-test-001839,0,0.002192584494791176,0,0.23730266913355372,available
ab-test-001840,0,0.02712683308614324,0,0.23730266913355372,available
ab-test-001841,0,0.007240743622091885,0,0.23730266913355372,available
ab-test-001842,0,0.28270896615089247,1,0.23730266913355372,available
ab-test-001843,0,0.001020598944532348,0,0.23730266913355372,available
ab-test-001844,1,0.7994548497555393,1,0.23730266913355372,available
ab-test-001845,0,0.005324752324664222,0,0.23730266913355372,available
ab-test-001846,0,0.013472359100071857,0,0.23730266913355372,available
ab-test-001847,0,0.007154737227944374,0,0.23730266913355372,available
ab-test-001848,0,0.003097967618362787,0,0.23730266913355372,available
ab-test-001849,0,0.009375395543024913,0,0.23730266913355372,available
ab-test-001850,0,0.0021032923553067767,0,0.23730266913355372,available
ab-test-001851,0,0.00867493263474339,0,0.23730266913355372,available
ab-test-001852,0,0.003279603826571574,0,0.23730266913355372,available
ab-test-001853,1,0.3792770361746249,1,0.23730266913355372,available
ab-test-001854,0,0.16775462211591227,0,0.23730266913355372,available
ab-test-001855,0,0.0019078658943089922,0,0.23730266913355372,available
ab-test-001856,0,0.013444325013387392,0,0.23730266913355372,available
ab-test-001857,0,0.011556207134714454,0,0.23730266913355372,available
ab-test-001858,0,0.004776932941409182,0,0.23730266913355372,available
ab-test-001859,0,0.022005151315633492,0,0.23730266913355372,available
ab-test-001860,0,0.004527460847723414,0,0.23730266913355372,available
ab-test-001861,0,0.07594270085033934,0,0.23730266913355372,available
ab-test-001862,0,0.0023431260333831765,0,0.23730266913355372,available
ab-test-001863,0,0.0033157167503484086,0,0.23730266913355372,available
ab-test-001864,0,0.0032307741795188235,0,0.23730266913355372,available
ab-test-001865,0,0.0022254923381096465,0,0.23730266913355372,available
ab-test-001866,0,0.006708970876130886,0,0.23730266913355372,available
ab-test-001867,0,0.0008480260787721684,0,0.23730266913355372,available
ab-test-001868,0,0.004841484752017078,0,0.23730266913355372,available
ab-test-001869,0,0.016866874680756413,0,0.23730266913355372,available
ab-test-001870,0,0.0006897119245134788,0,0.23730266913355372,available
ab-test-001871,0,0.0158731298674755,0,0.23730266913355372,available
ab-test-001872,0,0.0033798867018421455,0,0.23730266913355372,available
ab-test-001873,0,0.0973081282237123,0,0.23730266913355372,available
ab-test-001874,0,0.0034449208477309447,0,0.23730266913355372,available
ab-test-001875,0,0.019945278503549043,0,0.23730266913355372,available
ab-test-001876,0,0.003030054349303259,0,0.23730266913355372,available
ab-test-001877,0,0.014616537310083449,0,0.23730266913355372,available
ab-test-001878,0,0.018414354207538185,0,0.23730266913355372,available
ab-test-001879,0,0.0013984810119189216,0,0.23730266913355372,available
ab-test-001880,0,0.008737810248883218,0,0.23730266913355372,available
ab-test-001881,0,0.012225200876930468,0,0.23730266913355372,available
ab-test-001882,0,0.004877541240035993,0,0.23730266913355372,available
ab-test-001883,1,0.9721250792015019,1,0.23730266913355372,available
ab-test-001884,0,0.006184945021817893,0,0.23730266913355372,available
ab-test-001885,0,0.004777346145316556,0,0.23730266913355372,available
ab-test-001886,0,0.0027561172679765327,0,0.23730266913355372,available
ab-test-001887,1,0.9478297721695671,1,0.23730266913355372,available
ab-test-001888,0,0.00965088001876704,0,0.23730266913355372,available
ab-test-001889,0,0.002945550822159126,0,0.23730266913355372,available
ab-test-001890,0,0.0031943091454238516,0,0.23730266913355372,available
ab-test-001891,0,0.058859785049877274,0,0.23730266913355372,available
ab-test-001892,0,0.010207332047696133,0,0.23730266913355372,available
ab-test-001893,1,0.6211994328871554,1,0.23730266913355372,available
ab-test-001894,0,0.003511127116336476,0,0.23730266913355372,available
ab-test-001895,1,0.8913902069609653,1,0.23730266913355372,available
ab-test-001896,0,0.0019137460013644077,0,0.23730266913355372,available
ab-test-001897,0,0.0016381849207802901,0,0.23730266913355372,available
ab-test-001898,0,0.008412371294458949,0,0.23730266913355372,available
ab-test-001899,0,0.009440913074946124,0,0.23730266913355372,available
ab-test-001900,0,0.0016542908968641998,0,0.23730266913355372,available
ab-test-001901,0,0.0005957979390120871,0,0.23730266913355372,available
ab-test-001902,0,0.008900308690953006,0,0.23730266913355372,available
ab-test-001903,0,0.0015370712579042026,0,0.23730266913355372,available
ab-test-001904,1,0.9570563615073548,1,0.23730266913355372,available
ab-test-001905,0,0.013236182307408159,0,0.23730266913355372,available
ab-test-001906,0,0.0027796942441071916,0,0.23730266913355372,available
ab-test-001907,0,0.0036056412448829222,0,0.23730266913355372,available
ab-test-001908,0,0.0012535053063836088,0,0.23730266913355372,available
ab-test-001909,0,0.0230398971182794,0,0.23730266913355372,available
ab-test-001910,0,0.005468487112259128,0,0.23730266913355372,available
ab-test-001911,0,0.0019091790607796274,0,0.23730266913355372,available
ab-test-001912,1,0.3862293049819892,1,0.23730266913355372,available
ab-test-001913,0,0.06134464352475986,0,0.23730266913355372,available
ab-test-001914,0,0.0023758845877750877,0,0.23730266913355372,available
ab-test-001915,0,0.008318258418777745,0,0.23730266913355372,available
