pair_id,label,probability,prediction,threshold,status
ab-test-000000,0,0.006192185431576165,0,0.3872229362574593,available
ab-test-000001,0,0.6383266156060801,1,0.3872229362574593,available
ab-test-000002,0,0.017422587035051944,0,0.3872229362574593,available
ab-test-000003,1,0.20992516866613808,0,0.3872229362574593,available
ab-test-000004,0,0.0030791521587999397,0,0.3872229362574593,available
ab-test-000005,0,0.0023185088265910638,0,0.3872229362574593,available
ab-test-000006,0,0.013804971667242379,0,0.3872229362574593,available
ab-test-000007,0,0.0073721615527270815,0,0.3872229362574593,available
ab-test-000008,0,0.014655103947451058,0,0.3872229362574593,available
ab-test-000009,0,0.006802500456268915,0,0.3872229362574593,available
ab-test-000010,0,0.012205977137417116,0,0.3872229362574593,available
ab-test-000011,0,0.0049496379758768895,0,0.3872229362574593,available
ab-test-000012,0,0.00281227317349,0,0.3872229362574593,available
ab-test-000013,0,0.19987158289965967,0,0.3872229362574593,available
ab-test-000014,0,0.0058516804497709156,0,0.3872229362574593,available
ab-test-000015,0,0.394806209774278,1,0.3872229362574593,available
ab-test-000016,0,0.032928176684371306,0,0.3872229362574593,available
ab-test-000017,0,0.054842507648900425,0,0.3872229362574593,available
ab-test-000018,0,0.008359863133499238,0,0.3872229362574593,available
ab-test-000019,0,0.009198378020966576,0,0.3872229362574593,available
ab-test-000020,0,0.030427809148841686,0,0.3872229362574593,available
ab-test-000021,0,0.003414303302705348,0,0.3872229362574593,available
ab-test-000022,0,0.005312739758102535,0,0.3872229362574593,available
ab-test-000023,0,0.006116434805723004,0,0.3872229362574593,available
ab-test-000024,0,0.029330737811170227,0,0.3872229362574593,available
ab-test-000025,0,0.001965157611576567,0,0.3872229362574593,available
ab-test-000026,1,0.933789207381872,1,0.3872229362574593,available
ab-test-000027,0,0.03027002674699735,0,0.3872229362574593,available
ab-test-000028,0,0.0012378973475594007,0,0.3872229362574593,available
ab-test-000029,0,0.7793904766389429,1,0.3872229362574593,available
ab-test-000030,0,0.002520253403074704,0,0.3872229362574593,available
ab-test-000031,0,0.006984398323682569,0,0.3872229362574593,available
ab-test-000032,0,0.009403985663366742,0,0.3872229362574593,available
ab-test-000033,0,0.03162346159053154,0,0.3872229362574593,available
ab-test-000034,0,0.01270646013672421,0,0.3872229362574593,available
ab-test-000035,0,0.0009050784822609247,0,0.3872229362574593,available
ab-test-000036,0,0.0036937839090141877,0,0.3872229362574593,available
ab-test-000037,0,0.004326568286013529,0,0.3872229362574593,available
ab-test-000038,0,0.0077854735014684755,0,0.3872229362574593,available
ab-test-000039,0,0.0036451185014439867,0,0.3872229362574593,available
ab-test-000040,0,0.0024099240124082874,0,0.3872229362574593,available
ab-test-000041,0,0.6520882318944285,1,0.3872229362574593,available
ab-test-000042,0,0.05377245253977952,0,0.3872229362574593,available
ab-test-000043,0,0.0005717393227143271,0,0.3872229362574593,available
ab-test-000044,0,0.03389069564667164,0,0.3872229362574593,available
ab-test-000045,0,0.031032081022784434,0,0.3872229362574593,available
ab-test-000046,1,0.00414194666377688,0,0.3872229362574593,available
ab-test-000047,1,0.12078945205556166,0,0.3872229362574593,available
ab-test-000048,0,0.03610660017393863,0,0.3872229362574593,available
ab-test-000049,0,0.03095678544879662,0,0.3872229362574593,available
ab-test-000050,0,0.0567067242041128,0,0.3872229362574593,available
ab-test-000051,1,0.4267708981819034,1,0.3872229362574593,available
ab-test-000052,0,0.47661909589795254,1,0.3872229362574593,available
ab-test-000053,0,0.24152022428918646,0,0.3872229362574593,available
ab-test-000054,1,0.03537410310295221,0,0.3872229362574593,available
ab-test-000055,0,0.013154533420396925,0,0.3872229362574593,available
ab-test-000056,0,0.02363682993256039,0,0.3872229362574593,available
ab-test-000057,1,0.004464079408416552,0,0.3872229362574593,available
ab-test-000058,0,0.10162246285751247,0,0.3872229362574593,available
ab-test-000059,0,0.006395395019278172,0,0.3872229362574593,available
ab-test-000060,0,0.0021119439556014238,0,0.3872229362574593,available
ab-test-000061,0,0.024627444474951167,0,0.3872229362574593,available
ab-test-000062,0,0.21827605409538972,0,0.3872229362574593,available
ab-test-000063,0,0.0015728360311923245,0,0.3872229362574593,available
ab-test-000064,0,0.0037792188884367387,0,0.3872229362574593,available
ab-test-000065,0,0.010530090078840185,0,0.3872229362574593,available
ab-test-000066,0,0.004951145205806956,0,0.3872229362574593,available
ab-test-000067,0,0.002489878829691642,0,0.3872229362574593,available
ab-test-000068,0,0.011471318616068914,0,0.3872229362574593,available
ab-test-000069,0,0.02147913601764097,0,0.3872229362574593,available
ab-test-000070,0,0.01895747367186134,0,0.3872229362574593,available
ab-test-000071,0,0.004949864801160158,0,0.3872229362574593,available
ab-test-000072,0,0.0006071439612588521,0,0.3872229362574593,available
ab-test-000073,0,0.003868344592467178,0,0.3872229362574593,available
ab-test-000074,0,0.012073362161765966,0,0.3872229362574593,available
ab-test-000075,0,0.010005444469005538,0,0.3872229362574593,available
ab-test-000076,0,0.0553281689428514,0,0.3872229362574593,available
ab-test-000077,0,0.003301264353716122,0,0.3872229362574593,available
ab-test-000078,0,0.014405162618992187,0,0.3872229362574593,available
ab-test-000079,0,0.053569905506477354,0,0.3872229362574593,available
ab-test-000080,0,0.5253743522563241,1,0.3872229362574593,available
ab-test-000081,1,0.1551004545763079,0,0.3872229362574593,available
ab-test-000082,0,0.057267437977787446,0,0.3872229362574593,available
ab-test-000083,0,0.009019009300649914,0,0.3872229362574593,available
ab-test-000084,0,0.009418321210327757,0,0.3872229362574593,available
ab-test-000085,0,0.017313331367772192,0,0.3872229362574593,available
ab-test-000086,0,0.05097348595682919,0,0.3872229362574593,available
ab-test-000087,0,0.0013514919859918771,0,0.3872229362574593,available
ab-test-000088,0,0.020363347330844137,0,0.3872229362574593,available
ab-test-000089,0,0.0169949068327044,0,0.3872229362574593,available
ab-test-000090,0,0.0033267452509170192,0,0.3872229362574593,available
ab-test-000091,0,0.014477496622996395,0,0.3872229362574593,available
ab-test-000092,0,0.021062690643154743,0,0.3872229362574593,available
ab-test-000093,0,0.004356249604950635,0,0.3872229362574593,available
ab-test-000094,0,0.008143012612173046,0,0.3872229362574593,available
ab-test-000095,0,0.0015692032629916332,0,0.3872229362574593,available
ab-test-000096,0,0.003098818028687834,0,0.3872229362574593,available
ab-test-000097,0,0.009588636351396401,0,0.3872229362574593,available
ab-test-000098,0,0.003007220480654308,0,0.3872229362574593,available
ab-test-000099,0,0.0176075539021614,0,0.3872229362574593,available
ab-test-000100,0,0.005706709661042036,0,0.3872229362574593,available
ab-test-000101,0,0.004742622951384425,0,0.3872229362574593,available
ab-test-000102,1,0.02318544108045361,0,0.3872229362574593,available
ab-test-000103,0,0.020210068739189468,0,0.3872229362574593,available
ab-test-000104,0,0.031040216332146185,0,0.3872229362574593,available
ab-test-000105,0,0.5815039417083656,1,0.3872229362574593,available
ab-test-000106,0,0.0013719934645995875,0,0.3872229362574593,available
ab-test-000107,0,0.005732560129279104,0,0.3872229362574593,available
ab-test-000108,0,0.003996646208687204,0,0.3872229362574593,available
ab-test-000109,0,0.0020592767014601422,0,0.3872229362574593,available
ab-test-000110,0,0.06679058255366566,0,0.3872229362574593,available
ab-test-000111,0,0.0025159623597830268,0,0.3872229362574593,available
ab-test-000112,1,0.006837849741423437,0,0.3872229362574593,available
ab-test-000113,0,0.009542413191300515,0,0.3872229362574593,available
ab-test-000114,0,0.05945201892078654,0,0.3872229362574593,available
ab-test-000115,0,0.08160546482495169,0,0.3872229362574593,available
ab-test-000116,0,0.0010369623466996924,0,0.3872229362574593,available
ab-test-000117,0,0.3163180417693118,0,0.3872229362574593,available
ab-test-000118,0,0.0020629586461302003,0,0.3872229362574593,available
ab-test-000119,0,0.0007663824520953461,0,0.3872229362574593,available
ab-test-000120,0,0.004421452600391724,0,0.3872229362574593,available
ab-test-000121,0,0.007323763918654124,0,0.3872229362574593,available
ab-test-000122,0,0.0003321319921594436,0,0.3872229362574593,available
ab-test-000123,0,0.000970152842959408,0,0.3872229362574593,available
ab-test-000124,1,0.0030505056389243095,0,0.3872229362574593,available
ab-test-000125,0,0.006064035296668399,0,0.3872229362574593,available
ab-test-000126,1,0.5214594863684726,1,0.3872229362574593,available
ab-test-000127,1,0.0092569710635488,0,0.3872229362574593,available
ab-test-000128,0,0.08006365366982111,0,0.3872229362574593,available
ab-test-000129,0,0.0300603953570166,0,0.3872229362574593,available
ab-test-000130,0,0.0034018435011685605,0,0.3872229362574593,available
ab-test-000131,0,0.00038322207878744956,0,0.3872229362574593,available
ab-test-000132,1,0.2364068112344417,0,0.3872229362574593,available
ab-test-000133,0,0.03673234881924612,0,0.3872229362574593,available
ab-test-000134,0,0.0005160801779273346,0,0.3872229362574593,available
ab-test-000135,0,0.07382001929691032,0,0.3872229362574593,available
ab-test-000136,0,0.019553114212154915,0,0.3872229362574593,available
ab-test-000137,0,0.009017644532893148,0,0.3872229362574593,available
ab-test-000138,0,0.016600150188452848,0,0.3872229362574593,available
ab-test-000139,0,0.008442881142698309,0,0.3872229362574593,available
ab-test-000140,0,0.005779063885872716,0,0.3872229362574593,available
ab-test-000141,0,0.0010542587899437788,0,0.3872229362574593,available
ab-test-000142,0,0.013739921250727583,0,0.3872229362574593,available
ab-test-000143,0,0.008581448428668897,0,0.3872229362574593,available
ab-test-000144,0,0.001837751324507594,0,0.3872229362574593,available
ab-test-000145,0,0.006130360032570012,0,0.3872229362574593,available
ab-test-000146,0,0.019462618943577068,0,0.3872229362574593,available
ab-test-000147,0,0.051703739833385394,0,0.3872229362574593,available
ab-test-000148,0,0.0006828965296240133,0,0.3872229362574593,available
ab-test-000149,0,0.0024570666533813845,0,0.3872229362574593,available
ab-test-000150,0,0.01377496276072662,0,0.3872229362574593,available
ab-test-000151,1,0.0258075696129213,0,0.3872229362574593,available
ab-test-000152,0,0.15844135055641267,0,0.3872229362574593,available
ab-test-000153,1,0.034645697835884864,0,0.3872229362574593,available
ab-test-000154,0,0.07092674611096289,0,0.3872229362574593,available
ab-test-000155,1,0.3543030415430887,0,0.3872229362574593,available
ab-test-000156,0,0.0030288510199958747,0,0.3872229362574593,available
ab-test-000157,0,0.002117334906593547,0,0.3872229362574593,available
ab-test-000158,0,0.00434890395269598,0,0.3872229362574593,available
ab-test-000159,0,0.16687240445347798,0,0.3872229362574593,available
ab-test-000160,1,0.022185070760391248,0,0.3872229362574593,available
ab-test-000161,0,0.025801301512390965,0,0.3872229362574593,available
ab-test-000162,0,0.015338968142702216,0,0.3872229362574593,available
ab-test-000163,1,0.008824901791696439,0,0.3872229362574593,available
ab-test-000164,0,0.006377996628441782,0,0.3872229362574593,available
ab-test-000165,0,0.022442491354318896,0,0.3872229362574593,available
ab-test-000166,0,0.17385283226873474,0,0.3872229362574593,available
ab-test-000167,0,0.005893814074647809,0,0.3872229362574593,available
ab-test-000168,0,0.0050838550219648865,0,0.3872229362574593,available
ab-test-000169,0,0.0044901623435472235,0,0.3872229362574593,available
ab-test-000170,0,0.013330525732254581,0,0.3872229362574593,available
ab-test-000171,0,0.020263561178369076,0,0.3872229362574593,available
ab-test-000172,0,0.01633998388567565,0,0.3872229362574593,available
ab-test-000173,0,0.019255669782743314,0,0.3872229362574593,available
ab-test-000174,0,0.000829762875005799,0,0.3872229362574593,available
ab-test-000175,0,0.0032978329988606063,0,0.3872229362574593,available
ab-test-000176,0,0.0014898188730930162,0,0.3872229362574593,available
ab-test-000177,0,0.0020077361235005184,0,0.3872229362574593,available
ab-test-000178,1,0.0008789726674539397,0,0.3872229362574593,available
ab-test-000179,0,0.0056926283771606325,0,0.3872229362574593,available
ab-test-000180,0,0.004871337349251045,0,0.3872229362574593,available
ab-test-000181,1,0.006277922522326794,0,0.3872229362574593,available
ab-test-000182,0,0.02221559051925627,0,0.3872229362574593,available
ab-test-000183,0,0.00869714608600542,0,0.3872229362574593,available
ab-test-000184,1,0.0015510996017726055,0,0.3872229362574593,available
ab-test-000185,0,0.0011325333859729377,0,0.3872229362574593,available
ab-test-000186,1,0.9798112264195526,1,0.3872229362574593,available
ab-test-000187,0,0.01217429936365253,0,0.3872229362574593,available
ab-test-000188,0,0.01782553770856052,0,0.3872229362574593,available
ab-test-000189,0,0.008636215862513346,0,0.3872229362574593,available
ab-test-000190,0,0.006203133537091032,0,0.3872229362574593,available
ab-test-000191,0,0.01659582710319055,0,0.3872229362574593,available
ab-test-000192,0,0.00267348045693569,0,0.3872229362574593,available
ab-test-000193,0,0.01389098797376226,0,0.3872229362574593,available
ab-test-000194,0,0.005840736612005868,0,0.3872229362574593,available
ab-test-000195,0,0.08348478886610501,0,0.3872229362574593,available
ab-test-000196,0,0.003164399899816261,0,0.3872229362574593,available
ab-test-000197,0,0.007064714468995607,0,0.3872229362574593,available
ab-test-000198,0,0.05132333658683916,0,0.3872229362574593,available
ab-test-000199,0,0.0027349746647356535,0,0.3872229362574593,available
ab-test-000200,0,0.010552830312085554,0,0.3872229362574593,available
ab-test-000201,1,0.009439090384112786,0,0.3872229362574593,available
ab-test-000202,0,0.0008242373632015458,0,0.3872229362574593,available
ab-test-000203,0,0.004381657456531584,0,0.3872229362574593,available
ab-test-000204,0,0.023893417169128003,0,0.3872229362574593,available
ab-test-000205,1,0.9933216762630964,1,0.3872229362574593,available
ab-test-000206,0,0.20039792581244648,0,0.3872229362574593,available
ab-test-000207,0,0.017237495209985333,0,0.3872229362574593,available
ab-test-000208,1,0.2659656793570999,0,0.3872229362574593,available
ab-test-000209,0,0.003922831843890272,0,0.3872229362574593,available
ab-test-000210,0,0.0232592138644935,0,0.3872229362574593,available
ab-test-000211,0,0.04610558312937229,0,0.3872229362574593,available
ab-test-000212,0,0.05394126784929408,0,0.3872229362574593,available
ab-test-000213,0,0.0977393975601867,0,0.3872229362574593,available
ab-test-000214,1,0.07633734120363206,0,0.3872229362574593,available
ab-test-000215,0,0.010697928286146914,0,0.3872229362574593,available
ab-test-000216,0,0.0075003076963173244,0,0.3872229362574593,available
ab-test-000217,0,0.0036808931110375027,0,0.3872229362574593,available
ab-test-000218,0,0.0032622517982882535,0,0.3872229362574593,available
ab-test-000219,0,0.06665627288841243,0,0.3872229362574593,available
ab-test-000220,0,0.015860224413298665,0,0.3872229362574593,available
ab-test-000221,0,0.007386899514483849,0,0.3872229362574593,available
ab-test-000222,0,0.06806194166284107,0,0.3872229362574593,available
ab-test-000223,0,0.002767518696764399,0,0.3872229362574593,available
ab-test-000224,0,0.01453331043405453,0,0.3872229362574593,available
ab-test-000225,0,0.2617957146336314,0,0.3872229362574593,available
ab-test-000226,0,0.004282160778621127,0,0.3872229362574593,available
ab-test-000227,0,0.004591099242170817,0,0.3872229362574593,available
ab-test-000228,0,0.0015961477278352474,0,0.3872229362574593,available
ab-test-000229,1,0.7298056352869852,1,0.3872229362574593,available
ab-test-000230,0,0.0029546357560564767,0,0.3872229362574593,available
ab-test-000231,0,0.003762037517837219,0,0.3872229362574593,available
ab-test-000232,0,0.007021409665107435,0,0.3872229362574593,available
ab-test-000233,0,0.057125818644102724,0,0.3872229362574593,available
ab-test-000234,0,0.04798724981056678,0,0.3872229362574593,available
ab-test-000235,0,0.00326893544909658,0,0.3872229362574593,available
ab-test-000236,0,0.0011879781992687622,0,0.3872229362574593,available
ab-test-000237,1,0.6469383848920098,1,0.3872229362574593,available
ab-test-000238,0,0.011429761033406018,0,0.3872229362574593,available
ab-test-000239,0,0.01731878594241106,0,0.3872229362574593,available
ab-test-000240,0,0.0020656036519575496,0,0.3872229362574593,available
ab-test-000241,0,0.010410698827573164,0,0.3872229362574593,available
ab-test-000242,0,0.026761303972319305,0,0.3872229362574593,available
ab-test-000243,0,0.0013914672875038963,0,0.3872229362574593,available
ab-test-000244,0,0.0004954050435922738,0,0.3872229362574593,available
ab-test-000245,1,0.029447955274737325,0,0.3872229362574593,available
ab-test-000246,0,0.0021496384535094853,0,0.3872229362574593,available
ab-test-000247,0,0.0679097842109926,0,0.3872229362574593,available
ab-test-000248,0,0.010570012311380364,0,0.3872229362574593,available
ab-test-000249,0,0.001942283029608736,0,0.3872229362574593,available
ab-test-000250,0,0.0026353482302181423,0,0.3872229362574593,available
ab-test-000251,0,0.0038336854544453207,0,0.3872229362574593,available
ab-test-000252,0,0.0017417800090907124,0,0.3872229362574593,available
ab-test-000253,0,0.006570122871065553,0,0.3872229362574593,available
ab-test-000254,0,0.0022108315691598945,0,0.3872229362574593,available
ab-test-000255,0,0.06285833779252469,0,0.3872229362574593,available
ab-test-000256,0,0.01305353428516603,0,0.3872229362574593,available
ab-test-000257,0,0.0022777664586886926,0,0.3872229362574593,available
ab-test-000258,0,0.004103533773490645,0,0.3872229362574593,available
ab-test-000259,0,0.00782124461350879,0,0.3872229362574593,available
ab-test-000260,0,0.0066007779141030445,0,0.3872229362574593,available
ab-test-000261,0,0.06139926046667743,0,0.3872229362574593,available
ab-test-000262,0,0.007545604923307657,0,0.3872229362574593,available
ab-test-000263,0,0.13015126169541674,0,0.3872229362574593,available
ab-test-000264,0,0.0006413984772253746,0,0.3872229362574593,available
ab-test-000265,0,0.0046287402569912895,0,0.3872229362574593,available
ab-test-000266,0,0.000957495837842066,0,0.3872229362574593,available
ab-test-000267,0,0.0075933658577219225,0,0.3872229362574593,available
ab-test-000268,0,0.0031900682937154768,0,0.3872229362574593,available
ab-test-000269,0,0.002030458984699478,0,0.3872229362574593,available
ab-test-000270,0,0.008366101979593454,0,0.3872229362574593,available
ab-test-000271,0,0.003529567882723651,0,0.3872229362574593,available
ab-test-000272,0,0.008302158214453676,0,0.3872229362574593,available
ab-test-000273,0,0.00034920220059374345,0,0.3872229362574593,available
ab-test-000274,0,0.034164746102978254,0,0.3872229362574593,available
ab-test-000275,0,0.014055942156324195,0,0.3872229362574593,available
ab-test-000276,0,0.006897682078655412,0,0.3872229362574593,available
ab-test-000277,0,0.03274543474906841,0,0.3872229362574593,available
ab-test-000278,0,0.012967550131455922,0,0.3872229362574593,available
ab-test-000279,0,0.04714533028750988,0,0.3872229362574593,available
ab-test-000280,0,0.020464804099637558,0,0.3872229362574593,available
ab-test-000281,0,0.07035426679832794,0,0.3872229362574593,available
ab-test-000282,0,0.009157550284891569,0,0.3872229362574593,available
ab-test-000283,0,0.0034241254754421736,0,0.3872229362574593,available
ab-test-000284,0,0.02628967849507665,0,0.3872229362574593,available
ab-test-000285,0,0.002624911698856721,0,0.3872229362574593,available
ab-test-000286,0,0.03563721857421211,0,0.3872229362574593,available
ab-test-000287,0,0.011697784090208972,0,0.3872229362574593,available
ab-test-000288,0,0.20942833311431086,0,0.3872229362574593,available
ab-test-000289,0,0.00019506058527437404,0,0.3872229362574593,available
ab-test-000290,0,0.02044945755547378,0,0.3872229362574593,available
ab-test-000291,0,0.0015669179014061103,0,0.3872229362574593,available
ab-test-000292,0,0.08347199633388672,0,0.3872229362574593,available
ab-test-000293,0,0.03263721420571296,0,0.3872229362574593,available
ab-test-000294,0,0.020659408302765928,0,0.3872229362574593,available
ab-test-000295,0,0.005337944213923818,0,0.3872229362574593,available
ab-test-000296,1,0.7907135268842436,1,0.3872229362574593,available
ab-test-000297,0,0.004070360460784283,0,0.3872229362574593,available
ab-test-000298,0,0.037488764300386945,0,0.3872229362574593,available
ab-test-000299,0,0.012166628505689048,0,0.3872229362574593,available
ab-test-000300,0,0.017938965575628307,0,0.3872229362574593,available
ab-test-000301,0,0.04136439907372356,0,0.3872229362574593,available
ab-test-000302,0,0.007289682836703681,0,0.3872229362574593,available
ab-test-000303,0,0.04352378835552479,0,0.3872229362574593,available
ab-test-000304,0,0.009507169000227368,0,0.3872229362574593,available
ab-test-000305,0,0.007442718965986237,0,0.3872229362574593,available
ab-test-000306,0,0.3792384818211582,0,0.3872229362574593,available
ab-test-000307,1,0.011215894306655618,0,0.3872229362574593,available
ab-test-000308,1,0.03710789091999301,0,0.3872229362574593,available
ab-test-000309,0,0.002500913739159441,0,0.3872229362574593,available
ab-test-000310,0,0.00551188358396407,0,0.3872229362574593,available
ab-test-000311,1,0.041827917185037256,0,0.3872229362574593,available
ab-test-000312,0,0.0019929934248590847,0,0.3872229362574593,available
ab-test-000313,0,0.057516179410423474,0,0.3872229362574593,available
ab-test-000314,1,0.930289217604096,1,0.3872229362574593,available
ab-test-000315,0,0.0013776832951367733,0,0.3872229362574593,available
ab-test-000316,0,0.08871468604766275,0,0.3872229362574593,available
ab-test-000317,0,0.021440916889326235,0,0.3872229362574593,available
ab-test-000318,1,0.020110378425320347,0,0.3872229362574593,available
ab-test-000319,0,0.012465758810531932,0,0.3872229362574593,available
ab-test-000320,0,0.008928460327486471,0,0.3872229362574593,available
ab-test-000321,0,0.006980062177512905,0,0.3872229362574593,available
ab-test-000322,0,0.009413129418030356,0,0.3872229362574593,available
ab-test-000323,0,0.0030584530346596294,0,0.3872229362574593,available
ab-test-000324,0,0.33846866530978825,0,0.3872229362574593,available
ab-test-000325,0,0.002455302209108497,0,0.3872229362574593,available
ab-test-000326,0,0.00035335647428392245,0,0.3872229362574593,available
ab-test-000327,0,0.0013030816017418623,0,0.3872229362574593,available
ab-test-000328,0,0.004807550769997563,0,0.3872229362574593,available
ab-test-000329,1,0.010759224592311477,0,0.3872229362574593,available
ab-test-000330,0,0.02985848429819344,0,0.3872229362574593,available
ab-test-000331,1,0.29140028629195325,0,0.3872229362574593,available
ab-test-000332,0,0.07039570024540459,0,0.3872229362574593,available
ab-test-000333,0,0.025800225076932214,0,0.3872229362574593,available
ab-test-000334,0,0.00029396301907835744,0,0.3872229362574593,available
ab-test-000335,0,0.008213752377729255,0,0.3872229362574593,available
ab-test-000336,0,0.15763754579734549,0,0.3872229362574593,available
ab-test-000337,1,0.04359633696898527,0,0.3872229362574593,available
ab-test-000338,0,0.3685097400013446,0,0.3872229362574593,available
ab-test-000339,0,0.15974644390848844,0,0.3872229362574593,available
ab-test-000340,0,0.01461278042500637,0,0.3872229362574593,available
ab-test-000341,0,0.44047742618623803,1,0.3872229362574593,available
ab-test-000342,0,0.001476587939963319,0,0.3872229362574593,available
ab-test-000343,0,0.9191040165130226,1,0.3872229362574593,available
ab-test-000344,0,0.00661447746779105,0,0.3872229362574593,available
ab-test-000345,0,0.0012995744944225085,0,0.3872229362574593,available
ab-test-000346,1,0.00035429215344085033,0,0.3872229362574593,available
ab-test-000347,0,0.06826694987168541,0,0.3872229362574593,available
ab-test-000348,0,0.000298023962463743,0,0.3872229362574593,available
ab-test-000349,0,0.052723695170134526,0,0.3872229362574593,available
ab-test-000350,0,0.008039608037100408,0,0.3872229362574593,available
ab-test-000351,0,0.1738894079326092,0,0.3872229362574593,available
ab-test-000352,0,0.0038895532900981977,0,0.3872229362574593,available
ab-test-000353,0,0.02993138574097077,0,0.3872229362574593,available
ab-test-000354,0,0.013196097824688884,0,0.3872229362574593,available
ab-test-000355,0,0.008640010438396791,0,0.3872229362574593,available
ab-test-000356,0,0.0001439697920255535,0,0.3872229362574593,available
ab-test-000357,0,0.7816751310051261,1,0.3872229362574593,available
ab-test-000358,0,0.03071207084228674,0,0.3872229362574593,available
ab-test-000359,0,0.0027042732523419014,0,0.3872229362574593,available
ab-test-000360,0,0.0656097954747089,0,0.3872229362574593,available
ab-test-000361,0,0.11821616175772724,0,0.3872229362574593,available
ab-test-000362,0,0.09367048362895523,0,0.3872229362574593,available
ab-test-000363,0,0.0025805636104192157,0,0.3872229362574593,available
ab-test-000364,0,0.01241493440024413,0,0.3872229362574593,available
ab-test-000365,1,0.17861741144385732,0,0.3872229362574593,available
ab-test-000366,0,0.003959664340590204,0,0.3872229362574593,available
ab-test-000367,0,0.010584100687292963,0,0.3872229362574593,available
ab-test-000368,0,0.17384213368741908,0,0.3872229362574593,available
ab-test-000369,0,0.0030273027249578953,0,0.3872229362574593,available
ab-test-000370,0,0.001068103642080081,0,0.3872229362574593,available
ab-test-000371,1,0.12097572784889844,0,0.3872229362574593,available
ab-test-000372,0,0.01021138346511487,0,0.3872229362574593,available
ab-test-000373,0,0.03157468989233042,0,0.3872229362574593,available
ab-test-000374,0,0.0048857302385979995,0,0.3872229362574593,available
ab-test-000375,0,0.0017155230349450443,0,0.3872229362574593,available
ab-test-000376,0,0.002538887372945359,0,0.3872229362574593,available
ab-test-000377,0,0.0008617361859432311,0,0.3872229362574593,available
ab-test-000378,0,0.167894436809643,0,0.3872229362574593,available
ab-test-000379,1,0.8461150270542172,1,0.3872229362574593,available
ab-test-000380,0,0.008902375693000205,0,0.3872229362574593,available
ab-test-000381,0,0.006305213911983933,0,0.3872229362574593,available
ab-test-000382,0,0.024753144916037216,0,0.3872229362574593,available
ab-test-000383,0,0.002657440773508568,0,0.3872229362574593,available
ab-test-000384,1,0.29923245626347733,0,0.3872229362574593,available
ab-test-000385,0,0.0019732611121132675,0,0.3872229362574593,available
ab-test-000386,0,0.8117577951207952,1,0.3872229362574593,available
ab-test-000387,0,0.03564751486257105,0,0.3872229362574593,available
ab-test-000388,0,0.015924642060647726,0,0.3872229362574593,available
ab-test-000389,1,0.416511447571488,1,0.3872229362574593,available
ab-test-000390,0,0.005911269815918875,0,0.3872229362574593,available
ab-test-000391,0,0.5809141093460479,1,0.3872229362574593,available
ab-test-000392,0,0.012783806714132977,0,0.3872229362574593,available
ab-test-000393,0,0.024435019394664453,0,0.3872229362574593,available
ab-test-000394,0,0.004787392180073376,0,0.3872229362574593,available
ab-test-000395,0,0.012567069953479695,0,0.3872229362574593,available
ab-test-000396,0,0.09230344639320774,0,0.3872229362574593,available
ab-test-000397,0,0.0050190043261179335,0,0.3872229362574593,available
ab-test-000398,0,0.003980906635477434,0,0.3872229362574593,available
ab-test-000399,1,0.007363954421059139,0,0.3872229362574593,available
ab-test-000400,0,0.005716455880901772,0,0.3872229362574593,available
ab-test-000401,1,0.04680005338430459,0,0.3872229362574593,available
ab-test-000402,1,0.00803305720835496,0,0.3872229362574593,available
ab-test-000403,0,0.016271013404255946,0,0.3872229362574593,available
ab-test-000404,1,0.010730491617043045,0,0.3872229362574593,available
ab-test-000405,0,0.02571073547967412,0,0.3872229362574593,available
ab-test-000406,0,0.27216288959868057,0,0.3872229362574593,available
ab-test-000407,0,0.06900615326847281,0,0.3872229362574593,available
ab-test-000408,0,0.007057918563915275,0,0.3872229362574593,available
ab-test-000409,0,0.03614590200516533,0,0.3872229362574593,available
ab-test-000410,0,0.006772388563738795,0,0.3872229362574593,available
ab-test-000411,0,0.002717003891507849,0,0.3872229362574593,available
ab-test-000412,1,0.0021774766783381207,0,0.3872229362574593,available
ab-test-000413,0,0.029947333398933365,0,0.3872229362574593,available
ab-test-000414,0,0.0859070479257503,0,0.3872229362574593,available
ab-test-000415,0,0.0002259934962907938,0,0.3872229362574593,available
ab-test-000416,0,0.16868355933382012,0,0.3872229362574593,available
ab-test-000417,0,0.02923982731704695,0,0.3872229362574593,available
ab-test-000418,0,0.0084475722963287,0,0.3872229362574593,available
ab-test-000419,1,0.00220629057760447,0,0.3872229362574593,available
ab-test-000420,0,0.004528668474992019,0,0.3872229362574593,available
ab-test-000421,1,0.2912261470158922,0,0.3872229362574593,available
ab-test-000422,0,0.08501175361594106,0,0.3872229362574593,available
ab-test-000423,0,0.0017557284263469814,0,0.3872229362574593,available
ab-test-000424,0,0.003329253046651722,0,0.3872229362574593,available
ab-test-000425,0,0.005678782272523341,0,0.3872229362574593,available
ab-test-000426,0,0.018116504004615726,0,0.3872229362574593,available
ab-test-000427,0,0.013344021837249732,0,0.3872229362574593,available
ab-test-000428,0,0.019271646407572337,0,0.3872229362574593,available
ab-test-000429,0,0.008517074713935072,0,0.3872229362574593,available
ab-test-000430,0,0.019861825338997465,0,0.3872229362574593,available
ab-test-000431,1,0.005936569647714113,0,0.3872229362574593,available
ab-test-000432,0,0.012409040057258122,0,0.3872229362574593,available
ab-test-000433,0,0.0021953733836528213,0,0.3872229362574593,available
ab-test-000434,0,0.007254160653115836,0,0.3872229362574593,available
ab-test-000435,0,0.022941689539057324,0,0.3872229362574593,available
ab-test-000436,0,0.010308024192375236,0,0.3872229362574593,available
ab-test-000437,0,0.0008327823535095403,0,0.3872229362574593,available
ab-test-000438,0,0.0008004237872940122,0,0.3872229362574593,available
ab-test-000439,0,0.01884881938684301,0,0.3872229362574593,available
ab-test-000440,0,0.2023182614038291,0,0.3872229362574593,available
ab-test-000441,0,0.0007151630266120696,0,0.3872229362574593,available
ab-test-000442,0,0.012561348101062575,0,0.3872229362574593,available
ab-test-000443,0,0.039772245063048335,0,0.3872229362574593,available
ab-test-000444,0,0.009523308806663631,0,0.3872229362574593,available
ab-test-000445,0,0.004802823308317269,0,0.3872229362574593,available
ab-test-000446,0,0.02963507378251027,0,0.3872229362574593,available
ab-test-000447,0,0.008771610094188238,0,0.3872229362574593,available
ab-test-000448,0,0.004703629339071788,0,0.3872229362574593,available
ab-test-000449,0,0.019559852220825513,0,0.3872229362574593,available
ab-test-000450,0,0.012266511906661493,0,0.3872229362574593,available
ab-test-000451,0,0.008008198253684456,0,0.3872229362574593,available
ab-test-000452,0,0.02939694047466201,0,0.3872229362574593,available
ab-test-000453,0,0.0028806163425527643,0,0.3872229362574593,available
ab-test-000454,0,0.01541304595196275,0,0.3872229362574593,available
ab-test-000455,0,0.0012376023985154366,0,0.3872229362574593,available
ab-test-000456,0,0.005199181233882105,0,0.3872229362574593,available
ab-test-000457,0,0.004051121068348263,0,0.3872229362574593,available
ab-test-000458,0,0.007084679934135894,0,0.3872229362574593,available
ab-test-000459,0,0.014830500930772832,0,0.3872229362574593,available
ab-test-000460,0,0.03631238847063278,0,0.3872229362574593,available
ab-test-000461,0,0.03455066863252158,0,0.3872229362574593,available
ab-test-000462,0,0.017901669330380093,0,0.3872229362574593,available
ab-test-000463,0,0.01191612612490427,0,0.3872229362574593,available
ab-test-000464,0,0.027830957107438062,0,0.3872229362574593,available
ab-test-000465,0,0.005052963565196418,0,0.3872229362574593,available
ab-test-000466,0,0.0013953606390359533,0,0.3872229362574593,available
ab-test-000467,0,0.003822017311053975,0,0.3872229362574593,available
ab-test-000468,0,0.015192703830863212,0,0.3872229362574593,available
ab-test-000469,0,0.0025468129935679977,0,0.3872229362574593,available
ab-test-000470,0,0.010785754464992884,0,0.3872229362574593,available
ab-test-000471,0,0.25636632366429707,0,0.3872229362574593,available
ab-test-000472,0,0.00399416760020208,0,0.3872229362574593,available
ab-test-000473,0,0.002933351733687907,0,0.3872229362574593,available
ab-test-000474,1,0.190090338748862,0,0.3872229362574593,available
ab-test-000475,0,0.018332177620234473,0,0.3872229362574593,available
ab-test-000476,0,0.02014734709823569,0,0.3872229362574593,available
ab-test-000477,0,0.05601662066526668,0,0.3872229362574593,available
ab-test-000478,0,0.004165165328817275,0,0.3872229362574593,available
ab-test-000479,0,0.03584275798806475,0,0.3872229362574593,available
ab-test-000480,0,0.1515284814531332,0,0.3872229362574593,available
ab-test-000481,0,0.059685310860178364,0,0.3872229362574593,available
ab-test-000482,0,0.3161099035919316,0,0.3872229362574593,available
ab-test-000483,0,0.0021226180016004426,0,0.3872229362574593,available
ab-test-000484,0,0.004444813711313472,0,0.3872229362574593,available
ab-test-000485,0,0.004047264690880318,0,0.3872229362574593,available
ab-test-000486,0,0.0074164897870703924,0,0.3872229362574593,available
ab-test-000487,0,0.0011910557640175574,0,0.3872229362574593,available
ab-test-000488,0,0.0004449766694948576,0,0.3872229362574593,available
ab-test-000489,0,0.1903544212306939,0,0.3872229362574593,available
ab-test-000490,0,0.006235137828848781,0,0.3872229362574593,available
ab-test-000491,0,0.0018872970507645519,0,0.3872229362574593,available
ab-test-000492,0,0.002475640494586525,0,0.3872229362574593,available
ab-test-000493,0,0.008901877122739625,0,0.3872229362574593,available
ab-test-000494,1,0.12841224294992695,0,0.3872229362574593,available
ab-test-000495,0,0.015747539832698793,0,0.3872229362574593,available
ab-test-000496,0,0.012230246287663655,0,0.3872229362574593,available
ab-test-000497,0,0.002802047504386944,0,0.3872229362574593,available
ab-test-000498,0,0.0014809119591699307,0,0.3872229362574593,available
ab-test-000499,0,0.3496571630136772,0,0.3872229362574593,available
ab-test-000500,0,0.0014220870824317626,0,0.3872229362574593,available
ab-test-000501,0,0.00465476915566682,0,0.3872229362574593,available
ab-test-000502,1,0.06558330037714301,0,0.3872229362574593,available
ab-test-000503,0,0.041074549789438586,0,0.3872229362574593,available
ab-test-000504,1,0.011188985595401605,0,0.3872229362574593,available
ab-test-000505,0,0.023861127469108682,0,0.3872229362574593,available
ab-test-000506,0,0.0027860162588730234,0,0.3872229362574593,available
ab-test-000507,0,0.008511541116063781,0,0.3872229362574593,available
ab-test-000508,1,0.03518003239404028,0,0.3872229362574593,available
ab-test-000509,0,0.0014727061550177225,0,0.3872229362574593,available
ab-test-000510,0,0.006888670667619491,0,0.3872229362574593,available
ab-test-000511,0,0.05654931196583094,0,0.3872229362574593,available
ab-test-000512,0,0.053142371371753684,0,0.3872229362574593,available
ab-test-000513,0,0.06188987456970423,0,0.3872229362574593,available
ab-test-000514,0,0.01877044804254215,0,0.3872229362574593,available
ab-test-000515,0,0.017411426446851997,0,0.3872229362574593,available
ab-test-000516,0,0.012652845995892177,0,0.3872229362574593,available
ab-test-000517,0,0.010733824895460254,0,0.3872229362574593,available
ab-test-000518,0,0.017771201927506905,0,0.3872229362574593,available
ab-test-000519,1,0.01041733802097956,0,0.3872229362574593,available
ab-test-000520,0,0.013907114428280173,0,0.3872229362574593,available
ab-test-000521,0,0.004256668878110659,0,0.3872229362574593,available
ab-test-000522,0,0.06183496816818058,0,0.3872229362574593,available
ab-test-000523,1,0.975545606082675,1,0.3872229362574593,available
ab-test-000524,0,0.015207499276974316,0,0.3872229362574593,available
ab-test-000525,0,0.034892426523747445,0,0.3872229362574593,available
ab-test-000526,0,0.0014737108329056245,0,0.3872229362574593,available
ab-test-000527,1,0.006753877438428397,0,0.3872229362574593,available
ab-test-000528,0,0.0034147580240886004,0,0.3872229362574593,available
ab-test-000529,0,0.0009504667984157278,0,0.3872229362574593,available
ab-test-000530,0,0.02027681026571123,0,0.3872229362574593,available
ab-test-000531,0,0.00440336341149168,0,0.3872229362574593,available
ab-test-000532,0,0.46302145813162043,1,0.3872229362574593,available
ab-test-000533,0,0.0688520528165527,0,0.3872229362574593,available
ab-test-000534,0,0.012573989577403397,0,0.3872229362574593,available
ab-test-000535,0,0.014596839184376239,0,0.3872229362574593,available
ab-test-000536,0,0.04632815778301563,0,0.3872229362574593,available
ab-test-000537,0,0.002596840211314693,0,0.3872229362574593,available
ab-test-000538,0,0.16708988758220397,0,0.3872229362574593,available
ab-test-000539,0,0.18266184418125925,0,0.3872229362574593,available
ab-test-000540,0,0.007753163980069112,0,0.3872229362574593,available
ab-test-000541,0,0.011430258973222694,0,0.3872229362574593,available
ab-test-000542,0,0.2519557908062262,0,0.3872229362574593,available
ab-test-000543,0,0.0023698326798073754,0,0.3872229362574593,available
ab-test-000544,1,0.0015810387082380686,0,0.3872229362574593,available
ab-test-000545,0,0.32622252332519003,0,0.3872229362574593,available
ab-test-000546,0,0.32578307180698196,0,0.3872229362574593,available
ab-test-000547,1,0.022185070760391248,0,0.3872229362574593,available
ab-test-000548,1,0.42083783616650916,1,0.3872229362574593,available
ab-test-000549,0,0.0009717127446307242,0,0.3872229362574593,available
ab-test-000550,0,0.05189172733167377,0,0.3872229362574593,available
ab-test-000551,0,0.015278398203279756,0,0.3872229362574593,available
ab-test-000552,0,0.015467016033343488,0,0.3872229362574593,available
ab-test-000553,0,0.5882596627766384,1,0.3872229362574593,available
ab-test-000554,0,0.028458084549732445,0,0.3872229362574593,available
ab-test-000555,0,0.07238474924021304,0,0.3872229362574593,available
ab-test-000556,0,0.09281966714900967,0,0.3872229362574593,available
ab-test-000557,0,0.003902766589016711,0,0.3872229362574593,available
ab-test-000558,0,0.01215981073717445,0,0.3872229362574593,available
ab-test-000559,0,0.013189994496091696,0,0.3872229362574593,available
ab-test-000560,0,0.015274820156278218,0,0.3872229362574593,available
ab-test-000561,0,0.029106883488467947,0,0.3872229362574593,available
ab-test-000562,1,0.06257171192695485,0,0.3872229362574593,available
ab-test-000563,0,0.010982574942015273,0,0.3872229362574593,available
ab-test-000564,0,0.0070015820576539356,0,0.3872229362574593,available
ab-test-000565,0,0.02520258532033203,0,0.3872229362574593,available
ab-test-000566,0,0.2922415762535563,0,0.3872229362574593,available
ab-test-000567,1,0.6373737916113222,1,0.3872229362574593,available
ab-test-000568,0,0.1952390143695553,0,0.3872229362574593,available
ab-test-000569,0,0.018313237991591447,0,0.3872229362574593,available
ab-test-000570,0,0.010531722232707272,0,0.3872229362574593,available
ab-test-000571,0,0.012757016659641683,0,0.3872229362574593,available
ab-test-000572,0,0.008393106293678024,0,0.3872229362574593,available
ab-test-000573,0,0.012214213186739592,0,0.3872229362574593,available
ab-test-000574,0,0.0019836904849842387,0,0.3872229362574593,available
ab-test-000575,0,0.0007415273903636105,0,0.3872229362574593,available
ab-test-000576,0,0.043179055663377715,0,0.3872229362574593,available
ab-test-000577,0,0.00503675375520697,0,0.3872229362574593,available
ab-test-000578,0,0.0015023581017313597,0,0.3872229362574593,available
ab-test-000579,0,0.0015449355082152352,0,0.3872229362574593,available
ab-test-000580,0,0.004892852997029353,0,0.3872229362574593,available
ab-test-000581,0,0.005492235257178602,0,0.3872229362574593,available
ab-test-000582,0,0.00020793474998990065,0,0.3872229362574593,available
ab-test-000583,0,0.010884432710985619,0,0.3872229362574593,available
ab-test-000584,0,0.001043070966254101,0,0.3872229362574593,available
ab-test-000585,0,0.0119909626375025,0,0.3872229362574593,available
ab-test-000586,0,0.002646159067582864,0,0.3872229362574593,available
ab-test-000587,0,0.029705204041236097,0,0.3872229362574593,available
ab-test-000588,0,0.0006421442597646033,0,0.3872229362574593,available
ab-test-000589,0,0.0047950375256958925,0,0.3872229362574593,available
ab-test-000590,0,0.0023026553771042374,0,0.3872229362574593,available
ab-test-000591,0,0.007015622166248596,0,0.3872229362574593,available
ab-test-000592,0,0.010138434385497422,0,0.3872229362574593,available
ab-test-000593,0,0.010999478722986643,0,0.3872229362574593,available
ab-test-000594,0,0.03163968079635824,0,0.3872229362574593,available
ab-test-000595,0,0.004142242934702587,0,0.3872229362574593,available
ab-test-000596,0,0.5412697149967879,1,0.3872229362574593,available
ab-test-000597,1,0.5035274589863817,1,0.3872229362574593,available
ab-test-000598,0,0.0006954195959414089,0,0.3872229362574593,available
ab-test-000599,0,0.056764311100744445,0,0.3872229362574593,available
ab-test-000600,0,0.016057700750684654,0,0.3872229362574593,available
ab-test-000601,0,0.0009418642038307011,0,0.3872229362574593,available
ab-test-000602,0,0.0020235138325501055,0,0.3872229362574593,available
ab-test-000603,0,0.0073603024273825235,0,0.3872229362574593,available
ab-test-000604,0,0.2630472744316852,0,0.3872229362574593,available
ab-test-000605,0,0.0011496823143747486,0,0.3872229362574593,available
ab-test-000606,0,0.006839615321952106,0,0.3872229362574593,available
ab-test-000607,0,0.4855730359081417,1,0.3872229362574593,available
ab-test-000608,0,0.41244556926859244,1,0.3872229362574593,available
ab-test-000609,0,0.008152305327890531,0,0.3872229362574593,available
ab-test-000610,0,0.0033807690083298364,0,0.3872229362574593,available
ab-test-000611,0,0.0007570997123297753,0,0.3872229362574593,available
ab-test-000612,0,0.001149654755282346,0,0.3872229362574593,available
ab-test-000613,1,0.14828282806604734,0,0.3872229362574593,available
ab-test-000614,0,0.004584011650051492,0,0.3872229362574593,available
ab-test-000615,0,0.0019294656265424603,0,0.3872229362574593,available
ab-test-000616,0,0.01897372393783136,0,0.3872229362574593,available
ab-test-000617,0,0.006343904848182458,0,0.3872229362574593,available
ab-test-000618,1,0.15152399488851123,0,0.3872229362574593,available
ab-test-000619,0,0.007320635533926465,0,0.3872229362574593,available
ab-test-000620,0,0.018481372220698285,0,0.3872229362574593,available
ab-test-000621,0,0.05586748847084094,0,0.3872229362574593,available
ab-test-000622,0,0.011816366326827785,0,0.3872229362574593,available
ab-test-000623,0,0.004418358535008376,0,0.3872229362574593,available
ab-test-000624,1,0.8191586442325297,1,0.3872229362574593,available
ab-test-000625,0,0.0024328122651716476,0,0.3872229362574593,available
ab-test-000626,0,0.2447914332581964,0,0.3872229362574593,available
ab-test-000627,0,0.0031794764246875214,0,0.3872229362574593,available
ab-test-000628,0,0.08644135447705574,0,0.3872229362574593,available
ab-test-000629,0,0.005662511424560179,0,0.3872229362574593,available
ab-test-000630,0,0.006399797718038342,0,0.3872229362574593,available
ab-test-000631,0,0.002633874946170411,0,0.3872229362574593,available
ab-test-000632,1,0.9957533957587172,1,0.3872229362574593,available
ab-test-000633,0,0.026036616874325617,0,0.3872229362574593,available
ab-test-000634,0,0.0007465890835722668,0,0.3872229362574593,available
ab-test-000635,0,0.004677826633245276,0,0.3872229362574593,available
ab-test-000636,0,0.0004806549413345143,0,0.3872229362574593,available
ab-test-000637,0,0.003958291694041226,0,0.3872229362574593,available
ab-test-000638,0,0.0011578762758250455,0,0.3872229362574593,available
ab-test-000639,0,0.014798539581797153,0,0.3872229362574593,available
ab-test-000640,0,0.001428626466238757,0,0.3872229362574593,available
ab-test-000641,1,0.006258727980627202,0,0.3872229362574593,available
ab-test-000642,0,0.0017225233480718586,0,0.3872229362574593,available
ab-test-000643,0,0.016417033180432968,0,0.3872229362574593,available
ab-test-000644,0,0.011410593842723835,0,0.3872229362574593,available
ab-test-000645,0,0.003759220458123403,0,0.3872229362574593,available
ab-test-000646,0,0.010932711421434194,0,0.3872229362574593,available
ab-test-000647,1,0.035174123618202074,0,0.3872229362574593,available
ab-test-000648,0,0.20081329318353203,0,0.3872229362574593,available
ab-test-000649,0,0.013941455518938316,0,0.3872229362574593,available
ab-test-000650,0,0.02363682993256039,0,0.3872229362574593,available
ab-test-000651,0,0.015312657146115764,0,0.3872229362574593,available
ab-test-000652,0,0.0010215443032987016,0,0.3872229362574593,available
ab-test-000653,0,0.012622077982471155,0,0.3872229362574593,available
ab-test-000654,0,0.0031401347802323893,0,0.3872229362574593,available
ab-test-000655,0,0.0021903515168199346,0,0.3872229362574593,available
ab-test-000656,0,0.08473305957993962,0,0.3872229362574593,available
ab-test-000657,0,0.3858308410857388,0,0.3872229362574593,available
ab-test-000658,0,0.014950682166310684,0,0.3872229362574593,available
ab-test-000659,1,0.0038232385582644517,0,0.3872229362574593,available
ab-test-000660,0,0.009901522746517078,0,0.3872229362574593,available
ab-test-000661,0,0.05353898546696133,0,0.3872229362574593,available
ab-test-000662,0,0.03610873916655259,0,0.3872229362574593,available
ab-test-000663,0,0.004841876087053137,0,0.3872229362574593,available
ab-test-000664,0,0.0020995889147925394,0,0.3872229362574593,available
ab-test-000665,1,0.0505542340744885,0,0.3872229362574593,available
ab-test-000666,0,0.007025530041378207,0,0.3872229362574593,available
ab-test-000667,1,0.005257455888554526,0,0.3872229362574593,available
ab-test-000668,0,0.02596014876057996,0,0.3872229362574593,available
ab-test-000669,0,0.29206397202130135,0,0.3872229362574593,available
ab-test-000670,0,0.05550538201524041,0,0.3872229362574593,available
ab-test-000671,0,0.029058389662332422,0,0.3872229362574593,available
ab-test-000672,0,0.015873045169151705,0,0.3872229362574593,available
ab-test-000673,1,0.6745181103137163,1,0.3872229362574593,available
ab-test-000674,0,0.00029561366358481087,0,0.3872229362574593,available
ab-test-000675,0,0.011460367305121925,0,0.3872229362574593,available
ab-test-000676,0,0.012192941602276838,0,0.3872229362574593,available
ab-test-000677,0,0.04052363958719349,0,0.3872229362574593,available
ab-test-000678,0,0.012829796949581333,0,0.3872229362574593,available
ab-test-000679,1,0.6623867969409449,1,0.3872229362574593,available
ab-test-000680,1,0.019623065641438002,0,0.3872229362574593,available
ab-test-000681,0,0.012489003193586956,0,0.3872229362574593,available
ab-test-000682,0,0.10125273730143314,0,0.3872229362574593,available
ab-test-000683,0,0.006007368068150433,0,0.3872229362574593,available
ab-test-000684,0,0.06110016859498843,0,0.3872229362574593,available
ab-test-000685,0,0.0026787339483585917,0,0.3872229362574593,available
ab-test-000686,1,0.06713140941583265,0,0.3872229362574593,available
ab-test-000687,0,0.04197294139086069,0,0.3872229362574593,available
ab-test-000688,0,0.0042894826045819295,0,0.3872229362574593,available
ab-test-000689,0,0.0018449971380262904,0,0.3872229362574593,available
ab-test-000690,0,0.0305342501878136,0,0.3872229362574593,available
ab-test-000691,0,0.011102445256984181,0,0.3872229362574593,available
ab-test-000692,0,0.06624166084160545,0,0.3872229362574593,available
ab-test-000693,0,0.009991093023400075,0,0.3872229362574593,available
ab-test-000694,0,0.0011686713820046118,0,0.3872229362574593,available
ab-test-000695,0,0.001634144885947708,0,0.3872229362574593,available
ab-test-000696,0,0.008092139821084476,0,0.3872229362574593,available
ab-test-000697,0,0.138185959732834,0,0.3872229362574593,available
ab-test-000698,0,0.054522420513083085,0,0.3872229362574593,available
ab-test-000699,0,0.013264594408179996,0,0.3872229362574593,available
ab-test-000700,0,0.004354761506706713,0,0.3872229362574593,available
ab-test-000701,0,0.019330055066595127,0,0.3872229362574593,available
ab-test-000702,0,0.0027050959304153583,0,0.3872229362574593,available
ab-test-000703,0,0.0390881700219086,0,0.3872229362574593,available
ab-test-000704,0,0.00499300222304992,0,0.3872229362574593,available
ab-test-000705,0,0.04086115074484634,0,0.3872229362574593,available
ab-test-000706,0,0.01553132289509097,0,0.3872229362574593,available
ab-test-000707,0,0.0014242122615896614,0,0.3872229362574593,available
ab-test-000708,0,0.009032741594110473,0,0.3872229362574593,available
ab-test-000709,0,0.1376095228212119,0,0.3872229362574593,available
ab-test-000710,0,0.0002811422693187941,0,0.3872229362574593,available
ab-test-000711,0,0.15312926577735278,0,0.3872229362574593,available
ab-test-000712,0,0.0008580453696217116,0,0.3872229362574593,available
ab-test-000713,0,0.015885976036087067,0,0.3872229362574593,available
ab-test-000714,1,0.013722386178101155,0,0.3872229362574593,available
ab-test-000715,0,0.0075984248980171,0,0.3872229362574593,available
ab-test-000716,0,0.014844418818235767,0,0.3872229362574593,available
ab-test-000717,0,0.011967796869773027,0,0.3872229362574593,available
ab-test-000718,0,0.010055665920686612,0,0.3872229362574593,available
ab-test-000719,0,0.0030791521587999397,0,0.3872229362574593,available
ab-test-000720,0,0.008754503825317131,0,0.3872229362574593,available
ab-test-000721,0,0.0019472387637269148,0,0.3872229362574593,available
ab-test-000722,1,0.0635526656321124,0,0.3872229362574593,available
ab-test-000723,0,0.1827787352577553,0,0.3872229362574593,available
ab-test-000724,1,0.18894684604290102,0,0.3872229362574593,available
ab-test-000725,1,0.002693466314034389,0,0.3872229362574593,available
ab-test-000726,0,0.002776713595745881,0,0.3872229362574593,available
ab-test-000727,0,0.032821210959554085,0,0.3872229362574593,available
ab-test-000728,0,0.0027466667615837956,0,0.3872229362574593,available
ab-test-000729,0,0.0020264811818121475,0,0.3872229362574593,available
ab-test-000730,0,0.04077103725032338,0,0.3872229362574593,available
ab-test-000731,0,0.0033951735004899373,0,0.3872229362574593,available
ab-test-000732,0,0.001095474792281428,0,0.3872229362574593,available
ab-test-000733,0,0.02373499774942883,0,0.3872229362574593,available
ab-test-000734,0,0.0012649577488445796,0,0.3872229362574593,available
ab-test-000735,1,0.644382280760499,1,0.3872229362574593,available
ab-test-000736,0,0.004891239427262092,0,0.3872229362574593,available
ab-test-000737,0,0.039865573700160556,0,0.3872229362574593,available
ab-test-000738,0,0.002796746134302158,0,0.3872229362574593,available
ab-test-000739,0,0.006232842297394104,0,0.3872229362574593,available
ab-test-000740,0,0.012128335870880346,0,0.3872229362574593,available
ab-test-000741,0,0.002573913322002865,0,0.3872229362574593,available
ab-test-000742,0,0.003788392049327189,0,0.3872229362574593,available
ab-test-000743,0,0.0021789992795650036,0,0.3872229362574593,available
ab-test-000744,0,0.0013997511296951948,0,0.3872229362574593,available
ab-test-000745,1,0.7685670223982773,1,0.3872229362574593,available
ab-test-000746,1,0.5120129566773357,1,0.3872229362574593,available
ab-test-000747,0,0.0028155987071210287,0,0.3872229362574593,available
ab-test-000748,0,0.06142706635907501,0,0.3872229362574593,available
ab-test-000749,0,0.009610732321143444,0,0.3872229362574593,available
ab-test-000750,1,0.9133005634062727,1,0.3872229362574593,available
ab-test-000751,0,0.0044402832468961925,0,0.3872229362574593,available
ab-test-000752,0,0.005000307851923559,0,0.3872229362574593,available
ab-test-000753,0,0.0695997178677937,0,0.3872229362574593,available
ab-test-000754,0,0.03818516130977029,0,0.3872229362574593,available
ab-test-000755,0,0.008884357123183346,0,0.3872229362574593,available
ab-test-000756,0,0.0025540400637432664,0,0.3872229362574593,available
ab-test-000757,0,0.015794262108096285,0,0.3872229362574593,available
ab-test-000758,0,0.004478619261535438,0,0.3872229362574593,available
ab-test-000759,0,0.0006133982442118578,0,0.3872229362574593,available
ab-test-000760,0,0.004049561642528501,0,0.3872229362574593,available
ab-test-000761,0,0.016246131328738613,0,0.3872229362574593,available
ab-test-000762,0,0.004624927957277277,0,0.3872229362574593,available
ab-test-000763,0,0.009148977865069694,0,0.3872229362574593,available
ab-test-000764,0,0.0031077721485428455,0,0.3872229362574593,available
ab-test-000765,0,0.0033458890919691943,0,0.3872229362574593,available
ab-test-000766,0,0.006839212291816056,0,0.3872229362574593,available
ab-test-000767,0,0.007471604475728517,0,0.3872229362574593,available
ab-test-000768,0,0.016700082978358254,0,0.3872229362574593,available
ab-test-000769,0,0.009785385194354452,0,0.3872229362574593,available
ab-test-000770,0,0.004630629510816688,0,0.3872229362574593,available
ab-test-000771,0,0.005027932367083786,0,0.3872229362574593,available
ab-test-000772,1,0.24034249338538807,0,0.3872229362574593,available
ab-test-000773,0,0.01994089308392681,0,0.3872229362574593,available
ab-test-000774,0,0.011202882689448967,0,0.3872229362574593,available
ab-test-000775,0,0.011819175572491345,0,0.3872229362574593,available
ab-test-000776,0,0.13511895410473299,0,0.3872229362574593,available
ab-test-000777,0,0.0007490642440819105,0,0.3872229362574593,available
ab-test-000778,0,0.0035695626790436105,0,0.3872229362574593,available
ab-test-000779,0,0.0010837925566322564,0,0.3872229362574593,available
ab-test-000780,0,0.004986957254733063,0,0.3872229362574593,available
ab-test-000781,0,0.0038090145712655057,0,0.3872229362574593,available
ab-test-000782,0,0.026730159371146485,0,0.3872229362574593,available
ab-test-000783,0,0.009060410798222042,0,0.3872229362574593,available
ab-test-000784,0,0.0034178578926996003,0,0.3872229362574593,available
ab-test-000785,0,0.08112475220497575,0,0.3872229362574593,available
ab-test-000786,0,0.01968950601845064,0,0.3872229362574593,available
ab-test-000787,0,0.03400476810586729,0,0.3872229362574593,available
ab-test-000788,0,0.01606931653230991,0,0.3872229362574593,available
ab-test-000789,0,0.08902303828184924,0,0.3872229362574593,available
ab-test-000790,0,0.001680109285714075,0,0.3872229362574593,available
ab-test-000791,0,0.004923004284404968,0,0.3872229362574593,available
ab-test-000792,0,0.004672573419326969,0,0.3872229362574593,available
ab-test-000793,0,0.030449341477903593,0,0.3872229362574593,available
ab-test-000794,1,0.4345386433142379,1,0.3872229362574593,available
ab-test-000795,0,0.009970048677930573,0,0.3872229362574593,available
ab-test-000796,0,0.030643622416757867,0,0.3872229362574593,available
ab-test-000797,0,0.16485213086323022,0,0.3872229362574593,available
ab-test-000798,0,0.0056297368638529525,0,0.3872229362574593,available
ab-test-000799,0,0.019398127127160027,0,0.3872229362574593,available
ab-test-000800,0,0.0022905583664326293,0,0.3872229362574593,available
ab-test-000801,0,0.006339251928391494,0,0.3872229362574593,available
ab-test-000802,0,0.01131573586410534,0,0.3872229362574593,available
ab-test-000803,0,0.01868902968266892,0,0.3872229362574593,available
ab-test-000804,0,0.008704318188976727,0,0.3872229362574593,available
ab-test-000805,1,0.6335018752496565,1,0.3872229362574593,available
ab-test-000806,0,0.007608432488341018,0,0.3872229362574593,available
ab-test-000807,0,0.006294301633507069,0,0.3872229362574593,available
ab-test-000808,0,0.005924562021396562,0,0.3872229362574593,available
ab-test-000809,0,0.0920699653303586,0,0.3872229362574593,available
ab-test-000810,0,0.01868967443441898,0,0.3872229362574593,available
ab-test-000811,0,0.01304229876583658,0,0.3872229362574593,available
ab-test-000812,1,0.009387287132700452,0,0.3872229362574593,available
ab-test-000813,0,0.01064634625518807,0,0.3872229362574593,available
ab-test-000814,0,0.019255471957381354,0,0.3872229362574593,available
ab-test-000815,0,0.01592156723264729,0,0.3872229362574593,available
ab-test-000816,0,0.027636916611978757,0,0.3872229362574593,available
ab-test-000817,0,0.006371715329315583,0,0.3872229362574593,available
ab-test-000818,0,0.002887924621272668,0,0.3872229362574593,available
ab-test-000819,0,0.10503738432899941,0,0.3872229362574593,available
ab-test-000820,0,0.0009185419656469098,0,0.3872229362574593,available
ab-test-000821,0,0.0012880622781413144,0,0.3872229362574593,available
ab-test-000822,0,0.007255555731447986,0,0.3872229362574593,available
ab-test-000823,1,0.001636480159185346,0,0.3872229362574593,available
ab-test-000824,0,0.0034950664182640144,0,0.3872229362574593,available
ab-test-000825,0,0.003220928234571867,0,0.3872229362574593,available
ab-test-000826,0,0.016895824614186893,0,0.3872229362574593,available
ab-test-000827,0,0.0211691941442678,0,0.3872229362574593,available
ab-test-000828,1,0.27065827423681416,0,0.3872229362574593,available
ab-test-000829,0,0.004078837780491653,0,0.3872229362574593,available
ab-test-000830,0,0.012915351918880864,0,0.3872229362574593,available
ab-test-000831,0,0.010433763557600484,0,0.3872229362574593,available
ab-test-000832,0,0.02633686595113021,0,0.3872229362574593,available
ab-test-000833,0,0.06813929830185599,0,0.3872229362574593,available
ab-test-000834,1,0.029018877937901453,0,0.3872229362574593,available
ab-test-000835,0,0.0016577085398532484,0,0.3872229362574593,available
ab-test-000836,0,0.016873006635320365,0,0.3872229362574593,available
ab-test-000837,0,0.03303155673883998,0,0.3872229362574593,available
ab-test-000838,0,0.0773697274094674,0,0.3872229362574593,available
ab-test-000839,1,0.019795970888308395,0,0.3872229362574593,available
ab-test-000840,0,0.005778703891289374,0,0.3872229362574593,available
ab-test-000841,0,0.0052727845164201505,0,0.3872229362574593,available
ab-test-000842,0,0.011424245194119104,0,0.3872229362574593,available
ab-test-000843,0,0.0016646905237093373,0,0.3872229362574593,available
ab-test-000844,0,0.006138969162998792,0,0.3872229362574593,available
ab-test-000845,0,0.007372328861486166,0,0.3872229362574593,available
ab-test-000846,0,0.25461128949444695,0,0.3872229362574593,available
ab-test-000847,0,0.017426634804409535,0,0.3872229362574593,available
ab-test-000848,0,0.07627654707401713,0,0.3872229362574593,available
ab-test-000849,0,0.01552527560144476,0,0.3872229362574593,available
ab-test-000850,0,0.04451517030171099,0,0.3872229362574593,available
ab-test-000851,0,0.025027793635113642,0,0.3872229362574593,available
ab-test-000852,0,0.023701925407633,0,0.3872229362574593,available
ab-test-000853,0,0.009541174237289516,0,0.3872229362574593,available
ab-test-000854,0,0.003511487732294953,0,0.3872229362574593,available
ab-test-000855,0,0.01946392053056468,0,0.3872229362574593,available
ab-test-000856,0,0.004729133134740475,0,0.3872229362574593,available
ab-test-000857,0,0.005286152970198474,0,0.3872229362574593,available
ab-test-000858,0,0.18900487309665742,0,0.3872229362574593,available
ab-test-000859,0,0.008442442720128228,0,0.3872229362574593,available
ab-test-000860,0,0.007025530041378207,0,0.3872229362574593,available
ab-test-000861,0,0.0075497843210167465,0,0.3872229362574593,available
ab-test-000862,0,0.014457527704031319,0,0.3872229362574593,available
ab-test-000863,0,0.04843205870228063,0,0.3872229362574593,available
ab-test-000864,0,0.12728358092415398,0,0.3872229362574593,available
ab-test-000865,0,0.0044710460622092016,0,0.3872229362574593,available
ab-test-000866,1,0.023215378756449686,0,0.3872229362574593,available
ab-test-000867,0,0.002540287107857548,0,0.3872229362574593,available
ab-test-000868,0,0.014252765056367255,0,0.3872229362574593,available
ab-test-000869,0,0.0030987153210086478,0,0.3872229362574593,available
ab-test-000870,0,0.0005022494761293743,0,0.3872229362574593,available
ab-test-000871,0,0.009222106077028905,0,0.3872229362574593,available
ab-test-000872,1,0.02675647128153797,0,0.3872229362574593,available
ab-test-000873,0,0.009113936674884263,0,0.3872229362574593,available
ab-test-000874,0,0.0032970036715121573,0,0.3872229362574593,available
ab-test-000875,0,0.008161680542861134,0,0.3872229362574593,available
ab-test-000876,0,0.0013595629038585535,0,0.3872229362574593,available
ab-test-000877,0,0.019574085748222093,0,0.3872229362574593,available
ab-test-000878,0,0.03827447211918991,0,0.3872229362574593,available
ab-test-000879,0,0.02055371935777637,0,0.3872229362574593,available
ab-test-000880,0,0.05215759310028567,0,0.3872229362574593,available
ab-test-000881,0,0.2330996865041993,0,0.3872229362574593,available
ab-test-000882,0,0.0025303663404031103,0,0.3872229362574593,available
ab-test-000883,0,0.004166594199572669,0,0.3872229362574593,available
ab-test-000884,1,0.8049637325408688,1,0.3872229362574593,available
ab-test-000885,0,0.015067047120439958,0,0.3872229362574593,available
ab-test-000886,0,0.04530278060300272,0,0.3872229362574593,available
ab-test-000887,0,0.015855285554958444,0,0.3872229362574593,available
ab-test-000888,0,0.006347031505897077,0,0.3872229362574593,available
ab-test-000889,0,0.0017911304289164208,0,0.3872229362574593,available
ab-test-000890,0,0.8449315028868092,1,0.3872229362574593,available
ab-test-000891,0,0.004818536937763924,0,0.3872229362574593,available
ab-test-000892,0,0.0026307511047925477,0,0.3872229362574593,available
ab-test-000893,0,0.0005851305662818205,0,0.3872229362574593,available
ab-test-000894,0,0.007237175772853394,0,0.3872229362574593,available
ab-test-000895,0,0.0037047723535418076,0,0.3872229362574593,available
ab-test-000896,0,0.002886442329126824,0,0.3872229362574593,available
ab-test-000897,1,0.9183769195497743,1,0.3872229362574593,available
ab-test-000898,1,0.5519497167657176,1,0.3872229362574593,available
ab-test-000899,0,0.0005667130953894888,0,0.3872229362574593,available
ab-test-000900,0,0.008210455894414485,0,0.3872229362574593,available
ab-test-000901,0,0.018489395843165425,0,0.3872229362574593,available
ab-test-000902,0,0.003045640913280118,0,0.3872229362574593,available
ab-test-000903,0,0.008355879423405013,0,0.3872229362574593,available
ab-test-000904,0,0.038016306245016,0,0.3872229362574593,available
ab-test-000905,0,0.025291993649131178,0,0.3872229362574593,available
ab-test-000906,0,0.005612422336107135,0,0.3872229362574593,available
ab-test-000907,0,0.00689075966125179,0,0.3872229362574593,available
ab-test-000908,1,0.02793327445202447,0,0.3872229362574593,available
ab-test-000909,0,0.0032989542990146357,0,0.3872229362574593,available
ab-test-000910,0,0.010923854562267181,0,0.3872229362574593,available
ab-test-000911,0,0.004913996723193475,0,0.3872229362574593,available
ab-test-000912,0,0.007123226050611682,0,0.3872229362574593,available
ab-test-000913,0,0.05611686961601247,0,0.3872229362574593,available
ab-test-000914,0,0.002121458901081433,0,0.3872229362574593,available
ab-test-000915,0,0.013268125174544761,0,0.3872229362574593,available
ab-test-000916,0,0.006773040908046311,0,0.3872229362574593,available
ab-test-000917,0,0.0019341642032997448,0,0.3872229362574593,available
ab-test-000918,0,0.013683532067162812,0,0.3872229362574593,available
ab-test-000919,1,0.00740336169172963,0,0.3872229362574593,available
ab-test-000920,0,0.006843631931421763,0,0.3872229362574593,available
ab-test-000921,0,0.0023526353852556035,0,0.3872229362574593,available
ab-test-000922,1,0.7182285504140603,1,0.3872229362574593,available
ab-test-000923,0,0.014029989684916724,0,0.3872229362574593,available
ab-test-000924,0,0.01140957704380912,0,0.3872229362574593,available
ab-test-000925,0,0.00023540631043080776,0,0.3872229362574593,available
ab-test-000926,0,0.03254674370911515,0,0.3872229362574593,available
ab-test-000927,0,0.0019425841346018583,0,0.3872229362574593,available
ab-test-000928,0,0.007531439211904327,0,0.3872229362574593,available
ab-test-000929,0,0.04206164549338571,0,0.3872229362574593,available
ab-test-000930,0,0.005353990013989578,0,0.3872229362574593,available
ab-test-000931,0,0.002839837785614132,0,0.3872229362574593,available
ab-test-000932,0,0.10428729304669979,0,0.3872229362574593,available
ab-test-000933,1,0.8229490936068967,1,0.3872229362574593,available
ab-test-000934,1,0.6592104048969155,1,0.3872229362574593,available
ab-test-000935,0,0.024967388503641563,0,0.3872229362574593,available
ab-test-000936,0,0.011972231070783594,0,0.3872229362574593,available
ab-test-000937,0,0.37136230922797,0,0.3872229362574593,available
ab-test-000938,0,0.008415886168570329,0,0.3872229362574593,available
ab-test-000939,0,0.0016962322487223695,0,0.3872229362574593,available
ab-test-000940,0,0.0051218148733206985,0,0.3872229362574593,available
ab-test-000941,0,0.0017794037900732875,0,0.3872229362574593,available
ab-test-000942,0,0.27768827037500315,0,0.3872229362574593,available
ab-test-000943,0,0.44190610849005996,1,0.3872229362574593,available
ab-test-000944,0,0.347178492465759,0,0.3872229362574593,available
ab-test-000945,1,0.6059672627646133,1,0.3872229362574593,available
ab-test-000946,0,0.006519594565894386,0,0.3872229362574593,available
ab-test-000947,0,0.6166644654398268,1,0.3872229362574593,available
ab-test-000948,0,0.036706799283903,0,0.3872229362574593,available
ab-test-000949,0,0.0020244530181491777,0,0.3872229362574593,available
ab-test-000950,0,0.005971874064609138,0,0.3872229362574593,available
ab-test-000951,0,0.016436332334176757,0,0.3872229362574593,available
ab-test-000952,0,0.0023873185132879354,0,0.3872229362574593,available
ab-test-000953,0,0.02375627301260179,0,0.3872229362574593,available
ab-test-000954,0,0.008370346024053283,0,0.3872229362574593,available
ab-test-000955,0,0.011002411798298943,0,0.3872229362574593,available
ab-test-000956,0,0.5694870821790666,1,0.3872229362574593,available
ab-test-000957,0,0.04164534438259164,0,0.3872229362574593,available
ab-test-000958,0,0.004275635110343413,0,0.3872229362574593,available
ab-test-000959,0,0.016488432364657184,0,0.3872229362574593,available
ab-test-000960,0,0.0746584303054802,0,0.3872229362574593,available
ab-test-000961,0,0.016749487407490986,0,0.3872229362574593,available
ab-test-000962,0,0.002657440773508568,0,0.3872229362574593,available
ab-test-000963,0,0.0012758579574109463,0,0.3872229362574593,available
ab-test-000964,0,0.00920556498063136,0,0.3872229362574593,available
ab-test-000965,0,0.036302179211578356,0,0.3872229362574593,available
ab-test-000966,0,0.013324500916449579,0,0.3872229362574593,available
ab-test-000967,0,0.006236817705782714,0,0.3872229362574593,available
ab-test-000968,0,0.012176498681664245,0,0.3872229362574593,available
ab-test-000969,0,0.006122655076538118,0,0.3872229362574593,available
ab-test-000970,1,0.012515696460460453,0,0.3872229362574593,available
ab-test-000971,0,0.004793830536912304,0,0.3872229362574593,available
ab-test-000972,0,0.0031188233318355523,0,0.3872229362574593,available
ab-test-000973,0,0.005701811614746563,0,0.3872229362574593,available
ab-test-000974,0,0.009014543810211583,0,0.3872229362574593,available
ab-test-000975,0,0.004355931265713359,0,0.3872229362574593,available
ab-test-000976,0,0.29612619251989925,0,0.3872229362574593,available
ab-test-000977,0,0.0011070965340369435,0,0.3872229362574593,available
ab-test-000978,0,0.0514914190109792,0,0.3872229362574593,available
ab-test-000979,0,0.0034267366320205545,0,0.3872229362574593,available
ab-test-000980,0,0.01358816012271766,0,0.3872229362574593,available
ab-test-000981,1,0.058941231479769554,0,0.3872229362574593,available
ab-test-000982,0,0.03227405323288451,0,0.3872229362574593,available
ab-test-000983,0,0.005492752287127283,0,0.3872229362574593,available
ab-test-000984,0,0.0036362447180727977,0,0.3872229362574593,available
ab-test-000985,0,0.001685637636065712,0,0.3872229362574593,available
ab-test-000986,0,0.3695030898355237,0,0.3872229362574593,available
ab-test-000987,0,0.004159885220799811,0,0.3872229362574593,available
ab-test-000988,0,0.06591784462021723,0,0.3872229362574593,available
ab-test-000989,0,0.06818686049619542,0,0.3872229362574593,available
ab-test-000990,0,0.02415157675896733,0,0.3872229362574593,available
ab-test-000991,0,0.1344256437099134,0,0.3872229362574593,available
ab-test-000992,0,0.12729312966446496,0,0.3872229362574593,available
ab-test-000993,0,0.25284403448876946,0,0.3872229362574593,available
ab-test-000994,0,0.0032838210508575128,0,0.3872229362574593,available
ab-test-000995,0,0.15589902070465517,0,0.3872229362574593,available
ab-test-000996,0,0.0005901634375078133,0,0.3872229362574593,available
ab-test-000997,0,0.022731663840817058,0,0.3872229362574593,available
ab-test-000998,0,0.016849688782828977,0,0.3872229362574593,available
ab-test-000999,0,0.0011632480682190448,0,0.3872229362574593,available
ab-test-001000,0,0.0033654440176769987,0,0.3872229362574593,available
ab-test-001001,0,0.038794321946366915,0,0.3872229362574593,available
ab-test-001002,0,0.0037480764108459652,0,0.3872229362574593,available
ab-test-001003,0,0.012628399144890527,0,0.3872229362574593,available
ab-test-001004,1,0.30289219417147073,0,0.3872229362574593,available
ab-test-001005,0,0.0013913864711532578,0,0.3872229362574593,available
ab-test-001006,0,0.08153660331432686,0,0.3872229362574593,available
ab-test-001007,0,0.004174875937363961,0,0.3872229362574593,available
ab-test-001008,0,0.018970664582088646,0,0.3872229362574593,available
ab-test-001009,0,0.020443633820708147,0,0.3872229362574593,available
ab-test-001010,0,0.0005604928539785145,0,0.3872229362574593,available
ab-test-001011,0,0.0012248461525187178,0,0.3872229362574593,available
ab-test-001012,0,0.028073518135855808,0,0.3872229362574593,available
ab-test-001013,0,0.0553907096514457,0,0.3872229362574593,available
ab-test-001014,0,0.026071237857724833,0,0.3872229362574593,available
ab-test-001015,0,0.03470362624451038,0,0.3872229362574593,available
ab-test-001016,0,0.0028814149504962625,0,0.3872229362574593,available
ab-test-001017,0,0.003974553919225378,0,0.3872229362574593,available
ab-test-001018,0,0.01863473089823234,0,0.3872229362574593,available
ab-test-001019,0,0.0034250988858017164,0,0.3872229362574593,available
ab-test-001020,0,0.003348455642941827,0,0.3872229362574593,available
ab-test-001021,0,0.026985880078163525,0,0.3872229362574593,available
ab-test-001022,1,0.9291295362400633,1,0.3872229362574593,available
ab-test-001023,0,0.01092475417339827,0,0.3872229362574593,available
ab-test-001024,0,0.0069462049845505245,0,0.3872229362574593,available
ab-test-001025,0,0.030574643294281598,0,0.3872229362574593,available
ab-test-001026,0,0.03665773548522278,0,0.3872229362574593,available
ab-test-001027,0,0.13744909522576326,0,0.3872229362574593,available
ab-test-001028,0,0.01338539777377503,0,0.3872229362574593,available
ab-test-001029,0,0.2240510402418539,0,0.3872229362574593,available
ab-test-001030,0,0.006974503156648661,0,0.3872229362574593,available
ab-test-001031,1,0.6485467249504452,1,0.3872229362574593,available
ab-test-001032,0,0.025137614014966427,0,0.3872229362574593,available
ab-test-001033,0,0.003982427464509268,0,0.3872229362574593,available
ab-test-001034,0,0.0017931778534119192,0,0.3872229362574593,available
ab-test-001035,0,0.39562757466489384,1,0.3872229362574593,available
ab-test-001036,1,0.0796793019093604,0,0.3872229362574593,available
ab-test-001037,0,0.08736619433262387,0,0.3872229362574593,available
ab-test-001038,0,0.01420008328300511,0,0.3872229362574593,available
ab-test-001039,0,0.000392623099733022,0,0.3872229362574593,available
ab-test-001040,0,0.10993111781311225,0,0.3872229362574593,available
ab-test-001041,0,0.002638635770966672,0,0.3872229362574593,available
ab-test-001042,0,0.039626461008630896,0,0.3872229362574593,available
ab-test-001043,0,0.019353616800451178,0,0.3872229362574593,available
ab-test-001044,0,0.576034489613158,1,0.3872229362574593,available
ab-test-001045,0,0.03499723984367681,0,0.3872229362574593,available
ab-test-001046,0,0.017459653895871563,0,0.3872229362574593,available
ab-test-001047,0,0.0010390287045667762,0,0.3872229362574593,available
ab-test-001048,0,0.012049230623688546,0,0.3872229362574593,available
ab-test-001049,0,0.005874880194923812,0,0.3872229362574593,available
ab-test-001050,0,0.012141049889443442,0,0.3872229362574593,available
ab-test-001051,0,0.0613615186649161,0,0.3872229362574593,available
ab-test-001052,0,0.0025009307778889466,0,0.3872229362574593,available
ab-test-001053,0,0.015741460854543064,0,0.3872229362574593,available
ab-test-001054,0,0.0032624815304961438,0,0.3872229362574593,available
ab-test-001055,0,0.000896358011031892,0,0.3872229362574593,available
ab-test-001056,0,0.004272041668326001,0,0.3872229362574593,available
ab-test-001057,0,0.0048573289280330854,0,0.3872229362574593,available
ab-test-001058,0,0.024954893080760134,0,0.3872229362574593,available
ab-test-001059,0,0.0024149067223264834,0,0.3872229362574593,available
ab-test-001060,0,0.0016259885231116765,0,0.3872229362574593,available
ab-test-001061,0,0.034031040750231695,0,0.3872229362574593,available
ab-test-001062,0,0.004078706337285862,0,0.3872229362574593,available
ab-test-001063,0,0.009730326418407601,0,0.3872229362574593,available
ab-test-001064,0,0.0014165388308915402,0,0.3872229362574593,available
ab-test-001065,0,0.0007904841491476015,0,0.3872229362574593,available
ab-test-001066,0,0.005218045430387226,0,0.3872229362574593,available
ab-test-001067,0,0.26369457028865245,0,0.3872229362574593,available
ab-test-001068,0,0.017901669330380093,0,0.3872229362574593,available
ab-test-001069,0,0.0022848749320652697,0,0.3872229362574593,available
ab-test-001070,0,0.0047023777814350996,0,0.3872229362574593,available
ab-test-001071,0,0.0020986976706060265,0,0.3872229362574593,available
ab-test-001072,0,0.09894284985701131,0,0.3872229362574593,available
ab-test-001073,0,0.026007127513550162,0,0.3872229362574593,available
ab-test-001074,0,0.010543984437763158,0,0.3872229362574593,available
ab-test-001075,0,0.0016659321005532764,0,0.3872229362574593,available
ab-test-001076,0,0.02078602076311591,0,0.3872229362574593,available
ab-test-001077,0,0.05051439878244645,0,0.3872229362574593,available
ab-test-001078,0,0.015036717933369706,0,0.3872229362574593,available
ab-test-001079,0,0.03415628550291166,0,0.3872229362574593,available
ab-test-001080,0,0.004657948192761886,0,0.3872229362574593,available
ab-test-001081,1,0.5217930052564734,1,0.3872229362574593,available
ab-test-001082,0,0.014971241808471923,0,0.3872229362574593,available
ab-test-001083,0,0.003544336687776753,0,0.3872229362574593,available
ab-test-001084,0,0.003131924375089711,0,0.3872229362574593,available
ab-test-001085,0,0.0033458890919691943,0,0.3872229362574593,available
ab-test-001086,0,0.01842275983503035,0,0.3872229362574593,available
ab-test-001087,0,0.015956161729374294,0,0.3872229362574593,available
ab-test-001088,0,0.008304264733365221,0,0.3872229362574593,available
ab-test-001089,0,0.0019594727459445707,0,0.3872229362574593,available
ab-test-001090,0,0.0033347899668600433,0,0.3872229362574593,available
ab-test-001091,0,0.11718055460841625,0,0.3872229362574593,available
ab-test-001092,0,0.007212658274203737,0,0.3872229362574593,available
ab-test-001093,0,0.006343816920250003,0,0.3872229362574593,available
ab-test-001094,0,0.002212595657196801,0,0.3872229362574593,available
ab-test-001095,0,0.054824804139816864,0,0.3872229362574593,available
ab-test-001096,0,0.0003048634934882666,0,0.3872229362574593,available
ab-test-001097,0,0.0033886631124603835,0,0.3872229362574593,available
ab-test-001098,0,0.039809406288334216,0,0.3872229362574593,available
ab-test-001099,0,0.005685720451821363,0,0.3872229362574593,available
ab-test-001100,1,0.042962639756967624,0,0.3872229362574593,available
ab-test-001101,0,0.002949790675584661,0,0.3872229362574593,available
ab-test-001102,0,0.030876533113792362,0,0.3872229362574593,available
ab-test-001103,1,0.3154358686294918,0,0.3872229362574593,available
ab-test-001104,1,0.035510797436375315,0,0.3872229362574593,available
ab-test-001105,0,0.008696775594792877,0,0.3872229362574593,available
ab-test-001106,0,0.015123706181139403,0,0.3872229362574593,available
ab-test-001107,1,0.03162333163058351,0,0.3872229362574593,available
ab-test-001108,0,0.12887108255208385,0,0.3872229362574593,available
ab-test-001109,0,0.003807114238310976,0,0.3872229362574593,available
ab-test-001110,0,0.23483623845576784,0,0.3872229362574593,available
ab-test-001111,0,0.0017443582053779535,0,0.3872229362574593,available
ab-test-001112,0,0.0022332623905689723,0,0.3872229362574593,available
ab-test-001113,0,0.010994270396368744,0,0.3872229362574593,available
ab-test-001114,0,0.4287264137034893,1,0.3872229362574593,available
ab-test-001115,0,0.05157010169477515,0,0.3872229362574593,available
ab-test-001116,0,0.39126409176090754,1,0.3872229362574593,available
ab-test-001117,1,0.1786819502248668,0,0.3872229362574593,available
ab-test-001118,0,0.0046474661015316505,0,0.3872229362574593,available
ab-test-001119,0,0.24566786167701374,0,0.3872229362574593,available
ab-test-001120,0,0.09323653844868918,0,0.3872229362574593,available
ab-test-001121,0,0.005863008183698798,0,0.3872229362574593,available
ab-test-001122,1,0.9296688206281212,1,0.3872229362574593,available
ab-test-001123,0,0.0011203729817844893,0,0.3872229362574593,available
ab-test-001124,0,0.024314179923463915,0,0.3872229362574593,available
ab-test-001125,0,0.012169089276193496,0,0.3872229362574593,available
ab-test-001126,0,0.013947138303157332,0,0.3872229362574593,available
ab-test-001127,0,0.003035350469069389,0,0.3872229362574593,available
ab-test-001128,0,0.010606773369258108,0,0.3872229362574593,available
ab-test-001129,0,0.001707091580516295,0,0.3872229362574593,available
ab-test-001130,0,0.07393541190966191,0,0.3872229362574593,available
ab-test-001131,1,0.5657627581304759,1,0.3872229362574593,available
ab-test-001132,0,0.0032146715424383543,0,0.3872229362574593,available
ab-test-001133,0,0.0038742045198155825,0,0.3872229362574593,available
ab-test-001134,0,0.025888576774858025,0,0.3872229362574593,available
ab-test-001135,0,0.6997637294017915,1,0.3872229362574593,available
ab-test-001136,0,0.038353566862462156,0,0.3872229362574593,available
ab-test-001137,0,0.03034644673196107,0,0.3872229362574593,available
ab-test-001138,0,0.10675035913953032,0,0.3872229362574593,available
ab-test-001139,0,0.002159387813774431,0,0.3872229362574593,available
ab-test-001140,0,0.01743003543655358,0,0.3872229362574593,available
ab-test-001141,0,0.01599381863581424,0,0.3872229362574593,available
ab-test-001142,0,0.004672137774350631,0,0.3872229362574593,available
ab-test-001143,1,0.012438782890435714,0,0.3872229362574593,available
ab-test-001144,0,0.012294829416815442,0,0.3872229362574593,available
ab-test-001145,0,0.0030206158669593398,0,0.3872229362574593,available
ab-test-001146,0,0.0008614486039759654,0,0.3872229362574593,available
ab-test-001147,0,0.01875929106230123,0,0.3872229362574593,available
ab-test-001148,1,0.9784543371014854,1,0.3872229362574593,available
ab-test-001149,0,0.005366987409846358,0,0.3872229362574593,available
ab-test-001150,0,0.0012883593116638124,0,0.3872229362574593,available
ab-test-001151,0,0.008299930118133483,0,0.3872229362574593,available
ab-test-001152,0,0.08532782506375766,0,0.3872229362574593,available
ab-test-001153,0,0.00763178431986527,0,0.3872229362574593,available
ab-test-001154,0,0.09384874727518042,0,0.3872229362574593,available
ab-test-001155,0,0.019902890362913483,0,0.3872229362574593,available
ab-test-001156,1,0.7241120120914679,1,0.3872229362574593,available
ab-test-001157,0,0.02716217013143821,0,0.3872229362574593,available
ab-test-001158,0,0.003561296231551697,0,0.3872229362574593,available
ab-test-001159,0,0.01614282978160337,0,0.3872229362574593,available
ab-test-001160,0,0.0052222155669737055,0,0.3872229362574593,available
ab-test-001161,0,0.02973966133074943,0,0.3872229362574593,available
ab-test-001162,0,0.007298232912002711,0,0.3872229362574593,available
ab-test-001163,0,0.4745610504635694,1,0.3872229362574593,available
ab-test-001164,0,0.22724428208441186,0,0.3872229362574593,available
ab-test-001165,0,0.005770885643666369,0,0.3872229362574593,available
ab-test-001166,0,0.0047952566958476784,0,0.3872229362574593,available
ab-test-001167,0,0.004232725032813107,0,0.3872229362574593,available
ab-test-001168,0,0.00027280226265944703,0,0.3872229362574593,available
ab-test-001169,0,0.163061871373684,0,0.3872229362574593,available
ab-test-001170,0,0.06763142542269442,0,0.3872229362574593,available
ab-test-001171,1,0.0002654785478874081,0,0.3872229362574593,available
ab-test-001172,1,0.8691368132040646,1,0.3872229362574593,available
ab-test-001173,0,0.005281248816105356,0,0.3872229362574593,available
ab-test-001174,1,0.011443835033294528,0,0.3872229362574593,available
ab-test-001175,0,0.026099792837909492,0,0.3872229362574593,available
ab-test-001176,0,0.02834381998194535,0,0.3872229362574593,available
ab-test-001177,0,0.0018274653698325159,0,0.3872229362574593,available
ab-test-001178,0,0.01785040570713098,0,0.3872229362574593,available
ab-test-001179,0,0.0024495094752207064,0,0.3872229362574593,available
ab-test-001180,0,0.49034201656492316,1,0.3872229362574593,available
ab-test-001181,0,0.026061380949047915,0,0.3872229362574593,available
ab-test-001182,0,0.001790404142199492,0,0.3872229362574593,available
ab-test-001183,0,0.00979009305543783,0,0.3872229362574593,available
ab-test-001184,0,0.022280420764975495,0,0.3872229362574593,available
ab-test-001185,0,0.007869966382537,0,0.3872229362574593,available
ab-test-001186,0,0.027359728513010516,0,0.3872229362574593,available
ab-test-001187,0,0.01037631945561507,0,0.3872229362574593,available
ab-test-001188,0,0.031149481638721867,0,0.3872229362574593,available
ab-test-001189,0,0.03438413472151005,0,0.3872229362574593,available
ab-test-001190,0,0.0059009869250399765,0,0.3872229362574593,available
ab-test-001191,0,0.025345967843670204,0,0.3872229362574593,available
ab-test-001192,0,0.008797378187167162,0,0.3872229362574593,available
ab-test-001193,0,0.011394374823278043,0,0.3872229362574593,available
ab-test-001194,0,0.0027148934195750122,0,0.3872229362574593,available
ab-test-001195,0,0.0014045687198901092,0,0.3872229362574593,available
ab-test-001196,0,0.0008855353225978599,0,0.3872229362574593,available
ab-test-001197,0,0.018630508396471065,0,0.3872229362574593,available
ab-test-001198,0,0.02058135498796672,0,0.3872229362574593,available
ab-test-001199,0,0.004424152544237391,0,0.3872229362574593,available
ab-test-001200,0,0.020794957976621856,0,0.3872229362574593,available
ab-test-001201,1,0.00338896804380341,0,0.3872229362574593,available
ab-test-001202,0,0.024935401908591594,0,0.3872229362574593,available
ab-test-001203,0,0.002397592005373023,0,0.3872229362574593,available
ab-test-001204,0,0.01924603767620218,0,0.3872229362574593,available
ab-test-001205,0,0.011081386512463933,0,0.3872229362574593,available
ab-test-001206,0,0.019655048800589547,0,0.3872229362574593,available
ab-test-001207,1,0.03030052578011615,0,0.3872229362574593,available
ab-test-001208,0,0.0016269918580230928,0,0.3872229362574593,available
ab-test-001209,1,0.9243366812883024,1,0.3872229362574593,available
ab-test-001210,0,0.0063223548687306305,0,0.3872229362574593,available
ab-test-001211,0,0.0028296946884330348,0,0.3872229362574593,available
ab-test-001212,0,0.006050357703758432,0,0.3872229362574593,available
ab-test-001213,0,0.08217477427336708,0,0.3872229362574593,available
ab-test-001214,0,0.002679304833594184,0,0.3872229362574593,available
ab-test-001215,0,0.010946513950528413,0,0.3872229362574593,available
ab-test-001216,0,0.002071356178704423,0,0.3872229362574593,available
ab-test-001217,0,0.016081049434758746,0,0.3872229362574593,available
ab-test-001218,0,0.009092184606659446,0,0.3872229362574593,available
ab-test-001219,0,0.012734012994636877,0,0.3872229362574593,available
ab-test-001220,0,0.7115192486521927,1,0.3872229362574593,available
ab-test-001221,0,0.05630895464038948,0,0.3872229362574593,available
ab-test-001222,0,0.06321838579438273,0,0.3872229362574593,available
ab-test-001223,0,0.002410941718674624,0,0.3872229362574593,available
ab-test-001224,0,0.002527532690560423,0,0.3872229362574593,available
ab-test-001225,0,0.14709492809660868,0,0.3872229362574593,available
ab-test-001226,0,0.007200524897020886,0,0.3872229362574593,available
ab-test-001227,0,0.009838905865706687,0,0.3872229362574593,available
ab-test-001228,1,0.04772566261152,0,0.3872229362574593,available
ab-test-001229,0,0.00575372600626327,0,0.3872229362574593,available
ab-test-001230,0,0.0035969997174483434,0,0.3872229362574593,available
ab-test-001231,0,0.007195031424003367,0,0.3872229362574593,available
ab-test-001232,0,0.015820746514460967,0,0.3872229362574593,available
ab-test-001233,0,0.10429048167554313,0,0.3872229362574593,available
ab-test-001234,0,0.024291448983360976,0,0.3872229362574593,available
ab-test-001235,0,0.02199601426191889,0,0.3872229362574593,available
ab-test-001236,0,0.0051346956119156075,0,0.3872229362574593,available
ab-test-001237,0,0.000579330333672018,0,0.3872229362574593,available
ab-test-001238,0,0.005400672910529828,0,0.3872229362574593,available
ab-test-001239,0,0.11834238715507167,0,0.3872229362574593,available
ab-test-001240,0,0.4253890924898538,1,0.3872229362574593,available
ab-test-001241,0,0.006656093436008093,0,0.3872229362574593,available
ab-test-001242,0,0.0003095305809271211,0,0.3872229362574593,available
ab-test-001243,0,0.3536732929147086,0,0.3872229362574593,available
ab-test-001244,0,0.010740508672976334,0,0.3872229362574593,available
ab-test-001245,0,0.013372205753778404,0,0.3872229362574593,available
ab-test-001246,0,0.006386421912659472,0,0.3872229362574593,available
ab-test-001247,0,0.11458329717306164,0,0.3872229362574593,available
ab-test-001248,0,0.12786676325466917,0,0.3872229362574593,available
ab-test-001249,1,0.44332685381616826,1,0.3872229362574593,available
ab-test-001250,0,0.005212700579819489,0,0.3872229362574593,available
ab-test-001251,0,0.2590667089049199,0,0.3872229362574593,available
ab-test-001252,0,0.017077750898945438,0,0.3872229362574593,available
ab-test-001253,0,0.025403441857649724,0,0.3872229362574593,available
ab-test-001254,0,0.013499765510037991,0,0.3872229362574593,available
ab-test-001255,0,0.010503237682076356,0,0.3872229362574593,available
ab-test-001256,0,0.05266252141273775,0,0.3872229362574593,available
ab-test-001257,0,0.010887264419975562,0,0.3872229362574593,available
ab-test-001258,0,0.00309954565613768,0,0.3872229362574593,available
ab-test-001259,0,0.0021840099440806645,0,0.3872229362574593,available
ab-test-001260,0,0.06581430956781678,0,0.3872229362574593,available
ab-test-001261,1,0.0004548180381127711,0,0.3872229362574593,available
ab-test-001262,0,0.01994057248535807,0,0.3872229362574593,available
ab-test-001263,0,0.06365887516588571,0,0.3872229362574593,available
ab-test-001264,0,0.02805748757119795,0,0.3872229362574593,available
ab-test-001265,0,0.022952739770297298,0,0.3872229362574593,available
ab-test-001266,0,0.01844056554752672,0,0.3872229362574593,available
ab-test-001267,1,0.5866366963657735,1,0.3872229362574593,available
ab-test-001268,0,0.007100621404205457,0,0.3872229362574593,available
ab-test-001269,0,0.003112022408515814,0,0.3872229362574593,available
ab-test-001270,1,0.02217723985526853,0,0.3872229362574593,available
ab-test-001271,0,0.008183518122214512,0,0.3872229362574593,available
ab-test-001272,1,0.6217958229516152,1,0.3872229362574593,available
ab-test-001273,0,0.0021408374690154715,0,0.3872229362574593,available
ab-test-001274,0,0.24873903191450442,0,0.3872229362574593,available
ab-test-001275,0,0.008206694010320627,0,0.3872229362574593,available
ab-test-001276,0,0.14307743219545835,0,0.3872229362574593,available
ab-test-001277,0,0.01172331374950223,0,0.3872229362574593,available
ab-test-001278,0,0.007305144169751133,0,0.3872229362574593,available
ab-test-001279,0,0.031060471853093564,0,0.3872229362574593,available
ab-test-001280,0,0.0024062593903153196,0,0.3872229362574593,available
ab-test-001281,0,0.002238746414143687,0,0.3872229362574593,available
ab-test-001282,0,0.010997133575164658,0,0.3872229362574593,available
ab-test-001283,0,0.019921787277659052,0,0.3872229362574593,available
ab-test-001284,0,0.0016188509984616118,0,0.3872229362574593,available
ab-test-001285,0,0.044922902531694536,0,0.3872229362574593,available
ab-test-001286,0,0.4160634672656605,1,0.3872229362574593,available
ab-test-001287,0,0.0002985353337830513,0,0.3872229362574593,available
ab-test-001288,0,0.29798116623548077,0,0.3872229362574593,available
ab-test-001289,1,0.9865566699132265,1,0.3872229362574593,available
ab-test-001290,0,0.001785660354793493,0,0.3872229362574593,available
ab-test-001291,0,0.004466924500101369,0,0.3872229362574593,available
ab-test-001292,0,0.03141064452061947,0,0.3872229362574593,available
ab-test-001293,1,0.7878462052842272,1,0.3872229362574593,available
ab-test-001294,0,0.0020567714456213746,0,0.3872229362574593,available
ab-test-001295,0,0.01980044238439951,0,0.3872229362574593,available
ab-test-001296,0,0.35797837091055346,0,0.3872229362574593,available
ab-test-001297,0,0.0015523901843623527,0,0.3872229362574593,available
ab-test-001298,0,0.0031503116740412805,0,0.3872229362574593,available
ab-test-001299,0,0.08506779942541223,0,0.3872229362574593,available
ab-test-001300,0,0.015022621766899072,0,0.3872229362574593,available
ab-test-001301,0,0.12720520631819857,0,0.3872229362574593,available
ab-test-001302,0,0.053981391291286346,0,0.3872229362574593,available
ab-test-001303,0,0.0017856866033728305,0,0.3872229362574593,available
ab-test-001304,0,0.04354216563744536,0,0.3872229362574593,available
ab-test-001305,0,0.0731763872276777,0,0.3872229362574593,available
ab-test-001306,0,0.0006072773975193451,0,0.3872229362574593,available
ab-test-001307,0,0.009933935345440714,0,0.3872229362574593,available
ab-test-001308,0,0.0014955802434728285,0,0.3872229362574593,available
ab-test-001309,0,0.009011283140880684,0,0.3872229362574593,available
ab-test-001310,0,0.009599172766471546,0,0.3872229362574593,available
ab-test-001311,0,0.0046365649817347015,0,0.3872229362574593,available
ab-test-001312,0,0.00409438582515832,0,0.3872229362574593,available
ab-test-001313,0,0.22454923420443137,0,0.3872229362574593,available
ab-test-001314,0,0.06900247448574758,0,0.3872229362574593,available
ab-test-001315,0,0.42587983018602693,1,0.3872229362574593,available
ab-test-001316,0,0.004494680134145147,0,0.3872229362574593,available
ab-test-001317,0,0.0013715262900921995,0,0.3872229362574593,available
ab-test-001318,0,0.0002005650202427261,0,0.3872229362574593,available
ab-test-001319,0,0.03434582431051192,0,0.3872229362574593,available
ab-test-001320,1,0.0009052870536640397,0,0.3872229362574593,available
ab-test-001321,0,0.007486018071014226,0,0.3872229362574593,available
ab-test-001322,0,0.008421686958733628,0,0.3872229362574593,available
ab-test-001323,0,0.5221744456914469,1,0.3872229362574593,available
ab-test-001324,1,0.6041265336367746,1,0.3872229362574593,available
ab-test-001325,0,0.007424188207566411,0,0.3872229362574593,available
ab-test-001326,0,0.0015773185679890912,0,0.3872229362574593,available
ab-test-001327,0,0.01037631945561507,0,0.3872229362574593,available
ab-test-001328,0,0.029107303152972264,0,0.3872229362574593,available
ab-test-001329,0,0.02139416105250251,0,0.3872229362574593,available
ab-test-001330,0,0.017958155254498075,0,0.3872229362574593,available
ab-test-001331,0,0.008160188466490036,0,0.3872229362574593,available
ab-test-001332,1,0.029210808326859582,0,0.3872229362574593,available
ab-test-001333,0,0.0026480610584684256,0,0.3872229362574593,available
ab-test-001334,0,0.018378744662595942,0,0.3872229362574593,available
ab-test-001335,0,0.7793904766389429,1,0.3872229362574593,available
ab-test-001336,0,0.024336970825410382,0,0.3872229362574593,available
ab-test-001337,0,0.003489737250023176,0,0.3872229362574593,available
ab-test-001338,0,0.024912728863089706,0,0.3872229362574593,available
ab-test-001339,0,0.018489905964641,0,0.3872229362574593,available
ab-test-001340,0,0.012771073159127991,0,0.3872229362574593,available
ab-test-001341,1,0.4289313588599441,1,0.3872229362574593,available
ab-test-001342,0,0.009728013895687086,0,0.3872229362574593,available
ab-test-001343,0,0.0036566045199437243,0,0.3872229362574593,available
ab-test-001344,0,0.021004588909373935,0,0.3872229362574593,available
ab-test-001345,0,0.008888117494614775,0,0.3872229362574593,available
ab-test-001346,0,0.19395917372428917,0,0.3872229362574593,available
ab-test-001347,0,0.013703784406020138,0,0.3872229362574593,available
ab-test-001348,0,0.01461884718407257,0,0.3872229362574593,available
ab-test-001349,0,0.000988807645021036,0,0.3872229362574593,available
ab-test-001350,0,0.0018560522303107006,0,0.3872229362574593,available
ab-test-001351,0,0.001961321310347009,0,0.3872229362574593,available
ab-test-001352,0,0.004551611662485428,0,0.3872229362574593,available
ab-test-001353,0,0.6124604915270279,1,0.3872229362574593,available
ab-test-001354,0,0.0038616357731310912,0,0.3872229362574593,available
ab-test-001355,0,0.016125380806463422,0,0.3872229362574593,available
ab-test-001356,0,0.004396783668558612,0,0.3872229362574593,available
ab-test-001357,0,0.0062528837950646,0,0.3872229362574593,available
ab-test-001358,0,0.008506451621816413,0,0.3872229362574593,available
ab-test-001359,0,0.011165936960127848,0,0.3872229362574593,available
ab-test-001360,0,0.0041324005584170145,0,0.3872229362574593,available
ab-test-001361,0,0.01632260039843645,0,0.3872229362574593,available
ab-test-001362,0,0.00422574017440373,0,0.3872229362574593,available
ab-test-001363,0,0.08210898910990092,0,0.3872229362574593,available
ab-test-001364,0,0.025109855170730933,0,0.3872229362574593,available
ab-test-001365,0,0.007400672627352569,0,0.3872229362574593,available
ab-test-001366,0,0.028929374143864164,0,0.3872229362574593,available
ab-test-001367,0,0.018008718428598133,0,0.3872229362574593,available
ab-test-001368,0,0.014471170941126581,0,0.3872229362574593,available
ab-test-001369,0,0.4374838022370647,1,0.3872229362574593,available
ab-test-001370,0,0.004491136144626992,0,0.3872229362574593,available
ab-test-001371,0,0.018318139951001275,0,0.3872229362574593,available
ab-test-001372,0,0.0010879820098686564,0,0.3872229362574593,available
ab-test-001373,0,0.004815309681081635,0,0.3872229362574593,available
ab-test-001374,0,0.01209539971996701,0,0.3872229362574593,available
ab-test-001375,0,0.011177545984180026,0,0.3872229362574593,available
ab-test-001376,0,0.8646843654638704,1,0.3872229362574593,available
ab-test-001377,0,0.009037819405638386,0,0.3872229362574593,available
ab-test-001378,0,0.022357134133124436,0,0.3872229362574593,available
ab-test-001379,0,0.0018465063886106432,0,0.3872229362574593,available
ab-test-001380,0,0.0016835039244112117,0,0.3872229362574593,available
ab-test-001381,0,0.007081889714300285,0,0.3872229362574593,available
ab-test-001382,0,0.0121860486195797,0,0.3872229362574593,available
ab-test-001383,0,0.18512410118259304,0,0.3872229362574593,available
ab-test-001384,0,0.005275090356237416,0,0.3872229362574593,available
ab-test-001385,0,0.0062043427871819575,0,0.3872229362574593,available
ab-test-001386,0,0.0035810349911913814,0,0.3872229362574593,available
ab-test-001387,0,0.07824267630293255,0,0.3872229362574593,available
ab-test-001388,0,0.004561891829299222,0,0.3872229362574593,available
ab-test-001389,0,0.008967509835072763,0,0.3872229362574593,available
ab-test-001390,0,0.0029876249878383345,0,0.3872229362574593,available
ab-test-001391,0,0.00416453915570208,0,0.3872229362574593,available
ab-test-001392,0,0.4312931514554489,1,0.3872229362574593,available
ab-test-001393,0,0.012599848376038043,0,0.3872229362574593,available
ab-test-001394,1,0.008534535481954259,0,0.3872229362574593,available
ab-test-001395,0,0.005968846809641317,0,0.3872229362574593,available
ab-test-001396,0,0.007927236643527399,0,0.3872229362574593,available
ab-test-001397,0,0.46674191521208097,1,0.3872229362574593,available
ab-test-001398,0,0.1865124872852761,0,0.3872229362574593,available
ab-test-001399,0,0.006691269350879224,0,0.3872229362574593,available
ab-test-001400,0,0.00352680192076241,0,0.3872229362574593,available
ab-test-001401,1,0.07818937231691651,0,0.3872229362574593,available
ab-test-001402,0,0.003582860639921166,0,0.3872229362574593,available
ab-test-001403,0,0.0017202341078439132,0,0.3872229362574593,available
ab-test-001404,0,0.00600939494976659,0,0.3872229362574593,available
ab-test-001405,0,0.00092801059606583,0,0.3872229362574593,available
ab-test-001406,0,0.051015217177865196,0,0.3872229362574593,available
ab-test-001407,0,0.005246626080374022,0,0.3872229362574593,available
ab-test-001408,0,0.00440869712215931,0,0.3872229362574593,available
ab-test-001409,0,0.0032674702764532056,0,0.3872229362574593,available
ab-test-001410,0,0.003093746615904555,0,0.3872229362574593,available
ab-test-001411,0,0.2851495710888298,0,0.3872229362574593,available
ab-test-001412,0,0.0010228588411838068,0,0.3872229362574593,available
ab-test-001413,0,0.011270642735004265,0,0.3872229362574593,available
ab-test-001414,0,0.01303407578812958,0,0.3872229362574593,available
ab-test-001415,0,0.016187427637943664,0,0.3872229362574593,available
ab-test-001416,0,0.07089387129456963,0,0.3872229362574593,available
ab-test-001417,0,0.016451058036251614,0,0.3872229362574593,available
ab-test-001418,1,0.0075346982534332954,0,0.3872229362574593,available
ab-test-001419,0,0.001238515685063915,0,0.3872229362574593,available
ab-test-001420,0,0.00279266584822112,0,0.3872229362574593,available
ab-test-001421,0,0.022533672462441486,0,0.3872229362574593,available
ab-test-001422,0,0.0030791521587999397,0,0.3872229362574593,available
ab-test-001423,0,0.0036894910715265083,0,0.3872229362574593,available
ab-test-001424,0,0.024579438640532934,0,0.3872229362574593,available
ab-test-001425,0,0.059180345361342354,0,0.3872229362574593,available
ab-test-001426,1,0.08583599524183859,0,0.3872229362574593,available
ab-test-001427,0,0.014080650048770146,0,0.3872229362574593,available
ab-test-001428,0,0.0782023819880858,0,0.3872229362574593,available
ab-test-001429,0,0.012544884218989888,0,0.3872229362574593,available
ab-test-001430,0,0.015302549217654912,0,0.3872229362574593,available
ab-test-001431,0,0.012858893999736323,0,0.3872229362574593,available
ab-test-001432,0,0.008347208019048825,0,0.3872229362574593,available
ab-test-001433,0,0.008873490100078922,0,0.3872229362574593,available
ab-test-001434,1,0.041727077050617595,0,0.3872229362574593,available
ab-test-001435,0,0.054549037726492236,0,0.3872229362574593,available
ab-test-001436,0,0.005563431103573961,0,0.3872229362574593,available
ab-test-001437,0,0.03324225434655575,0,0.3872229362574593,available
ab-test-001438,0,0.014499639166465905,0,0.3872229362574593,available
ab-test-001439,0,0.003015889571985282,0,0.3872229362574593,available
ab-test-001440,0,0.024396164946571805,0,0.3872229362574593,available
ab-test-001441,0,0.010679929601436877,0,0.3872229362574593,available
ab-test-001442,0,0.009464172561526055,0,0.3872229362574593,available
ab-test-001443,0,0.0872184643392955,0,0.3872229362574593,available
ab-test-001444,0,0.00661447746779105,0,0.3872229362574593,available
ab-test-001445,0,0.003552496272482593,0,0.3872229362574593,available
ab-test-001446,0,0.005869649776910516,0,0.3872229362574593,available
ab-test-001447,0,0.00020704076743034155,0,0.3872229362574593,available
ab-test-001448,0,0.015656625404632734,0,0.3872229362574593,available
ab-test-001449,0,0.00785368776159094,0,0.3872229362574593,available
ab-test-001450,0,0.013925479238535748,0,0.3872229362574593,available
ab-test-001451,1,0.7634322734681638,1,0.3872229362574593,available
ab-test-001452,0,0.0021931067215672524,0,0.3872229362574593,available
ab-test-001453,1,0.05300595441327578,0,0.3872229362574593,available
ab-test-001454,0,0.003982852171953073,0,0.3872229362574593,available
ab-test-001455,0,0.006739020346992323,0,0.3872229362574593,available
ab-test-001456,0,0.003768369915062494,0,0.3872229362574593,available
ab-test-001457,0,0.02776734391840015,0,0.3872229362574593,available
ab-test-001458,0,0.004207357850382503,0,0.3872229362574593,available
ab-test-001459,1,0.21756206585878737,0,0.3872229362574593,available
ab-test-001460,0,0.02641018963726066,0,0.3872229362574593,available
ab-test-001461,0,0.004853339740134131,0,0.3872229362574593,available
ab-test-001462,0,0.015445658412792518,0,0.3872229362574593,available
ab-test-001463,0,0.003794723839424512,0,0.3872229362574593,available
ab-test-001464,0,0.01152288139748779,0,0.3872229362574593,available
ab-test-001465,0,0.10364361869402026,0,0.3872229362574593,available
ab-test-001466,0,0.30397687570998194,0,0.3872229362574593,available
ab-test-001467,0,0.0008793580035988546,0,0.3872229362574593,available
ab-test-001468,1,0.002106765504407589,0,0.3872229362574593,available
ab-test-001469,1,0.0006926517405316092,0,0.3872229362574593,available
ab-test-001470,0,0.04442496616318752,0,0.3872229362574593,available
ab-test-001471,1,0.8257413655951983,1,0.3872229362574593,available
ab-test-001472,0,0.0008036569718443552,0,0.3872229362574593,available
ab-test-001473,0,0.00039810594368531343,0,0.3872229362574593,available
ab-test-001474,0,0.0009020092385315903,0,0.3872229362574593,available
ab-test-001475,0,0.30331899926405426,0,0.3872229362574593,available
ab-test-001476,0,0.01084837500083405,0,0.3872229362574593,available
ab-test-001477,0,0.00044148570048564007,0,0.3872229362574593,available
ab-test-001478,0,0.0164855831517955,0,0.3872229362574593,available
ab-test-001479,0,0.026742127741395557,0,0.3872229362574593,available
ab-test-001480,0,0.0064858723937908265,0,0.3872229362574593,available
ab-test-001481,0,0.00248149441983387,0,0.3872229362574593,available
ab-test-001482,0,0.007658712316973981,0,0.3872229362574593,available
ab-test-001483,0,0.02024415723095534,0,0.3872229362574593,available
ab-test-001484,0,0.0040521748647851085,0,0.3872229362574593,available
ab-test-001485,0,0.0010482842056526438,0,0.3872229362574593,available
ab-test-001486,0,0.016185582957433668,0,0.3872229362574593,available
ab-test-001487,0,0.5833626276824625,1,0.3872229362574593,available
ab-test-001488,0,0.01612051038611218,0,0.3872229362574593,available
ab-test-001489,0,0.0028602992234464976,0,0.3872229362574593,available
ab-test-001490,1,0.8928886993569761,1,0.3872229362574593,available
ab-test-001491,0,0.0007773798571854709,0,0.3872229362574593,available
ab-test-001492,1,0.0061316900868296775,0,0.3872229362574593,available
ab-test-001493,0,0.017674464386371304,0,0.3872229362574593,available
ab-test-001494,0,0.005244380643732411,0,0.3872229362574593,available
ab-test-001495,0,0.014798539581797153,0,0.3872229362574593,available
ab-test-001496,1,0.1321092385606179,0,0.3872229362574593,available
ab-test-001497,0,0.0030032351833091833,0,0.3872229362574593,available
ab-test-001498,0,0.3153422265727449,0,0.3872229362574593,available
ab-test-001499,0,0.0037785273433445774,0,0.3872229362574593,available
ab-test-001500,0,0.0031483615298437493,0,0.3872229362574593,available
ab-test-001501,0,0.015489013275525862,0,0.3872229362574593,available
ab-test-001502,0,0.25203533033614145,0,0.3872229362574593,available
ab-test-001503,0,0.003207548465351128,0,0.3872229362574593,available
ab-test-001504,0,0.007243927911483679,0,0.3872229362574593,available
ab-test-001505,0,0.02674053096409822,0,0.3872229362574593,available
ab-test-001506,0,0.006132226794249011,0,0.3872229362574593,available
ab-test-001507,0,0.014671076623766694,0,0.3872229362574593,available
ab-test-001508,0,0.02364903203833126,0,0.3872229362574593,available
ab-test-001509,0,0.04174146862332859,0,0.3872229362574593,available
ab-test-001510,0,0.05507925397845517,0,0.3872229362574593,available
ab-test-001511,0,0.025171360085276442,0,0.3872229362574593,available
ab-test-001512,0,0.07099883503396656,0,0.3872229362574593,available
ab-test-001513,0,0.008305344417605557,0,0.3872229362574593,available
ab-test-001514,0,0.0023020387506244217,0,0.3872229362574593,available
ab-test-001515,0,0.010845068289266433,0,0.3872229362574593,available
ab-test-001516,0,0.001244306980610987,0,0.3872229362574593,available
ab-test-001517,0,0.004833135027287998,0,0.3872229362574593,available
ab-test-001518,0,0.008667999482915075,0,0.3872229362574593,available
ab-test-001519,0,0.001751919534694248,0,0.3872229362574593,available
ab-test-001520,0,0.03702210467045988,0,0.3872229362574593,available
ab-test-001521,0,0.004903681873788844,0,0.3872229362574593,available
ab-test-001522,0,0.008008198253684456,0,0.3872229362574593,available
ab-test-001523,0,0.004579340063261816,0,0.3872229362574593,available
ab-test-001524,0,0.01783145877841772,0,0.3872229362574593,available
ab-test-001525,0,0.009057801176637606,0,0.3872229362574593,available
ab-test-001526,1,0.9027329635534135,1,0.3872229362574593,available
ab-test-001527,0,0.002699277723727542,0,0.3872229362574593,available
ab-test-001528,0,0.0024977871550484485,0,0.3872229362574593,available
ab-test-001529,0,0.015282781488120978,0,0.3872229362574593,available
ab-test-001530,0,0.15296414404671566,0,0.3872229362574593,available
ab-test-001531,0,0.006218718102368245,0,0.3872229362574593,available
ab-test-001532,0,0.013453890661255347,0,0.3872229362574593,available
ab-test-001533,0,0.011888906528469839,0,0.3872229362574593,available
ab-test-001534,0,0.026261940207303432,0,0.3872229362574593,available
ab-test-001535,0,0.04838548440632533,0,0.3872229362574593,available
ab-test-001536,0,0.061291536522064184,0,0.3872229362574593,available
ab-test-001537,0,0.002968470568445073,0,0.3872229362574593,available
ab-test-001538,0,0.0009773386772682251,0,0.3872229362574593,available
ab-test-001539,0,0.00211893857157505,0,0.3872229362574593,available
ab-test-001540,0,0.03788470044061317,0,0.3872229362574593,available
ab-test-001541,0,0.024543812715506968,0,0.3872229362574593,available
ab-test-001542,1,0.08294437712852105,0,0.3872229362574593,available
ab-test-001543,0,0.006138879131447217,0,0.3872229362574593,available
ab-test-001544,1,0.06941756851298057,0,0.3872229362574593,available
ab-test-001545,0,0.0008708190609112544,0,0.3872229362574593,available
ab-test-001546,1,0.7759470411155278,1,0.3872229362574593,available
ab-test-001547,0,0.012058667848783053,0,0.3872229362574593,available
ab-test-001548,0,0.03394102854674461,0,0.3872229362574593,available
ab-test-001549,0,0.022197556692806642,0,0.3872229362574593,available
ab-test-001550,1,0.6261385113431016,1,0.3872229362574593,available
ab-test-001551,0,0.0035852110324172434,0,0.3872229362574593,available
ab-test-001552,0,0.09781337321529777,0,0.3872229362574593,available
ab-test-001553,0,0.006356979922847974,0,0.3872229362574593,available
ab-test-001554,0,0.0034890547710788532,0,0.3872229362574593,available
ab-test-001555,0,0.03184009905676727,0,0.3872229362574593,available
ab-test-001556,0,0.0037526855257172323,0,0.3872229362574593,available
ab-test-001557,1,0.9233428789774911,1,0.3872229362574593,available
ab-test-001558,0,0.04127721694245101,0,0.3872229362574593,available
ab-test-001559,0,0.07080359078207335,0,0.3872229362574593,available
ab-test-001560,0,0.008626843515851376,0,0.3872229362574593,available
ab-test-001561,1,0.9860591239899336,1,0.3872229362574593,available
ab-test-001562,0,0.039942073570914206,0,0.3872229362574593,available
ab-test-001563,0,0.011114561085299365,0,0.3872229362574593,available
ab-test-001564,0,0.0016621670039544893,0,0.3872229362574593,available
ab-test-001565,0,0.012017741524230612,0,0.3872229362574593,available
ab-test-001566,0,0.011270642735004265,0,0.3872229362574593,available
ab-test-001567,0,0.248737778819153,0,0.3872229362574593,available
ab-test-001568,0,0.005608028031709463,0,0.3872229362574593,available
ab-test-001569,1,0.1684018136702475,0,0.3872229362574593,available
ab-test-001570,1,0.0030637821859896375,0,0.3872229362574593,available
ab-test-001571,0,0.0142207660564656,0,0.3872229362574593,available
ab-test-001572,0,0.015983835521170567,0,0.3872229362574593,available
ab-test-001573,0,0.25217372157004053,0,0.3872229362574593,available
ab-test-001574,0,0.010427398965222875,0,0.3872229362574593,available
ab-test-001575,0,0.0027349746647356535,0,0.3872229362574593,available
ab-test-001576,0,0.0024538764086998784,0,0.3872229362574593,available
ab-test-001577,0,0.001001577268832443,0,0.3872229362574593,available
ab-test-001578,0,0.010124483249268571,0,0.3872229362574593,available
ab-test-001579,0,0.001677352868415272,0,0.3872229362574593,available
ab-test-001580,0,0.2763415425174408,0,0.3872229362574593,available
ab-test-001581,0,0.0004636236305346818,0,0.3872229362574593,available
ab-test-001582,1,0.014767176238386007,0,0.3872229362574593,available
ab-test-001583,1,0.009523834469807887,0,0.3872229362574593,available
ab-test-001584,0,0.0014444601876709678,0,0.3872229362574593,available
ab-test-001585,0,0.00575909044674329,0,0.3872229362574593,available
ab-test-001586,0,0.08635987325462713,0,0.3872229362574593,available
ab-test-001587,0,0.0018019173340486194,0,0.3872229362574593,available
ab-test-001588,1,0.011042837272808899,0,0.3872229362574593,available
ab-test-001589,0,0.0038081054521487993,0,0.3872229362574593,available
ab-test-001590,0,0.005876433289276597,0,0.3872229362574593,available
ab-test-001591,0,0.004610655626193862,0,0.3872229362574593,available
ab-test-001592,0,0.057268891792983376,0,0.3872229362574593,available
ab-test-001593,0,0.001423419763332193,0,0.3872229362574593,available
ab-test-001594,0,0.14904332217918942,0,0.3872229362574593,available
ab-test-001595,0,0.01129844864223283,0,0.3872229362574593,available
ab-test-001596,1,0.8148458248794533,1,0.3872229362574593,available
ab-test-001597,1,0.28535674981368103,0,0.3872229362574593,available
ab-test-001598,0,0.012519723995767142,0,0.3872229362574593,available
ab-test-001599,0,0.0009738988512783593,0,0.3872229362574593,available
ab-test-001600,0,0.007233383482540061,0,0.3872229362574593,available
ab-test-001601,1,0.6139407338224946,1,0.3872229362574593,available
ab-test-001602,0,0.007141167030811181,0,0.3872229362574593,available
ab-test-001603,0,0.058299826667194805,0,0.3872229362574593,available
ab-test-001604,1,0.32874603173863287,0,0.3872229362574593,available
ab-test-001605,0,0.028778213162190928,0,0.3872229362574593,available
ab-test-001606,0,0.0035578990163456833,0,0.3872229362574593,available
ab-test-001607,0,0.005561470826632353,0,0.3872229362574593,available
ab-test-001608,0,0.006284407970691551,0,0.3872229362574593,available
ab-test-001609,0,0.020772515896249268,0,0.3872229362574593,available
ab-test-001610,0,0.05372899880005567,0,0.3872229362574593,available
ab-test-001611,1,0.0031655520576985723,0,0.3872229362574593,available
ab-test-001612,0,0.03005854762989389,0,0.3872229362574593,available
ab-test-001613,0,0.026276461872902435,0,0.3872229362574593,available
ab-test-001614,0,0.023282987445387576,0,0.3872229362574593,available
ab-test-001615,0,0.017349627809878018,0,0.3872229362574593,available
ab-test-001616,0,0.0003100598318400569,0,0.3872229362574593,available
ab-test-001617,0,0.026438444137176706,0,0.3872229362574593,available
ab-test-001618,1,0.0024422053116169916,0,0.3872229362574593,available
ab-test-001619,0,0.017300202176138636,0,0.3872229362574593,available
ab-test-001620,0,0.001223534321301455,0,0.3872229362574593,available
ab-test-001621,0,0.009461044002068824,0,0.3872229362574593,available
ab-test-001622,1,0.002136680567869727,0,0.3872229362574593,available
ab-test-001623,0,0.002325312973601125,0,0.3872229362574593,available
ab-test-001624,1,0.001036555867479603,0,0.3872229362574593,available
ab-test-001625,0,0.14555294935169952,0,0.3872229362574593,available
ab-test-001626,0,0.0021394105388315866,0,0.3872229362574593,available
ab-test-001627,0,0.006770861390516911,0,0.3872229362574593,available
ab-test-001628,0,0.01980044238439951,0,0.3872229362574593,available
ab-test-001629,0,0.060561858362776645,0,0.3872229362574593,available
ab-test-001630,0,0.0005400118896283955,0,0.3872229362574593,available
ab-test-001631,0,0.0008771026592694397,0,0.3872229362574593,available
ab-test-001632,0,0.013218105294191101,0,0.3872229362574593,available
ab-test-001633,0,0.003697343322872737,0,0.3872229362574593,available
ab-test-001634,0,0.032336263731323076,0,0.3872229362574593,available
ab-test-001635,0,0.010968026772214,0,0.3872229362574593,available
ab-test-001636,0,0.009562629687643483,0,0.3872229362574593,available
ab-test-001637,1,0.3243620851752185,0,0.3872229362574593,available
ab-test-001638,0,0.029123585518620976,0,0.3872229362574593,available
ab-test-001639,1,0.005068274489675346,0,0.3872229362574593,available
ab-test-001640,0,0.1693426644731359,0,0.3872229362574593,available
ab-test-001641,0,0.008533995801213955,0,0.3872229362574593,available
ab-test-001642,0,0.002489611046881697,0,0.3872229362574593,available
ab-test-001643,0,0.0034276584282444083,0,0.3872229362574593,available
ab-test-001644,0,0.0008649434308113906,0,0.3872229362574593,available
ab-test-001645,0,0.003954511472642516,0,0.3872229362574593,available
ab-test-001646,0,0.059014326256724765,0,0.3872229362574593,available
ab-test-001647,0,0.0026546545013379115,0,0.3872229362574593,available
ab-test-001648,0,0.5106175490957766,1,0.3872229362574593,available
ab-test-001649,0,0.04986643455819729,0,0.3872229362574593,available
ab-test-001650,0,0.009837969877898244,0,0.3872229362574593,available
ab-test-001651,0,0.0022346183568001396,0,0.3872229362574593,available
ab-test-001652,0,0.015679264243059408,0,0.3872229362574593,available
ab-test-001653,0,0.015152214387922518,0,0.3872229362574593,available
ab-test-001654,0,0.011782528666549236,0,0.3872229362574593,available
ab-test-001655,0,0.015554589556654234,0,0.3872229362574593,available
ab-test-001656,1,0.21185627727114317,0,0.3872229362574593,available
ab-test-001657,0,0.017341844343504813,0,0.3872229362574593,available
ab-test-001658,0,0.0010681526259419352,0,0.3872229362574593,available
ab-test-001659,0,0.0069353395414073265,0,0.3872229362574593,available
ab-test-001660,0,0.0023686547410950672,0,0.3872229362574593,available
ab-test-001661,0,0.004341787274909581,0,0.3872229362574593,available
ab-test-001662,0,0.0030415830237381786,0,0.3872229362574593,available
ab-test-001663,0,0.005897050750245137,0,0.3872229362574593,available
ab-test-001664,1,0.050231256527635625,0,0.3872229362574593,available
ab-test-001665,0,0.6606855566570202,1,0.3872229362574593,available
ab-test-001666,0,0.031065231002911874,0,0.3872229362574593,available
ab-test-001667,0,0.0750721845064212,0,0.3872229362574593,available
ab-test-001668,0,0.008622399505185604,0,0.3872229362574593,available
ab-test-001669,0,0.22819866159014066,0,0.3872229362574593,available
ab-test-001670,0,0.0057483239115972175,0,0.3872229362574593,available
ab-test-001671,0,0.008965508211954316,0,0.3872229362574593,available
ab-test-001672,0,0.2448294247398557,0,0.3872229362574593,available
ab-test-001673,0,0.02411258865724337,0,0.3872229362574593,available
ab-test-001674,0,0.07083923401493035,0,0.3872229362574593,available
ab-test-001675,0,0.0006160976289356762,0,0.3872229362574593,available
ab-test-001676,0,0.0017212838622772707,0,0.3872229362574593,available
ab-test-001677,0,0.018890540303740683,0,0.3872229362574593,available
ab-test-001678,0,0.005748045433521163,0,0.3872229362574593,available
ab-test-001679,0,0.015106716456899979,0,0.3872229362574593,available
ab-test-001680,0,0.0016043356852573649,0,0.3872229362574593,available
ab-test-001681,0,0.003923119860341632,0,0.3872229362574593,available
ab-test-001682,0,0.003217338239950132,0,0.3872229362574593,available
ab-test-001683,0,0.005040320630063878,0,0.3872229362574593,available
ab-test-001684,0,0.0021437660911177857,0,0.3872229362574593,available
ab-test-001685,1,0.8412991681779303,1,0.3872229362574593,available
ab-test-001686,0,0.0013667841025904518,0,0.3872229362574593,available
ab-test-001687,0,0.18383967133638163,0,0.3872229362574593,available
ab-test-001688,1,0.956991801993522,1,0.3872229362574593,available
ab-test-001689,1,0.03922429579457064,0,0.3872229362574593,available
ab-test-001690,0,0.008244702219979118,0,0.3872229362574593,available
ab-test-001691,0,0.10144534655685122,0,0.3872229362574593,available
ab-test-001692,0,0.030703362537590533,0,0.3872229362574593,available
ab-test-001693,0,0.0066930937159714,0,0.3872229362574593,available
ab-test-001694,0,0.030266301682937865,0,0.3872229362574593,available
ab-test-001695,0,0.019486314256684015,0,0.3872229362574593,available
ab-test-001696,0,0.006509354174079113,0,0.3872229362574593,available
ab-test-001697,0,0.004490838748630854,0,0.3872229362574593,available
ab-test-001698,0,0.13984330440876314,0,0.3872229362574593,available
ab-test-001699,1,0.3759333864983452,0,0.3872229362574593,available
ab-test-001700,1,0.06763142542269442,0,0.3872229362574593,available
ab-test-001701,0,0.004276688566372387,0,0.3872229362574593,available
ab-test-001702,0,0.0018011002899077646,0,0.3872229362574593,available
ab-test-001703,0,0.2780832153822,0,0.3872229362574593,available
ab-test-001704,0,0.005234602243082094,0,0.3872229362574593,available
ab-test-001705,0,0.013393508745749466,0,0.3872229362574593,available
ab-test-001706,0,0.6073112550991817,1,0.3872229362574593,available
ab-test-001707,0,0.01126874683242795,0,0.3872229362574593,available
ab-test-001708,0,0.024419958817813087,0,0.3872229362574593,available
ab-test-001709,0,0.00287033549235917,0,0.3872229362574593,available
ab-test-001710,0,0.013779046131617952,0,0.3872229362574593,available
ab-test-001711,0,0.0027145637678770537,0,0.3872229362574593,available
ab-test-001712,0,0.0002399312834603356,0,0.3872229362574593,available
ab-test-001713,0,0.373663557010875,0,0.3872229362574593,available
ab-test-001714,0,0.00860966847839692,0,0.3872229362574593,available
ab-test-001715,0,0.008475310377432049,0,0.3872229362574593,available
ab-test-001716,0,0.0038205262418308577,0,0.3872229362574593,available
ab-test-001717,0,0.0008041499559688881,0,0.3872229362574593,available
ab-test-001718,0,0.001238705797163347,0,0.3872229362574593,available
ab-test-001719,0,0.029287745945627674,0,0.3872229362574593,available
ab-test-001720,0,0.016636494344436616,0,0.3872229362574593,available
ab-test-001721,0,0.008571216290071723,0,0.3872229362574593,available
ab-test-001722,0,0.003369583401370907,0,0.3872229362574593,available
ab-test-001723,0,0.014343266048874023,0,0.3872229362574593,available
ab-test-001724,0,0.014065287828861683,0,0.3872229362574593,available
ab-test-001725,0,0.01053047012592661,0,0.3872229362574593,available
ab-test-001726,0,0.01247928855700314,0,0.3872229362574593,available
ab-test-001727,1,0.09371654503139525,0,0.3872229362574593,available
ab-test-001728,0,0.890879905356878,1,0.3872229362574593,available
ab-test-001729,0,0.004628000253359106,0,0.3872229362574593,available
ab-test-001730,0,0.0028438886031033122,0,0.3872229362574593,available
ab-test-001731,0,0.0010750170572471013,0,0.3872229362574593,available
ab-test-001732,0,0.0028584298155221793,0,0.3872229362574593,available
ab-test-001733,0,0.0002714974446335125,0,0.3872229362574593,available
ab-test-001734,0,0.0010042054853675003,0,0.3872229362574593,available
ab-test-001735,0,0.012313509087485163,0,0.3872229362574593,available
ab-test-001736,0,0.0008618299076540501,0,0.3872229362574593,available
ab-test-001737,1,0.019866432138376376,0,0.3872229362574593,available
ab-test-001738,0,0.004600957486339937,0,0.3872229362574593,available
ab-test-001739,0,0.004063155998530593,0,0.3872229362574593,available
ab-test-001740,0,0.5137604119279863,1,0.3872229362574593,available
ab-test-001741,1,0.6084334694278076,1,0.3872229362574593,available
ab-test-001742,0,0.17828380480980913,0,0.3872229362574593,available
ab-test-001743,0,0.10938092567653224,0,0.3872229362574593,available
ab-test-001744,0,0.06184861684489771,0,0.3872229362574593,available
ab-test-001745,0,0.0031498934680399284,0,0.3872229362574593,available
ab-test-001746,0,0.001592649759681328,0,0.3872229362574593,available
ab-test-001747,0,0.0032295701945086255,0,0.3872229362574593,available
ab-test-001748,0,0.01426583890219367,0,0.3872229362574593,available
ab-test-001749,1,0.9255905809282111,1,0.3872229362574593,available
ab-test-001750,0,0.08864741692300568,0,0.3872229362574593,available
ab-test-001751,0,0.014246267679222057,0,0.3872229362574593,available
ab-test-001752,0,0.0071965989305594015,0,0.3872229362574593,available
ab-test-001753,0,0.007277028615329823,0,0.3872229362574593,available
ab-test-001754,0,0.011977858283051545,0,0.3872229362574593,available
ab-test-001755,0,0.006577242500792868,0,0.3872229362574593,available
ab-test-001756,0,0.00017623777162229667,0,0.3872229362574593,available
ab-test-001757,0,0.013471817833640888,0,0.3872229362574593,available
ab-test-001758,0,0.0025170809109544435,0,0.3872229362574593,available
ab-test-001759,0,0.026283005933133093,0,0.3872229362574593,available
ab-test-001760,0,0.008687507083600644,0,0.3872229362574593,available
ab-test-001761,0,0.002446866852528561,0,0.3872229362574593,available
ab-test-001762,0,0.03475883994677406,0,0.3872229362574593,available
ab-test-001763,0,0.06630913401780869,0,0.3872229362574593,available
ab-test-001764,0,0.04660797938359798,0,0.3872229362574593,available
ab-test-001765,0,0.01289953962064658,0,0.3872229362574593,available
ab-test-001766,0,0.18389282412999808,0,0.3872229362574593,available
ab-test-001767,0,0.011606736558757581,0,0.3872229362574593,available
ab-test-001768,0,0.0004999281450757797,0,0.3872229362574593,available
ab-test-001769,0,0.01856155455167144,0,0.3872229362574593,available
ab-test-001770,0,0.05307655433690109,0,0.3872229362574593,available
ab-test-001771,1,0.007278389380668896,0,0.3872229362574593,available
ab-test-001772,1,0.002568019068537598,0,0.3872229362574593,available
ab-test-001773,0,0.002055480364328369,0,0.3872229362574593,available
ab-test-001774,0,0.2888271328649386,0,0.3872229362574593,available
ab-test-001775,0,0.03450401589002064,0,0.3872229362574593,available
ab-test-001776,1,0.013215993874788171,0,0.3872229362574593,available
ab-test-001777,1,0.09595017208904738,0,0.3872229362574593,available
ab-test-001778,0,0.005684802784336278,0,0.3872229362574593,available
ab-test-001779,0,0.011882844778802248,0,0.3872229362574593,available
ab-test-001780,0,0.006858686835330968,0,0.3872229362574593,available
ab-test-001781,0,0.012403718544146163,0,0.3872229362574593,available
ab-test-001782,0,0.011153313527597093,0,0.3872229362574593,available
ab-test-001783,0,0.020302076231930942,0,0.3872229362574593,available
ab-test-001784,0,0.004785529979711371,0,0.3872229362574593,available
ab-test-001785,0,0.0004157950422898621,0,0.3872229362574593,available
ab-test-001786,0,0.021225112366560484,0,0.3872229362574593,available
ab-test-001787,0,0.0021868768262645597,0,0.3872229362574593,available
ab-test-001788,0,0.005358090895480353,0,0.3872229362574593,available
ab-test-001789,0,0.015473788827872322,0,0.3872229362574593,available
ab-test-001790,0,0.036302179211578356,0,0.3872229362574593,available
ab-test-001791,0,0.5793248916375998,1,0.3872229362574593,available
ab-test-001792,0,0.009463615199286613,0,0.3872229362574593,available
ab-test-001793,0,0.12752671469065419,0,0.3872229362574593,available
ab-test-001794,0,0.10913553017339038,0,0.3872229362574593,available
ab-test-001795,0,0.018322772859589442,0,0.3872229362574593,available
ab-test-001796,0,0.03402136722804389,0,0.3872229362574593,available
ab-test-001797,0,0.04212529723001688,0,0.3872229362574593,available
ab-test-001798,0,0.004280921562151625,0,0.3872229362574593,available
ab-test-001799,0,0.009660942572179402,0,0.3872229362574593,available
ab-test-001800,0,0.008225427815872906,0,0.3872229362574593,available
ab-test-001801,0,0.003169365850118921,0,0.3872229362574593,available
ab-test-001802,0,0.23380482836716984,0,0.3872229362574593,available
ab-test-001803,0,0.006009775530228887,0,0.3872229362574593,available
ab-test-001804,0,0.0024988903270900505,0,0.3872229362574593,available
ab-test-001805,0,0.0035421449464309073,0,0.3872229362574593,available
ab-test-001806,0,0.07205807610631428,0,0.3872229362574593,available
ab-test-001807,0,0.030149970475681537,0,0.3872229362574593,available
ab-test-001808,1,0.06177731989604064,0,0.3872229362574593,available
ab-test-001809,0,0.0035327132791866684,0,0.3872229362574593,available
ab-test-001810,0,0.011434567972523957,0,0.3872229362574593,available
ab-test-001811,0,0.20015089744570452,0,0.3872229362574593,available
ab-test-001812,0,0.039448246346615944,0,0.3872229362574593,available
ab-test-001813,0,0.0023995544711517642,0,0.3872229362574593,available
ab-test-001814,0,0.04008886301619625,0,0.3872229362574593,available
ab-test-001815,0,0.06409444362830205,0,0.3872229362574593,available
ab-test-001816,1,0.20635942068227758,0,0.3872229362574593,available
ab-test-001817,0,0.006619982169922801,0,0.3872229362574593,available
ab-test-001818,0,0.0034824396473324476,0,0.3872229362574593,available
ab-test-001819,0,0.006534307390769191,0,0.3872229362574593,available
ab-test-001820,1,0.013430344229374815,0,0.3872229362574593,available
ab-test-001821,0,0.006347031505897077,0,0.3872229362574593,available
ab-test-001822,0,0.38316199500863374,0,0.3872229362574593,available
ab-test-001823,1,0.0513201448103107,0,0.3872229362574593,available
ab-test-001824,0,0.003330122818678576,0,0.3872229362574593,available
ab-test-001825,0,0.010569373358614246,0,0.3872229362574593,available
ab-test-001826,0,0.0011874274740744392,0,0.3872229362574593,available
ab-test-001827,0,0.0019127763618420435,0,0.3872229362574593,available
ab-test-001828,0,0.004764121117187929,0,0.3872229362574593,available
ab-test-001829,0,0.004177837588745877,0,0.3872229362574593,available
ab-test-001830,1,0.6023174667705603,1,0.3872229362574593,available
ab-test-001831,0,0.0011043840074350835,0,0.3872229362574593,available
ab-test-001832,0,0.0029515026789183416,0,0.3872229362574593,available
ab-test-001833,0,0.003545593783463801,0,0.3872229362574593,available
ab-test-001834,0,0.05771945847917529,0,0.3872229362574593,available
ab-test-001835,0,0.023929301930601374,0,0.3872229362574593,available
ab-test-001836,0,0.049037072599073916,0,0.3872229362574593,available
ab-test-001837,0,0.004834712067389698,0,0.3872229362574593,available
ab-test-001838,0,0.001764434342377383,0,0.3872229362574593,available
ab-test-001839,0,0.0034312906092551472,0,0.3872229362574593,available
ab-test-001840,0,0.0491182292257002,0,0.3872229362574593,available
ab-test-001841,0,0.012043283626432427,0,0.3872229362574593,available
ab-test-001842,0,0.011430258973222694,0,0.3872229362574593,available
ab-test-001843,0,0.005929515530584682,0,0.3872229362574593,available
ab-test-001844,1,0.47565763809836614,1,0.3872229362574593,available
ab-test-001845,0,0.03003907823137431,0,0.3872229362574593,available
ab-test-001846,0,0.06221283466729278,0,0.3872229362574593,available
ab-test-001847,0,0.03568563832544727,0,0.3872229362574593,available
ab-test-001848,0,0.0026307511047925477,0,0.3872229362574593,available
ab-test-001849,0,0.13827847368349497,0,0.3872229362574593,available
ab-test-001850,0,0.0029122621615266316,0,0.3872229362574593,available
ab-test-001851,0,0.0034276998070733172,0,0.3872229362574593,available
ab-test-001852,0,0.03723193783884833,0,0.3872229362574593,available
ab-test-001853,1,0.09883789163798966,0,0.3872229362574593,available
ab-test-001854,0,0.021737871715072958,0,0.3872229362574593,available
ab-test-001855,0,0.009903038762117341,0,0.3872229362574593,available
ab-test-001856,0,0.0005513988675034371,0,0.3872229362574593,available
ab-test-001857,0,0.014486855355660565,0,0.3872229362574593,available
ab-test-001858,0,0.005250999960742561,0,0.3872229362574593,available
ab-test-001859,0,0.09690862946506533,0,0.3872229362574593,available
ab-test-001860,0,0.0034522012696555815,0,0.3872229362574593,available
ab-test-001861,0,0.005810879397767572,0,0.3872229362574593,available
ab-test-001862,0,0.005910116127087895,0,0.3872229362574593,available
ab-test-001863,0,0.1229294530085223,0,0.3872229362574593,available
ab-test-001864,0,0.0006370595610217269,0,0.3872229362574593,available
ab-test-001865,0,0.025441978836359267,0,0.3872229362574593,available
ab-test-001866,0,0.0008113898554456602,0,0.3872229362574593,available
ab-test-001867,0,0.013683532067162812,0,0.3872229362574593,available
ab-test-001868,0,0.004625996016416605,0,0.3872229362574593,available
ab-test-001869,0,0.003884156706292641,0,0.3872229362574593,available
ab-test-001870,0,0.008929142400837427,0,0.3872229362574593,available
ab-test-001871,0,0.049598131718967715,0,0.3872229362574593,available
ab-test-001872,0,0.0007420644806077046,0,0.3872229362574593,available
ab-test-001873,0,0.21235406259149972,0,0.3872229362574593,available
ab-test-001874,0,0.23262869866556002,0,0.3872229362574593,available
ab-test-001875,0,0.006589770529826411,0,0.3872229362574593,available
ab-test-001876,0,0.008035725879639952,0,0.3872229362574593,available
ab-test-001877,0,0.4401209542132434,1,0.3872229362574593,available
ab-test-001878,0,0.07017817163423652,0,0.3872229362574593,available
ab-test-001879,0,0.0032257087972691204,0,0.3872229362574593,available
ab-test-001880,0,0.0018899403894799592,0,0.3872229362574593,available
ab-test-001881,0,0.002039671011618573,0,0.3872229362574593,available
ab-test-001882,0,0.06143474595983,0,0.3872229362574593,available
ab-test-001883,1,0.14887835942880612,0,0.3872229362574593,available
ab-test-001884,0,0.01957705090532423,0,0.3872229362574593,available
ab-test-001885,0,0.00275553479675278,0,0.3872229362574593,available
ab-test-001886,0,0.036470925374391776,0,0.3872229362574593,available
ab-test-001887,1,0.7397749587041563,1,0.3872229362574593,available
ab-test-001888,0,0.03951027795203125,0,0.3872229362574593,available
ab-test-001889,0,0.3921164287408,1,0.3872229362574593,available
ab-test-001890,0,0.013403554434554077,0,0.3872229362574593,available
ab-test-001891,0,0.00676507810579344,0,0.3872229362574593,available
ab-test-001892,0,0.008530653261949876,0,0.3872229362574593,available
ab-test-001893,1,0.01603811214738947,0,0.3872229362574593,available
ab-test-001894,0,0.008577152548907814,0,0.3872229362574593,available
ab-test-001895,1,0.03485837482400595,0,0.3872229362574593,available
ab-test-001896,0,0.006057042787372709,0,0.3872229362574593,available
ab-test-001897,0,0.010610301312044535,0,0.3872229362574593,available
ab-test-001898,0,0.06942515356814037,0,0.3872229362574593,available
ab-test-001899,0,0.0016574423005123603,0,0.3872229362574593,available
ab-test-001900,0,0.03817729303371349,0,0.3872229362574593,available
ab-test-001901,0,0.002604368231806921,0,0.3872229362574593,available
ab-test-001902,0,0.022622560690977865,0,0.3872229362574593,available
ab-test-001903,0,0.0033769268798504574,0,0.3872229362574593,available
ab-test-001904,1,0.001872399447826866,0,0.3872229362574593,available
ab-test-001905,0,0.0036950637197573806,0,0.3872229362574593,available
ab-test-001906,0,0.03039988491353639,0,0.3872229362574593,available
ab-test-001907,0,0.0058234389641396,0,0.3872229362574593,available
ab-test-001908,0,0.00010654276105743476,0,0.3872229362574593,available
ab-test-001909,0,0.0028928599436348354,0,0.3872229362574593,available
ab-test-001910,0,0.037058868910349436,0,0.3872229362574593,available
ab-test-001911,0,0.08333284432541783,0,0.3872229362574593,available
ab-test-001912,1,0.5829324648557298,1,0.3872229362574593,available
ab-test-001913,0,0.0027418093853619546,0,0.3872229362574593,available
ab-test-001914,0,0.0040298551566427376,0,0.3872229362574593,available
ab-test-001915,0,0.607345194201744,1,0.3872229362574593,available
