pair_id,label,probability,prediction,threshold,status
ab-test-000000,0,0.06476155454402929,0,0.23291503581153375,available
ab-test-000001,0,0.6659656677307498,1,0.23291503581153375,available
ab-test-000002,0,0.022018272944343192,0,0.23291503581153375,available
ab-test-000003,1,0.1839289969542472,0,0.23291503581153375,available
ab-test-000004,0,0.02838597605737849,0,0.23291503581153375,available
ab-test-000005,0,0.015454246136698038,0,0.23291503581153375,available
ab-test-000006,0,0.008047350442807003,0,0.23291503581153375,available
ab-test-000007,0,0.10869783320770075,0,0.23291503581153375,available
ab-test-000008,0,0.012568352694991125,0,0.23291503581153375,available
ab-test-000009,0,0.008280458445349867,0,0.23291503581153375,available
ab-test-000010,0,0.010993100496998939,0,0.23291503581153375,available
ab-test-000011,0,0.00719412092633532,0,0.23291503581153375,available
ab-test-000012,0,0.025821554252841883,0,0.23291503581153375,available
ab-test-000013,0,0.11400992322483883,0,0.23291503581153375,available
ab-test-000014,0,0.016064742349768204,0,0.23291503581153375,available
ab-test-000015,0,0.33837741613334965,1,0.23291503581153375,available
ab-test-000016,0,0.06018808083068442,0,0.23291503581153375,available
ab-test-000017,0,0.016477613361177503,0,0.23291503581153375,available
ab-test-000018,0,0.012000347876834827,0,0.23291503581153375,available
ab-test-000019,0,0.023758512288114365,0,0.23291503581153375,available
ab-test-000020,0,0.025789669567959188,0,0.23291503581153375,available
ab-test-000021,0,0.07583021330747983,0,0.23291503581153375,available
ab-test-000022,0,0.0183717235371859,0,0.23291503581153375,available
ab-test-000023,0,0.009743170925872362,0,0.23291503581153375,available
ab-test-000024,0,0.039072198594756885,0,0.23291503581153375,available
ab-test-000025,0,0.024463422745037842,0,0.23291503581153375,available
ab-test-000026,1,0.8075123092124817,1,0.23291503581153375,available
ab-test-000027,0,0.03460445274708753,0,0.23291503581153375,available
ab-test-000028,0,0.013106875385743032,0,0.23291503581153375,available
ab-test-000029,0,0.6502158799163439,1,0.23291503581153375,available
ab-test-000030,0,0.08415451766542391,0,0.23291503581153375,available
ab-test-000031,0,0.025975348477138244,0,0.23291503581153375,available
ab-test-000032,0,0.029609575544943447,0,0.23291503581153375,available
ab-test-000033,0,0.12907115297382823,0,0.23291503581153375,available
ab-test-000034,0,0.09484475515793712,0,0.23291503581153375,available
ab-test-000035,0,0.01089936188299284,0,0.23291503581153375,available
ab-test-000036,0,0.04981007619223455,0,0.23291503581153375,available
ab-test-000037,0,0.06156605575238162,0,0.23291503581153375,available
ab-test-000038,0,0.04252449863461382,0,0.23291503581153375,available
ab-test-000039,0,0.03228353522314562,0,0.23291503581153375,available
ab-test-000040,0,0.03896358945765654,0,0.23291503581153375,available
ab-test-000041,0,0.3085358896174572,1,0.23291503581153375,available
ab-test-000042,0,0.11793338469086721,0,0.23291503581153375,available
ab-test-000043,0,0.0027166661710252365,0,0.23291503581153375,available
ab-test-000044,0,0.37027418961332303,1,0.23291503581153375,available
ab-test-000045,0,0.006381420966404054,0,0.23291503581153375,available
ab-test-000046,1,0.11794380687388459,0,0.23291503581153375,available
ab-test-000047,1,0.017547278437311523,0,0.23291503581153375,available
ab-test-000048,0,0.06875173226341776,0,0.23291503581153375,available
ab-test-000049,0,0.01783614718073919,0,0.23291503581153375,available
ab-test-000050,0,0.08237204893231427,0,0.23291503581153375,available
ab-test-000051,1,0.31990674764671345,1,0.23291503581153375,available
ab-test-000052,0,0.4325305298223814,1,0.23291503581153375,available
ab-test-000053,0,0.1355106678472922,0,0.23291503581153375,available
ab-test-000054,1,0.11787465764362039,0,0.23291503581153375,available
ab-test-000055,0,0.014399096627485371,0,0.23291503581153375,available
ab-test-000056,0,0.0595838060066251,0,0.23291503581153375,available
ab-test-000057,1,0.031013125390564673,0,0.23291503581153375,available
ab-test-000058,0,0.057858196272352405,0,0.23291503581153375,available
ab-test-000059,0,0.07546767473154382,0,0.23291503581153375,available
ab-test-000060,0,0.37133959553422885,1,0.23291503581153375,available
ab-test-000061,0,0.028121722152523513,0,0.23291503581153375,available
ab-test-000062,0,0.18908436891264885,0,0.23291503581153375,available
ab-test-000063,0,0.07419930199614733,0,0.23291503581153375,available
ab-test-000064,0,0.05468960522337388,0,0.23291503581153375,available
ab-test-000065,0,0.08576518819777502,0,0.23291503581153375,available
ab-test-000066,0,0.060232229085087435,0,0.23291503581153375,available
ab-test-000067,0,0.016665767209849337,0,0.23291503581153375,available
ab-test-000068,0,0.019358237763935526,0,0.23291503581153375,available
ab-test-000069,0,0.1677483209253678,0,0.23291503581153375,available
ab-test-000070,0,0.03477904374765131,0,0.23291503581153375,available
ab-test-000071,0,0.036114362306506415,0,0.23291503581153375,available
ab-test-000072,0,0.045728824834845805,0,0.23291503581153375,available
ab-test-000073,0,0.033725882836950494,0,0.23291503581153375,available
ab-test-000074,0,0.02506498358564479,0,0.23291503581153375,available
ab-test-000075,0,0.021782663205744034,0,0.23291503581153375,available
ab-test-000076,0,0.37192409332986315,1,0.23291503581153375,available
ab-test-000077,0,0.02259164631047513,0,0.23291503581153375,available
ab-test-000078,0,0.0265374312649118,0,0.23291503581153375,available
ab-test-000079,0,0.126415055804036,0,0.23291503581153375,available
ab-test-000080,0,0.40069364283413805,1,0.23291503581153375,available
ab-test-000081,1,0.3346369856480143,1,0.23291503581153375,available
ab-test-000082,0,0.08505398411543842,0,0.23291503581153375,available
ab-test-000083,0,0.08251323552481658,0,0.23291503581153375,available
ab-test-000084,0,0.015010533835891267,0,0.23291503581153375,available
ab-test-000085,0,0.03843538145132789,0,0.23291503581153375,available
ab-test-000086,0,0.011634822993965547,0,0.23291503581153375,available
ab-test-000087,0,0.01605348798941329,0,0.23291503581153375,available
ab-test-000088,0,0.02236565548136919,0,0.23291503581153375,available
ab-test-000089,0,0.08784314184872792,0,0.23291503581153375,available
ab-test-000090,0,0.053511950089427496,0,0.23291503581153375,available
ab-test-000091,0,0.007940276829308724,0,0.23291503581153375,available
ab-test-000092,0,0.0044857902641632945,0,0.23291503581153375,available
ab-test-000093,0,0.022764941176818532,0,0.23291503581153375,available
ab-test-000094,0,0.014745605565538746,0,0.23291503581153375,available
ab-test-000095,0,0.014623679287580708,0,0.23291503581153375,available
ab-test-000096,0,0.08106138761608878,0,0.23291503581153375,available
ab-test-000097,0,0.06741071745950394,0,0.23291503581153375,available
ab-test-000098,0,0.14896649529680128,0,0.23291503581153375,available
ab-test-000099,0,0.020327109392788558,0,0.23291503581153375,available
ab-test-000100,0,0.021389131866484733,0,0.23291503581153375,available
ab-test-000101,0,0.08826551187010993,0,0.23291503581153375,available
ab-test-000102,1,0.18116867040678628,0,0.23291503581153375,available
ab-test-000103,0,0.013703246672722819,0,0.23291503581153375,available
ab-test-000104,0,0.02654207374125501,0,0.23291503581153375,available
ab-test-000105,0,0.4649731372659509,1,0.23291503581153375,available
ab-test-000106,0,0.058605063410074425,0,0.23291503581153375,available
ab-test-000107,0,0.03014077035552763,0,0.23291503581153375,available
ab-test-000108,0,0.017532929441988955,0,0.23291503581153375,available
ab-test-000109,0,0.04251420912733621,0,0.23291503581153375,available
ab-test-000110,0,0.041037488457109916,0,0.23291503581153375,available
ab-test-000111,0,0.018558050833257546,0,0.23291503581153375,available
ab-test-000112,1,0.23344448214220434,1,0.23291503581153375,available
ab-test-000113,0,0.010476400042908963,0,0.23291503581153375,available
ab-test-000114,0,0.1350838639807653,0,0.23291503581153375,available
ab-test-000115,0,0.15666825092748124,0,0.23291503581153375,available
ab-test-000116,0,0.075501669610428,0,0.23291503581153375,available
ab-test-000117,0,0.23307707388755203,1,0.23291503581153375,available
ab-test-000118,0,0.03298739965107205,0,0.23291503581153375,available
ab-test-000119,0,0.007720013323794218,0,0.23291503581153375,available
ab-test-000120,0,0.010593046216776638,0,0.23291503581153375,available
ab-test-000121,0,0.03959636692144182,0,0.23291503581153375,available
ab-test-000122,0,0.01931722777273914,0,0.23291503581153375,available
ab-test-000123,0,0.06780812411370145,0,0.23291503581153375,available
ab-test-000124,1,0.08085955873458354,0,0.23291503581153375,available
ab-test-000125,0,0.026552882748830234,0,0.23291503581153375,available
ab-test-000126,1,0.4346874120382806,1,0.23291503581153375,available
ab-test-000127,1,0.11544582648981994,0,0.23291503581153375,available
ab-test-000128,0,0.1545059639207403,0,0.23291503581153375,available
ab-test-000129,0,0.2262750726556027,0,0.23291503581153375,available
ab-test-000130,0,0.006011768977399457,0,0.23291503581153375,available
ab-test-000131,0,0.004479878782128537,0,0.23291503581153375,available
ab-test-000132,1,0.4546351383580914,1,0.23291503581153375,available
ab-test-000133,0,0.07747634932527718,0,0.23291503581153375,available
ab-test-000134,0,0.05683367747676974,0,0.23291503581153375,available
ab-test-000135,0,0.09994745897020209,0,0.23291503581153375,available
ab-test-000136,0,0.013921733157883774,0,0.23291503581153375,available
ab-test-000137,0,0.020796221382234956,0,0.23291503581153375,available
ab-test-000138,0,0.03487884548463355,0,0.23291503581153375,available
ab-test-000139,0,0.020784458989414573,0,0.23291503581153375,available
ab-test-000140,0,0.017072099111589006,0,0.23291503581153375,available
ab-test-000141,0,0.0709392874872144,0,0.23291503581153375,available
ab-test-000142,0,0.014696333617722742,0,0.23291503581153375,available
ab-test-000143,0,0.013136372161730551,0,0.23291503581153375,available
ab-test-000144,0,0.017144371193402144,0,0.23291503581153375,available
ab-test-000145,0,0.009122989563236185,0,0.23291503581153375,available
ab-test-000146,0,0.028992698065626866,0,0.23291503581153375,available
ab-test-000147,0,0.12974332005704384,0,0.23291503581153375,available
ab-test-000148,0,0.05820897063726883,0,0.23291503581153375,available
ab-test-000149,0,0.03342704014449128,0,0.23291503581153375,available
ab-test-000150,0,0.03716154175151881,0,0.23291503581153375,available
ab-test-000151,1,0.532110529217363,1,0.23291503581153375,available
ab-test-000152,0,0.22796885213301,0,0.23291503581153375,available
ab-test-000153,1,0.33353161031987194,1,0.23291503581153375,available
ab-test-000154,0,0.031438310804115153,0,0.23291503581153375,available
ab-test-000155,1,0.07773184548784738,0,0.23291503581153375,available
ab-test-000156,0,0.025731990211488677,0,0.23291503581153375,available
ab-test-000157,0,0.01750973892779954,0,0.23291503581153375,available
ab-test-000158,0,0.006860287832936419,0,0.23291503581153375,available
ab-test-000159,0,0.08111189423916343,0,0.23291503581153375,available
ab-test-000160,1,0.3051326788601548,1,0.23291503581153375,available
ab-test-000161,0,0.019159524094479373,0,0.23291503581153375,available
ab-test-000162,0,0.031783457061438675,0,0.23291503581153375,available
ab-test-000163,1,0.19325475547856794,0,0.23291503581153375,available
ab-test-000164,0,0.03803122690495334,0,0.23291503581153375,available
ab-test-000165,0,0.03970572686380596,0,0.23291503581153375,available
ab-test-000166,0,0.584834216316068,1,0.23291503581153375,available
ab-test-000167,0,0.02654922499131032,0,0.23291503581153375,available
ab-test-000168,0,0.08513676431641203,0,0.23291503581153375,available
ab-test-000169,0,0.04401659973011978,0,0.23291503581153375,available
ab-test-000170,0,0.007064230748101998,0,0.23291503581153375,available
ab-test-000171,0,0.08294192829146287,0,0.23291503581153375,available
ab-test-000172,0,0.03588097410670353,0,0.23291503581153375,available
ab-test-000173,0,0.02980399431259784,0,0.23291503581153375,available
ab-test-000174,0,0.0343934603886866,0,0.23291503581153375,available
ab-test-000175,0,0.009506852915885967,0,0.23291503581153375,available
ab-test-000176,0,0.014329681536230668,0,0.23291503581153375,available
ab-test-000177,0,0.017984523024414643,0,0.23291503581153375,available
ab-test-000178,1,0.16041646990843825,0,0.23291503581153375,available
ab-test-000179,0,0.09229499557210363,0,0.23291503581153375,available
ab-test-000180,0,0.022005795000422927,0,0.23291503581153375,available
ab-test-000181,1,0.08438566207128106,0,0.23291503581153375,available
ab-test-000182,0,0.0060300022625027865,0,0.23291503581153375,available
ab-test-000183,0,0.03274484429054346,0,0.23291503581153375,available
ab-test-000184,1,0.07213189750936971,0,0.23291503581153375,available
ab-test-000185,0,0.04521062675957754,0,0.23291503581153375,available
ab-test-000186,1,0.8082691935048762,1,0.23291503581153375,available
ab-test-000187,0,0.05871672690676506,0,0.23291503581153375,available
ab-test-000188,0,0.028219582575456047,0,0.23291503581153375,available
ab-test-000189,0,0.0829422626180079,0,0.23291503581153375,available
ab-test-000190,0,0.02556473222911256,0,0.23291503581153375,available
ab-test-000191,0,0.04474701848768522,0,0.23291503581153375,available
ab-test-000192,0,0.0741341256627414,0,0.23291503581153375,available
ab-test-000193,0,0.03475544785725865,0,0.23291503581153375,available
ab-test-000194,0,0.034338036161246706,0,0.23291503581153375,available
ab-test-000195,0,0.0940432533906905,0,0.23291503581153375,available
ab-test-000196,0,0.07407919395725691,0,0.23291503581153375,available
ab-test-000197,0,0.002611763749635227,0,0.23291503581153375,available
ab-test-000198,0,0.13637543965331358,0,0.23291503581153375,available
ab-test-000199,0,0.008726287223699966,0,0.23291503581153375,available
ab-test-000200,0,0.03372751032646471,0,0.23291503581153375,available
ab-test-000201,1,0.02613059936100625,0,0.23291503581153375,available
ab-test-000202,0,0.0051644557969062945,0,0.23291503581153375,available
ab-test-000203,0,0.02047713265266414,0,0.23291503581153375,available
ab-test-000204,0,0.0825981486503347,0,0.23291503581153375,available
ab-test-000205,1,0.9566907979252538,1,0.23291503581153375,available
ab-test-000206,0,0.058814832791887074,0,0.23291503581153375,available
ab-test-000207,0,0.029710868807229722,0,0.23291503581153375,available
ab-test-000208,1,0.41830002523757637,1,0.23291503581153375,available
ab-test-000209,0,0.054526498239805994,0,0.23291503581153375,available
ab-test-000210,0,0.010665670466413162,0,0.23291503581153375,available
ab-test-000211,0,0.052432083157079964,0,0.23291503581153375,available
ab-test-000212,0,0.01410567370034413,0,0.23291503581153375,available
ab-test-000213,0,0.3944166249326788,1,0.23291503581153375,available
ab-test-000214,1,0.23496872123130916,1,0.23291503581153375,available
ab-test-000215,0,0.04245761625245895,0,0.23291503581153375,available
ab-test-000216,0,0.016545684132374092,0,0.23291503581153375,available
ab-test-000217,0,0.011978529453322588,0,0.23291503581153375,available
ab-test-000218,0,0.04081420077079492,0,0.23291503581153375,available
ab-test-000219,0,0.009097615609412125,0,0.23291503581153375,available
ab-test-000220,0,0.025090467925070113,0,0.23291503581153375,available
ab-test-000221,0,0.014310499779164966,0,0.23291503581153375,available
ab-test-000222,0,0.027760047743520342,0,0.23291503581153375,available
ab-test-000223,0,0.009121013624296717,0,0.23291503581153375,available
ab-test-000224,0,0.01565354397478917,0,0.23291503581153375,available
ab-test-000225,0,0.10394425487502613,0,0.23291503581153375,available
ab-test-000226,0,0.10495706782630512,0,0.23291503581153375,available
ab-test-000227,0,0.024690706484770415,0,0.23291503581153375,available
ab-test-000228,0,0.015635012364630663,0,0.23291503581153375,available
ab-test-000229,1,0.8862836002445217,1,0.23291503581153375,available
ab-test-000230,0,0.014429303845270532,0,0.23291503581153375,available
ab-test-000231,0,0.019744383047608307,0,0.23291503581153375,available
ab-test-000232,0,0.019793310859368616,0,0.23291503581153375,available
ab-test-000233,0,0.0339507883930958,0,0.23291503581153375,available
ab-test-000234,0,0.07234138048818245,0,0.23291503581153375,available
ab-test-000235,0,0.04607847180666423,0,0.23291503581153375,available
ab-test-000236,0,0.08097340411805797,0,0.23291503581153375,available
ab-test-000237,1,0.5892470432504197,1,0.23291503581153375,available
ab-test-000238,0,0.011096191901527358,0,0.23291503581153375,available
ab-test-000239,0,0.010425127271087098,0,0.23291503581153375,available
ab-test-000240,0,0.03065711262983852,0,0.23291503581153375,available
ab-test-000241,0,0.01847661760121383,0,0.23291503581153375,available
ab-test-000242,0,0.08337387582804423,0,0.23291503581153375,available
ab-test-000243,0,0.04435722979627813,0,0.23291503581153375,available
ab-test-000244,0,0.0016280779546458803,0,0.23291503581153375,available
ab-test-000245,1,0.1995131963898284,0,0.23291503581153375,available
ab-test-000246,0,0.027909224051376344,0,0.23291503581153375,available
ab-test-000247,0,0.050700519604253765,0,0.23291503581153375,available
ab-test-000248,0,0.06503650883541981,0,0.23291503581153375,available
ab-test-000249,0,0.016251170386885085,0,0.23291503581153375,available
ab-test-000250,0,0.0032052746924995457,0,0.23291503581153375,available
ab-test-000251,0,0.07267378104371847,0,0.23291503581153375,available
ab-test-000252,0,0.0014296657707497317,0,0.23291503581153375,available
ab-test-000253,0,0.09814633922630149,0,0.23291503581153375,available
ab-test-000254,0,0.00970792092088489,0,0.23291503581153375,available
ab-test-000255,0,0.09429668235642905,0,0.23291503581153375,available
ab-test-000256,0,0.03761676761164915,0,0.23291503581153375,available
ab-test-000257,0,0.0563676001079601,0,0.23291503581153375,available
ab-test-000258,0,0.0845824812892472,0,0.23291503581153375,available
ab-test-000259,0,0.12815034143503864,0,0.23291503581153375,available
ab-test-000260,0,0.008483954580812884,0,0.23291503581153375,available
ab-test-000261,0,0.07165878883616343,0,0.23291503581153375,available
ab-test-000262,0,0.09858295827719787,0,0.23291503581153375,available
ab-test-000263,0,0.12174614601357159,0,0.23291503581153375,available
ab-test-000264,0,0.009038540126019363,0,0.23291503581153375,available
ab-test-000265,0,0.02165244980563844,0,0.23291503581153375,available
ab-test-000266,0,1.6086949509640044e-05,0,0.23291503581153375,available
ab-test-000267,0,0.02882515911802195,0,0.23291503581153375,available
ab-test-000268,0,0.028729819690744316,0,0.23291503581153375,available
ab-test-000269,0,0.022699692453908717,0,0.23291503581153375,available
ab-test-000270,0,0.10871428521092627,0,0.23291503581153375,available
ab-test-000271,0,0.03598073714543798,0,0.23291503581153375,available
ab-test-000272,0,0.03242540637187834,0,0.23291503581153375,available
ab-test-000273,0,0.09635853689560701,0,0.23291503581153375,available
ab-test-000274,0,0.14199786498031466,0,0.23291503581153375,available
ab-test-000275,0,0.02082259778421991,0,0.23291503581153375,available
ab-test-000276,0,0.003702467605893522,0,0.23291503581153375,available
ab-test-000277,0,0.23062939351238712,0,0.23291503581153375,available
ab-test-000278,0,0.03884743166463919,0,0.23291503581153375,available
ab-test-000279,0,0.15448020586820854,0,0.23291503581153375,available
ab-test-000280,0,0.005221711606369202,0,0.23291503581153375,available
ab-test-000281,0,0.15618193500891073,0,0.23291503581153375,available
ab-test-000282,0,0.10866580425341484,0,0.23291503581153375,available
ab-test-000283,0,0.02202600214463201,0,0.23291503581153375,available
ab-test-000284,0,0.01848043972530695,0,0.23291503581153375,available
ab-test-000285,0,0.010975216929894095,0,0.23291503581153375,available
ab-test-000286,0,0.0887758892966131,0,0.23291503581153375,available
ab-test-000287,0,0.012536798115570492,0,0.23291503581153375,available
ab-test-000288,0,0.13821573103915294,0,0.23291503581153375,available
ab-test-000289,0,0.08198895583834723,0,0.23291503581153375,available
ab-test-000290,0,0.012077867656272166,0,0.23291503581153375,available
ab-test-000291,0,0.0004343161009081831,0,0.23291503581153375,available
ab-test-000292,0,0.0756585982271444,0,0.23291503581153375,available
ab-test-000293,0,0.0526637138501667,0,0.23291503581153375,available
ab-test-000294,0,0.0240765201295906,0,0.23291503581153375,available
ab-test-000295,0,0.011020823191852035,0,0.23291503581153375,available
ab-test-000296,1,0.7972839256050711,1,0.23291503581153375,available
ab-test-000297,0,0.04186567778293189,0,0.23291503581153375,available
ab-test-000298,0,0.24951067734076054,1,0.23291503581153375,available
ab-test-000299,0,0.010716185006617864,0,0.23291503581153375,available
ab-test-000300,0,0.06404243767320204,0,0.23291503581153375,available
ab-test-000301,0,0.19210272579627263,0,0.23291503581153375,available
ab-test-000302,0,0.012880864578782352,0,0.23291503581153375,available
ab-test-000303,0,0.11815951649978074,0,0.23291503581153375,available
ab-test-000304,0,0.010412654605882263,0,0.23291503581153375,available
ab-test-000305,0,0.007343351139399406,0,0.23291503581153375,available
ab-test-000306,0,0.4375539580169532,1,0.23291503581153375,available
ab-test-000307,1,0.30305786271126267,1,0.23291503581153375,available
ab-test-000308,1,0.0848123499460718,0,0.23291503581153375,available
ab-test-000309,0,0.0481921730398841,0,0.23291503581153375,available
ab-test-000310,0,0.012731739421261407,0,0.23291503581153375,available
ab-test-000311,1,0.014753644908442564,0,0.23291503581153375,available
ab-test-000312,0,0.011857780748976358,0,0.23291503581153375,available
ab-test-000313,0,0.12186924047517143,0,0.23291503581153375,available
ab-test-000314,1,0.930388644852341,1,0.23291503581153375,available
ab-test-000315,0,0.03264358906029688,0,0.23291503581153375,available
ab-test-000316,0,0.08348676066424576,0,0.23291503581153375,available
ab-test-000317,0,0.04536883546880208,0,0.23291503581153375,available
ab-test-000318,1,0.09479251720364673,0,0.23291503581153375,available
ab-test-000319,0,0.016255427347383673,0,0.23291503581153375,available
ab-test-000320,0,0.014181207582198384,0,0.23291503581153375,available
ab-test-000321,0,0.009098858529338586,0,0.23291503581153375,available
ab-test-000322,0,0.010587556050975831,0,0.23291503581153375,available
ab-test-000323,0,0.033092917295459906,0,0.23291503581153375,available
ab-test-000324,0,0.10768501586230482,0,0.23291503581153375,available
ab-test-000325,0,0.017529103959195647,0,0.23291503581153375,available
ab-test-000326,0,0.0043921046014351135,0,0.23291503581153375,available
ab-test-000327,0,0.08487901977318102,0,0.23291503581153375,available
ab-test-000328,0,0.02268203550592467,0,0.23291503581153375,available
ab-test-000329,1,0.10356898751131198,0,0.23291503581153375,available
ab-test-000330,0,0.059745186737272644,0,0.23291503581153375,available
ab-test-000331,1,0.2775365940051107,1,0.23291503581153375,available
ab-test-000332,0,0.10943571111992083,0,0.23291503581153375,available
ab-test-000333,0,0.04034761242281892,0,0.23291503581153375,available
ab-test-000334,0,0.010325635173753494,0,0.23291503581153375,available
ab-test-000335,0,0.08746478929913078,0,0.23291503581153375,available
ab-test-000336,0,0.6105843700524719,1,0.23291503581153375,available
ab-test-000337,1,0.0754875236769059,0,0.23291503581153375,available
ab-test-000338,0,0.07683313468527808,0,0.23291503581153375,available
ab-test-000339,0,0.0325317822576105,0,0.23291503581153375,available
ab-test-000340,0,0.017784694106226396,0,0.23291503581153375,available
ab-test-000341,0,0.2731932087343204,1,0.23291503581153375,available
ab-test-000342,0,0.03741534539607346,0,0.23291503581153375,available
ab-test-000343,0,0.20412735617846656,0,0.23291503581153375,available
ab-test-000344,0,0.02029774462528265,0,0.23291503581153375,available
ab-test-000345,0,0.12375367785898682,0,0.23291503581153375,available
ab-test-000346,1,0.08178449827039437,0,0.23291503581153375,available
ab-test-000347,0,0.1139150785593258,0,0.23291503581153375,available
ab-test-000348,0,0.006195554841336333,0,0.23291503581153375,available
ab-test-000349,0,0.44575468772174714,1,0.23291503581153375,available
ab-test-000350,0,0.0070947924886846335,0,0.23291503581153375,available
ab-test-000351,0,0.17549896622269684,0,0.23291503581153375,available
ab-test-000352,0,0.05883753941091586,0,0.23291503581153375,available
ab-test-000353,0,0.020771300391383647,0,0.23291503581153375,available
ab-test-000354,0,0.009464281798055156,0,0.23291503581153375,available
ab-test-000355,0,0.008937834033833636,0,0.23291503581153375,available
ab-test-000356,0,0.10487305230802929,0,0.23291503581153375,available
ab-test-000357,0,0.45371222456237353,1,0.23291503581153375,available
ab-test-000358,0,0.028863503075232035,0,0.23291503581153375,available
ab-test-000359,0,0.017917942600798615,0,0.23291503581153375,available
ab-test-000360,0,0.04297754287271674,0,0.23291503581153375,available
ab-test-000361,0,0.0918514624258631,0,0.23291503581153375,available
ab-test-000362,0,0.1395780507495523,0,0.23291503581153375,available
ab-test-000363,0,0.018005514787923265,0,0.23291503581153375,available
ab-test-000364,0,0.044555969987409696,0,0.23291503581153375,available
ab-test-000365,1,0.159838900396752,0,0.23291503581153375,available
ab-test-000366,0,0.013617426517391855,0,0.23291503581153375,available
ab-test-000367,0,0.009133451998245225,0,0.23291503581153375,available
ab-test-000368,0,0.07309807935568545,0,0.23291503581153375,available
ab-test-000369,0,0.1280420244358108,0,0.23291503581153375,available
ab-test-000370,0,0.15105785479030634,0,0.23291503581153375,available
ab-test-000371,1,0.3137258042818526,1,0.23291503581153375,available
ab-test-000372,0,0.024591922235768417,0,0.23291503581153375,available
ab-test-000373,0,0.06243864793502372,0,0.23291503581153375,available
ab-test-000374,0,0.12291861550884545,0,0.23291503581153375,available
ab-test-000375,0,0.059879497855555755,0,0.23291503581153375,available
ab-test-000376,0,0.009841075169357989,0,0.23291503581153375,available
ab-test-000377,0,0.014973686019786775,0,0.23291503581153375,available
ab-test-000378,0,0.19586112815906745,0,0.23291503581153375,available
ab-test-000379,1,0.7557966985362864,1,0.23291503581153375,available
ab-test-000380,0,0.051533767791836826,0,0.23291503581153375,available
ab-test-000381,0,0.01692406320618374,0,0.23291503581153375,available
ab-test-000382,0,0.01011557593924216,0,0.23291503581153375,available
ab-test-000383,0,0.025029466487119307,0,0.23291503581153375,available
ab-test-000384,1,0.1622490261301024,0,0.23291503581153375,available
ab-test-000385,0,0.00894340991371234,0,0.23291503581153375,available
ab-test-000386,0,0.1494196039956917,0,0.23291503581153375,available
ab-test-000387,0,0.03329863113097162,0,0.23291503581153375,available
ab-test-000388,0,0.013455644508817737,0,0.23291503581153375,available
ab-test-000389,1,0.1816365516037133,0,0.23291503581153375,available
ab-test-000390,0,0.07876783241933388,0,0.23291503581153375,available
ab-test-000391,0,0.14743668188070544,0,0.23291503581153375,available
ab-test-000392,0,0.006155804458670543,0,0.23291503581153375,available
ab-test-000393,0,0.031778595074479554,0,0.23291503581153375,available
ab-test-000394,0,0.10798293427274681,0,0.23291503581153375,available
ab-test-000395,0,0.016887371459410522,0,0.23291503581153375,available
ab-test-000396,0,0.2322308703754274,0,0.23291503581153375,available
ab-test-000397,0,0.03197714718924823,0,0.23291503581153375,available
ab-test-000398,0,0.0706994705385398,0,0.23291503581153375,available
ab-test-000399,1,0.150424388407874,0,0.23291503581153375,available
ab-test-000400,0,0.0296329432522795,0,0.23291503581153375,available
ab-test-000401,1,0.11082221179329649,0,0.23291503581153375,available
ab-test-000402,1,0.1900173811270008,0,0.23291503581153375,available
ab-test-000403,0,0.019325134719595564,0,0.23291503581153375,available
ab-test-000404,1,0.6264177036980004,1,0.23291503581153375,available
ab-test-000405,0,0.014267870186191509,0,0.23291503581153375,available
ab-test-000406,0,0.2890927626305239,1,0.23291503581153375,available
ab-test-000407,0,0.08638705218342838,0,0.23291503581153375,available
ab-test-000408,0,0.03932392217861238,0,0.23291503581153375,available
ab-test-000409,0,0.7703996025681702,1,0.23291503581153375,available
ab-test-000410,0,0.2867759034072317,1,0.23291503581153375,available
ab-test-000411,0,0.033101109238307974,0,0.23291503581153375,available
ab-test-000412,1,0.2684813765466808,1,0.23291503581153375,available
ab-test-000413,0,0.1430094773114759,0,0.23291503581153375,available
ab-test-000414,0,0.13918310763635758,0,0.23291503581153375,available
ab-test-000415,0,0.0009995719655228662,0,0.23291503581153375,available
ab-test-000416,0,0.2570108745972884,1,0.23291503581153375,available
ab-test-000417,0,0.014127476608172589,0,0.23291503581153375,available
ab-test-000418,0,0.12382644942537156,0,0.23291503581153375,available
ab-test-000419,1,0.04753744520706287,0,0.23291503581153375,available
ab-test-000420,0,0.0907504546429432,0,0.23291503581153375,available
ab-test-000421,1,0.4958069836319352,1,0.23291503581153375,available
ab-test-000422,0,0.10357248878202284,0,0.23291503581153375,available
ab-test-000423,0,0.013435441628202982,0,0.23291503581153375,available
ab-test-000424,0,0.007091452367978979,0,0.23291503581153375,available
ab-test-000425,0,0.043804135515109206,0,0.23291503581153375,available
ab-test-000426,0,0.015675553171940883,0,0.23291503581153375,available
ab-test-000427,0,0.052932274101937106,0,0.23291503581153375,available
ab-test-000428,0,0.019396958141508554,0,0.23291503581153375,available
ab-test-000429,0,0.030456587665334465,0,0.23291503581153375,available
ab-test-000430,0,0.034695730880105635,0,0.23291503581153375,available
ab-test-000431,1,0.099820866788213,0,0.23291503581153375,available
ab-test-000432,0,0.026864624878495405,0,0.23291503581153375,available
ab-test-000433,0,0.06748628264650283,0,0.23291503581153375,available
ab-test-000434,0,0.08695280272725202,0,0.23291503581153375,available
ab-test-000435,0,0.04862777296356579,0,0.23291503581153375,available
ab-test-000436,0,0.03192316833486101,0,0.23291503581153375,available
ab-test-000437,0,0.09279510096243929,0,0.23291503581153375,available
ab-test-000438,0,0.044003117881673014,0,0.23291503581153375,available
ab-test-000439,0,0.02808161627286721,0,0.23291503581153375,available
ab-test-000440,0,0.2100364194455367,0,0.23291503581153375,available
ab-test-000441,0,0.0057136837600075254,0,0.23291503581153375,available
ab-test-000442,0,0.06550972488033685,0,0.23291503581153375,available
ab-test-000443,0,0.09158241264825813,0,0.23291503581153375,available
ab-test-000444,0,0.009608909580345324,0,0.23291503581153375,available
ab-test-000445,0,0.02408931756947913,0,0.23291503581153375,available
ab-test-000446,0,0.014075797679541868,0,0.23291503581153375,available
ab-test-000447,0,0.03523006142653558,0,0.23291503581153375,available
ab-test-000448,0,0.04821680716343522,0,0.23291503581153375,available
ab-test-000449,0,0.007947524622855456,0,0.23291503581153375,available
ab-test-000450,0,0.09759941781587168,0,0.23291503581153375,available
ab-test-000451,0,0.10952687468555755,0,0.23291503581153375,available
ab-test-000452,0,0.04719201705305022,0,0.23291503581153375,available
ab-test-000453,0,0.05597850677455949,0,0.23291503581153375,available
ab-test-000454,0,0.013330428290433283,0,0.23291503581153375,available
ab-test-000455,0,0.06426596332266978,0,0.23291503581153375,available
ab-test-000456,0,0.0338165620420881,0,0.23291503581153375,available
ab-test-000457,0,0.017528805630913722,0,0.23291503581153375,available
ab-test-000458,0,0.07616528001506494,0,0.23291503581153375,available
ab-test-000459,0,0.058275970197505196,0,0.23291503581153375,available
ab-test-000460,0,0.011273033801257,0,0.23291503581153375,available
ab-test-000461,0,0.05727426261456095,0,0.23291503581153375,available
ab-test-000462,0,0.12244047956656887,0,0.23291503581153375,available
ab-test-000463,0,0.016687485483284206,0,0.23291503581153375,available
ab-test-000464,0,0.04978498665598879,0,0.23291503581153375,available
ab-test-000465,0,0.018516686888644242,0,0.23291503581153375,available
ab-test-000466,0,0.04493900344317326,0,0.23291503581153375,available
ab-test-000467,0,0.05821248479238585,0,0.23291503581153375,available
ab-test-000468,0,0.013845378379071953,0,0.23291503581153375,available
ab-test-000469,0,0.011072678464709778,0,0.23291503581153375,available
ab-test-000470,0,0.03441386500794768,0,0.23291503581153375,available
ab-test-000471,0,0.028644022525184148,0,0.23291503581153375,available
ab-test-000472,0,0.050393764614927505,0,0.23291503581153375,available
ab-test-000473,0,0.05244262991539332,0,0.23291503581153375,available
ab-test-000474,1,0.25550804206854083,1,0.23291503581153375,available
ab-test-000475,0,0.010694359422618814,0,0.23291503581153375,available
ab-test-000476,0,0.025018912282868237,0,0.23291503581153375,available
ab-test-000477,0,0.14204847154299605,0,0.23291503581153375,available
ab-test-000478,0,0.013647998443148788,0,0.23291503581153375,available
ab-test-000479,0,0.03365059077144121,0,0.23291503581153375,available
ab-test-000480,0,0.3700067918796826,1,0.23291503581153375,available
ab-test-000481,0,0.03697816831839681,0,0.23291503581153375,available
ab-test-000482,0,0.4151233223771105,1,0.23291503581153375,available
ab-test-000483,0,0.01857110487730176,0,0.23291503581153375,available
ab-test-000484,0,0.028633377388790356,0,0.23291503581153375,available
ab-test-000485,0,0.03602737271835136,0,0.23291503581153375,available
ab-test-000486,0,0.01289035553193555,0,0.23291503581153375,available
ab-test-000487,0,0.08343883637405222,0,0.23291503581153375,available
ab-test-000488,0,5.7717637649816436e-05,0,0.23291503581153375,available
ab-test-000489,0,0.2555947800616987,1,0.23291503581153375,available
ab-test-000490,0,0.019399979609722,0,0.23291503581153375,available
ab-test-000491,0,0.003949881225631603,0,0.23291503581153375,available
ab-test-000492,0,0.010139254320854548,0,0.23291503581153375,available
ab-test-000493,0,0.005732089163374555,0,0.23291503581153375,available
ab-test-000494,1,0.287264485810624,1,0.23291503581153375,available
ab-test-000495,0,0.0481702016895109,0,0.23291503581153375,available
ab-test-000496,0,0.0873650353346922,0,0.23291503581153375,available
ab-test-000497,0,0.08225459853050959,0,0.23291503581153375,available
ab-test-000498,0,0.012436543803480757,0,0.23291503581153375,available
ab-test-000499,0,0.4806611021198658,1,0.23291503581153375,available
ab-test-000500,0,0.055092526792193106,0,0.23291503581153375,available
ab-test-000501,0,0.02115703820590764,0,0.23291503581153375,available
ab-test-000502,1,0.6733770586968638,1,0.23291503581153375,available
ab-test-000503,0,0.4557222758305631,1,0.23291503581153375,available
ab-test-000504,1,0.013691730524664941,0,0.23291503581153375,available
ab-test-000505,0,0.022880304732240907,0,0.23291503581153375,available
ab-test-000506,0,0.01791893170505337,0,0.23291503581153375,available
ab-test-000507,0,0.0284845003133275,0,0.23291503581153375,available
ab-test-000508,1,0.2726899617240411,1,0.23291503581153375,available
ab-test-000509,0,0.08177148175603212,0,0.23291503581153375,available
ab-test-000510,0,0.060188240902549296,0,0.23291503581153375,available
ab-test-000511,0,0.01625492231510358,0,0.23291503581153375,available
ab-test-000512,0,0.08264382356723761,0,0.23291503581153375,available
ab-test-000513,0,0.04203334295004614,0,0.23291503581153375,available
ab-test-000514,0,0.012386731472155578,0,0.23291503581153375,available
ab-test-000515,0,0.12971299412961815,0,0.23291503581153375,available
ab-test-000516,0,0.41174038518054407,1,0.23291503581153375,available
ab-test-000517,0,0.03533149733694856,0,0.23291503581153375,available
ab-test-000518,0,0.09434669515059163,0,0.23291503581153375,available
ab-test-000519,1,0.17846877106844286,0,0.23291503581153375,available
ab-test-000520,0,0.013079247036522992,0,0.23291503581153375,available
ab-test-000521,0,0.02859414653858384,0,0.23291503581153375,available
ab-test-000522,0,0.44082448566427773,1,0.23291503581153375,available
ab-test-000523,1,0.8288686444047754,1,0.23291503581153375,available
ab-test-000524,0,0.027666780274679593,0,0.23291503581153375,available
ab-test-000525,0,0.02103276333200753,0,0.23291503581153375,available
ab-test-000526,0,0.02288694550775344,0,0.23291503581153375,available
ab-test-000527,1,0.37954088825839927,1,0.23291503581153375,available
ab-test-000528,0,0.022515932924075405,0,0.23291503581153375,available
ab-test-000529,0,0.028826489637236066,0,0.23291503581153375,available
ab-test-000530,0,0.027428706626483272,0,0.23291503581153375,available
ab-test-000531,0,0.04446056923433048,0,0.23291503581153375,available
ab-test-000532,0,0.22826253119817327,0,0.23291503581153375,available
ab-test-000533,0,0.08851758054192116,0,0.23291503581153375,available
ab-test-000534,0,0.016092139859559925,0,0.23291503581153375,available
ab-test-000535,0,0.035488161689394435,0,0.23291503581153375,available
ab-test-000536,0,0.12453285358380532,0,0.23291503581153375,available
ab-test-000537,0,0.0268749605749357,0,0.23291503581153375,available
ab-test-000538,0,0.1305465456256369,0,0.23291503581153375,available
ab-test-000539,0,0.21791109216699575,0,0.23291503581153375,available
ab-test-000540,0,0.05762169319435039,0,0.23291503581153375,available
ab-test-000541,0,0.14174736369799878,0,0.23291503581153375,available
ab-test-000542,0,0.14364204876406447,0,0.23291503581153375,available
ab-test-000543,0,0.05830702920388825,0,0.23291503581153375,available
ab-test-000544,1,0.37155709895262806,1,0.23291503581153375,available
ab-test-000545,0,0.22520594818626055,0,0.23291503581153375,available
ab-test-000546,0,0.2927041702573459,1,0.23291503581153375,available
ab-test-000547,1,0.3051326788601548,1,0.23291503581153375,available
ab-test-000548,1,0.930294674752225,1,0.23291503581153375,available
ab-test-000549,0,0.005907077621314557,0,0.23291503581153375,available
ab-test-000550,0,0.11026174719317772,0,0.23291503581153375,available
ab-test-000551,0,0.015452502904802892,0,0.23291503581153375,available
ab-test-000552,0,0.014753937096540869,0,0.23291503581153375,available
ab-test-000553,0,0.41422420573323643,1,0.23291503581153375,available
ab-test-000554,0,0.025039970848716477,0,0.23291503581153375,available
ab-test-000555,0,0.16475078057094936,0,0.23291503581153375,available
ab-test-000556,0,0.12593244274616802,0,0.23291503581153375,available
ab-test-000557,0,0.016285096839993064,0,0.23291503581153375,available
ab-test-000558,0,0.010154658365686825,0,0.23291503581153375,available
ab-test-000559,0,0.008263120130172042,0,0.23291503581153375,available
ab-test-000560,0,0.013330138544112628,0,0.23291503581153375,available
ab-test-000561,0,0.011730263719103705,0,0.23291503581153375,available
ab-test-000562,1,0.09650713561769264,0,0.23291503581153375,available
ab-test-000563,0,0.1760518078830164,0,0.23291503581153375,available
ab-test-000564,0,0.03652083228170206,0,0.23291503581153375,available
ab-test-000565,0,0.0677665724156242,0,0.23291503581153375,available
ab-test-000566,0,0.050069262921193035,0,0.23291503581153375,available
ab-test-000567,1,0.9684888885688628,1,0.23291503581153375,available
ab-test-000568,0,0.12300298626315526,0,0.23291503581153375,available
ab-test-000569,0,0.16909410424899776,0,0.23291503581153375,available
ab-test-000570,0,0.0103313705236647,0,0.23291503581153375,available
ab-test-000571,0,0.09055233924499546,0,0.23291503581153375,available
ab-test-000572,0,0.07818710504163325,0,0.23291503581153375,available
ab-test-000573,0,0.01753520810317737,0,0.23291503581153375,available
ab-test-000574,0,0.042401839047582345,0,0.23291503581153375,available
ab-test-000575,0,0.019866484110604925,0,0.23291503581153375,available
ab-test-000576,0,0.0075308245265879,0,0.23291503581153375,available
ab-test-000577,0,0.02563480908212624,0,0.23291503581153375,available
ab-test-000578,0,0.02843214558597274,0,0.23291503581153375,available
ab-test-000579,0,0.07531335855988876,0,0.23291503581153375,available
ab-test-000580,0,0.029776128785818104,0,0.23291503581153375,available
ab-test-000581,0,0.017794977268329293,0,0.23291503581153375,available
ab-test-000582,0,0.026033659599552963,0,0.23291503581153375,available
ab-test-000583,0,0.2714311104898794,1,0.23291503581153375,available
ab-test-000584,0,0.1427018879926559,0,0.23291503581153375,available
ab-test-000585,0,0.13172788558783485,0,0.23291503581153375,available
ab-test-000586,0,0.01377235986065516,0,0.23291503581153375,available
ab-test-000587,0,0.04346221746201943,0,0.23291503581153375,available
ab-test-000588,0,0.0031517137821395207,0,0.23291503581153375,available
ab-test-000589,0,0.015421430511528925,0,0.23291503581153375,available
ab-test-000590,0,0.012225755772028194,0,0.23291503581153375,available
ab-test-000591,0,0.0228345559170049,0,0.23291503581153375,available
ab-test-000592,0,0.021976869789163682,0,0.23291503581153375,available
ab-test-000593,0,0.01034182043332782,0,0.23291503581153375,available
ab-test-000594,0,0.12107136403230309,0,0.23291503581153375,available
ab-test-000595,0,0.035606058009935125,0,0.23291503581153375,available
ab-test-000596,0,0.19114869584563554,0,0.23291503581153375,available
ab-test-000597,1,0.6430068053358557,1,0.23291503581153375,available
ab-test-000598,0,0.002113980711080176,0,0.23291503581153375,available
ab-test-000599,0,0.22140412879644114,0,0.23291503581153375,available
ab-test-000600,0,0.027654817791869814,0,0.23291503581153375,available
ab-test-000601,0,0.028503369252798307,0,0.23291503581153375,available
ab-test-000602,0,0.05889818175045157,0,0.23291503581153375,available
ab-test-000603,0,0.11214626299990343,0,0.23291503581153375,available
ab-test-000604,0,0.38760569827622054,1,0.23291503581153375,available
ab-test-000605,0,0.049234723691286925,0,0.23291503581153375,available
ab-test-000606,0,0.01927111362452967,0,0.23291503581153375,available
ab-test-000607,0,0.44357835002508067,1,0.23291503581153375,available
ab-test-000608,0,0.31316155452743105,1,0.23291503581153375,available
ab-test-000609,0,0.02096870738865548,0,0.23291503581153375,available
ab-test-000610,0,0.05596060186836685,0,0.23291503581153375,available
ab-test-000611,0,0.008232892695908349,0,0.23291503581153375,available
ab-test-000612,0,0.05060628326478371,0,0.23291503581153375,available
ab-test-000613,1,0.1977900869267288,0,0.23291503581153375,available
ab-test-000614,0,0.04336068026335599,0,0.23291503581153375,available
ab-test-000615,0,0.055608266323979194,0,0.23291503581153375,available
ab-test-000616,0,0.012155081499789052,0,0.23291503581153375,available
ab-test-000617,0,0.012160610146053035,0,0.23291503581153375,available
ab-test-000618,1,0.19226940105963702,0,0.23291503581153375,available
ab-test-000619,0,0.020014995865382006,0,0.23291503581153375,available
ab-test-000620,0,0.03337170714256172,0,0.23291503581153375,available
ab-test-000621,0,0.014888168546375409,0,0.23291503581153375,available
ab-test-000622,0,0.10105554604321834,0,0.23291503581153375,available
ab-test-000623,0,0.01771471255011201,0,0.23291503581153375,available
ab-test-000624,1,0.8902400075184866,1,0.23291503581153375,available
ab-test-000625,0,0.02236366955438604,0,0.23291503581153375,available
ab-test-000626,0,0.1290079936231259,0,0.23291503581153375,available
ab-test-000627,0,0.017619206247088664,0,0.23291503581153375,available
ab-test-000628,0,0.029347006919184956,0,0.23291503581153375,available
ab-test-000629,0,0.02986995046602436,0,0.23291503581153375,available
ab-test-000630,0,0.03151218722116869,0,0.23291503581153375,available
ab-test-000631,0,0.07447336000261638,0,0.23291503581153375,available
ab-test-000632,1,0.9092484145570753,1,0.23291503581153375,available
ab-test-000633,0,0.032268328497337656,0,0.23291503581153375,available
ab-test-000634,0,0.3025446577785667,1,0.23291503581153375,available
ab-test-000635,0,0.019173603044436154,0,0.23291503581153375,available
ab-test-000636,0,0.02263846119999974,0,0.23291503581153375,available
ab-test-000637,0,0.036127285614962625,0,0.23291503581153375,available
ab-test-000638,0,0.013335157568356019,0,0.23291503581153375,available
ab-test-000639,0,0.10140643233204288,0,0.23291503581153375,available
ab-test-000640,0,0.018772311240709376,0,0.23291503581153375,available
ab-test-000641,1,0.024385926573077542,0,0.23291503581153375,available
ab-test-000642,0,0.04735901246352734,0,0.23291503581153375,available
ab-test-000643,0,0.019025119939697965,0,0.23291503581153375,available
ab-test-000644,0,0.08190948690146636,0,0.23291503581153375,available
ab-test-000645,0,0.008473053086998162,0,0.23291503581153375,available
ab-test-000646,0,0.03993998766921322,0,0.23291503581153375,available
ab-test-000647,1,0.06337328204362873,0,0.23291503581153375,available
ab-test-000648,0,0.12237535446987612,0,0.23291503581153375,available
ab-test-000649,0,0.03281439865344843,0,0.23291503581153375,available
ab-test-000650,0,0.0595838060066251,0,0.23291503581153375,available
ab-test-000651,0,0.026381963308439442,0,0.23291503581153375,available
ab-test-000652,0,0.01704658295172579,0,0.23291503581153375,available
ab-test-000653,0,0.022171379446407343,0,0.23291503581153375,available
ab-test-000654,0,0.01629679092097909,0,0.23291503581153375,available
ab-test-000655,0,0.04729952714512478,0,0.23291503581153375,available
ab-test-000656,0,0.08371029802281138,0,0.23291503581153375,available
ab-test-000657,0,0.07034081651508738,0,0.23291503581153375,available
ab-test-000658,0,0.05961454337834561,0,0.23291503581153375,available
ab-test-000659,1,0.01653062411816676,0,0.23291503581153375,available
ab-test-000660,0,0.07380857116591982,0,0.23291503581153375,available
ab-test-000661,0,0.038399668447384565,0,0.23291503581153375,available
ab-test-000662,0,0.05558523225245409,0,0.23291503581153375,available
ab-test-000663,0,0.12958041966203415,0,0.23291503581153375,available
ab-test-000664,0,0.07871835031176043,0,0.23291503581153375,available
ab-test-000665,1,0.09827315572293151,0,0.23291503581153375,available
ab-test-000666,0,0.036033402131601874,0,0.23291503581153375,available
ab-test-000667,1,0.019988268545376865,0,0.23291503581153375,available
ab-test-000668,0,0.03860960024588234,0,0.23291503581153375,available
ab-test-000669,0,0.15206567967893864,0,0.23291503581153375,available
ab-test-000670,0,0.3256711592350449,1,0.23291503581153375,available
ab-test-000671,0,0.2166121018986726,0,0.23291503581153375,available
ab-test-000672,0,0.04053960854289976,0,0.23291503581153375,available
ab-test-000673,1,0.26183582248114,1,0.23291503581153375,available
ab-test-000674,0,0.027139884770097017,0,0.23291503581153375,available
ab-test-000675,0,0.045398328447756764,0,0.23291503581153375,available
ab-test-000676,0,0.031141951530120143,0,0.23291503581153375,available
ab-test-000677,0,0.08270766787763072,0,0.23291503581153375,available
ab-test-000678,0,0.012919240955340213,0,0.23291503581153375,available
ab-test-000679,1,0.4582837733872101,1,0.23291503581153375,available
ab-test-000680,1,0.020872930053342103,0,0.23291503581153375,available
ab-test-000681,0,0.03445219910222341,0,0.23291503581153375,available
ab-test-000682,0,0.5985159890894228,1,0.23291503581153375,available
ab-test-000683,0,0.06345694209809713,0,0.23291503581153375,available
ab-test-000684,0,0.07786141328837448,0,0.23291503581153375,available
ab-test-000685,0,0.026561561721666682,0,0.23291503581153375,available
ab-test-000686,1,0.13940235824321667,0,0.23291503581153375,available
ab-test-000687,0,0.056173437979570626,0,0.23291503581153375,available
ab-test-000688,0,0.0545684014252458,0,0.23291503581153375,available
ab-test-000689,0,0.04037787803722651,0,0.23291503581153375,available
ab-test-000690,0,0.06142052811257978,0,0.23291503581153375,available
ab-test-000691,0,0.005278146404619099,0,0.23291503581153375,available
ab-test-000692,0,0.042811866360602024,0,0.23291503581153375,available
ab-test-000693,0,0.02221150881230867,0,0.23291503581153375,available
ab-test-000694,0,0.023250771047225196,0,0.23291503581153375,available
ab-test-000695,0,0.014131699491503866,0,0.23291503581153375,available
ab-test-000696,0,0.009348841645159587,0,0.23291503581153375,available
ab-test-000697,0,0.14936577953528007,0,0.23291503581153375,available
ab-test-000698,0,0.16778407504142046,0,0.23291503581153375,available
ab-test-000699,0,0.030090424104102842,0,0.23291503581153375,available
ab-test-000700,0,0.0858969934488645,0,0.23291503581153375,available
ab-test-000701,0,0.13782168295039604,0,0.23291503581153375,available
ab-test-000702,0,0.052250970954057285,0,0.23291503581153375,available
ab-test-000703,0,0.014279546380731763,0,0.23291503581153375,available
ab-test-000704,0,0.014081540087873667,0,0.23291503581153375,available
ab-test-000705,0,0.16300915064106813,0,0.23291503581153375,available
ab-test-000706,0,0.010647196436551954,0,0.23291503581153375,available
ab-test-000707,0,0.03392638618077292,0,0.23291503581153375,available
ab-test-000708,0,0.013089245412231745,0,0.23291503581153375,available
ab-test-000709,0,0.07209464050408383,0,0.23291503581153375,available
ab-test-000710,0,0.04593764909074887,0,0.23291503581153375,available
ab-test-000711,0,0.09679691828991938,0,0.23291503581153375,available
ab-test-000712,0,0.05011406784486562,0,0.23291503581153375,available
ab-test-000713,0,0.025734237100454662,0,0.23291503581153375,available
ab-test-000714,1,0.287047455167584,1,0.23291503581153375,available
ab-test-000715,0,0.01664587330870601,0,0.23291503581153375,available
ab-test-000716,0,0.009895536756176415,0,0.23291503581153375,available
ab-test-000717,0,0.11566517868171705,0,0.23291503581153375,available
ab-test-000718,0,0.047954138172793495,0,0.23291503581153375,available
ab-test-000719,0,0.02838597605737849,0,0.23291503581153375,available
ab-test-000720,0,0.1267802987583483,0,0.23291503581153375,available
ab-test-000721,0,0.0027390653052269493,0,0.23291503581153375,available
ab-test-000722,1,0.46172864257365626,1,0.23291503581153375,available
ab-test-000723,0,0.0496835701267387,0,0.23291503581153375,available
ab-test-000724,1,0.7239845568348512,1,0.23291503581153375,available
ab-test-000725,1,0.07179278212840634,0,0.23291503581153375,available
ab-test-000726,0,0.01730374147168019,0,0.23291503581153375,available
ab-test-000727,0,0.2436295298292476,1,0.23291503581153375,available
ab-test-000728,0,0.04302346034125803,0,0.23291503581153375,available
ab-test-000729,0,0.011089935148428045,0,0.23291503581153375,available
ab-test-000730,0,0.012256139684565646,0,0.23291503581153375,available
ab-test-000731,0,0.05248567768569761,0,0.23291503581153375,available
ab-test-000732,0,0.044051925972692654,0,0.23291503581153375,available
ab-test-000733,0,0.03728929645424415,0,0.23291503581153375,available
ab-test-000734,0,0.01951206709401419,0,0.23291503581153375,available
ab-test-000735,1,0.4852686415609828,1,0.23291503581153375,available
ab-test-000736,0,0.022202957696549997,0,0.23291503581153375,available
ab-test-000737,0,0.0758776911728199,0,0.23291503581153375,available
ab-test-000738,0,0.08087699037193744,0,0.23291503581153375,available
ab-test-000739,0,0.010453381906036082,0,0.23291503581153375,available
ab-test-000740,0,0.02098200447214067,0,0.23291503581153375,available
ab-test-000741,0,0.05342939940753915,0,0.23291503581153375,available
ab-test-000742,0,0.00539361168721303,0,0.23291503581153375,available
ab-test-000743,0,0.036773076606697146,0,0.23291503581153375,available
ab-test-000744,0,0.06677769441816052,0,0.23291503581153375,available
ab-test-000745,1,0.7579121734089225,1,0.23291503581153375,available
ab-test-000746,1,0.7598062449226173,1,0.23291503581153375,available
ab-test-000747,0,0.033358720391646036,0,0.23291503581153375,available
ab-test-000748,0,0.12896191923689335,0,0.23291503581153375,available
ab-test-000749,0,0.01083705763803541,0,0.23291503581153375,available
ab-test-000750,1,0.7901880557458174,1,0.23291503581153375,available
ab-test-000751,0,0.01605835458298928,0,0.23291503581153375,available
ab-test-000752,0,0.004497254878772418,0,0.23291503581153375,available
ab-test-000753,0,0.022565545341266834,0,0.23291503581153375,available
ab-test-000754,0,0.060549867245860964,0,0.23291503581153375,available
ab-test-000755,0,0.029942685660265395,0,0.23291503581153375,available
ab-test-000756,0,0.016519402197805705,0,0.23291503581153375,available
ab-test-000757,0,0.0056348724944081585,0,0.23291503581153375,available
ab-test-000758,0,0.04308835016268197,0,0.23291503581153375,available
ab-test-000759,0,0.010231709628061915,0,0.23291503581153375,available
ab-test-000760,0,0.10155287916775241,0,0.23291503581153375,available
ab-test-000761,0,0.017654390242390294,0,0.23291503581153375,available
ab-test-000762,0,0.03895973676256112,0,0.23291503581153375,available
ab-test-000763,0,0.10909189824955966,0,0.23291503581153375,available
ab-test-000764,0,0.011931273042981366,0,0.23291503581153375,available
ab-test-000765,0,0.04790138600812557,0,0.23291503581153375,available
ab-test-000766,0,0.06005510879260239,0,0.23291503581153375,available
ab-test-000767,0,0.01783698001285381,0,0.23291503581153375,available
ab-test-000768,0,0.02402666087618391,0,0.23291503581153375,available
ab-test-000769,0,0.13521401223682641,0,0.23291503581153375,available
ab-test-000770,0,0.01814929737007145,0,0.23291503581153375,available
ab-test-000771,0,0.04304464672871396,0,0.23291503581153375,available
ab-test-000772,1,0.47317576371800996,1,0.23291503581153375,available
ab-test-000773,0,0.02351285038939858,0,0.23291503581153375,available
ab-test-000774,0,0.03993289018403939,0,0.23291503581153375,available
ab-test-000775,0,0.027065093224805936,0,0.23291503581153375,available
ab-test-000776,0,0.08027296135888291,0,0.23291503581153375,available
ab-test-000777,0,0.005959090084761008,0,0.23291503581153375,available
ab-test-000778,0,0.08234143076662728,0,0.23291503581153375,available
ab-test-000779,0,0.01558165308708245,0,0.23291503581153375,available
ab-test-000780,0,0.011168214698567372,0,0.23291503581153375,available
ab-test-000781,0,0.01718576103827127,0,0.23291503581153375,available
ab-test-000782,0,0.025785510811439444,0,0.23291503581153375,available
ab-test-000783,0,0.07800579891995595,0,0.23291503581153375,available
ab-test-000784,0,0.0921256152400602,0,0.23291503581153375,available
ab-test-000785,0,0.025514290495459592,0,0.23291503581153375,available
ab-test-000786,0,0.019101749892980757,0,0.23291503581153375,available
ab-test-000787,0,0.01122344889276176,0,0.23291503581153375,available
ab-test-000788,0,0.03501782364552451,0,0.23291503581153375,available
ab-test-000789,0,0.014013273370310735,0,0.23291503581153375,available
ab-test-000790,0,0.050207540662213154,0,0.23291503581153375,available
ab-test-000791,0,0.010757141294182888,0,0.23291503581153375,available
ab-test-000792,0,0.01255868719053841,0,0.23291503581153375,available
ab-test-000793,0,0.053176124944822156,0,0.23291503581153375,available
ab-test-000794,1,0.7299582153786957,1,0.23291503581153375,available
ab-test-000795,0,0.003770208798209531,0,0.23291503581153375,available
ab-test-000796,0,0.012982783048506624,0,0.23291503581153375,available
ab-test-000797,0,0.035831704639061365,0,0.23291503581153375,available
ab-test-000798,0,0.06767982344649749,0,0.23291503581153375,available
ab-test-000799,0,0.0237921386637683,0,0.23291503581153375,available
ab-test-000800,0,0.027340912382364514,0,0.23291503581153375,available
ab-test-000801,0,0.010698205190295067,0,0.23291503581153375,available
ab-test-000802,0,0.015280681156273188,0,0.23291503581153375,available
ab-test-000803,0,0.036198335718458007,0,0.23291503581153375,available
ab-test-000804,0,0.011843953988213524,0,0.23291503581153375,available
ab-test-000805,1,0.8453896179291449,1,0.23291503581153375,available
ab-test-000806,0,0.012361871408272506,0,0.23291503581153375,available
ab-test-000807,0,0.12690567244191314,0,0.23291503581153375,available
ab-test-000808,0,0.02263098093633376,0,0.23291503581153375,available
ab-test-000809,0,0.02893352732864858,0,0.23291503581153375,available
ab-test-000810,0,0.053100977243690645,0,0.23291503581153375,available
ab-test-000811,0,0.04431059376808107,0,0.23291503581153375,available
ab-test-000812,1,0.1245810701468646,0,0.23291503581153375,available
ab-test-000813,0,0.035972209185599215,0,0.23291503581153375,available
ab-test-000814,0,0.02410302068041248,0,0.23291503581153375,available
ab-test-000815,0,0.04623009702623873,0,0.23291503581153375,available
ab-test-000816,0,0.05194255401426256,0,0.23291503581153375,available
ab-test-000817,0,0.012917473095321269,0,0.23291503581153375,available
ab-test-000818,0,0.019537294946478892,0,0.23291503581153375,available
ab-test-000819,0,0.08199275627920068,0,0.23291503581153375,available
ab-test-000820,0,0.028292887874456978,0,0.23291503581153375,available
ab-test-000821,0,0.02058472653467261,0,0.23291503581153375,available
ab-test-000822,0,0.06376381679086972,0,0.23291503581153375,available
ab-test-000823,1,0.04863834799254004,0,0.23291503581153375,available
ab-test-000824,0,0.013755931417601425,0,0.23291503581153375,available
ab-test-000825,0,0.06224069197267999,0,0.23291503581153375,available
ab-test-000826,0,0.14288371405090444,0,0.23291503581153375,available
ab-test-000827,0,0.020162366395764793,0,0.23291503581153375,available
ab-test-000828,1,0.23670937526805555,1,0.23291503581153375,available
ab-test-000829,0,0.051936781776846436,0,0.23291503581153375,available
ab-test-000830,0,0.016299995048443636,0,0.23291503581153375,available
ab-test-000831,0,0.02532242309907934,0,0.23291503581153375,available
ab-test-000832,0,0.06829773609742368,0,0.23291503581153375,available
ab-test-000833,0,0.027911218858259465,0,0.23291503581153375,available
ab-test-000834,1,0.21543727912394534,0,0.23291503581153375,available
ab-test-000835,0,0.2508430773465302,1,0.23291503581153375,available
ab-test-000836,0,0.12387549720182417,0,0.23291503581153375,available
ab-test-000837,0,0.020886969395158737,0,0.23291503581153375,available
ab-test-000838,0,0.07126099959346445,0,0.23291503581153375,available
ab-test-000839,1,0.5155669744112985,1,0.23291503581153375,available
ab-test-000840,0,0.007981655774707995,0,0.23291503581153375,available
ab-test-000841,0,0.03974771797509429,0,0.23291503581153375,available
ab-test-000842,0,0.02677904810758139,0,0.23291503581153375,available
ab-test-000843,0,0.02629472613345296,0,0.23291503581153375,available
ab-test-000844,0,0.050347966086300384,0,0.23291503581153375,available
ab-test-000845,0,0.0400325463662121,0,0.23291503581153375,available
ab-test-000846,0,0.32187549311324404,1,0.23291503581153375,available
ab-test-000847,0,0.024390200356556063,0,0.23291503581153375,available
ab-test-000848,0,0.8124106058502423,1,0.23291503581153375,available
ab-test-000849,0,0.02354054826978131,0,0.23291503581153375,available
ab-test-000850,0,0.020968753854792233,0,0.23291503581153375,available
ab-test-000851,0,0.18220180737616865,0,0.23291503581153375,available
ab-test-000852,0,0.03855991102657668,0,0.23291503581153375,available
ab-test-000853,0,0.04198277630741189,0,0.23291503581153375,available
ab-test-000854,0,0.016163368267036033,0,0.23291503581153375,available
ab-test-000855,0,0.028635782967015588,0,0.23291503581153375,available
ab-test-000856,0,0.08242759242155454,0,0.23291503581153375,available
ab-test-000857,0,0.02377009509602513,0,0.23291503581153375,available
ab-test-000858,0,0.1252036584393374,0,0.23291503581153375,available
ab-test-000859,0,0.006586920392808621,0,0.23291503581153375,available
ab-test-000860,0,0.036033402131601874,0,0.23291503581153375,available
ab-test-000861,0,0.021722206739259477,0,0.23291503581153375,available
ab-test-000862,0,0.03974066166431365,0,0.23291503581153375,available
ab-test-000863,0,0.019377576318614878,0,0.23291503581153375,available
ab-test-000864,0,0.2627684801406557,1,0.23291503581153375,available
ab-test-000865,0,0.09179299971114893,0,0.23291503581153375,available
ab-test-000866,1,0.1844238439812173,0,0.23291503581153375,available
ab-test-000867,0,0.0014474847713216168,0,0.23291503581153375,available
ab-test-000868,0,0.01724086470798598,0,0.23291503581153375,available
ab-test-000869,0,0.06030386002924452,0,0.23291503581153375,available
ab-test-000870,0,0.14526918311744294,0,0.23291503581153375,available
ab-test-000871,0,0.010213182319969922,0,0.23291503581153375,available
ab-test-000872,1,0.09829375367049889,0,0.23291503581153375,available
ab-test-000873,0,0.04058277694119378,0,0.23291503581153375,available
ab-test-000874,0,0.010406304368995556,0,0.23291503581153375,available
ab-test-000875,0,0.006302667445122215,0,0.23291503581153375,available
ab-test-000876,0,0.027815656523418667,0,0.23291503581153375,available
ab-test-000877,0,0.09250804378089895,0,0.23291503581153375,available
ab-test-000878,0,0.24002752473616693,1,0.23291503581153375,available
ab-test-000879,0,0.02620168857576278,0,0.23291503581153375,available
ab-test-000880,0,0.04485289725830395,0,0.23291503581153375,available
ab-test-000881,0,0.07955563153155189,0,0.23291503581153375,available
ab-test-000882,0,0.015647932853937056,0,0.23291503581153375,available
ab-test-000883,0,0.012676764378137551,0,0.23291503581153375,available
ab-test-000884,1,0.7684985655997477,1,0.23291503581153375,available
ab-test-000885,0,0.07078440124319424,0,0.23291503581153375,available
ab-test-000886,0,0.011387502297458503,0,0.23291503581153375,available
ab-test-000887,0,0.0321608778565588,0,0.23291503581153375,available
ab-test-000888,0,0.15615088067738214,0,0.23291503581153375,available
ab-test-000889,0,0.08190594900470445,0,0.23291503581153375,available
ab-test-000890,0,0.46480930339967425,1,0.23291503581153375,available
ab-test-000891,0,0.011291309075416374,0,0.23291503581153375,available
ab-test-000892,0,0.05221539034813203,0,0.23291503581153375,available
ab-test-000893,0,0.03712808906327494,0,0.23291503581153375,available
ab-test-000894,0,0.023298048537643713,0,0.23291503581153375,available
ab-test-000895,0,0.06323888911330294,0,0.23291503581153375,available
ab-test-000896,0,0.06983655509814092,0,0.23291503581153375,available
ab-test-000897,1,0.7713750527608452,1,0.23291503581153375,available
ab-test-000898,1,0.26549240530528284,1,0.23291503581153375,available
ab-test-000899,0,0.01847580693363265,0,0.23291503581153375,available
ab-test-000900,0,0.015698650102292332,0,0.23291503581153375,available
ab-test-000901,0,0.028189136638550306,0,0.23291503581153375,available
ab-test-000902,0,0.06067831794227925,0,0.23291503581153375,available
ab-test-000903,0,0.022308368408756506,0,0.23291503581153375,available
ab-test-000904,0,0.053292097288964585,0,0.23291503581153375,available
ab-test-000905,0,0.04049175447970175,0,0.23291503581153375,available
ab-test-000906,0,0.00963914420318695,0,0.23291503581153375,available
ab-test-000907,0,0.01510860293845074,0,0.23291503581153375,available
ab-test-000908,1,0.04023803393619119,0,0.23291503581153375,available
ab-test-000909,0,0.015870887889768863,0,0.23291503581153375,available
ab-test-000910,0,0.032776498943301986,0,0.23291503581153375,available
ab-test-000911,0,0.04315564127158014,0,0.23291503581153375,available
ab-test-000912,0,0.014048380493592132,0,0.23291503581153375,available
ab-test-000913,0,0.08517283158085409,0,0.23291503581153375,available
ab-test-000914,0,0.32236103646057873,1,0.23291503581153375,available
ab-test-000915,0,0.06223855378511551,0,0.23291503581153375,available
ab-test-000916,0,0.10087590585443007,0,0.23291503581153375,available
ab-test-000917,0,0.03711202852123955,0,0.23291503581153375,available
ab-test-000918,0,0.04327618829237885,0,0.23291503581153375,available
ab-test-000919,1,0.025170276910717694,0,0.23291503581153375,available
ab-test-000920,0,0.03428412830067652,0,0.23291503581153375,available
ab-test-000921,0,0.08486316691659045,0,0.23291503581153375,available
ab-test-000922,1,0.7130015588393804,1,0.23291503581153375,available
ab-test-000923,0,0.009343755057257635,0,0.23291503581153375,available
ab-test-000924,0,0.0033129055002046113,0,0.23291503581153375,available
ab-test-000925,0,0.12136425999739793,0,0.23291503581153375,available
ab-test-000926,0,0.021193520534695285,0,0.23291503581153375,available
ab-test-000927,0,0.06819804475179315,0,0.23291503581153375,available
ab-test-000928,0,0.009256315227747136,0,0.23291503581153375,available
ab-test-000929,0,0.00422238007269401,0,0.23291503581153375,available
ab-test-000930,0,0.19228235891178658,0,0.23291503581153375,available
ab-test-000931,0,0.07424183289422888,0,0.23291503581153375,available
ab-test-000932,0,0.10234773487067912,0,0.23291503581153375,available
ab-test-000933,1,0.7677002132702418,1,0.23291503581153375,available
ab-test-000934,1,0.7074469431489219,1,0.23291503581153375,available
ab-test-000935,0,0.043277927063952476,0,0.23291503581153375,available
ab-test-000936,0,0.04156697951324163,0,0.23291503581153375,available
ab-test-000937,0,0.13182963507556,0,0.23291503581153375,available
ab-test-000938,0,0.018589448394886837,0,0.23291503581153375,available
ab-test-000939,0,0.08194132441241128,0,0.23291503581153375,available
ab-test-000940,0,0.023078077386682612,0,0.23291503581153375,available
ab-test-000941,0,0.03342994718763417,0,0.23291503581153375,available
ab-test-000942,0,0.24780072372360526,1,0.23291503581153375,available
ab-test-000943,0,0.4620066800904373,1,0.23291503581153375,available
ab-test-000944,0,0.07147447660726661,0,0.23291503581153375,available
ab-test-000945,1,0.5170662540377564,1,0.23291503581153375,available
ab-test-000946,0,0.014881418500145868,0,0.23291503581153375,available
ab-test-000947,0,0.6353267980862007,1,0.23291503581153375,available
ab-test-000948,0,0.0647966479040996,0,0.23291503581153375,available
ab-test-000949,0,0.04138697488287288,0,0.23291503581153375,available
ab-test-000950,0,0.08778989766435251,0,0.23291503581153375,available
ab-test-000951,0,0.06942600989264619,0,0.23291503581153375,available
ab-test-000952,0,0.07674794251889282,0,0.23291503581153375,available
ab-test-000953,0,0.10157598384679295,0,0.23291503581153375,available
ab-test-000954,0,0.007661582872643436,0,0.23291503581153375,available
ab-test-000955,0,0.017000915335369522,0,0.23291503581153375,available
ab-test-000956,0,0.6217390038087501,1,0.23291503581153375,available
ab-test-000957,0,0.04398965680090479,0,0.23291503581153375,available
ab-test-000958,0,0.03834234668036697,0,0.23291503581153375,available
ab-test-000959,0,0.02907478260321346,0,0.23291503581153375,available
ab-test-000960,0,0.08185016441458305,0,0.23291503581153375,available
ab-test-000961,0,0.09668163717952813,0,0.23291503581153375,available
ab-test-000962,0,0.025029466487119307,0,0.23291503581153375,available
ab-test-000963,0,0.06334556710703002,0,0.23291503581153375,available
ab-test-000964,0,0.07716745691852146,0,0.23291503581153375,available
ab-test-000965,0,0.1468214067385523,0,0.23291503581153375,available
ab-test-000966,0,0.08501756823958435,0,0.23291503581153375,available
ab-test-000967,0,0.009439948268459591,0,0.23291503581153375,available
ab-test-000968,0,0.024616703547623648,0,0.23291503581153375,available
ab-test-000969,0,0.019124207553346484,0,0.23291503581153375,available
ab-test-000970,1,0.08079199798275954,0,0.23291503581153375,available
ab-test-000971,0,0.01289866315186546,0,0.23291503581153375,available
ab-test-000972,0,0.014323638023288246,0,0.23291503581153375,available
ab-test-000973,0,0.04247634414959913,0,0.23291503581153375,available
ab-test-000974,0,0.031516817558087114,0,0.23291503581153375,available
ab-test-000975,0,0.042878911019925414,0,0.23291503581153375,available
ab-test-000976,0,0.45070956316002336,1,0.23291503581153375,available
ab-test-000977,0,0.044373729469256155,0,0.23291503581153375,available
ab-test-000978,0,0.34721895943043796,1,0.23291503581153375,available
ab-test-000979,0,0.01952414224909386,0,0.23291503581153375,available
ab-test-000980,0,0.0201323892303322,0,0.23291503581153375,available
ab-test-000981,1,0.1797281894640433,0,0.23291503581153375,available
ab-test-000982,0,0.03208673037118957,0,0.23291503581153375,available
ab-test-000983,0,0.04687732926820621,0,0.23291503581153375,available
ab-test-000984,0,0.01954227587943331,0,0.23291503581153375,available
ab-test-000985,0,0.030764377992584385,0,0.23291503581153375,available
ab-test-000986,0,0.37511397305115846,1,0.23291503581153375,available
ab-test-000987,0,0.05693143403008573,0,0.23291503581153375,available
ab-test-000988,0,0.03501827712118293,0,0.23291503581153375,available
ab-test-000989,0,0.022945512854869107,0,0.23291503581153375,available
ab-test-000990,0,0.11219006415852154,0,0.23291503581153375,available
ab-test-000991,0,0.2056979008196922,0,0.23291503581153375,available
ab-test-000992,0,0.04348651053077298,0,0.23291503581153375,available
ab-test-000993,0,0.23832021536159018,1,0.23291503581153375,available
ab-test-000994,0,0.07220231707759149,0,0.23291503581153375,available
ab-test-000995,0,0.10754782160269782,0,0.23291503581153375,available
ab-test-000996,0,0.0016618729760223441,0,0.23291503581153375,available
ab-test-000997,0,0.02911505103216374,0,0.23291503581153375,available
ab-test-000998,0,0.16994574400727966,0,0.23291503581153375,available
ab-test-000999,0,0.07941667282019692,0,0.23291503581153375,available
ab-test-001000,0,0.05038206522157591,0,0.23291503581153375,available
ab-test-001001,0,0.10664896075757402,0,0.23291503581153375,available
ab-test-001002,0,0.02124522869728338,0,0.23291503581153375,available
ab-test-001003,0,0.141760429196766,0,0.23291503581153375,available
ab-test-001004,1,0.09251112960504196,0,0.23291503581153375,available
ab-test-001005,0,0.032078222291165456,0,0.23291503581153375,available
ab-test-001006,0,0.023428020734500357,0,0.23291503581153375,available
ab-test-001007,0,0.02969040445241951,0,0.23291503581153375,available
ab-test-001008,0,0.07827173937301418,0,0.23291503581153375,available
ab-test-001009,0,0.3025200438155776,1,0.23291503581153375,available
ab-test-001010,0,0.0034985568002956677,0,0.23291503581153375,available
ab-test-001011,0,0.07715082585370335,0,0.23291503581153375,available
ab-test-001012,0,0.029608824622532746,0,0.23291503581153375,available
ab-test-001013,0,0.03797548814098788,0,0.23291503581153375,available
ab-test-001014,0,0.03422415271478538,0,0.23291503581153375,available
ab-test-001015,0,0.015892954578236484,0,0.23291503581153375,available
ab-test-001016,0,0.12387094714729657,0,0.23291503581153375,available
ab-test-001017,0,0.015517318841966582,0,0.23291503581153375,available
ab-test-001018,0,0.05010083273498613,0,0.23291503581153375,available
ab-test-001019,0,0.009452707583648265,0,0.23291503581153375,available
ab-test-001020,0,0.018998312262364297,0,0.23291503581153375,available
ab-test-001021,0,0.021768320834241604,0,0.23291503581153375,available
ab-test-001022,1,0.8012216320226894,1,0.23291503581153375,available
ab-test-001023,0,0.016413836105439065,0,0.23291503581153375,available
ab-test-001024,0,0.10228000480754242,0,0.23291503581153375,available
ab-test-001025,0,0.024805763200895423,0,0.23291503581153375,available
ab-test-001026,0,0.24207911502911367,1,0.23291503581153375,available
ab-test-001027,0,0.2252997930812175,0,0.23291503581153375,available
ab-test-001028,0,0.016641541735597204,0,0.23291503581153375,available
ab-test-001029,0,0.1072545435094492,0,0.23291503581153375,available
ab-test-001030,0,0.07350495426679374,0,0.23291503581153375,available
ab-test-001031,1,0.725679129029897,1,0.23291503581153375,available
ab-test-001032,0,0.10497553633710369,0,0.23291503581153375,available
ab-test-001033,0,0.04954098894447321,0,0.23291503581153375,available
ab-test-001034,0,0.03222780061423421,0,0.23291503581153375,available
ab-test-001035,0,0.33375031475261707,1,0.23291503581153375,available
ab-test-001036,1,0.43674462393296093,1,0.23291503581153375,available
ab-test-001037,0,0.2705967535143314,1,0.23291503581153375,available
ab-test-001038,0,0.03801197108361383,0,0.23291503581153375,available
ab-test-001039,0,0.011607800962478529,0,0.23291503581153375,available
ab-test-001040,0,0.2201159181904373,0,0.23291503581153375,available
ab-test-001041,0,0.00886491333561136,0,0.23291503581153375,available
ab-test-001042,0,0.049003573933058896,0,0.23291503581153375,available
ab-test-001043,0,0.01830356344522518,0,0.23291503581153375,available
ab-test-001044,0,0.48143585597966104,1,0.23291503581153375,available
ab-test-001045,0,0.08505976217257157,0,0.23291503581153375,available
ab-test-001046,0,0.05843403168745685,0,0.23291503581153375,available
ab-test-001047,0,0.07200778056037992,0,0.23291503581153375,available
ab-test-001048,0,0.023980818101191362,0,0.23291503581153375,available
ab-test-001049,0,0.004067188423687255,0,0.23291503581153375,available
ab-test-001050,0,0.10353927890224725,0,0.23291503581153375,available
ab-test-001051,0,0.16701144970557186,0,0.23291503581153375,available
ab-test-001052,0,0.06866526707465301,0,0.23291503581153375,available
ab-test-001053,0,0.09844079556686565,0,0.23291503581153375,available
ab-test-001054,0,0.014611113014119758,0,0.23291503581153375,available
ab-test-001055,0,0.010364111122220772,0,0.23291503581153375,available
ab-test-001056,0,0.02148296901612601,0,0.23291503581153375,available
ab-test-001057,0,0.028779473920083013,0,0.23291503581153375,available
ab-test-001058,0,0.008686078638397267,0,0.23291503581153375,available
ab-test-001059,0,0.02146715307293035,0,0.23291503581153375,available
ab-test-001060,0,0.16986245097775254,0,0.23291503581153375,available
ab-test-001061,0,0.09074971360488562,0,0.23291503581153375,available
ab-test-001062,0,0.01811966297034121,0,0.23291503581153375,available
ab-test-001063,0,0.056304932603227754,0,0.23291503581153375,available
ab-test-001064,0,0.10585894534866995,0,0.23291503581153375,available
ab-test-001065,0,0.009645181809305476,0,0.23291503581153375,available
ab-test-001066,0,0.017844058956266017,0,0.23291503581153375,available
ab-test-001067,0,0.3795401171845503,1,0.23291503581153375,available
ab-test-001068,0,0.12244047956656887,0,0.23291503581153375,available
ab-test-001069,0,0.02645119752009928,0,0.23291503581153375,available
ab-test-001070,0,0.04214478800684407,0,0.23291503581153375,available
ab-test-001071,0,0.09952678335467557,0,0.23291503581153375,available
ab-test-001072,0,0.27410380785882915,1,0.23291503581153375,available
ab-test-001073,0,0.05176495598253187,0,0.23291503581153375,available
ab-test-001074,0,0.03446087620871331,0,0.23291503581153375,available
ab-test-001075,0,0.08312080824794403,0,0.23291503581153375,available
ab-test-001076,0,0.05590066191054383,0,0.23291503581153375,available
ab-test-001077,0,0.1195742461455573,0,0.23291503581153375,available
ab-test-001078,0,0.008105911889088968,0,0.23291503581153375,available
ab-test-001079,0,0.16993204159699146,0,0.23291503581153375,available
ab-test-001080,0,0.08118404941513756,0,0.23291503581153375,available
ab-test-001081,1,0.2835089603298693,1,0.23291503581153375,available
ab-test-001082,0,0.02596945810146128,0,0.23291503581153375,available
ab-test-001083,0,0.020293179949309906,0,0.23291503581153375,available
ab-test-001084,0,0.012659677293826688,0,0.23291503581153375,available
ab-test-001085,0,0.04790138600812557,0,0.23291503581153375,available
ab-test-001086,0,0.005674566205245872,0,0.23291503581153375,available
ab-test-001087,0,0.07070348412158958,0,0.23291503581153375,available
ab-test-001088,0,0.06473375823886157,0,0.23291503581153375,available
ab-test-001089,0,0.019538377770115856,0,0.23291503581153375,available
ab-test-001090,0,0.052575259669534795,0,0.23291503581153375,available
ab-test-001091,0,0.05558757760118844,0,0.23291503581153375,available
ab-test-001092,0,0.07807246186355354,0,0.23291503581153375,available
ab-test-001093,0,0.02245630417586498,0,0.23291503581153375,available
ab-test-001094,0,0.1447968695105638,0,0.23291503581153375,available
ab-test-001095,0,0.06671260549378541,0,0.23291503581153375,available
ab-test-001096,0,0.0331552676811193,0,0.23291503581153375,available
ab-test-001097,0,0.012395538307934616,0,0.23291503581153375,available
ab-test-001098,0,0.1012196539548642,0,0.23291503581153375,available
ab-test-001099,0,0.010436559284061652,0,0.23291503581153375,available
ab-test-001100,1,0.044839189063028924,0,0.23291503581153375,available
ab-test-001101,0,0.0854026326743179,0,0.23291503581153375,available
ab-test-001102,0,0.0630033204062251,0,0.23291503581153375,available
ab-test-001103,1,0.835113201355995,1,0.23291503581153375,available
ab-test-001104,1,0.055431319921660414,0,0.23291503581153375,available
ab-test-001105,0,0.030658501791176268,0,0.23291503581153375,available
ab-test-001106,0,0.07948864224649706,0,0.23291503581153375,available
ab-test-001107,1,0.06119626332927293,0,0.23291503581153375,available
ab-test-001108,0,0.07910906043681012,0,0.23291503581153375,available
ab-test-001109,0,0.023507638719354587,0,0.23291503581153375,available
ab-test-001110,0,0.23383926831119856,1,0.23291503581153375,available
ab-test-001111,0,0.013941094207672748,0,0.23291503581153375,available
ab-test-001112,0,0.0635014831103594,0,0.23291503581153375,available
ab-test-001113,0,0.024458245279660402,0,0.23291503581153375,available
ab-test-001114,0,0.23938108411053818,1,0.23291503581153375,available
ab-test-001115,0,0.0241015548747378,0,0.23291503581153375,available
ab-test-001116,0,0.38087497487096805,1,0.23291503581153375,available
ab-test-001117,1,0.3975292493186588,1,0.23291503581153375,available
ab-test-001118,0,0.022568681137446252,0,0.23291503581153375,available
ab-test-001119,0,0.24702537453926468,1,0.23291503581153375,available
ab-test-001120,0,0.12136047701066957,0,0.23291503581153375,available
ab-test-001121,0,0.01245796750455632,0,0.23291503581153375,available
ab-test-001122,1,0.6033544624244945,1,0.23291503581153375,available
ab-test-001123,0,0.032020588248676776,0,0.23291503581153375,available
ab-test-001124,0,0.010960250101085051,0,0.23291503581153375,available
ab-test-001125,0,0.004250216897999283,0,0.23291503581153375,available
ab-test-001126,0,0.06920493530431052,0,0.23291503581153375,available
ab-test-001127,0,0.11787757613338028,0,0.23291503581153375,available
ab-test-001128,0,0.12388252372189525,0,0.23291503581153375,available
ab-test-001129,0,0.04091741658986881,0,0.23291503581153375,available
ab-test-001130,0,0.092861665497089,0,0.23291503581153375,available
ab-test-001131,1,0.7769634534655158,1,0.23291503581153375,available
ab-test-001132,0,0.008579274138224657,0,0.23291503581153375,available
ab-test-001133,0,0.019235704318138664,0,0.23291503581153375,available
ab-test-001134,0,0.04439003800619639,0,0.23291503581153375,available
ab-test-001135,0,0.2053591746720768,0,0.23291503581153375,available
ab-test-001136,0,0.10111221976213453,0,0.23291503581153375,available
ab-test-001137,0,0.011273863764130995,0,0.23291503581153375,available
ab-test-001138,0,0.1050105079795295,0,0.23291503581153375,available
ab-test-001139,0,0.05668194931601441,0,0.23291503581153375,available
ab-test-001140,0,0.11423447406119475,0,0.23291503581153375,available
ab-test-001141,0,0.0355725113007488,0,0.23291503581153375,available
ab-test-001142,0,0.12235801764946107,0,0.23291503581153375,available
ab-test-001143,1,0.07435265340199856,0,0.23291503581153375,available
ab-test-001144,0,0.02306218487909673,0,0.23291503581153375,available
ab-test-001145,0,0.03328413169112023,0,0.23291503581153375,available
ab-test-001146,0,0.11141217778054457,0,0.23291503581153375,available
ab-test-001147,0,0.05654949576431337,0,0.23291503581153375,available
ab-test-001148,1,0.8848628022377906,1,0.23291503581153375,available
ab-test-001149,0,0.026039648264738834,0,0.23291503581153375,available
ab-test-001150,0,0.061409587252462886,0,0.23291503581153375,available
ab-test-001151,0,0.007744400170584913,0,0.23291503581153375,available
ab-test-001152,0,0.15089709079178673,0,0.23291503581153375,available
ab-test-001153,0,0.07128990508255588,0,0.23291503581153375,available
ab-test-001154,0,0.6740504628810633,1,0.23291503581153375,available
ab-test-001155,0,0.02622313043778443,0,0.23291503581153375,available
ab-test-001156,1,0.18642465816455706,0,0.23291503581153375,available
ab-test-001157,0,0.02876606527191637,0,0.23291503581153375,available
ab-test-001158,0,0.015741320830873113,0,0.23291503581153375,available
ab-test-001159,0,0.1193118257665585,0,0.23291503581153375,available
ab-test-001160,0,0.011736186246776277,0,0.23291503581153375,available
ab-test-001161,0,0.16011195568598607,0,0.23291503581153375,available
ab-test-001162,0,0.03459466870961006,0,0.23291503581153375,available
ab-test-001163,0,0.6816665249344721,1,0.23291503581153375,available
ab-test-001164,0,0.13719833556152441,0,0.23291503581153375,available
ab-test-001165,0,0.16226411949038302,0,0.23291503581153375,available
ab-test-001166,0,0.07951547443548902,0,0.23291503581153375,available
ab-test-001167,0,0.019685395873639988,0,0.23291503581153375,available
ab-test-001168,0,0.00031000585074293397,0,0.23291503581153375,available
ab-test-001169,0,0.11791332820894984,0,0.23291503581153375,available
ab-test-001170,0,0.23940587554845444,1,0.23291503581153375,available
ab-test-001171,1,0.04643337353595682,0,0.23291503581153375,available
ab-test-001172,1,0.4334504974287164,1,0.23291503581153375,available
ab-test-001173,0,0.015449252282777189,0,0.23291503581153375,available
ab-test-001174,1,0.1682964308294237,0,0.23291503581153375,available
ab-test-001175,0,0.01600864378854939,0,0.23291503581153375,available
ab-test-001176,0,0.04254545933541022,0,0.23291503581153375,available
ab-test-001177,0,0.03411132990723079,0,0.23291503581153375,available
ab-test-001178,0,0.19871913946160993,0,0.23291503581153375,available
ab-test-001179,0,0.05760091650555681,0,0.23291503581153375,available
ab-test-001180,0,0.22862906752749354,0,0.23291503581153375,available
ab-test-001181,0,0.009948450192565728,0,0.23291503581153375,available
ab-test-001182,0,0.2993441860666994,1,0.23291503581153375,available
ab-test-001183,0,0.07737553634165305,0,0.23291503581153375,available
ab-test-001184,0,0.05136899267590603,0,0.23291503581153375,available
ab-test-001185,0,0.030910459775145196,0,0.23291503581153375,available
ab-test-001186,0,0.045253603639141514,0,0.23291503581153375,available
ab-test-001187,0,0.023938574398598263,0,0.23291503581153375,available
ab-test-001188,0,0.020239453575022843,0,0.23291503581153375,available
ab-test-001189,0,0.03927153474913653,0,0.23291503581153375,available
ab-test-001190,0,0.08922637749939669,0,0.23291503581153375,available
ab-test-001191,0,0.02266939190763858,0,0.23291503581153375,available
ab-test-001192,0,0.003307190872198522,0,0.23291503581153375,available
ab-test-001193,0,0.019700974429910808,0,0.23291503581153375,available
ab-test-001194,0,0.007445084318584485,0,0.23291503581153375,available
ab-test-001195,0,0.001882417796948979,0,0.23291503581153375,available
ab-test-001196,0,0.07859203725800097,0,0.23291503581153375,available
ab-test-001197,0,0.06073508643467493,0,0.23291503581153375,available
ab-test-001198,0,0.009511307094525441,0,0.23291503581153375,available
ab-test-001199,0,0.028229899626770652,0,0.23291503581153375,available
ab-test-001200,0,0.016803862900638962,0,0.23291503581153375,available
ab-test-001201,1,0.23837624743934052,1,0.23291503581153375,available
ab-test-001202,0,0.049940729596105606,0,0.23291503581153375,available
ab-test-001203,0,0.04575968272384165,0,0.23291503581153375,available
ab-test-001204,0,0.04046535406535844,0,0.23291503581153375,available
ab-test-001205,0,0.08997431443072412,0,0.23291503581153375,available
ab-test-001206,0,0.042217904061312025,0,0.23291503581153375,available
ab-test-001207,1,0.22578839726972563,0,0.23291503581153375,available
ab-test-001208,0,0.015004899696767725,0,0.23291503581153375,available
ab-test-001209,1,0.738251040656722,1,0.23291503581153375,available
ab-test-001210,0,0.03781826169176295,0,0.23291503581153375,available
ab-test-001211,0,0.022154608128429204,0,0.23291503581153375,available
ab-test-001212,0,0.040888376244804917,0,0.23291503581153375,available
ab-test-001213,0,0.10669653038504583,0,0.23291503581153375,available
ab-test-001214,0,0.017343900536495455,0,0.23291503581153375,available
ab-test-001215,0,0.0707060149617462,0,0.23291503581153375,available
ab-test-001216,0,0.11335819855895213,0,0.23291503581153375,available
ab-test-001217,0,0.005938778502084789,0,0.23291503581153375,available
ab-test-001218,0,0.17646190754567542,0,0.23291503581153375,available
ab-test-001219,0,0.5088453453761922,1,0.23291503581153375,available
ab-test-001220,0,0.2853505274029502,1,0.23291503581153375,available
ab-test-001221,0,0.11306521199999042,0,0.23291503581153375,available
ab-test-001222,0,0.1780681617385262,0,0.23291503581153375,available
ab-test-001223,0,0.004552114456232919,0,0.23291503581153375,available
ab-test-001224,0,0.011348701541101304,0,0.23291503581153375,available
ab-test-001225,0,0.3274859180582209,1,0.23291503581153375,available
ab-test-001226,0,0.016240006479362332,0,0.23291503581153375,available
ab-test-001227,0,0.009754077700763378,0,0.23291503581153375,available
ab-test-001228,1,0.10998887485956652,0,0.23291503581153375,available
ab-test-001229,0,0.02776741835638778,0,0.23291503581153375,available
ab-test-001230,0,0.012715044433631254,0,0.23291503581153375,available
ab-test-001231,0,0.09283601317582627,0,0.23291503581153375,available
ab-test-001232,0,0.02488969124303022,0,0.23291503581153375,available
ab-test-001233,0,0.8429937892585434,1,0.23291503581153375,available
ab-test-001234,0,0.0668735508547621,0,0.23291503581153375,available
ab-test-001235,0,0.011643300959263019,0,0.23291503581153375,available
ab-test-001236,0,0.018101796312460304,0,0.23291503581153375,available
ab-test-001237,0,0.007282864615332709,0,0.23291503581153375,available
ab-test-001238,0,0.017904730295423613,0,0.23291503581153375,available
ab-test-001239,0,0.07331194989609754,0,0.23291503581153375,available
ab-test-001240,0,0.17011594323690346,0,0.23291503581153375,available
ab-test-001241,0,0.06878074099475415,0,0.23291503581153375,available
ab-test-001242,0,9.32898266500619e-06,0,0.23291503581153375,available
ab-test-001243,0,0.21123526926698044,0,0.23291503581153375,available
ab-test-001244,0,0.007919474352927508,0,0.23291503581153375,available
ab-test-001245,0,0.05882517107086165,0,0.23291503581153375,available
ab-test-001246,0,0.00831556869954767,0,0.23291503581153375,available
ab-test-001247,0,0.8528459791926004,1,0.23291503581153375,available
ab-test-001248,0,0.16423745825370786,0,0.23291503581153375,available
ab-test-001249,1,0.9247628395783889,1,0.23291503581153375,available
ab-test-001250,0,0.014355728593723268,0,0.23291503581153375,available
ab-test-001251,0,0.23386435219955914,1,0.23291503581153375,available
ab-test-001252,0,0.019544050509402184,0,0.23291503581153375,available
ab-test-001253,0,0.18275911405637757,0,0.23291503581153375,available
ab-test-001254,0,0.014388227329842646,0,0.23291503581153375,available
ab-test-001255,0,0.009395894505588283,0,0.23291503581153375,available
ab-test-001256,0,0.04181007061725862,0,0.23291503581153375,available
ab-test-001257,0,0.049067856905083536,0,0.23291503581153375,available
ab-test-001258,0,0.010715743004092868,0,0.23291503581153375,available
ab-test-001259,0,0.0182944943768628,0,0.23291503581153375,available
ab-test-001260,0,0.004225908927666839,0,0.23291503581153375,available
ab-test-001261,1,0.08750223059210911,0,0.23291503581153375,available
ab-test-001262,0,0.013909160897627832,0,0.23291503581153375,available
ab-test-001263,0,0.09558064600466698,0,0.23291503581153375,available
ab-test-001264,0,0.03201392710349366,0,0.23291503581153375,available
ab-test-001265,0,0.053779636234834366,0,0.23291503581153375,available
ab-test-001266,0,0.09875464282135653,0,0.23291503581153375,available
ab-test-001267,1,0.34214509667328924,1,0.23291503581153375,available
ab-test-001268,0,0.007683933163262739,0,0.23291503581153375,available
ab-test-001269,0,0.04875332695950086,0,0.23291503581153375,available
ab-test-001270,1,0.11771101513825338,0,0.23291503581153375,available
ab-test-001271,0,0.020531351857661452,0,0.23291503581153375,available
ab-test-001272,1,0.9648047569722794,1,0.23291503581153375,available
ab-test-001273,0,0.011312082074350404,0,0.23291503581153375,available
ab-test-001274,0,0.6294672859464064,1,0.23291503581153375,available
ab-test-001275,0,0.019764028251959827,0,0.23291503581153375,available
ab-test-001276,0,0.1226815296075358,0,0.23291503581153375,available
ab-test-001277,0,0.017666442955026312,0,0.23291503581153375,available
ab-test-001278,0,0.018734048516406455,0,0.23291503581153375,available
ab-test-001279,0,0.05349677245976057,0,0.23291503581153375,available
ab-test-001280,0,0.003976967177901124,0,0.23291503581153375,available
ab-test-001281,0,0.018764093273039524,0,0.23291503581153375,available
ab-test-001282,0,0.02448394619188367,0,0.23291503581153375,available
ab-test-001283,0,0.02104951667375041,0,0.23291503581153375,available
ab-test-001284,0,0.08216658841495478,0,0.23291503581153375,available
ab-test-001285,0,0.04246523496473895,0,0.23291503581153375,available
ab-test-001286,0,0.28249423600976226,1,0.23291503581153375,available
ab-test-001287,0,0.022972506770101334,0,0.23291503581153375,available
ab-test-001288,0,0.3183767856422884,1,0.23291503581153375,available
ab-test-001289,1,0.8708078046860744,1,0.23291503581153375,available
ab-test-001290,0,0.05662139914128151,0,0.23291503581153375,available
ab-test-001291,0,0.008702308763547958,0,0.23291503581153375,available
ab-test-001292,0,0.0518286908953472,0,0.23291503581153375,available
ab-test-001293,1,0.3049554955191959,1,0.23291503581153375,available
ab-test-001294,0,0.07777388636144215,0,0.23291503581153375,available
ab-test-001295,0,0.10858074450457837,0,0.23291503581153375,available
ab-test-001296,0,0.16642972992433155,0,0.23291503581153375,available
ab-test-001297,0,0.008070229935683489,0,0.23291503581153375,available
ab-test-001298,0,0.06221604957397018,0,0.23291503581153375,available
ab-test-001299,0,0.09579769533553877,0,0.23291503581153375,available
ab-test-001300,0,0.024594196670251027,0,0.23291503581153375,available
ab-test-001301,0,0.8365498766735717,1,0.23291503581153375,available
ab-test-001302,0,0.07334468105500314,0,0.23291503581153375,available
ab-test-001303,0,0.04199141266146175,0,0.23291503581153375,available
ab-test-001304,0,0.02000719976006091,0,0.23291503581153375,available
ab-test-001305,0,0.30896035823733303,1,0.23291503581153375,available
ab-test-001306,0,0.018157068914998332,0,0.23291503581153375,available
ab-test-001307,0,0.0033109499907011584,0,0.23291503581153375,available
ab-test-001308,0,0.012734520388731008,0,0.23291503581153375,available
ab-test-001309,0,0.0316081565577481,0,0.23291503581153375,available
ab-test-001310,0,0.010980268478434472,0,0.23291503581153375,available
ab-test-001311,0,0.13791159712868908,0,0.23291503581153375,available
ab-test-001312,0,0.03235090077391002,0,0.23291503581153375,available
ab-test-001313,0,0.5458065847385292,1,0.23291503581153375,available
ab-test-001314,0,0.7866234358836117,1,0.23291503581153375,available
ab-test-001315,0,0.6338229373502492,1,0.23291503581153375,available
ab-test-001316,0,0.007416102714133763,0,0.23291503581153375,available
ab-test-001317,0,0.02054620405178971,0,0.23291503581153375,available
ab-test-001318,0,0.08393726972063906,0,0.23291503581153375,available
ab-test-001319,0,0.011707903729255597,0,0.23291503581153375,available
ab-test-001320,1,0.267058956806891,1,0.23291503581153375,available
ab-test-001321,0,0.013029728267221374,0,0.23291503581153375,available
ab-test-001322,0,0.024663058859911657,0,0.23291503581153375,available
ab-test-001323,0,0.5999390784861841,1,0.23291503581153375,available
ab-test-001324,1,0.4441967955936085,1,0.23291503581153375,available
ab-test-001325,0,0.026472896235267177,0,0.23291503581153375,available
ab-test-001326,0,0.017810656527962262,0,0.23291503581153375,available
ab-test-001327,0,0.023938574398598263,0,0.23291503581153375,available
ab-test-001328,0,0.05796181434178758,0,0.23291503581153375,available
ab-test-001329,0,0.04790635991578982,0,0.23291503581153375,available
ab-test-001330,0,0.009981876826198995,0,0.23291503581153375,available
ab-test-001331,0,0.30538597035859066,1,0.23291503581153375,available
ab-test-001332,1,0.1799340495086307,0,0.23291503581153375,available
ab-test-001333,0,0.04245532031657089,0,0.23291503581153375,available
ab-test-001334,0,0.07348341361776278,0,0.23291503581153375,available
ab-test-001335,0,0.6502158799163439,1,0.23291503581153375,available
ab-test-001336,0,0.13482061887343252,0,0.23291503581153375,available
ab-test-001337,0,0.006695785135882288,0,0.23291503581153375,available
ab-test-001338,0,0.05584683477200684,0,0.23291503581153375,available
ab-test-001339,0,0.048275447808777364,0,0.23291503581153375,available
ab-test-001340,0,0.042272231753088314,0,0.23291503581153375,available
ab-test-001341,1,0.4252053976189814,1,0.23291503581153375,available
ab-test-001342,0,0.021279062556955403,0,0.23291503581153375,available
ab-test-001343,0,0.026394876688821043,0,0.23291503581153375,available
ab-test-001344,0,0.007415312782806309,0,0.23291503581153375,available
ab-test-001345,0,0.023223294274489433,0,0.23291503581153375,available
ab-test-001346,0,0.06866141068690108,0,0.23291503581153375,available
ab-test-001347,0,0.021169931168821,0,0.23291503581153375,available
ab-test-001348,0,0.03694059065082063,0,0.23291503581153375,available
ab-test-001349,0,0.01057131537319153,0,0.23291503581153375,available
ab-test-001350,0,0.007951711062717547,0,0.23291503581153375,available
ab-test-001351,0,0.023511631587670705,0,0.23291503581153375,available
ab-test-001352,0,0.05697128877236942,0,0.23291503581153375,available
ab-test-001353,0,0.08986592051278144,0,0.23291503581153375,available
ab-test-001354,0,0.0038635572466841728,0,0.23291503581153375,available
ab-test-001355,0,0.10306389918206939,0,0.23291503581153375,available
ab-test-001356,0,0.010991390034989902,0,0.23291503581153375,available
ab-test-001357,0,0.038900139490484466,0,0.23291503581153375,available
ab-test-001358,0,0.026540154847610523,0,0.23291503581153375,available
ab-test-001359,0,0.016737713713578004,0,0.23291503581153375,available
ab-test-001360,0,0.011471578309180702,0,0.23291503581153375,available
ab-test-001361,0,0.013486266463561875,0,0.23291503581153375,available
ab-test-001362,0,0.036052705306218125,0,0.23291503581153375,available
ab-test-001363,0,0.8209293745840686,1,0.23291503581153375,available
ab-test-001364,0,0.021255161456074322,0,0.23291503581153375,available
ab-test-001365,0,0.05798817406854028,0,0.23291503581153375,available
ab-test-001366,0,0.2656490622749516,1,0.23291503581153375,available
ab-test-001367,0,0.09700923596834542,0,0.23291503581153375,available
ab-test-001368,0,0.03216802135491934,0,0.23291503581153375,available
ab-test-001369,0,0.11356371275423366,0,0.23291503581153375,available
ab-test-001370,0,0.06993601352205933,0,0.23291503581153375,available
ab-test-001371,0,0.021593061971649317,0,0.23291503581153375,available
ab-test-001372,0,0.04882395745300048,0,0.23291503581153375,available
ab-test-001373,0,0.014378474267730403,0,0.23291503581153375,available
ab-test-001374,0,0.03941569740641162,0,0.23291503581153375,available
ab-test-001375,0,0.025363823704234244,0,0.23291503581153375,available
ab-test-001376,0,0.5237387988471306,1,0.23291503581153375,available
ab-test-001377,0,0.03696746316488539,0,0.23291503581153375,available
ab-test-001378,0,0.13981002729912165,0,0.23291503581153375,available
ab-test-001379,0,0.021956267134666557,0,0.23291503581153375,available
ab-test-001380,0,0.04712942694584617,0,0.23291503581153375,available
ab-test-001381,0,0.05091376389701723,0,0.23291503581153375,available
ab-test-001382,0,0.005935523083903445,0,0.23291503581153375,available
ab-test-001383,0,0.11620477502374742,0,0.23291503581153375,available
ab-test-001384,0,0.009930920272915872,0,0.23291503581153375,available
ab-test-001385,0,0.03629491044768414,0,0.23291503581153375,available
ab-test-001386,0,0.03353111489159796,0,0.23291503581153375,available
ab-test-001387,0,0.09265115680476883,0,0.23291503581153375,available
ab-test-001388,0,0.006025806269793776,0,0.23291503581153375,available
ab-test-001389,0,0.10379667614927941,0,0.23291503581153375,available
ab-test-001390,0,0.038015290443934265,0,0.23291503581153375,available
ab-test-001391,0,0.013486381304742312,0,0.23291503581153375,available
ab-test-001392,0,0.4947503510161844,1,0.23291503581153375,available
ab-test-001393,0,0.03085342246774115,0,0.23291503581153375,available
ab-test-001394,1,0.5516244294786028,1,0.23291503581153375,available
ab-test-001395,0,0.01634287570874497,0,0.23291503581153375,available
ab-test-001396,0,0.02313753970521192,0,0.23291503581153375,available
ab-test-001397,0,0.24435444462093572,1,0.23291503581153375,available
ab-test-001398,0,0.2437990849880324,1,0.23291503581153375,available
ab-test-001399,0,0.023529679970779312,0,0.23291503581153375,available
ab-test-001400,0,0.09893377810406823,0,0.23291503581153375,available
ab-test-001401,1,0.4669275613919581,1,0.23291503581153375,available
ab-test-001402,0,0.03323897179580212,0,0.23291503581153375,available
ab-test-001403,0,0.04793501636713295,0,0.23291503581153375,available
ab-test-001404,0,0.030542050077740433,0,0.23291503581153375,available
ab-test-001405,0,0.007217164169255327,0,0.23291503581153375,available
ab-test-001406,0,0.2937963000228798,1,0.23291503581153375,available
ab-test-001407,0,0.029207333251400132,0,0.23291503581153375,available
ab-test-001408,0,0.018716630203107747,0,0.23291503581153375,available
ab-test-001409,0,0.019387010864188054,0,0.23291503581153375,available
ab-test-001410,0,0.05776257043072412,0,0.23291503581153375,available
ab-test-001411,0,0.13076400226991627,0,0.23291503581153375,available
ab-test-001412,0,0.048520897574818214,0,0.23291503581153375,available
ab-test-001413,0,0.019896091593725553,0,0.23291503581153375,available
ab-test-001414,0,0.018249221344366833,0,0.23291503581153375,available
ab-test-001415,0,0.030116046173768198,0,0.23291503581153375,available
ab-test-001416,0,0.07878974605637862,0,0.23291503581153375,available
ab-test-001417,0,0.007558579054353249,0,0.23291503581153375,available
ab-test-001418,1,0.08300798351537798,0,0.23291503581153375,available
ab-test-001419,0,0.018735269159660506,0,0.23291503581153375,available
ab-test-001420,0,0.03488250999035199,0,0.23291503581153375,available
ab-test-001421,0,0.014811735438061866,0,0.23291503581153375,available
ab-test-001422,0,0.02838597605737849,0,0.23291503581153375,available
ab-test-001423,0,0.019847085650691217,0,0.23291503581153375,available
ab-test-001424,0,0.06364784582969858,0,0.23291503581153375,available
ab-test-001425,0,0.07788964172199773,0,0.23291503581153375,available
ab-test-001426,1,0.16372930681448766,0,0.23291503581153375,available
ab-test-001427,0,0.16725175166449152,0,0.23291503581153375,available
ab-test-001428,0,0.2062249120568231,0,0.23291503581153375,available
ab-test-001429,0,0.01058050529288395,0,0.23291503581153375,available
ab-test-001430,0,0.04397095629174735,0,0.23291503581153375,available
ab-test-001431,0,0.02551677997707399,0,0.23291503581153375,available
ab-test-001432,0,0.0191961789895704,0,0.23291503581153375,available
ab-test-001433,0,0.026609231387841825,0,0.23291503581153375,available
ab-test-001434,1,0.12308036825264296,0,0.23291503581153375,available
ab-test-001435,0,0.052440547335505044,0,0.23291503581153375,available
ab-test-001436,0,0.015322816569127987,0,0.23291503581153375,available
ab-test-001437,0,0.014496441830087463,0,0.23291503581153375,available
ab-test-001438,0,0.143492322454219,0,0.23291503581153375,available
ab-test-001439,0,0.010270820315162785,0,0.23291503581153375,available
ab-test-001440,0,0.03381461795742922,0,0.23291503581153375,available
ab-test-001441,0,0.07465892019813233,0,0.23291503581153375,available
ab-test-001442,0,0.03446385234443774,0,0.23291503581153375,available
ab-test-001443,0,0.1661324750567213,0,0.23291503581153375,available
ab-test-001444,0,0.02029774462528265,0,0.23291503581153375,available
ab-test-001445,0,0.030129749999668786,0,0.23291503581153375,available
ab-test-001446,0,0.07343984558431968,0,0.23291503581153375,available
ab-test-001447,0,0.042427887492035146,0,0.23291503581153375,available
ab-test-001448,0,0.01252065999956776,0,0.23291503581153375,available
ab-test-001449,0,0.051762694031442284,0,0.23291503581153375,available
ab-test-001450,0,0.00838939309331146,0,0.23291503581153375,available
ab-test-001451,1,0.8876975673799407,1,0.23291503581153375,available
ab-test-001452,0,0.012233811469269383,0,0.23291503581153375,available
ab-test-001453,1,0.7552382102352978,1,0.23291503581153375,available
ab-test-001454,0,0.09680783605948169,0,0.23291503581153375,available
ab-test-001455,0,0.017128157580975814,0,0.23291503581153375,available
ab-test-001456,0,0.01388596643449646,0,0.23291503581153375,available
ab-test-001457,0,0.016508660878820962,0,0.23291503581153375,available
ab-test-001458,0,0.07789809314245831,0,0.23291503581153375,available
ab-test-001459,1,0.29248368918379686,1,0.23291503581153375,available
ab-test-001460,0,0.3259517467607578,1,0.23291503581153375,available
ab-test-001461,0,0.0280960686303148,0,0.23291503581153375,available
ab-test-001462,0,0.033880397773301305,0,0.23291503581153375,available
ab-test-001463,0,0.03121476287902788,0,0.23291503581153375,available
ab-test-001464,0,0.007301620352812566,0,0.23291503581153375,available
ab-test-001465,0,0.21106439235024416,0,0.23291503581153375,available
ab-test-001466,0,0.6146772301691783,1,0.23291503581153375,available
ab-test-001467,0,0.0702505605682838,0,0.23291503581153375,available
ab-test-001468,1,0.07248397966571964,0,0.23291503581153375,available
ab-test-001469,1,0.10160565495959786,0,0.23291503581153375,available
ab-test-001470,0,0.034418028119711536,0,0.23291503581153375,available
ab-test-001471,1,0.9064339181106783,1,0.23291503581153375,available
ab-test-001472,0,0.009639754494176984,0,0.23291503581153375,available
ab-test-001473,0,0.017261344971237626,0,0.23291503581153375,available
ab-test-001474,0,0.0517847328460176,0,0.23291503581153375,available
ab-test-001475,0,0.2980021617583376,1,0.23291503581153375,available
ab-test-001476,0,0.03248982334122937,0,0.23291503581153375,available
ab-test-001477,0,0.05665071629654805,0,0.23291503581153375,available
ab-test-001478,0,0.02930442945086717,0,0.23291503581153375,available
ab-test-001479,0,0.026479086818283617,0,0.23291503581153375,available
ab-test-001480,0,0.03708323161640675,0,0.23291503581153375,available
ab-test-001481,0,0.0823689289797641,0,0.23291503581153375,available
ab-test-001482,0,0.07587317908521271,0,0.23291503581153375,available
ab-test-001483,0,0.05593404770506307,0,0.23291503581153375,available
ab-test-001484,0,0.014672622770295657,0,0.23291503581153375,available
ab-test-001485,0,0.02119314990835835,0,0.23291503581153375,available
ab-test-001486,0,0.03213530624239477,0,0.23291503581153375,available
ab-test-001487,0,0.682329874524401,1,0.23291503581153375,available
ab-test-001488,0,0.05375751988957737,0,0.23291503581153375,available
ab-test-001489,0,0.052651075441534224,0,0.23291503581153375,available
ab-test-001490,1,0.8916353943024361,1,0.23291503581153375,available
ab-test-001491,0,0.04250939993678789,0,0.23291503581153375,available
ab-test-001492,1,0.03724328507337349,0,0.23291503581153375,available
ab-test-001493,0,0.014009498735608828,0,0.23291503581153375,available
ab-test-001494,0,0.021465900470369035,0,0.23291503581153375,available
ab-test-001495,0,0.10140643233204288,0,0.23291503581153375,available
ab-test-001496,1,0.6139887593955338,1,0.23291503581153375,available
ab-test-001497,0,0.018848955400323733,0,0.23291503581153375,available
ab-test-001498,0,0.10022921418961592,0,0.23291503581153375,available
ab-test-001499,0,0.09762034739677919,0,0.23291503581153375,available
ab-test-001500,0,0.028936149667776932,0,0.23291503581153375,available
ab-test-001501,0,0.026280379783593575,0,0.23291503581153375,available
ab-test-001502,0,0.18851197809578973,0,0.23291503581153375,available
ab-test-001503,0,0.04380167697357449,0,0.23291503581153375,available
ab-test-001504,0,0.08166402243644903,0,0.23291503581153375,available
ab-test-001505,0,0.06185625857697053,0,0.23291503581153375,available
ab-test-001506,0,0.020341398626798114,0,0.23291503581153375,available
ab-test-001507,0,0.011234649242059847,0,0.23291503581153375,available
ab-test-001508,0,0.04028536429729563,0,0.23291503581153375,available
ab-test-001509,0,0.041712095297775684,0,0.23291503581153375,available
ab-test-001510,0,0.020560097980478528,0,0.23291503581153375,available
ab-test-001511,0,0.04389657852096486,0,0.23291503581153375,available
ab-test-001512,0,0.020199764245871225,0,0.23291503581153375,available
ab-test-001513,0,0.04606611991533072,0,0.23291503581153375,available
ab-test-001514,0,0.08039479715865258,0,0.23291503581153375,available
ab-test-001515,0,0.0193747846565691,0,0.23291503581153375,available
ab-test-001516,0,0.23324010881294868,1,0.23291503581153375,available
ab-test-001517,0,0.011855422758576784,0,0.23291503581153375,available
ab-test-001518,0,0.09044982692573224,0,0.23291503581153375,available
ab-test-001519,0,0.07966819132038365,0,0.23291503581153375,available
ab-test-001520,0,0.055292101495120795,0,0.23291503581153375,available
ab-test-001521,0,0.2093925629675478,0,0.23291503581153375,available
ab-test-001522,0,0.10952687468555755,0,0.23291503581153375,available
ab-test-001523,0,0.05228436119219553,0,0.23291503581153375,available
ab-test-001524,0,0.05025733204659422,0,0.23291503581153375,available
ab-test-001525,0,0.12945032799599127,0,0.23291503581153375,available
ab-test-001526,1,0.6870449633148463,1,0.23291503581153375,available
ab-test-001527,0,0.050070109617933095,0,0.23291503581153375,available
ab-test-001528,0,0.0011046420685418032,0,0.23291503581153375,available
ab-test-001529,0,0.06667307451926041,0,0.23291503581153375,available
ab-test-001530,0,0.3388119080161798,1,0.23291503581153375,available
ab-test-001531,0,0.02617282481135044,0,0.23291503581153375,available
ab-test-001532,0,0.021494751298451447,0,0.23291503581153375,available
ab-test-001533,0,0.011040532990140392,0,0.23291503581153375,available
ab-test-001534,0,0.03506984545700981,0,0.23291503581153375,available
ab-test-001535,0,0.023299809559275016,0,0.23291503581153375,available
ab-test-001536,0,0.7901112708756728,1,0.23291503581153375,available
ab-test-001537,0,0.0177293433666689,0,0.23291503581153375,available
ab-test-001538,0,0.016523862097685173,0,0.23291503581153375,available
ab-test-001539,0,0.019918320444218558,0,0.23291503581153375,available
ab-test-001540,0,0.021556603804866986,0,0.23291503581153375,available
ab-test-001541,0,0.05465080340195741,0,0.23291503581153375,available
ab-test-001542,1,0.5099159391514809,1,0.23291503581153375,available
ab-test-001543,0,0.02072497639054336,0,0.23291503581153375,available
ab-test-001544,1,0.49819839024800117,1,0.23291503581153375,available
ab-test-001545,0,0.021664728537083545,0,0.23291503581153375,available
ab-test-001546,1,0.8045493607761125,1,0.23291503581153375,available
ab-test-001547,0,0.035242308628374616,0,0.23291503581153375,available
ab-test-001548,0,0.015257373965280976,0,0.23291503581153375,available
ab-test-001549,0,0.05174649003030526,0,0.23291503581153375,available
ab-test-001550,1,0.8357882052185115,1,0.23291503581153375,available
ab-test-001551,0,0.009113689540410766,0,0.23291503581153375,available
ab-test-001552,0,0.2680767616804147,1,0.23291503581153375,available
ab-test-001553,0,0.01961884788995125,0,0.23291503581153375,available
ab-test-001554,0,0.027807167638765107,0,0.23291503581153375,available
ab-test-001555,0,0.006321536712566956,0,0.23291503581153375,available
ab-test-001556,0,0.05769019722858527,0,0.23291503581153375,available
ab-test-001557,1,0.6212150679492991,1,0.23291503581153375,available
ab-test-001558,0,0.026166911101016384,0,0.23291503581153375,available
ab-test-001559,0,0.02798017541519811,0,0.23291503581153375,available
ab-test-001560,0,0.11559565430815776,0,0.23291503581153375,available
ab-test-001561,1,0.887901055099125,1,0.23291503581153375,available
ab-test-001562,0,0.023690039500517925,0,0.23291503581153375,available
ab-test-001563,0,0.011753246541094898,0,0.23291503581153375,available
ab-test-001564,0,0.0013155657852768998,0,0.23291503581153375,available
ab-test-001565,0,0.03584247695944114,0,0.23291503581153375,available
ab-test-001566,0,0.019896091593725553,0,0.23291503581153375,available
ab-test-001567,0,0.1153719646486734,0,0.23291503581153375,available
ab-test-001568,0,0.04006752650588294,0,0.23291503581153375,available
ab-test-001569,1,0.1778113802694111,0,0.23291503581153375,available
ab-test-001570,1,0.03340027852618199,0,0.23291503581153375,available
ab-test-001571,0,0.12177067084941204,0,0.23291503581153375,available
ab-test-001572,0,0.03416383075543853,0,0.23291503581153375,available
ab-test-001573,0,0.11237851545022352,0,0.23291503581153375,available
ab-test-001574,0,0.11334457138858287,0,0.23291503581153375,available
ab-test-001575,0,0.008726287223699966,0,0.23291503581153375,available
ab-test-001576,0,0.05955689598713218,0,0.23291503581153375,available
ab-test-001577,0,0.030152682142040133,0,0.23291503581153375,available
ab-test-001578,0,0.023952696533169667,0,0.23291503581153375,available
ab-test-001579,0,0.01542405869447535,0,0.23291503581153375,available
ab-test-001580,0,0.5818371777966901,1,0.23291503581153375,available
ab-test-001581,0,0.04676129793811179,0,0.23291503581153375,available
ab-test-001582,1,0.036846734647527996,0,0.23291503581153375,available
ab-test-001583,1,0.18587604977301653,0,0.23291503581153375,available
ab-test-001584,0,0.04502079092233136,0,0.23291503581153375,available
ab-test-001585,0,0.022138475279530667,0,0.23291503581153375,available
ab-test-001586,0,0.0830016698263639,0,0.23291503581153375,available
ab-test-001587,0,0.18294566131250137,0,0.23291503581153375,available
ab-test-001588,1,0.3222155132826873,1,0.23291503581153375,available
ab-test-001589,0,0.009966242790973284,0,0.23291503581153375,available
ab-test-001590,0,0.019602488420142193,0,0.23291503581153375,available
ab-test-001591,0,0.005967498532723251,0,0.23291503581153375,available
ab-test-001592,0,0.08442173156920586,0,0.23291503581153375,available
ab-test-001593,0,0.0828949027328748,0,0.23291503581153375,available
ab-test-001594,0,0.4176748825444444,1,0.23291503581153375,available
ab-test-001595,0,0.1167027601557793,0,0.23291503581153375,available
ab-test-001596,1,0.9168670868628057,1,0.23291503581153375,available
ab-test-001597,1,0.29678903804012907,1,0.23291503581153375,available
ab-test-001598,0,0.01599086530584078,0,0.23291503581153375,available
ab-test-001599,0,0.060395967171735225,0,0.23291503581153375,available
ab-test-001600,0,0.024449419161496788,0,0.23291503581153375,available
ab-test-001601,1,0.9683733446124833,1,0.23291503581153375,available
ab-test-001602,0,0.011733978300161907,0,0.23291503581153375,available
ab-test-001603,0,0.0783386225568722,0,0.23291503581153375,available
ab-test-001604,1,0.3664407896127401,1,0.23291503581153375,available
ab-test-001605,0,0.2564907728417053,1,0.23291503581153375,available
ab-test-001606,0,0.061194506388249796,0,0.23291503581153375,available
ab-test-001607,0,0.016262482091235004,0,0.23291503581153375,available
ab-test-001608,0,0.011879311416050743,0,0.23291503581153375,available
ab-test-001609,0,0.25843897953222833,1,0.23291503581153375,available
ab-test-001610,0,0.0485610395678265,0,0.23291503581153375,available
ab-test-001611,1,0.024442476806757717,0,0.23291503581153375,available
ab-test-001612,0,0.03408208680227092,0,0.23291503581153375,available
ab-test-001613,0,0.02707971078804438,0,0.23291503581153375,available
ab-test-001614,0,0.1357969955953464,0,0.23291503581153375,available
ab-test-001615,0,0.0084394354125388,0,0.23291503581153375,available
ab-test-001616,0,0.176819761076671,0,0.23291503581153375,available
ab-test-001617,0,0.044588070436669285,0,0.23291503581153375,available
ab-test-001618,1,0.08466700005659702,0,0.23291503581153375,available
ab-test-001619,0,0.06518422270940312,0,0.23291503581153375,available
ab-test-001620,0,0.005594063248736518,0,0.23291503581153375,available
ab-test-001621,0,0.018907793756812917,0,0.23291503581153375,available
ab-test-001622,1,0.04806041945493943,0,0.23291503581153375,available
ab-test-001623,0,0.04937139678804697,0,0.23291503581153375,available
ab-test-001624,1,0.034222710466074724,0,0.23291503581153375,available
ab-test-001625,0,0.08887864840012422,0,0.23291503581153375,available
ab-test-001626,0,0.05303423856154004,0,0.23291503581153375,available
ab-test-001627,0,0.019243199351740372,0,0.23291503581153375,available
ab-test-001628,0,0.10858074450457837,0,0.23291503581153375,available
ab-test-001629,0,0.20204924324546433,0,0.23291503581153375,available
ab-test-001630,0,0.00998890284542485,0,0.23291503581153375,available
ab-test-001631,0,0.019177696614096424,0,0.23291503581153375,available
ab-test-001632,0,0.026340077433189616,0,0.23291503581153375,available
ab-test-001633,0,0.014969985692487793,0,0.23291503581153375,available
ab-test-001634,0,0.03074649097120586,0,0.23291503581153375,available
ab-test-001635,0,0.15625369224535743,0,0.23291503581153375,available
ab-test-001636,0,0.009610393992824096,0,0.23291503581153375,available
ab-test-001637,1,0.510532602897294,1,0.23291503581153375,available
ab-test-001638,0,0.024653427758900278,0,0.23291503581153375,available
ab-test-001639,1,0.02325499600489357,0,0.23291503581153375,available
ab-test-001640,0,0.12190916549808567,0,0.23291503581153375,available
ab-test-001641,0,0.027085868261029804,0,0.23291503581153375,available
ab-test-001642,0,0.03399882030121549,0,0.23291503581153375,available
ab-test-001643,0,0.11003964121396438,0,0.23291503581153375,available
ab-test-001644,0,0.048948926485489076,0,0.23291503581153375,available
ab-test-001645,0,0.01668191817034466,0,0.23291503581153375,available
ab-test-001646,0,0.048474623398056506,0,0.23291503581153375,available
ab-test-001647,0,0.06312935962285562,0,0.23291503581153375,available
ab-test-001648,0,0.5840100748096676,1,0.23291503581153375,available
ab-test-001649,0,0.03487413722208625,0,0.23291503581153375,available
ab-test-001650,0,0.15534225792205106,0,0.23291503581153375,available
ab-test-001651,0,0.08306158104608506,0,0.23291503581153375,available
ab-test-001652,0,0.06807458356964464,0,0.23291503581153375,available
ab-test-001653,0,0.02720020976290676,0,0.23291503581153375,available
ab-test-001654,0,0.20738454256026104,0,0.23291503581153375,available
ab-test-001655,0,0.017486987000082888,0,0.23291503581153375,available
ab-test-001656,1,0.12085844963250514,0,0.23291503581153375,available
ab-test-001657,0,0.020428222266649594,0,0.23291503581153375,available
ab-test-001658,0,0.12528812619123833,0,0.23291503581153375,available
ab-test-001659,0,0.061682828466709444,0,0.23291503581153375,available
ab-test-001660,0,0.054236129943852476,0,0.23291503581153375,available
ab-test-001661,0,0.05755212677901929,0,0.23291503581153375,available
ab-test-001662,0,0.07206945493472071,0,0.23291503581153375,available
ab-test-001663,0,0.10040678141723597,0,0.23291503581153375,available
ab-test-001664,1,0.472694059398967,1,0.23291503581153375,available
ab-test-001665,0,0.45754500453315655,1,0.23291503581153375,available
ab-test-001666,0,0.16670224798584218,0,0.23291503581153375,available
ab-test-001667,0,0.10069585838815448,0,0.23291503581153375,available
ab-test-001668,0,0.02285164979210474,0,0.23291503581153375,available
ab-test-001669,0,0.07614606378550061,0,0.23291503581153375,available
ab-test-001670,0,0.0923878089612726,0,0.23291503581153375,available
ab-test-001671,0,0.033747936560824435,0,0.23291503581153375,available
ab-test-001672,0,0.41126748714688,1,0.23291503581153375,available
ab-test-001673,0,0.02154292551223091,0,0.23291503581153375,available
ab-test-001674,0,0.1057904589356605,0,0.23291503581153375,available
ab-test-001675,0,0.07127677921309052,0,0.23291503581153375,available
ab-test-001676,0,0.004632287993610814,0,0.23291503581153375,available
ab-test-001677,0,0.04745789744442021,0,0.23291503581153375,available
ab-test-001678,0,0.024565932514498002,0,0.23291503581153375,available
ab-test-001679,0,0.029363495746969934,0,0.23291503581153375,available
ab-test-001680,0,0.02494018035565233,0,0.23291503581153375,available
ab-test-001681,0,0.10062482163300039,0,0.23291503581153375,available
ab-test-001682,0,0.012858100306465283,0,0.23291503581153375,available
ab-test-001683,0,0.07928595072052892,0,0.23291503581153375,available
ab-test-001684,0,0.008919451940258604,0,0.23291503581153375,available
ab-test-001685,1,0.31311323157781734,1,0.23291503581153375,available
ab-test-001686,0,0.0753622227257329,0,0.23291503581153375,available
ab-test-001687,0,0.044880587079329896,0,0.23291503581153375,available
ab-test-001688,1,0.8005174111139497,1,0.23291503581153375,available
ab-test-001689,1,0.3773319203172538,1,0.23291503581153375,available
ab-test-001690,0,0.013067582388750817,0,0.23291503581153375,available
ab-test-001691,0,0.19857788198925777,0,0.23291503581153375,available
ab-test-001692,0,0.008930410069108647,0,0.23291503581153375,available
ab-test-001693,0,0.003733449747486798,0,0.23291503581153375,available
ab-test-001694,0,0.04036701827959815,0,0.23291503581153375,available
ab-test-001695,0,0.03324426616826194,0,0.23291503581153375,available
ab-test-001696,0,0.052746418883368895,0,0.23291503581153375,available
ab-test-001697,0,0.0587981430173172,0,0.23291503581153375,available
ab-test-001698,0,0.036611083906071186,0,0.23291503581153375,available
ab-test-001699,1,0.3310659447367412,1,0.23291503581153375,available
ab-test-001700,1,0.23940587554845444,1,0.23291503581153375,available
ab-test-001701,0,0.04837322848835278,0,0.23291503581153375,available
ab-test-001702,0,0.018042397550189677,0,0.23291503581153375,available
ab-test-001703,0,0.0965255806269792,0,0.23291503581153375,available
ab-test-001704,0,0.014582398667268862,0,0.23291503581153375,available
ab-test-001705,0,0.014649181530394238,0,0.23291503581153375,available
ab-test-001706,0,0.17336333207282048,0,0.23291503581153375,available
ab-test-001707,0,0.005199895243639139,0,0.23291503581153375,available
ab-test-001708,0,0.009451879246350589,0,0.23291503581153375,available
ab-test-001709,0,0.012179512376469541,0,0.23291503581153375,available
ab-test-001710,0,0.009671597284095185,0,0.23291503581153375,available
ab-test-001711,0,0.0752709310543794,0,0.23291503581153375,available
ab-test-001712,0,3.807718318718395e-05,0,0.23291503581153375,available
ab-test-001713,0,0.1046159919906388,0,0.23291503581153375,available
ab-test-001714,0,0.06022283560127123,0,0.23291503581153375,available
ab-test-001715,0,0.018783951187673984,0,0.23291503581153375,available
ab-test-001716,0,0.0893656517989507,0,0.23291503581153375,available
ab-test-001717,0,0.0010522176236668753,0,0.23291503581153375,available
ab-test-001718,0,0.052917100180815316,0,0.23291503581153375,available
ab-test-001719,0,0.022621167597301577,0,0.23291503581153375,available
ab-test-001720,0,0.14741991977962807,0,0.23291503581153375,available
ab-test-001721,0,0.025225945166919964,0,0.23291503581153375,available
ab-test-001722,0,0.0703008364898845,0,0.23291503581153375,available
ab-test-001723,0,0.013768581104775164,0,0.23291503581153375,available
ab-test-001724,0,0.06203871324739676,0,0.23291503581153375,available
ab-test-001725,0,0.013378833144298538,0,0.23291503581153375,available
ab-test-001726,0,0.0201224672477484,0,0.23291503581153375,available
ab-test-001727,1,0.15275804512324603,0,0.23291503581153375,available
ab-test-001728,0,0.8343370437658216,1,0.23291503581153375,available
ab-test-001729,0,0.07539419205624799,0,0.23291503581153375,available
ab-test-001730,0,0.05101662233859045,0,0.23291503581153375,available
ab-test-001731,0,0.01595009645897713,0,0.23291503581153375,available
ab-test-001732,0,0.01479505544921546,0,0.23291503581153375,available
ab-test-001733,0,0.030447964668430746,0,0.23291503581153375,available
ab-test-001734,0,0.10033008153445981,0,0.23291503581153375,available
ab-test-001735,0,0.030104896140122968,0,0.23291503581153375,available
ab-test-001736,0,0.0064343609733413494,0,0.23291503581153375,available
ab-test-001737,1,0.10161055827900711,0,0.23291503581153375,available
ab-test-001738,0,0.008721288812141337,0,0.23291503581153375,available
ab-test-001739,0,0.049104917354665704,0,0.23291503581153375,available
ab-test-001740,0,0.26925726183298615,1,0.23291503581153375,available
ab-test-001741,1,0.9583691389420459,1,0.23291503581153375,available
ab-test-001742,0,0.04611625971313505,0,0.23291503581153375,available
ab-test-001743,0,0.2254546869572688,0,0.23291503581153375,available
ab-test-001744,0,0.1325711118036038,0,0.23291503581153375,available
ab-test-001745,0,0.008948688934856104,0,0.23291503581153375,available
ab-test-001746,0,0.035622417078204294,0,0.23291503581153375,available
ab-test-001747,0,0.04080493960731255,0,0.23291503581153375,available
ab-test-001748,0,0.009536461972719533,0,0.23291503581153375,available
ab-test-001749,1,0.3341317252004822,1,0.23291503581153375,available
ab-test-001750,0,0.22431031110601468,0,0.23291503581153375,available
ab-test-001751,0,0.03614872896493074,0,0.23291503581153375,available
ab-test-001752,0,0.04363322489002278,0,0.23291503581153375,available
ab-test-001753,0,0.0029288452170540104,0,0.23291503581153375,available
ab-test-001754,0,0.029458178970489853,0,0.23291503581153375,available
ab-test-001755,0,0.09015739547209284,0,0.23291503581153375,available
ab-test-001756,0,0.007367515157080954,0,0.23291503581153375,available
ab-test-001757,0,0.08112241998901115,0,0.23291503581153375,available
ab-test-001758,0,0.067191897882634,0,0.23291503581153375,available
ab-test-001759,0,0.042382830783405955,0,0.23291503581153375,available
ab-test-001760,0,0.027686829360007815,0,0.23291503581153375,available
ab-test-001761,0,0.022345938203932617,0,0.23291503581153375,available
ab-test-001762,0,0.058755258181074556,0,0.23291503581153375,available
ab-test-001763,0,0.02656463171333767,0,0.23291503581153375,available
ab-test-001764,0,0.011431996843483887,0,0.23291503581153375,available
ab-test-001765,0,0.03510185869201037,0,0.23291503581153375,available
ab-test-001766,0,0.08869515919397143,0,0.23291503581153375,available
ab-test-001767,0,0.035506266432537,0,0.23291503581153375,available
ab-test-001768,0,0.0218600226641215,0,0.23291503581153375,available
ab-test-001769,0,0.023660475564374433,0,0.23291503581153375,available
ab-test-001770,0,0.011981652796069308,0,0.23291503581153375,available
ab-test-001771,1,0.07236975222029579,0,0.23291503581153375,available
ab-test-001772,1,0.03539722668585452,0,0.23291503581153375,available
ab-test-001773,0,0.01830995462972293,0,0.23291503581153375,available
ab-test-001774,0,0.1251472444873602,0,0.23291503581153375,available
ab-test-001775,0,0.05872107063638346,0,0.23291503581153375,available
ab-test-001776,1,0.2715892311381265,1,0.23291503581153375,available
ab-test-001777,1,0.304660803981974,1,0.23291503581153375,available
ab-test-001778,0,0.12274522245837476,0,0.23291503581153375,available
ab-test-001779,0,0.029850142963305595,0,0.23291503581153375,available
ab-test-001780,0,0.022385514174183895,0,0.23291503581153375,available
ab-test-001781,0,0.04630075359486928,0,0.23291503581153375,available
ab-test-001782,0,0.3281187502171498,1,0.23291503581153375,available
ab-test-001783,0,0.018646042242048484,0,0.23291503581153375,available
ab-test-001784,0,0.01134684426135675,0,0.23291503581153375,available
ab-test-001785,0,0.04375098436277559,0,0.23291503581153375,available
ab-test-001786,0,0.18295836308248128,0,0.23291503581153375,available
ab-test-001787,0,0.0009562531889312685,0,0.23291503581153375,available
ab-test-001788,0,0.025810294721971157,0,0.23291503581153375,available
ab-test-001789,0,0.015494019771894556,0,0.23291503581153375,available
ab-test-001790,0,0.1468214067385523,0,0.23291503581153375,available
ab-test-001791,0,0.46125095713765485,1,0.23291503581153375,available
ab-test-001792,0,0.03081715662662451,0,0.23291503581153375,available
ab-test-001793,0,0.12483144268496209,0,0.23291503581153375,available
ab-test-001794,0,0.11253373863688841,0,0.23291503581153375,available
ab-test-001795,0,0.024066963559576892,0,0.23291503581153375,available
ab-test-001796,0,0.04888893287523904,0,0.23291503581153375,available
ab-test-001797,0,0.11894714646640561,0,0.23291503581153375,available
ab-test-001798,0,0.014418198369509264,0,0.23291503581153375,available
ab-test-001799,0,0.02031205793337397,0,0.23291503581153375,available
ab-test-001800,0,0.019270443634235003,0,0.23291503581153375,available
ab-test-001801,0,0.0549082073769599,0,0.23291503581153375,available
ab-test-001802,0,0.45990821637216395,1,0.23291503581153375,available
ab-test-001803,0,0.015897247643862137,0,0.23291503581153375,available
ab-test-001804,0,0.06256121974610061,0,0.23291503581153375,available
ab-test-001805,0,0.01712556511823635,0,0.23291503581153375,available
ab-test-001806,0,0.34389449347846834,1,0.23291503581153375,available
ab-test-001807,0,0.05418749749405885,0,0.23291503581153375,available
ab-test-001808,1,0.5323065959290653,1,0.23291503581153375,available
ab-test-001809,0,0.018127663161722547,0,0.23291503581153375,available
ab-test-001810,0,0.014488044638228515,0,0.23291503581153375,available
ab-test-001811,0,0.11360531285955802,0,0.23291503581153375,available
ab-test-001812,0,0.04499975179514325,0,0.23291503581153375,available
ab-test-001813,0,0.051240818475530886,0,0.23291503581153375,available
ab-test-001814,0,0.042022115730001745,0,0.23291503581153375,available
ab-test-001815,0,0.046914261054184794,0,0.23291503581153375,available
ab-test-001816,1,0.5317292652772816,1,0.23291503581153375,available
ab-test-001817,0,0.014709035795074587,0,0.23291503581153375,available
ab-test-001818,0,0.05048948249994174,0,0.23291503581153375,available
ab-test-001819,0,0.030779967762500166,0,0.23291503581153375,available
ab-test-001820,1,0.11669033938612842,0,0.23291503581153375,available
ab-test-001821,0,0.15615088067738214,0,0.23291503581153375,available
ab-test-001822,0,0.2466401836799373,1,0.23291503581153375,available
ab-test-001823,1,0.16124979884511723,0,0.23291503581153375,available
ab-test-001824,0,0.009476709266250573,0,0.23291503581153375,available
ab-test-001825,0,0.020774491389511675,0,0.23291503581153375,available
ab-test-001826,0,0.013473117249892554,0,0.23291503581153375,available
ab-test-001827,0,0.04973217403895448,0,0.23291503581153375,available
ab-test-001828,0,0.027488375013139523,0,0.23291503581153375,available
ab-test-001829,0,0.07666083181965543,0,0.23291503581153375,available
ab-test-001830,1,0.6702367470889707,1,0.23291503581153375,available
ab-test-001831,0,0.010535536796884367,0,0.23291503581153375,available
ab-test-001832,0,0.012005023168122934,0,0.23291503581153375,available
ab-test-001833,0,0.015899414613762434,0,0.23291503581153375,available
ab-test-001834,0,0.021234064877210013,0,0.23291503581153375,available
ab-test-001835,0,0.07789341674611185,0,0.23291503581153375,available
ab-test-001836,0,0.03235043583858906,0,0.23291503581153375,available
ab-test-001837,0,0.07211701497975591,0,0.23291503581153375,available
ab-test-001838,0,0.031321583854816516,0,0.23291503581153375,available
ab-test-001839,0,0.02952132775499825,0,0.23291503581153375,available
ab-test-001840,0,0.03726465016224725,0,0.23291503581153375,available
ab-test-001841,0,0.09681217023468175,0,0.23291503581153375,available
ab-test-001842,0,0.14174736369799878,0,0.23291503581153375,available
ab-test-001843,0,0.020752912346449433,0,0.23291503581153375,available
ab-test-001844,1,0.5159741504704358,1,0.23291503581153375,available
ab-test-001845,0,0.007297977684230609,0,0.23291503581153375,available
ab-test-001846,0,0.03401388637661592,0,0.23291503581153375,available
ab-test-001847,0,0.044501160761884116,0,0.23291503581153375,available
ab-test-001848,0,0.05221539034813203,0,0.23291503581153375,available
ab-test-001849,0,0.18299688549799636,0,0.23291503581153375,available
ab-test-001850,0,0.05904761175413918,0,0.23291503581153375,available
ab-test-001851,0,0.021951442442848766,0,0.23291503581153375,available
ab-test-001852,0,0.06898528699991573,0,0.23291503581153375,available
ab-test-001853,1,0.1896989173496329,0,0.23291503581153375,available
ab-test-001854,0,0.12541645223303705,0,0.23291503581153375,available
ab-test-001855,0,0.023358973979626527,0,0.23291503581153375,available
ab-test-001856,0,0.004537909294388214,0,0.23291503581153375,available
ab-test-001857,0,0.02506674619525441,0,0.23291503581153375,available
ab-test-001858,0,0.09117181863487717,0,0.23291503581153375,available
ab-test-001859,0,0.30439791972459673,1,0.23291503581153375,available
ab-test-001860,0,0.01793340770093664,0,0.23291503581153375,available
ab-test-001861,0,0.07724340424732547,0,0.23291503581153375,available
ab-test-001862,0,0.026124958841982085,0,0.23291503581153375,available
ab-test-001863,0,0.10990559690299448,0,0.23291503581153375,available
ab-test-001864,0,0.030065727589642866,0,0.23291503581153375,available
ab-test-001865,0,0.013428097594941709,0,0.23291503581153375,available
ab-test-001866,0,0.04842328589722405,0,0.23291503581153375,available
ab-test-001867,0,0.04327618829237885,0,0.23291503581153375,available
ab-test-001868,0,0.015366107471575009,0,0.23291503581153375,available
ab-test-001869,0,0.01615795088728037,0,0.23291503581153375,available
ab-test-001870,0,0.03323092267425217,0,0.23291503581153375,available
ab-test-001871,0,0.017077065754717964,0,0.23291503581153375,available
ab-test-001872,0,0.0010511253284393534,0,0.23291503581153375,available
ab-test-001873,0,0.26627536556546116,1,0.23291503581153375,available
ab-test-001874,0,0.06033698890106498,0,0.23291503581153375,available
ab-test-001875,0,0.016062705569026375,0,0.23291503581153375,available
ab-test-001876,0,0.0203071065200794,0,0.23291503581153375,available
ab-test-001877,0,0.5919871982210285,1,0.23291503581153375,available
ab-test-001878,0,0.09760662471298817,0,0.23291503581153375,available
ab-test-001879,0,0.012302926867143028,0,0.23291503581153375,available
ab-test-001880,0,0.021101920934272416,0,0.23291503581153375,available
ab-test-001881,0,0.004370945223752402,0,0.23291503581153375,available
ab-test-001882,0,0.15867483919187197,0,0.23291503581153375,available
ab-test-001883,1,0.6300814685428479,1,0.23291503581153375,available
ab-test-001884,0,0.02406084198507142,0,0.23291503581153375,available
ab-test-001885,0,0.07797905582148994,0,0.23291503581153375,available
ab-test-001886,0,0.02106150462063168,0,0.23291503581153375,available
ab-test-001887,1,0.39545343070152056,1,0.23291503581153375,available
ab-test-001888,0,0.03261943253076937,0,0.23291503581153375,available
ab-test-001889,0,0.263724883117928,1,0.23291503581153375,available
ab-test-001890,0,0.0034242005443190175,0,0.23291503581153375,available
ab-test-001891,0,0.13926279245905807,0,0.23291503581153375,available
ab-test-001892,0,0.007377747875995404,0,0.23291503581153375,available
ab-test-001893,1,0.16126038257409858,0,0.23291503581153375,available
ab-test-001894,0,0.10904576786090397,0,0.23291503581153375,available
ab-test-001895,1,0.06540336200201788,0,0.23291503581153375,available
ab-test-001896,0,0.02616260951179235,0,0.23291503581153375,available
ab-test-001897,0,0.03342788669827357,0,0.23291503581153375,available
ab-test-001898,0,0.0687522925381839,0,0.23291503581153375,available
ab-test-001899,0,0.017501595543256317,0,0.23291503581153375,available
ab-test-001900,0,0.0075255136729131915,0,0.23291503581153375,available
ab-test-001901,0,0.007669942545555609,0,0.23291503581153375,available
ab-test-001902,0,0.009952622035035701,0,0.23291503581153375,available
ab-test-001903,0,0.016084241454902636,0,0.23291503581153375,available
ab-test-001904,1,0.06936303795362417,0,0.23291503581153375,available
ab-test-001905,0,0.05195475763863986,0,0.23291503581153375,available
ab-test-001906,0,0.023680563201714667,0,0.23291503581153375,available
ab-test-001907,0,0.023467804105044805,0,0.23291503581153375,available
ab-test-001908,0,1.0499274047513414e-05,0,0.23291503581153375,available
ab-test-001909,0,0.0979537156524502,0,0.23291503581153375,available
ab-test-001910,0,0.3023455161363887,1,0.23291503581153375,available
ab-test-001911,0,0.03811835691041067,0,0.23291503581153375,available
ab-test-001912,1,0.43548465099957534,1,0.23291503581153375,available
ab-test-001913,0,0.06842079266292211,0,0.23291503581153375,available
ab-test-001914,0,0.011598814653460798,0,0.23291503581153375,available
ab-test-001915,0,0.23713665932091849,1,0.23291503581153375,available
