pair_id,label,probability,prediction,threshold,status
da-test-000000,0,0.24341901878034963,0,0.7704791246752053,available
da-test-000001,0,0.6934111179629514,0,0.7704791246752053,available
da-test-000002,0,0.01477551430473639,0,0.7704791246752053,available
da-test-000003,0,0.0026944144367653778,0,0.7704791246752053,available
da-test-000004,0,0.0028131779663133735,0,0.7704791246752053,available
da-test-000005,0,0.002488905962449165,0,0.7704791246752053,available
da-test-000006,0,0.0025487307774948193,0,0.7704791246752053,available
da-test-000007,0,0.003366661932472266,0,0.7704791246752053,available
da-test-000008,0,0.006885273845600076,0,0.7704791246752053,available
da-test-000009,0,0.0032216346848767236,0,0.7704791246752053,available
da-test-000010,1,0.9783968189118409,1,0.7704791246752053,available
da-test-000011,0,0.006505197575230799,0,0.7704791246752053,available
da-test-000012,0,0.0028901124554584177,0,0.7704791246752053,available
da-test-000013,1,0.9751985543517416,1,0.7704791246752053,available
da-test-000014,1,0.9783968189118409,1,0.7704791246752053,available
da-test-000015,0,0.0030001293605947427,0,0.7704791246752053,available
da-test-000016,0,0.008619622857594336,0,0.7704791246752053,available
da-test-000017,0,0.010209209797324733,0,0.7704791246752053,available
da-test-000018,0,0.005392273704436263,0,0.7704791246752053,available
da-test-000019,0,0.0346945314285457,0,0.7704791246752053,available
da-test-000020,0,0.00612374693115412,0,0.7704791246752053,available
da-test-000021,1,0.9743942874087803,1,0.7704791246752053,available
da-test-000022,0,0.004861635180471741,0,0.7704791246752053,available
da-test-000023,1,0.9628672870369784,1,0.7704791246752053,available
da-test-000024,1,0.9743942874087803,1,0.7704791246752053,available
da-test-000025,0,0.006797903350001004,0,0.7704791246752053,available
da-test-000026,0,0.03756887873430394,0,0.7704791246752053,available
da-test-000027,1,0.9562869005818628,1,0.7704791246752053,available
da-test-000028,0,0.0033662330844486834,0,0.7704791246752053,available
da-test-000029,1,0.9717785675000145,1,0.7704791246752053,available
da-test-000030,0,0.005343268088559221,0,0.7704791246752053,available
da-test-000031,0,0.004441233707799677,0,0.7704791246752053,available
da-test-000032,1,0.9708673793362634,1,0.7704791246752053,available
da-test-000033,0,0.002065671079898312,0,0.7704791246752053,available
da-test-000034,0,0.019248315411051257,0,0.7704791246752053,available
da-test-000035,0,0.0025103228363762753,0,0.7704791246752053,available
da-test-000036,0,0.006312046535854616,0,0.7704791246752053,available
da-test-000037,0,0.002809346866537406,0,0.7704791246752053,available
da-test-000038,1,0.9743942874087803,1,0.7704791246752053,available
da-test-000039,0,0.008775536503890752,0,0.7704791246752053,available
da-test-000040,1,0.9637201408420648,1,0.7704791246752053,available
da-test-000041,0,0.006644408131970344,0,0.7704791246752053,available
da-test-000042,1,0.9577952001024566,1,0.7704791246752053,available
da-test-000043,0,0.002113813643408006,0,0.7704791246752053,available
da-test-000044,1,0.9506088379873752,1,0.7704791246752053,available
da-test-000045,0,0.0031792127841179002,0,0.7704791246752053,available
da-test-000046,0,0.007738963146855906,0,0.7704791246752053,available
da-test-000047,0,0.015484302275894557,0,0.7704791246752053,available
da-test-000048,0,0.00633056941927758,0,0.7704791246752053,available
da-test-000049,0,0.002517948970405317,0,0.7704791246752053,available
da-test-000050,0,0.002140543470573103,0,0.7704791246752053,available
da-test-000051,0,0.005890820931165236,0,0.7704791246752053,available
da-test-000052,0,0.0034349144891894752,0,0.7704791246752053,available
da-test-000053,0,0.0026493410084691086,0,0.7704791246752053,available
da-test-000054,0,0.0032436393401250284,0,0.7704791246752053,available
da-test-000055,0,0.0034862010034790217,0,0.7704791246752053,available
da-test-000056,0,0.0033706685249751756,0,0.7704791246752053,available
da-test-000057,0,0.0032573341535928556,0,0.7704791246752053,available
da-test-000058,0,0.012312455573066903,0,0.7704791246752053,available
da-test-000059,1,0.9565022420195602,1,0.7704791246752053,available
da-test-000060,0,0.029925813427970772,0,0.7704791246752053,available
da-test-000061,1,0.9004465589774274,1,0.7704791246752053,available
da-test-000062,0,0.002283875450408642,0,0.7704791246752053,available
da-test-000063,0,0.008955077390569862,0,0.7704791246752053,available
da-test-000064,0,0.0028591743996180183,0,0.7704791246752053,available
da-test-000065,0,0.04166220364588023,0,0.7704791246752053,available
da-test-000066,0,0.00404532257752838,0,0.7704791246752053,available
da-test-000067,1,0.9743942874087803,1,0.7704791246752053,available
da-test-000068,0,0.9654326408903926,1,0.7704791246752053,available
da-test-000069,0,0.0029940561160182464,0,0.7704791246752053,available
da-test-000070,0,0.0024646234136332865,0,0.7704791246752053,available
da-test-000071,0,0.010201742613030765,0,0.7704791246752053,available
da-test-000072,0,0.11460940841086859,0,0.7704791246752053,available
da-test-000073,0,0.007864958403295083,0,0.7704791246752053,available
da-test-000074,0,0.0033933966627223144,0,0.7704791246752053,available
da-test-000075,0,0.003774925334794115,0,0.7704791246752053,available
da-test-000076,0,0.0044536841411925805,0,0.7704791246752053,available
da-test-000077,0,0.009341559469993502,0,0.7704791246752053,available
da-test-000078,0,0.011532725189523042,0,0.7704791246752053,available
da-test-000079,0,0.0024646234136332865,0,0.7704791246752053,available
da-test-000080,1,0.9486779383898027,1,0.7704791246752053,available
da-test-000081,0,0.005794416593719012,0,0.7704791246752053,available
da-test-000082,0,0.018723064196078186,0,0.7704791246752053,available
da-test-000083,0,0.16998039572515528,0,0.7704791246752053,available
da-test-000084,0,0.005461162736426491,0,0.7704791246752053,available
da-test-000085,1,0.9517527407165041,1,0.7704791246752053,available
da-test-000086,0,0.0031169981350818855,0,0.7704791246752053,available
da-test-000087,0,0.006598603014752111,0,0.7704791246752053,available
da-test-000088,0,0.003422523641221192,0,0.7704791246752053,available
da-test-000089,0,0.02084605628992842,0,0.7704791246752053,available
da-test-000090,0,0.0038122209625455557,0,0.7704791246752053,available
da-test-000091,0,0.0033706685249751756,0,0.7704791246752053,available
da-test-000092,0,0.0037521592335159576,0,0.7704791246752053,available
da-test-000093,0,0.006027171317401078,0,0.7704791246752053,available
da-test-000094,0,0.1713446726466893,0,0.7704791246752053,available
da-test-000095,0,0.003014194784629476,0,0.7704791246752053,available
da-test-000096,0,0.004774914686471461,0,0.7704791246752053,available
da-test-000097,0,0.003454902478496309,0,0.7704791246752053,available
da-test-000098,0,0.0029373990235570403,0,0.7704791246752053,available
da-test-000099,0,0.0022291404864265506,0,0.7704791246752053,available
da-test-000100,0,0.0022339731474192467,0,0.7704791246752053,available
da-test-000101,0,0.002107298465605183,0,0.7704791246752053,available
da-test-000102,0,0.009196946074613258,0,0.7704791246752053,available
da-test-000103,0,0.0032500719531881237,0,0.7704791246752053,available
da-test-000104,0,0.0025445888616290584,0,0.7704791246752053,available
da-test-000105,1,0.9199277245880367,1,0.7704791246752053,available
da-test-000106,1,0.9591695276660063,1,0.7704791246752053,available
da-test-000107,0,0.002140543470573103,0,0.7704791246752053,available
da-test-000108,0,0.0020345909080370416,0,0.7704791246752053,available
da-test-000109,1,0.9504137855443566,1,0.7704791246752053,available
da-test-000110,0,0.00633056941927758,0,0.7704791246752053,available
da-test-000111,0,0.006027171317401078,0,0.7704791246752053,available
da-test-000112,0,0.0025966879092709336,0,0.7704791246752053,available
da-test-000113,0,0.0022339731474192467,0,0.7704791246752053,available
da-test-000114,1,0.9684221596822872,1,0.7704791246752053,available
da-test-000115,0,0.004332354351182197,0,0.7704791246752053,available
da-test-000116,0,0.011363769215120412,0,0.7704791246752053,available
da-test-000117,0,0.002502779610443816,0,0.7704791246752053,available
da-test-000118,1,0.9601010079668932,1,0.7704791246752053,available
da-test-000119,0,0.12780603305581278,0,0.7704791246752053,available
da-test-000120,1,0.9783968189118409,1,0.7704791246752053,available
da-test-000121,0,0.00398257691830396,0,0.7704791246752053,available
da-test-000122,0,0.002233337744611335,0,0.7704791246752053,available
da-test-000123,1,0.9393901927500273,1,0.7704791246752053,available
da-test-000124,1,0.9286036005722856,1,0.7704791246752053,available
da-test-000125,0,0.009895644930555326,0,0.7704791246752053,available
da-test-000126,0,0.007579862283209854,0,0.7704791246752053,available
da-test-000127,0,0.002288240911633343,0,0.7704791246752053,available
da-test-000128,0,0.05081501263511976,0,0.7704791246752053,available
da-test-000129,0,0.016410186749019055,0,0.7704791246752053,available
da-test-000130,0,0.008886662699500544,0,0.7704791246752053,available
da-test-000131,0,0.018207910301923452,0,0.7704791246752053,available
da-test-000132,0,0.004794886013243407,0,0.7704791246752053,available
da-test-000133,1,0.9776782129402325,1,0.7704791246752053,available
da-test-000134,0,0.011264423995731743,0,0.7704791246752053,available
da-test-000135,0,0.002771736152684698,0,0.7704791246752053,available
da-test-000136,0,0.004754541175642711,0,0.7704791246752053,available
da-test-000137,1,0.9548024531511768,1,0.7704791246752053,available
da-test-000138,0,0.002332086838958901,0,0.7704791246752053,available
da-test-000139,0,0.007247190758989603,0,0.7704791246752053,available
da-test-000140,0,0.25936072940708144,0,0.7704791246752053,available
da-test-000141,1,0.9743942874087803,1,0.7704791246752053,available
da-test-000142,0,0.007851839299567934,0,0.7704791246752053,available
da-test-000143,0,0.0017841253515790273,0,0.7704791246752053,available
da-test-000144,0,0.001910024205782653,0,0.7704791246752053,available
da-test-000145,0,0.006838876535617405,0,0.7704791246752053,available
da-test-000146,1,0.8580707175645459,1,0.7704791246752053,available
da-test-000147,0,0.008855150419241706,0,0.7704791246752053,available
da-test-000148,0,0.0037074788745804434,0,0.7704791246752053,available
da-test-000149,1,0.9783968189118409,1,0.7704791246752053,available
da-test-000150,0,0.011736931337042214,0,0.7704791246752053,available
da-test-000151,0,0.009689086451757555,0,0.7704791246752053,available
da-test-000152,0,0.0030449067820600252,0,0.7704791246752053,available
da-test-000153,0,0.23279327564608365,0,0.7704791246752053,available
da-test-000154,0,0.00852540079330806,0,0.7704791246752053,available
da-test-000155,0,0.0016982279142352143,0,0.7704791246752053,available
da-test-000156,0,0.004622212355275822,0,0.7704791246752053,available
da-test-000157,0,0.0019073296533138695,0,0.7704791246752053,available
da-test-000158,0,0.004183807984507287,0,0.7704791246752053,available
da-test-000159,0,0.0025912781457640543,0,0.7704791246752053,available
da-test-000160,0,0.002536405977770913,0,0.7704791246752053,available
da-test-000161,0,0.0018128191454504351,0,0.7704791246752053,available
da-test-000162,0,0.1186763531956691,0,0.7704791246752053,available
da-test-000163,1,0.9634288757385506,1,0.7704791246752053,available
da-test-000164,0,0.0235276906055861,0,0.7704791246752053,available
da-test-000165,0,0.002931882464924,0,0.7704791246752053,available
da-test-000166,0,0.15283299751788748,0,0.7704791246752053,available
da-test-000167,0,0.004447653190930283,0,0.7704791246752053,available
da-test-000168,0,0.005675152497263579,0,0.7704791246752053,available
da-test-000169,0,0.0037909928612626332,0,0.7704791246752053,available
da-test-000170,0,0.009008143498326047,0,0.7704791246752053,available
da-test-000171,1,0.9783968189118409,1,0.7704791246752053,available
da-test-000172,0,0.016828215867484782,0,0.7704791246752053,available
da-test-000173,0,0.002140543470573103,0,0.7704791246752053,available
da-test-000174,0,0.0043543688129416246,0,0.7704791246752053,available
da-test-000175,0,0.004441560466622522,0,0.7704791246752053,available
da-test-000176,0,0.006083867513128088,0,0.7704791246752053,available
da-test-000177,1,0.9613076385112513,1,0.7704791246752053,available
da-test-000178,0,0.010737374074590291,0,0.7704791246752053,available
da-test-000179,0,0.0017287429972636672,0,0.7704791246752053,available
da-test-000180,0,0.2540250218278774,0,0.7704791246752053,available
da-test-000181,0,0.010351158170200056,0,0.7704791246752053,available
da-test-000182,1,0.9783968189118409,1,0.7704791246752053,available
da-test-000183,0,0.003175569236232568,0,0.7704791246752053,available
da-test-000184,1,0.9613076385112513,1,0.7704791246752053,available
da-test-000185,1,0.9783968189118409,1,0.7704791246752053,available
da-test-000186,0,0.848965519787796,1,0.7704791246752053,available
da-test-000187,1,0.9717785675000145,1,0.7704791246752053,available
da-test-000188,0,0.006145881363375581,0,0.7704791246752053,available
da-test-000189,0,0.004592280989442403,0,0.7704791246752053,available
da-test-000190,0,0.005684544771901457,0,0.7704791246752053,available
da-test-000191,0,0.03957940055092234,0,0.7704791246752053,available
da-test-000192,0,0.01726372022971233,0,0.7704791246752053,available
da-test-000193,1,0.9589394049348997,1,0.7704791246752053,available
da-test-000194,0,0.00364909254135258,0,0.7704791246752053,available
da-test-000195,0,0.0026493410084691086,0,0.7704791246752053,available
da-test-000196,0,0.009561561112820891,0,0.7704791246752053,available
da-test-000197,0,0.0037157350628958803,0,0.7704791246752053,available
da-test-000198,0,0.008046245523963278,0,0.7704791246752053,available
da-test-000199,0,0.05079195495173669,0,0.7704791246752053,available
da-test-000200,0,0.003169428946720569,0,0.7704791246752053,available
da-test-000201,0,0.0046181419536527974,0,0.7704791246752053,available
da-test-000202,0,0.008855150419241706,0,0.7704791246752053,available
da-test-000203,0,0.0033706685249751756,0,0.7704791246752053,available
da-test-000204,0,0.0022113589319734967,0,0.7704791246752053,available
da-test-000205,0,0.011487256812218563,0,0.7704791246752053,available
da-test-000206,0,0.026462348351364653,0,0.7704791246752053,available
da-test-000207,0,0.0025271600505879697,0,0.7704791246752053,available
da-test-000208,0,0.004124160986244824,0,0.7704791246752053,available
da-test-000209,1,0.9417048829505257,1,0.7704791246752053,available
da-test-000210,0,0.025210102117618004,0,0.7704791246752053,available
da-test-000211,0,0.010967500564520359,0,0.7704791246752053,available
da-test-000212,0,0.021238748765934654,0,0.7704791246752053,available
da-test-000213,1,0.9771314371740476,1,0.7704791246752053,available
da-test-000214,0,0.007868717571966045,0,0.7704791246752053,available
da-test-000215,1,0.9530632212075977,1,0.7704791246752053,available
da-test-000216,0,0.007601044284301408,0,0.7704791246752053,available
da-test-000217,0,0.03436435323045944,0,0.7704791246752053,available
da-test-000218,0,0.0023933039520153843,0,0.7704791246752053,available
da-test-000219,0,0.008091852088701659,0,0.7704791246752053,available
da-test-000220,1,0.9322211845550104,1,0.7704791246752053,available
da-test-000221,0,0.004831585067852868,0,0.7704791246752053,available
da-test-000222,1,0.9559421298295403,1,0.7704791246752053,available
da-test-000223,0,0.0023615702661239557,0,0.7704791246752053,available
da-test-000224,0,0.008899284834810759,0,0.7704791246752053,available
da-test-000225,0,0.004210764490516219,0,0.7704791246752053,available
da-test-000226,0,0.2609099671771065,0,0.7704791246752053,available
da-test-000227,1,0.9620677539825998,1,0.7704791246752053,available
da-test-000228,0,0.0066840561575145525,0,0.7704791246752053,available
da-test-000229,0,0.0018128191454504351,0,0.7704791246752053,available
da-test-000230,0,0.0019485211214022263,0,0.7704791246752053,available
da-test-000231,0,0.0023933039520153843,0,0.7704791246752053,available
da-test-000232,0,0.025016708806889297,0,0.7704791246752053,available
da-test-000233,1,0.9761799773427352,1,0.7704791246752053,available
da-test-000234,0,0.0024646234136332865,0,0.7704791246752053,available
da-test-000235,0,0.002809346866537406,0,0.7704791246752053,available
da-test-000236,0,0.0023933039520153843,0,0.7704791246752053,available
da-test-000237,0,0.2815586030529408,0,0.7704791246752053,available
da-test-000238,0,0.004470959384124291,0,0.7704791246752053,available
da-test-000239,1,0.9771314371740476,1,0.7704791246752053,available
da-test-000240,0,0.0022789844094799937,0,0.7704791246752053,available
da-test-000241,0,0.0033910565722340812,0,0.7704791246752053,available
da-test-000242,0,0.006758121373632819,0,0.7704791246752053,available
da-test-000243,0,0.014017850540540168,0,0.7704791246752053,available
da-test-000244,0,0.004333449166455966,0,0.7704791246752053,available
da-test-000245,0,0.0030488632257091993,0,0.7704791246752053,available
da-test-000246,0,0.009937894297631762,0,0.7704791246752053,available
da-test-000247,0,0.007478394916950967,0,0.7704791246752053,available
da-test-000248,0,0.0038349227044441178,0,0.7704791246752053,available
da-test-000249,0,0.001845648907487618,0,0.7704791246752053,available
da-test-000250,0,0.0022789844094799937,0,0.7704791246752053,available
da-test-000251,0,0.0044212814353477205,0,0.7704791246752053,available
da-test-000252,0,0.0018736681464117777,0,0.7704791246752053,available
da-test-000253,0,0.6211987240420477,0,0.7704791246752053,available
da-test-000254,0,0.0024646234136332865,0,0.7704791246752053,available
da-test-000255,0,0.009806673185419255,0,0.7704791246752053,available
da-test-000256,1,0.9393901927500273,1,0.7704791246752053,available
da-test-000257,0,0.010302968236678435,0,0.7704791246752053,available
da-test-000258,0,0.04801021079384358,0,0.7704791246752053,available
da-test-000259,0,0.0033706685249751756,0,0.7704791246752053,available
da-test-000260,0,0.003906522273508668,0,0.7704791246752053,available
da-test-000261,0,0.0020000738309946357,0,0.7704791246752053,available
da-test-000262,0,0.002771736152684698,0,0.7704791246752053,available
da-test-000263,0,0.010201742613030765,0,0.7704791246752053,available
da-test-000264,0,0.004501735693974206,0,0.7704791246752053,available
da-test-000265,1,0.9783968189118409,1,0.7704791246752053,available
da-test-000266,0,0.004248309111060688,0,0.7704791246752053,available
da-test-000267,0,0.003206132500164944,0,0.7704791246752053,available
da-test-000268,0,0.02401862501031112,0,0.7704791246752053,available
da-test-000269,1,0.9637201408420648,1,0.7704791246752053,available
da-test-000270,0,0.007746054419355095,0,0.7704791246752053,available
da-test-000271,0,0.01217665267560587,0,0.7704791246752053,available
da-test-000272,1,0.9675898513742732,1,0.7704791246752053,available
da-test-000273,0,0.0035342248917461464,0,0.7704791246752053,available
da-test-000274,0,0.0025124173173726437,0,0.7704791246752053,available
da-test-000275,0,0.0017660844596902696,0,0.7704791246752053,available
da-test-000276,0,0.0025124173173726437,0,0.7704791246752053,available
da-test-000277,0,0.007424954626443049,0,0.7704791246752053,available
da-test-000278,0,0.00633056941927758,0,0.7704791246752053,available
da-test-000279,0,0.0023615702661239557,0,0.7704791246752053,available
da-test-000280,0,0.0034925617257921164,0,0.7704791246752053,available
da-test-000281,1,0.9567547433425533,1,0.7704791246752053,available
da-test-000282,0,0.011649629137876554,0,0.7704791246752053,available
da-test-000283,0,0.006506906332555522,0,0.7704791246752053,available
da-test-000284,1,0.280448407575087,0,0.7704791246752053,available
da-test-000285,1,0.9523328902564061,1,0.7704791246752053,available
da-test-000286,1,0.9623292852454235,1,0.7704791246752053,available
da-test-000287,1,0.9783968189118409,1,0.7704791246752053,available
da-test-000288,0,0.0058468275648255385,0,0.7704791246752053,available
da-test-000289,0,0.003014194784629476,0,0.7704791246752053,available
da-test-000290,0,0.261633660444439,0,0.7704791246752053,available
da-test-000291,0,0.002283875450408642,0,0.7704791246752053,available
da-test-000292,0,0.0078555585748603,0,0.7704791246752053,available
da-test-000293,0,0.011236165447462105,0,0.7704791246752053,available
da-test-000294,0,0.002066432998269482,0,0.7704791246752053,available
da-test-000295,0,0.005815119845703727,0,0.7704791246752053,available
da-test-000296,0,0.007136621292549513,0,0.7704791246752053,available
da-test-000297,0,0.005592160026819067,0,0.7704791246752053,available
da-test-000298,0,0.005315184003264426,0,0.7704791246752053,available
da-test-000299,1,0.9515029297360194,1,0.7704791246752053,available
da-test-000300,0,0.0026119786550003977,0,0.7704791246752053,available
da-test-000301,0,0.1530564366568793,0,0.7704791246752053,available
da-test-000302,0,0.006644408131970344,0,0.7704791246752053,available
da-test-000303,0,0.0018736681464117777,0,0.7704791246752053,available
da-test-000304,0,0.002771736152684698,0,0.7704791246752053,available
da-test-000305,0,0.0026501777084504165,0,0.7704791246752053,available
da-test-000306,0,0.007379333056713957,0,0.7704791246752053,available
da-test-000307,0,0.002066432998269482,0,0.7704791246752053,available
da-test-000308,0,0.0038919885844243113,0,0.7704791246752053,available
da-test-000309,0,0.0026493410084691086,0,0.7704791246752053,available
da-test-000310,0,0.0072524924911987355,0,0.7704791246752053,available
da-test-000311,1,0.9464712705074599,1,0.7704791246752053,available
da-test-000312,0,0.004463848778069981,0,0.7704791246752053,available
da-test-000313,0,0.002004362642518361,0,0.7704791246752053,available
da-test-000314,0,0.002004362642518361,0,0.7704791246752053,available
da-test-000315,0,0.005965712996448857,0,0.7704791246752053,available
da-test-000316,0,0.01110302655704683,0,0.7704791246752053,available
da-test-000317,0,0.002289912415612654,0,0.7704791246752053,available
da-test-000318,1,0.9688495907805152,1,0.7704791246752053,available
da-test-000319,0,0.006478226213152607,0,0.7704791246752053,available
da-test-000320,0,0.004182044936976144,0,0.7704791246752053,available
da-test-000321,1,0.9743942874087803,1,0.7704791246752053,available
da-test-000322,0,0.0025487307774948193,0,0.7704791246752053,available
da-test-000323,0,0.001953260043437832,0,0.7704791246752053,available
da-test-000324,0,0.00937236072255164,0,0.7704791246752053,available
da-test-000325,0,0.004738324723818949,0,0.7704791246752053,available
da-test-000326,0,0.007427010789054913,0,0.7704791246752053,available
da-test-000327,0,0.0034154438474656578,0,0.7704791246752053,available
da-test-000328,0,0.004908963485707568,0,0.7704791246752053,available
da-test-000329,0,0.004416031550552649,0,0.7704791246752053,available
da-test-000330,0,0.017225163540893658,0,0.7704791246752053,available
da-test-000331,0,0.0033503813984512854,0,0.7704791246752053,available
da-test-000332,0,0.0026501777084504165,0,0.7704791246752053,available
da-test-000333,0,0.0039980031009939025,0,0.7704791246752053,available
da-test-000334,1,0.9743942874087803,1,0.7704791246752053,available
da-test-000335,0,0.02066692762448942,0,0.7704791246752053,available
da-test-000336,0,0.0030894878482496694,0,0.7704791246752053,available
da-test-000337,0,0.0028077090859031655,0,0.7704791246752053,available
da-test-000338,0,0.016517818156718603,0,0.7704791246752053,available
da-test-000339,0,0.0019485211214022263,0,0.7704791246752053,available
da-test-000340,0,0.00507489593771676,0,0.7704791246752053,available
da-test-000341,0,0.00894935301678563,0,0.7704791246752053,available
da-test-000342,0,0.007367568609576206,0,0.7704791246752053,available
da-test-000343,0,0.0023571869962081566,0,0.7704791246752053,available
da-test-000344,0,0.008802070865417962,0,0.7704791246752053,available
da-test-000345,0,0.0026776458884857604,0,0.7704791246752053,available
da-test-000346,0,0.7857710637310795,1,0.7704791246752053,available
da-test-000347,0,0.010094371232329513,0,0.7704791246752053,available
da-test-000348,0,0.01876142592983103,0,0.7704791246752053,available
da-test-000349,0,0.003801669771461141,0,0.7704791246752053,available
da-test-000350,0,0.006368790904463076,0,0.7704791246752053,available
da-test-000351,1,0.9055684346920175,1,0.7704791246752053,available
da-test-000352,0,0.004324670040278553,0,0.7704791246752053,available
da-test-000353,1,0.9308254410199426,1,0.7704791246752053,available
da-test-000354,0,0.002701101025046299,0,0.7704791246752053,available
da-test-000355,0,0.02529337818149388,0,0.7704791246752053,available
da-test-000356,0,0.11839348314173409,0,0.7704791246752053,available
da-test-000357,1,0.9005984167050923,1,0.7704791246752053,available
da-test-000358,0,0.0046817217593642674,0,0.7704791246752053,available
da-test-000359,0,0.008955070092685813,0,0.7704791246752053,available
da-test-000360,0,0.008804127057258587,0,0.7704791246752053,available
da-test-000361,0,0.007398851131368212,0,0.7704791246752053,available
da-test-000362,0,0.006448082365369159,0,0.7704791246752053,available
da-test-000363,0,0.015275802237724777,0,0.7704791246752053,available
da-test-000364,0,0.002790437046655829,0,0.7704791246752053,available
da-test-000365,0,0.003209813993908797,0,0.7704791246752053,available
da-test-000366,0,0.0025966879092709336,0,0.7704791246752053,available
da-test-000367,0,0.0031888881884070287,0,0.7704791246752053,available
da-test-000368,0,0.0027746210932422135,0,0.7704791246752053,available
da-test-000369,0,0.008073394469023212,0,0.7704791246752053,available
da-test-000370,0,0.004502345784029689,0,0.7704791246752053,available
da-test-000371,0,0.002927025651049474,0,0.7704791246752053,available
da-test-000372,0,0.027172629620210723,0,0.7704791246752053,available
da-test-000373,0,0.004831051846924123,0,0.7704791246752053,available
da-test-000374,0,0.002931882464924,0,0.7704791246752053,available
da-test-000375,0,0.003454902478496309,0,0.7704791246752053,available
da-test-000376,0,0.025049202823884415,0,0.7704791246752053,available
da-test-000377,0,0.0032500719531881237,0,0.7704791246752053,available
da-test-000378,0,0.0035062546878325404,0,0.7704791246752053,available
da-test-000379,0,0.007926061599031416,0,0.7704791246752053,available
da-test-000380,1,0.9743942874087803,1,0.7704791246752053,available
da-test-000381,1,0.9520544780405247,1,0.7704791246752053,available
da-test-000382,1,0.9783968189118409,1,0.7704791246752053,available
da-test-000383,1,0.9783968189118409,1,0.7704791246752053,available
da-test-000384,0,0.0038242872196474396,0,0.7704791246752053,available
da-test-000385,0,0.0030554863042219775,0,0.7704791246752053,available
da-test-000386,1,0.9783968189118409,1,0.7704791246752053,available
da-test-000387,1,0.972900955425758,1,0.7704791246752053,available
da-test-000388,0,0.008007573386785689,0,0.7704791246752053,available
da-test-000389,0,0.002931882464924,0,0.7704791246752053,available
da-test-000390,0,0.0029373990235570403,0,0.7704791246752053,available
da-test-000391,0,0.011131817402999096,0,0.7704791246752053,available
da-test-000392,1,0.9577980256355078,1,0.7704791246752053,available
da-test-000393,0,0.003716872751287908,0,0.7704791246752053,available
da-test-000394,0,0.07387070358371732,0,0.7704791246752053,available
da-test-000395,1,0.9743942874087803,1,0.7704791246752053,available
da-test-000396,0,0.0030554863042219775,0,0.7704791246752053,available
da-test-000397,1,0.9783968189118409,1,0.7704791246752053,available
da-test-000398,0,0.003928849461737978,0,0.7704791246752053,available
da-test-000399,1,0.9610611471445893,1,0.7704791246752053,available
da-test-000400,1,0.9783968189118409,1,0.7704791246752053,available
da-test-000401,0,0.008007573386785689,0,0.7704791246752053,available
da-test-000402,0,0.004214521307056724,0,0.7704791246752053,available
da-test-000403,0,0.0020087471333606554,0,0.7704791246752053,available
da-test-000404,1,0.9737157221943314,1,0.7704791246752053,available
da-test-000405,0,0.003716872751287908,0,0.7704791246752053,available
da-test-000406,1,0.9605764880628305,1,0.7704791246752053,available
da-test-000407,0,0.0070612086997708795,0,0.7704791246752053,available
da-test-000408,0,0.005448525323063391,0,0.7704791246752053,available
da-test-000409,0,0.0017552373149381521,0,0.7704791246752053,available
da-test-000410,0,0.009327628712382574,0,0.7704791246752053,available
da-test-000411,1,0.9771314371740476,1,0.7704791246752053,available
da-test-000412,0,0.004334257214802667,0,0.7704791246752053,available
da-test-000413,0,0.13771463541244705,0,0.7704791246752053,available
da-test-000414,0,0.0022339731474192467,0,0.7704791246752053,available
da-test-000415,1,0.9783968189118409,1,0.7704791246752053,available
da-test-000416,0,0.004417207814335686,0,0.7704791246752053,available
da-test-000417,0,0.002785010045106463,0,0.7704791246752053,available
da-test-000418,0,0.0030762287600221,0,0.7704791246752053,available
da-test-000419,0,0.022670306752736243,0,0.7704791246752053,available
da-test-000420,0,0.0030554863042219775,0,0.7704791246752053,available
da-test-000421,0,0.001953260043437832,0,0.7704791246752053,available
da-test-000422,0,0.018075915518389055,0,0.7704791246752053,available
da-test-000423,0,0.014058636149998744,0,0.7704791246752053,available
da-test-000424,0,0.05457382815455191,0,0.7704791246752053,available
da-test-000425,0,0.0135084135808885,0,0.7704791246752053,available
da-test-000426,0,0.009582529438239649,0,0.7704791246752053,available
da-test-000427,1,0.9656735048854188,1,0.7704791246752053,available
da-test-000428,0,0.004348962679833734,0,0.7704791246752053,available
da-test-000429,0,0.013877753721474486,0,0.7704791246752053,available
da-test-000430,0,0.018027353523249242,0,0.7704791246752053,available
da-test-000431,0,0.002065671079898312,0,0.7704791246752053,available
da-test-000432,0,0.004009011051898229,0,0.7704791246752053,available
da-test-000433,0,0.0028133013051918495,0,0.7704791246752053,available
da-test-000434,0,0.011168724318916008,0,0.7704791246752053,available
da-test-000435,0,0.0019073296533138695,0,0.7704791246752053,available
da-test-000436,0,0.003014194784629476,0,0.7704791246752053,available
da-test-000437,0,0.0027347518172650253,0,0.7704791246752053,available
da-test-000438,1,0.9589394049348997,1,0.7704791246752053,available
da-test-000439,0,0.0030622099753666436,0,0.7704791246752053,available
da-test-000440,0,0.018744921805911217,0,0.7704791246752053,available
da-test-000441,0,0.002004362642518361,0,0.7704791246752053,available
da-test-000442,0,0.0028998063512794127,0,0.7704791246752053,available
da-test-000443,1,0.9625956274032043,1,0.7704791246752053,available
da-test-000444,0,0.0033706685249751756,0,0.7704791246752053,available
da-test-000445,0,0.004315455429749242,0,0.7704791246752053,available
da-test-000446,0,0.002785010045106463,0,0.7704791246752053,available
da-test-000447,0,0.0028901124554584177,0,0.7704791246752053,available
da-test-000448,0,0.001845648907487618,0,0.7704791246752053,available
da-test-000449,0,0.003716872751287908,0,0.7704791246752053,available
da-test-000450,1,0.9590079686086497,1,0.7704791246752053,available
da-test-000451,0,0.002771736152684698,0,0.7704791246752053,available
da-test-000452,0,0.002931882464924,0,0.7704791246752053,available
da-test-000453,0,0.027404749184294277,0,0.7704791246752053,available
da-test-000454,0,0.001845648907487618,0,0.7704791246752053,available
da-test-000455,1,0.9637201408420648,1,0.7704791246752053,available
da-test-000456,0,0.009300545320544189,0,0.7704791246752053,available
da-test-000457,0,0.005601603394677578,0,0.7704791246752053,available
da-test-000458,0,0.002209857796931237,0,0.7704791246752053,available
da-test-000459,1,0.9603377354288463,1,0.7704791246752053,available
da-test-000460,0,0.11588148894618526,0,0.7704791246752053,available
da-test-000461,0,0.015095635153037997,0,0.7704791246752053,available
da-test-000462,0,0.0026493410084691086,0,0.7704791246752053,available
da-test-000463,0,0.06679354380795376,0,0.7704791246752053,available
da-test-000464,1,0.9501430160939396,1,0.7704791246752053,available
da-test-000465,0,0.006142208349846286,0,0.7704791246752053,available
da-test-000466,0,0.0035242922175282307,0,0.7704791246752053,available
da-test-000467,1,0.9783968189118409,1,0.7704791246752053,available
da-test-000468,1,0.9497786011212843,1,0.7704791246752053,available
da-test-000469,0,0.007746054419355095,0,0.7704791246752053,available
da-test-000470,0,0.1687332445587465,0,0.7704791246752053,available
da-test-000471,0,0.00930493017689155,0,0.7704791246752053,available
da-test-000472,0,0.007838896400657531,0,0.7704791246752053,available
da-test-000473,1,0.9344812597494534,1,0.7704791246752053,available
da-test-000474,0,0.002845928625275591,0,0.7704791246752053,available
da-test-000475,0,0.002283161328599677,0,0.7704791246752053,available
da-test-000476,1,0.9743942874087803,1,0.7704791246752053,available
da-test-000477,0,0.002107406399081355,0,0.7704791246752053,available
da-test-000478,1,0.4143423373128593,0,0.7704791246752053,available
da-test-000479,0,0.0028324315424366905,0,0.7704791246752053,available
da-test-000480,0,0.003014194784629476,0,0.7704791246752053,available
da-test-000481,1,0.9783968189118409,1,0.7704791246752053,available
da-test-000482,0,0.003617808584616564,0,0.7704791246752053,available
da-test-000483,0,0.012095019048661773,0,0.7704791246752053,available
da-test-000484,0,0.0026957083089060117,0,0.7704791246752053,available
da-test-000485,0,0.003024072247033064,0,0.7704791246752053,available
da-test-000486,1,0.9155332479428623,1,0.7704791246752053,available
da-test-000487,0,0.0039414215238916485,0,0.7704791246752053,available
da-test-000488,0,0.0028591743996180183,0,0.7704791246752053,available
da-test-000489,1,0.9717785675000145,1,0.7704791246752053,available
da-test-000490,0,0.003074250678286944,0,0.7704791246752053,available
da-test-000491,0,0.0022113589319734967,0,0.7704791246752053,available
da-test-000492,0,0.0024014456753549186,0,0.7704791246752053,available
da-test-000493,0,0.003093112334980492,0,0.7704791246752053,available
da-test-000494,0,0.019105868995595212,0,0.7704791246752053,available
da-test-000495,0,0.002778067261046617,0,0.7704791246752053,available
da-test-000496,0,0.008839035433193988,0,0.7704791246752053,available
da-test-000497,0,0.0028077090859031655,0,0.7704791246752053,available
da-test-000498,0,0.01954497024862147,0,0.7704791246752053,available
da-test-000499,0,0.001953260043437832,0,0.7704791246752053,available
da-test-000500,0,0.005916719304867016,0,0.7704791246752053,available
da-test-000501,0,0.015054980385883775,0,0.7704791246752053,available
da-test-000502,0,0.015586057260040354,0,0.7704791246752053,available
da-test-000503,0,0.0022113589319734967,0,0.7704791246752053,available
da-test-000504,0,0.11491958600733615,0,0.7704791246752053,available
da-test-000505,0,0.023970243440615345,0,0.7704791246752053,available
da-test-000506,1,0.9743942874087803,1,0.7704791246752053,available
da-test-000507,0,0.0024646234136332865,0,0.7704791246752053,available
da-test-000508,0,0.001845648907487618,0,0.7704791246752053,available
da-test-000509,0,0.002927025651049474,0,0.7704791246752053,available
da-test-000510,0,0.0031737939530626555,0,0.7704791246752053,available
da-test-000511,0,0.00411070896339563,0,0.7704791246752053,available
da-test-000512,0,0.002771736152684698,0,0.7704791246752053,available
da-test-000513,0,0.00818375233666297,0,0.7704791246752053,available
da-test-000514,1,0.9586375669266127,1,0.7704791246752053,available
da-test-000515,1,0.9628672870369784,1,0.7704791246752053,available
da-test-000516,0,0.0030554863042219775,0,0.7704791246752053,available
da-test-000517,0,0.0029236737888899615,0,0.7704791246752053,available
da-test-000518,1,0.9743942874087803,1,0.7704791246752053,available
da-test-000519,0,0.0024646234136332865,0,0.7704791246752053,available
da-test-000520,1,0.8426121726284995,1,0.7704791246752053,available
da-test-000521,0,0.018744921805911217,0,0.7704791246752053,available
da-test-000522,0,0.004072853214518439,0,0.7704791246752053,available
da-test-000523,0,0.004696094883716992,0,0.7704791246752053,available
da-test-000524,0,0.006277223906501957,0,0.7704791246752053,available
da-test-000525,1,0.9783968189118409,1,0.7704791246752053,available
da-test-000526,0,0.004346597764824792,0,0.7704791246752053,available
da-test-000527,1,0.9783968189118409,1,0.7704791246752053,available
da-test-000528,1,0.9783968189118409,1,0.7704791246752053,available
da-test-000529,0,0.008941680272712622,0,0.7704791246752053,available
da-test-000530,0,0.002771736152684698,0,0.7704791246752053,available
da-test-000531,0,0.00404532257752838,0,0.7704791246752053,available
da-test-000532,0,0.018036107310425407,0,0.7704791246752053,available
da-test-000533,1,0.8638737690331603,1,0.7704791246752053,available
da-test-000534,0,0.0030554863042219775,0,0.7704791246752053,available
da-test-000535,0,0.0032500719531881237,0,0.7704791246752053,available
da-test-000536,0,0.002751917258223693,0,0.7704791246752053,available
da-test-000537,1,0.9586375669266127,1,0.7704791246752053,available
da-test-000538,0,0.005294121973787242,0,0.7704791246752053,available
da-test-000539,0,0.0027230001616778132,0,0.7704791246752053,available
da-test-000540,0,0.058545623714250296,0,0.7704791246752053,available
da-test-000541,0,0.002209857796931237,0,0.7704791246752053,available
da-test-000542,0,0.0022789844094799937,0,0.7704791246752053,available
da-test-000543,0,0.013853166387208973,0,0.7704791246752053,available
da-test-000544,0,0.11794720070621383,0,0.7704791246752053,available
da-test-000545,0,0.003191163668716655,0,0.7704791246752053,available
da-test-000546,0,0.003950623249719315,0,0.7704791246752053,available
da-test-000547,0,0.7068988695779433,0,0.7704791246752053,available
da-test-000548,0,0.0023185115267890764,0,0.7704791246752053,available
da-test-000549,0,0.005862516848696604,0,0.7704791246752053,available
da-test-000550,0,0.001801685478193655,0,0.7704791246752053,available
da-test-000551,0,0.0026493410084691086,0,0.7704791246752053,available
da-test-000552,0,0.03357405370657332,0,0.7704791246752053,available
da-test-000553,0,0.0033706685249751756,0,0.7704791246752053,available
da-test-000554,0,0.00404956055287614,0,0.7704791246752053,available
da-test-000555,0,0.0024646234136332865,0,0.7704791246752053,available
da-test-000556,0,0.002816482098823071,0,0.7704791246752053,available
da-test-000557,0,0.14834983655618378,0,0.7704791246752053,available
da-test-000558,0,0.002169313559136054,0,0.7704791246752053,available
da-test-000559,0,0.012275941615547207,0,0.7704791246752053,available
da-test-000560,0,0.04791610800349602,0,0.7704791246752053,available
da-test-000561,0,0.005369629012290823,0,0.7704791246752053,available
da-test-000562,0,0.002004362642518361,0,0.7704791246752053,available
da-test-000563,0,0.0035576403365148415,0,0.7704791246752053,available
da-test-000564,1,0.9743942874087803,1,0.7704791246752053,available
da-test-000565,1,0.6860501578353249,0,0.7704791246752053,available
da-test-000566,0,0.0035083287850827204,0,0.7704791246752053,available
da-test-000567,1,0.955941304744798,1,0.7704791246752053,available
da-test-000568,0,0.0031737939530626555,0,0.7704791246752053,available
da-test-000569,1,0.9743942874087803,1,0.7704791246752053,available
da-test-000570,0,0.010346945334790532,0,0.7704791246752053,available
da-test-000571,1,0.9488701606833293,1,0.7704791246752053,available
da-test-000572,0,0.0039519562062024826,0,0.7704791246752053,available
da-test-000573,0,0.014903088295181706,0,0.7704791246752053,available
da-test-000574,0,0.008513470854561769,0,0.7704791246752053,available
da-test-000575,1,0.9783968189118409,1,0.7704791246752053,available
da-test-000576,1,0.9783968189118409,1,0.7704791246752053,available
da-test-000577,0,0.0022789844094799937,0,0.7704791246752053,available
da-test-000578,1,0.9743942874087803,1,0.7704791246752053,available
da-test-000579,0,0.010376720348888303,0,0.7704791246752053,available
da-test-000580,0,0.0031771067561586755,0,0.7704791246752053,available
da-test-000581,1,0.9716977912934849,1,0.7704791246752053,available
da-test-000582,0,0.0022113589319734967,0,0.7704791246752053,available
da-test-000583,0,0.0038645767693289983,0,0.7704791246752053,available
da-test-000584,0,0.002458386612674335,0,0.7704791246752053,available
da-test-000585,0,0.0175638483616034,0,0.7704791246752053,available
da-test-000586,0,0.11663515591803766,0,0.7704791246752053,available
da-test-000587,0,0.003659691962012425,0,0.7704791246752053,available
da-test-000588,0,0.0041823995477566385,0,0.7704791246752053,available
da-test-000589,0,0.009956552071050027,0,0.7704791246752053,available
da-test-000590,0,0.0038960099405341334,0,0.7704791246752053,available
da-test-000591,1,0.9783968189118409,1,0.7704791246752053,available
da-test-000592,0,0.0025628133072700477,0,0.7704791246752053,available
da-test-000593,0,0.004720438979075381,0,0.7704791246752053,available
da-test-000594,0,0.01529933515093622,0,0.7704791246752053,available
da-test-000595,0,0.005316092501918092,0,0.7704791246752053,available
da-test-000596,0,0.0048436208794295655,0,0.7704791246752053,available
da-test-000597,0,0.013989295902469199,0,0.7704791246752053,available
da-test-000598,0,0.002681799975914992,0,0.7704791246752053,available
da-test-000599,0,0.009733183348681479,0,0.7704791246752053,available
da-test-000600,0,0.0029373990235570403,0,0.7704791246752053,available
da-test-000601,1,0.9552913165468234,1,0.7704791246752053,available
da-test-000602,1,0.3423765293622013,0,0.7704791246752053,available
da-test-000603,1,0.9448295545716847,1,0.7704791246752053,available
da-test-000604,0,0.00784344586803793,0,0.7704791246752053,available
da-test-000605,0,0.0034077030534130424,0,0.7704791246752053,available
da-test-000606,1,0.9743942874087803,1,0.7704791246752053,available
da-test-000607,0,0.006816726948561674,0,0.7704791246752053,available
da-test-000608,0,0.7092700294129278,0,0.7704791246752053,available
da-test-000609,1,0.9783968189118409,1,0.7704791246752053,available
da-test-000610,1,0.9753894854532708,1,0.7704791246752053,available
da-test-000611,0,0.006651075346200796,0,0.7704791246752053,available
da-test-000612,1,0.9743942874087803,1,0.7704791246752053,available
da-test-000613,1,0.9491138783303522,1,0.7704791246752053,available
da-test-000614,1,0.9616351439000875,1,0.7704791246752053,available
da-test-000615,1,0.9783968189118409,1,0.7704791246752053,available
da-test-000616,0,0.0029373990235570403,0,0.7704791246752053,available
da-test-000617,0,0.0059145429774427,0,0.7704791246752053,available
da-test-000618,0,0.026767574075521536,0,0.7704791246752053,available
da-test-000619,1,0.6401795422971555,0,0.7704791246752053,available
da-test-000620,0,0.00623772893786396,0,0.7704791246752053,available
da-test-000621,1,0.9743942874087803,1,0.7704791246752053,available
da-test-000622,1,0.940946853851025,1,0.7704791246752053,available
da-test-000623,0,0.007851839299567934,0,0.7704791246752053,available
da-test-000624,0,0.002992179201133263,0,0.7704791246752053,available
da-test-000625,0,0.019952976825725516,0,0.7704791246752053,available
da-test-000626,1,0.9544390104326131,1,0.7704791246752053,available
da-test-000627,0,0.0030554863042219775,0,0.7704791246752053,available
da-test-000628,0,0.0020087471333606554,0,0.7704791246752053,available
da-test-000629,0,0.0025328110279963295,0,0.7704791246752053,available
da-test-000630,0,0.008881103190632131,0,0.7704791246752053,available
da-test-000631,0,0.0018736681464117777,0,0.7704791246752053,available
da-test-000632,0,0.010629282633082923,0,0.7704791246752053,available
da-test-000633,0,0.004098489676851914,0,0.7704791246752053,available
da-test-000634,0,0.003018935700623571,0,0.7704791246752053,available
da-test-000635,0,0.003716872751287908,0,0.7704791246752053,available
da-test-000636,0,0.00482976850324671,0,0.7704791246752053,available
da-test-000637,1,0.9717785675000145,1,0.7704791246752053,available
da-test-000638,0,0.002140543470573103,0,0.7704791246752053,available
da-test-000639,0,0.0029373990235570403,0,0.7704791246752053,available
da-test-000640,0,0.003297027157237947,0,0.7704791246752053,available
da-test-000641,0,0.006027171317401078,0,0.7704791246752053,available
da-test-000642,1,0.9693200689483621,1,0.7704791246752053,available
da-test-000643,0,0.003329993063024178,0,0.7704791246752053,available
da-test-000644,1,0.9751653013871203,1,0.7704791246752053,available
da-test-000645,0,0.0399954397118625,0,0.7704791246752053,available
da-test-000646,1,0.9783968189118409,1,0.7704791246752053,available
da-test-000647,0,0.002769317751275743,0,0.7704791246752053,available
da-test-000648,1,0.9783968189118409,1,0.7704791246752053,available
da-test-000649,0,0.0057740471435357545,0,0.7704791246752053,available
da-test-000650,0,0.0018736681464117777,0,0.7704791246752053,available
da-test-000651,0,0.005601603394677578,0,0.7704791246752053,available
da-test-000652,1,0.2560516966250642,0,0.7704791246752053,available
da-test-000653,0,0.0034009478972784695,0,0.7704791246752053,available
da-test-000654,0,0.005678403412598261,0,0.7704791246752053,available
da-test-000655,0,0.0017660844596902696,0,0.7704791246752053,available
da-test-000656,0,0.01176654735491905,0,0.7704791246752053,available
da-test-000657,0,0.008955070092685813,0,0.7704791246752053,available
da-test-000658,0,0.005416786331645343,0,0.7704791246752053,available
da-test-000659,0,0.010981618089533803,0,0.7704791246752053,available
da-test-000660,0,0.04801021079384358,0,0.7704791246752053,available
da-test-000661,1,0.9534632541083322,1,0.7704791246752053,available
da-test-000662,0,0.008160959843574622,0,0.7704791246752053,available
da-test-000663,1,0.9776782129402325,1,0.7704791246752053,available
da-test-000664,1,0.9485726156688115,1,0.7704791246752053,available
da-test-000665,0,0.003014194784629476,0,0.7704791246752053,available
da-test-000666,0,0.002963863932567974,0,0.7704791246752053,available
da-test-000667,0,0.002065671079898312,0,0.7704791246752053,available
da-test-000668,0,0.0024014456753549186,0,0.7704791246752053,available
da-test-000669,1,0.9743942874087803,1,0.7704791246752053,available
da-test-000670,0,0.0036127551926252843,0,0.7704791246752053,available
da-test-000671,0,0.00307232704159851,0,0.7704791246752053,available
da-test-000672,0,0.0023615702661239557,0,0.7704791246752053,available
da-test-000673,0,0.004218645992797323,0,0.7704791246752053,available
da-test-000674,1,0.9811773369123169,1,0.7704791246752053,available
da-test-000675,0,0.0028591743996180183,0,0.7704791246752053,available
da-test-000676,1,0.9800715035178775,1,0.7704791246752053,available
da-test-000677,0,0.002879638429296185,0,0.7704791246752053,available
da-test-000678,0,0.003141587483023677,0,0.7704791246752053,available
da-test-000679,0,0.001672827849486853,0,0.7704791246752053,available
da-test-000680,1,0.9494380054590446,1,0.7704791246752053,available
da-test-000681,0,0.0015403258941001253,0,0.7704791246752053,available
da-test-000682,0,0.6658029920832597,0,0.7704791246752053,available
da-test-000683,0,0.0024152675140163156,0,0.7704791246752053,available
da-test-000684,0,0.0025487307774948193,0,0.7704791246752053,available
da-test-000685,0,0.0037672541277291006,0,0.7704791246752053,available
da-test-000686,1,0.9717785675000145,1,0.7704791246752053,available
da-test-000687,0,0.004882833356076395,0,0.7704791246752053,available
da-test-000688,0,0.002353707630219716,0,0.7704791246752053,available
da-test-000689,0,0.023602537872187333,0,0.7704791246752053,available
da-test-000690,0,0.005445578900074387,0,0.7704791246752053,available
da-test-000691,0,0.009073050280621116,0,0.7704791246752053,available
da-test-000692,0,0.0025124173173726437,0,0.7704791246752053,available
da-test-000693,0,0.003496432618351459,0,0.7704791246752053,available
da-test-000694,1,0.6921253785764404,0,0.7704791246752053,available
da-test-000695,0,0.007294998689148134,0,0.7704791246752053,available
da-test-000696,0,0.002020483108654454,0,0.7704791246752053,available
da-test-000697,0,0.009062633992344412,0,0.7704791246752053,available
da-test-000698,0,0.008253208793564167,0,0.7704791246752053,available
da-test-000699,1,0.9417604584566361,1,0.7704791246752053,available
da-test-000700,0,0.0035576403365148415,0,0.7704791246752053,available
da-test-000701,0,0.0026852723511301777,0,0.7704791246752053,available
da-test-000702,1,0.9675898513742732,1,0.7704791246752053,available
da-test-000703,0,0.002825468708787818,0,0.7704791246752053,available
da-test-000704,1,0.9783968189118409,1,0.7704791246752053,available
da-test-000705,0,0.002233337744611335,0,0.7704791246752053,available
da-test-000706,0,0.0038531004973274777,0,0.7704791246752053,available
da-test-000707,0,0.003993049673191392,0,0.7704791246752053,available
da-test-000708,0,0.1300824727997703,0,0.7704791246752053,available
da-test-000709,0,0.001845648907487618,0,0.7704791246752053,available
da-test-000710,0,0.0026119786550003977,0,0.7704791246752053,available
da-test-000711,0,0.0030777772672009795,0,0.7704791246752053,available
da-test-000712,0,0.11451124700922331,0,0.7704791246752053,available
da-test-000713,0,0.004420489172904698,0,0.7704791246752053,available
da-test-000714,0,0.008309336565611489,0,0.7704791246752053,available
da-test-000715,0,0.0035402947685467174,0,0.7704791246752053,available
da-test-000716,0,0.0059628524418459915,0,0.7704791246752053,available
da-test-000717,1,0.8919178765228697,1,0.7704791246752053,available
da-test-000718,0,0.004441560466622522,0,0.7704791246752053,available
da-test-000719,0,0.0022789844094799937,0,0.7704791246752053,available
da-test-000720,0,0.19013641741103224,0,0.7704791246752053,available
da-test-000721,0,0.004765476978104189,0,0.7704791246752053,available
da-test-000722,1,0.943432208091577,1,0.7704791246752053,available
da-test-000723,0,0.004982681962247335,0,0.7704791246752053,available
da-test-000724,0,0.00358527061043611,0,0.7704791246752053,available
da-test-000725,0,0.0029373990235570403,0,0.7704791246752053,available
da-test-000726,0,0.2907146363910094,0,0.7704791246752053,available
da-test-000727,0,0.010595030234174371,0,0.7704791246752053,available
da-test-000728,0,0.0020087471333606554,0,0.7704791246752053,available
da-test-000729,0,0.006735642655848549,0,0.7704791246752053,available
da-test-000730,0,0.002328302782972532,0,0.7704791246752053,available
da-test-000731,0,0.0017660844596902696,0,0.7704791246752053,available
da-test-000732,0,0.0030295588447377627,0,0.7704791246752053,available
da-test-000733,0,0.003303228487082275,0,0.7704791246752053,available
da-test-000734,0,0.004333449166455966,0,0.7704791246752053,available
da-test-000735,1,0.9783968189118409,1,0.7704791246752053,available
da-test-000736,0,0.008457673786973076,0,0.7704791246752053,available
da-test-000737,1,0.9743942874087803,1,0.7704791246752053,available
da-test-000738,0,0.003733229423951374,0,0.7704791246752053,available
da-test-000739,1,0.9623292852454235,1,0.7704791246752053,available
da-test-000740,0,0.0024646234136332865,0,0.7704791246752053,available
da-test-000741,0,0.003418688752125936,0,0.7704791246752053,available
da-test-000742,0,0.004152892950766837,0,0.7704791246752053,available
da-test-000743,0,0.001672827849486853,0,0.7704791246752053,available
da-test-000744,0,0.0020214328588572536,0,0.7704791246752053,available
da-test-000745,0,0.0028823633052575356,0,0.7704791246752053,available
da-test-000746,0,0.006509007623657164,0,0.7704791246752053,available
da-test-000747,0,0.004982681962247335,0,0.7704791246752053,available
da-test-000748,0,0.002771736152684698,0,0.7704791246752053,available
da-test-000749,0,0.007381598828088688,0,0.7704791246752053,available
da-test-000750,0,0.05615525657264761,0,0.7704791246752053,available
da-test-000751,0,0.0025599753662531224,0,0.7704791246752053,available
da-test-000752,0,0.05432054683357546,0,0.7704791246752053,available
da-test-000753,0,0.0035720005392194643,0,0.7704791246752053,available
da-test-000754,1,0.9783968189118409,1,0.7704791246752053,available
da-test-000755,0,0.007579862283209854,0,0.7704791246752053,available
da-test-000756,0,0.0066868903602908866,0,0.7704791246752053,available
da-test-000757,0,0.020638686499767286,0,0.7704791246752053,available
da-test-000758,0,0.005739658306668332,0,0.7704791246752053,available
da-test-000759,0,0.002138921034641831,0,0.7704791246752053,available
da-test-000760,0,0.002751917258223693,0,0.7704791246752053,available
da-test-000761,1,0.9783968189118409,1,0.7704791246752053,available
da-test-000762,0,0.0026776458884857604,0,0.7704791246752053,available
da-test-000763,0,0.0030029407883519856,0,0.7704791246752053,available
da-test-000764,0,0.007542700289611347,0,0.7704791246752053,available
da-test-000765,0,0.11922822613799386,0,0.7704791246752053,available
da-test-000766,0,0.0031169981350818855,0,0.7704791246752053,available
da-test-000767,1,0.8036472140306342,1,0.7704791246752053,available
da-test-000768,0,0.004982681962247335,0,0.7704791246752053,available
da-test-000769,0,0.010974520422747084,0,0.7704791246752053,available
da-test-000770,0,0.0030028357515270005,0,0.7704791246752053,available
da-test-000771,1,0.9193790992184786,1,0.7704791246752053,available
da-test-000772,1,0.972900955425758,1,0.7704791246752053,available
da-test-000773,0,0.1929733088744457,0,0.7704791246752053,available
da-test-000774,0,0.0029365384019020566,0,0.7704791246752053,available
da-test-000775,0,0.0030554863042219775,0,0.7704791246752053,available
da-test-000776,0,0.00849624037713666,0,0.7704791246752053,available
da-test-000777,0,0.0036127551926252843,0,0.7704791246752053,available
da-test-000778,1,0.9743942874087803,1,0.7704791246752053,available
da-test-000779,0,0.010244851087676818,0,0.7704791246752053,available
da-test-000780,0,0.8442918590544174,1,0.7704791246752053,available
da-test-000781,0,0.1472487605553171,0,0.7704791246752053,available
da-test-000782,0,0.002790437046655829,0,0.7704791246752053,available
da-test-000783,1,0.9382908601099144,1,0.7704791246752053,available
da-test-000784,1,0.8908238400696317,1,0.7704791246752053,available
da-test-000785,0,0.0026501777084504165,0,0.7704791246752053,available
da-test-000786,0,0.0028751811776168007,0,0.7704791246752053,available
da-test-000787,1,0.95479761290348,1,0.7704791246752053,available
da-test-000788,0,0.002458386612674335,0,0.7704791246752053,available
da-test-000789,0,0.019268720361090546,0,0.7704791246752053,available
da-test-000790,0,0.006943456248133555,0,0.7704791246752053,available
da-test-000791,0,0.0026776458884857604,0,0.7704791246752053,available
da-test-000792,0,0.002630729112783564,0,0.7704791246752053,available
da-test-000793,0,0.00394137122808391,0,0.7704791246752053,available
da-test-000794,0,0.0022113589319734967,0,0.7704791246752053,available
da-test-000795,0,0.006760902683234454,0,0.7704791246752053,available
da-test-000796,0,0.012602030859376901,0,0.7704791246752053,available
da-test-000797,0,0.22315937428200067,0,0.7704791246752053,available
da-test-000798,0,0.002318161586343356,0,0.7704791246752053,available
da-test-000799,0,0.005965712996448857,0,0.7704791246752053,available
da-test-000800,0,0.008537239390566182,0,0.7704791246752053,available
da-test-000801,0,0.0020214328588572536,0,0.7704791246752053,available
da-test-000802,0,0.004036026049272362,0,0.7704791246752053,available
da-test-000803,0,0.005593855579709196,0,0.7704791246752053,available
da-test-000804,0,0.01027930546078826,0,0.7704791246752053,available
da-test-000805,0,0.0037341103298158436,0,0.7704791246752053,available
da-test-000806,0,0.001801685478193655,0,0.7704791246752053,available
da-test-000807,0,0.02345025458594137,0,0.7704791246752053,available
da-test-000808,0,0.006997468509260738,0,0.7704791246752053,available
da-test-000809,0,0.0038351973952953054,0,0.7704791246752053,available
da-test-000810,0,0.004815394759020006,0,0.7704791246752053,available
da-test-000811,0,0.0023615702661239557,0,0.7704791246752053,available
da-test-000812,1,0.9706212570853058,1,0.7704791246752053,available
da-test-000813,0,0.030454056777232633,0,0.7704791246752053,available
da-test-000814,0,0.005314107155578972,0,0.7704791246752053,available
da-test-000815,0,0.003230018875648494,0,0.7704791246752053,available
da-test-000816,0,0.012241999214662585,0,0.7704791246752053,available
da-test-000817,1,0.9344812597494534,1,0.7704791246752053,available
da-test-000818,0,0.0059628524418459915,0,0.7704791246752053,available
da-test-000819,0,0.003014194784629476,0,0.7704791246752053,available
da-test-000820,0,0.003334310608678881,0,0.7704791246752053,available
da-test-000821,1,0.7463528409747784,0,0.7704791246752053,available
da-test-000822,0,0.0028591743996180183,0,0.7704791246752053,available
da-test-000823,0,0.02136462395188686,0,0.7704791246752053,available
da-test-000824,1,0.953936348875729,1,0.7704791246752053,available
da-test-000825,0,0.008542716925033314,0,0.7704791246752053,available
da-test-000826,0,0.0036185969341169053,0,0.7704791246752053,available
da-test-000827,0,0.00400773807434738,0,0.7704791246752053,available
da-test-000828,0,0.5687241749304675,0,0.7704791246752053,available
da-test-000829,1,0.9743942874087803,1,0.7704791246752053,available
da-test-000830,0,0.0017660844596902696,0,0.7704791246752053,available
da-test-000831,0,0.0017287429972636672,0,0.7704791246752053,available
da-test-000832,0,0.01897992602678926,0,0.7704791246752053,available
da-test-000833,1,0.9594005366342189,1,0.7704791246752053,available
da-test-000834,1,0.9743942874087803,1,0.7704791246752053,available
da-test-000835,1,0.9586375669266127,1,0.7704791246752053,available
da-test-000836,0,0.002367447860507825,0,0.7704791246752053,available
da-test-000837,1,0.9610225018654179,1,0.7704791246752053,available
da-test-000838,0,0.0111845204157024,0,0.7704791246752053,available
da-test-000839,1,0.9783968189118409,1,0.7704791246752053,available
da-test-000840,0,0.00326645074189038,0,0.7704791246752053,available
da-test-000841,0,0.6572678080143163,0,0.7704791246752053,available
da-test-000842,0,0.014012149780091458,0,0.7704791246752053,available
da-test-000843,1,0.9509566818652545,1,0.7704791246752053,available
da-test-000844,0,0.004666093894688674,0,0.7704791246752053,available
da-test-000845,0,0.0025242973838816313,0,0.7704791246752053,available
da-test-000846,1,0.952613432485867,1,0.7704791246752053,available
da-test-000847,0,0.002635519393398923,0,0.7704791246752053,available
da-test-000848,1,0.6378636884898393,0,0.7704791246752053,available
da-test-000849,1,0.9783968189118409,1,0.7704791246752053,available
da-test-000850,1,0.9743942874087803,1,0.7704791246752053,available
da-test-000851,0,0.003163724434893154,0,0.7704791246752053,available
da-test-000852,0,0.0046317151340829026,0,0.7704791246752053,available
da-test-000853,0,0.0029236737888899615,0,0.7704791246752053,available
da-test-000854,1,0.9608429660454973,1,0.7704791246752053,available
da-test-000855,0,0.035081265652882304,0,0.7704791246752053,available
da-test-000856,0,0.0030889070613038454,0,0.7704791246752053,available
da-test-000857,1,0.9592730052657323,1,0.7704791246752053,available
da-test-000858,1,0.9608175311286588,1,0.7704791246752053,available
da-test-000859,1,0.9743942874087803,1,0.7704791246752053,available
da-test-000860,0,0.007347119227607111,0,0.7704791246752053,available
da-test-000861,0,0.004514761339831993,0,0.7704791246752053,available
da-test-000862,0,0.0029203175276618703,0,0.7704791246752053,available
da-test-000863,0,0.0024646234136332865,0,0.7704791246752053,available
da-test-000864,0,0.003018935700623571,0,0.7704791246752053,available
da-test-000865,0,0.0031619111363069283,0,0.7704791246752053,available
da-test-000866,0,0.1221944479681572,0,0.7704791246752053,available
da-test-000867,0,0.0035720005392194643,0,0.7704791246752053,available
da-test-000868,0,0.0032807499849942905,0,0.7704791246752053,available
da-test-000869,0,0.8591623935235627,1,0.7704791246752053,available
da-test-000870,1,0.9743942874087803,1,0.7704791246752053,available
da-test-000871,0,0.0033495326434835656,0,0.7704791246752053,available
da-test-000872,0,0.026712079540826907,0,0.7704791246752053,available
da-test-000873,0,0.008182355070996685,0,0.7704791246752053,available
da-test-000874,0,0.0030554863042219775,0,0.7704791246752053,available
da-test-000875,0,0.010768995793606476,0,0.7704791246752053,available
da-test-000876,0,0.0037456272617931593,0,0.7704791246752053,available
da-test-000877,0,0.011033360491428482,0,0.7704791246752053,available
da-test-000878,0,0.2796284577003969,0,0.7704791246752053,available
da-test-000879,0,0.006816813224361559,0,0.7704791246752053,available
da-test-000880,0,0.0032807499849942905,0,0.7704791246752053,available
da-test-000881,1,0.9743942874087803,1,0.7704791246752053,available
da-test-000882,0,0.002931882464924,0,0.7704791246752053,available
da-test-000883,0,0.0028591743996180183,0,0.7704791246752053,available
da-test-000884,0,0.007873555745516294,0,0.7704791246752053,available
da-test-000885,1,0.9783968189118409,1,0.7704791246752053,available
da-test-000886,1,0.9628672870369784,1,0.7704791246752053,available
da-test-000887,0,0.004062352152635275,0,0.7704791246752053,available
da-test-000888,0,0.0027230001616778132,0,0.7704791246752053,available
da-test-000889,1,0.9237119946263032,1,0.7704791246752053,available
da-test-000890,0,0.0029373990235570403,0,0.7704791246752053,available
da-test-000891,0,0.002065671079898312,0,0.7704791246752053,available
da-test-000892,0,0.0033402415783487264,0,0.7704791246752053,available
da-test-000893,0,0.011908891359980248,0,0.7704791246752053,available
da-test-000894,0,0.006885273845600076,0,0.7704791246752053,available
da-test-000895,0,0.0029236737888899615,0,0.7704791246752053,available
da-test-000896,0,0.006145881363375581,0,0.7704791246752053,available
da-test-000897,0,0.028922836892520228,0,0.7704791246752053,available
da-test-000898,0,0.004199624555682743,0,0.7704791246752053,available
da-test-000899,0,0.0026776458884857604,0,0.7704791246752053,available
da-test-000900,1,0.9743942874087803,1,0.7704791246752053,available
da-test-000901,1,0.9743942874087803,1,0.7704791246752053,available
da-test-000902,1,0.9624241723624161,1,0.7704791246752053,available
da-test-000903,0,0.005448744512419792,0,0.7704791246752053,available
da-test-000904,0,0.023937904574278503,0,0.7704791246752053,available
da-test-000905,0,0.0035168954755590894,0,0.7704791246752053,available
da-test-000906,0,0.003618739892347376,0,0.7704791246752053,available
da-test-000907,0,0.0026852723511301777,0,0.7704791246752053,available
da-test-000908,0,0.0033706685249751756,0,0.7704791246752053,available
da-test-000909,0,0.04551285575936809,0,0.7704791246752053,available
da-test-000910,0,0.001910024205782653,0,0.7704791246752053,available
da-test-000911,0,0.004198745945883974,0,0.7704791246752053,available
da-test-000912,0,0.1563605087566972,0,0.7704791246752053,available
da-test-000913,0,0.0025487307774948193,0,0.7704791246752053,available
da-test-000914,0,0.0061030147991392465,0,0.7704791246752053,available
da-test-000915,0,0.0030094269568714345,0,0.7704791246752053,available
da-test-000916,0,0.002310227604410099,0,0.7704791246752053,available
da-test-000917,0,0.004098936704304098,0,0.7704791246752053,available
da-test-000918,0,0.010717056244159272,0,0.7704791246752053,available
da-test-000919,0,0.002004362642518361,0,0.7704791246752053,available
da-test-000920,0,0.007905738456165825,0,0.7704791246752053,available
da-test-000921,0,0.0024646234136332865,0,0.7704791246752053,available
da-test-000922,0,0.002353707630219716,0,0.7704791246752053,available
da-test-000923,0,0.014433248982390257,0,0.7704791246752053,available
da-test-000924,0,0.006023623357593502,0,0.7704791246752053,available
da-test-000925,0,0.00869757243085413,0,0.7704791246752053,available
da-test-000926,0,0.0035468894400323544,0,0.7704791246752053,available
da-test-000927,0,0.014351238027332743,0,0.7704791246752053,available
da-test-000928,0,0.003617808584616564,0,0.7704791246752053,available
da-test-000929,0,0.0033706685249751756,0,0.7704791246752053,available
da-test-000930,0,0.014263367497372175,0,0.7704791246752053,available
da-test-000931,0,0.0027230001616778132,0,0.7704791246752053,available
da-test-000932,0,0.003209813993908797,0,0.7704791246752053,available
da-test-000933,0,0.00819906942599516,0,0.7704791246752053,available
da-test-000934,0,0.008136889064227625,0,0.7704791246752053,available
da-test-000935,0,0.004198804566905793,0,0.7704791246752053,available
da-test-000936,0,0.005324037085760557,0,0.7704791246752053,available
da-test-000937,0,0.0023615702661239557,0,0.7704791246752053,available
da-test-000938,0,0.006297142540697963,0,0.7704791246752053,available
da-test-000939,0,0.006543205739367421,0,0.7704791246752053,available
da-test-000940,0,0.006166375443347206,0,0.7704791246752053,available
da-test-000941,0,0.005021275849674003,0,0.7704791246752053,available
da-test-000942,0,0.02924634771900189,0,0.7704791246752053,available
da-test-000943,1,0.9135208426068379,1,0.7704791246752053,available
da-test-000944,0,0.005107187535354033,0,0.7704791246752053,available
da-test-000945,0,0.00619947649650775,0,0.7704791246752053,available
da-test-000946,0,0.010632923942428615,0,0.7704791246752053,available
da-test-000947,0,0.003297027157237947,0,0.7704791246752053,available
da-test-000948,0,0.03303686958672163,0,0.7704791246752053,available
da-test-000949,0,0.003074250678286944,0,0.7704791246752053,available
da-test-000950,0,0.002609171780871312,0,0.7704791246752053,available
da-test-000951,0,0.002179700115444009,0,0.7704791246752053,available
da-test-000952,0,0.0025966879092709336,0,0.7704791246752053,available
da-test-000953,0,0.002751917258223693,0,0.7704791246752053,available
da-test-000954,0,0.007275525060380695,0,0.7704791246752053,available
da-test-000955,0,0.013298161702690844,0,0.7704791246752053,available
da-test-000956,1,0.7987520074149255,1,0.7704791246752053,available
da-test-000957,0,0.0019560693842799928,0,0.7704791246752053,available
da-test-000958,0,0.0031615872271488718,0,0.7704791246752053,available
da-test-000959,0,0.00467980676346457,0,0.7704791246752053,available
da-test-000960,0,0.0022113589319734967,0,0.7704791246752053,available
da-test-000961,0,0.004105368215108135,0,0.7704791246752053,available
da-test-000962,0,0.003684056096398595,0,0.7704791246752053,available
da-test-000963,0,0.1207867333708843,0,0.7704791246752053,available
da-test-000964,0,0.6934111179629514,0,0.7704791246752053,available
da-test-000965,1,0.9783968189118409,1,0.7704791246752053,available
da-test-000966,0,0.0018219655406773992,0,0.7704791246752053,available
da-test-000967,0,0.004645872567810312,0,0.7704791246752053,available
da-test-000968,0,0.0024646234136332865,0,0.7704791246752053,available
da-test-000969,1,0.9783968189118409,1,0.7704791246752053,available
da-test-000970,0,0.006962009982031471,0,0.7704791246752053,available
da-test-000971,1,0.9717785675000145,1,0.7704791246752053,available
da-test-000972,0,0.008537239390566182,0,0.7704791246752053,available
da-test-000973,0,0.013070852287995182,0,0.7704791246752053,available
da-test-000974,0,0.0023615702661239557,0,0.7704791246752053,available
da-test-000975,0,0.0037157350628958803,0,0.7704791246752053,available
da-test-000976,0,0.005113429081387575,0,0.7704791246752053,available
da-test-000977,0,0.0027867081984322677,0,0.7704791246752053,available
da-test-000978,0,0.0026493410084691086,0,0.7704791246752053,available
da-test-000979,0,0.0027169604812513266,0,0.7704791246752053,available
da-test-000980,0,0.008078576823252834,0,0.7704791246752053,available
da-test-000981,0,0.006656532612789615,0,0.7704791246752053,available
da-test-000982,0,0.0020214328588572536,0,0.7704791246752053,available
da-test-000983,0,0.0029373990235570403,0,0.7704791246752053,available
da-test-000984,0,0.003014194784629476,0,0.7704791246752053,available
da-test-000985,0,0.007883277565892884,0,0.7704791246752053,available
da-test-000986,1,0.895999537602411,1,0.7704791246752053,available
da-test-000987,0,0.006666583852415192,0,0.7704791246752053,available
da-test-000988,0,0.00485957111603573,0,0.7704791246752053,available
da-test-000989,0,0.0018219655406773992,0,0.7704791246752053,available
da-test-000990,0,0.00882674620989249,0,0.7704791246752053,available
da-test-000991,0,0.0029886964900504845,0,0.7704791246752053,available
da-test-000992,0,0.005777008837908734,0,0.7704791246752053,available
da-test-000993,0,0.0077038661481450875,0,0.7704791246752053,available
da-test-000994,0,0.011617886281885939,0,0.7704791246752053,available
da-test-000995,0,0.004567643666044247,0,0.7704791246752053,available
da-test-000996,0,0.002771736152684698,0,0.7704791246752053,available
da-test-000997,1,0.3709418829435982,0,0.7704791246752053,available
da-test-000998,1,0.9743942874087803,1,0.7704791246752053,available
da-test-000999,0,0.006406240395568881,0,0.7704791246752053,available
da-test-001000,0,0.008073394469023212,0,0.7704791246752053,available
da-test-001001,0,0.0024646234136332865,0,0.7704791246752053,available
da-test-001002,0,0.0018408846976196533,0,0.7704791246752053,available
da-test-001003,0,0.004091839595543289,0,0.7704791246752053,available
da-test-001004,0,0.005975301790395255,0,0.7704791246752053,available
da-test-001005,0,0.01035663204226407,0,0.7704791246752053,available
da-test-001006,0,0.6108666910026234,0,0.7704791246752053,available
da-test-001007,0,0.0033778967480809045,0,0.7704791246752053,available
da-test-001008,1,0.9783968189118409,1,0.7704791246752053,available
da-test-001009,0,0.0026493410084691086,0,0.7704791246752053,available
da-test-001010,0,0.0026501777084504165,0,0.7704791246752053,available
da-test-001011,0,0.003454902478496309,0,0.7704791246752053,available
da-test-001012,0,0.003998836694277845,0,0.7704791246752053,available
da-test-001013,0,0.004297371235736305,0,0.7704791246752053,available
da-test-001014,1,0.9743942874087803,1,0.7704791246752053,available
da-test-001015,0,0.021936796703236956,0,0.7704791246752053,available
da-test-001016,0,0.0033706685249751756,0,0.7704791246752053,available
da-test-001017,0,0.0034067896173561995,0,0.7704791246752053,available
da-test-001018,0,0.012611607950437777,0,0.7704791246752053,available
da-test-001019,1,0.9580946641243134,1,0.7704791246752053,available
da-test-001020,0,0.026082530147717806,0,0.7704791246752053,available
da-test-001021,0,0.20014686104751525,0,0.7704791246752053,available
da-test-001022,0,0.006368790904463076,0,0.7704791246752053,available
da-test-001023,0,0.0043830793189436135,0,0.7704791246752053,available
da-test-001024,0,0.13962893156657294,0,0.7704791246752053,available
da-test-001025,0,0.002771736152684698,0,0.7704791246752053,available
da-test-001026,1,0.7326414015466872,0,0.7704791246752053,available
da-test-001027,0,0.008160959843574622,0,0.7704791246752053,available
da-test-001028,0,0.0027230001616778132,0,0.7704791246752053,available
da-test-001029,0,0.004420489172904698,0,0.7704791246752053,available
da-test-001030,0,0.0033634062188089993,0,0.7704791246752053,available
da-test-001031,0,0.0031581373193890184,0,0.7704791246752053,available
da-test-001032,1,0.9354636384931951,1,0.7704791246752053,available
da-test-001033,0,0.005634211894496185,0,0.7704791246752053,available
da-test-001034,0,0.002932408717566088,0,0.7704791246752053,available
da-test-001035,1,0.9743942874087803,1,0.7704791246752053,available
da-test-001036,0,0.013571316952535854,0,0.7704791246752053,available
da-test-001037,0,0.0076697274437741315,0,0.7704791246752053,available
da-test-001038,0,0.0035168954755590894,0,0.7704791246752053,available
da-test-001039,0,0.0020000738309946357,0,0.7704791246752053,available
da-test-001040,0,0.0038242872196474396,0,0.7704791246752053,available
da-test-001041,0,0.018314395760239233,0,0.7704791246752053,available
da-test-001042,1,0.9359895206412637,1,0.7704791246752053,available
da-test-001043,1,0.9708673793362634,1,0.7704791246752053,available
da-test-001044,0,0.027876626533688467,0,0.7704791246752053,available
da-test-001045,0,0.002283161328599677,0,0.7704791246752053,available
da-test-001046,0,0.002338355036553584,0,0.7704791246752053,available
da-test-001047,0,0.0029585497668413066,0,0.7704791246752053,available
da-test-001048,0,0.012537666876935244,0,0.7704791246752053,available
da-test-001049,0,0.004150171066195402,0,0.7704791246752053,available
da-test-001050,0,0.004449642685073171,0,0.7704791246752053,available
da-test-001051,1,0.9575656552274019,1,0.7704791246752053,available
da-test-001052,0,0.007721124476153475,0,0.7704791246752053,available
da-test-001053,0,0.0040286416798048265,0,0.7704791246752053,available
da-test-001054,1,0.9592661387608529,1,0.7704791246752053,available
da-test-001055,0,0.0029308589441453957,0,0.7704791246752053,available
da-test-001056,0,0.002066432998269482,0,0.7704791246752053,available
da-test-001057,0,0.00818375233666297,0,0.7704791246752053,available
da-test-001058,0,0.036510697941014504,0,0.7704791246752053,available
da-test-001059,0,0.003297027157237947,0,0.7704791246752053,available
da-test-001060,1,0.9410902481332114,1,0.7704791246752053,available
da-test-001061,0,0.01170251094965766,0,0.7704791246752053,available
da-test-001062,0,0.005925394129979525,0,0.7704791246752053,available
da-test-001063,0,0.0030308823384686706,0,0.7704791246752053,available
da-test-001064,0,0.42280674800062007,0,0.7704791246752053,available
da-test-001065,0,0.0026493410084691086,0,0.7704791246752053,available
da-test-001066,0,0.04551285575936809,0,0.7704791246752053,available
da-test-001067,0,0.0029236737888899615,0,0.7704791246752053,available
da-test-001068,1,0.9783968189118409,1,0.7704791246752053,available
da-test-001069,0,0.0033706685249751756,0,0.7704791246752053,available
da-test-001070,0,0.004201152045865651,0,0.7704791246752053,available
da-test-001071,0,0.006659708276805837,0,0.7704791246752053,available
da-test-001072,0,0.002031032508423214,0,0.7704791246752053,available
da-test-001073,0,0.05609683777193166,0,0.7704791246752053,available
da-test-001074,0,0.26565486131372146,0,0.7704791246752053,available
da-test-001075,0,0.003801669771461141,0,0.7704791246752053,available
da-test-001076,0,0.00940112322031693,0,0.7704791246752053,available
da-test-001077,0,0.002353707630219716,0,0.7704791246752053,available
da-test-001078,1,0.9743942874087803,1,0.7704791246752053,available
da-test-001079,0,0.002030886379979048,0,0.7704791246752053,available
da-test-001080,0,0.11295064402464232,0,0.7704791246752053,available
da-test-001081,0,0.0028823633052575356,0,0.7704791246752053,available
da-test-001082,0,0.030242524847174664,0,0.7704791246752053,available
da-test-001083,1,0.9783968189118409,1,0.7704791246752053,available
da-test-001084,0,0.0032132238316686114,0,0.7704791246752053,available
da-test-001085,0,0.004768522760085167,0,0.7704791246752053,available
da-test-001086,0,0.001845648907487618,0,0.7704791246752053,available
da-test-001087,0,0.0033694273431558717,0,0.7704791246752053,available
da-test-001088,0,0.002065671079898312,0,0.7704791246752053,available
da-test-001089,0,0.014074673733184113,0,0.7704791246752053,available
da-test-001090,1,0.9010613889257713,1,0.7704791246752053,available
da-test-001091,1,0.9565022420195602,1,0.7704791246752053,available
da-test-001092,0,0.28131026626954136,0,0.7704791246752053,available
da-test-001093,0,0.001953260043437832,0,0.7704791246752053,available
da-test-001094,0,0.006132071100422088,0,0.7704791246752053,available
da-test-001095,0,0.003556244997179665,0,0.7704791246752053,available
da-test-001096,0,0.004841942318750286,0,0.7704791246752053,available
da-test-001097,0,0.0035848197272454604,0,0.7704791246752053,available
da-test-001098,0,0.0028133013051918495,0,0.7704791246752053,available
da-test-001099,0,0.0021549902164756662,0,0.7704791246752053,available
da-test-001100,1,0.972900955425758,1,0.7704791246752053,available
da-test-001101,0,0.008416284943630434,0,0.7704791246752053,available
da-test-001102,0,0.021843232897499905,0,0.7704791246752053,available
da-test-001103,0,0.06825806282927575,0,0.7704791246752053,available
da-test-001104,0,0.002771736152684698,0,0.7704791246752053,available
da-test-001105,0,0.002771736152684698,0,0.7704791246752053,available
da-test-001106,0,0.004060747133797046,0,0.7704791246752053,available
da-test-001107,1,0.9504498426316169,1,0.7704791246752053,available
da-test-001108,0,0.0028688697117334157,0,0.7704791246752053,available
da-test-001109,0,0.007363625218534274,0,0.7704791246752053,available
da-test-001110,0,0.0025487307774948193,0,0.7704791246752053,available
da-test-001111,0,0.326483891716185,0,0.7704791246752053,available
da-test-001112,0,0.003209813993908797,0,0.7704791246752053,available
da-test-001113,0,0.006599983460488809,0,0.7704791246752053,available
da-test-001114,0,0.005444363358271752,0,0.7704791246752053,available
da-test-001115,0,0.003684056096398595,0,0.7704791246752053,available
da-test-001116,0,0.014500580428800756,0,0.7704791246752053,available
da-test-001117,0,0.004982681962247335,0,0.7704791246752053,available
da-test-001118,0,0.03775624599005711,0,0.7704791246752053,available
da-test-001119,0,0.002353707630219716,0,0.7704791246752053,available
da-test-001120,0,0.00326853720959937,0,0.7704791246752053,available
da-test-001121,1,0.9753894854532708,1,0.7704791246752053,available
da-test-001122,0,0.003952699827461134,0,0.7704791246752053,available
da-test-001123,0,0.0022789844094799937,0,0.7704791246752053,available
da-test-001124,0,0.00381248734911876,0,0.7704791246752053,available
da-test-001125,1,0.9783968189118409,1,0.7704791246752053,available
da-test-001126,0,0.01164814678321036,0,0.7704791246752053,available
da-test-001127,0,0.006999013881393072,0,0.7704791246752053,available
da-test-001128,0,0.8521272652321389,1,0.7704791246752053,available
da-test-001129,0,0.006436668173203638,0,0.7704791246752053,available
da-test-001130,0,0.001845648907487618,0,0.7704791246752053,available
da-test-001131,0,0.0035848197272454604,0,0.7704791246752053,available
da-test-001132,0,0.008160959843574622,0,0.7704791246752053,available
da-test-001133,0,0.055161721075767764,0,0.7704791246752053,available
da-test-001134,0,0.0024100957696974023,0,0.7704791246752053,available
da-test-001135,0,0.003303228487082275,0,0.7704791246752053,available
da-test-001136,0,0.004768522760085167,0,0.7704791246752053,available
da-test-001137,0,0.0022113589319734967,0,0.7704791246752053,available
da-test-001138,1,0.9717785675000145,1,0.7704791246752053,available
da-test-001139,0,0.002701101025046299,0,0.7704791246752053,available
da-test-001140,1,0.9581289511762463,1,0.7704791246752053,available
da-test-001141,0,0.00358527061043611,0,0.7704791246752053,available
da-test-001142,0,0.0023455522770478797,0,0.7704791246752053,available
da-test-001143,0,0.0020000738309946357,0,0.7704791246752053,available
da-test-001144,0,0.0025124173173726437,0,0.7704791246752053,available
da-test-001145,0,0.0043140936839246745,0,0.7704791246752053,available
da-test-001146,1,0.9508791532517532,1,0.7704791246752053,available
da-test-001147,0,0.0026119786550003977,0,0.7704791246752053,available
da-test-001148,0,0.787890128616492,1,0.7704791246752053,available
da-test-001149,0,0.003716872751287908,0,0.7704791246752053,available
da-test-001150,0,0.0030554863042219775,0,0.7704791246752053,available
da-test-001151,0,0.00889504860646787,0,0.7704791246752053,available
da-test-001152,1,0.9783968189118409,1,0.7704791246752053,available
da-test-001153,0,0.004578076006774817,0,0.7704791246752053,available
da-test-001154,1,0.9722366301855452,1,0.7704791246752053,available
da-test-001155,0,0.002771736152684698,0,0.7704791246752053,available
da-test-001156,0,0.0026493410084691086,0,0.7704791246752053,available
da-test-001157,0,0.0027230001616778132,0,0.7704791246752053,available
da-test-001158,0,0.008073394469023212,0,0.7704791246752053,available
da-test-001159,1,0.9551976733203276,1,0.7704791246752053,available
da-test-001160,0,0.008501736266741527,0,0.7704791246752053,available
da-test-001161,0,0.0035329160970122195,0,0.7704791246752053,available
da-test-001162,0,0.008992870359625626,0,0.7704791246752053,available
da-test-001163,0,0.004341834746736675,0,0.7704791246752053,available
da-test-001164,0,0.010864830344846565,0,0.7704791246752053,available
da-test-001165,0,0.002771736152684698,0,0.7704791246752053,available
da-test-001166,0,0.0034067896173561995,0,0.7704791246752053,available
da-test-001167,0,0.002140543470573103,0,0.7704791246752053,available
da-test-001168,0,0.004063564695530465,0,0.7704791246752053,available
da-test-001169,1,0.9706212570853058,1,0.7704791246752053,available
da-test-001170,0,0.00690450376037441,0,0.7704791246752053,available
da-test-001171,0,0.001909480766543562,0,0.7704791246752053,available
da-test-001172,0,0.19327823995538188,0,0.7704791246752053,available
da-test-001173,1,0.934628610497826,1,0.7704791246752053,available
da-test-001174,0,0.003993049673191392,0,0.7704791246752053,available
da-test-001175,1,0.9783968189118409,1,0.7704791246752053,available
da-test-001176,0,0.002065671079898312,0,0.7704791246752053,available
da-test-001177,0,0.12302709699324078,0,0.7704791246752053,available
da-test-001178,0,0.0036127551926252843,0,0.7704791246752053,available
da-test-001179,0,0.003912585026640085,0,0.7704791246752053,available
da-test-001180,0,0.005445578900074387,0,0.7704791246752053,available
da-test-001181,0,0.01796998960592471,0,0.7704791246752053,available
da-test-001182,0,0.002004362642518361,0,0.7704791246752053,available
da-test-001183,0,0.00563663708875949,0,0.7704791246752053,available
da-test-001184,0,0.12238388922732281,0,0.7704791246752053,available
da-test-001185,0,0.006867927479106954,0,0.7704791246752053,available
da-test-001186,0,0.3319243794429489,0,0.7704791246752053,available
da-test-001187,0,0.14980502535828136,0,0.7704791246752053,available
da-test-001188,0,0.7801800041932134,1,0.7704791246752053,available
da-test-001189,1,0.9088795096838821,1,0.7704791246752053,available
da-test-001190,0,0.002785010045106463,0,0.7704791246752053,available
da-test-001191,1,0.9589152011946314,1,0.7704791246752053,available
da-test-001192,0,0.0023743028873089195,0,0.7704791246752053,available
da-test-001193,0,0.003054617956039704,0,0.7704791246752053,available
da-test-001194,0,0.005738947432518249,0,0.7704791246752053,available
da-test-001195,0,0.026632918656497386,0,0.7704791246752053,available
da-test-001196,0,0.0028823633052575356,0,0.7704791246752053,available
da-test-001197,0,0.00696632768213699,0,0.7704791246752053,available
da-test-001198,1,0.9783968189118409,1,0.7704791246752053,available
da-test-001199,0,0.0030622099753666436,0,0.7704791246752053,available
da-test-001200,0,0.004483641019490473,0,0.7704791246752053,available
da-test-001201,0,0.0030622099753666436,0,0.7704791246752053,available
da-test-001202,0,0.003821459261436105,0,0.7704791246752053,available
da-test-001203,0,0.004210764490516219,0,0.7704791246752053,available
da-test-001204,0,0.0029373990235570403,0,0.7704791246752053,available
da-test-001205,0,0.004768522760085167,0,0.7704791246752053,available
da-test-001206,0,0.014527103481250974,0,0.7704791246752053,available
da-test-001207,0,0.12081863172535177,0,0.7704791246752053,available
da-test-001208,0,0.00581934821168477,0,0.7704791246752053,available
da-test-001209,0,0.0072786714296108985,0,0.7704791246752053,available
da-test-001210,0,0.003960663019642688,0,0.7704791246752053,available
da-test-001211,0,0.003716872751287908,0,0.7704791246752053,available
da-test-001212,0,0.008160959843574622,0,0.7704791246752053,available
da-test-001213,0,0.009806673185419255,0,0.7704791246752053,available
da-test-001214,1,0.9674335958639982,1,0.7704791246752053,available
da-test-001215,0,0.004019776950970872,0,0.7704791246752053,available
da-test-001216,0,0.0024646234136332865,0,0.7704791246752053,available
da-test-001217,0,0.007252530185282897,0,0.7704791246752053,available
da-test-001218,0,0.002572375228229282,0,0.7704791246752053,available
da-test-001219,0,0.003454902478496309,0,0.7704791246752053,available
da-test-001220,0,0.002931882464924,0,0.7704791246752053,available
da-test-001221,0,0.003293663157669431,0,0.7704791246752053,available
da-test-001222,0,0.0035933424049682315,0,0.7704791246752053,available
da-test-001223,1,0.9613076385112513,1,0.7704791246752053,available
da-test-001224,1,0.9761799773427352,1,0.7704791246752053,available
da-test-001225,0,0.0028019696644957944,0,0.7704791246752053,available
da-test-001226,0,0.0020000738309946357,0,0.7704791246752053,available
da-test-001227,0,0.009208237837522372,0,0.7704791246752053,available
da-test-001228,0,0.0022283187098319805,0,0.7704791246752053,available
da-test-001229,1,0.9492395011675344,1,0.7704791246752053,available
da-test-001230,0,0.002031032508423214,0,0.7704791246752053,available
da-test-001231,0,0.01432551924609227,0,0.7704791246752053,available
da-test-001232,0,0.007424954626443049,0,0.7704791246752053,available
da-test-001233,0,0.0037036976420009096,0,0.7704791246752053,available
da-test-001234,0,0.008073394469023212,0,0.7704791246752053,available
da-test-001235,0,0.002771736152684698,0,0.7704791246752053,available
da-test-001236,0,0.024379868093455617,0,0.7704791246752053,available
da-test-001237,0,0.0024646234136332865,0,0.7704791246752053,available
da-test-001238,0,0.004248309111060688,0,0.7704791246752053,available
da-test-001239,1,0.8125144408333616,1,0.7704791246752053,available
da-test-001240,0,0.0029886964900504845,0,0.7704791246752053,available
da-test-001241,0,0.02345025458594137,0,0.7704791246752053,available
da-test-001242,0,0.002971367116564335,0,0.7704791246752053,available
da-test-001243,0,0.0024867839149489857,0,0.7704791246752053,available
da-test-001244,1,0.9783968189118409,1,0.7704791246752053,available
da-test-001245,0,0.0028085777918533885,0,0.7704791246752053,available
da-test-001246,0,0.002107298465605183,0,0.7704791246752053,available
da-test-001247,0,0.2615344442252308,0,0.7704791246752053,available
da-test-001248,0,0.0022339731474192467,0,0.7704791246752053,available
da-test-001249,0,0.0023794706879467086,0,0.7704791246752053,available
da-test-001250,0,0.0019485211214022263,0,0.7704791246752053,available
da-test-001251,0,0.006440757365313653,0,0.7704791246752053,available
da-test-001252,0,0.013201211820871556,0,0.7704791246752053,available
da-test-001253,0,0.006448082365369159,0,0.7704791246752053,available
da-test-001254,0,0.003330966290405622,0,0.7704791246752053,available
da-test-001255,0,0.004503104135043748,0,0.7704791246752053,available
da-test-001256,0,0.00411070896339563,0,0.7704791246752053,available
da-test-001257,0,0.005239924626005816,0,0.7704791246752053,available
da-test-001258,0,0.0063275077887064235,0,0.7704791246752053,available
da-test-001259,0,0.005925903432793561,0,0.7704791246752053,available
da-test-001260,0,0.008182355070996685,0,0.7704791246752053,available
da-test-001261,0,0.012574643779178454,0,0.7704791246752053,available
da-test-001262,0,0.003093112334980492,0,0.7704791246752053,available
da-test-001263,0,0.004059610362314144,0,0.7704791246752053,available
da-test-001264,0,0.0022113589319734967,0,0.7704791246752053,available
da-test-001265,0,0.0024567817143748057,0,0.7704791246752053,available
da-test-001266,0,0.003514262197971243,0,0.7704791246752053,available
da-test-001267,1,0.9708673793362634,1,0.7704791246752053,available
da-test-001268,0,0.026508862481502766,0,0.7704791246752053,available
da-test-001269,0,0.0030563683907434006,0,0.7704791246752053,available
da-test-001270,0,0.012788895889668464,0,0.7704791246752053,available
da-test-001271,0,0.004602784447446175,0,0.7704791246752053,available
da-test-001272,0,0.002771736152684698,0,0.7704791246752053,available
da-test-001273,0,0.0025124173173726437,0,0.7704791246752053,available
da-test-001274,0,0.0022789844094799937,0,0.7704791246752053,available
da-test-001275,0,0.0068716432248793115,0,0.7704791246752053,available
da-test-001276,0,0.001832672657471184,0,0.7704791246752053,available
da-test-001277,0,0.006107166254093713,0,0.7704791246752053,available
da-test-001278,0,0.026258482246194974,0,0.7704791246752053,available
da-test-001279,0,0.018568459544685674,0,0.7704791246752053,available
da-test-001280,0,0.010000585926960268,0,0.7704791246752053,available
da-test-001281,1,0.9743942874087803,1,0.7704791246752053,available
da-test-001282,0,0.0026493410084691086,0,0.7704791246752053,available
da-test-001283,1,0.9783968189118409,1,0.7704791246752053,available
da-test-001284,0,0.003676248708491103,0,0.7704791246752053,available
da-test-001285,0,0.011691914458223542,0,0.7704791246752053,available
da-test-001286,1,0.9771314371740476,1,0.7704791246752053,available
da-test-001287,0,0.0034009478972784695,0,0.7704791246752053,available
da-test-001288,0,0.006023623357593502,0,0.7704791246752053,available
da-test-001289,0,0.02024544003224752,0,0.7704791246752053,available
da-test-001290,0,0.004077322366653542,0,0.7704791246752053,available
da-test-001291,0,0.003058278612163474,0,0.7704791246752053,available
da-test-001292,0,0.04287513804340241,0,0.7704791246752053,available
da-test-001293,0,0.13594660331667743,0,0.7704791246752053,available
da-test-001294,0,0.002332086838958901,0,0.7704791246752053,available
da-test-001295,0,0.0033706685249751756,0,0.7704791246752053,available
da-test-001296,0,0.002042102807533342,0,0.7704791246752053,available
da-test-001297,0,0.9654326408903926,1,0.7704791246752053,available
da-test-001298,0,0.021586452062072915,0,0.7704791246752053,available
da-test-001299,0,0.003057963701898657,0,0.7704791246752053,available
da-test-001300,0,0.005890820931165236,0,0.7704791246752053,available
da-test-001301,0,0.002809346866537406,0,0.7704791246752053,available
da-test-001302,0,0.02430055698803466,0,0.7704791246752053,available
da-test-001303,0,0.0029236737888899615,0,0.7704791246752053,available
da-test-001304,0,0.0039767568772732225,0,0.7704791246752053,available
da-test-001305,0,0.002732254090262609,0,0.7704791246752053,available
da-test-001306,0,0.004965042330226577,0,0.7704791246752053,available
da-test-001307,0,0.001985761608030989,0,0.7704791246752053,available
da-test-001308,0,0.001801685478193655,0,0.7704791246752053,available
da-test-001309,0,0.36794926195695554,0,0.7704791246752053,available
da-test-001310,0,0.004241315248579366,0,0.7704791246752053,available
da-test-001311,1,0.9442025503227478,1,0.7704791246752053,available
da-test-001312,0,0.003662268577238216,0,0.7704791246752053,available
da-test-001313,0,0.0021549902164756662,0,0.7704791246752053,available
da-test-001314,0,0.004009011051898229,0,0.7704791246752053,available
da-test-001315,0,0.002066432998269482,0,0.7704791246752053,available
da-test-001316,0,0.004009011051898229,0,0.7704791246752053,available
da-test-001317,1,0.9722366301855452,1,0.7704791246752053,available
da-test-001318,0,0.0029236737888899615,0,0.7704791246752053,available
da-test-001319,0,0.010438483539296623,0,0.7704791246752053,available
da-test-001320,0,0.002353707630219716,0,0.7704791246752053,available
da-test-001321,0,0.0025487307774948193,0,0.7704791246752053,available
da-test-001322,0,0.002732555519547264,0,0.7704791246752053,available
da-test-001323,1,0.9523417659487194,1,0.7704791246752053,available
da-test-001324,1,0.9776782129402325,1,0.7704791246752053,available
da-test-001325,0,0.43722032179975007,0,0.7704791246752053,available
da-test-001326,1,0.9655699246156244,1,0.7704791246752053,available
da-test-001327,0,0.0032337449631456914,0,0.7704791246752053,available
da-test-001328,0,0.00326645074189038,0,0.7704791246752053,available
da-test-001329,1,0.9544672416314917,1,0.7704791246752053,available
da-test-001330,0,0.0025966879092709336,0,0.7704791246752053,available
da-test-001331,1,0.9620677539825998,1,0.7704791246752053,available
da-test-001332,0,0.003912585026640085,0,0.7704791246752053,available
da-test-001333,0,0.010140560530689824,0,0.7704791246752053,available
da-test-001334,0,0.0034776591354069124,0,0.7704791246752053,available
da-test-001335,0,0.005502194275284692,0,0.7704791246752053,available
da-test-001336,1,0.9717785675000145,1,0.7704791246752053,available
da-test-001337,1,0.9623292852454235,1,0.7704791246752053,available
da-test-001338,0,0.00438217958441481,0,0.7704791246752053,available
da-test-001339,0,0.007427010789054913,0,0.7704791246752053,available
da-test-001340,1,0.972900955425758,1,0.7704791246752053,available
da-test-001341,1,0.9554526887822804,1,0.7704791246752053,available
da-test-001342,0,0.013651798094155688,0,0.7704791246752053,available
da-test-001343,0,0.0031066201172713238,0,0.7704791246752053,available
da-test-001344,1,0.9603847878350301,1,0.7704791246752053,available
da-test-001345,0,0.0016982279142352143,0,0.7704791246752053,available
da-test-001346,0,0.00466792707200702,0,0.7704791246752053,available
da-test-001347,0,0.004809093748684007,0,0.7704791246752053,available
da-test-001348,0,0.004671861794430543,0,0.7704791246752053,available
da-test-001349,0,0.004176648793745019,0,0.7704791246752053,available
da-test-001350,1,0.9771314371740476,1,0.7704791246752053,available
da-test-001351,0,0.004231241549482507,0,0.7704791246752053,available
da-test-001352,0,0.005062087286078682,0,0.7704791246752053,available
da-test-001353,0,0.011736931337042214,0,0.7704791246752053,available
da-test-001354,0,0.0019485211214022263,0,0.7704791246752053,available
da-test-001355,0,0.0025966879092709336,0,0.7704791246752053,available
da-test-001356,0,0.0050402203160537454,0,0.7704791246752053,available
da-test-001357,0,0.00784344586803793,0,0.7704791246752053,available
da-test-001358,0,0.032220192176677896,0,0.7704791246752053,available
da-test-001359,0,0.0030554863042219775,0,0.7704791246752053,available
da-test-001360,0,0.0021645109493613874,0,0.7704791246752053,available
da-test-001361,0,0.0026214956019937506,0,0.7704791246752053,available
da-test-001362,0,0.0020000738309946357,0,0.7704791246752053,available
da-test-001363,0,0.00454265306658662,0,0.7704791246752053,available
da-test-001364,0,0.09001229212046635,0,0.7704791246752053,available
da-test-001365,0,0.002335570296495112,0,0.7704791246752053,available
da-test-001366,0,0.14233912694042358,0,0.7704791246752053,available
da-test-001367,1,0.9811773369123169,1,0.7704791246752053,available
da-test-001368,0,0.003928849461737978,0,0.7704791246752053,available
da-test-001369,0,0.014894986075831042,0,0.7704791246752053,available
da-test-001370,0,0.0017287429972636672,0,0.7704791246752053,available
da-test-001371,0,0.008537239390566182,0,0.7704791246752053,available
da-test-001372,0,0.0024646234136332865,0,0.7704791246752053,available
da-test-001373,0,0.0032588721732416917,0,0.7704791246752053,available
da-test-001374,0,0.01236430295722768,0,0.7704791246752053,available
da-test-001375,0,0.004631330144044839,0,0.7704791246752053,available
da-test-001376,0,0.002785010045106463,0,0.7704791246752053,available
da-test-001377,0,0.019543331953282266,0,0.7704791246752053,available
da-test-001378,1,0.9783968189118409,1,0.7704791246752053,available
da-test-001379,0,0.003716872751287908,0,0.7704791246752053,available
da-test-001380,0,0.0022339731474192467,0,0.7704791246752053,available
da-test-001381,0,0.0024646234136332865,0,0.7704791246752053,available
da-test-001382,0,0.0029236737888899615,0,0.7704791246752053,available
da-test-001383,0,0.007056859141034156,0,0.7704791246752053,available
da-test-001384,0,0.010737374074590291,0,0.7704791246752053,available
da-test-001385,0,0.0065380608905873374,0,0.7704791246752053,available
da-test-001386,0,0.006885273845600076,0,0.7704791246752053,available
da-test-001387,0,0.0022789844094799937,0,0.7704791246752053,available
da-test-001388,1,0.9543568012707013,1,0.7704791246752053,available
da-test-001389,0,0.0024646234136332865,0,0.7704791246752053,available
da-test-001390,0,0.004774674330589932,0,0.7704791246752053,available
da-test-001391,0,0.006562352899687388,0,0.7704791246752053,available
da-test-001392,0,0.01663839929723418,0,0.7704791246752053,available
da-test-001393,0,0.12191395595126406,0,0.7704791246752053,available
da-test-001394,0,0.010785918734873813,0,0.7704791246752053,available
da-test-001395,0,0.00287186798195675,0,0.7704791246752053,available
da-test-001396,0,0.002332086838958901,0,0.7704791246752053,available
da-test-001397,0,0.008793326444258244,0,0.7704791246752053,available
da-test-001398,0,0.002065671079898312,0,0.7704791246752053,available
da-test-001399,1,0.9575656552274019,1,0.7704791246752053,available
da-test-001400,1,0.9783968189118409,1,0.7704791246752053,available
da-test-001401,0,0.01896122453080694,0,0.7704791246752053,available
da-test-001402,0,0.008658388531823212,0,0.7704791246752053,available
da-test-001403,0,0.004393257491147497,0,0.7704791246752053,available
da-test-001404,0,0.0036910903466848147,0,0.7704791246752053,available
da-test-001405,0,0.00215290948569941,0,0.7704791246752053,available
da-test-001406,0,0.0022113589319734967,0,0.7704791246752053,available
da-test-001407,0,0.005739658306668332,0,0.7704791246752053,available
da-test-001408,0,0.0025328110279963295,0,0.7704791246752053,available
da-test-001409,0,0.007033104396215154,0,0.7704791246752053,available
da-test-001410,0,0.010555844113410097,0,0.7704791246752053,available
da-test-001411,0,0.008309336565611489,0,0.7704791246752053,available
da-test-001412,0,0.002971367116564335,0,0.7704791246752053,available
da-test-001413,0,0.05247706358131007,0,0.7704791246752053,available
da-test-001414,0,0.008412266400421862,0,0.7704791246752053,available
da-test-001415,0,0.007399958855341062,0,0.7704791246752053,available
da-test-001416,1,0.950525105611632,1,0.7704791246752053,available
da-test-001417,0,0.0033706685249751756,0,0.7704791246752053,available
da-test-001418,0,0.004425699042647934,0,0.7704791246752053,available
da-test-001419,0,0.0030983895490277083,0,0.7704791246752053,available
da-test-001420,0,0.0038831098968907926,0,0.7704791246752053,available
da-test-001421,1,0.9771314371740476,1,0.7704791246752053,available
da-test-001422,0,0.7166428260761638,0,0.7704791246752053,available
da-test-001423,0,0.011168724318916008,0,0.7704791246752053,available
da-test-001424,0,0.002004362642518361,0,0.7704791246752053,available
da-test-001425,0,0.10883591072819976,0,0.7704791246752053,available
da-test-001426,0,0.22126900938916289,0,0.7704791246752053,available
da-test-001427,1,0.9783968189118409,1,0.7704791246752053,available
da-test-001428,1,0.9743942874087803,1,0.7704791246752053,available
da-test-001429,0,0.0030563683907434006,0,0.7704791246752053,available
da-test-001430,0,0.0018128191454504351,0,0.7704791246752053,available
da-test-001431,0,0.0017841253515790273,0,0.7704791246752053,available
da-test-001432,0,0.002353707630219716,0,0.7704791246752053,available
da-test-001433,0,0.008501736266741527,0,0.7704791246752053,available
da-test-001434,0,0.0018128191454504351,0,0.7704791246752053,available
da-test-001435,1,0.9717785675000145,1,0.7704791246752053,available
da-test-001436,0,0.005399623938007392,0,0.7704791246752053,available
da-test-001437,0,0.0021226457589608905,0,0.7704791246752053,available
da-test-001438,0,0.0045552539572946225,0,0.7704791246752053,available
da-test-001439,0,0.0031560550958849402,0,0.7704791246752053,available
da-test-001440,0,0.002799997582902744,0,0.7704791246752053,available
da-test-001441,0,0.019952976825725516,0,0.7704791246752053,available
da-test-001442,0,0.006368790904463076,0,0.7704791246752053,available
da-test-001443,0,0.006243718915272016,0,0.7704791246752053,available
da-test-001444,0,0.027555495650867578,0,0.7704791246752053,available
da-test-001445,0,0.0026493410084691086,0,0.7704791246752053,available
da-test-001446,0,0.007379333056713957,0,0.7704791246752053,available
da-test-001447,1,0.9743942874087803,1,0.7704791246752053,available
da-test-001448,0,0.007170945471686763,0,0.7704791246752053,available
da-test-001449,0,0.0025966879092709336,0,0.7704791246752053,available
da-test-001450,0,0.0033706685249751756,0,0.7704791246752053,available
da-test-001451,0,0.00491486622663617,0,0.7704791246752053,available
da-test-001452,1,0.9783968189118409,1,0.7704791246752053,available
da-test-001453,0,0.0055883599397751815,0,0.7704791246752053,available
da-test-001454,0,0.0029236737888899615,0,0.7704791246752053,available
da-test-001455,1,0.9783968189118409,1,0.7704791246752053,available
da-test-001456,0,0.002771736152684698,0,0.7704791246752053,available
da-test-001457,1,0.5983970206483831,0,0.7704791246752053,available
da-test-001458,0,0.003723675194310179,0,0.7704791246752053,available
da-test-001459,0,0.005352426161594213,0,0.7704791246752053,available
da-test-001460,0,0.0045611975716806025,0,0.7704791246752053,available
da-test-001461,1,0.9743942874087803,1,0.7704791246752053,available
da-test-001462,0,0.0025124173173726437,0,0.7704791246752053,available
da-test-001463,0,0.002711144485934477,0,0.7704791246752053,available
da-test-001464,0,0.006983978260158029,0,0.7704791246752053,available
da-test-001465,0,0.0030457703410269018,0,0.7704791246752053,available
da-test-001466,0,0.022069619491484567,0,0.7704791246752053,available
da-test-001467,0,0.0017287429972636672,0,0.7704791246752053,available
da-test-001468,0,0.02447870871248711,0,0.7704791246752053,available
da-test-001469,1,0.9743942874087803,1,0.7704791246752053,available
da-test-001470,0,0.0024646234136332865,0,0.7704791246752053,available
da-test-001471,0,0.0017572106617191653,0,0.7704791246752053,available
da-test-001472,0,0.0390786351140746,0,0.7704791246752053,available
da-test-001473,0,0.002502779610443816,0,0.7704791246752053,available
da-test-001474,0,0.01137289765742549,0,0.7704791246752053,available
da-test-001475,0,0.0028769678064181564,0,0.7704791246752053,available
da-test-001476,0,0.00941398456441518,0,0.7704791246752053,available
da-test-001477,0,0.004183235146424813,0,0.7704791246752053,available
da-test-001478,1,0.9811773369123169,1,0.7704791246752053,available
da-test-001479,0,0.006997468509260738,0,0.7704791246752053,available
da-test-001480,0,0.0029574061756997743,0,0.7704791246752053,available
da-test-001481,1,0.9713426375899678,1,0.7704791246752053,available
da-test-001482,1,0.9564755796392821,1,0.7704791246752053,available
da-test-001483,0,0.003288653757470243,0,0.7704791246752053,available
da-test-001484,0,0.0016031388620212806,0,0.7704791246752053,available
da-test-001485,0,0.002289912415612654,0,0.7704791246752053,available
da-test-001486,0,0.0055825776070667875,0,0.7704791246752053,available
da-test-001487,0,0.002310227604410099,0,0.7704791246752053,available
da-test-001488,1,0.8476386588236917,1,0.7704791246752053,available
da-test-001489,0,0.0021914644709560855,0,0.7704791246752053,available
da-test-001490,0,0.006244172709005195,0,0.7704791246752053,available
da-test-001491,0,0.003938802021783361,0,0.7704791246752053,available
da-test-001492,0,0.012676265686329718,0,0.7704791246752053,available
da-test-001493,0,0.0020000738309946357,0,0.7704791246752053,available
da-test-001494,0,0.004432393839551007,0,0.7704791246752053,available
da-test-001495,0,0.0025766051140398605,0,0.7704791246752053,available
da-test-001496,0,0.0026493410084691086,0,0.7704791246752053,available
da-test-001497,0,0.03678866780736307,0,0.7704791246752053,available
da-test-001498,0,0.0031169981350818855,0,0.7704791246752053,available
da-test-001499,0,0.011497466449999496,0,0.7704791246752053,available
da-test-001500,0,0.0021549902164756662,0,0.7704791246752053,available
da-test-001501,0,0.008565238671041347,0,0.7704791246752053,available
da-test-001502,0,0.1936068310575208,0,0.7704791246752053,available
da-test-001503,0,0.002066432998269482,0,0.7704791246752053,available
da-test-001504,0,0.03525277283494004,0,0.7704791246752053,available
da-test-001505,0,0.021739978657651662,0,0.7704791246752053,available
da-test-001506,0,0.01264547947965064,0,0.7704791246752053,available
da-test-001507,0,0.002004362642518361,0,0.7704791246752053,available
da-test-001508,0,0.002630729112783564,0,0.7704791246752053,available
da-test-001509,0,0.004575704577240203,0,0.7704791246752053,available
da-test-001510,0,0.00814853069851917,0,0.7704791246752053,available
da-test-001511,1,0.9559203593029573,1,0.7704791246752053,available
da-test-001512,0,0.008393843407337214,0,0.7704791246752053,available
da-test-001513,0,0.0035144900826279035,0,0.7704791246752053,available
da-test-001514,0,0.0028133013051918495,0,0.7704791246752053,available
da-test-001515,0,0.8639515029186223,1,0.7704791246752053,available
da-test-001516,0,0.8521272652321389,1,0.7704791246752053,available
da-test-001517,1,0.9589394049348997,1,0.7704791246752053,available
da-test-001518,0,0.003329993063024178,0,0.7704791246752053,available
da-test-001519,0,0.12279966032669955,0,0.7704791246752053,available
da-test-001520,0,0.0021549902164756662,0,0.7704791246752053,available
da-test-001521,0,0.0030457703410269018,0,0.7704791246752053,available
da-test-001522,0,0.13586599248828926,0,0.7704791246752053,available
da-test-001523,0,0.00793322942342153,0,0.7704791246752053,available
da-test-001524,0,0.007757523709856575,0,0.7704791246752053,available
da-test-001525,0,0.0026501777084504165,0,0.7704791246752053,available
da-test-001526,0,0.005239924626005816,0,0.7704791246752053,available
da-test-001527,0,0.011768688799898943,0,0.7704791246752053,available
da-test-001528,1,0.9743942874087803,1,0.7704791246752053,available
da-test-001529,0,0.008513470854561769,0,0.7704791246752053,available
da-test-001530,0,0.08851140283993467,0,0.7704791246752053,available
da-test-001531,0,0.024690077691556785,0,0.7704791246752053,available
da-test-001532,0,0.005380975764319968,0,0.7704791246752053,available
da-test-001533,1,0.9610611471445893,1,0.7704791246752053,available
da-test-001534,0,0.0022339731474192467,0,0.7704791246752053,available
da-test-001535,0,0.003289945237655208,0,0.7704791246752053,available
da-test-001536,0,0.002771736152684698,0,0.7704791246752053,available
da-test-001537,0,0.00386011605886794,0,0.7704791246752053,available
da-test-001538,1,0.9603377354288463,1,0.7704791246752053,available
da-test-001539,0,0.009916010924275189,0,0.7704791246752053,available
da-test-001540,1,0.9706212570853058,1,0.7704791246752053,available
da-test-001541,0,0.0028901124554584177,0,0.7704791246752053,available
da-test-001542,0,0.007398851131368212,0,0.7704791246752053,available
da-test-001543,0,0.0018408846976196533,0,0.7704791246752053,available
da-test-001544,0,0.004676288808397061,0,0.7704791246752053,available
da-test-001545,0,0.010375700622362328,0,0.7704791246752053,available
da-test-001546,1,0.9783968189118409,1,0.7704791246752053,available
da-test-001547,0,0.0026944144367653778,0,0.7704791246752053,available
da-test-001548,1,0.9583641922904325,1,0.7704791246752053,available
da-test-001549,0,0.01008948012538213,0,0.7704791246752053,available
da-test-001550,0,0.020314353525270848,0,0.7704791246752053,available
da-test-001551,1,0.9567547433425533,1,0.7704791246752053,available
da-test-001552,0,0.012928439561591154,0,0.7704791246752053,available
da-test-001553,0,0.0026493410084691086,0,0.7704791246752053,available
da-test-001554,0,0.001632974289827007,0,0.7704791246752053,available
da-test-001555,0,0.020765410357929063,0,0.7704791246752053,available
da-test-001556,0,0.004293823497577105,0,0.7704791246752053,available
da-test-001557,0,0.002563697894884403,0,0.7704791246752053,available
da-test-001558,0,0.0028591743996180183,0,0.7704791246752053,available
da-test-001559,1,0.9640194228163496,1,0.7704791246752053,available
da-test-001560,0,0.0017660844596902696,0,0.7704791246752053,available
da-test-001561,0,0.043877121837519205,0,0.7704791246752053,available
da-test-001562,0,0.002771736152684698,0,0.7704791246752053,available
da-test-001563,1,0.9706212570853058,1,0.7704791246752053,available
da-test-001564,0,0.009599922303455771,0,0.7704791246752053,available
da-test-001565,0,0.0049164225979145566,0,0.7704791246752053,available
da-test-001566,0,0.002790437046655829,0,0.7704791246752053,available
da-test-001567,0,0.0033402415783487264,0,0.7704791246752053,available
da-test-001568,0,0.003507917427533825,0,0.7704791246752053,available
da-test-001569,0,0.002931882464924,0,0.7704791246752053,available
da-test-001570,1,0.9783968189118409,1,0.7704791246752053,available
da-test-001571,0,0.002065671079898312,0,0.7704791246752053,available
da-test-001572,0,0.0026493410084691086,0,0.7704791246752053,available
da-test-001573,0,0.00831692834846531,0,0.7704791246752053,available
da-test-001574,0,0.020502950480433123,0,0.7704791246752053,available
da-test-001575,0,0.0036990375632965098,0,0.7704791246752053,available
da-test-001576,0,0.003329993063024178,0,0.7704791246752053,available
da-test-001577,1,0.7379715887687754,0,0.7704791246752053,available
da-test-001578,0,0.005906076678284407,0,0.7704791246752053,available
da-test-001579,0,0.010767672978404308,0,0.7704791246752053,available
da-test-001580,0,0.0041721435574667955,0,0.7704791246752053,available
da-test-001581,0,0.02577219059102795,0,0.7704791246752053,available
da-test-001582,0,0.00438217958441481,0,0.7704791246752053,available
da-test-001583,1,0.9556357433940587,1,0.7704791246752053,available
da-test-001584,0,0.009308632954266014,0,0.7704791246752053,available
da-test-001585,0,0.3427821540515073,0,0.7704791246752053,available
da-test-001586,0,0.006831588736138716,0,0.7704791246752053,available
da-test-001587,0,0.0028077090859031655,0,0.7704791246752053,available
da-test-001588,0,0.029074772927139017,0,0.7704791246752053,available
da-test-001589,0,0.0024646234136332865,0,0.7704791246752053,available
da-test-001590,0,0.0038973245423627374,0,0.7704791246752053,available
da-test-001591,0,0.007864958403295083,0,0.7704791246752053,available
da-test-001592,0,0.011168724318916008,0,0.7704791246752053,available
da-test-001593,0,0.0036910903466848147,0,0.7704791246752053,available
da-test-001594,0,0.023418693405716492,0,0.7704791246752053,available
da-test-001595,0,0.003776681620164073,0,0.7704791246752053,available
da-test-001596,0,0.7068988695779433,0,0.7704791246752053,available
da-test-001597,0,0.0020824460473851517,0,0.7704791246752053,available
da-test-001598,1,0.9580238205951287,1,0.7704791246752053,available
da-test-001599,0,0.010821454724108377,0,0.7704791246752053,available
da-test-001600,0,0.002701101025046299,0,0.7704791246752053,available
da-test-001601,0,0.0027169604812513266,0,0.7704791246752053,available
da-test-001602,0,0.8521272652321389,1,0.7704791246752053,available
da-test-001603,0,0.003315086315623539,0,0.7704791246752053,available
da-test-001604,0,0.0026501777084504165,0,0.7704791246752053,available
da-test-001605,1,0.9771314371740476,1,0.7704791246752053,available
da-test-001606,0,0.005252701022772299,0,0.7704791246752053,available
da-test-001607,0,0.0047021540242453514,0,0.7704791246752053,available
da-test-001608,1,0.9783968189118409,1,0.7704791246752053,available
da-test-001609,0,0.0037456272617931593,0,0.7704791246752053,available
da-test-001610,0,0.04644291372113521,0,0.7704791246752053,available
da-test-001611,1,0.7193817087601581,0,0.7704791246752053,available
da-test-001612,0,0.0023615702661239557,0,0.7704791246752053,available
da-test-001613,0,0.05803577324561417,0,0.7704791246752053,available
da-test-001614,0,0.007363625218534274,0,0.7704791246752053,available
da-test-001615,0,0.004062352152635275,0,0.7704791246752053,available
da-test-001616,0,0.003032668806771176,0,0.7704791246752053,available
da-test-001617,0,0.004772844119574124,0,0.7704791246752053,available
da-test-001618,0,0.005975301790395255,0,0.7704791246752053,available
da-test-001619,1,0.8581187547117392,1,0.7704791246752053,available
da-test-001620,0,0.0041491642013510134,0,0.7704791246752053,available
da-test-001621,0,0.002107298465605183,0,0.7704791246752053,available
da-test-001622,1,0.9393901927500273,1,0.7704791246752053,available
da-test-001623,0,0.07437313562614217,0,0.7704791246752053,available
da-test-001624,0,0.004768522760085167,0,0.7704791246752053,available
da-test-001625,0,0.006436668173203638,0,0.7704791246752053,available
da-test-001626,1,0.8631066772230476,1,0.7704791246752053,available
da-test-001627,0,0.01010195893034103,0,0.7704791246752053,available
da-test-001628,0,0.002771736152684698,0,0.7704791246752053,available
da-test-001629,0,0.015860546465772597,0,0.7704791246752053,available
da-test-001630,0,0.0035293914800984022,0,0.7704791246752053,available
da-test-001631,0,0.0022789844094799937,0,0.7704791246752053,available
da-test-001632,1,0.9783968189118409,1,0.7704791246752053,available
da-test-001633,1,0.9717785675000145,1,0.7704791246752053,available
da-test-001634,0,0.002289912415612654,0,0.7704791246752053,available
da-test-001635,1,0.9717785675000145,1,0.7704791246752053,available
da-test-001636,0,0.002004362642518361,0,0.7704791246752053,available
da-test-001637,1,0.9743942874087803,1,0.7704791246752053,available
da-test-001638,0,0.05245721094208429,0,0.7704791246752053,available
da-test-001639,0,0.0033706685249751756,0,0.7704791246752053,available
da-test-001640,0,0.002612721502147113,0,0.7704791246752053,available
da-test-001641,0,0.004071765520174059,0,0.7704791246752053,available
da-test-001642,0,0.0024646234136332865,0,0.7704791246752053,available
da-test-001643,0,0.006610941146861161,0,0.7704791246752053,available
da-test-001644,0,0.002031032508423214,0,0.7704791246752053,available
da-test-001645,0,0.005239924626005816,0,0.7704791246752053,available
da-test-001646,0,0.0034618618849160034,0,0.7704791246752053,available
da-test-001647,1,0.9589152011946314,1,0.7704791246752053,available
da-test-001648,0,0.08558600233854907,0,0.7704791246752053,available
da-test-001649,0,0.0018736681464117777,0,0.7704791246752053,available
da-test-001650,0,0.0025263236008776107,0,0.7704791246752053,available
da-test-001651,0,0.001953260043437832,0,0.7704791246752053,available
da-test-001652,0,0.0038242872196474396,0,0.7704791246752053,available
da-test-001653,0,0.0025966879092709336,0,0.7704791246752053,available
da-test-001654,0,0.006657983437121173,0,0.7704791246752053,available
da-test-001655,0,0.00639442533164784,0,0.7704791246752053,available
da-test-001656,0,0.003659691962012425,0,0.7704791246752053,available
da-test-001657,1,0.972900955425758,1,0.7704791246752053,available
da-test-001658,0,0.00818375233666297,0,0.7704791246752053,available
da-test-001659,0,0.020993017799649804,0,0.7704791246752053,available
da-test-001660,0,0.00922537986393672,0,0.7704791246752053,available
da-test-001661,0,0.008966300926839027,0,0.7704791246752053,available
da-test-001662,0,0.001872977169332324,0,0.7704791246752053,available
da-test-001663,0,0.003938802021783361,0,0.7704791246752053,available
da-test-001664,0,0.02177082850166938,0,0.7704791246752053,available
da-test-001665,0,0.004723380376895696,0,0.7704791246752053,available
da-test-001666,0,0.011236165447462105,0,0.7704791246752053,available
da-test-001667,0,0.025023887368421434,0,0.7704791246752053,available
da-test-001668,0,0.009069564703656798,0,0.7704791246752053,available
da-test-001669,1,0.915339967528809,1,0.7704791246752053,available
da-test-001670,1,0.9625555205821159,1,0.7704791246752053,available
da-test-001671,0,0.0030308823384686706,0,0.7704791246752053,available
da-test-001672,0,0.0025487307774948193,0,0.7704791246752053,available
da-test-001673,0,0.00861445042162737,0,0.7704791246752053,available
da-test-001674,0,0.02661644660626816,0,0.7704791246752053,available
da-test-001675,1,0.8607067075960932,1,0.7704791246752053,available
da-test-001676,0,0.0025966879092709336,0,0.7704791246752053,available
da-test-001677,0,0.005592160026819067,0,0.7704791246752053,available
da-test-001678,0,0.004062352152635275,0,0.7704791246752053,available
da-test-001679,0,0.15370253382504884,0,0.7704791246752053,available
da-test-001680,0,0.007566061781755569,0,0.7704791246752053,available
da-test-001681,0,0.003329993063024178,0,0.7704791246752053,available
da-test-001682,0,0.10157704546805431,0,0.7704791246752053,available
da-test-001683,1,0.9637201408420648,1,0.7704791246752053,available
da-test-001684,1,0.9634288757385506,1,0.7704791246752053,available
da-test-001685,0,0.001872977169332324,0,0.7704791246752053,available
da-test-001686,0,0.0026442238025089584,0,0.7704791246752053,available
da-test-001687,0,0.004393257491147497,0,0.7704791246752053,available
da-test-001688,0,0.0022789844094799937,0,0.7704791246752053,available
da-test-001689,1,0.9620547656801494,1,0.7704791246752053,available
da-test-001690,0,0.003422133555964575,0,0.7704791246752053,available
da-test-001691,0,0.0023615702661239557,0,0.7704791246752053,available
da-test-001692,0,0.0019485211214022263,0,0.7704791246752053,available
da-test-001693,1,0.936528519042093,1,0.7704791246752053,available
da-test-001694,0,0.0034077030534130424,0,0.7704791246752053,available
da-test-001695,0,0.16126191382278887,0,0.7704791246752053,available
da-test-001696,0,0.0023571869962081566,0,0.7704791246752053,available
da-test-001697,1,0.9783968189118409,1,0.7704791246752053,available
da-test-001698,0,0.0032298177262306328,0,0.7704791246752053,available
da-test-001699,0,0.004098489676851914,0,0.7704791246752053,available
da-test-001700,0,0.006884096738894068,0,0.7704791246752053,available
da-test-001701,0,0.0028823633052575356,0,0.7704791246752053,available
da-test-001702,0,0.002310227604410099,0,0.7704791246752053,available
da-test-001703,0,0.006398278447006454,0,0.7704791246752053,available
da-test-001704,0,0.00818375233666297,0,0.7704791246752053,available
da-test-001705,1,0.9722366301855452,1,0.7704791246752053,available
da-test-001706,0,0.8491560157001985,1,0.7704791246752053,available
da-test-001707,1,0.9743942874087803,1,0.7704791246752053,available
da-test-001708,0,0.0033652030585550664,0,0.7704791246752053,available
da-test-001709,0,0.013621486163682925,0,0.7704791246752053,available
da-test-001710,0,0.0028998063512794127,0,0.7704791246752053,available
da-test-001711,1,0.9634288757385506,1,0.7704791246752053,available
da-test-001712,0,0.002794280055732296,0,0.7704791246752053,available
da-test-001713,0,0.015920238685659706,0,0.7704791246752053,available
da-test-001714,0,0.015054980385883775,0,0.7704791246752053,available
da-test-001715,0,0.025338627827163694,0,0.7704791246752053,available
da-test-001716,0,0.002771736152684698,0,0.7704791246752053,available
da-test-001717,0,0.00951567587908949,0,0.7704791246752053,available
da-test-001718,0,0.0021549902164756662,0,0.7704791246752053,available
da-test-001719,0,0.020157212983099592,0,0.7704791246752053,available
da-test-001720,0,0.0018863212402185573,0,0.7704791246752053,available
da-test-001721,0,0.0032132238316686114,0,0.7704791246752053,available
da-test-001722,0,0.010477156577772581,0,0.7704791246752053,available
da-test-001723,0,0.0027230001616778132,0,0.7704791246752053,available
da-test-001724,0,0.8006477438460506,1,0.7704791246752053,available
da-test-001725,0,0.006277408147892479,0,0.7704791246752053,available
da-test-001726,0,0.009898402993507246,0,0.7704791246752053,available
da-test-001727,0,0.004455797811323772,0,0.7704791246752053,available
da-test-001728,0,0.11669927454875179,0,0.7704791246752053,available
da-test-001729,0,0.42280674800062007,0,0.7704791246752053,available
da-test-001730,1,0.9761799773427352,1,0.7704791246752053,available
da-test-001731,0,0.0022789844094799937,0,0.7704791246752053,available
da-test-001732,0,0.2834210365444772,0,0.7704791246752053,available
da-test-001733,0,0.00937236072255164,0,0.7704791246752053,available
da-test-001734,0,0.004965042330226577,0,0.7704791246752053,available
da-test-001735,0,0.006609105005865786,0,0.7704791246752053,available
da-test-001736,0,0.0026501777084504165,0,0.7704791246752053,available
da-test-001737,0,0.002409887143594328,0,0.7704791246752053,available
da-test-001738,0,0.0021958171316642694,0,0.7704791246752053,available
da-test-001739,0,0.0025966879092709336,0,0.7704791246752053,available
da-test-001740,0,0.005607440955296159,0,0.7704791246752053,available
da-test-001741,0,0.0027855203988145093,0,0.7704791246752053,available
da-test-001742,0,0.006885273845600076,0,0.7704791246752053,available
da-test-001743,0,0.002004362642518361,0,0.7704791246752053,available
da-test-001744,0,0.002332086838958901,0,0.7704791246752053,available
da-test-001745,1,0.9606153797712731,1,0.7704791246752053,available
da-test-001746,1,0.972900955425758,1,0.7704791246752053,available
da-test-001747,0,0.023156519787718707,0,0.7704791246752053,available
da-test-001748,0,0.03038662530877673,0,0.7704791246752053,available
da-test-001749,0,0.0034077030534130424,0,0.7704791246752053,available
da-test-001750,0,0.0068092927503505905,0,0.7704791246752053,available
da-test-001751,0,0.0025966879092709336,0,0.7704791246752053,available
da-test-001752,1,0.9596326403335189,1,0.7704791246752053,available
da-test-001753,0,0.0026366674363452287,0,0.7704791246752053,available
da-test-001754,1,0.9743942874087803,1,0.7704791246752053,available
da-test-001755,0,0.007031249612451952,0,0.7704791246752053,available
da-test-001756,0,0.1341131125382809,0,0.7704791246752053,available
da-test-001757,0,0.016234291215652518,0,0.7704791246752053,available
da-test-001758,0,0.0013960543859254967,0,0.7704791246752053,available
da-test-001759,0,0.0038960099405341334,0,0.7704791246752053,available
da-test-001760,0,0.0022339731474192467,0,0.7704791246752053,available
da-test-001761,1,0.9743942874087803,1,0.7704791246752053,available
da-test-001762,0,0.002732254090262609,0,0.7704791246752053,available
da-test-001763,1,0.9706212570853058,1,0.7704791246752053,available
da-test-001764,0,0.007686857667632023,0,0.7704791246752053,available
da-test-001765,0,0.004459271382702959,0,0.7704791246752053,available
da-test-001766,0,0.017183631193613654,0,0.7704791246752053,available
da-test-001767,0,0.002861637381025412,0,0.7704791246752053,available
da-test-001768,0,0.008683209928104771,0,0.7704791246752053,available
da-test-001769,0,0.0037074788745804434,0,0.7704791246752053,available
da-test-001770,1,0.9656735048854188,1,0.7704791246752053,available
da-test-001771,1,0.9783968189118409,1,0.7704791246752053,available
da-test-001772,0,0.0026119786550003977,0,0.7704791246752053,available
da-test-001773,0,0.0049475077937208576,0,0.7704791246752053,available
da-test-001774,0,0.0025328110279963295,0,0.7704791246752053,available
da-test-001775,0,0.0023615702661239557,0,0.7704791246752053,available
da-test-001776,1,0.9453663794311533,1,0.7704791246752053,available
da-test-001777,0,0.011168724318916008,0,0.7704791246752053,available
da-test-001778,0,0.009237367586402517,0,0.7704791246752053,available
da-test-001779,0,0.0037036976420009096,0,0.7704791246752053,available
da-test-001780,0,0.003619084450867847,0,0.7704791246752053,available
da-test-001781,0,0.0030554863042219775,0,0.7704791246752053,available
da-test-001782,0,0.004002850395608076,0,0.7704791246752053,available
da-test-001783,0,0.00394137122808391,0,0.7704791246752053,available
da-test-001784,1,0.9550674048884399,1,0.7704791246752053,available
da-test-001785,1,0.9783968189118409,1,0.7704791246752053,available
da-test-001786,0,0.007566061781755569,0,0.7704791246752053,available
da-test-001787,1,0.8724386580706767,1,0.7704791246752053,available
da-test-001788,0,0.004214521307056724,0,0.7704791246752053,available
da-test-001789,0,0.002937213250156599,0,0.7704791246752053,available
da-test-001790,0,0.019105868995595212,0,0.7704791246752053,available
da-test-001791,0,0.0029614223846505957,0,0.7704791246752053,available
da-test-001792,0,0.001872977169332324,0,0.7704791246752053,available
da-test-001793,0,0.004567643666044247,0,0.7704791246752053,available
da-test-001794,0,0.00806638767020321,0,0.7704791246752053,available
da-test-001795,0,0.007119163014563117,0,0.7704791246752053,available
da-test-001796,0,0.008695388165791445,0,0.7704791246752053,available
da-test-001797,0,0.00286274707638379,0,0.7704791246752053,available
da-test-001798,0,0.0046812372750581165,0,0.7704791246752053,available
da-test-001799,0,0.003870943737145326,0,0.7704791246752053,available
da-test-001800,0,0.002955459029717992,0,0.7704791246752053,available
da-test-001801,1,0.960472765112928,1,0.7704791246752053,available
da-test-001802,0,0.006062749468825022,0,0.7704791246752053,available
da-test-001803,0,0.006111123278290581,0,0.7704791246752053,available
da-test-001804,0,0.0019073296533138695,0,0.7704791246752053,available
da-test-001805,0,0.0019073296533138695,0,0.7704791246752053,available
da-test-001806,1,0.964645825190091,1,0.7704791246752053,available
da-test-001807,0,0.011416171625018045,0,0.7704791246752053,available
da-test-001808,0,0.08050742350370829,0,0.7704791246752053,available
da-test-001809,0,0.0023615702661239557,0,0.7704791246752053,available
da-test-001810,0,0.002576208146333855,0,0.7704791246752053,available
da-test-001811,0,0.005078170042331517,0,0.7704791246752053,available
da-test-001812,0,0.006598603014752111,0,0.7704791246752053,available
da-test-001813,0,0.009001697251280071,0,0.7704791246752053,available
da-test-001814,0,0.0047567721147871245,0,0.7704791246752053,available
da-test-001815,1,0.9452749650481307,1,0.7704791246752053,available
da-test-001816,0,0.5527212587374273,0,0.7704791246752053,available
da-test-001817,0,0.002785010045106463,0,0.7704791246752053,available
da-test-001818,0,0.001801685478193655,0,0.7704791246752053,available
da-test-001819,1,0.9754073015996947,1,0.7704791246752053,available
da-test-001820,0,0.006598603014752111,0,0.7704791246752053,available
da-test-001821,0,0.7478156444957444,0,0.7704791246752053,available
da-test-001822,0,0.007995719241942277,0,0.7704791246752053,available
da-test-001823,1,0.9783968189118409,1,0.7704791246752053,available
da-test-001824,1,0.9573369936146068,1,0.7704791246752053,available
da-test-001825,0,0.0019268351043751743,0,0.7704791246752053,available
da-test-001826,0,0.0022339731474192467,0,0.7704791246752053,available
da-test-001827,1,0.9783968189118409,1,0.7704791246752053,available
da-test-001828,0,0.3039273023100102,0,0.7704791246752053,available
da-test-001829,0,0.011416171625018045,0,0.7704791246752053,available
da-test-001830,1,0.9475546465790257,1,0.7704791246752053,available
da-test-001831,0,0.005812634259200308,0,0.7704791246752053,available
da-test-001832,0,0.0025124173173726437,0,0.7704791246752053,available
da-test-001833,1,0.9583641922904325,1,0.7704791246752053,available
da-test-001834,0,0.006562352899687388,0,0.7704791246752053,available
da-test-001835,0,0.009528439039467082,0,0.7704791246752053,available
da-test-001836,0,0.003807440502309319,0,0.7704791246752053,available
da-test-001837,0,0.05615525657264761,0,0.7704791246752053,available
da-test-001838,0,0.0077038661481450875,0,0.7704791246752053,available
da-test-001839,0,0.02996786461831764,0,0.7704791246752053,available
da-test-001840,0,0.003014194784629476,0,0.7704791246752053,available
da-test-001841,0,0.0023185115267890764,0,0.7704791246752053,available
da-test-001842,0,0.00488004377172272,0,0.7704791246752053,available
da-test-001843,0,0.009294298788807765,0,0.7704791246752053,available
da-test-001844,0,0.014898434474671566,0,0.7704791246752053,available
da-test-001845,1,0.9694074176644335,1,0.7704791246752053,available
da-test-001846,0,0.23749140007698133,0,0.7704791246752053,available
da-test-001847,0,0.0252194067951389,0,0.7704791246752053,available
da-test-001848,0,0.002107298465605183,0,0.7704791246752053,available
da-test-001849,0,0.003551059949089705,0,0.7704791246752053,available
da-test-001850,0,0.0038614262432697497,0,0.7704791246752053,available
da-test-001851,0,0.0027311475774892094,0,0.7704791246752053,available
da-test-001852,0,0.8888804393817128,1,0.7704791246752053,available
da-test-001853,0,0.0031169981350818855,0,0.7704791246752053,available
da-test-001854,0,0.024212039217289753,0,0.7704791246752053,available
da-test-001855,0,0.00940112322031693,0,0.7704791246752053,available
da-test-001856,1,0.9717785675000145,1,0.7704791246752053,available
da-test-001857,0,0.002107298465605183,0,0.7704791246752053,available
da-test-001858,0,0.0034968832215982217,0,0.7704791246752053,available
da-test-001859,0,0.002065671079898312,0,0.7704791246752053,available
da-test-001860,1,0.9771314371740476,1,0.7704791246752053,available
da-test-001861,0,0.008467661012685274,0,0.7704791246752053,available
da-test-001862,0,0.0037456272617931593,0,0.7704791246752053,available
da-test-001863,0,0.003321147039868352,0,0.7704791246752053,available
da-test-001864,0,0.028427756492894956,0,0.7704791246752053,available
da-test-001865,0,0.11762704413516907,0,0.7704791246752053,available
da-test-001866,0,0.009697667893347877,0,0.7704791246752053,available
da-test-001867,0,0.011354037690762363,0,0.7704791246752053,available
da-test-001868,1,0.8676683747768248,1,0.7704791246752053,available
da-test-001869,0,0.004217755525596117,0,0.7704791246752053,available
da-test-001870,0,0.9654326408903926,1,0.7704791246752053,available
da-test-001871,0,0.0031169981350818855,0,0.7704791246752053,available
da-test-001872,0,0.0036669485940855886,0,0.7704791246752053,available
da-test-001873,0,0.0031169981350818855,0,0.7704791246752053,available
da-test-001874,1,0.9567923397524595,1,0.7704791246752053,available
da-test-001875,0,0.008723653469854351,0,0.7704791246752053,available
da-test-001876,0,0.002065671079898312,0,0.7704791246752053,available
da-test-001877,0,0.00375390688193802,0,0.7704791246752053,available
da-test-001878,0,0.0028589873685653288,0,0.7704791246752053,available
da-test-001879,0,0.0026493410084691086,0,0.7704791246752053,available
da-test-001880,1,0.9717785675000145,1,0.7704791246752053,available
da-test-001881,0,0.002066432998269482,0,0.7704791246752053,available
da-test-001882,0,0.0037909928612626332,0,0.7704791246752053,available
da-test-001883,0,0.003918278987561679,0,0.7704791246752053,available
da-test-001884,0,0.0018219655406773992,0,0.7704791246752053,available
da-test-001885,0,0.006368790904463076,0,0.7704791246752053,available
da-test-001886,0,0.026797527226006958,0,0.7704791246752053,available
da-test-001887,0,0.0024646234136332865,0,0.7704791246752053,available
da-test-001888,1,0.9761799773427352,1,0.7704791246752053,available
da-test-001889,0,0.0025966879092709336,0,0.7704791246752053,available
da-test-001890,1,0.9761799773427352,1,0.7704791246752053,available
da-test-001891,0,0.0022339731474192467,0,0.7704791246752053,available
da-test-001892,0,0.005208740199893387,0,0.7704791246752053,available
da-test-001893,0,0.007187695922280084,0,0.7704791246752053,available
da-test-001894,0,0.0033706685249751756,0,0.7704791246752053,available
da-test-001895,0,0.013334828668835633,0,0.7704791246752053,available
da-test-001896,0,0.0022789844094799937,0,0.7704791246752053,available
da-test-001897,0,0.0039555827702893774,0,0.7704791246752053,available
da-test-001898,0,0.006908383494083951,0,0.7704791246752053,available
da-test-001899,0,0.0031560550958849402,0,0.7704791246752053,available
da-test-001900,0,0.0032051118835150633,0,0.7704791246752053,available
da-test-001901,0,0.004380208598205153,0,0.7704791246752053,available
da-test-001902,0,0.004908963485707568,0,0.7704791246752053,available
da-test-001903,0,0.0033024397768827516,0,0.7704791246752053,available
da-test-001904,0,0.003024072247033064,0,0.7704791246752053,available
da-test-001905,0,0.014059498253032387,0,0.7704791246752053,available
da-test-001906,0,0.002107298465605183,0,0.7704791246752053,available
da-test-001907,0,0.0038351973952953054,0,0.7704791246752053,available
da-test-001908,0,0.016623598085334357,0,0.7704791246752053,available
da-test-001909,1,0.972900955425758,1,0.7704791246752053,available
da-test-001910,1,0.8941680086506423,1,0.7704791246752053,available
da-test-001911,0,0.002732254090262609,0,0.7704791246752053,available
da-test-001912,0,0.007738963146855906,0,0.7704791246752053,available
da-test-001913,0,0.006349294525596997,0,0.7704791246752053,available
da-test-001914,0,0.005360154236110525,0,0.7704791246752053,available
da-test-001915,1,0.9783968189118409,1,0.7704791246752053,available
da-test-001916,0,0.005642373779142626,0,0.7704791246752053,available
da-test-001917,0,0.007183080923802527,0,0.7704791246752053,available
da-test-001918,0,0.004176480562721104,0,0.7704791246752053,available
da-test-001919,0,0.010605766634165077,0,0.7704791246752053,available
da-test-001920,0,0.016865195995285322,0,0.7704791246752053,available
da-test-001921,0,0.008412266400421862,0,0.7704791246752053,available
da-test-001922,1,0.9281913651061223,1,0.7704791246752053,available
da-test-001923,0,0.0020000738309946357,0,0.7704791246752053,available
da-test-001924,0,0.009077499673977661,0,0.7704791246752053,available
da-test-001925,0,0.004635810913335155,0,0.7704791246752053,available
da-test-001926,0,0.002479798523635433,0,0.7704791246752053,available
da-test-001927,1,0.9743942874087803,1,0.7704791246752053,available
da-test-001928,0,0.0025124173173726437,0,0.7704791246752053,available
da-test-001929,1,0.9526784648864114,1,0.7704791246752053,available
da-test-001930,0,0.00670294475377012,0,0.7704791246752053,available
da-test-001931,0,0.0023794706879467086,0,0.7704791246752053,available
da-test-001932,1,0.9783968189118409,1,0.7704791246752053,available
da-test-001933,0,0.0022113589319734967,0,0.7704791246752053,available
da-test-001934,1,0.9578286022885049,1,0.7704791246752053,available
da-test-001935,0,0.009737029698337353,0,0.7704791246752053,available
da-test-001936,0,0.002769317751275743,0,0.7704791246752053,available
da-test-001937,0,0.002701101025046299,0,0.7704791246752053,available
da-test-001938,0,0.010334271776348092,0,0.7704791246752053,available
da-test-001939,0,0.002140543470573103,0,0.7704791246752053,available
da-test-001940,0,0.0024152675140163156,0,0.7704791246752053,available
da-test-001941,0,0.0017287429972636672,0,0.7704791246752053,available
da-test-001942,1,0.9783968189118409,1,0.7704791246752053,available
da-test-001943,0,0.002891503214761859,0,0.7704791246752053,available
da-test-001944,1,0.9783968189118409,1,0.7704791246752053,available
da-test-001945,0,0.013369020575859996,0,0.7704791246752053,available
da-test-001946,1,0.9591975465017694,1,0.7704791246752053,available
da-test-001947,0,0.004660895198961224,0,0.7704791246752053,available
da-test-001948,0,0.002771736152684698,0,0.7704791246752053,available
da-test-001949,0,0.00940112322031693,0,0.7704791246752053,available
da-test-001950,0,0.004374333556053143,0,0.7704791246752053,available
da-test-001951,0,0.00940112322031693,0,0.7704791246752053,available
da-test-001952,0,0.030857896538455998,0,0.7704791246752053,available
da-test-001953,0,0.010201742613030765,0,0.7704791246752053,available
da-test-001954,1,0.9743942874087803,1,0.7704791246752053,available
da-test-001955,0,0.00768782378290199,0,0.7704791246752053,available
da-test-001956,0,0.005739658306668332,0,0.7704791246752053,available
da-test-001957,1,0.8315906567035549,1,0.7704791246752053,available
da-test-001958,1,0.9221455156051152,1,0.7704791246752053,available
da-test-001959,1,0.9583641922904325,1,0.7704791246752053,available
da-test-001960,0,0.006234037441771283,0,0.7704791246752053,available
da-test-001961,0,0.019537046886087896,0,0.7704791246752053,available
da-test-001962,0,0.001845648907487618,0,0.7704791246752053,available
da-test-001963,0,0.0027290556226063126,0,0.7704791246752053,available
da-test-001964,0,0.001845648907487618,0,0.7704791246752053,available
da-test-001965,0,0.0025242973838816313,0,0.7704791246752053,available
da-test-001966,0,0.008501736266741527,0,0.7704791246752053,available
da-test-001967,0,0.04005955472060943,0,0.7704791246752053,available
da-test-001968,1,0.9554526887822804,1,0.7704791246752053,available
da-test-001969,1,0.9540946007321464,1,0.7704791246752053,available
da-test-001970,1,0.9761799773427352,1,0.7704791246752053,available
da-test-001971,0,0.019357544800345537,0,0.7704791246752053,available
da-test-001972,1,0.2233245204882378,0,0.7704791246752053,available
da-test-001973,0,0.01061555493926922,0,0.7704791246752053,available
da-test-001974,1,0.9783968189118409,1,0.7704791246752053,available
da-test-001975,0,0.006611751639860178,0,0.7704791246752053,available
da-test-001976,0,0.0021773375641518334,0,0.7704791246752053,available
da-test-001977,0,0.0038056244770605287,0,0.7704791246752053,available
da-test-001978,0,0.008073394469023212,0,0.7704791246752053,available
da-test-001979,0,0.007579862283209854,0,0.7704791246752053,available
da-test-001980,1,0.9761799773427352,1,0.7704791246752053,available
da-test-001981,1,0.9743942874087803,1,0.7704791246752053,available
da-test-001982,0,0.0022339731474192467,0,0.7704791246752053,available
da-test-001983,0,0.5070329987678338,0,0.7704791246752053,available
da-test-001984,0,0.003297027157237947,0,0.7704791246752053,available
da-test-001985,1,0.9743942874087803,1,0.7704791246752053,available
da-test-001986,0,0.0037038236949949,0,0.7704791246752053,available
da-test-001987,0,0.003888348216233878,0,0.7704791246752053,available
da-test-001988,0,0.00940112322031693,0,0.7704791246752053,available
da-test-001989,0,0.006838876535617405,0,0.7704791246752053,available
da-test-001990,0,0.006436668173203638,0,0.7704791246752053,available
da-test-001991,1,0.9783968189118409,1,0.7704791246752053,available
da-test-001992,0,0.01645005164043661,0,0.7704791246752053,available
da-test-001993,0,0.005681735871072541,0,0.7704791246752053,available
da-test-001994,0,0.014361828025845406,0,0.7704791246752053,available
da-test-001995,0,0.001953260043437832,0,0.7704791246752053,available
da-test-001996,0,0.006869043908883618,0,0.7704791246752053,available
da-test-001997,1,0.9700520323292808,1,0.7704791246752053,available
da-test-001998,0,0.003965920692685788,0,0.7704791246752053,available
da-test-001999,0,0.023323048471210354,0,0.7704791246752053,available
da-test-002000,0,0.002310227604410099,0,0.7704791246752053,available
da-test-002001,0,0.020975755608942995,0,0.7704791246752053,available
da-test-002002,0,0.002140543470573103,0,0.7704791246752053,available
da-test-002003,0,0.021843232897499905,0,0.7704791246752053,available
da-test-002004,0,0.014351041977076378,0,0.7704791246752053,available
da-test-002005,0,0.001872977169332324,0,0.7704791246752053,available
da-test-002006,0,0.001672827849486853,0,0.7704791246752053,available
da-test-002007,0,0.0028410452850645028,0,0.7704791246752053,available
da-test-002008,0,0.002106943519820404,0,0.7704791246752053,available
da-test-002009,0,0.0025487307774948193,0,0.7704791246752053,available
da-test-002010,0,0.03201612920925596,0,0.7704791246752053,available
da-test-002011,0,0.0023223790957317258,0,0.7704791246752053,available
da-test-002012,0,0.0033565346841673846,0,0.7704791246752053,available
da-test-002013,0,0.0029236737888899615,0,0.7704791246752053,available
da-test-002014,0,0.005326307299749638,0,0.7704791246752053,available
da-test-002015,0,0.0026119786550003977,0,0.7704791246752053,available
da-test-002016,0,0.0029373990235570403,0,0.7704791246752053,available
da-test-002017,0,0.004036026049272362,0,0.7704791246752053,available
da-test-002018,0,0.19683356486899695,0,0.7704791246752053,available
da-test-002019,0,0.035850091446626695,0,0.7704791246752053,available
da-test-002020,0,0.0021549902164756662,0,0.7704791246752053,available
da-test-002021,0,0.0038973245423627374,0,0.7704791246752053,available
da-test-002022,1,0.9555388702977383,1,0.7704791246752053,available
da-test-002023,0,0.006287074170268015,0,0.7704791246752053,available
da-test-002024,0,0.0020929937240859483,0,0.7704791246752053,available
da-test-002025,1,0.9783968189118409,1,0.7704791246752053,available
da-test-002026,0,0.004602784447446175,0,0.7704791246752053,available
da-test-002027,1,0.9654326408903926,1,0.7704791246752053,available
da-test-002028,0,0.0033706685249751756,0,0.7704791246752053,available
da-test-002029,0,0.02766900930979449,0,0.7704791246752053,available
da-test-002030,1,0.8511381055948893,1,0.7704791246752053,available
da-test-002031,0,0.0084490863371053,0,0.7704791246752053,available
da-test-002032,0,0.0024646234136332865,0,0.7704791246752053,available
da-test-002033,0,0.006831588736138716,0,0.7704791246752053,available
da-test-002034,1,0.953936348875729,1,0.7704791246752053,available
da-test-002035,0,0.0024646234136332865,0,0.7704791246752053,available
da-test-002036,0,0.005287269320115194,0,0.7704791246752053,available
da-test-002037,0,0.003615623720652001,0,0.7704791246752053,available
da-test-002038,0,0.21866353929513996,0,0.7704791246752053,available
da-test-002039,0,0.005123502693743064,0,0.7704791246752053,available
da-test-002040,1,0.9783968189118409,1,0.7704791246752053,available
da-test-002041,0,0.0018219655406773992,0,0.7704791246752053,available
da-test-002042,0,0.03393725229683514,0,0.7704791246752053,available
da-test-002043,0,0.0023615702661239557,0,0.7704791246752053,available
da-test-002044,0,0.0030457703410269018,0,0.7704791246752053,available
da-test-002045,1,0.9783968189118409,1,0.7704791246752053,available
da-test-002046,0,0.006658605498240339,0,0.7704791246752053,available
da-test-002047,0,0.0026776458884857604,0,0.7704791246752053,available
da-test-002048,0,0.006099691117795289,0,0.7704791246752053,available
da-test-002049,0,0.8930249064611223,1,0.7704791246752053,available
da-test-002050,0,0.003194302656974549,0,0.7704791246752053,available
da-test-002051,0,0.010980942074210017,0,0.7704791246752053,available
da-test-002052,0,0.0017660844596902696,0,0.7704791246752053,available
da-test-002053,0,0.003014194784629476,0,0.7704791246752053,available
da-test-002054,0,0.03686326334996185,0,0.7704791246752053,available
da-test-002055,0,0.11459701003894783,0,0.7704791246752053,available
da-test-002056,0,0.0024646234136332865,0,0.7704791246752053,available
da-test-002057,0,0.0031169981350818855,0,0.7704791246752053,available
da-test-002058,0,0.019423956968875722,0,0.7704791246752053,available
da-test-002059,0,0.002066432998269482,0,0.7704791246752053,available
da-test-002060,0,0.005310507169738534,0,0.7704791246752053,available
da-test-002061,0,0.02728284374400288,0,0.7704791246752053,available
da-test-002062,0,0.003684056096398595,0,0.7704791246752053,available
da-test-002063,0,0.002310227604410099,0,0.7704791246752053,available
da-test-002064,0,0.0024646234136332865,0,0.7704791246752053,available
da-test-002065,0,0.0025966879092709336,0,0.7704791246752053,available
da-test-002066,0,0.004200835420340743,0,0.7704791246752053,available
da-test-002067,0,0.011182409655355158,0,0.7704791246752053,available
da-test-002068,1,0.9586375669266127,1,0.7704791246752053,available
da-test-002069,0,0.010334271776348092,0,0.7704791246752053,available
da-test-002070,0,0.003723675194310179,0,0.7704791246752053,available
da-test-002071,0,0.0036343567919393483,0,0.7704791246752053,available
da-test-002072,0,0.09330916632267239,0,0.7704791246752053,available
da-test-002073,0,0.30131398045652524,0,0.7704791246752053,available
da-test-002074,0,0.005486331266406019,0,0.7704791246752053,available
da-test-002075,0,0.0038351973952953054,0,0.7704791246752053,available
da-test-002076,0,0.004088868215252917,0,0.7704791246752053,available
da-test-002077,0,0.0024162877427227796,0,0.7704791246752053,available
da-test-002078,0,0.011680365539990405,0,0.7704791246752053,available
da-test-002079,1,0.9753894854532708,1,0.7704791246752053,available
da-test-002080,0,0.002845928625275591,0,0.7704791246752053,available
da-test-002081,0,0.002107298465605183,0,0.7704791246752053,available
da-test-002082,1,0.8804155252178685,1,0.7704791246752053,available
da-test-002083,0,0.0031169981350818855,0,0.7704791246752053,available
da-test-002084,0,0.004239427617374232,0,0.7704791246752053,available
da-test-002085,0,0.002269173736024417,0,0.7704791246752053,available
da-test-002086,1,0.9783968189118409,1,0.7704791246752053,available
da-test-002087,0,0.002138921034641831,0,0.7704791246752053,available
da-test-002088,1,0.9743942874087803,1,0.7704791246752053,available
da-test-002089,0,0.029964409315754774,0,0.7704791246752053,available
da-test-002090,0,0.0024014456753549186,0,0.7704791246752053,available
da-test-002091,1,0.9771314371740476,1,0.7704791246752053,available
da-test-002092,0,0.002031032508423214,0,0.7704791246752053,available
da-test-002093,0,0.6674784203186415,0,0.7704791246752053,available
da-test-002094,0,0.015054980385883775,0,0.7704791246752053,available
da-test-002095,0,0.0028042882904064305,0,0.7704791246752053,available
da-test-002096,0,0.031726549255246934,0,0.7704791246752053,available
da-test-002097,0,0.0023615702661239557,0,0.7704791246752053,available
da-test-002098,0,0.004687286015998246,0,0.7704791246752053,available
da-test-002099,0,0.0026501777084504165,0,0.7704791246752053,available
da-test-002100,0,0.00951567587908949,0,0.7704791246752053,available
da-test-002101,0,0.002630729112783564,0,0.7704791246752053,available
da-test-002102,0,0.008073394469023212,0,0.7704791246752053,available
da-test-002103,0,0.029997550230197935,0,0.7704791246752053,available
da-test-002104,0,0.0023615702661239557,0,0.7704791246752053,available
da-test-002105,0,0.002771736152684698,0,0.7704791246752053,available
da-test-002106,0,0.013209592752670236,0,0.7704791246752053,available
da-test-002107,0,0.003145005927817725,0,0.7704791246752053,available
da-test-002108,0,0.0024646234136332865,0,0.7704791246752053,available
da-test-002109,1,0.9743942874087803,1,0.7704791246752053,available
da-test-002110,0,0.83897835912171,1,0.7704791246752053,available
da-test-002111,1,0.9761799773427352,1,0.7704791246752053,available
da-test-002112,0,0.004157497687953027,0,0.7704791246752053,available
da-test-002113,0,0.007321703422412219,0,0.7704791246752053,available
da-test-002114,1,0.966196296825422,1,0.7704791246752053,available
da-test-002115,0,0.27825548315585963,0,0.7704791246752053,available
da-test-002116,0,0.0026442238025089584,0,0.7704791246752053,available
da-test-002117,0,0.003074250678286944,0,0.7704791246752053,available
da-test-002118,0,0.005257654913785732,0,0.7704791246752053,available
da-test-002119,0,0.002771736152684698,0,0.7704791246752053,available
da-test-002120,1,0.9589394049348997,1,0.7704791246752053,available
da-test-002121,0,0.006180558272825856,0,0.7704791246752053,available
da-test-002122,0,0.003337492056692044,0,0.7704791246752053,available
da-test-002123,0,0.0020000738309946357,0,0.7704791246752053,available
da-test-002124,0,0.14766247944382418,0,0.7704791246752053,available
da-test-002125,0,0.2095128805904509,0,0.7704791246752053,available
da-test-002126,0,0.014012149780091458,0,0.7704791246752053,available
da-test-002127,0,0.009272739683803507,0,0.7704791246752053,available
da-test-002128,1,0.9302028333094046,1,0.7704791246752053,available
da-test-002129,0,0.0024646234136332865,0,0.7704791246752053,available
da-test-002130,0,0.0023615702661239557,0,0.7704791246752053,available
da-test-002131,0,0.007098543935693336,0,0.7704791246752053,available
da-test-002132,1,0.8423062772360972,1,0.7704791246752053,available
da-test-002133,0,0.01180342619099961,0,0.7704791246752053,available
da-test-002134,0,0.004615663854651748,0,0.7704791246752053,available
da-test-002135,0,0.005216031138734219,0,0.7704791246752053,available
da-test-002136,0,0.0038831875290705553,0,0.7704791246752053,available
da-test-002137,0,0.009196946074613258,0,0.7704791246752053,available
da-test-002138,0,0.008644520132583764,0,0.7704791246752053,available
da-test-002139,0,0.003684056096398595,0,0.7704791246752053,available
da-test-002140,1,0.9591695276660063,1,0.7704791246752053,available
da-test-002141,0,0.008966300926839027,0,0.7704791246752053,available
da-test-002142,1,0.9783968189118409,1,0.7704791246752053,available
da-test-002143,0,0.0022339731474192467,0,0.7704791246752053,available
da-test-002144,0,0.003443529956194049,0,0.7704791246752053,available
da-test-002145,0,0.0033402415783487264,0,0.7704791246752053,available
da-test-002146,0,0.03533490429267051,0,0.7704791246752053,available
da-test-002147,0,0.00336548549644444,0,0.7704791246752053,available
da-test-002148,1,0.9497479569907836,1,0.7704791246752053,available
da-test-002149,0,0.003428140276690587,0,0.7704791246752053,available
da-test-002150,0,0.0026957083089060117,0,0.7704791246752053,available
da-test-002151,0,0.0027855203988145093,0,0.7704791246752053,available
da-test-002152,1,0.9706212570853058,1,0.7704791246752053,available
da-test-002153,0,0.003655583593945339,0,0.7704791246752053,available
da-test-002154,0,0.006798144416954076,0,0.7704791246752053,available
da-test-002155,0,0.002427108550346921,0,0.7704791246752053,available
da-test-002156,0,0.007294998689148134,0,0.7704791246752053,available
da-test-002157,1,0.972900955425758,1,0.7704791246752053,available
da-test-002158,0,0.0032807499849942905,0,0.7704791246752053,available
da-test-002159,0,0.08173306266639196,0,0.7704791246752053,available
da-test-002160,0,0.0022113589319734967,0,0.7704791246752053,available
da-test-002161,1,0.9743942874087803,1,0.7704791246752053,available
da-test-002162,0,0.0031843936677704416,0,0.7704791246752053,available
da-test-002163,0,0.0026119786550003977,0,0.7704791246752053,available
da-test-002164,0,0.006680733830119308,0,0.7704791246752053,available
da-test-002165,0,0.0034811979709909206,0,0.7704791246752053,available
da-test-002166,0,0.013602946669526,0,0.7704791246752053,available
da-test-002167,0,0.0015403258941001253,0,0.7704791246752053,available
da-test-002168,0,0.0024646234136332865,0,0.7704791246752053,available
da-test-002169,0,0.009697667893347877,0,0.7704791246752053,available
da-test-002170,0,0.0044922068064015995,0,0.7704791246752053,available
da-test-002171,0,0.006659958842805193,0,0.7704791246752053,available
da-test-002172,0,0.0024646234136332865,0,0.7704791246752053,available
da-test-002173,0,0.0048400124557667285,0,0.7704791246752053,available
da-test-002174,0,0.00781341563210225,0,0.7704791246752053,available
da-test-002175,0,0.006180558272825856,0,0.7704791246752053,available
da-test-002176,0,0.10080119945887586,0,0.7704791246752053,available
da-test-002177,1,0.9602087474739268,1,0.7704791246752053,available
da-test-002178,0,0.021936796703236956,0,0.7704791246752053,available
da-test-002179,1,0.9743942874087803,1,0.7704791246752053,available
da-test-002180,0,0.07860390327451804,0,0.7704791246752053,available
da-test-002181,1,0.9615573305362392,1,0.7704791246752053,available
da-test-002182,1,0.9547649953737636,1,0.7704791246752053,available
da-test-002183,0,0.005564814640187048,0,0.7704791246752053,available
da-test-002184,1,0.9051111042378469,1,0.7704791246752053,available
da-test-002185,0,0.010209209797324733,0,0.7704791246752053,available
da-test-002186,0,0.004573588014718892,0,0.7704791246752053,available
da-test-002187,0,0.004626999596625341,0,0.7704791246752053,available
da-test-002188,0,0.018744921805911217,0,0.7704791246752053,available
da-test-002189,0,0.0022789844094799937,0,0.7704791246752053,available
da-test-002190,0,0.01328043852407524,0,0.7704791246752053,available
da-test-002191,0,0.002771736152684698,0,0.7704791246752053,available
da-test-002192,0,0.006228830990140358,0,0.7704791246752053,available
da-test-002193,0,0.007216089610602974,0,0.7704791246752053,available
da-test-002194,0,0.002752797319441738,0,0.7704791246752053,available
da-test-002195,0,0.002771736152684698,0,0.7704791246752053,available
da-test-002196,0,0.009166494475428695,0,0.7704791246752053,available
da-test-002197,0,0.008902218460360255,0,0.7704791246752053,available
da-test-002198,0,0.0035254284679710653,0,0.7704791246752053,available
da-test-002199,1,0.9168623360450734,1,0.7704791246752053,available
da-test-002200,0,0.0023809843035643144,0,0.7704791246752053,available
da-test-002201,0,0.00394137122808391,0,0.7704791246752053,available
da-test-002202,0,0.02952155543303908,0,0.7704791246752053,available
da-test-002203,0,0.004382392942779366,0,0.7704791246752053,available
da-test-002204,0,0.055073378308942,0,0.7704791246752053,available
da-test-002205,0,0.03236080136461094,0,0.7704791246752053,available
da-test-002206,0,0.005605380758870944,0,0.7704791246752053,available
da-test-002207,0,0.00421168987233758,0,0.7704791246752053,available
da-test-002208,0,0.24310857398303615,0,0.7704791246752053,available
da-test-002209,0,0.003120309681693613,0,0.7704791246752053,available
da-test-002210,0,0.0035139129606133125,0,0.7704791246752053,available
da-test-002211,0,0.006760902683234454,0,0.7704791246752053,available
da-test-002212,0,0.005110944673215727,0,0.7704791246752053,available
da-test-002213,0,0.019722134114777135,0,0.7704791246752053,available
da-test-002214,1,0.9783968189118409,1,0.7704791246752053,available
da-test-002215,0,0.22109825946918796,0,0.7704791246752053,available
da-test-002216,0,0.046549866752210886,0,0.7704791246752053,available
da-test-002217,0,0.002927025651049474,0,0.7704791246752053,available
da-test-002218,0,0.0060820217671044025,0,0.7704791246752053,available
da-test-002219,0,0.0016982279142352143,0,0.7704791246752053,available
da-test-002220,0,0.009092171105782493,0,0.7704791246752053,available
da-test-002221,0,0.00308142110356094,0,0.7704791246752053,available
da-test-002222,1,0.9637201408420648,1,0.7704791246752053,available
da-test-002223,0,0.0023615702661239557,0,0.7704791246752053,available
da-test-002224,0,0.004077322366653542,0,0.7704791246752053,available
da-test-002225,0,0.0108067569748945,0,0.7704791246752053,available
da-test-002226,0,0.00818524134120361,0,0.7704791246752053,available
da-test-002227,0,0.30015219810415084,0,0.7704791246752053,available
da-test-002228,0,0.027600756817563868,0,0.7704791246752053,available
da-test-002229,0,0.004716459531208819,0,0.7704791246752053,available
da-test-002230,0,0.00386011605886794,0,0.7704791246752053,available
da-test-002231,0,0.0028591743996180183,0,0.7704791246752053,available
da-test-002232,0,0.0033706685249751756,0,0.7704791246752053,available
da-test-002233,0,0.007194285726703081,0,0.7704791246752053,available
da-test-002234,0,0.006205629284342066,0,0.7704791246752053,available
da-test-002235,0,0.005793071619726605,0,0.7704791246752053,available
da-test-002236,1,0.9743942874087803,1,0.7704791246752053,available
da-test-002237,0,0.004602784447446175,0,0.7704791246752053,available
da-test-002238,0,0.0032807499849942905,0,0.7704791246752053,available
da-test-002239,0,0.005044470172745024,0,0.7704791246752053,available
da-test-002240,0,0.18380147703840133,0,0.7704791246752053,available
da-test-002241,0,0.011168724318916008,0,0.7704791246752053,available
da-test-002242,1,0.9783968189118409,1,0.7704791246752053,available
da-test-002243,0,0.0025040012822415583,0,0.7704791246752053,available
da-test-002244,0,0.8624867516083761,1,0.7704791246752053,available
da-test-002245,1,0.9020452793923645,1,0.7704791246752053,available
da-test-002246,0,0.003776681620164073,0,0.7704791246752053,available
da-test-002247,0,0.0037038236949949,0,0.7704791246752053,available
da-test-002248,0,0.0036343567919393483,0,0.7704791246752053,available
da-test-002249,0,0.0033565346841673846,0,0.7704791246752053,available
da-test-002250,0,0.0022831308056234113,0,0.7704791246752053,available
da-test-002251,0,0.0027407247251833365,0,0.7704791246752053,available
da-test-002252,0,0.020993017799649804,0,0.7704791246752053,available
da-test-002253,0,0.11765922605580426,0,0.7704791246752053,available
da-test-002254,0,0.006746967321073223,0,0.7704791246752053,available
da-test-002255,0,0.002065671079898312,0,0.7704791246752053,available
da-test-002256,1,0.9743942874087803,1,0.7704791246752053,available
da-test-002257,0,0.005845785404257034,0,0.7704791246752053,available
da-test-002258,1,0.9761799773427352,1,0.7704791246752053,available
da-test-002259,1,0.9783968189118409,1,0.7704791246752053,available
da-test-002260,0,0.004234162894978649,0,0.7704791246752053,available
da-test-002261,0,0.010437128296849247,0,0.7704791246752053,available
da-test-002262,0,0.0018128191454504351,0,0.7704791246752053,available
da-test-002263,0,0.9654326408903926,1,0.7704791246752053,available
da-test-002264,0,0.004241956866817315,0,0.7704791246752053,available
da-test-002265,0,0.0028769678064181564,0,0.7704791246752053,available
da-test-002266,0,0.0035168954755590894,0,0.7704791246752053,available
da-test-002267,0,0.0025124173173726437,0,0.7704791246752053,available
da-test-002268,0,0.03139360698050189,0,0.7704791246752053,available
da-test-002269,0,0.01820749962740514,0,0.7704791246752053,available
da-test-002270,0,0.002343607536990564,0,0.7704791246752053,available
da-test-002271,0,0.003194302656974549,0,0.7704791246752053,available
da-test-002272,0,0.003418688752125936,0,0.7704791246752053,available
da-test-002273,0,0.002169313559136054,0,0.7704791246752053,available
da-test-002274,0,0.49505920528197034,0,0.7704791246752053,available
da-test-002275,0,0.0035083287850827204,0,0.7704791246752053,available
da-test-002276,0,0.002423346019129392,0,0.7704791246752053,available
da-test-002277,0,0.0025124173173726437,0,0.7704791246752053,available
da-test-002278,0,0.011144848518999483,0,0.7704791246752053,available
da-test-002279,0,0.0034339898930543606,0,0.7704791246752053,available
da-test-002280,0,0.008914507471616638,0,0.7704791246752053,available
da-test-002281,1,0.9473995008638111,1,0.7704791246752053,available
da-test-002282,0,0.3138431709948053,0,0.7704791246752053,available
da-test-002283,0,0.01122393792166077,0,0.7704791246752053,available
da-test-002284,1,0.972900955425758,1,0.7704791246752053,available
da-test-002285,0,0.002162206134452879,0,0.7704791246752053,available
da-test-002286,0,0.008542716925033314,0,0.7704791246752053,available
da-test-002287,0,0.004780589171512315,0,0.7704791246752053,available
da-test-002288,0,0.003230018875648494,0,0.7704791246752053,available
da-test-002289,0,0.0025124173173726437,0,0.7704791246752053,available
da-test-002290,0,0.013357913282906649,0,0.7704791246752053,available
da-test-002291,0,0.0024646234136332865,0,0.7704791246752053,available
da-test-002292,1,0.9406923025576857,1,0.7704791246752053,available
da-test-002293,0,0.3138431709948053,0,0.7704791246752053,available
da-test-002294,0,0.003716872751287908,0,0.7704791246752053,available
da-test-002295,0,0.0022113589319734967,0,0.7704791246752053,available
da-test-002296,0,0.003325719058175866,0,0.7704791246752053,available
da-test-002297,0,0.0025124173173726437,0,0.7704791246752053,available
da-test-002298,0,0.003910431177639956,0,0.7704791246752053,available
da-test-002299,1,0.9783968189118409,1,0.7704791246752053,available
da-test-002300,0,0.005216031138734219,0,0.7704791246752053,available
da-test-002301,1,0.9706212570853058,1,0.7704791246752053,available
da-test-002302,0,0.008015971561175707,0,0.7704791246752053,available
da-test-002303,1,0.9743942874087803,1,0.7704791246752053,available
da-test-002304,0,0.004901818551782312,0,0.7704791246752053,available
da-test-002305,1,0.9503157100905989,1,0.7704791246752053,available
da-test-002306,0,0.010806075160084186,0,0.7704791246752053,available
da-test-002307,0,0.006598603014752111,0,0.7704791246752053,available
da-test-002308,0,0.007851839299567934,0,0.7704791246752053,available
da-test-002309,0,0.0022789844094799937,0,0.7704791246752053,available
da-test-002310,0,0.003376868396720565,0,0.7704791246752053,available
da-test-002311,0,0.02177082850166938,0,0.7704791246752053,available
da-test-002312,1,0.9743942874087803,1,0.7704791246752053,available
da-test-002313,0,0.011459096833810259,0,0.7704791246752053,available
da-test-002314,0,0.004831051846924123,0,0.7704791246752053,available
da-test-002315,0,0.008046245523963278,0,0.7704791246752053,available
da-test-002316,0,0.0053518181902160586,0,0.7704791246752053,available
da-test-002317,0,0.0028591743996180183,0,0.7704791246752053,available
da-test-002318,0,0.0022789844094799937,0,0.7704791246752053,available
da-test-002319,0,0.0038919885844243113,0,0.7704791246752053,available
da-test-002320,0,0.008072730905199391,0,0.7704791246752053,available
da-test-002321,1,0.9743942874087803,1,0.7704791246752053,available
da-test-002322,1,0.8905573338977022,1,0.7704791246752053,available
da-test-002323,0,0.00358527061043611,0,0.7704791246752053,available
da-test-002324,0,0.004170167294631914,0,0.7704791246752053,available
da-test-002325,0,0.004333584347583985,0,0.7704791246752053,available
da-test-002326,0,0.0022291404864265506,0,0.7704791246752053,available
da-test-002327,0,0.0074732546011529125,0,0.7704791246752053,available
da-test-002328,0,0.03144846606803539,0,0.7704791246752053,available
da-test-002329,0,0.01829883073618974,0,0.7704791246752053,available
da-test-002330,1,0.9783968189118409,1,0.7704791246752053,available
da-test-002331,1,0.9783968189118409,1,0.7704791246752053,available
da-test-002332,1,0.9616990060799272,1,0.7704791246752053,available
da-test-002333,1,0.972900955425758,1,0.7704791246752053,available
da-test-002334,0,0.0043982434618383415,0,0.7704791246752053,available
da-test-002335,0,0.006458851622035283,0,0.7704791246752053,available
da-test-002336,0,0.0026620644096648854,0,0.7704791246752053,available
da-test-002337,1,0.972900955425758,1,0.7704791246752053,available
da-test-002338,0,0.012275941615547207,0,0.7704791246752053,available
da-test-002339,0,0.002310227604410099,0,0.7704791246752053,available
da-test-002340,0,0.006870065738942527,0,0.7704791246752053,available
da-test-002341,0,0.0035848197272454604,0,0.7704791246752053,available
da-test-002342,0,0.0022113589319734967,0,0.7704791246752053,available
da-test-002343,0,0.004249515348063309,0,0.7704791246752053,available
da-test-002344,0,0.005934660350614981,0,0.7704791246752053,available
da-test-002345,1,0.9578286022885049,1,0.7704791246752053,available
da-test-002346,0,0.0028591743996180183,0,0.7704791246752053,available
da-test-002347,0,0.002628944047080113,0,0.7704791246752053,available
da-test-002348,0,0.004502345784029689,0,0.7704791246752053,available
da-test-002349,0,0.05285180805588569,0,0.7704791246752053,available
da-test-002350,0,0.0039035307460679554,0,0.7704791246752053,available
da-test-002351,0,0.003151509363047878,0,0.7704791246752053,available
da-test-002352,1,0.9643276345951499,1,0.7704791246752053,available
da-test-002353,0,0.00237794860138916,0,0.7704791246752053,available
da-test-002354,0,0.006936039041912443,0,0.7704791246752053,available
da-test-002355,0,0.004687286015998246,0,0.7704791246752053,available
da-test-002356,0,0.0034077030534130424,0,0.7704791246752053,available
da-test-002357,0,0.0039543325717066305,0,0.7704791246752053,available
da-test-002358,1,0.9771314371740476,1,0.7704791246752053,available
da-test-002359,0,0.003031886975383325,0,0.7704791246752053,available
da-test-002360,0,0.004093100434626009,0,0.7704791246752053,available
da-test-002361,0,0.017989032895388564,0,0.7704791246752053,available
da-test-002362,0,0.001872977169332324,0,0.7704791246752053,available
da-test-002363,0,0.01954615885591869,0,0.7704791246752053,available
da-test-002364,0,0.004420489172904698,0,0.7704791246752053,available
da-test-002365,0,0.002310227604410099,0,0.7704791246752053,available
da-test-002366,0,0.0026493410084691086,0,0.7704791246752053,available
da-test-002367,0,0.35172051077974525,0,0.7704791246752053,available
da-test-002368,0,0.0057046858177270425,0,0.7704791246752053,available
da-test-002369,0,0.004982681962247335,0,0.7704791246752053,available
da-test-002370,0,0.11255702402984503,0,0.7704791246752053,available
da-test-002371,1,0.9783968189118409,1,0.7704791246752053,available
da-test-002372,0,0.007602254384793794,0,0.7704791246752053,available
da-test-002373,1,0.9761799773427352,1,0.7704791246752053,available
da-test-002374,0,0.5888973180050869,0,0.7704791246752053,available
da-test-002375,0,0.0034403540896638966,0,0.7704791246752053,available
da-test-002376,0,0.0025966879092709336,0,0.7704791246752053,available
da-test-002377,1,0.9737157221943314,1,0.7704791246752053,available
da-test-002378,0,0.011534488150622085,0,0.7704791246752053,available
da-test-002379,0,0.002662173161621249,0,0.7704791246752053,available
da-test-002380,0,0.0029236737888899615,0,0.7704791246752053,available
da-test-002381,1,0.9567923397524595,1,0.7704791246752053,available
da-test-002382,0,0.01934090661040867,0,0.7704791246752053,available
da-test-002383,0,0.005385493437309921,0,0.7704791246752053,available
da-test-002384,0,0.007686857667632023,0,0.7704791246752053,available
da-test-002385,1,0.9783968189118409,1,0.7704791246752053,available
da-test-002386,1,0.9783968189118409,1,0.7704791246752053,available
da-test-002387,0,0.00505595675775101,0,0.7704791246752053,available
da-test-002388,0,0.0029373990235570403,0,0.7704791246752053,available
da-test-002389,0,0.011168724318916008,0,0.7704791246752053,available
da-test-002390,0,0.06999727204378448,0,0.7704791246752053,available
da-test-002391,0,0.002332086838958901,0,0.7704791246752053,available
da-test-002392,0,0.002825468708787818,0,0.7704791246752053,available
da-test-002393,0,0.0026957083089060117,0,0.7704791246752053,available
da-test-002394,0,0.035753773470798104,0,0.7704791246752053,available
da-test-002395,0,0.009098857690427719,0,0.7704791246752053,available
da-test-002396,0,0.0025966879092709336,0,0.7704791246752053,available
da-test-002397,0,0.18554216086904107,0,0.7704791246752053,available
da-test-002398,1,0.9418127668148907,1,0.7704791246752053,available
da-test-002399,0,0.03840777577876417,0,0.7704791246752053,available
da-test-002400,0,0.0029236737888899615,0,0.7704791246752053,available
da-test-002401,0,0.0072524924911987355,0,0.7704791246752053,available
da-test-002402,0,0.008645936574936055,0,0.7704791246752053,available
da-test-002403,1,0.8797945140737831,1,0.7704791246752053,available
da-test-002404,0,0.005487794740362673,0,0.7704791246752053,available
da-test-002405,1,0.9800715035178775,1,0.7704791246752053,available
da-test-002406,0,0.006513740118166966,0,0.7704791246752053,available
da-test-002407,0,0.8934366921054544,1,0.7704791246752053,available
da-test-002408,0,0.009140737541948435,0,0.7704791246752053,available
da-test-002409,0,0.0027664947277165662,0,0.7704791246752053,available
da-test-002410,0,0.0026493410084691086,0,0.7704791246752053,available
da-test-002411,0,0.005684544771901457,0,0.7704791246752053,available
da-test-002412,0,0.007119163014563117,0,0.7704791246752053,available
da-test-002413,0,0.0018736681464117777,0,0.7704791246752053,available
da-test-002414,0,0.0035399605074208753,0,0.7704791246752053,available
da-test-002415,0,0.00818375233666297,0,0.7704791246752053,available
da-test-002416,1,0.42880860128886955,0,0.7704791246752053,available
da-test-002417,1,0.9783968189118409,1,0.7704791246752053,available
da-test-002418,1,0.9751653013871203,1,0.7704791246752053,available
da-test-002419,0,0.01291342329373727,0,0.7704791246752053,available
da-test-002420,0,0.0077038661481450875,0,0.7704791246752053,available
da-test-002421,0,0.003115793489063134,0,0.7704791246752053,available
da-test-002422,0,0.0028121964054252397,0,0.7704791246752053,available
da-test-002423,0,0.023519690016243718,0,0.7704791246752053,available
da-test-002424,0,0.005054239873153669,0,0.7704791246752053,available
da-test-002425,0,0.003057963701898657,0,0.7704791246752053,available
da-test-002426,1,0.9526752499450162,1,0.7704791246752053,available
da-test-002427,0,0.0038470330837774673,0,0.7704791246752053,available
da-test-002428,0,0.01443263903632684,0,0.7704791246752053,available
da-test-002429,0,0.0027619019588742953,0,0.7704791246752053,available
da-test-002430,1,0.9743942874087803,1,0.7704791246752053,available
da-test-002431,0,0.0032132238316686114,0,0.7704791246752053,available
da-test-002432,0,0.006885273845600076,0,0.7704791246752053,available
da-test-002433,0,0.006368790904463076,0,0.7704791246752053,available
da-test-002434,1,0.9761799773427352,1,0.7704791246752053,available
da-test-002435,0,0.003376868396720565,0,0.7704791246752053,available
da-test-002436,1,0.972900955425758,1,0.7704791246752053,available
da-test-002437,0,0.06705872461830747,0,0.7704791246752053,available
da-test-002438,0,0.0037456272617931593,0,0.7704791246752053,available
da-test-002439,0,0.004823120554852007,0,0.7704791246752053,available
da-test-002440,0,0.006368790904463076,0,0.7704791246752053,available
da-test-002441,1,0.9783968189118409,1,0.7704791246752053,available
da-test-002442,0,0.007570609533291056,0,0.7704791246752053,available
da-test-002443,0,0.0028591743996180183,0,0.7704791246752053,available
da-test-002444,0,0.002107298465605183,0,0.7704791246752053,available
da-test-002445,0,0.01626954043443379,0,0.7704791246752053,available
da-test-002446,0,0.0034571664448049843,0,0.7704791246752053,available
da-test-002447,0,0.004958889328139332,0,0.7704791246752053,available
da-test-002448,0,0.002066432998269482,0,0.7704791246752053,available
da-test-002449,0,0.00903598555629133,0,0.7704791246752053,available
da-test-002450,0,0.018725135385900427,0,0.7704791246752053,available
da-test-002451,1,0.9771314371740476,1,0.7704791246752053,available
da-test-002452,0,0.007276627648519487,0,0.7704791246752053,available
da-test-002453,1,0.7953601925626863,1,0.7704791246752053,available
da-test-002454,0,0.007379333056713957,0,0.7704791246752053,available
da-test-002455,0,0.08686662642290302,0,0.7704791246752053,available
da-test-002456,0,0.005239924626005816,0,0.7704791246752053,available
da-test-002457,0,0.007621724941049633,0,0.7704791246752053,available
da-test-002458,0,0.04181584150834699,0,0.7704791246752053,available
da-test-002459,0,0.005331362925192351,0,0.7704791246752053,available
da-test-002460,0,0.009219064598181215,0,0.7704791246752053,available
da-test-002461,0,0.05117079214555947,0,0.7704791246752053,available
da-test-002462,1,0.9717785675000145,1,0.7704791246752053,available
da-test-002463,1,0.9771314371740476,1,0.7704791246752053,available
da-test-002464,0,0.003297027157237947,0,0.7704791246752053,available
da-test-002465,0,0.01779476112778767,0,0.7704791246752053,available
da-test-002466,1,0.9688734918363735,1,0.7704791246752053,available
da-test-002467,0,0.0034009478972784695,0,0.7704791246752053,available
da-test-002468,1,0.9783968189118409,1,0.7704791246752053,available
da-test-002469,0,0.0031169981350818855,0,0.7704791246752053,available
da-test-002470,0,0.007672437257452782,0,0.7704791246752053,available
da-test-002471,1,0.9783968189118409,1,0.7704791246752053,available
da-test-002472,0,0.002771736152684698,0,0.7704791246752053,available
