pair_id,label,probability,prediction,threshold,status
da-test-000000,0,8.780499754670326e-06,0,0.4290718802585354,available
da-test-000001,0,0.09753434466589346,0,0.4290718802585354,available
da-test-000002,0,0.0004974718222380893,0,0.4290718802585354,available
da-test-000003,0,2.0754308270279565e-08,0,0.4290718802585354,available
da-test-000004,0,1.9375469068912904e-08,0,0.4290718802585354,available
da-test-000005,0,2.233598461755617e-08,0,0.4290718802585354,available
da-test-000006,0,2.960956768308813e-08,0,0.4290718802585354,available
da-test-000007,0,2.5178431150761846e-08,0,0.4290718802585354,available
da-test-000008,0,1.9028467212006368e-08,0,0.4290718802585354,available
da-test-000009,0,2.1886268850007688e-08,0,0.4290718802585354,available
da-test-000010,1,0.9959272707081015,1,0.4290718802585354,available
da-test-000011,0,2.827208552263381e-08,0,0.4290718802585354,available
da-test-000012,0,2.6725605356808037e-08,0,0.4290718802585354,available
da-test-000013,1,0.9950827507783415,1,0.4290718802585354,available
da-test-000014,1,0.9959272707081015,1,0.4290718802585354,available
da-test-000015,0,3.970393591246051e-08,0,0.4290718802585354,available
da-test-000016,0,3.9190776500742e-08,0,0.4290718802585354,available
da-test-000017,0,5.1379380914412144e-08,0,0.4290718802585354,available
da-test-000018,0,8.034474169449122e-08,0,0.4290718802585354,available
da-test-000019,0,0.006164620700443945,0,0.4290718802585354,available
da-test-000020,0,2.4797761195264647e-08,0,0.4290718802585354,available
da-test-000021,1,0.9921511717561701,1,0.4290718802585354,available
da-test-000022,0,3.589182354119696e-08,0,0.4290718802585354,available
da-test-000023,1,0.9932330679441843,1,0.4290718802585354,available
da-test-000024,1,0.9921511717561701,1,0.4290718802585354,available
da-test-000025,0,3.842883081109118e-08,0,0.4290718802585354,available
da-test-000026,0,2.1218788924752673e-07,0,0.4290718802585354,available
da-test-000027,1,0.9919244092475837,1,0.4290718802585354,available
da-test-000028,0,2.223082844002287e-08,0,0.4290718802585354,available
da-test-000029,1,0.9924486100726025,1,0.4290718802585354,available
da-test-000030,0,4.1894500018903405e-08,0,0.4290718802585354,available
da-test-000031,0,2.9649147409427305e-08,0,0.4290718802585354,available
da-test-000032,1,0.9925435103280126,1,0.4290718802585354,available
da-test-000033,0,2.690189737388425e-08,0,0.4290718802585354,available
da-test-000034,0,2.1475300866217065e-07,0,0.4290718802585354,available
da-test-000035,0,1.666161031931816e-08,0,0.4290718802585354,available
da-test-000036,0,0.0001616064027790863,0,0.4290718802585354,available
da-test-000037,0,5.226906846536133e-08,0,0.4290718802585354,available
da-test-000038,1,0.9921511717561701,1,0.4290718802585354,available
da-test-000039,0,0.0003097917463359923,0,0.4290718802585354,available
da-test-000040,1,0.993169628345957,1,0.4290718802585354,available
da-test-000041,0,0.00022148020317039422,0,0.4290718802585354,available
da-test-000042,1,0.9935732882000113,1,0.4290718802585354,available
da-test-000043,0,2.765589837672325e-08,0,0.4290718802585354,available
da-test-000044,1,0.9907597786615564,1,0.4290718802585354,available
da-test-000045,0,2.797784996626481e-08,0,0.4290718802585354,available
da-test-000046,0,2.1909304335812845e-08,0,0.4290718802585354,available
da-test-000047,0,0.0003313665079211001,0,0.4290718802585354,available
da-test-000048,0,1.837386435079204e-08,0,0.4290718802585354,available
da-test-000049,0,2.4900877048532427e-08,0,0.4290718802585354,available
da-test-000050,0,2.8076041498071827e-08,0,0.4290718802585354,available
da-test-000051,0,1.5767787688356817e-08,0,0.4290718802585354,available
da-test-000052,0,2.043753636937201e-08,0,0.4290718802585354,available
da-test-000053,0,3.101816203080855e-08,0,0.4290718802585354,available
da-test-000054,0,2.8660259048246295e-08,0,0.4290718802585354,available
da-test-000055,0,2.0061925888326555e-08,0,0.4290718802585354,available
da-test-000056,0,4.141954791563803e-08,0,0.4290718802585354,available
da-test-000057,0,2.4613647099074527e-08,0,0.4290718802585354,available
da-test-000058,0,0.0008989615538492546,0,0.4290718802585354,available
da-test-000059,1,0.9903740285389357,1,0.4290718802585354,available
da-test-000060,0,0.0003681708444894349,0,0.4290718802585354,available
da-test-000061,1,0.9549381835244672,1,0.4290718802585354,available
da-test-000062,0,2.3665748373526922e-08,0,0.4290718802585354,available
da-test-000063,0,0.0003730497717395465,0,0.4290718802585354,available
da-test-000064,0,1.6962254585504585e-07,0,0.4290718802585354,available
da-test-000065,0,1.0723731173949927e-06,0,0.4290718802585354,available
da-test-000066,0,1.8719824849521668e-07,0,0.4290718802585354,available
da-test-000067,1,0.9921511717561701,1,0.4290718802585354,available
da-test-000068,0,0.9855359051063096,1,0.4290718802585354,available
da-test-000069,0,2.435005208630488e-08,0,0.4290718802585354,available
da-test-000070,0,2.84406338919893e-08,0,0.4290718802585354,available
da-test-000071,0,3.4426842323015734e-08,0,0.4290718802585354,available
da-test-000072,0,1.2921684933373877e-05,0,0.4290718802585354,available
da-test-000073,0,2.624322717937688e-08,0,0.4290718802585354,available
da-test-000074,0,3.025715599147273e-08,0,0.4290718802585354,available
da-test-000075,0,2.2495285652876828e-08,0,0.4290718802585354,available
da-test-000076,0,4.672260279443225e-08,0,0.4290718802585354,available
da-test-000077,0,0.00033408600212088646,0,0.4290718802585354,available
da-test-000078,0,6.791110696696473e-08,0,0.4290718802585354,available
da-test-000079,0,2.84406338919893e-08,0,0.4290718802585354,available
da-test-000080,1,0.9862263540083507,1,0.4290718802585354,available
da-test-000081,0,0.00021957740080177137,0,0.4290718802585354,available
da-test-000082,0,8.513966247392081e-08,0,0.4290718802585354,available
da-test-000083,0,1.3518042453651234e-05,0,0.4290718802585354,available
da-test-000084,0,2.794017914266892e-07,0,0.4290718802585354,available
da-test-000085,1,0.9944162557514122,1,0.4290718802585354,available
da-test-000086,0,3.7704122167163643e-08,0,0.4290718802585354,available
da-test-000087,0,1.8077578212617362e-08,0,0.4290718802585354,available
da-test-000088,0,8.651886094351168e-08,0,0.4290718802585354,available
da-test-000089,0,1.0234918442859e-07,0,0.4290718802585354,available
da-test-000090,0,4.3837805722229636e-08,0,0.4290718802585354,available
da-test-000091,0,4.141954791563803e-08,0,0.4290718802585354,available
da-test-000092,0,3.221423475629467e-08,0,0.4290718802585354,available
da-test-000093,0,0.00019693591371202214,0,0.4290718802585354,available
da-test-000094,0,0.10595387601934687,0,0.4290718802585354,available
da-test-000095,0,3.621562957605374e-08,0,0.4290718802585354,available
da-test-000096,0,2.196222513619227e-08,0,0.4290718802585354,available
da-test-000097,0,3.004547667578592e-08,0,0.4290718802585354,available
da-test-000098,0,3.201225020506143e-08,0,0.4290718802585354,available
da-test-000099,0,3.959592528017043e-08,0,0.4290718802585354,available
da-test-000100,0,2.9552854288587136e-08,0,0.4290718802585354,available
da-test-000101,0,2.3567104625825712e-08,0,0.4290718802585354,available
da-test-000102,0,4.23835798089019e-08,0,0.4290718802585354,available
da-test-000103,0,3.077175970691644e-08,0,0.4290718802585354,available
da-test-000104,0,3.7601778567261515e-08,0,0.4290718802585354,available
da-test-000105,1,0.9958468664878564,1,0.4290718802585354,available
da-test-000106,1,0.993486812071692,1,0.4290718802585354,available
da-test-000107,0,2.8076041498071827e-08,0,0.4290718802585354,available
da-test-000108,0,1.4517087062349705e-08,0,0.4290718802585354,available
da-test-000109,1,0.9882512100420882,1,0.4290718802585354,available
da-test-000110,0,1.837386435079204e-08,0,0.4290718802585354,available
da-test-000111,0,0.00019693591371202214,0,0.4290718802585354,available
da-test-000112,0,3.027961059650913e-08,0,0.4290718802585354,available
da-test-000113,0,2.9552854288587136e-08,0,0.4290718802585354,available
da-test-000114,1,0.990799244571549,1,0.4290718802585354,available
da-test-000115,0,1.2680238535696009e-07,0,0.4290718802585354,available
da-test-000116,0,0.0018006071966238516,0,0.4290718802585354,available
da-test-000117,0,2.6413616288146766e-08,0,0.4290718802585354,available
da-test-000118,1,0.9934259204175254,1,0.4290718802585354,available
da-test-000119,0,1.5145822815342306e-05,0,0.4290718802585354,available
da-test-000120,1,0.9959272707081015,1,0.4290718802585354,available
da-test-000121,0,1.1459645265111739e-07,0,0.4290718802585354,available
da-test-000122,0,2.303872173907304e-08,0,0.4290718802585354,available
da-test-000123,1,0.9951294966989109,1,0.4290718802585354,available
da-test-000124,1,0.9776127273213634,1,0.4290718802585354,available
da-test-000125,0,8.506145335824672e-08,0,0.4290718802585354,available
da-test-000126,0,2.404652322407316e-08,0,0.4290718802585354,available
da-test-000127,0,1.6714918505630436e-08,0,0.4290718802585354,available
da-test-000128,0,0.0008716437025341944,0,0.4290718802585354,available
da-test-000129,0,2.6337539872041725e-07,0,0.4290718802585354,available
da-test-000130,0,0.00016911023917434828,0,0.4290718802585354,available
da-test-000131,0,9.800311624339262e-08,0,0.4290718802585354,available
da-test-000132,0,3.429802577890754e-08,0,0.4290718802585354,available
da-test-000133,1,0.9945032996487232,1,0.4290718802585354,available
da-test-000134,0,9.045050286651711e-07,0,0.4290718802585354,available
da-test-000135,0,3.274643698899426e-08,0,0.4290718802585354,available
da-test-000136,0,4.948588664675351e-08,0,0.4290718802585354,available
da-test-000137,1,0.9905218388873882,1,0.4290718802585354,available
da-test-000138,0,2.6615069832156547e-08,0,0.4290718802585354,available
da-test-000139,0,1.821127396827766e-07,0,0.4290718802585354,available
da-test-000140,0,7.603732186340377e-05,0,0.4290718802585354,available
da-test-000141,1,0.9921511717561701,1,0.4290718802585354,available
da-test-000142,0,3.741391120478302e-08,0,0.4290718802585354,available
da-test-000143,0,1.9300613874254698e-08,0,0.4290718802585354,available
da-test-000144,0,2.4488737198639825e-08,0,0.4290718802585354,available
da-test-000145,0,2.299838943836262e-08,0,0.4290718802585354,available
da-test-000146,1,0.6235439724184876,1,0.4290718802585354,available
da-test-000147,0,2.577938585155189e-08,0,0.4290718802585354,available
da-test-000148,0,7.293867586644307e-08,0,0.4290718802585354,available
da-test-000149,1,0.9959272707081015,1,0.4290718802585354,available
da-test-000150,0,3.6248373268229246e-08,0,0.4290718802585354,available
da-test-000151,0,0.0002979661110883935,0,0.4290718802585354,available
da-test-000152,0,2.8453687998768544e-08,0,0.4290718802585354,available
da-test-000153,0,0.05360149612019096,0,0.4290718802585354,available
da-test-000154,0,6.354332143140701e-08,0,0.4290718802585354,available
da-test-000155,0,2.1268732492072383e-08,0,0.4290718802585354,available
da-test-000156,0,9.290462158921147e-08,0,0.4290718802585354,available
da-test-000157,0,2.091018764994276e-08,0,0.4290718802585354,available
da-test-000158,0,3.5212851350866274e-08,0,0.4290718802585354,available
da-test-000159,0,3.5313112506167754e-08,0,0.4290718802585354,available
da-test-000160,0,2.6840167764319556e-08,0,0.4290718802585354,available
da-test-000161,0,2.3001458578169383e-08,0,0.4290718802585354,available
da-test-000162,0,1.8503331159314206e-05,0,0.4290718802585354,available
da-test-000163,1,0.9931915203144182,1,0.4290718802585354,available
da-test-000164,0,0.0001998387002005548,0,0.4290718802585354,available
da-test-000165,0,5.501844561304565e-08,0,0.4290718802585354,available
da-test-000166,0,4.7093508418179164e-05,0,0.4290718802585354,available
da-test-000167,0,6.79268053976945e-08,0,0.4290718802585354,available
da-test-000168,0,7.750245964473772e-08,0,0.4290718802585354,available
da-test-000169,0,2.6965593987050055e-08,0,0.4290718802585354,available
da-test-000170,0,4.651803263751456e-08,0,0.4290718802585354,available
da-test-000171,1,0.9959272707081015,1,0.4290718802585354,available
da-test-000172,0,3.2914181419212355e-07,0,0.4290718802585354,available
da-test-000173,0,2.8076041498071827e-08,0,0.4290718802585354,available
da-test-000174,0,1.782514010735213e-07,0,0.4290718802585354,available
da-test-000175,0,1.1834934339357937e-07,0,0.4290718802585354,available
da-test-000176,0,1.9974349377408913e-08,0,0.4290718802585354,available
da-test-000177,1,0.9933441073198908,1,0.4290718802585354,available
da-test-000178,0,6.67449707808807e-08,0,0.4290718802585354,available
da-test-000179,0,2.172791687043976e-08,0,0.4290718802585354,available
da-test-000180,0,6.838991832996898e-05,0,0.4290718802585354,available
da-test-000181,0,0.0004075993920205325,0,0.4290718802585354,available
da-test-000182,1,0.9959272707081015,1,0.4290718802585354,available
da-test-000183,0,2.2743180427725547e-08,0,0.4290718802585354,available
da-test-000184,1,0.9933441073198908,1,0.4290718802585354,available
da-test-000185,1,0.9959272707081015,1,0.4290718802585354,available
da-test-000186,0,0.0017181507294173064,0,0.4290718802585354,available
da-test-000187,1,0.9924486100726025,1,0.4290718802585354,available
da-test-000188,0,0.00020161694022234364,0,0.4290718802585354,available
da-test-000189,0,5.5649535511083077e-08,0,0.4290718802585354,available
da-test-000190,0,0.00018353477003001342,0,0.4290718802585354,available
da-test-000191,0,0.0006373613846883744,0,0.4290718802585354,available
da-test-000192,0,0.00028342969549351925,0,0.4290718802585354,available
da-test-000193,1,0.9935015652851376,1,0.4290718802585354,available
da-test-000194,0,3.359943840557044e-08,0,0.4290718802585354,available
da-test-000195,0,3.101816203080855e-08,0,0.4290718802585354,available
da-test-000196,0,4.44227965788099e-08,0,0.4290718802585354,available
da-test-000197,0,2.632353537071818e-08,0,0.4290718802585354,available
da-test-000198,0,2.2963434779225307e-08,0,0.4290718802585354,available
da-test-000199,0,5.142766514735e-07,0,0.4290718802585354,available
da-test-000200,0,2.5779487605281375e-08,0,0.4290718802585354,available
da-test-000201,0,5.167717654826937e-08,0,0.4290718802585354,available
da-test-000202,0,2.577938585155189e-08,0,0.4290718802585354,available
da-test-000203,0,4.141954791563803e-08,0,0.4290718802585354,available
da-test-000204,0,2.4970318907952645e-08,0,0.4290718802585354,available
da-test-000205,0,8.151258343463193e-08,0,0.4290718802585354,available
da-test-000206,0,0.0003625338208177211,0,0.4290718802585354,available
da-test-000207,0,2.2748688934208182e-08,0,0.4290718802585354,available
da-test-000208,0,2.9448691782895456e-08,0,0.4290718802585354,available
da-test-000209,1,0.9786040321918187,1,0.4290718802585354,available
da-test-000210,0,0.0005399647552927313,0,0.4290718802585354,available
da-test-000211,0,5.901845693632282e-08,0,0.4290718802585354,available
da-test-000212,0,1.450473936823327e-07,0,0.4290718802585354,available
da-test-000213,1,0.9960182191681994,1,0.4290718802585354,available
da-test-000214,0,0.0002476196040853649,0,0.4290718802585354,available
da-test-000215,1,0.992153658484213,1,0.4290718802585354,available
da-test-000216,0,3.789370875646116e-08,0,0.4290718802585354,available
da-test-000217,0,0.008715061429757136,0,0.4290718802585354,available
da-test-000218,0,2.7455735130847307e-08,0,0.4290718802585354,available
da-test-000219,0,6.085235804392464e-08,0,0.4290718802585354,available
da-test-000220,1,0.9719219887343682,1,0.4290718802585354,available
da-test-000221,0,4.5984245089391376e-08,0,0.4290718802585354,available
da-test-000222,1,0.9876769607096354,1,0.4290718802585354,available
da-test-000223,0,2.701940088565134e-08,0,0.4290718802585354,available
da-test-000224,0,6.248067085315004e-08,0,0.4290718802585354,available
da-test-000225,0,2.7808832950176828e-08,0,0.4290718802585354,available
da-test-000226,0,1.3344336396923885e-05,0,0.4290718802585354,available
da-test-000227,1,0.9932907665858121,1,0.4290718802585354,available
da-test-000228,0,9.934922118197024e-08,0,0.4290718802585354,available
da-test-000229,0,2.3001458578169383e-08,0,0.4290718802585354,available
da-test-000230,0,2.1453082788960266e-08,0,0.4290718802585354,available
da-test-000231,0,2.7455735130847307e-08,0,0.4290718802585354,available
da-test-000232,0,0.0004417913702392006,0,0.4290718802585354,available
da-test-000233,1,0.9960821754718315,1,0.4290718802585354,available
da-test-000234,0,2.84406338919893e-08,0,0.4290718802585354,available
da-test-000235,0,5.226906846536133e-08,0,0.4290718802585354,available
da-test-000236,0,2.7455735130847307e-08,0,0.4290718802585354,available
da-test-000237,0,3.284408044866715e-05,0,0.4290718802585354,available
da-test-000238,0,3.4310217856071656e-08,0,0.4290718802585354,available
da-test-000239,1,0.9960182191681994,1,0.4290718802585354,available
da-test-000240,0,2.5889445623858037e-08,0,0.4290718802585354,available
da-test-000241,0,2.2167085295079253e-08,0,0.4290718802585354,available
da-test-000242,0,0.00035498739085672103,0,0.4290718802585354,available
da-test-000243,0,0.00039332049767478523,0,0.4290718802585354,available
da-test-000244,0,3.754398468963191e-08,0,0.4290718802585354,available
da-test-000245,0,1.2396163597992542e-08,0,0.4290718802585354,available
da-test-000246,0,2.96363386266677e-08,0,0.4290718802585354,available
da-test-000247,0,3.118030979470857e-07,0,0.4290718802585354,available
da-test-000248,0,2.6000588757257408e-08,0,0.4290718802585354,available
da-test-000249,0,2.0101668983813724e-08,0,0.4290718802585354,available
da-test-000250,0,2.5889445623858037e-08,0,0.4290718802585354,available
da-test-000251,0,3.28879276061482e-08,0,0.4290718802585354,available
da-test-000252,0,2.0468284655627982e-08,0,0.4290718802585354,available
da-test-000253,0,0.0002942225060769353,0,0.4290718802585354,available
da-test-000254,0,2.84406338919893e-08,0,0.4290718802585354,available
da-test-000255,0,0.0003542907616153845,0,0.4290718802585354,available
da-test-000256,1,0.9951294966989109,1,0.4290718802585354,available
da-test-000257,0,6.783890097575854e-08,0,0.4290718802585354,available
da-test-000258,0,0.0008921414155884231,0,0.4290718802585354,available
da-test-000259,0,4.141954791563803e-08,0,0.4290718802585354,available
da-test-000260,0,3.117478485884261e-08,0,0.4290718802585354,available
da-test-000261,0,2.213579967112721e-08,0,0.4290718802585354,available
da-test-000262,0,3.274643698899426e-08,0,0.4290718802585354,available
da-test-000263,0,3.4426842323015734e-08,0,0.4290718802585354,available
da-test-000264,0,3.3609008836207485e-08,0,0.4290718802585354,available
da-test-000265,1,0.9959272707081015,1,0.4290718802585354,available
da-test-000266,0,7.832971454216931e-08,0,0.4290718802585354,available
da-test-000267,0,3.7290041344401785e-08,0,0.4290718802585354,available
da-test-000268,0,0.0004490289483839667,0,0.4290718802585354,available
da-test-000269,1,0.993169628345957,1,0.4290718802585354,available
da-test-000270,0,3.4447776372290747e-08,0,0.4290718802585354,available
da-test-000271,0,0.0018307483611634423,0,0.4290718802585354,available
da-test-000272,1,0.9891697490801193,1,0.4290718802585354,available
da-test-000273,0,3.40317528760977e-08,0,0.4290718802585354,available
da-test-000274,0,3.4027043290190955e-08,0,0.4290718802585354,available
da-test-000275,0,2.229204286670141e-08,0,0.4290718802585354,available
da-test-000276,0,3.4027043290190955e-08,0,0.4290718802585354,available
da-test-000277,0,2.2268391325791407e-08,0,0.4290718802585354,available
da-test-000278,0,1.837386435079204e-08,0,0.4290718802585354,available
da-test-000279,0,2.701940088565134e-08,0,0.4290718802585354,available
da-test-000280,0,2.088798681118181e-08,0,0.4290718802585354,available
da-test-000281,1,0.9902494930393092,1,0.4290718802585354,available
da-test-000282,0,0.0006851491439805813,0,0.4290718802585354,available
da-test-000283,0,4.442107909735179e-08,0,0.4290718802585354,available
da-test-000284,1,0.6195723078751673,1,0.4290718802585354,available
da-test-000285,1,0.9880620944875033,1,0.4290718802585354,available
da-test-000286,1,0.9932720765376971,1,0.4290718802585354,available
da-test-000287,1,0.9959272707081015,1,0.4290718802585354,available
da-test-000288,0,0.00022197097969831037,0,0.4290718802585354,available
da-test-000289,0,3.621562957605374e-08,0,0.4290718802585354,available
da-test-000290,0,1.5518849318217544e-05,0,0.4290718802585354,available
da-test-000291,0,2.3665748373526922e-08,0,0.4290718802585354,available
da-test-000292,0,2.2432341750638909e-07,0,0.4290718802585354,available
da-test-000293,0,0.0005091064426022165,0,0.4290718802585354,available
da-test-000294,0,2.301982933850898e-08,0,0.4290718802585354,available
da-test-000295,0,3.74728153234829e-08,0,0.4290718802585354,available
da-test-000296,0,4.0342537231165217e-07,0,0.4290718802585354,available
da-test-000297,0,1.4810159962480952e-08,0,0.4290718802585354,available
da-test-000298,0,3.84426143540907e-08,0,0.4290718802585354,available
da-test-000299,1,0.988145119722883,1,0.4290718802585354,available
da-test-000300,0,2.7802984744844493e-08,0,0.4290718802585354,available
da-test-000301,0,2.5222756434307673e-06,0,0.4290718802585354,available
da-test-000302,0,0.00022148020317039422,0,0.4290718802585354,available
da-test-000303,0,2.0468284655627982e-08,0,0.4290718802585354,available
da-test-000304,0,3.274643698899426e-08,0,0.4290718802585354,available
da-test-000305,0,3.6278862324435244e-08,0,0.4290718802585354,available
da-test-000306,0,2.4300874616000575e-08,0,0.4290718802585354,available
da-test-000307,0,2.301982933850898e-08,0,0.4290718802585354,available
da-test-000308,0,2.3790949092979655e-08,0,0.4290718802585354,available
da-test-000309,0,3.101816203080855e-08,0,0.4290718802585354,available
da-test-000310,0,2.0258851471694512e-08,0,0.4290718802585354,available
da-test-000311,1,0.9875189346116923,1,0.4290718802585354,available
da-test-000312,0,1.8213392472559835e-08,0,0.4290718802585354,available
da-test-000313,0,2.5946826611845575e-08,0,0.4290718802585354,available
da-test-000314,0,2.5946826611845575e-08,0,0.4290718802585354,available
da-test-000315,0,1.880633290562011e-08,0,0.4290718802585354,available
da-test-000316,0,0.00020503249490751282,0,0.4290718802585354,available
da-test-000317,0,3.044309900864335e-08,0,0.4290718802585354,available
da-test-000318,1,0.9964798760389761,1,0.4290718802585354,available
da-test-000319,0,2.3492178234965983e-08,0,0.4290718802585354,available
da-test-000320,0,2.788337506220612e-08,0,0.4290718802585354,available
da-test-000321,1,0.9921511717561701,1,0.4290718802585354,available
da-test-000322,0,2.960956768308813e-08,0,0.4290718802585354,available
da-test-000323,0,2.51552277539198e-08,0,0.4290718802585354,available
da-test-000324,0,3.107206215357799e-08,0,0.4290718802585354,available
da-test-000325,0,3.625453714529147e-08,0,0.4290718802585354,available
da-test-000326,0,0.000253297211762411,0,0.4290718802585354,available
da-test-000327,0,2.2105089596001558e-08,0,0.4290718802585354,available
da-test-000328,0,2.1725516720536428e-08,0,0.4290718802585354,available
da-test-000329,0,1.9992164565365257e-08,0,0.4290718802585354,available
da-test-000330,0,0.000166359222393077,0,0.4290718802585354,available
da-test-000331,0,1.0211244690723175e-07,0,0.4290718802585354,available
da-test-000332,0,3.6278862324435244e-08,0,0.4290718802585354,available
da-test-000333,0,4.339135130166893e-08,0,0.4290718802585354,available
da-test-000334,1,0.9921511717561701,1,0.4290718802585354,available
da-test-000335,0,6.215988339865363e-08,0,0.4290718802585354,available
da-test-000336,0,2.0296441490266813e-08,0,0.4290718802585354,available
da-test-000337,0,3.0322723785999314e-08,0,0.4290718802585354,available
da-test-000338,0,0.0002884315914622135,0,0.4290718802585354,available
da-test-000339,0,2.1453082788960266e-08,0,0.4290718802585354,available
da-test-000340,0,4.123969073873836e-08,0,0.4290718802585354,available
da-test-000341,0,0.00031721703140198746,0,0.4290718802585354,available
da-test-000342,0,1.3252461296207924e-07,0,0.4290718802585354,available
da-test-000343,0,2.8375544492006038e-08,0,0.4290718802585354,available
da-test-000344,0,5.2487770737483906e-08,0,0.4290718802585354,available
da-test-000345,0,3.141642507571356e-08,0,0.4290718802585354,available
da-test-000346,0,0.0011262726041014553,0,0.4290718802585354,available
da-test-000347,0,2.0879426331155247e-07,0,0.4290718802585354,available
da-test-000348,0,0.0003649458903601265,0,0.4290718802585354,available
da-test-000349,0,4.786300932725492e-08,0,0.4290718802585354,available
da-test-000350,0,1.7321571264747136e-08,0,0.4290718802585354,available
da-test-000351,1,0.9452458364774226,1,0.4290718802585354,available
da-test-000352,0,3.474896017098504e-08,0,0.4290718802585354,available
da-test-000353,1,0.9941205271849805,1,0.4290718802585354,available
da-test-000354,0,2.8945710624536765e-08,0,0.4290718802585354,available
da-test-000355,0,1.1784272334601788e-07,0,0.4290718802585354,available
da-test-000356,0,1.1421667687546922e-05,0,0.4290718802585354,available
da-test-000357,1,0.9922658182383687,1,0.4290718802585354,available
da-test-000358,0,5.878015835653766e-08,0,0.4290718802585354,available
da-test-000359,0,2.6131212704850293e-08,0,0.4290718802585354,available
da-test-000360,0,0.0002519839414720642,0,0.4290718802585354,available
da-test-000361,0,2.07529860946474e-08,0,0.4290718802585354,available
da-test-000362,0,0.00021361889575708296,0,0.4290718802585354,available
da-test-000363,0,0.0006066779847445548,0,0.4290718802585354,available
da-test-000364,0,2.3921411499785006e-08,0,0.4290718802585354,available
da-test-000365,0,3.905665352868733e-08,0,0.4290718802585354,available
da-test-000366,0,3.027961059650913e-08,0,0.4290718802585354,available
da-test-000367,0,4.6870025393271673e-08,0,0.4290718802585354,available
da-test-000368,0,4.0934553610393973e-08,0,0.4290718802585354,available
da-test-000369,0,0.0002801242734659192,0,0.4290718802585354,available
da-test-000370,0,5.608187071487837e-08,0,0.4290718802585354,available
da-test-000371,0,2.9833757368682525e-08,0,0.4290718802585354,available
da-test-000372,0,1.9257218846013558e-08,0,0.4290718802585354,available
da-test-000373,0,5.455653374878612e-08,0,0.4290718802585354,available
da-test-000374,0,5.501844561304565e-08,0,0.4290718802585354,available
da-test-000375,0,3.004547667578592e-08,0,0.4290718802585354,available
da-test-000376,0,0.00021580822641693707,0,0.4290718802585354,available
da-test-000377,0,3.077175970691644e-08,0,0.4290718802585354,available
da-test-000378,0,3.705953145295467e-08,0,0.4290718802585354,available
da-test-000379,0,2.019378053515287e-07,0,0.4290718802585354,available
da-test-000380,1,0.9921511717561701,1,0.4290718802585354,available
da-test-000381,1,0.9880901614623683,1,0.4290718802585354,available
da-test-000382,1,0.9959272707081015,1,0.4290718802585354,available
da-test-000383,1,0.9959272707081015,1,0.4290718802585354,available
da-test-000384,0,2.8875774261262936e-08,0,0.4290718802585354,available
da-test-000385,0,4.3039331270794516e-08,0,0.4290718802585354,available
da-test-000386,1,0.9959272707081015,1,0.4290718802585354,available
da-test-000387,1,0.9923257948303654,1,0.4290718802585354,available
da-test-000388,0,2.6818620645646653e-08,0,0.4290718802585354,available
da-test-000389,0,5.501844561304565e-08,0,0.4290718802585354,available
da-test-000390,0,3.201225020506143e-08,0,0.4290718802585354,available
da-test-000391,0,6.272251368929591e-08,0,0.4290718802585354,available
da-test-000392,1,0.9838962967795747,1,0.4290718802585354,available
da-test-000393,0,4.658284452497027e-08,0,0.4290718802585354,available
da-test-000394,0,0.0015091008531842372,0,0.4290718802585354,available
da-test-000395,1,0.9921511717561701,1,0.4290718802585354,available
da-test-000396,0,4.3039331270794516e-08,0,0.4290718802585354,available
da-test-000397,1,0.9959272707081015,1,0.4290718802585354,available
da-test-000398,0,7.130336483176075e-08,0,0.4290718802585354,available
da-test-000399,1,0.9933610996920967,1,0.4290718802585354,available
da-test-000400,1,0.9959272707081015,1,0.4290718802585354,available
da-test-000401,0,2.6818620645646653e-08,0,0.4290718802585354,available
da-test-000402,0,5.41781265424463e-08,0,0.4290718802585354,available
da-test-000403,0,1.4589698197682672e-08,0,0.4290718802585354,available
da-test-000404,1,0.9942803723206112,1,0.4290718802585354,available
da-test-000405,0,4.658284452497027e-08,0,0.4290718802585354,available
da-test-000406,1,0.9933940880823848,1,0.4290718802585354,available
da-test-000407,0,2.504326071005732e-07,0,0.4290718802585354,available
da-test-000408,0,1.4353381962318924e-08,0,0.4290718802585354,available
da-test-000409,0,1.8926385444192707e-08,0,0.4290718802585354,available
da-test-000410,0,1.9674486380315284e-07,0,0.4290718802585354,available
da-test-000411,1,0.9960182191681994,1,0.4290718802585354,available
da-test-000412,0,3.4111233612470994e-08,0,0.4290718802585354,available
da-test-000413,0,2.4067222786961058e-05,0,0.4290718802585354,available
da-test-000414,0,2.9552854288587136e-08,0,0.4290718802585354,available
da-test-000415,1,0.9959272707081015,1,0.4290718802585354,available
da-test-000416,0,3.11895932777564e-08,0,0.4290718802585354,available
da-test-000417,0,1.5349542247063637e-07,0,0.4290718802585354,available
da-test-000418,0,4.36134511527758e-08,0,0.4290718802585354,available
da-test-000419,0,0.0003374595261397882,0,0.4290718802585354,available
da-test-000420,0,4.3039331270794516e-08,0,0.4290718802585354,available
da-test-000421,0,2.51552277539198e-08,0,0.4290718802585354,available
da-test-000422,0,0.0005759924451249873,0,0.4290718802585354,available
da-test-000423,0,1.1971643092852282e-07,0,0.4290718802585354,available
da-test-000424,0,0.0019593965919397225,0,0.4290718802585354,available
da-test-000425,0,1.7322937770010183e-07,0,0.4290718802585354,available
da-test-000426,0,3.331412479446243e-08,0,0.4290718802585354,available
da-test-000427,1,0.99301635848052,1,0.4290718802585354,available
da-test-000428,0,2.989367722672642e-08,0,0.4290718802585354,available
da-test-000429,0,7.453397042458701e-08,0,0.4290718802585354,available
da-test-000430,0,5.733406328239422e-08,0,0.4290718802585354,available
da-test-000431,0,2.690189737388425e-08,0,0.4290718802585354,available
da-test-000432,0,8.012617177691394e-08,0,0.4290718802585354,available
da-test-000433,0,2.700829466040755e-08,0,0.4290718802585354,available
da-test-000434,0,5.360915176329631e-08,0,0.4290718802585354,available
da-test-000435,0,2.091018764994276e-08,0,0.4290718802585354,available
da-test-000436,0,3.621562957605374e-08,0,0.4290718802585354,available
da-test-000437,0,2.4110491562538773e-08,0,0.4290718802585354,available
da-test-000438,1,0.9935015652851376,1,0.4290718802585354,available
da-test-000439,0,3.1496039478826304e-08,0,0.4290718802585354,available
da-test-000440,0,2.1702455185524426e-07,0,0.4290718802585354,available
da-test-000441,0,2.5946826611845575e-08,0,0.4290718802585354,available
da-test-000442,0,1.8368578556340542e-08,0,0.4290718802585354,available
da-test-000443,1,0.9932528604146622,1,0.4290718802585354,available
da-test-000444,0,4.141954791563803e-08,0,0.4290718802585354,available
da-test-000445,0,5.874180915244422e-08,0,0.4290718802585354,available
da-test-000446,0,1.5349542247063637e-07,0,0.4290718802585354,available
da-test-000447,0,2.6725605356808037e-08,0,0.4290718802585354,available
da-test-000448,0,2.0101668983813724e-08,0,0.4290718802585354,available
da-test-000449,0,4.658284452497027e-08,0,0.4290718802585354,available
da-test-000450,1,0.9900371495230167,1,0.4290718802585354,available
da-test-000451,0,3.274643698899426e-08,0,0.4290718802585354,available
da-test-000452,0,5.501844561304565e-08,0,0.4290718802585354,available
da-test-000453,0,0.0019911451023710883,0,0.4290718802585354,available
da-test-000454,0,2.0101668983813724e-08,0,0.4290718802585354,available
da-test-000455,1,0.993169628345957,1,0.4290718802585354,available
da-test-000456,0,5.234924803100068e-08,0,0.4290718802585354,available
da-test-000457,0,2.4869500706393307e-08,0,0.4290718802585354,available
da-test-000458,0,2.1290561177359876e-08,0,0.4290718802585354,available
da-test-000459,1,0.9934101368636179,1,0.4290718802585354,available
da-test-000460,0,0.015825985200523376,0,0.4290718802585354,available
da-test-000461,0,0.00048223525716063113,0,0.4290718802585354,available
da-test-000462,0,3.101816203080855e-08,0,0.4290718802585354,available
da-test-000463,0,1.54030108952135e-06,0,0.4290718802585354,available
da-test-000464,1,0.9882770982037264,1,0.4290718802585354,available
da-test-000465,0,1.9192923558945306e-07,0,0.4290718802585354,available
da-test-000466,0,1.4416222194181641e-08,0,0.4290718802585354,available
da-test-000467,1,0.9959272707081015,1,0.4290718802585354,available
da-test-000468,1,0.9875483779859789,1,0.4290718802585354,available
da-test-000469,0,3.4447776372290747e-08,0,0.4290718802585354,available
da-test-000470,0,3.2711607017516966e-05,0,0.4290718802585354,available
da-test-000471,0,4.592903676693981e-08,0,0.4290718802585354,available
da-test-000472,0,2.0287696747241688e-08,0,0.4290718802585354,available
da-test-000473,1,0.9939864949546131,1,0.4290718802585354,available
da-test-000474,0,2.171737997000918e-08,0,0.4290718802585354,available
da-test-000475,0,2.2140834852228945e-08,0,0.4290718802585354,available
da-test-000476,1,0.9921511717561701,1,0.4290718802585354,available
da-test-000477,0,2.0111748208086155e-08,0,0.4290718802585354,available
da-test-000478,1,0.8856815911814319,1,0.4290718802585354,available
da-test-000479,0,4.504317887116361e-08,0,0.4290718802585354,available
da-test-000480,0,3.621562957605374e-08,0,0.4290718802585354,available
da-test-000481,1,0.9959272707081015,1,0.4290718802585354,available
da-test-000482,0,2.65998220838871e-08,0,0.4290718802585354,available
da-test-000483,0,1.1588130318267867e-07,0,0.4290718802585354,available
da-test-000484,0,2.5658638389936222e-08,0,0.4290718802585354,available
da-test-000485,0,2.9456012240889423e-08,0,0.4290718802585354,available
da-test-000486,1,0.9959396031410434,1,0.4290718802585354,available
da-test-000487,0,2.6558399663332793e-08,0,0.4290718802585354,available
da-test-000488,0,1.6962254585504585e-07,0,0.4290718802585354,available
da-test-000489,1,0.9924486100726025,1,0.4290718802585354,available
da-test-000490,0,3.708394416799671e-08,0,0.4290718802585354,available
da-test-000491,0,2.4970318907952645e-08,0,0.4290718802585354,available
da-test-000492,0,3.223118113981509e-08,0,0.4290718802585354,available
da-test-000493,0,2.7070280169424903e-08,0,0.4290718802585354,available
da-test-000494,0,0.00018876284205883125,0,0.4290718802585354,available
da-test-000495,0,5.746591667225201e-08,0,0.4290718802585354,available
da-test-000496,0,3.0216351322087647e-08,0,0.4290718802585354,available
da-test-000497,0,3.0322723785999314e-08,0,0.4290718802585354,available
da-test-000498,0,2.2116856002561378e-07,0,0.4290718802585354,available
da-test-000499,0,2.51552277539198e-08,0,0.4290718802585354,available
da-test-000500,0,6.880298704965472e-08,0,0.4290718802585354,available
da-test-000501,0,0.0012206098484898362,0,0.4290718802585354,available
da-test-000502,0,4.3538342351019743e-07,0,0.4290718802585354,available
da-test-000503,0,2.4970318907952645e-08,0,0.4290718802585354,available
da-test-000504,0,3.5872152241094615e-06,0,0.4290718802585354,available
da-test-000505,0,0.00037714300046795123,0,0.4290718802585354,available
da-test-000506,1,0.9921511717561701,1,0.4290718802585354,available
da-test-000507,0,2.84406338919893e-08,0,0.4290718802585354,available
da-test-000508,0,2.0101668983813724e-08,0,0.4290718802585354,available
da-test-000509,0,2.9833757368682525e-08,0,0.4290718802585354,available
da-test-000510,0,3.853080042376831e-08,0,0.4290718802585354,available
da-test-000511,0,3.0559800105930966e-08,0,0.4290718802585354,available
da-test-000512,0,3.274643698899426e-08,0,0.4290718802585354,available
da-test-000513,0,3.6810596472205385e-08,0,0.4290718802585354,available
da-test-000514,1,0.9917422820720585,1,0.4290718802585354,available
da-test-000515,1,0.9932330679441843,1,0.4290718802585354,available
da-test-000516,0,4.3039331270794516e-08,0,0.4290718802585354,available
da-test-000517,0,3.491350891432464e-08,0,0.4290718802585354,available
da-test-000518,1,0.9921511717561701,1,0.4290718802585354,available
da-test-000519,0,2.84406338919893e-08,0,0.4290718802585354,available
da-test-000520,1,0.9759598080050484,1,0.4290718802585354,available
da-test-000521,0,2.1702455185524426e-07,0,0.4290718802585354,available
da-test-000522,0,3.067057692199305e-08,0,0.4290718802585354,available
da-test-000523,0,8.48124424482122e-08,0,0.4290718802585354,available
da-test-000524,0,0.00018857193616671845,0,0.4290718802585354,available
da-test-000525,1,0.9959272707081015,1,0.4290718802585354,available
da-test-000526,0,6.854032435031073e-08,0,0.4290718802585354,available
da-test-000527,1,0.9959272707081015,1,0.4290718802585354,available
da-test-000528,1,0.9959272707081015,1,0.4290718802585354,available
da-test-000529,0,1.878394736443124e-08,0,0.4290718802585354,available
da-test-000530,0,3.274643698899426e-08,0,0.4290718802585354,available
da-test-000531,0,1.8719824849521668e-07,0,0.4290718802585354,available
da-test-000532,0,1.0798905895666046e-07,0,0.4290718802585354,available
da-test-000533,1,0.9766531754230168,1,0.4290718802585354,available
da-test-000534,0,4.3039331270794516e-08,0,0.4290718802585354,available
da-test-000535,0,3.077175970691644e-08,0,0.4290718802585354,available
da-test-000536,0,2.960073093752004e-08,0,0.4290718802585354,available
da-test-000537,1,0.9917422820720585,1,0.4290718802585354,available
da-test-000538,0,4.20463642082543e-08,0,0.4290718802585354,available
da-test-000539,0,2.7354650156862015e-08,0,0.4290718802585354,available
da-test-000540,0,1.9022071887944985e-06,0,0.4290718802585354,available
da-test-000541,0,2.1290561177359876e-08,0,0.4290718802585354,available
da-test-000542,0,2.5889445623858037e-08,0,0.4290718802585354,available
da-test-000543,0,0.0008135543308025516,0,0.4290718802585354,available
da-test-000544,0,1.6361969514921268e-05,0,0.4290718802585354,available
da-test-000545,0,2.1637857561111105e-08,0,0.4290718802585354,available
da-test-000546,0,1.529470559288187e-08,0,0.4290718802585354,available
da-test-000547,0,0.4062276446429131,0,0.4290718802585354,available
da-test-000548,0,2.141195620313389e-08,0,0.4290718802585354,available
da-test-000549,0,5.779566240740387e-08,0,0.4290718802585354,available
da-test-000550,0,1.952869342118358e-08,0,0.4290718802585354,available
da-test-000551,0,3.101816203080855e-08,0,0.4290718802585354,available
da-test-000552,0,1.2524210609965171e-06,0,0.4290718802585354,available
da-test-000553,0,4.141954791563803e-08,0,0.4290718802585354,available
da-test-000554,0,2.5452738724131347e-08,0,0.4290718802585354,available
da-test-000555,0,2.84406338919893e-08,0,0.4290718802585354,available
da-test-000556,0,2.1043413807708822e-08,0,0.4290718802585354,available
da-test-000557,0,4.123459542634656e-05,0,0.4290718802585354,available
da-test-000558,0,2.8529439351482464e-08,0,0.4290718802585354,available
da-test-000559,0,1.40652873252339e-07,0,0.4290718802585354,available
da-test-000560,0,0.0038517742898079316,0,0.4290718802585354,available
da-test-000561,0,5.981837518695461e-08,0,0.4290718802585354,available
da-test-000562,0,2.5946826611845575e-08,0,0.4290718802585354,available
da-test-000563,0,3.580525123825265e-08,0,0.4290718802585354,available
da-test-000564,1,0.9921511717561701,1,0.4290718802585354,available
da-test-000565,1,0.9428779250802871,1,0.4290718802585354,available
da-test-000566,0,2.3645404507840123e-08,0,0.4290718802585354,available
da-test-000567,1,0.9936840658348776,1,0.4290718802585354,available
da-test-000568,0,3.853080042376831e-08,0,0.4290718802585354,available
da-test-000569,1,0.9921511717561701,1,0.4290718802585354,available
da-test-000570,0,0.00030628240824844233,0,0.4290718802585354,available
da-test-000571,1,0.9842710019704197,1,0.4290718802585354,available
da-test-000572,0,3.892186428477969e-08,0,0.4290718802585354,available
da-test-000573,0,0.0004554365341021265,0,0.4290718802585354,available
da-test-000574,0,0.0002986566154941422,0,0.4290718802585354,available
da-test-000575,1,0.9959272707081015,1,0.4290718802585354,available
da-test-000576,1,0.9959272707081015,1,0.4290718802585354,available
da-test-000577,0,2.5889445623858037e-08,0,0.4290718802585354,available
da-test-000578,1,0.9921511717561701,1,0.4290718802585354,available
da-test-000579,0,3.8050236171715173e-08,0,0.4290718802585354,available
da-test-000580,0,2.7167339618388063e-08,0,0.4290718802585354,available
da-test-000581,1,0.9884502320385007,1,0.4290718802585354,available
da-test-000582,0,2.4970318907952645e-08,0,0.4290718802585354,available
da-test-000583,0,2.2289784844153807e-08,0,0.4290718802585354,available
da-test-000584,0,4.45318919299803e-08,0,0.4290718802585354,available
da-test-000585,0,1.0913130995372012e-07,0,0.4290718802585354,available
da-test-000586,0,1.3929425656660906e-05,0,0.4290718802585354,available
da-test-000587,0,2.937672584458567e-08,0,0.4290718802585354,available
da-test-000588,0,1.1009523726179836e-07,0,0.4290718802585354,available
da-test-000589,0,0.0007397718175912765,0,0.4290718802585354,available
da-test-000590,0,1.1263375116156417e-08,0,0.4290718802585354,available
da-test-000591,1,0.9959272707081015,1,0.4290718802585354,available
da-test-000592,0,2.1598372055884705e-08,0,0.4290718802585354,available
da-test-000593,0,3.299087796019311e-08,0,0.4290718802585354,available
da-test-000594,0,7.560552536368857e-07,0,0.4290718802585354,available
da-test-000595,0,4.049672812750754e-08,0,0.4290718802585354,available
da-test-000596,0,6.228215683680858e-08,0,0.4290718802585354,available
da-test-000597,0,0.000308016414028037,0,0.4290718802585354,available
da-test-000598,0,3.6799166393913067e-08,0,0.4290718802585354,available
da-test-000599,0,3.394837684461479e-08,0,0.4290718802585354,available
da-test-000600,0,3.201225020506143e-08,0,0.4290718802585354,available
da-test-000601,1,0.9919975916988991,1,0.4290718802585354,available
da-test-000602,1,0.18380513845780821,0,0.4290718802585354,available
da-test-000603,1,0.9948639617964133,1,0.4290718802585354,available
da-test-000604,0,3.4971100402182236e-08,0,0.4290718802585354,available
da-test-000605,0,2.3413475417166676e-08,0,0.4290718802585354,available
da-test-000606,1,0.9921511717561701,1,0.4290718802585354,available
da-test-000607,0,0.00017092561145811853,0,0.4290718802585354,available
da-test-000608,0,0.4167575915292229,0,0.4290718802585354,available
da-test-000609,1,0.9959272707081015,1,0.4290718802585354,available
da-test-000610,1,0.9947120770628001,1,0.4290718802585354,available
da-test-000611,0,2.2239247840152572e-08,0,0.4290718802585354,available
da-test-000612,1,0.9921511717561701,1,0.4290718802585354,available
da-test-000613,1,0.987259878901425,1,0.4290718802585354,available
da-test-000614,1,0.9936583376822339,1,0.4290718802585354,available
da-test-000615,1,0.9959272707081015,1,0.4290718802585354,available
da-test-000616,0,3.201225020506143e-08,0,0.4290718802585354,available
da-test-000617,0,1.7831239914371477e-08,0,0.4290718802585354,available
da-test-000618,0,0.00039284846567157026,0,0.4290718802585354,available
da-test-000619,1,0.9676841448177032,1,0.4290718802585354,available
da-test-000620,0,0.00016629357529172946,0,0.4290718802585354,available
da-test-000621,1,0.9921511717561701,1,0.4290718802585354,available
da-test-000622,1,0.9785620059131898,1,0.4290718802585354,available
da-test-000623,0,3.741391120478302e-08,0,0.4290718802585354,available
da-test-000624,0,2.4633899512943246e-08,0,0.4290718802585354,available
da-test-000625,0,0.00014893198071201742,0,0.4290718802585354,available
da-test-000626,1,0.9904526612055804,1,0.4290718802585354,available
da-test-000627,0,4.3039331270794516e-08,0,0.4290718802585354,available
da-test-000628,0,1.4589698197682672e-08,0,0.4290718802585354,available
da-test-000629,0,1.8196170964130836e-08,0,0.4290718802585354,available
da-test-000630,0,6.76305799299879e-07,0,0.4290718802585354,available
da-test-000631,0,2.0468284655627982e-08,0,0.4290718802585354,available
da-test-000632,0,2.8487424060553176e-08,0,0.4290718802585354,available
da-test-000633,0,5.238978964861147e-08,0,0.4290718802585354,available
da-test-000634,0,1.8848487356555916e-08,0,0.4290718802585354,available
da-test-000635,0,4.658284452497027e-08,0,0.4290718802585354,available
da-test-000636,0,2.0023978180265222e-08,0,0.4290718802585354,available
da-test-000637,1,0.9924486100726025,1,0.4290718802585354,available
da-test-000638,0,2.8076041498071827e-08,0,0.4290718802585354,available
da-test-000639,0,3.201225020506143e-08,0,0.4290718802585354,available
da-test-000640,0,6.334802740659009e-08,0,0.4290718802585354,available
da-test-000641,0,0.00019693591371202214,0,0.4290718802585354,available
da-test-000642,1,0.9857621781088582,1,0.4290718802585354,available
da-test-000643,0,3.483276361982217e-08,0,0.4290718802585354,available
da-test-000644,1,0.9941499625791842,1,0.4290718802585354,available
da-test-000645,0,0.0005771719974977073,0,0.4290718802585354,available
da-test-000646,1,0.9959272707081015,1,0.4290718802585354,available
da-test-000647,0,2.5390075612513425e-08,0,0.4290718802585354,available
da-test-000648,1,0.9959272707081015,1,0.4290718802585354,available
da-test-000649,0,1.1591106845911164e-07,0,0.4290718802585354,available
da-test-000650,0,2.0468284655627982e-08,0,0.4290718802585354,available
da-test-000651,0,2.4869500706393307e-08,0,0.4290718802585354,available
da-test-000652,1,0.5384217960379654,1,0.4290718802585354,available
da-test-000653,0,2.5078921531840116e-08,0,0.4290718802585354,available
da-test-000654,0,1.5085613919927917e-08,0,0.4290718802585354,available
da-test-000655,0,2.229204286670141e-08,0,0.4290718802585354,available
da-test-000656,0,0.00021774505657741995,0,0.4290718802585354,available
da-test-000657,0,2.6131212704850293e-08,0,0.4290718802585354,available
da-test-000658,0,3.440411533919308e-08,0,0.4290718802585354,available
da-test-000659,0,3.344282314998045e-08,0,0.4290718802585354,available
da-test-000660,0,0.0008921414155884231,0,0.4290718802585354,available
da-test-000661,1,0.9879965024778342,1,0.4290718802585354,available
da-test-000662,0,2.3359203721636303e-08,0,0.4290718802585354,available
da-test-000663,1,0.9945032996487232,1,0.4290718802585354,available
da-test-000664,1,0.9843078405516755,1,0.4290718802585354,available
da-test-000665,0,3.621562957605374e-08,0,0.4290718802585354,available
da-test-000666,0,2.0628290533303677e-08,0,0.4290718802585354,available
da-test-000667,0,2.690189737388425e-08,0,0.4290718802585354,available
da-test-000668,0,3.223118113981509e-08,0,0.4290718802585354,available
da-test-000669,1,0.9921511717561701,1,0.4290718802585354,available
da-test-000670,0,2.449361817203108e-08,0,0.4290718802585354,available
da-test-000671,0,2.6094820704617306e-08,0,0.4290718802585354,available
da-test-000672,0,2.701940088565134e-08,0,0.4290718802585354,available
da-test-000673,0,1.426792243768668e-07,0,0.4290718802585354,available
da-test-000674,1,0.9971510310214359,1,0.4290718802585354,available
da-test-000675,0,1.6962254585504585e-07,0,0.4290718802585354,available
da-test-000676,1,0.9972147280140141,1,0.4290718802585354,available
da-test-000677,0,2.0222299831562122e-08,0,0.4290718802585354,available
da-test-000678,0,4.124941432080575e-08,0,0.4290718802585354,available
da-test-000679,0,2.0887779677692536e-08,0,0.4290718802585354,available
da-test-000680,1,0.9935778087369169,1,0.4290718802585354,available
da-test-000681,0,1.618229615091315e-08,0,0.4290718802585354,available
da-test-000682,0,0.8501604716103862,1,0.4290718802585354,available
da-test-000683,0,2.5308995025394892e-08,0,0.4290718802585354,available
da-test-000684,0,2.960956768308813e-08,0,0.4290718802585354,available
da-test-000685,0,1.1619860427155524e-07,0,0.4290718802585354,available
da-test-000686,1,0.9924486100726025,1,0.4290718802585354,available
da-test-000687,0,0.0001786993699546388,0,0.4290718802585354,available
da-test-000688,0,3.1463747369621354e-08,0,0.4290718802585354,available
da-test-000689,0,3.376744300318362e-07,0,0.4290718802585354,available
da-test-000690,0,1.684986777901684e-08,0,0.4290718802585354,available
da-test-000691,0,0.0003225203395022317,0,0.4290718802585354,available
da-test-000692,0,3.4027043290190955e-08,0,0.4290718802585354,available
da-test-000693,0,1.0748360850498542e-07,0,0.4290718802585354,available
da-test-000694,1,0.5110054035990546,1,0.4290718802585354,available
da-test-000695,0,1.86018421920814e-08,0,0.4290718802585354,available
da-test-000696,0,4.114439270799009e-08,0,0.4290718802585354,available
da-test-000697,0,5.4370624676292384e-08,0,0.4290718802585354,available
da-test-000698,0,0.00021526523156298487,0,0.4290718802585354,available
da-test-000699,1,0.9493397473637882,1,0.4290718802585354,available
da-test-000700,0,3.580525123825265e-08,0,0.4290718802585354,available
da-test-000701,0,1.7364553615885266e-08,0,0.4290718802585354,available
da-test-000702,1,0.9891697490801193,1,0.4290718802585354,available
da-test-000703,0,3.9178607351486096e-08,0,0.4290718802585354,available
da-test-000704,1,0.9959272707081015,1,0.4290718802585354,available
da-test-000705,0,2.303872173907304e-08,0,0.4290718802585354,available
da-test-000706,0,9.975944000940194e-08,0,0.4290718802585354,available
da-test-000707,0,3.0908853312552244e-08,0,0.4290718802585354,available
da-test-000708,0,0.0687496096165297,0,0.4290718802585354,available
da-test-000709,0,2.0101668983813724e-08,0,0.4290718802585354,available
da-test-000710,0,2.7802984744844493e-08,0,0.4290718802585354,available
da-test-000711,0,2.488674430121263e-08,0,0.4290718802585354,available
da-test-000712,0,1.933216711949934e-06,0,0.4290718802585354,available
da-test-000713,0,9.011457565537798e-08,0,0.4290718802585354,available
da-test-000714,0,2.9089665422358143e-08,0,0.4290718802585354,available
da-test-000715,0,2.769657240687919e-08,0,0.4290718802585354,available
da-test-000716,0,2.0132230999436388e-08,0,0.4290718802585354,available
da-test-000717,1,0.9891029527255956,1,0.4290718802585354,available
da-test-000718,0,1.1834934339357937e-07,0,0.4290718802585354,available
da-test-000719,0,2.5889445623858037e-08,0,0.4290718802585354,available
da-test-000720,0,8.952754974176168e-06,0,0.4290718802585354,available
da-test-000721,0,8.013934232448567e-08,0,0.4290718802585354,available
da-test-000722,1,0.983052031607735,1,0.4290718802585354,available
da-test-000723,0,6.626557240656637e-08,0,0.4290718802585354,available
da-test-000724,0,7.005918501191872e-08,0,0.4290718802585354,available
da-test-000725,0,3.201225020506143e-08,0,0.4290718802585354,available
da-test-000726,0,2.763421328554835e-06,0,0.4290718802585354,available
da-test-000727,0,3.2023186014929314e-08,0,0.4290718802585354,available
da-test-000728,0,1.4589698197682672e-08,0,0.4290718802585354,available
da-test-000729,0,2.085494643810856e-08,0,0.4290718802585354,available
da-test-000730,0,2.266721285390335e-08,0,0.4290718802585354,available
da-test-000731,0,2.229204286670141e-08,0,0.4290718802585354,available
da-test-000732,0,3.322216930552083e-08,0,0.4290718802585354,available
da-test-000733,0,3.685878231934866e-08,0,0.4290718802585354,available
da-test-000734,0,3.754398468963191e-08,0,0.4290718802585354,available
da-test-000735,1,0.9959272707081015,1,0.4290718802585354,available
da-test-000736,0,4.986671494264733e-07,0,0.4290718802585354,available
da-test-000737,1,0.9921511717561701,1,0.4290718802585354,available
da-test-000738,0,4.245947021161114e-08,0,0.4290718802585354,available
da-test-000739,1,0.9932720765376971,1,0.4290718802585354,available
da-test-000740,0,2.84406338919893e-08,0,0.4290718802585354,available
da-test-000741,0,2.2921407462343565e-08,0,0.4290718802585354,available
da-test-000742,0,2.7959769198379774e-08,0,0.4290718802585354,available
da-test-000743,0,2.0887779677692536e-08,0,0.4290718802585354,available
da-test-000744,0,2.0441373787691527e-08,0,0.4290718802585354,available
da-test-000745,0,3.432197837644381e-08,0,0.4290718802585354,available
da-test-000746,0,5.03570838265099e-08,0,0.4290718802585354,available
da-test-000747,0,6.626557240656637e-08,0,0.4290718802585354,available
da-test-000748,0,3.274643698899426e-08,0,0.4290718802585354,available
da-test-000749,0,3.0473580113815166e-08,0,0.4290718802585354,available
da-test-000750,0,1.4606626356142013e-06,0,0.4290718802585354,available
da-test-000751,0,1.8120527744278317e-08,0,0.4290718802585354,available
da-test-000752,0,0.0006086708693857773,0,0.4290718802585354,available
da-test-000753,0,4.0490906902616644e-08,0,0.4290718802585354,available
da-test-000754,1,0.9959272707081015,1,0.4290718802585354,available
da-test-000755,0,2.404652322407316e-08,0,0.4290718802585354,available
da-test-000756,0,1.836951164775994e-08,0,0.4290718802585354,available
da-test-000757,0,0.0006591274559652652,0,0.4290718802585354,available
da-test-000758,0,1.7198195493548002e-08,0,0.4290718802585354,available
da-test-000759,0,1.9437452239981486e-08,0,0.4290718802585354,available
da-test-000760,0,2.960073093752004e-08,0,0.4290718802585354,available
da-test-000761,1,0.9959272707081015,1,0.4290718802585354,available
da-test-000762,0,3.141642507571356e-08,0,0.4290718802585354,available
da-test-000763,0,2.1266525383032744e-08,0,0.4290718802585354,available
da-test-000764,0,1.936639344014157e-08,0,0.4290718802585354,available
da-test-000765,0,1.1222146437220316e-05,0,0.4290718802585354,available
da-test-000766,0,3.7704122167163643e-08,0,0.4290718802585354,available
da-test-000767,1,0.8228110034520139,1,0.4290718802585354,available
da-test-000768,0,6.626557240656637e-08,0,0.4290718802585354,available
da-test-000769,0,0.0006373948467822429,0,0.4290718802585354,available
da-test-000770,0,4.587235396563527e-08,0,0.4290718802585354,available
da-test-000771,1,0.9931932516489103,1,0.4290718802585354,available
da-test-000772,1,0.9923257948303654,1,0.4290718802585354,available
da-test-000773,0,1.4381108239952767e-06,0,0.4290718802585354,available
da-test-000774,0,2.0703066427155702e-08,0,0.4290718802585354,available
da-test-000775,0,4.3039331270794516e-08,0,0.4290718802585354,available
da-test-000776,0,2.6201902326316697e-08,0,0.4290718802585354,available
da-test-000777,0,2.449361817203108e-08,0,0.4290718802585354,available
da-test-000778,1,0.9921511717561701,1,0.4290718802585354,available
da-test-000779,0,0.00015182653616480437,0,0.4290718802585354,available
da-test-000780,0,0.0013906706465240855,0,0.4290718802585354,available
da-test-000781,0,4.34075207198889e-05,0,0.4290718802585354,available
da-test-000782,0,2.3921411499785006e-08,0,0.4290718802585354,available
da-test-000783,1,0.9514210814994948,1,0.4290718802585354,available
da-test-000784,1,0.9965387221041676,1,0.4290718802585354,available
da-test-000785,0,3.6278862324435244e-08,0,0.4290718802585354,available
da-test-000786,0,3.687944944033338e-08,0,0.4290718802585354,available
da-test-000787,1,0.9920330687553178,1,0.4290718802585354,available
da-test-000788,0,4.45318919299803e-08,0,0.4290718802585354,available
da-test-000789,0,1.1490099867675273e-07,0,0.4290718802585354,available
da-test-000790,0,2.48882945850535e-08,0,0.4290718802585354,available
da-test-000791,0,3.141642507571356e-08,0,0.4290718802585354,available
da-test-000792,0,4.830511663173249e-08,0,0.4290718802585354,available
da-test-000793,0,4.9984850179710784e-08,0,0.4290718802585354,available
da-test-000794,0,2.4970318907952645e-08,0,0.4290718802585354,available
da-test-000795,0,2.1866796823825093e-08,0,0.4290718802585354,available
da-test-000796,0,9.518947098461903e-08,0,0.4290718802585354,available
da-test-000797,0,5.722549963047348e-05,0,0.4290718802585354,available
da-test-000798,0,4.150101860761765e-08,0,0.4290718802585354,available
da-test-000799,0,1.880633290562011e-08,0,0.4290718802585354,available
da-test-000800,0,0.0004705570465656264,0,0.4290718802585354,available
da-test-000801,0,2.0441373787691527e-08,0,0.4290718802585354,available
da-test-000802,0,5.853251002838131e-08,0,0.4290718802585354,available
da-test-000803,0,1.6673504276768054e-08,0,0.4290718802585354,available
da-test-000804,0,0.0002911161067330136,0,0.4290718802585354,available
da-test-000805,0,1.5635518581558178e-08,0,0.4290718802585354,available
da-test-000806,0,1.952869342118358e-08,0,0.4290718802585354,available
da-test-000807,0,1.8921261339490823e-06,0,0.4290718802585354,available
da-test-000808,0,2.2792525976660714e-08,0,0.4290718802585354,available
da-test-000809,0,4.4102522644720016e-08,0,0.4290718802585354,available
da-test-000810,0,1.0123661530041808e-07,0,0.4290718802585354,available
da-test-000811,0,2.701940088565134e-08,0,0.4290718802585354,available
da-test-000812,1,0.9905310856568622,1,0.4290718802585354,available
da-test-000813,0,7.376028085057646e-08,0,0.4290718802585354,available
da-test-000814,0,1.538628581716289e-07,0,0.4290718802585354,available
da-test-000815,0,3.358036343222612e-08,0,0.4290718802585354,available
da-test-000816,0,0.00046337336751317126,0,0.4290718802585354,available
da-test-000817,1,0.9939864949546131,1,0.4290718802585354,available
da-test-000818,0,2.0132230999436388e-08,0,0.4290718802585354,available
da-test-000819,0,3.621562957605374e-08,0,0.4290718802585354,available
da-test-000820,0,3.846246267777069e-08,0,0.4290718802585354,available
da-test-000821,1,0.9455818450034547,1,0.4290718802585354,available
da-test-000822,0,1.6962254585504585e-07,0,0.4290718802585354,available
da-test-000823,0,0.00032756900847350005,0,0.4290718802585354,available
da-test-000824,1,0.9904949217716861,1,0.4290718802585354,available
da-test-000825,0,4.363067113797224e-08,0,0.4290718802585354,available
da-test-000826,0,2.7928996106522897e-08,0,0.4290718802585354,available
da-test-000827,0,1.480648421782211e-07,0,0.4290718802585354,available
da-test-000828,0,0.7319014084457216,1,0.4290718802585354,available
da-test-000829,1,0.9921511717561701,1,0.4290718802585354,available
da-test-000830,0,2.229204286670141e-08,0,0.4290718802585354,available
da-test-000831,0,2.172791687043976e-08,0,0.4290718802585354,available
da-test-000832,0,1.1627237991630849e-07,0,0.4290718802585354,available
da-test-000833,1,0.9934718880131203,1,0.4290718802585354,available
da-test-000834,1,0.9921511717561701,1,0.4290718802585354,available
da-test-000835,1,0.9917422820720585,1,0.4290718802585354,available
da-test-000836,0,2.027765530953043e-08,0,0.4290718802585354,available
da-test-000837,1,0.9915425593122136,1,0.4290718802585354,available
da-test-000838,0,8.237478033765056e-08,0,0.4290718802585354,available
da-test-000839,1,0.9959272707081015,1,0.4290718802585354,available
da-test-000840,0,2.144158989452041e-08,0,0.4290718802585354,available
da-test-000841,0,0.0012917117067068845,0,0.4290718802585354,available
da-test-000842,0,9.138157401820738e-08,0,0.4290718802585354,available
da-test-000843,1,0.9881987252150141,1,0.4290718802585354,available
da-test-000844,0,1.3991378997378284e-08,0,0.4290718802585354,available
da-test-000845,0,2.3712753143045054e-08,0,0.4290718802585354,available
da-test-000846,1,0.9880335881712251,1,0.4290718802585354,available
da-test-000847,0,1.791589289966522e-08,0,0.4290718802585354,available
da-test-000848,1,0.9447279289071534,1,0.4290718802585354,available
da-test-000849,1,0.9959272707081015,1,0.4290718802585354,available
da-test-000850,1,0.9921511717561701,1,0.4290718802585354,available
da-test-000851,0,3.1097247087665124e-08,0,0.4290718802585354,available
da-test-000852,0,4.982192909829884e-08,0,0.4290718802585354,available
da-test-000853,0,3.491350891432464e-08,0,0.4290718802585354,available
da-test-000854,1,0.9822670245768294,1,0.4290718802585354,available
da-test-000855,0,5.480516547819914e-07,0,0.4290718802585354,available
da-test-000856,0,5.857594849158837e-08,0,0.4290718802585354,available
da-test-000857,1,0.9803536309979549,1,0.4290718802585354,available
da-test-000858,1,0.9933777507785633,1,0.4290718802585354,available
da-test-000859,1,0.9921511717561701,1,0.4290718802585354,available
da-test-000860,0,3.2318981972500024e-08,0,0.4290718802585354,available
da-test-000861,0,7.278319608677418e-08,0,0.4290718802585354,available
da-test-000862,0,2.240079470234767e-08,0,0.4290718802585354,available
da-test-000863,0,2.84406338919893e-08,0,0.4290718802585354,available
da-test-000864,0,1.8848487356555916e-08,0,0.4290718802585354,available
da-test-000865,0,3.553492675227652e-08,0,0.4290718802585354,available
da-test-000866,0,1.9055442788714162e-05,0,0.4290718802585354,available
da-test-000867,0,4.0490906902616644e-08,0,0.4290718802585354,available
da-test-000868,0,4.687825555790881e-08,0,0.4290718802585354,available
da-test-000869,0,0.0021720546717563746,0,0.4290718802585354,available
da-test-000870,1,0.9921511717561701,1,0.4290718802585354,available
da-test-000871,0,5.509256645583246e-08,0,0.4290718802585354,available
da-test-000872,0,0.0004127175832029793,0,0.4290718802585354,available
da-test-000873,0,0.0004470529203768893,0,0.4290718802585354,available
da-test-000874,0,4.3039331270794516e-08,0,0.4290718802585354,available
da-test-000875,0,0.0011437818213438054,0,0.4290718802585354,available
da-test-000876,0,2.911136798980218e-08,0,0.4290718802585354,available
da-test-000877,0,7.190313168826581e-08,0,0.4290718802585354,available
da-test-000878,0,1.387538682743591e-05,0,0.4290718802585354,available
da-test-000879,0,1.1692703858946458e-07,0,0.4290718802585354,available
da-test-000880,0,4.687825555790881e-08,0,0.4290718802585354,available
da-test-000881,1,0.9921511717561701,1,0.4290718802585354,available
da-test-000882,0,5.501844561304565e-08,0,0.4290718802585354,available
da-test-000883,0,1.6962254585504585e-07,0,0.4290718802585354,available
da-test-000884,0,5.4305787775454294e-08,0,0.4290718802585354,available
da-test-000885,1,0.9959272707081015,1,0.4290718802585354,available
da-test-000886,1,0.9932330679441843,1,0.4290718802585354,available
da-test-000887,0,2.820185821554807e-08,0,0.4290718802585354,available
da-test-000888,0,2.7354650156862015e-08,0,0.4290718802585354,available
da-test-000889,1,0.9908566592115627,1,0.4290718802585354,available
da-test-000890,0,3.201225020506143e-08,0,0.4290718802585354,available
da-test-000891,0,2.690189737388425e-08,0,0.4290718802585354,available
da-test-000892,0,2.040009599751614e-08,0,0.4290718802585354,available
da-test-000893,0,0.000822583886133232,0,0.4290718802585354,available
da-test-000894,0,1.9028467212006368e-08,0,0.4290718802585354,available
da-test-000895,0,3.491350891432464e-08,0,0.4290718802585354,available
da-test-000896,0,0.00020161694022234364,0,0.4290718802585354,available
da-test-000897,0,5.865851625975657e-07,0,0.4290718802585354,available
da-test-000898,0,4.603539715552732e-08,0,0.4290718802585354,available
da-test-000899,0,3.141642507571356e-08,0,0.4290718802585354,available
da-test-000900,1,0.9921511717561701,1,0.4290718802585354,available
da-test-000901,1,0.9921511717561701,1,0.4290718802585354,available
da-test-000902,1,0.991417263117516,1,0.4290718802585354,available
da-test-000903,0,3.432494771310092e-08,0,0.4290718802585354,available
da-test-000904,0,0.00015706534576394326,0,0.4290718802585354,available
da-test-000905,0,2.6109686142671883e-08,0,0.4290718802585354,available
da-test-000906,0,2.74603111981538e-08,0,0.4290718802585354,available
da-test-000907,0,1.7364553615885266e-08,0,0.4290718802585354,available
da-test-000908,0,4.141954791563803e-08,0,0.4290718802585354,available
da-test-000909,0,1.1301014443419952e-06,0,0.4290718802585354,available
da-test-000910,0,2.4488737198639825e-08,0,0.4290718802585354,available
da-test-000911,0,1.8002676275019976e-08,0,0.4290718802585354,available
da-test-000912,0,9.212885741301055e-06,0,0.4290718802585354,available
da-test-000913,0,2.960956768308813e-08,0,0.4290718802585354,available
da-test-000914,0,2.6179570097287377e-08,0,0.4290718802585354,available
da-test-000915,0,2.1521406554785578e-08,0,0.4290718802585354,available
da-test-000916,0,3.0767501264900784e-08,0,0.4290718802585354,available
da-test-000917,0,9.621198994363458e-08,0,0.4290718802585354,available
da-test-000918,0,5.448778980796871e-08,0,0.4290718802585354,available
da-test-000919,0,2.5946826611845575e-08,0,0.4290718802585354,available
da-test-000920,0,4.30218559651706e-08,0,0.4290718802585354,available
da-test-000921,0,2.84406338919893e-08,0,0.4290718802585354,available
da-test-000922,0,3.1463747369621354e-08,0,0.4290718802585354,available
da-test-000923,0,0.0003042387072917607,0,0.4290718802585354,available
da-test-000924,0,1.6196927075204286e-08,0,0.4290718802585354,available
da-test-000925,0,2.5226289165689226e-08,0,0.4290718802585354,available
da-test-000926,0,2.6806473221809507e-08,0,0.4290718802585354,available
da-test-000927,0,0.0010214246887317877,0,0.4290718802585354,available
da-test-000928,0,2.65998220838871e-08,0,0.4290718802585354,available
da-test-000929,0,4.141954791563803e-08,0,0.4290718802585354,available
da-test-000930,0,9.074226780297963e-08,0,0.4290718802585354,available
da-test-000931,0,2.7354650156862015e-08,0,0.4290718802585354,available
da-test-000932,0,3.905665352868733e-08,0,0.4290718802585354,available
da-test-000933,0,2.1418089921727666e-08,0,0.4290718802585354,available
da-test-000934,0,4.773634254578229e-08,0,0.4290718802585354,available
da-test-000935,0,3.181445484589482e-08,0,0.4290718802585354,available
da-test-000936,0,4.443620448753682e-08,0,0.4290718802585354,available
da-test-000937,0,2.701940088565134e-08,0,0.4290718802585354,available
da-test-000938,0,2.86346479253173e-08,0,0.4290718802585354,available
da-test-000939,0,1.2329596890589947e-07,0,0.4290718802585354,available
da-test-000940,0,5.97694149523561e-08,0,0.4290718802585354,available
da-test-000941,0,2.1533987134535873e-08,0,0.4290718802585354,available
da-test-000942,0,0.0005353834013119299,0,0.4290718802585354,available
da-test-000943,1,0.9808745287179328,1,0.4290718802585354,available
da-test-000944,0,5.3382292019330624e-08,0,0.4290718802585354,available
da-test-000945,0,3.124523824496653e-08,0,0.4290718802585354,available
da-test-000946,0,0.0006134749440699469,0,0.4290718802585354,available
da-test-000947,0,6.334802740659009e-08,0,0.4290718802585354,available
da-test-000948,0,0.0005807602643412955,0,0.4290718802585354,available
da-test-000949,0,3.708394416799671e-08,0,0.4290718802585354,available
da-test-000950,0,2.5987685838573096e-08,0,0.4290718802585354,available
da-test-000951,0,2.094239349906532e-08,0,0.4290718802585354,available
da-test-000952,0,3.027961059650913e-08,0,0.4290718802585354,available
da-test-000953,0,2.960073093752004e-08,0,0.4290718802585354,available
da-test-000954,0,2.3889151187747604e-08,0,0.4290718802585354,available
da-test-000955,0,4.506223727788961e-08,0,0.4290718802585354,available
da-test-000956,1,0.6693410942859713,1,0.4290718802585354,available
da-test-000957,0,1.965098239796315e-08,0,0.4290718802585354,available
da-test-000958,0,1.949762512939631e-08,0,0.4290718802585354,available
da-test-000959,0,2.0272690855229205e-08,0,0.4290718802585354,available
da-test-000960,0,2.4970318907952645e-08,0,0.4290718802585354,available
da-test-000961,0,2.613847096425448e-08,0,0.4290718802585354,available
da-test-000962,0,2.6411797518606262e-08,0,0.4290718802585354,available
da-test-000963,0,1.6190715496047714e-05,0,0.4290718802585354,available
da-test-000964,0,0.09753434466589346,0,0.4290718802585354,available
da-test-000965,1,0.9959272707081015,1,0.4290718802585354,available
da-test-000966,0,1.9792657938124373e-08,0,0.4290718802585354,available
da-test-000967,0,6.03076642871635e-08,0,0.4290718802585354,available
da-test-000968,0,2.84406338919893e-08,0,0.4290718802585354,available
da-test-000969,1,0.9959272707081015,1,0.4290718802585354,available
da-test-000970,0,7.179433194264311e-08,0,0.4290718802585354,available
da-test-000971,1,0.9924486100726025,1,0.4290718802585354,available
da-test-000972,0,0.0004705570465656264,0,0.4290718802585354,available
da-test-000973,0,0.00047964785567171294,0,0.4290718802585354,available
da-test-000974,0,2.701940088565134e-08,0,0.4290718802585354,available
da-test-000975,0,2.632353537071818e-08,0,0.4290718802585354,available
da-test-000976,0,2.2553599002747327e-08,0,0.4290718802585354,available
da-test-000977,0,3.85341762154309e-08,0,0.4290718802585354,available
da-test-000978,0,3.101816203080855e-08,0,0.4290718802585354,available
da-test-000979,0,4.5781423175578155e-08,0,0.4290718802585354,available
da-test-000980,0,2.596854565229648e-08,0,0.4290718802585354,available
da-test-000981,0,0.000189417491469826,0,0.4290718802585354,available
da-test-000982,0,2.0441373787691527e-08,0,0.4290718802585354,available
da-test-000983,0,3.201225020506143e-08,0,0.4290718802585354,available
da-test-000984,0,3.621562957605374e-08,0,0.4290718802585354,available
da-test-000985,0,0.0011761419927107648,0,0.4290718802585354,available
da-test-000986,1,0.9951440493877439,1,0.4290718802585354,available
da-test-000987,0,8.211502816211147e-08,0,0.4290718802585354,available
da-test-000988,0,3.1693709151926585e-08,0,0.4290718802585354,available
da-test-000989,0,1.9792657938124373e-08,0,0.4290718802585354,available
da-test-000990,0,0.0004898878599329981,0,0.4290718802585354,available
da-test-000991,0,2.7824050045613817e-08,0,0.4290718802585354,available
da-test-000992,0,1.5401628130776783e-08,0,0.4290718802585354,available
da-test-000993,0,0.0002259098711569515,0,0.4290718802585354,available
da-test-000994,0,0.00037115073488899704,0,0.4290718802585354,available
da-test-000995,0,3.24715115903763e-08,0,0.4290718802585354,available
da-test-000996,0,3.274643698899426e-08,0,0.4290718802585354,available
da-test-000997,1,0.746548149801101,1,0.4290718802585354,available
da-test-000998,1,0.9921511717561701,1,0.4290718802585354,available
da-test-000999,0,4.132868881563514e-08,0,0.4290718802585354,available
da-test-001000,0,0.0002801242734659192,0,0.4290718802585354,available
da-test-001001,0,2.84406338919893e-08,0,0.4290718802585354,available
da-test-001002,0,2.342926238012668e-08,0,0.4290718802585354,available
da-test-001003,0,6.653083484784433e-08,0,0.4290718802585354,available
da-test-001004,0,4.72575995646967e-08,0,0.4290718802585354,available
da-test-001005,0,2.7345102032458477e-07,0,0.4290718802585354,available
da-test-001006,0,0.0001469857348317711,0,0.4290718802585354,available
da-test-001007,0,8.799600562530756e-08,0,0.4290718802585354,available
da-test-001008,1,0.9959272707081015,1,0.4290718802585354,available
da-test-001009,0,3.101816203080855e-08,0,0.4290718802585354,available
da-test-001010,0,3.6278862324435244e-08,0,0.4290718802585354,available
da-test-001011,0,3.004547667578592e-08,0,0.4290718802585354,available
da-test-001012,0,2.837619906053419e-08,0,0.4290718802585354,available
da-test-001013,0,5.7113563918966804e-08,0,0.4290718802585354,available
da-test-001014,1,0.9921511717561701,1,0.4290718802585354,available
da-test-001015,0,0.00032414153395371144,0,0.4290718802585354,available
da-test-001016,0,4.141954791563803e-08,0,0.4290718802585354,available
da-test-001017,0,2.8115840414862123e-08,0,0.4290718802585354,available
da-test-001018,0,0.0005177049157481044,0,0.4290718802585354,available
da-test-001019,1,0.9917855719448605,1,0.4290718802585354,available
da-test-001020,0,0.00046501899537180694,0,0.4290718802585354,available
da-test-001021,0,3.7443637327643894e-05,0,0.4290718802585354,available
da-test-001022,0,1.7321571264747136e-08,0,0.4290718802585354,available
da-test-001023,0,3.128437959020342e-08,0,0.4290718802585354,available
da-test-001024,0,0.10184108985779966,0,0.4290718802585354,available
da-test-001025,0,3.274643698899426e-08,0,0.4290718802585354,available
da-test-001026,1,0.6886916296990967,1,0.4290718802585354,available
da-test-001027,0,2.3359203721636303e-08,0,0.4290718802585354,available
da-test-001028,0,2.7354650156862015e-08,0,0.4290718802585354,available
da-test-001029,0,9.011457565537798e-08,0,0.4290718802585354,available
da-test-001030,0,3.7666926155706015e-08,0,0.4290718802585354,available
da-test-001031,0,1.7172871594358664e-08,0,0.4290718802585354,available
da-test-001032,1,0.9935440122853249,1,0.4290718802585354,available
da-test-001033,0,7.013445175534296e-08,0,0.4290718802585354,available
da-test-001034,0,2.00793556740075e-08,0,0.4290718802585354,available
da-test-001035,1,0.9921511717561701,1,0.4290718802585354,available
da-test-001036,0,0.0004725892659616688,0,0.4290718802585354,available
da-test-001037,0,4.57369464022174e-08,0,0.4290718802585354,available
da-test-001038,0,2.6109686142671883e-08,0,0.4290718802585354,available
da-test-001039,0,2.213579967112721e-08,0,0.4290718802585354,available
da-test-001040,0,2.8875774261262936e-08,0,0.4290718802585354,available
da-test-001041,0,0.00015719567341970723,0,0.4290718802585354,available
da-test-001042,1,0.9952381751378769,1,0.4290718802585354,available
da-test-001043,1,0.9925435103280126,1,0.4290718802585354,available
da-test-001044,0,0.0003865160705960874,0,0.4290718802585354,available
da-test-001045,0,2.2140834852228945e-08,0,0.4290718802585354,available
da-test-001046,0,1.997896667742231e-08,0,0.4290718802585354,available
da-test-001047,0,3.541423136340764e-08,0,0.4290718802585354,available
da-test-001048,0,0.00025646220016912276,0,0.4290718802585354,available
da-test-001049,0,2.5209607462462422e-08,0,0.4290718802585354,available
da-test-001050,0,3.715734646854186e-08,0,0.4290718802585354,available
da-test-001051,1,0.991827028495731,1,0.4290718802585354,available
da-test-001052,0,0.00031033247710302936,0,0.4290718802585354,available
da-test-001053,0,4.678990362174436e-08,0,0.4290718802585354,available
da-test-001054,1,0.9845822618850008,1,0.4290718802585354,available
da-test-001055,0,2.3467010086456693e-08,0,0.4290718802585354,available
da-test-001056,0,2.301982933850898e-08,0,0.4290718802585354,available
da-test-001057,0,3.6810596472205385e-08,0,0.4290718802585354,available
da-test-001058,0,9.029314949873876e-07,0,0.4290718802585354,available
da-test-001059,0,6.334802740659009e-08,0,0.4290718802585354,available
da-test-001060,1,0.9875240499060022,1,0.4290718802585354,available
da-test-001061,0,0.0002766267758120807,0,0.4290718802585354,available
da-test-001062,0,1.4478110893854235e-08,0,0.4290718802585354,available
da-test-001063,0,2.1189714372965926e-08,0,0.4290718802585354,available
da-test-001064,0,2.5293596090863068e-05,0,0.4290718802585354,available
da-test-001065,0,3.101816203080855e-08,0,0.4290718802585354,available
da-test-001066,0,1.1301014443419952e-06,0,0.4290718802585354,available
da-test-001067,0,3.491350891432464e-08,0,0.4290718802585354,available
da-test-001068,1,0.9959272707081015,1,0.4290718802585354,available
da-test-001069,0,4.141954791563803e-08,0,0.4290718802585354,available
da-test-001070,0,2.0386111507091312e-08,0,0.4290718802585354,available
da-test-001071,0,4.8202904319934006e-08,0,0.4290718802585354,available
da-test-001072,0,2.254750309570965e-08,0,0.4290718802585354,available
da-test-001073,0,0.003412361356682731,0,0.4290718802585354,available
da-test-001074,0,8.116776942207602e-05,0,0.4290718802585354,available
da-test-001075,0,4.786300932725492e-08,0,0.4290718802585354,available
da-test-001076,0,2.7712128914825078e-08,0,0.4290718802585354,available
da-test-001077,0,3.1463747369621354e-08,0,0.4290718802585354,available
da-test-001078,1,0.9921511717561701,1,0.4290718802585354,available
da-test-001079,0,4.6238172800268644e-08,0,0.4290718802585354,available
da-test-001080,0,8.893600867594132e-06,0,0.4290718802585354,available
da-test-001081,0,3.432197837644381e-08,0,0.4290718802585354,available
da-test-001082,0,0.000290767093951423,0,0.4290718802585354,available
da-test-001083,1,0.9959272707081015,1,0.4290718802585354,available
da-test-001084,0,2.564161857290478e-08,0,0.4290718802585354,available
da-test-001085,0,1.2890559782493288e-07,0,0.4290718802585354,available
da-test-001086,0,2.0101668983813724e-08,0,0.4290718802585354,available
da-test-001087,0,4.8404547551431194e-08,0,0.4290718802585354,available
da-test-001088,0,2.690189737388425e-08,0,0.4290718802585354,available
da-test-001089,0,1.5472722035855218e-07,0,0.4290718802585354,available
da-test-001090,1,0.9197999648633266,1,0.4290718802585354,available
da-test-001091,1,0.9903740285389357,1,0.4290718802585354,available
da-test-001092,0,3.1866346901161527e-06,0,0.4290718802585354,available
da-test-001093,0,2.51552277539198e-08,0,0.4290718802585354,available
da-test-001094,0,1.4889371517815068e-07,0,0.4290718802585354,available
da-test-001095,0,2.0740973105788418e-08,0,0.4290718802585354,available
da-test-001096,0,3.325648284732723e-08,0,0.4290718802585354,available
da-test-001097,0,2.4568055172216594e-08,0,0.4290718802585354,available
da-test-001098,0,2.700829466040755e-08,0,0.4290718802585354,available
da-test-001099,0,2.420851183828706e-08,0,0.4290718802585354,available
da-test-001100,1,0.9923257948303654,1,0.4290718802585354,available
da-test-001101,0,0.00022863178510104624,0,0.4290718802585354,available
da-test-001102,0,3.922279705300389e-07,0,0.4290718802585354,available
da-test-001103,0,9.339814316564392e-07,0,0.4290718802585354,available
da-test-001104,0,3.274643698899426e-08,0,0.4290718802585354,available
da-test-001105,0,3.274643698899426e-08,0,0.4290718802585354,available
da-test-001106,0,6.057441431582863e-08,0,0.4290718802585354,available
da-test-001107,1,0.9860292034071547,1,0.4290718802585354,available
da-test-001108,0,2.9123406952085665e-08,0,0.4290718802585354,available
da-test-001109,0,4.231752594957801e-08,0,0.4290718802585354,available
da-test-001110,0,2.960956768308813e-08,0,0.4290718802585354,available
da-test-001111,0,2.3749170993843087e-05,0,0.4290718802585354,available
da-test-001112,0,3.905665352868733e-08,0,0.4290718802585354,available
da-test-001113,0,3.048779062475702e-08,0,0.4290718802585354,available
da-test-001114,0,5.9495455467046715e-08,0,0.4290718802585354,available
da-test-001115,0,2.6411797518606262e-08,0,0.4290718802585354,available
da-test-001116,0,1.0558662493789984e-07,0,0.4290718802585354,available
da-test-001117,0,6.626557240656637e-08,0,0.4290718802585354,available
da-test-001118,0,0.002893095025518138,0,0.4290718802585354,available
da-test-001119,0,3.1463747369621354e-08,0,0.4290718802585354,available
da-test-001120,0,3.406196618040249e-08,0,0.4290718802585354,available
da-test-001121,1,0.9947120770628001,1,0.4290718802585354,available
da-test-001122,0,3.3614056685151945e-08,0,0.4290718802585354,available
da-test-001123,0,2.5889445623858037e-08,0,0.4290718802585354,available
da-test-001124,0,2.9297116106597946e-08,0,0.4290718802585354,available
da-test-001125,1,0.9959272707081015,1,0.4290718802585354,available
da-test-001126,0,7.366023123822124e-08,0,0.4290718802585354,available
da-test-001127,0,9.739221346037917e-08,0,0.4290718802585354,available
da-test-001128,0,0.0020205611816910803,0,0.4290718802585354,available
da-test-001129,0,2.0609168568714762e-08,0,0.4290718802585354,available
da-test-001130,0,2.0101668983813724e-08,0,0.4290718802585354,available
da-test-001131,0,2.4568055172216594e-08,0,0.4290718802585354,available
da-test-001132,0,2.3359203721636303e-08,0,0.4290718802585354,available
da-test-001133,0,1.3596613278278588e-06,0,0.4290718802585354,available
da-test-001134,0,2.7687096138326584e-08,0,0.4290718802585354,available
da-test-001135,0,3.685878231934866e-08,0,0.4290718802585354,available
da-test-001136,0,1.2890559782493288e-07,0,0.4290718802585354,available
da-test-001137,0,2.4970318907952645e-08,0,0.4290718802585354,available
da-test-001138,1,0.9924486100726025,1,0.4290718802585354,available
da-test-001139,0,2.8945710624536765e-08,0,0.4290718802585354,available
da-test-001140,1,0.9901218273338483,1,0.4290718802585354,available
da-test-001141,0,7.005918501191872e-08,0,0.4290718802585354,available
da-test-001142,0,2.080096555828234e-08,0,0.4290718802585354,available
da-test-001143,0,2.213579967112721e-08,0,0.4290718802585354,available
da-test-001144,0,3.4027043290190955e-08,0,0.4290718802585354,available
da-test-001145,0,1.9231894281722274e-08,0,0.4290718802585354,available
da-test-001146,1,0.983949704857906,1,0.4290718802585354,available
da-test-001147,0,2.7802984744844493e-08,0,0.4290718802585354,available
da-test-001148,0,0.4331064849760206,1,0.4290718802585354,available
da-test-001149,0,4.658284452497027e-08,0,0.4290718802585354,available
da-test-001150,0,4.3039331270794516e-08,0,0.4290718802585354,available
da-test-001151,0,0.00036814081709795487,0,0.4290718802585354,available
da-test-001152,1,0.9959272707081015,1,0.4290718802585354,available
da-test-001153,0,3.3388599315341304e-08,0,0.4290718802585354,available
da-test-001154,1,0.9903160233163072,1,0.4290718802585354,available
da-test-001155,0,3.274643698899426e-08,0,0.4290718802585354,available
da-test-001156,0,3.101816203080855e-08,0,0.4290718802585354,available
da-test-001157,0,2.7354650156862015e-08,0,0.4290718802585354,available
da-test-001158,0,0.0002801242734659192,0,0.4290718802585354,available
da-test-001159,1,0.9903876690830229,1,0.4290718802585354,available
da-test-001160,0,2.882927765896735e-08,0,0.4290718802585354,available
da-test-001161,0,2.384465703574141e-08,0,0.4290718802585354,available
da-test-001162,0,3.0722532000953375e-08,0,0.4290718802585354,available
da-test-001163,0,3.312205548958524e-08,0,0.4290718802585354,available
da-test-001164,0,1.6083676294091473e-07,0,0.4290718802585354,available
da-test-001165,0,3.274643698899426e-08,0,0.4290718802585354,available
da-test-001166,0,2.8115840414862123e-08,0,0.4290718802585354,available
da-test-001167,0,2.8076041498071827e-08,0,0.4290718802585354,available
da-test-001168,0,2.4942936316772284e-07,0,0.4290718802585354,available
da-test-001169,1,0.9905310856568622,1,0.4290718802585354,available
da-test-001170,0,1.7407816243356778e-08,0,0.4290718802585354,available
da-test-001171,0,1.909085315149596e-08,0,0.4290718802585354,available
da-test-001172,0,6.143989303065598e-05,0,0.4290718802585354,available
da-test-001173,1,0.9924284805831213,1,0.4290718802585354,available
da-test-001174,0,3.0908853312552244e-08,0,0.4290718802585354,available
da-test-001175,1,0.9959272707081015,1,0.4290718802585354,available
da-test-001176,0,2.690189737388425e-08,0,0.4290718802585354,available
da-test-001177,0,2.1610656212895747e-05,0,0.4290718802585354,available
da-test-001178,0,2.449361817203108e-08,0,0.4290718802585354,available
da-test-001179,0,2.6634770367429406e-08,0,0.4290718802585354,available
da-test-001180,0,1.684986777901684e-08,0,0.4290718802585354,available
da-test-001181,0,0.00016178191062588557,0,0.4290718802585354,available
da-test-001182,0,2.5946826611845575e-08,0,0.4290718802585354,available
da-test-001183,0,4.345425681414984e-08,0,0.4290718802585354,available
da-test-001184,0,1.2552350260654788e-05,0,0.4290718802585354,available
da-test-001185,0,2.979447129092984e-08,0,0.4290718802585354,available
da-test-001186,0,0.00013770673791294646,0,0.4290718802585354,available
da-test-001187,0,4.306712353456118e-05,0,0.4290718802585354,available
da-test-001188,0,0.0047621699762280595,0,0.4290718802585354,available
da-test-001189,1,0.9949857579052995,1,0.4290718802585354,available
da-test-001190,0,1.5349542247063637e-07,0,0.4290718802585354,available
da-test-001191,1,0.9917198451259964,1,0.4290718802585354,available
da-test-001192,0,1.8661171254362924e-08,0,0.4290718802585354,available
da-test-001193,0,3.355246739446825e-08,0,0.4290718802585354,available
da-test-001194,0,2.6818155010314336e-08,0,0.4290718802585354,available
da-test-001195,0,9.91520826090821e-07,0,0.4290718802585354,available
da-test-001196,0,3.432197837644381e-08,0,0.4290718802585354,available
da-test-001197,0,8.279293461695924e-08,0,0.4290718802585354,available
da-test-001198,1,0.9959272707081015,1,0.4290718802585354,available
da-test-001199,0,3.1496039478826304e-08,0,0.4290718802585354,available
da-test-001200,0,4.660021658904432e-08,0,0.4290718802585354,available
da-test-001201,0,3.1496039478826304e-08,0,0.4290718802585354,available
da-test-001202,0,5.659904754455017e-08,0,0.4290718802585354,available
da-test-001203,0,2.7808832950176828e-08,0,0.4290718802585354,available
da-test-001204,0,3.201225020506143e-08,0,0.4290718802585354,available
da-test-001205,0,1.2890559782493288e-07,0,0.4290718802585354,available
da-test-001206,0,0.0011688559132583861,0,0.4290718802585354,available
da-test-001207,0,1.998516996749619e-05,0,0.4290718802585354,available
da-test-001208,0,4.3765794212357126e-08,0,0.4290718802585354,available
da-test-001209,0,1.4453224735275183e-07,0,0.4290718802585354,available
da-test-001210,0,6.738402901284376e-08,0,0.4290718802585354,available
da-test-001211,0,4.658284452497027e-08,0,0.4290718802585354,available
da-test-001212,0,2.3359203721636303e-08,0,0.4290718802585354,available
da-test-001213,0,0.0003542907616153845,0,0.4290718802585354,available
da-test-001214,1,0.9876192579093128,1,0.4290718802585354,available
da-test-001215,0,6.239210467076106e-08,0,0.4290718802585354,available
da-test-001216,0,2.84406338919893e-08,0,0.4290718802585354,available
da-test-001217,0,2.846030377906355e-07,0,0.4290718802585354,available
da-test-001218,0,2.0064586994979092e-08,0,0.4290718802585354,available
da-test-001219,0,3.004547667578592e-08,0,0.4290718802585354,available
da-test-001220,0,5.501844561304565e-08,0,0.4290718802585354,available
da-test-001221,0,2.539505967140217e-08,0,0.4290718802585354,available
da-test-001222,0,4.276441448991012e-08,0,0.4290718802585354,available
da-test-001223,1,0.9933441073198908,1,0.4290718802585354,available
da-test-001224,1,0.9960821754718315,1,0.4290718802585354,available
da-test-001225,0,2.2765727829295762e-08,0,0.4290718802585354,available
da-test-001226,0,2.213579967112721e-08,0,0.4290718802585354,available
da-test-001227,0,0.00026602028890475673,0,0.4290718802585354,available
da-test-001228,0,4.6273388897437454e-08,0,0.4290718802585354,available
da-test-001229,1,0.9876021216131815,1,0.4290718802585354,available
da-test-001230,0,2.254750309570965e-08,0,0.4290718802585354,available
da-test-001231,0,0.0004626047062041936,0,0.4290718802585354,available
da-test-001232,0,2.2268391325791407e-08,0,0.4290718802585354,available
da-test-001233,0,2.9239774503724816e-08,0,0.4290718802585354,available
da-test-001234,0,0.0002801242734659192,0,0.4290718802585354,available
da-test-001235,0,3.274643698899426e-08,0,0.4290718802585354,available
da-test-001236,0,0.00032781711413165145,0,0.4290718802585354,available
da-test-001237,0,2.84406338919893e-08,0,0.4290718802585354,available
da-test-001238,0,7.832971454216931e-08,0,0.4290718802585354,available
da-test-001239,1,0.6911199603944339,1,0.4290718802585354,available
da-test-001240,0,2.7824050045613817e-08,0,0.4290718802585354,available
da-test-001241,0,1.8921261339490823e-06,0,0.4290718802585354,available
da-test-001242,0,2.3341508213402768e-08,0,0.4290718802585354,available
da-test-001243,0,1.7220381629794212e-08,0,0.4290718802585354,available
da-test-001244,1,0.9959272707081015,1,0.4290718802585354,available
da-test-001245,0,1.747635976467688e-08,0,0.4290718802585354,available
da-test-001246,0,2.3567104625825712e-08,0,0.4290718802585354,available
da-test-001247,0,0.14063057600290785,0,0.4290718802585354,available
da-test-001248,0,2.9552854288587136e-08,0,0.4290718802585354,available
da-test-001249,0,4.2821735342045426e-08,0,0.4290718802585354,available
da-test-001250,0,2.1453082788960266e-08,0,0.4290718802585354,available
da-test-001251,0,4.588847254425849e-08,0,0.4290718802585354,available
da-test-001252,0,3.1494332977167777e-07,0,0.4290718802585354,available
da-test-001253,0,0.00021361889575708296,0,0.4290718802585354,available
da-test-001254,0,2.5283537228049236e-08,0,0.4290718802585354,available
da-test-001255,0,3.698412265833188e-08,0,0.4290718802585354,available
da-test-001256,0,3.0559800105930966e-08,0,0.4290718802585354,available
da-test-001257,0,1.369449372708032e-08,0,0.4290718802585354,available
da-test-001258,0,3.289050274729233e-08,0,0.4290718802585354,available
da-test-001259,0,3.571524971541448e-08,0,0.4290718802585354,available
da-test-001260,0,0.0004470529203768893,0,0.4290718802585354,available
da-test-001261,0,1.7429491592346327e-07,0,0.4290718802585354,available
da-test-001262,0,2.7070280169424903e-08,0,0.4290718802585354,available
da-test-001263,0,1.768224876289401e-08,0,0.4290718802585354,available
da-test-001264,0,2.4970318907952645e-08,0,0.4290718802585354,available
da-test-001265,0,4.057055099274609e-08,0,0.4290718802585354,available
da-test-001266,0,9.40081636055814e-08,0,0.4290718802585354,available
da-test-001267,1,0.9925435103280126,1,0.4290718802585354,available
da-test-001268,0,1.188479802246456e-07,0,0.4290718802585354,available
da-test-001269,0,2.9834217794549403e-08,0,0.4290718802585354,available
da-test-001270,0,7.697732854594325e-08,0,0.4290718802585354,available
da-test-001271,0,3.6668635481287775e-08,0,0.4290718802585354,available
da-test-001272,0,3.274643698899426e-08,0,0.4290718802585354,available
da-test-001273,0,3.4027043290190955e-08,0,0.4290718802585354,available
da-test-001274,0,2.5889445623858037e-08,0,0.4290718802585354,available
da-test-001275,0,2.1363620441815194e-08,0,0.4290718802585354,available
da-test-001276,0,3.1304674651539414e-08,0,0.4290718802585354,available
da-test-001277,0,7.398281323747019e-08,0,0.4290718802585354,available
da-test-001278,0,0.00026861569092540303,0,0.4290718802585354,available
da-test-001279,0,6.181923358415853e-08,0,0.4290718802585354,available
da-test-001280,0,0.00044219403862329475,0,0.4290718802585354,available
da-test-001281,1,0.9921511717561701,1,0.4290718802585354,available
da-test-001282,0,3.101816203080855e-08,0,0.4290718802585354,available
da-test-001283,1,0.9959272707081015,1,0.4290718802585354,available
da-test-001284,0,6.74441062409998e-08,0,0.4290718802585354,available
da-test-001285,0,6.377167720080539e-08,0,0.4290718802585354,available
da-test-001286,1,0.9960182191681994,1,0.4290718802585354,available
da-test-001287,0,2.5078921531840116e-08,0,0.4290718802585354,available
da-test-001288,0,1.6196927075204286e-08,0,0.4290718802585354,available
da-test-001289,0,2.179867157499182e-07,0,0.4290718802585354,available
da-test-001290,0,6.346741664074086e-08,0,0.4290718802585354,available
da-test-001291,0,2.7574991073509937e-08,0,0.4290718802585354,available
da-test-001292,0,0.0010107647469149673,0,0.4290718802585354,available
da-test-001293,0,0.06341511957183261,0,0.4290718802585354,available
da-test-001294,0,2.6615069832156547e-08,0,0.4290718802585354,available
da-test-001295,0,4.141954791563803e-08,0,0.4290718802585354,available
da-test-001296,0,2.0692402934229073e-08,0,0.4290718802585354,available
da-test-001297,0,0.9855359051063096,1,0.4290718802585354,available
da-test-001298,0,0.0003441069006442992,0,0.4290718802585354,available
da-test-001299,0,2.1116199971128054e-08,0,0.4290718802585354,available
da-test-001300,0,1.5767787688356817e-08,0,0.4290718802585354,available
da-test-001301,0,5.226906846536133e-08,0,0.4290718802585354,available
da-test-001302,0,0.0006588202738139566,0,0.4290718802585354,available
da-test-001303,0,3.491350891432464e-08,0,0.4290718802585354,available
da-test-001304,0,3.026508503248147e-08,0,0.4290718802585354,available
da-test-001305,0,3.76319046744805e-08,0,0.4290718802585354,available
da-test-001306,0,4.159450605658642e-08,0,0.4290718802585354,available
da-test-001307,0,2.000937841586329e-08,0,0.4290718802585354,available
da-test-001308,0,1.952869342118358e-08,0,0.4290718802585354,available
da-test-001309,0,2.879288156244572e-05,0,0.4290718802585354,available
da-test-001310,0,7.768852554456025e-08,0,0.4290718802585354,available
da-test-001311,1,0.9848179471490063,1,0.4290718802585354,available
da-test-001312,0,4.712495245299024e-08,0,0.4290718802585354,available
da-test-001313,0,2.420851183828706e-08,0,0.4290718802585354,available
da-test-001314,0,8.012617177691394e-08,0,0.4290718802585354,available
da-test-001315,0,2.301982933850898e-08,0,0.4290718802585354,available
da-test-001316,0,8.012617177691394e-08,0,0.4290718802585354,available
da-test-001317,1,0.9903160233163072,1,0.4290718802585354,available
da-test-001318,0,3.491350891432464e-08,0,0.4290718802585354,available
da-test-001319,0,0.0004348023339252671,0,0.4290718802585354,available
da-test-001320,0,3.1463747369621354e-08,0,0.4290718802585354,available
da-test-001321,0,2.960956768308813e-08,0,0.4290718802585354,available
da-test-001322,0,1.959677515276681e-08,0,0.4290718802585354,available
da-test-001323,1,0.9858079403693101,1,0.4290718802585354,available
da-test-001324,1,0.9945032996487232,1,0.4290718802585354,available
da-test-001325,0,2.8702411612454886e-05,0,0.4290718802585354,available
da-test-001326,1,0.9953754763781008,1,0.4290718802585354,available
da-test-001327,0,2.2582417073147006e-08,0,0.4290718802585354,available
da-test-001328,0,2.144158989452041e-08,0,0.4290718802585354,available
da-test-001329,1,0.9870456134647274,1,0.4290718802585354,available
da-test-001330,0,3.027961059650913e-08,0,0.4290718802585354,available
da-test-001331,1,0.9932907665858121,1,0.4290718802585354,available
da-test-001332,0,2.6634770367429406e-08,0,0.4290718802585354,available
da-test-001333,0,0.00017163522875718939,0,0.4290718802585354,available
da-test-001334,0,6.75402308907444e-08,0,0.4290718802585354,available
da-test-001335,0,1.3962109411065723e-07,0,0.4290718802585354,available
da-test-001336,1,0.9924486100726025,1,0.4290718802585354,available
da-test-001337,1,0.9932720765376971,1,0.4290718802585354,available
da-test-001338,0,3.300242435747652e-08,0,0.4290718802585354,available
da-test-001339,0,0.000253297211762411,0,0.4290718802585354,available
da-test-001340,1,0.9923257948303654,1,0.4290718802585354,available
da-test-001341,1,0.9903654875014117,1,0.4290718802585354,available
da-test-001342,0,0.0005848526001922388,0,0.4290718802585354,available
da-test-001343,0,2.9147703268711563e-08,0,0.4290718802585354,available
da-test-001344,1,0.9915975575873425,1,0.4290718802585354,available
da-test-001345,0,2.1268732492072383e-08,0,0.4290718802585354,available
da-test-001346,0,4.936705611578607e-08,0,0.4290718802585354,available
da-test-001347,0,7.46204234665127e-08,0,0.4290718802585354,available
da-test-001348,0,2.906760814327278e-08,0,0.4290718802585354,available
da-test-001349,0,4.8864172049363216e-08,0,0.4290718802585354,available
da-test-001350,1,0.9960182191681994,1,0.4290718802585354,available
da-test-001351,0,6.926530758199578e-08,0,0.4290718802585354,available
da-test-001352,0,6.45724509825954e-08,0,0.4290718802585354,available
da-test-001353,0,3.6248373268229246e-08,0,0.4290718802585354,available
da-test-001354,0,2.1453082788960266e-08,0,0.4290718802585354,available
da-test-001355,0,3.027961059650913e-08,0,0.4290718802585354,available
da-test-001356,0,3.963142869684627e-08,0,0.4290718802585354,available
da-test-001357,0,3.4971100402182236e-08,0,0.4290718802585354,available
da-test-001358,0,2.543757515320112e-06,0,0.4290718802585354,available
da-test-001359,0,4.3039331270794516e-08,0,0.4290718802585354,available
da-test-001360,0,1.8889497120377574e-08,0,0.4290718802585354,available
da-test-001361,0,1.219598641795315e-07,0,0.4290718802585354,available
da-test-001362,0,2.213579967112721e-08,0,0.4290718802585354,available
da-test-001363,0,1.8847363389197418e-08,0,0.4290718802585354,available
da-test-001364,0,0.046056044313211995,0,0.4290718802585354,available
da-test-001365,0,1.932066102882166e-08,0,0.4290718802585354,available
da-test-001366,0,0.06762146937847502,0,0.4290718802585354,available
da-test-001367,1,0.9971510310214359,1,0.4290718802585354,available
da-test-001368,0,7.130336483176075e-08,0,0.4290718802585354,available
da-test-001369,0,2.3222155024928736e-08,0,0.4290718802585354,available
da-test-001370,0,2.172791687043976e-08,0,0.4290718802585354,available
da-test-001371,0,0.0004705570465656264,0,0.4290718802585354,available
da-test-001372,0,2.84406338919893e-08,0,0.4290718802585354,available
da-test-001373,0,2.3825679733728015e-08,0,0.4290718802585354,available
da-test-001374,0,0.0005337072739051936,0,0.4290718802585354,available
da-test-001375,0,5.249975983971156e-08,0,0.4290718802585354,available
da-test-001376,0,1.5349542247063637e-07,0,0.4290718802585354,available
da-test-001377,0,0.000187073501875347,0,0.4290718802585354,available
da-test-001378,1,0.9959272707081015,1,0.4290718802585354,available
da-test-001379,0,4.658284452497027e-08,0,0.4290718802585354,available
da-test-001380,0,2.9552854288587136e-08,0,0.4290718802585354,available
da-test-001381,0,2.84406338919893e-08,0,0.4290718802585354,available
da-test-001382,0,3.491350891432464e-08,0,0.4290718802585354,available
da-test-001383,0,1.9601677247303937e-08,0,0.4290718802585354,available
da-test-001384,0,6.67449707808807e-08,0,0.4290718802585354,available
da-test-001385,0,2.1784592012850484e-08,0,0.4290718802585354,available
da-test-001386,0,1.9028467212006368e-08,0,0.4290718802585354,available
da-test-001387,0,2.5889445623858037e-08,0,0.4290718802585354,available
da-test-001388,1,0.9942889264093882,1,0.4290718802585354,available
da-test-001389,0,2.84406338919893e-08,0,0.4290718802585354,available
da-test-001390,0,2.0520064784824682e-08,0,0.4290718802585354,available
da-test-001391,0,1.8934264173961268e-07,0,0.4290718802585354,available
da-test-001392,0,1.212766680027725e-07,0,0.4290718802585354,available
da-test-001393,0,2.0778640849502395e-05,0,0.4290718802585354,available
da-test-001394,0,0.0015158415726706528,0,0.4290718802585354,available
da-test-001395,0,2.556915586005474e-08,0,0.4290718802585354,available
da-test-001396,0,2.6615069832156547e-08,0,0.4290718802585354,available
da-test-001397,0,4.014668060127388e-08,0,0.4290718802585354,available
da-test-001398,0,2.690189737388425e-08,0,0.4290718802585354,available
da-test-001399,1,0.991827028495731,1,0.4290718802585354,available
da-test-001400,1,0.9959272707081015,1,0.4290718802585354,available
da-test-001401,0,0.0003032641482563093,0,0.4290718802585354,available
da-test-001402,0,3.593962525556916e-07,0,0.4290718802585354,available
da-test-001403,0,3.734319897738634e-08,0,0.4290718802585354,available
da-test-001404,0,2.724861962253445e-08,0,0.4290718802585354,available
da-test-001405,0,2.0633913313968796e-08,0,0.4290718802585354,available
da-test-001406,0,2.4970318907952645e-08,0,0.4290718802585354,available
da-test-001407,0,1.7198195493548002e-08,0,0.4290718802585354,available
da-test-001408,0,1.8196170964130836e-08,0,0.4290718802585354,available
da-test-001409,0,4.523897142571516e-08,0,0.4290718802585354,available
da-test-001410,0,7.223019785162928e-08,0,0.4290718802585354,available
da-test-001411,0,2.9089665422358143e-08,0,0.4290718802585354,available
da-test-001412,0,2.3341508213402768e-08,0,0.4290718802585354,available
da-test-001413,0,1.0431866297602816e-06,0,0.4290718802585354,available
da-test-001414,0,2.4230399517128173e-08,0,0.4290718802585354,available
da-test-001415,0,3.8294528340349017e-08,0,0.4290718802585354,available
da-test-001416,1,0.9895319697992514,1,0.4290718802585354,available
da-test-001417,0,4.141954791563803e-08,0,0.4290718802585354,available
da-test-001418,0,7.004309886934905e-08,0,0.4290718802585354,available
da-test-001419,0,3.413073560741721e-08,0,0.4290718802585354,available
da-test-001420,0,8.503722678028573e-08,0,0.4290718802585354,available
da-test-001421,1,0.9960182191681994,1,0.4290718802585354,available
da-test-001422,0,0.8714698498181868,1,0.4290718802585354,available
da-test-001423,0,5.360915176329631e-08,0,0.4290718802585354,available
da-test-001424,0,2.5946826611845575e-08,0,0.4290718802585354,available
da-test-001425,0,9.039363029636584e-06,0,0.4290718802585354,available
da-test-001426,0,6.046310953396552e-05,0,0.4290718802585354,available
da-test-001427,1,0.9959272707081015,1,0.4290718802585354,available
da-test-001428,1,0.9921511717561701,1,0.4290718802585354,available
da-test-001429,0,2.9834217794549403e-08,0,0.4290718802585354,available
da-test-001430,0,2.3001458578169383e-08,0,0.4290718802585354,available
da-test-001431,0,1.9300613874254698e-08,0,0.4290718802585354,available
da-test-001432,0,3.1463747369621354e-08,0,0.4290718802585354,available
da-test-001433,0,2.882927765896735e-08,0,0.4290718802585354,available
da-test-001434,0,2.3001458578169383e-08,0,0.4290718802585354,available
da-test-001435,1,0.9924486100726025,1,0.4290718802585354,available
da-test-001436,0,1.2945558802367577e-08,0,0.4290718802585354,available
da-test-001437,0,3.7337064561987864e-08,0,0.4290718802585354,available
da-test-001438,0,1.3592570405562508e-08,0,0.4290718802585354,available
da-test-001439,0,2.4126019844638206e-08,0,0.4290718802585354,available
da-test-001440,0,6.086666264619392e-08,0,0.4290718802585354,available
da-test-001441,0,0.00014893198071201742,0,0.4290718802585354,available
da-test-001442,0,1.7321571264747136e-08,0,0.4290718802585354,available
da-test-001443,0,9.616301372503026e-08,0,0.4290718802585354,available
da-test-001444,0,2.945474119041241e-07,0,0.4290718802585354,available
da-test-001445,0,3.101816203080855e-08,0,0.4290718802585354,available
da-test-001446,0,2.4300874616000575e-08,0,0.4290718802585354,available
da-test-001447,1,0.9921511717561701,1,0.4290718802585354,available
da-test-001448,0,4.8145645697992116e-08,0,0.4290718802585354,available
da-test-001449,0,3.027961059650913e-08,0,0.4290718802585354,available
da-test-001450,0,4.141954791563803e-08,0,0.4290718802585354,available
da-test-001451,0,9.408042108747917e-08,0,0.4290718802585354,available
da-test-001452,1,0.9959272707081015,1,0.4290718802585354,available
da-test-001453,0,5.6100609997337155e-08,0,0.4290718802585354,available
da-test-001454,0,3.491350891432464e-08,0,0.4290718802585354,available
da-test-001455,1,0.9959272707081015,1,0.4290718802585354,available
da-test-001456,0,3.274643698899426e-08,0,0.4290718802585354,available
da-test-001457,1,0.7745950229041417,1,0.4290718802585354,available
da-test-001458,0,3.9837974348676653e-08,0,0.4290718802585354,available
da-test-001459,0,3.4565532465366945e-08,0,0.4290718802585354,available
da-test-001460,0,3.8679611119165616e-08,0,0.4290718802585354,available
da-test-001461,1,0.9921511717561701,1,0.4290718802585354,available
da-test-001462,0,3.4027043290190955e-08,0,0.4290718802585354,available
da-test-001463,0,5.008316849805629e-08,0,0.4290718802585354,available
da-test-001464,0,1.9241494664100577e-07,0,0.4290718802585354,available
da-test-001465,0,2.311706619460985e-08,0,0.4290718802585354,available
da-test-001466,0,0.0005328906410731511,0,0.4290718802585354,available
da-test-001467,0,2.172791687043976e-08,0,0.4290718802585354,available
da-test-001468,0,0.00022415262284026353,0,0.4290718802585354,available
da-test-001469,1,0.9921511717561701,1,0.4290718802585354,available
da-test-001470,0,2.84406338919893e-08,0,0.4290718802585354,available
da-test-001471,0,2.2939194919329482e-08,0,0.4290718802585354,available
da-test-001472,0,4.5654393423818843e-07,0,0.4290718802585354,available
da-test-001473,0,2.6413616288146766e-08,0,0.4290718802585354,available
da-test-001474,0,0.0005392291693307648,0,0.4290718802585354,available
da-test-001475,0,4.003761429584972e-08,0,0.4290718802585354,available
da-test-001476,0,7.162934268135399e-08,0,0.4290718802585354,available
da-test-001477,0,2.594708391332948e-08,0,0.4290718802585354,available
da-test-001478,1,0.9971510310214359,1,0.4290718802585354,available
da-test-001479,0,2.2792525976660714e-08,0,0.4290718802585354,available
da-test-001480,0,2.648637879578063e-08,0,0.4290718802585354,available
da-test-001481,1,0.9915099378232015,1,0.4290718802585354,available
da-test-001482,1,0.9940507657974001,1,0.4290718802585354,available
da-test-001483,0,2.2434320477800324e-08,0,0.4290718802585354,available
da-test-001484,0,1.9848580864913935e-08,0,0.4290718802585354,available
da-test-001485,0,3.044309900864335e-08,0,0.4290718802585354,available
da-test-001486,0,1.6101074315095533e-07,0,0.4290718802585354,available
da-test-001487,0,3.0767501264900784e-08,0,0.4290718802585354,available
da-test-001488,1,0.9415151451627097,1,0.4290718802585354,available
da-test-001489,0,2.4700997424302007e-08,0,0.4290718802585354,available
da-test-001490,0,0.00015377863546898988,0,0.4290718802585354,available
da-test-001491,0,4.553844056868267e-08,0,0.4290718802585354,available
da-test-001492,0,0.00015169506578533327,0,0.4290718802585354,available
da-test-001493,0,2.213579967112721e-08,0,0.4290718802585354,available
da-test-001494,0,2.1126127830760006e-08,0,0.4290718802585354,available
da-test-001495,0,2.5598793855062717e-08,0,0.4290718802585354,available
da-test-001496,0,3.101816203080855e-08,0,0.4290718802585354,available
da-test-001497,0,7.991313389701385e-07,0,0.4290718802585354,available
da-test-001498,0,3.7704122167163643e-08,0,0.4290718802585354,available
da-test-001499,0,1.2833738921114123e-07,0,0.4290718802585354,available
da-test-001500,0,2.420851183828706e-08,0,0.4290718802585354,available
da-test-001501,0,1.0689686037094477e-07,0,0.4290718802585354,available
da-test-001502,0,6.259034712094175e-05,0,0.4290718802585354,available
da-test-001503,0,2.301982933850898e-08,0,0.4290718802585354,available
da-test-001504,0,0.0010673429259202274,0,0.4290718802585354,available
da-test-001505,0,3.439722880145705e-07,0,0.4290718802585354,available
da-test-001506,0,1.416738953858567e-07,0,0.4290718802585354,available
da-test-001507,0,2.5946826611845575e-08,0,0.4290718802585354,available
da-test-001508,0,4.830511663173249e-08,0,0.4290718802585354,available
da-test-001509,0,2.086473063002799e-08,0,0.4290718802585354,available
da-test-001510,0,3.7606347135173e-08,0,0.4290718802585354,available
da-test-001511,1,0.9904254952435685,1,0.4290718802585354,available
da-test-001512,0,0.00029359803926948567,0,0.4290718802585354,available
da-test-001513,0,3.67702989087445e-08,0,0.4290718802585354,available
da-test-001514,0,2.700829466040755e-08,0,0.4290718802585354,available
da-test-001515,0,0.0092436097753679,0,0.4290718802585354,available
da-test-001516,0,0.0020205611816910803,0,0.4290718802585354,available
da-test-001517,1,0.9935015652851376,1,0.4290718802585354,available
da-test-001518,0,3.483276361982217e-08,0,0.4290718802585354,available
da-test-001519,0,0.003094579257241555,0,0.4290718802585354,available
da-test-001520,0,2.420851183828706e-08,0,0.4290718802585354,available
da-test-001521,0,2.311706619460985e-08,0,0.4290718802585354,available
da-test-001522,0,9.076534997365408e-06,0,0.4290718802585354,available
da-test-001523,0,2.1310798247831447e-07,0,0.4290718802585354,available
da-test-001524,0,2.764697778288562e-08,0,0.4290718802585354,available
da-test-001525,0,3.6278862324435244e-08,0,0.4290718802585354,available
da-test-001526,0,1.369449372708032e-08,0,0.4290718802585354,available
da-test-001527,0,0.00034906949875646823,0,0.4290718802585354,available
da-test-001528,1,0.9921511717561701,1,0.4290718802585354,available
da-test-001529,0,0.0002986566154941422,0,0.4290718802585354,available
da-test-001530,0,0.04032690740105698,0,0.4290718802585354,available
da-test-001531,0,0.0003508852531665059,0,0.4290718802585354,available
da-test-001532,0,4.425147894806748e-08,0,0.4290718802585354,available
da-test-001533,1,0.9933610996920967,1,0.4290718802585354,available
da-test-001534,0,2.9552854288587136e-08,0,0.4290718802585354,available
da-test-001535,0,3.2593440396375865e-08,0,0.4290718802585354,available
da-test-001536,0,3.274643698899426e-08,0,0.4290718802585354,available
da-test-001537,0,3.132079927419397e-08,0,0.4290718802585354,available
da-test-001538,1,0.9934101368636179,1,0.4290718802585354,available
da-test-001539,0,4.9600113698272065e-08,0,0.4290718802585354,available
da-test-001540,1,0.9905310856568622,1,0.4290718802585354,available
da-test-001541,0,2.6725605356808037e-08,0,0.4290718802585354,available
da-test-001542,0,2.07529860946474e-08,0,0.4290718802585354,available
da-test-001543,0,2.342926238012668e-08,0,0.4290718802585354,available
da-test-001544,0,5.525616899202382e-08,0,0.4290718802585354,available
da-test-001545,0,5.518654347611729e-08,0,0.4290718802585354,available
da-test-001546,1,0.9959272707081015,1,0.4290718802585354,available
da-test-001547,0,2.0754308270279565e-08,0,0.4290718802585354,available
da-test-001548,1,0.9917641760575511,1,0.4290718802585354,available
da-test-001549,0,3.018393234144979e-08,0,0.4290718802585354,available
da-test-001550,0,0.00029507389456918807,0,0.4290718802585354,available
da-test-001551,1,0.9902494930393092,1,0.4290718802585354,available
da-test-001552,0,0.0023030407656309234,0,0.4290718802585354,available
da-test-001553,0,3.101816203080855e-08,0,0.4290718802585354,available
da-test-001554,0,2.0292396910549312e-08,0,0.4290718802585354,available
da-test-001555,0,0.0018397286419302374,0,0.4290718802585354,available
da-test-001556,0,5.057791281633744e-08,0,0.4290718802585354,available
da-test-001557,0,4.683139983002795e-08,0,0.4290718802585354,available
da-test-001558,0,1.6962254585504585e-07,0,0.4290718802585354,available
da-test-001559,1,0.9931468832325808,1,0.4290718802585354,available
da-test-001560,0,2.229204286670141e-08,0,0.4290718802585354,available
da-test-001561,0,0.0006837455941350906,0,0.4290718802585354,available
da-test-001562,0,3.274643698899426e-08,0,0.4290718802585354,available
da-test-001563,1,0.9905310856568622,1,0.4290718802585354,available
da-test-001564,0,5.023618760916057e-08,0,0.4290718802585354,available
da-test-001565,0,3.9059762413933266e-08,0,0.4290718802585354,available
da-test-001566,0,2.3921411499785006e-08,0,0.4290718802585354,available
da-test-001567,0,2.040009599751614e-08,0,0.4290718802585354,available
da-test-001568,0,3.2514480025933135e-08,0,0.4290718802585354,available
da-test-001569,0,5.501844561304565e-08,0,0.4290718802585354,available
da-test-001570,1,0.9959272707081015,1,0.4290718802585354,available
da-test-001571,0,2.690189737388425e-08,0,0.4290718802585354,available
da-test-001572,0,3.101816203080855e-08,0,0.4290718802585354,available
da-test-001573,0,4.409217326913798e-08,0,0.4290718802585354,available
da-test-001574,0,0.0005921331637009091,0,0.4290718802585354,available
da-test-001575,0,4.058142651687416e-08,0,0.4290718802585354,available
da-test-001576,0,3.483276361982217e-08,0,0.4290718802585354,available
da-test-001577,1,0.7854045108655947,1,0.4290718802585354,available
da-test-001578,0,8.114131059231526e-08,0,0.4290718802585354,available
da-test-001579,0,3.979181923421508e-08,0,0.4290718802585354,available
da-test-001580,0,6.289930635606476e-08,0,0.4290718802585354,available
da-test-001581,0,6.261849088916073e-07,0,0.4290718802585354,available
da-test-001582,0,3.300242435747652e-08,0,0.4290718802585354,available
da-test-001583,1,0.9904503354090247,1,0.4290718802585354,available
da-test-001584,0,0.00020972987991974164,0,0.4290718802585354,available
da-test-001585,0,0.09233432318296572,0,0.4290718802585354,available
da-test-001586,0,9.998339586526313e-08,0,0.4290718802585354,available
da-test-001587,0,3.0322723785999314e-08,0,0.4290718802585354,available
da-test-001588,0,1.0380148299251442e-06,0,0.4290718802585354,available
da-test-001589,0,2.84406338919893e-08,0,0.4290718802585354,available
da-test-001590,0,2.866296168484254e-08,0,0.4290718802585354,available
da-test-001591,0,2.624322717937688e-08,0,0.4290718802585354,available
da-test-001592,0,5.360915176329631e-08,0,0.4290718802585354,available
da-test-001593,0,2.724861962253445e-08,0,0.4290718802585354,available
da-test-001594,0,0.0017442620890152057,0,0.4290718802585354,available
da-test-001595,0,2.6156630219275203e-08,0,0.4290718802585354,available
da-test-001596,0,0.4062276446429131,0,0.4290718802585354,available
da-test-001597,0,1.4385955255569209e-08,0,0.4290718802585354,available
da-test-001598,1,0.9935591700053918,1,0.4290718802585354,available
da-test-001599,0,7.582760438440311e-08,0,0.4290718802585354,available
da-test-001600,0,2.8945710624536765e-08,0,0.4290718802585354,available
da-test-001601,0,4.5781423175578155e-08,0,0.4290718802585354,available
da-test-001602,0,0.0020205611816910803,0,0.4290718802585354,available
da-test-001603,0,2.2364245841343483e-08,0,0.4290718802585354,available
da-test-001604,0,3.6278862324435244e-08,0,0.4290718802585354,available
da-test-001605,1,0.9960182191681994,1,0.4290718802585354,available
da-test-001606,0,6.033631119313223e-08,0,0.4290718802585354,available
da-test-001607,0,3.2104811308345786e-08,0,0.4290718802585354,available
da-test-001608,1,0.9959272707081015,1,0.4290718802585354,available
da-test-001609,0,2.911136798980218e-08,0,0.4290718802585354,available
da-test-001610,0,1.2246847646687398e-06,0,0.4290718802585354,available
da-test-001611,1,0.41640249791260237,0,0.4290718802585354,available
da-test-001612,0,2.701940088565134e-08,0,0.4290718802585354,available
da-test-001613,0,1.9119763839556497e-06,0,0.4290718802585354,available
da-test-001614,0,4.231752594957801e-08,0,0.4290718802585354,available
da-test-001615,0,2.820185821554807e-08,0,0.4290718802585354,available
da-test-001616,0,3.611910200469684e-08,0,0.4290718802585354,available
da-test-001617,0,3.0867349516744007e-08,0,0.4290718802585354,available
da-test-001618,0,4.72575995646967e-08,0,0.4290718802585354,available
da-test-001619,1,0.945256474916115,1,0.4290718802585354,available
da-test-001620,0,2.6474080375169863e-08,0,0.4290718802585354,available
da-test-001621,0,2.3567104625825712e-08,0,0.4290718802585354,available
da-test-001622,1,0.9951294966989109,1,0.4290718802585354,available
da-test-001623,0,0.005336823676498293,0,0.4290718802585354,available
da-test-001624,0,1.2890559782493288e-07,0,0.4290718802585354,available
da-test-001625,0,2.0609168568714762e-08,0,0.4290718802585354,available
da-test-001626,1,0.9248497287865303,1,0.4290718802585354,available
da-test-001627,0,5.577027749771722e-08,0,0.4290718802585354,available
da-test-001628,0,3.274643698899426e-08,0,0.4290718802585354,available
da-test-001629,0,2.3106504995123473e-07,0,0.4290718802585354,available
da-test-001630,0,4.377388293972881e-08,0,0.4290718802585354,available
da-test-001631,0,2.5889445623858037e-08,0,0.4290718802585354,available
da-test-001632,1,0.9959272707081015,1,0.4290718802585354,available
da-test-001633,1,0.9924486100726025,1,0.4290718802585354,available
da-test-001634,0,3.044309900864335e-08,0,0.4290718802585354,available
da-test-001635,1,0.9924486100726025,1,0.4290718802585354,available
da-test-001636,0,2.5946826611845575e-08,0,0.4290718802585354,available
da-test-001637,1,0.9921511717561701,1,0.4290718802585354,available
da-test-001638,0,0.004695303292564414,0,0.4290718802585354,available
da-test-001639,0,4.141954791563803e-08,0,0.4290718802585354,available
da-test-001640,0,3.566419895821962e-08,0,0.4290718802585354,available
da-test-001641,0,1.6086394643504462e-08,0,0.4290718802585354,available
da-test-001642,0,2.84406338919893e-08,0,0.4290718802585354,available
da-test-001643,0,1.6519551210315026e-08,0,0.4290718802585354,available
da-test-001644,0,2.254750309570965e-08,0,0.4290718802585354,available
da-test-001645,0,1.369449372708032e-08,0,0.4290718802585354,available
da-test-001646,0,2.3269625104455017e-08,0,0.4290718802585354,available
da-test-001647,1,0.9917198451259964,1,0.4290718802585354,available
da-test-001648,0,0.018723617398144935,0,0.4290718802585354,available
da-test-001649,0,2.0468284655627982e-08,0,0.4290718802585354,available
da-test-001650,0,2.9297374291382078e-08,0,0.4290718802585354,available
da-test-001651,0,2.51552277539198e-08,0,0.4290718802585354,available
da-test-001652,0,2.8875774261262936e-08,0,0.4290718802585354,available
da-test-001653,0,3.027961059650913e-08,0,0.4290718802585354,available
da-test-001654,0,1.4416763998512098e-07,0,0.4290718802585354,available
da-test-001655,0,1.9588359442514422e-08,0,0.4290718802585354,available
da-test-001656,0,2.937672584458567e-08,0,0.4290718802585354,available
da-test-001657,1,0.9923257948303654,1,0.4290718802585354,available
da-test-001658,0,3.6810596472205385e-08,0,0.4290718802585354,available
da-test-001659,0,3.004064265034494e-07,0,0.4290718802585354,available
da-test-001660,0,2.1973146367794549e-07,0,0.4290718802585354,available
da-test-001661,0,6.94390042555847e-08,0,0.4290718802585354,available
da-test-001662,0,2.3920059760866748e-08,0,0.4290718802585354,available
da-test-001663,0,4.553844056868267e-08,0,0.4290718802585354,available
da-test-001664,0,0.00016568574541163712,0,0.4290718802585354,available
da-test-001665,0,4.9613395247489474e-08,0,0.4290718802585354,available
da-test-001666,0,0.0005091064426022165,0,0.4290718802585354,available
da-test-001667,0,0.000601480585239921,0,0.4290718802585354,available
da-test-001668,0,0.00024123325811924596,0,0.4290718802585354,available
da-test-001669,1,0.9554592874011193,1,0.4290718802585354,available
da-test-001670,1,0.9821084569975795,1,0.4290718802585354,available
da-test-001671,0,2.1189714372965926e-08,0,0.4290718802585354,available
da-test-001672,0,2.960956768308813e-08,0,0.4290718802585354,available
da-test-001673,0,0.0003029385905581768,0,0.4290718802585354,available
da-test-001674,0,0.0016986040723385295,0,0.4290718802585354,available
da-test-001675,1,0.8913874396381625,1,0.4290718802585354,available
da-test-001676,0,3.027961059650913e-08,0,0.4290718802585354,available
da-test-001677,0,1.4810159962480952e-08,0,0.4290718802585354,available
da-test-001678,0,2.820185821554807e-08,0,0.4290718802585354,available
da-test-001679,0,0.024362858490775626,0,0.4290718802585354,available
da-test-001680,0,0.00025902765830286225,0,0.4290718802585354,available
da-test-001681,0,3.483276361982217e-08,0,0.4290718802585354,available
da-test-001682,0,0.037306916258856286,0,0.4290718802585354,available
da-test-001683,1,0.993169628345957,1,0.4290718802585354,available
da-test-001684,1,0.9931915203144182,1,0.4290718802585354,available
da-test-001685,0,2.3920059760866748e-08,0,0.4290718802585354,available
da-test-001686,0,2.640735899656208e-08,0,0.4290718802585354,available
da-test-001687,0,3.734319897738634e-08,0,0.4290718802585354,available
da-test-001688,0,2.5889445623858037e-08,0,0.4290718802585354,available
da-test-001689,1,0.9914508936245625,1,0.4290718802585354,available
da-test-001690,0,7.745281940991008e-08,0,0.4290718802585354,available
da-test-001691,0,2.701940088565134e-08,0,0.4290718802585354,available
da-test-001692,0,2.1453082788960266e-08,0,0.4290718802585354,available
da-test-001693,1,0.9696615850319744,1,0.4290718802585354,available
da-test-001694,0,2.3413475417166676e-08,0,0.4290718802585354,available
da-test-001695,0,5.9950668489046304e-05,0,0.4290718802585354,available
da-test-001696,0,2.8375544492006038e-08,0,0.4290718802585354,available
da-test-001697,1,0.9959272707081015,1,0.4290718802585354,available
da-test-001698,0,2.0669864114300428e-08,0,0.4290718802585354,available
da-test-001699,0,5.238978964861147e-08,0,0.4290718802585354,available
da-test-001700,0,0.0002311445615535008,0,0.4290718802585354,available
da-test-001701,0,3.432197837644381e-08,0,0.4290718802585354,available
da-test-001702,0,3.0767501264900784e-08,0,0.4290718802585354,available
da-test-001703,0,7.472504153249428e-08,0,0.4290718802585354,available
da-test-001704,0,3.6810596472205385e-08,0,0.4290718802585354,available
da-test-001705,1,0.9903160233163072,1,0.4290718802585354,available
da-test-001706,0,0.01031724363200682,0,0.4290718802585354,available
da-test-001707,1,0.9921511717561701,1,0.4290718802585354,available
da-test-001708,0,2.3063105131197353e-08,0,0.4290718802585354,available
da-test-001709,0,8.90535113860951e-08,0,0.4290718802585354,available
da-test-001710,0,1.8368578556340542e-08,0,0.4290718802585354,available
da-test-001711,1,0.9931915203144182,1,0.4290718802585354,available
da-test-001712,0,6.18312291090941e-08,0,0.4290718802585354,available
da-test-001713,0,4.4241092845071e-08,0,0.4290718802585354,available
da-test-001714,0,0.0012206098484898362,0,0.4290718802585354,available
da-test-001715,0,0.0009383039324942355,0,0.4290718802585354,available
da-test-001716,0,3.274643698899426e-08,0,0.4290718802585354,available
da-test-001717,0,5.188065882250139e-08,0,0.4290718802585354,available
da-test-001718,0,2.420851183828706e-08,0,0.4290718802585354,available
da-test-001719,0,0.00928555473298999,0,0.4290718802585354,available
da-test-001720,0,1.4952168948531037e-08,0,0.4290718802585354,available
da-test-001721,0,2.564161857290478e-08,0,0.4290718802585354,available
da-test-001722,0,1.0157654631515244e-07,0,0.4290718802585354,available
da-test-001723,0,2.7354650156862015e-08,0,0.4290718802585354,available
da-test-001724,0,0.7554756579437404,1,0.4290718802585354,available
da-test-001725,0,1.2531675300337435e-07,0,0.4290718802585354,available
da-test-001726,0,9.529422183407097e-08,0,0.4290718802585354,available
da-test-001727,0,5.075858423453002e-08,0,0.4290718802585354,available
da-test-001728,0,7.258090702397672e-06,0,0.4290718802585354,available
da-test-001729,0,2.5293596090863068e-05,0,0.4290718802585354,available
da-test-001730,1,0.9960821754718315,1,0.4290718802585354,available
da-test-001731,0,2.5889445623858037e-08,0,0.4290718802585354,available
da-test-001732,0,6.313045419289032e-05,0,0.4290718802585354,available
da-test-001733,0,3.107206215357799e-08,0,0.4290718802585354,available
da-test-001734,0,4.159450605658642e-08,0,0.4290718802585354,available
da-test-001735,0,5.005667078674386e-08,0,0.4290718802585354,available
da-test-001736,0,3.6278862324435244e-08,0,0.4290718802585354,available
da-test-001737,0,1.855309878786285e-08,0,0.4290718802585354,available
da-test-001738,0,3.8886706763854115e-08,0,0.4290718802585354,available
da-test-001739,0,3.027961059650913e-08,0,0.4290718802585354,available
da-test-001740,0,3.394114443417397e-08,0,0.4290718802585354,available
da-test-001741,0,2.6584463770749422e-08,0,0.4290718802585354,available
da-test-001742,0,1.9028467212006368e-08,0,0.4290718802585354,available
da-test-001743,0,2.5946826611845575e-08,0,0.4290718802585354,available
da-test-001744,0,2.6615069832156547e-08,0,0.4290718802585354,available
da-test-001745,1,0.98998152887221,1,0.4290718802585354,available
da-test-001746,1,0.9923257948303654,1,0.4290718802585354,available
da-test-001747,0,3.832083385505332e-07,0,0.4290718802585354,available
da-test-001748,0,0.00039194027183657914,0,0.4290718802585354,available
da-test-001749,0,2.3413475417166676e-08,0,0.4290718802585354,available
da-test-001750,0,4.48981569913555e-08,0,0.4290718802585354,available
da-test-001751,0,3.027961059650913e-08,0,0.4290718802585354,available
da-test-001752,1,0.9934567766072319,1,0.4290718802585354,available
da-test-001753,0,6.324930092756139e-08,0,0.4290718802585354,available
da-test-001754,1,0.9921511717561701,1,0.4290718802585354,available
da-test-001755,0,3.4494558626730554e-08,0,0.4290718802585354,available
da-test-001756,0,3.145164179835366e-05,0,0.4290718802585354,available
da-test-001757,0,2.7658045850465373e-07,0,0.4290718802585354,available
da-test-001758,0,1.6815132962513152e-08,0,0.4290718802585354,available
da-test-001759,0,1.1263375116156417e-08,0,0.4290718802585354,available
da-test-001760,0,2.9552854288587136e-08,0,0.4290718802585354,available
da-test-001761,1,0.9921511717561701,1,0.4290718802585354,available
da-test-001762,0,3.76319046744805e-08,0,0.4290718802585354,available
da-test-001763,1,0.9905310856568622,1,0.4290718802585354,available
da-test-001764,0,2.6480257580487195e-08,0,0.4290718802585354,available
da-test-001765,0,3.2778023722880676e-08,0,0.4290718802585354,available
da-test-001766,0,0.0007537820385916104,0,0.4290718802585354,available
da-test-001767,0,4.329454383806695e-08,0,0.4290718802585354,available
da-test-001768,0,3.259655874400909e-08,0,0.4290718802585354,available
da-test-001769,0,7.293867586644307e-08,0,0.4290718802585354,available
da-test-001770,1,0.99301635848052,1,0.4290718802585354,available
da-test-001771,1,0.9959272707081015,1,0.4290718802585354,available
da-test-001772,0,2.7802984744844493e-08,0,0.4290718802585354,available
da-test-001773,0,1.2780087676115918e-08,0,0.4290718802585354,available
da-test-001774,0,1.8196170964130836e-08,0,0.4290718802585354,available
da-test-001775,0,2.701940088565134e-08,0,0.4290718802585354,available
da-test-001776,1,0.9805820584361871,1,0.4290718802585354,available
da-test-001777,0,5.360915176329631e-08,0,0.4290718802585354,available
da-test-001778,0,0.000329589399106902,0,0.4290718802585354,available
da-test-001779,0,2.9239774503724816e-08,0,0.4290718802585354,available
da-test-001780,0,4.511399446116474e-08,0,0.4290718802585354,available
da-test-001781,0,4.3039331270794516e-08,0,0.4290718802585354,available
da-test-001782,0,5.1385483705192044e-08,0,0.4290718802585354,available
da-test-001783,0,4.9984850179710784e-08,0,0.4290718802585354,available
da-test-001784,1,0.986976217480629,1,0.4290718802585354,available
da-test-001785,1,0.9959272707081015,1,0.4290718802585354,available
da-test-001786,0,0.00025902765830286225,0,0.4290718802585354,available
da-test-001787,1,0.9933555212785175,1,0.4290718802585354,available
da-test-001788,0,5.41781265424463e-08,0,0.4290718802585354,available
da-test-001789,0,3.7836957514289785e-08,0,0.4290718802585354,available
da-test-001790,0,0.00018876284205883125,0,0.4290718802585354,available
da-test-001791,0,1.8218323866169733e-08,0,0.4290718802585354,available
da-test-001792,0,2.3920059760866748e-08,0,0.4290718802585354,available
da-test-001793,0,3.24715115903763e-08,0,0.4290718802585354,available
da-test-001794,0,0.00021720909777348766,0,0.4290718802585354,available
da-test-001795,0,1.981055310430271e-08,0,0.4290718802585354,available
da-test-001796,0,5.526174303472382e-08,0,0.4290718802585354,available
da-test-001797,0,1.924372518348175e-08,0,0.4290718802585354,available
da-test-001798,0,1.9541111650451948e-08,0,0.4290718802585354,available
da-test-001799,0,4.935687499122879e-08,0,0.4290718802585354,available
da-test-001800,0,2.2296364450032754e-08,0,0.4290718802585354,available
da-test-001801,1,0.9757393678218648,1,0.4290718802585354,available
da-test-001802,0,1.047744166469795e-07,0,0.4290718802585354,available
da-test-001803,0,1.816526982798292e-07,0,0.4290718802585354,available
da-test-001804,0,2.091018764994276e-08,0,0.4290718802585354,available
da-test-001805,0,2.091018764994276e-08,0,0.4290718802585354,available
da-test-001806,1,0.993098432865273,1,0.4290718802585354,available
da-test-001807,0,3.5051870020185e-08,0,0.4290718802585354,available
da-test-001808,0,4.4309198120833214e-06,0,0.4290718802585354,available
da-test-001809,0,2.701940088565134e-08,0,0.4290718802585354,available
da-test-001810,0,2.112112976286002e-08,0,0.4290718802585354,available
da-test-001811,0,4.2737584016680344e-08,0,0.4290718802585354,available
da-test-001812,0,1.8077578212617362e-08,0,0.4290718802585354,available
da-test-001813,0,6.571400508304682e-08,0,0.4290718802585354,available
da-test-001814,0,4.803103514253257e-08,0,0.4290718802585354,available
da-test-001815,1,0.9818214986229473,1,0.4290718802585354,available
da-test-001816,0,0.27014721701974376,0,0.4290718802585354,available
da-test-001817,0,1.5349542247063637e-07,0,0.4290718802585354,available
da-test-001818,0,1.952869342118358e-08,0,0.4290718802585354,available
da-test-001819,1,0.9961315897692199,1,0.4290718802585354,available
da-test-001820,0,1.8077578212617362e-08,0,0.4290718802585354,available
da-test-001821,0,0.004058443978732413,0,0.4290718802585354,available
da-test-001822,0,4.215571274185264e-08,0,0.4290718802585354,available
da-test-001823,1,0.9959272707081015,1,0.4290718802585354,available
da-test-001824,1,0.9936012741644256,1,0.4290718802585354,available
da-test-001825,0,2.116697403875067e-08,0,0.4290718802585354,available
da-test-001826,0,2.9552854288587136e-08,0,0.4290718802585354,available
da-test-001827,1,0.9959272707081015,1,0.4290718802585354,available
da-test-001828,0,3.8936170799613325e-06,0,0.4290718802585354,available
da-test-001829,0,3.5051870020185e-08,0,0.4290718802585354,available
da-test-001830,1,0.9885636852433366,1,0.4290718802585354,available
da-test-001831,0,2.6037420664970797e-08,0,0.4290718802585354,available
da-test-001832,0,3.4027043290190955e-08,0,0.4290718802585354,available
da-test-001833,1,0.9917641760575511,1,0.4290718802585354,available
da-test-001834,0,1.8934264173961268e-07,0,0.4290718802585354,available
da-test-001835,0,1.6931403447984564e-07,0,0.4290718802585354,available
da-test-001836,0,1.136510659695884e-08,0,0.4290718802585354,available
da-test-001837,0,1.4606626356142013e-06,0,0.4290718802585354,available
da-test-001838,0,0.0002259098711569515,0,0.4290718802585354,available
da-test-001839,0,1.5121327411987222e-07,0,0.4290718802585354,available
da-test-001840,0,3.621562957605374e-08,0,0.4290718802585354,available
da-test-001841,0,2.141195620313389e-08,0,0.4290718802585354,available
da-test-001842,0,9.095183297518005e-08,0,0.4290718802585354,available
da-test-001843,0,6.733714875127435e-08,0,0.4290718802585354,available
da-test-001844,0,1.2845947672524396e-07,0,0.4290718802585354,available
da-test-001845,1,0.9906823530945167,1,0.4290718802585354,available
da-test-001846,0,3.5647066214656374e-06,0,0.4290718802585354,available
da-test-001847,0,0.0014445713766319584,0,0.4290718802585354,available
da-test-001848,0,2.3567104625825712e-08,0,0.4290718802585354,available
da-test-001849,0,2.601120743533018e-08,0,0.4290718802585354,available
da-test-001850,0,2.876686261447541e-08,0,0.4290718802585354,available
da-test-001851,0,1.6899491902296724e-08,0,0.4290718802585354,available
da-test-001852,0,0.005455069192663948,0,0.4290718802585354,available
da-test-001853,0,3.7704122167163643e-08,0,0.4290718802585354,available
da-test-001854,0,0.0029896429335367993,0,0.4290718802585354,available
da-test-001855,0,2.7712128914825078e-08,0,0.4290718802585354,available
da-test-001856,1,0.9924486100726025,1,0.4290718802585354,available
da-test-001857,0,2.3567104625825712e-08,0,0.4290718802585354,available
da-test-001858,0,2.480772535318469e-08,0,0.4290718802585354,available
da-test-001859,0,2.690189737388425e-08,0,0.4290718802585354,available
da-test-001860,1,0.9960182191681994,1,0.4290718802585354,available
da-test-001861,0,3.073026104521319e-08,0,0.4290718802585354,available
da-test-001862,0,2.911136798980218e-08,0,0.4290718802585354,available
da-test-001863,0,2.3650086024321626e-08,0,0.4290718802585354,available
da-test-001864,0,0.0011197260509018382,0,0.4290718802585354,available
da-test-001865,0,1.7810285946481653e-05,0,0.4290718802585354,available
da-test-001866,0,4.5188412132675263e-08,0,0.4290718802585354,available
da-test-001867,0,0.0002666834061285108,0,0.4290718802585354,available
da-test-001868,1,0.9468925210304903,1,0.4290718802585354,available
da-test-001869,0,3.0254060295906626e-08,0,0.4290718802585354,available
da-test-001870,0,0.9855359051063096,1,0.4290718802585354,available
da-test-001871,0,3.7704122167163643e-08,0,0.4290718802585354,available
da-test-001872,0,2.435146610401423e-08,0,0.4290718802585354,available
da-test-001873,0,3.7704122167163643e-08,0,0.4290718802585354,available
da-test-001874,1,0.9918863858174795,1,0.4290718802585354,available
da-test-001875,0,0.0017312862438428724,0,0.4290718802585354,available
da-test-001876,0,2.690189737388425e-08,0,0.4290718802585354,available
da-test-001877,0,4.6671818957149326e-08,0,0.4290718802585354,available
da-test-001878,0,1.7853668164636804e-08,0,0.4290718802585354,available
da-test-001879,0,3.101816203080855e-08,0,0.4290718802585354,available
da-test-001880,1,0.9924486100726025,1,0.4290718802585354,available
da-test-001881,0,2.301982933850898e-08,0,0.4290718802585354,available
da-test-001882,0,2.6965593987050055e-08,0,0.4290718802585354,available
da-test-001883,0,2.5782888653641238e-08,0,0.4290718802585354,available
da-test-001884,0,1.9792657938124373e-08,0,0.4290718802585354,available
da-test-001885,0,1.7321571264747136e-08,0,0.4290718802585354,available
da-test-001886,0,0.00033571004594585267,0,0.4290718802585354,available
da-test-001887,0,2.84406338919893e-08,0,0.4290718802585354,available
da-test-001888,1,0.9960821754718315,1,0.4290718802585354,available
da-test-001889,0,3.027961059650913e-08,0,0.4290718802585354,available
da-test-001890,1,0.9960821754718315,1,0.4290718802585354,available
da-test-001891,0,2.9552854288587136e-08,0,0.4290718802585354,available
da-test-001892,0,5.766762587177063e-08,0,0.4290718802585354,available
da-test-001893,0,2.255396210569036e-08,0,0.4290718802585354,available
da-test-001894,0,4.141954791563803e-08,0,0.4290718802585354,available
da-test-001895,0,0.0008494691803312441,0,0.4290718802585354,available
da-test-001896,0,2.5889445623858037e-08,0,0.4290718802585354,available
da-test-001897,0,5.8995163759467616e-08,0,0.4290718802585354,available
da-test-001898,0,8.840225982950937e-08,0,0.4290718802585354,available
da-test-001899,0,2.4126019844638206e-08,0,0.4290718802585354,available
da-test-001900,0,2.2661035995254824e-08,0,0.4290718802585354,available
da-test-001901,0,2.981007221602151e-08,0,0.4290718802585354,available
da-test-001902,0,2.1725516720536428e-08,0,0.4290718802585354,available
da-test-001903,0,2.8459751636575827e-08,0,0.4290718802585354,available
da-test-001904,0,2.9456012240889423e-08,0,0.4290718802585354,available
da-test-001905,0,0.00042011292704405225,0,0.4290718802585354,available
da-test-001906,0,2.3567104625825712e-08,0,0.4290718802585354,available
da-test-001907,0,4.4102522644720016e-08,0,0.4290718802585354,available
da-test-001908,0,0.0001471388413540432,0,0.4290718802585354,available
da-test-001909,1,0.9923257948303654,1,0.4290718802585354,available
da-test-001910,1,0.9538911087116922,1,0.4290718802585354,available
da-test-001911,0,3.76319046744805e-08,0,0.4290718802585354,available
da-test-001912,0,2.1909304335812845e-08,0,0.4290718802585354,available
da-test-001913,0,0.00016988318466332875,0,0.4290718802585354,available
da-test-001914,0,4.036604263027455e-08,0,0.4290718802585354,available
da-test-001915,1,0.9959272707081015,1,0.4290718802585354,available
da-test-001916,0,2.989340304059118e-08,0,0.4290718802585354,available
da-test-001917,0,0.00024329991482439293,0,0.4290718802585354,available
da-test-001918,0,2.0433130371892042e-08,0,0.4290718802585354,available
da-test-001919,0,3.608323366848666e-08,0,0.4290718802585354,available
da-test-001920,0,0.0008034453307243367,0,0.4290718802585354,available
da-test-001921,0,2.4230399517128173e-08,0,0.4290718802585354,available
da-test-001922,1,0.9711419960180284,1,0.4290718802585354,available
da-test-001923,0,2.213579967112721e-08,0,0.4290718802585354,available
da-test-001924,0,0.0002073639922552114,0,0.4290718802585354,available
da-test-001925,0,4.7875467054565125e-08,0,0.4290718802585354,available
da-test-001926,0,2.1438056611621373e-08,0,0.4290718802585354,available
da-test-001927,1,0.9921511717561701,1,0.4290718802585354,available
da-test-001928,0,3.4027043290190955e-08,0,0.4290718802585354,available
da-test-001929,1,0.9905979980994626,1,0.4290718802585354,available
da-test-001930,0,2.3180173733253733e-08,0,0.4290718802585354,available
da-test-001931,0,4.2821735342045426e-08,0,0.4290718802585354,available
da-test-001932,1,0.9959272707081015,1,0.4290718802585354,available
da-test-001933,0,2.4970318907952645e-08,0,0.4290718802585354,available
da-test-001934,1,0.9918065104097366,1,0.4290718802585354,available
da-test-001935,0,5.9298145335548465e-08,0,0.4290718802585354,available
da-test-001936,0,2.5390075612513425e-08,0,0.4290718802585354,available
da-test-001937,0,2.8945710624536765e-08,0,0.4290718802585354,available
da-test-001938,0,4.880029143940376e-08,0,0.4290718802585354,available
da-test-001939,0,2.8076041498071827e-08,0,0.4290718802585354,available
da-test-001940,0,2.5308995025394892e-08,0,0.4290718802585354,available
da-test-001941,0,2.172791687043976e-08,0,0.4290718802585354,available
da-test-001942,1,0.9959272707081015,1,0.4290718802585354,available
da-test-001943,0,2.4965471123229063e-08,0,0.4290718802585354,available
da-test-001944,1,0.9959272707081015,1,0.4290718802585354,available
da-test-001945,0,0.00024445014360965147,0,0.4290718802585354,available
da-test-001946,1,0.9916968155113851,1,0.4290718802585354,available
da-test-001947,0,1.8658802294265028e-08,0,0.4290718802585354,available
da-test-001948,0,3.274643698899426e-08,0,0.4290718802585354,available
da-test-001949,0,2.7712128914825078e-08,0,0.4290718802585354,available
da-test-001950,0,5.665789317325208e-08,0,0.4290718802585354,available
da-test-001951,0,2.7712128914825078e-08,0,0.4290718802585354,available
da-test-001952,0,3.179403658300523e-07,0,0.4290718802585354,available
da-test-001953,0,3.4426842323015734e-08,0,0.4290718802585354,available
da-test-001954,1,0.9921511717561701,1,0.4290718802585354,available
da-test-001955,0,0.0001913627429150419,0,0.4290718802585354,available
da-test-001956,0,1.7198195493548002e-08,0,0.4290718802585354,available
da-test-001957,1,0.9936053653443409,1,0.4290718802585354,available
da-test-001958,1,0.9462808760883671,1,0.4290718802585354,available
da-test-001959,1,0.9917641760575511,1,0.4290718802585354,available
da-test-001960,0,8.164669804837758e-08,0,0.4290718802585354,available
da-test-001961,0,4.777166343946453e-08,0,0.4290718802585354,available
da-test-001962,0,2.0101668983813724e-08,0,0.4290718802585354,available
da-test-001963,0,2.065101662867789e-08,0,0.4290718802585354,available
da-test-001964,0,2.0101668983813724e-08,0,0.4290718802585354,available
da-test-001965,0,2.3712753143045054e-08,0,0.4290718802585354,available
da-test-001966,0,2.882927765896735e-08,0,0.4290718802585354,available
da-test-001967,0,0.0007209143332997238,0,0.4290718802585354,available
da-test-001968,1,0.9903654875014117,1,0.4290718802585354,available
da-test-001969,1,0.9748445628361592,1,0.4290718802585354,available
da-test-001970,1,0.9960821754718315,1,0.4290718802585354,available
da-test-001971,0,0.0008615514360163381,0,0.4290718802585354,available
da-test-001972,1,0.5720430343798955,1,0.4290718802585354,available
da-test-001973,0,1.1906264442824341e-06,0,0.4290718802585354,available
da-test-001974,1,0.9959272707081015,1,0.4290718802585354,available
da-test-001975,0,2.0393457372558104e-08,0,0.4290718802585354,available
da-test-001976,0,1.9857099929089713e-08,0,0.4290718802585354,available
da-test-001977,0,3.079013908325122e-08,0,0.4290718802585354,available
da-test-001978,0,0.0002801242734659192,0,0.4290718802585354,available
da-test-001979,0,2.404652322407316e-08,0,0.4290718802585354,available
da-test-001980,1,0.9960821754718315,1,0.4290718802585354,available
da-test-001981,1,0.9921511717561701,1,0.4290718802585354,available
da-test-001982,0,2.9552854288587136e-08,0,0.4290718802585354,available
da-test-001983,0,0.5643813174393746,1,0.4290718802585354,available
da-test-001984,0,6.334802740659009e-08,0,0.4290718802585354,available
da-test-001985,1,0.9921511717561701,1,0.4290718802585354,available
da-test-001986,0,3.183104889997312e-08,0,0.4290718802585354,available
da-test-001987,0,5.0855455730988286e-08,0,0.4290718802585354,available
da-test-001988,0,2.7712128914825078e-08,0,0.4290718802585354,available
da-test-001989,0,2.299838943836262e-08,0,0.4290718802585354,available
da-test-001990,0,2.0609168568714762e-08,0,0.4290718802585354,available
da-test-001991,1,0.9959272707081015,1,0.4290718802585354,available
da-test-001992,0,0.0028050401918504665,0,0.4290718802585354,available
da-test-001993,0,3.945532479530519e-08,0,0.4290718802585354,available
da-test-001994,0,1.124353663890579e-07,0,0.4290718802585354,available
da-test-001995,0,2.51552277539198e-08,0,0.4290718802585354,available
da-test-001996,0,5.843291342901344e-08,0,0.4290718802585354,available
da-test-001997,1,0.9887062574456057,1,0.4290718802585354,available
da-test-001998,0,2.846806731134057e-08,0,0.4290718802585354,available
da-test-001999,0,0.00036469862768949386,0,0.4290718802585354,available
da-test-002000,0,3.0767501264900784e-08,0,0.4290718802585354,available
da-test-002001,0,0.00029133885528148765,0,0.4290718802585354,available
da-test-002002,0,2.8076041498071827e-08,0,0.4290718802585354,available
da-test-002003,0,3.922279705300389e-07,0,0.4290718802585354,available
da-test-002004,0,0.0004229845978180123,0,0.4290718802585354,available
da-test-002005,0,2.3920059760866748e-08,0,0.4290718802585354,available
da-test-002006,0,2.0887779677692536e-08,0,0.4290718802585354,available
da-test-002007,0,2.3754057104354572e-08,0,0.4290718802585354,available
da-test-002008,0,1.9089300221459834e-08,0,0.4290718802585354,available
da-test-002009,0,2.960956768308813e-08,0,0.4290718802585354,available
da-test-002010,0,0.0004585092848022232,0,0.4290718802585354,available
da-test-002011,0,2.8540833055727952e-08,0,0.4290718802585354,available
da-test-002012,0,2.827961619306896e-08,0,0.4290718802585354,available
da-test-002013,0,3.491350891432464e-08,0,0.4290718802585354,available
da-test-002014,0,1.1277117255565099e-07,0,0.4290718802585354,available
da-test-002015,0,2.7802984744844493e-08,0,0.4290718802585354,available
da-test-002016,0,3.201225020506143e-08,0,0.4290718802585354,available
da-test-002017,0,5.853251002838131e-08,0,0.4290718802585354,available
da-test-002018,0,8.362013623109535e-06,0,0.4290718802585354,available
da-test-002019,0,2.8583957238462036e-07,0,0.4290718802585354,available
da-test-002020,0,2.420851183828706e-08,0,0.4290718802585354,available
da-test-002021,0,2.866296168484254e-08,0,0.4290718802585354,available
da-test-002022,1,0.9919796023724864,1,0.4290718802585354,available
da-test-002023,0,4.206552582177471e-08,0,0.4290718802585354,available
da-test-002024,0,2.3375287825995433e-08,0,0.4290718802585354,available
da-test-002025,1,0.9959272707081015,1,0.4290718802585354,available
da-test-002026,0,3.6668635481287775e-08,0,0.4290718802585354,available
da-test-002027,1,0.9855359051063096,1,0.4290718802585354,available
da-test-002028,0,4.141954791563803e-08,0,0.4290718802585354,available
da-test-002029,0,0.00027445677244571407,0,0.4290718802585354,available
da-test-002030,1,0.6955921484080277,1,0.4290718802585354,available
da-test-002031,0,3.2364620396208525e-08,0,0.4290718802585354,available
da-test-002032,0,2.84406338919893e-08,0,0.4290718802585354,available
da-test-002033,0,9.998339586526313e-08,0,0.4290718802585354,available
da-test-002034,1,0.9904949217716861,1,0.4290718802585354,available
da-test-002035,0,2.84406338919893e-08,0,0.4290718802585354,available
da-test-002036,0,3.4731711831600364e-08,0,0.4290718802585354,available
da-test-002037,0,1.1190127416281285e-07,0,0.4290718802585354,available
da-test-002038,0,2.2859162327068206e-06,0,0.4290718802585354,available
da-test-002039,0,1.1157661515014731e-07,0,0.4290718802585354,available
da-test-002040,1,0.9959272707081015,1,0.4290718802585354,available
da-test-002041,0,1.9792657938124373e-08,0,0.4290718802585354,available
da-test-002042,0,9.58957517546829e-07,0,0.4290718802585354,available
da-test-002043,0,2.701940088565134e-08,0,0.4290718802585354,available
da-test-002044,0,2.311706619460985e-08,0,0.4290718802585354,available
da-test-002045,1,0.9959272707081015,1,0.4290718802585354,available
da-test-002046,0,0.00020246066815504332,0,0.4290718802585354,available
da-test-002047,0,3.141642507571356e-08,0,0.4290718802585354,available
da-test-002048,0,1.5939807727050677e-07,0,0.4290718802585354,available
da-test-002049,0,0.006526058221311712,0,0.4290718802585354,available
da-test-002050,0,3.540366226109647e-08,0,0.4290718802585354,available
da-test-002051,0,0.0003703903313496366,0,0.4290718802585354,available
da-test-002052,0,2.229204286670141e-08,0,0.4290718802585354,available
da-test-002053,0,3.621562957605374e-08,0,0.4290718802585354,available
da-test-002054,0,1.995359248889531e-06,0,0.4290718802585354,available
da-test-002055,0,2.7589379287456253e-05,0,0.4290718802585354,available
da-test-002056,0,2.84406338919893e-08,0,0.4290718802585354,available
da-test-002057,0,3.7704122167163643e-08,0,0.4290718802585354,available
da-test-002058,0,0.00022633604195711196,0,0.4290718802585354,available
da-test-002059,0,2.301982933850898e-08,0,0.4290718802585354,available
da-test-002060,0,8.082692732463532e-08,0,0.4290718802585354,available
da-test-002061,0,1.4036126078318133e-06,0,0.4290718802585354,available
da-test-002062,0,2.6411797518606262e-08,0,0.4290718802585354,available
da-test-002063,0,3.0767501264900784e-08,0,0.4290718802585354,available
da-test-002064,0,2.84406338919893e-08,0,0.4290718802585354,available
da-test-002065,0,3.027961059650913e-08,0,0.4290718802585354,available
da-test-002066,0,3.80032203848439e-08,0,0.4290718802585354,available
da-test-002067,0,0.00033645382329375843,0,0.4290718802585354,available
da-test-002068,1,0.9917422820720585,1,0.4290718802585354,available
da-test-002069,0,4.880029143940376e-08,0,0.4290718802585354,available
da-test-002070,0,3.9837974348676653e-08,0,0.4290718802585354,available
da-test-002071,0,8.325964475447848e-08,0,0.4290718802585354,available
da-test-002072,0,0.0035244154475593437,0,0.4290718802585354,available
da-test-002073,0,8.916519581217151e-05,0,0.4290718802585354,available
da-test-002074,0,3.999989968718802e-08,0,0.4290718802585354,available
da-test-002075,0,4.4102522644720016e-08,0,0.4290718802585354,available
da-test-002076,0,2.9937807188617106e-08,0,0.4290718802585354,available
da-test-002077,0,4.361817617442259e-08,0,0.4290718802585354,available
da-test-002078,0,0.0003886675050097788,0,0.4290718802585354,available
da-test-002079,1,0.9947120770628001,1,0.4290718802585354,available
da-test-002080,0,2.171737997000918e-08,0,0.4290718802585354,available
da-test-002081,0,2.3567104625825712e-08,0,0.4290718802585354,available
da-test-002082,1,0.6460107733940974,1,0.4290718802585354,available
da-test-002083,0,3.7704122167163643e-08,0,0.4290718802585354,available
da-test-002084,0,9.450304897412465e-08,0,0.4290718802585354,available
da-test-002085,0,4.045078722373101e-08,0,0.4290718802585354,available
da-test-002086,1,0.9959272707081015,1,0.4290718802585354,available
da-test-002087,0,1.9437452239981486e-08,0,0.4290718802585354,available
da-test-002088,1,0.9921511717561701,1,0.4290718802585354,available
da-test-002089,0,0.0007296599196790729,0,0.4290718802585354,available
da-test-002090,0,3.223118113981509e-08,0,0.4290718802585354,available
da-test-002091,1,0.9960182191681994,1,0.4290718802585354,available
da-test-002092,0,2.254750309570965e-08,0,0.4290718802585354,available
da-test-002093,0,5.379697170922613e-05,0,0.4290718802585354,available
da-test-002094,0,0.0012206098484898362,0,0.4290718802585354,available
da-test-002095,0,2.6514827844796433e-08,0,0.4290718802585354,available
da-test-002096,0,2.3757275283421745e-07,0,0.4290718802585354,available
da-test-002097,0,2.701940088565134e-08,0,0.4290718802585354,available
da-test-002098,0,9.669575988232252e-08,0,0.4290718802585354,available
da-test-002099,0,3.6278862324435244e-08,0,0.4290718802585354,available
da-test-002100,0,5.188065882250139e-08,0,0.4290718802585354,available
da-test-002101,0,4.830511663173249e-08,0,0.4290718802585354,available
da-test-002102,0,0.0002801242734659192,0,0.4290718802585354,available
da-test-002103,0,1.9081261023638968e-07,0,0.4290718802585354,available
da-test-002104,0,2.701940088565134e-08,0,0.4290718802585354,available
da-test-002105,0,3.274643698899426e-08,0,0.4290718802585354,available
da-test-002106,0,0.00024561025229218573,0,0.4290718802585354,available
da-test-002107,0,2.2829286350423645e-08,0,0.4290718802585354,available
da-test-002108,0,2.84406338919893e-08,0,0.4290718802585354,available
da-test-002109,1,0.9921511717561701,1,0.4290718802585354,available
da-test-002110,0,0.006440058215413939,0,0.4290718802585354,available
da-test-002111,1,0.9960821754718315,1,0.4290718802585354,available
da-test-002112,0,2.6009792902251335e-08,0,0.4290718802585354,available
da-test-002113,0,0.0002910758314850829,0,0.4290718802585354,available
da-test-002114,1,0.9863571268384184,1,0.4290718802585354,available
da-test-002115,0,0.043639040630760975,0,0.4290718802585354,available
da-test-002116,0,2.640735899656208e-08,0,0.4290718802585354,available
da-test-002117,0,3.708394416799671e-08,0,0.4290718802585354,available
da-test-002118,0,0.0001670740421636298,0,0.4290718802585354,available
da-test-002119,0,3.274643698899426e-08,0,0.4290718802585354,available
da-test-002120,1,0.9935015652851376,1,0.4290718802585354,available
da-test-002121,0,1.6706621092628317e-08,0,0.4290718802585354,available
da-test-002122,0,2.1262061792044956e-08,0,0.4290718802585354,available
da-test-002123,0,2.213579967112721e-08,0,0.4290718802585354,available
da-test-002124,0,2.1670219424405062e-05,0,0.4290718802585354,available
da-test-002125,0,0.04098456475130088,0,0.4290718802585354,available
da-test-002126,0,9.138157401820738e-08,0,0.4290718802585354,available
da-test-002127,0,0.0008705026221404915,0,0.4290718802585354,available
da-test-002128,1,0.911306332449697,1,0.4290718802585354,available
da-test-002129,0,2.84406338919893e-08,0,0.4290718802585354,available
da-test-002130,0,2.701940088565134e-08,0,0.4290718802585354,available
da-test-002131,0,2.109312137253347e-08,0,0.4290718802585354,available
da-test-002132,1,0.6531589314520281,1,0.4290718802585354,available
da-test-002133,0,0.00024125776316399777,0,0.4290718802585354,available
da-test-002134,0,2.9205590749893414e-08,0,0.4290718802585354,available
da-test-002135,0,1.713644476875417e-08,0,0.4290718802585354,available
da-test-002136,0,2.6713434740516825e-08,0,0.4290718802585354,available
da-test-002137,0,4.23835798089019e-08,0,0.4290718802585354,available
da-test-002138,0,2.3217920329432842e-08,0,0.4290718802585354,available
da-test-002139,0,2.6411797518606262e-08,0,0.4290718802585354,available
da-test-002140,1,0.993486812071692,1,0.4290718802585354,available
da-test-002141,0,6.94390042555847e-08,0,0.4290718802585354,available
da-test-002142,1,0.9959272707081015,1,0.4290718802585354,available
da-test-002143,0,2.9552854288587136e-08,0,0.4290718802585354,available
da-test-002144,0,3.626441926843519e-08,0,0.4290718802585354,available
da-test-002145,0,2.040009599751614e-08,0,0.4290718802585354,available
da-test-002146,0,1.3899426025201367e-06,0,0.4290718802585354,available
da-test-002147,0,2.6562650227087265e-08,0,0.4290718802585354,available
da-test-002148,1,0.9586628013082172,1,0.4290718802585354,available
da-test-002149,0,3.280815275684362e-08,0,0.4290718802585354,available
da-test-002150,0,2.5658638389936222e-08,0,0.4290718802585354,available
da-test-002151,0,2.6584463770749422e-08,0,0.4290718802585354,available
da-test-002152,1,0.9905310856568622,1,0.4290718802585354,available
da-test-002153,0,2.7351783185418307e-08,0,0.4290718802585354,available
da-test-002154,0,1.6525414881250485e-07,0,0.4290718802585354,available
da-test-002155,0,3.2645018952420076e-08,0,0.4290718802585354,available
da-test-002156,0,1.86018421920814e-08,0,0.4290718802585354,available
da-test-002157,1,0.9923257948303654,1,0.4290718802585354,available
da-test-002158,0,4.687825555790881e-08,0,0.4290718802585354,available
da-test-002159,0,0.0027088073040017323,0,0.4290718802585354,available
da-test-002160,0,2.4970318907952645e-08,0,0.4290718802585354,available
da-test-002161,1,0.9921511717561701,1,0.4290718802585354,available
da-test-002162,0,3.301142003217774e-08,0,0.4290718802585354,available
da-test-002163,0,2.7802984744844493e-08,0,0.4290718802585354,available
da-test-002164,0,2.4380076937091967e-08,0,0.4290718802585354,available
da-test-002165,0,2.3717263755782674e-08,0,0.4290718802585354,available
da-test-002166,0,0.0008267165561895672,0,0.4290718802585354,available
da-test-002167,0,1.618229615091315e-08,0,0.4290718802585354,available
da-test-002168,0,2.84406338919893e-08,0,0.4290718802585354,available
da-test-002169,0,4.5188412132675263e-08,0,0.4290718802585354,available
da-test-002170,0,8.376858896975998e-08,0,0.4290718802585354,available
da-test-002171,0,2.0572811219542897e-08,0,0.4290718802585354,available
da-test-002172,0,2.84406338919893e-08,0,0.4290718802585354,available
da-test-002173,0,2.1846137809691427e-08,0,0.4290718802585354,available
da-test-002174,0,2.4943353020316188e-08,0,0.4290718802585354,available
da-test-002175,0,1.6706621092628317e-08,0,0.4290718802585354,available
da-test-002176,0,0.023978974355150937,0,0.4290718802585354,available
da-test-002177,1,0.9900227610844188,1,0.4290718802585354,available
da-test-002178,0,0.00032414153395371144,0,0.4290718802585354,available
da-test-002179,1,0.9921511717561701,1,0.4290718802585354,available
da-test-002180,0,2.271877739051084e-06,0,0.4290718802585354,available
da-test-002181,1,0.9933267435911065,1,0.4290718802585354,available
da-test-002182,1,0.9870113400057947,1,0.4290718802585354,available
da-test-002183,0,0.0001788910406030691,0,0.4290718802585354,available
da-test-002184,1,0.9924432778362954,1,0.4290718802585354,available
da-test-002185,0,5.1379380914412144e-08,0,0.4290718802585354,available
da-test-002186,0,2.7461682110413348e-08,0,0.4290718802585354,available
da-test-002187,0,8.149362238702834e-08,0,0.4290718802585354,available
da-test-002188,0,2.1702455185524426e-07,0,0.4290718802585354,available
da-test-002189,0,2.5889445623858037e-08,0,0.4290718802585354,available
da-test-002190,0,0.0006506658238371376,0,0.4290718802585354,available
da-test-002191,0,3.274643698899426e-08,0,0.4290718802585354,available
da-test-002192,0,8.677155514317275e-08,0,0.4290718802585354,available
da-test-002193,0,2.3653980970111445e-08,0,0.4290718802585354,available
da-test-002194,0,1.8119578823492867e-08,0,0.4290718802585354,available
da-test-002195,0,3.274643698899426e-08,0,0.4290718802585354,available
da-test-002196,0,4.958863519378334e-08,0,0.4290718802585354,available
da-test-002197,0,0.00018065320085525684,0,0.4290718802585354,available
da-test-002198,0,1.459150680135107e-08,0,0.4290718802585354,available
da-test-002199,1,0.9879843579367575,1,0.4290718802585354,available
da-test-002200,0,2.3284128425636302e-08,0,0.4290718802585354,available
da-test-002201,0,4.9984850179710784e-08,0,0.4290718802585354,available
da-test-002202,0,0.0006094792874489236,0,0.4290718802585354,available
da-test-002203,0,8.713805751446448e-08,0,0.4290718802585354,available
da-test-002204,0,1.4171558337071888e-06,0,0.4290718802585354,available
da-test-002205,0,0.001182948105875345,0,0.4290718802585354,available
da-test-002206,0,3.9664984879413706e-08,0,0.4290718802585354,available
da-test-002207,0,3.351871765815973e-08,0,0.4290718802585354,available
da-test-002208,0,2.3199856621794843e-05,0,0.4290718802585354,available
da-test-002209,0,2.4753649671428146e-08,0,0.4290718802585354,available
da-test-002210,0,2.0838285543144713e-08,0,0.4290718802585354,available
da-test-002211,0,2.1866796823825093e-08,0,0.4290718802585354,available
da-test-002212,0,3.106753259166996e-08,0,0.4290718802585354,available
da-test-002213,0,0.0002846011666627422,0,0.4290718802585354,available
da-test-002214,1,0.9959272707081015,1,0.4290718802585354,available
da-test-002215,0,0.03140163847281737,0,0.4290718802585354,available
da-test-002216,0,0.0033671474129363652,0,0.4290718802585354,available
da-test-002217,0,2.9833757368682525e-08,0,0.4290718802585354,available
da-test-002218,0,3.5872508535173814e-08,0,0.4290718802585354,available
da-test-002219,0,2.1268732492072383e-08,0,0.4290718802585354,available
da-test-002220,0,2.2215667363173035e-07,0,0.4290718802585354,available
da-test-002221,0,2.1935752369862855e-08,0,0.4290718802585354,available
da-test-002222,1,0.993169628345957,1,0.4290718802585354,available
da-test-002223,0,2.701940088565134e-08,0,0.4290718802585354,available
da-test-002224,0,6.346741664074086e-08,0,0.4290718802585354,available
da-test-002225,0,0.0003984385034066441,0,0.4290718802585354,available
da-test-002226,0,2.8354875144003054e-08,0,0.4290718802585354,available
da-test-002227,0,1.3109034278634787e-05,0,0.4290718802585354,available
da-test-002228,0,0.00042967333228707366,0,0.4290718802585354,available
da-test-002229,0,5.50715155993243e-08,0,0.4290718802585354,available
da-test-002230,0,3.132079927419397e-08,0,0.4290718802585354,available
da-test-002231,0,1.6962254585504585e-07,0,0.4290718802585354,available
da-test-002232,0,4.141954791563803e-08,0,0.4290718802585354,available
da-test-002233,0,3.546136521410832e-08,0,0.4290718802585354,available
da-test-002234,0,7.562588883829764e-08,0,0.4290718802585354,available
da-test-002235,0,4.2641368674411526e-08,0,0.4290718802585354,available
da-test-002236,1,0.9921511717561701,1,0.4290718802585354,available
da-test-002237,0,3.6668635481287775e-08,0,0.4290718802585354,available
da-test-002238,0,4.687825555790881e-08,0,0.4290718802585354,available
da-test-002239,0,8.55761875526689e-08,0,0.4290718802585354,available
da-test-002240,0,3.253175819339728e-05,0,0.4290718802585354,available
da-test-002241,0,5.360915176329631e-08,0,0.4290718802585354,available
da-test-002242,1,0.9959272707081015,1,0.4290718802585354,available
da-test-002243,0,2.7713960197340382e-08,0,0.4290718802585354,available
da-test-002244,0,0.012600486758647483,0,0.4290718802585354,available
da-test-002245,1,0.871542040010299,1,0.4290718802585354,available
da-test-002246,0,2.6156630219275203e-08,0,0.4290718802585354,available
da-test-002247,0,3.183104889997312e-08,0,0.4290718802585354,available
da-test-002248,0,8.325964475447848e-08,0,0.4290718802585354,available
da-test-002249,0,2.827961619306896e-08,0,0.4290718802585354,available
da-test-002250,0,1.7804535084781712e-08,0,0.4290718802585354,available
da-test-002251,0,1.8777886868804203e-08,0,0.4290718802585354,available
da-test-002252,0,3.004064265034494e-07,0,0.4290718802585354,available
da-test-002253,0,1.4462177954285471e-05,0,0.4290718802585354,available
da-test-002254,0,1.4992860853716765e-07,0,0.4290718802585354,available
da-test-002255,0,2.690189737388425e-08,0,0.4290718802585354,available
da-test-002256,1,0.9921511717561701,1,0.4290718802585354,available
da-test-002257,0,7.556116368098632e-08,0,0.4290718802585354,available
da-test-002258,1,0.9960821754718315,1,0.4290718802585354,available
da-test-002259,1,0.9959272707081015,1,0.4290718802585354,available
da-test-002260,0,4.0766026894074905e-08,0,0.4290718802585354,available
da-test-002261,0,0.0006683588396728383,0,0.4290718802585354,available
da-test-002262,0,2.3001458578169383e-08,0,0.4290718802585354,available
da-test-002263,0,0.9855359051063096,1,0.4290718802585354,available
da-test-002264,0,4.423681964958759e-08,0,0.4290718802585354,available
da-test-002265,0,4.003761429584972e-08,0,0.4290718802585354,available
da-test-002266,0,2.6109686142671883e-08,0,0.4290718802585354,available
da-test-002267,0,3.4027043290190955e-08,0,0.4290718802585354,available
da-test-002268,0,0.0004080427714305355,0,0.4290718802585354,available
da-test-002269,0,2.9989589085848695e-07,0,0.4290718802585354,available
da-test-002270,0,2.4410475457554338e-08,0,0.4290718802585354,available
da-test-002271,0,3.540366226109647e-08,0,0.4290718802585354,available
da-test-002272,0,2.2921407462343565e-08,0,0.4290718802585354,available
da-test-002273,0,2.8529439351482464e-08,0,0.4290718802585354,available
da-test-002274,0,0.8641234322820797,1,0.4290718802585354,available
da-test-002275,0,2.3645404507840123e-08,0,0.4290718802585354,available
da-test-002276,0,2.163168642504277e-08,0,0.4290718802585354,available
da-test-002277,0,3.4027043290190955e-08,0,0.4290718802585354,available
da-test-002278,0,4.875214879411563e-08,0,0.4290718802585354,available
da-test-002279,0,2.49843305910291e-08,0,0.4290718802585354,available
da-test-002280,0,0.0002694308251197151,0,0.4290718802585354,available
da-test-002281,1,0.9844503393523456,1,0.4290718802585354,available
da-test-002282,0,0.00010064589347680923,0,0.4290718802585354,available
da-test-002283,0,0.000246090003486449,0,0.4290718802585354,available
da-test-002284,1,0.9923257948303654,1,0.4290718802585354,available
da-test-002285,0,1.8186808809809314e-08,0,0.4290718802585354,available
da-test-002286,0,4.363067113797224e-08,0,0.4290718802585354,available
da-test-002287,0,3.6128757697526316e-08,0,0.4290718802585354,available
da-test-002288,0,3.358036343222612e-08,0,0.4290718802585354,available
da-test-002289,0,3.4027043290190955e-08,0,0.4290718802585354,available
da-test-002290,0,1.0439550789231054e-07,0,0.4290718802585354,available
da-test-002291,0,2.84406338919893e-08,0,0.4290718802585354,available
da-test-002292,1,0.9775048868157719,1,0.4290718802585354,available
da-test-002293,0,0.00010064589347680923,0,0.4290718802585354,available
da-test-002294,0,4.658284452497027e-08,0,0.4290718802585354,available
da-test-002295,0,2.4970318907952645e-08,0,0.4290718802585354,available
da-test-002296,0,3.049631516137116e-08,0,0.4290718802585354,available
da-test-002297,0,3.4027043290190955e-08,0,0.4290718802585354,available
da-test-002298,0,8.658488958536262e-08,0,0.4290718802585354,available
da-test-002299,1,0.9959272707081015,1,0.4290718802585354,available
da-test-002300,0,1.713644476875417e-08,0,0.4290718802585354,available
da-test-002301,1,0.9905310856568622,1,0.4290718802585354,available
da-test-002302,0,0.00025322163631626377,0,0.4290718802585354,available
da-test-002303,1,0.9921511717561701,1,0.4290718802585354,available
da-test-002304,0,2.2425460839652562e-08,0,0.4290718802585354,available
da-test-002305,1,0.9874940544261366,1,0.4290718802585354,available
da-test-002306,0,3.7305451364482435e-07,0,0.4290718802585354,available
da-test-002307,0,1.8077578212617362e-08,0,0.4290718802585354,available
da-test-002308,0,3.741391120478302e-08,0,0.4290718802585354,available
da-test-002309,0,2.5889445623858037e-08,0,0.4290718802585354,available
da-test-002310,0,3.3630684878654815e-08,0,0.4290718802585354,available
da-test-002311,0,0.00016568574541163712,0,0.4290718802585354,available
da-test-002312,1,0.9921511717561701,1,0.4290718802585354,available
da-test-002313,0,0.00037005896396974933,0,0.4290718802585354,available
da-test-002314,0,5.455653374878612e-08,0,0.4290718802585354,available
da-test-002315,0,2.2963434779225307e-08,0,0.4290718802585354,available
da-test-002316,0,8.058203558922412e-08,0,0.4290718802585354,available
da-test-002317,0,1.6962254585504585e-07,0,0.4290718802585354,available
da-test-002318,0,2.5889445623858037e-08,0,0.4290718802585354,available
da-test-002319,0,2.3790949092979655e-08,0,0.4290718802585354,available
da-test-002320,0,3.563594182775756e-08,0,0.4290718802585354,available
da-test-002321,1,0.9921511717561701,1,0.4290718802585354,available
da-test-002322,1,0.9925804615897182,1,0.4290718802585354,available
da-test-002323,0,7.005918501191872e-08,0,0.4290718802585354,available
da-test-002324,0,7.169171429196327e-08,0,0.4290718802585354,available
da-test-002325,0,1.6265539166612586e-07,0,0.4290718802585354,available
da-test-002326,0,3.959592528017043e-08,0,0.4290718802585354,available
da-test-002327,0,2.363910920551192e-08,0,0.4290718802585354,available
da-test-002328,0,7.494868604414195e-06,0,0.4290718802585354,available
da-test-002329,0,0.0005732001069695703,0,0.4290718802585354,available
da-test-002330,1,0.9959272707081015,1,0.4290718802585354,available
da-test-002331,1,0.9959272707081015,1,0.4290718802585354,available
da-test-002332,1,0.9914828639187647,1,0.4290718802585354,available
da-test-002333,1,0.9923257948303654,1,0.4290718802585354,available
da-test-002334,0,1.8814742457119674e-08,0,0.4290718802585354,available
da-test-002335,0,2.9973718351099413e-07,0,0.4290718802585354,available
da-test-002336,0,2.527467042746142e-08,0,0.4290718802585354,available
da-test-002337,1,0.9923257948303654,1,0.4290718802585354,available
da-test-002338,0,1.40652873252339e-07,0,0.4290718802585354,available
da-test-002339,0,3.0767501264900784e-08,0,0.4290718802585354,available
da-test-002340,0,3.184651639505571e-08,0,0.4290718802585354,available
da-test-002341,0,2.4568055172216594e-08,0,0.4290718802585354,available
da-test-002342,0,2.4970318907952645e-08,0,0.4290718802585354,available
da-test-002343,0,1.004772152882179e-07,0,0.4290718802585354,available
da-test-002344,0,0.00012420351675585735,0,0.4290718802585354,available
da-test-002345,1,0.9918065104097366,1,0.4290718802585354,available
da-test-002346,0,1.6962254585504585e-07,0,0.4290718802585354,available
da-test-002347,0,4.118662032932263e-08,0,0.4290718802585354,available
da-test-002348,0,5.608187071487837e-08,0,0.4290718802585354,available
da-test-002349,0,0.001929163552394682,0,0.4290718802585354,available
da-test-002350,0,1.1186787809915679e-07,0,0.4290718802585354,available
da-test-002351,0,6.000467721919285e-08,0,0.4290718802585354,available
da-test-002352,1,0.9931231887120455,1,0.4290718802585354,available
da-test-002353,0,1.9185493521645328e-08,0,0.4290718802585354,available
da-test-002354,0,0.0003662802722696572,0,0.4290718802585354,available
da-test-002355,0,9.669575988232252e-08,0,0.4290718802585354,available
da-test-002356,0,2.3413475417166676e-08,0,0.4290718802585354,available
da-test-002357,0,2.6976752100049038e-08,0,0.4290718802585354,available
da-test-002358,1,0.9960182191681994,1,0.4290718802585354,available
da-test-002359,0,5.727974958663228e-08,0,0.4290718802585354,available
da-test-002360,0,2.8118810808328307e-08,0,0.4290718802585354,available
da-test-002361,0,2.0942697848194987e-07,0,0.4290718802585354,available
da-test-002362,0,2.3920059760866748e-08,0,0.4290718802585354,available
da-test-002363,0,0.00038069328041603505,0,0.4290718802585354,available
da-test-002364,0,9.011457565537798e-08,0,0.4290718802585354,available
da-test-002365,0,3.0767501264900784e-08,0,0.4290718802585354,available
da-test-002366,0,3.101816203080855e-08,0,0.4290718802585354,available
da-test-002367,0,2.181235581530353e-05,0,0.4290718802585354,available
da-test-002368,0,4.757421485024573e-08,0,0.4290718802585354,available
da-test-002369,0,6.626557240656637e-08,0,0.4290718802585354,available
da-test-002370,0,1.4747151942664911e-05,0,0.4290718802585354,available
da-test-002371,1,0.9959272707081015,1,0.4290718802585354,available
da-test-002372,0,0.00022232044619024418,0,0.4290718802585354,available
da-test-002373,1,0.9960821754718315,1,0.4290718802585354,available
da-test-002374,0,0.5005860049091543,1,0.4290718802585354,available
da-test-002375,0,3.4391722737260546e-08,0,0.4290718802585354,available
da-test-002376,0,3.027961059650913e-08,0,0.4290718802585354,available
da-test-002377,1,0.9942803723206112,1,0.4290718802585354,available
da-test-002378,0,0.0005485175491345396,0,0.4290718802585354,available
da-test-002379,0,1.8992367385054832e-08,0,0.4290718802585354,available
da-test-002380,0,3.491350891432464e-08,0,0.4290718802585354,available
da-test-002381,1,0.9918863858174795,1,0.4290718802585354,available
da-test-002382,0,0.00030088659605227713,0,0.4290718802585354,available
da-test-002383,0,0.00017197518327419665,0,0.4290718802585354,available
da-test-002384,0,2.6480257580487195e-08,0,0.4290718802585354,available
da-test-002385,1,0.9959272707081015,1,0.4290718802585354,available
da-test-002386,1,0.9959272707081015,1,0.4290718802585354,available
da-test-002387,0,5.834371111431581e-08,0,0.4290718802585354,available
da-test-002388,0,3.201225020506143e-08,0,0.4290718802585354,available
da-test-002389,0,5.360915176329631e-08,0,0.4290718802585354,available
da-test-002390,0,0.004780760478914257,0,0.4290718802585354,available
da-test-002391,0,2.6615069832156547e-08,0,0.4290718802585354,available
da-test-002392,0,3.9178607351486096e-08,0,0.4290718802585354,available
da-test-002393,0,2.5658638389936222e-08,0,0.4290718802585354,available
da-test-002394,0,0.0004793424490931501,0,0.4290718802585354,available
da-test-002395,0,5.414679420867165e-07,0,0.4290718802585354,available
da-test-002396,0,3.027961059650913e-08,0,0.4290718802585354,available
da-test-002397,0,3.575041066203253e-06,0,0.4290718802585354,available
da-test-002398,1,0.9918083023658522,1,0.4290718802585354,available
da-test-002399,0,1.6781299396738658e-07,0,0.4290718802585354,available
da-test-002400,0,3.491350891432464e-08,0,0.4290718802585354,available
da-test-002401,0,2.0258851471694512e-08,0,0.4290718802585354,available
da-test-002402,0,2.2835482047160214e-08,0,0.4290718802585354,available
da-test-002403,1,0.9955527583134149,1,0.4290718802585354,available
da-test-002404,0,4.219742338057638e-08,0,0.4290718802585354,available
da-test-002405,1,0.9972147280140141,1,0.4290718802585354,available
da-test-002406,0,0.00025281217552207197,0,0.4290718802585354,available
da-test-002407,0,0.008847603933197043,0,0.4290718802585354,available
da-test-002408,0,6.182670076973629e-08,0,0.4290718802585354,available
da-test-002409,0,2.665572393771224e-08,0,0.4290718802585354,available
da-test-002410,0,3.101816203080855e-08,0,0.4290718802585354,available
da-test-002411,0,0.00018353477003001342,0,0.4290718802585354,available
da-test-002412,0,1.981055310430271e-08,0,0.4290718802585354,available
da-test-002413,0,2.0468284655627982e-08,0,0.4290718802585354,available
da-test-002414,0,1.5965307877842096e-08,0,0.4290718802585354,available
da-test-002415,0,3.6810596472205385e-08,0,0.4290718802585354,available
da-test-002416,1,0.7357015603863548,1,0.4290718802585354,available
da-test-002417,1,0.9959272707081015,1,0.4290718802585354,available
da-test-002418,1,0.9941499625791842,1,0.4290718802585354,available
da-test-002419,0,0.0005808944357570939,0,0.4290718802585354,available
da-test-002420,0,0.0002259098711569515,0,0.4290718802585354,available
da-test-002421,0,2.819899300398892e-08,0,0.4290718802585354,available
da-test-002422,0,1.8590020861468066e-08,0,0.4290718802585354,available
da-test-002423,0,0.0008373111887648284,0,0.4290718802585354,available
da-test-002424,0,1.6740289303924668e-07,0,0.4290718802585354,available
da-test-002425,0,2.1116199971128054e-08,0,0.4290718802585354,available
da-test-002426,1,0.9857677108429078,1,0.4290718802585354,available
da-test-002427,0,3.9333559152938914e-08,0,0.4290718802585354,available
da-test-002428,0,0.0006391062082269973,0,0.4290718802585354,available
da-test-002429,0,2.0554743665619843e-08,0,0.4290718802585354,available
da-test-002430,1,0.9921511717561701,1,0.4290718802585354,available
da-test-002431,0,2.564161857290478e-08,0,0.4290718802585354,available
da-test-002432,0,1.9028467212006368e-08,0,0.4290718802585354,available
da-test-002433,0,1.7321571264747136e-08,0,0.4290718802585354,available
da-test-002434,1,0.9960821754718315,1,0.4290718802585354,available
da-test-002435,0,3.3630684878654815e-08,0,0.4290718802585354,available
da-test-002436,1,0.9923257948303654,1,0.4290718802585354,available
da-test-002437,0,0.060976642579205625,0,0.4290718802585354,available
da-test-002438,0,2.911136798980218e-08,0,0.4290718802585354,available
da-test-002439,0,3.109615933384155e-08,0,0.4290718802585354,available
da-test-002440,0,1.7321571264747136e-08,0,0.4290718802585354,available
da-test-002441,1,0.9959272707081015,1,0.4290718802585354,available
da-test-002442,0,3.3508603925065475e-08,0,0.4290718802585354,available
da-test-002443,0,1.6962254585504585e-07,0,0.4290718802585354,available
da-test-002444,0,2.3567104625825712e-08,0,0.4290718802585354,available
da-test-002445,0,0.0038070518487571476,0,0.4290718802585354,available
da-test-002446,0,3.897877239125105e-08,0,0.4290718802585354,available
da-test-002447,0,2.980920696392373e-08,0,0.4290718802585354,available
da-test-002448,0,2.301982933850898e-08,0,0.4290718802585354,available
da-test-002449,0,7.621231950159905e-08,0,0.4290718802585354,available
da-test-002450,0,0.00027883853690708016,0,0.4290718802585354,available
da-test-002451,1,0.9960182191681994,1,0.4290718802585354,available
da-test-002452,0,2.912646862772272e-08,0,0.4290718802585354,available
da-test-002453,1,0.7609180996163267,1,0.4290718802585354,available
da-test-002454,0,2.4300874616000575e-08,0,0.4290718802585354,available
da-test-002455,0,4.6645842690517584e-05,0,0.4290718802585354,available
da-test-002456,0,1.369449372708032e-08,0,0.4290718802585354,available
da-test-002457,0,9.723752062764188e-08,0,0.4290718802585354,available
da-test-002458,0,0.003617198372852616,0,0.4290718802585354,available
da-test-002459,0,5.998614115917766e-08,0,0.4290718802585354,available
da-test-002460,0,4.993250685106916e-08,0,0.4290718802585354,available
da-test-002461,0,0.0009152723318743045,0,0.4290718802585354,available
da-test-002462,1,0.9924486100726025,1,0.4290718802585354,available
da-test-002463,1,0.9960182191681994,1,0.4290718802585354,available
da-test-002464,0,6.334802740659009e-08,0,0.4290718802585354,available
da-test-002465,0,0.0011915480992009272,0,0.4290718802585354,available
da-test-002466,1,0.9889941980611443,1,0.4290718802585354,available
da-test-002467,0,2.5078921531840116e-08,0,0.4290718802585354,available
da-test-002468,1,0.9959272707081015,1,0.4290718802585354,available
da-test-002469,0,3.7704122167163643e-08,0,0.4290718802585354,available
da-test-002470,0,8.338928530588385e-08,0,0.4290718802585354,available
da-test-002471,1,0.9959272707081015,1,0.4290718802585354,available
da-test-002472,0,3.274643698899426e-08,0,0.4290718802585354,available
