pair_id,label,probability,prediction,threshold,status
wa-test-000000,0,0.03891577237755363,0,0.44951034673851326,available
wa-test-000001,0,0.004787769681111701,0,0.44951034673851326,available
wa-test-000002,0,0.00484472218868634,0,0.44951034673851326,available
wa-test-000003,0,0.1297895651345073,0,0.44951034673851326,available
wa-test-000004,0,0.012337418259588675,0,0.44951034673851326,available
wa-test-000005,0,0.006268015904194068,0,0.44951034673851326,available
wa-test-000006,0,0.00965260982790126,0,0.44951034673851326,available
wa-test-000007,1,0.032440213998127666,0,0.44951034673851326,available
wa-test-000008,0,0.014692451386945252,0,0.44951034673851326,available
wa-test-000009,1,0.8227141596460941,1,0.44951034673851326,available
wa-test-000010,0,0.002023168408349418,0,0.44951034673851326,available
wa-test-000011,0,0.0005651469722649781,0,0.44951034673851326,available
wa-test-000012,0,0.061004537722250174,0,0.44951034673851326,available
wa-test-000013,1,0.6996933064933492,1,0.44951034673851326,available
wa-test-000014,0,0.010676225003602914,0,0.44951034673851326,available
wa-test-000015,0,0.007974636693679666,0,0.44951034673851326,available
wa-test-000016,0,0.03483835082619367,0,0.44951034673851326,available
wa-test-000017,0,0.0008613503249927022,0,0.44951034673851326,available
wa-test-000018,0,0.755783667416629,1,0.44951034673851326,available
wa-test-000019,0,0.013110694187280574,0,0.44951034673851326,available
wa-test-000020,0,0.03401924354368982,0,0.44951034673851326,available
wa-test-000021,0,0.13325906402993856,0,0.44951034673851326,available
wa-test-000022,1,0.950807424330196,1,0.44951034673851326,available
wa-test-000023,0,0.050710454667209755,0,0.44951034673851326,available
wa-test-000024,0,0.2823140602606562,0,0.44951034673851326,available
wa-test-000025,0,0.028474631139487325,0,0.44951034673851326,available
wa-test-000026,0,0.11557145784895849,0,0.44951034673851326,available
wa-test-000027,0,0.011032341982954327,0,0.44951034673851326,available
wa-test-000028,0,0.010343503535292911,0,0.44951034673851326,available
wa-test-000029,0,0.007374101022518366,0,0.44951034673851326,available
wa-test-000030,0,0.007819073448226032,0,0.44951034673851326,available
wa-test-000031,0,0.006700782131856538,0,0.44951034673851326,available
wa-test-000032,0,0.014966374148208048,0,0.44951034673851326,available
wa-test-000033,0,0.204812045378995,0,0.44951034673851326,available
wa-test-000034,0,0.09221224917743341,0,0.44951034673851326,available
wa-test-000035,0,0.11928184862867243,0,0.44951034673851326,available
wa-test-000036,0,0.0020998760436489027,0,0.44951034673851326,available
wa-test-000037,0,0.23989733680328632,0,0.44951034673851326,available
wa-test-000038,0,0.004641219705126825,0,0.44951034673851326,available
wa-test-000039,0,0.027153150015325252,0,0.44951034673851326,available
wa-test-000040,0,0.011456322695274785,0,0.44951034673851326,available
wa-test-000041,0,0.0008841321336837386,0,0.44951034673851326,available
wa-test-000042,1,0.004830563777094709,0,0.44951034673851326,available
wa-test-000043,0,0.021970970189781305,0,0.44951034673851326,available
wa-test-000044,0,0.0020184627386407947,0,0.44951034673851326,available
wa-test-000045,0,0.0672922505320825,0,0.44951034673851326,available
wa-test-000046,0,0.006219608138670591,0,0.44951034673851326,available
wa-test-000047,0,0.0006564550176884365,0,0.44951034673851326,available
wa-test-000048,0,0.0015314933684936396,0,0.44951034673851326,available
wa-test-000049,0,0.001992100740438077,0,0.44951034673851326,available
wa-test-000050,0,0.015841018344403324,0,0.44951034673851326,available
wa-test-000051,0,0.010676763235732105,0,0.44951034673851326,available
wa-test-000052,0,0.0042744419160323805,0,0.44951034673851326,available
wa-test-000053,0,0.9262084555687207,1,0.44951034673851326,available
wa-test-000054,0,0.005582867854198219,0,0.44951034673851326,available
wa-test-000055,0,0.02998758039043915,0,0.44951034673851326,available
wa-test-000056,0,0.001682153260188252,0,0.44951034673851326,available
wa-test-000057,0,0.6847541384323887,1,0.44951034673851326,available
wa-test-000058,0,0.00037090149379542066,0,0.44951034673851326,available
wa-test-000059,0,0.013112666862018589,0,0.44951034673851326,available
wa-test-000060,0,0.009125886987175709,0,0.44951034673851326,available
wa-test-000061,0,0.017184435897482014,0,0.44951034673851326,available
wa-test-000062,0,0.06323963909904973,0,0.44951034673851326,available
wa-test-000063,0,0.004203723592086389,0,0.44951034673851326,available
wa-test-000064,0,0.06478967109850946,0,0.44951034673851326,available
wa-test-000065,0,0.020908629188517807,0,0.44951034673851326,available
wa-test-000066,0,0.006826709277959761,0,0.44951034673851326,available
wa-test-000067,0,0.002367463236254469,0,0.44951034673851326,available
wa-test-000068,0,0.006629943551172065,0,0.44951034673851326,available
wa-test-000069,0,0.0017107986460062833,0,0.44951034673851326,available
wa-test-000070,0,0.00393730339757386,0,0.44951034673851326,available
wa-test-000071,0,0.06753043775951825,0,0.44951034673851326,available
wa-test-000072,0,0.5362453559091552,1,0.44951034673851326,available
wa-test-000073,0,0.03734264673726398,0,0.44951034673851326,available
wa-test-000074,0,0.0019609024650041984,0,0.44951034673851326,available
wa-test-000075,0,0.06478967109850946,0,0.44951034673851326,available
wa-test-000076,0,0.0293304105433131,0,0.44951034673851326,available
wa-test-000077,0,0.0034248982099777934,0,0.44951034673851326,available
wa-test-000078,0,0.02238576434747051,0,0.44951034673851326,available
wa-test-000079,0,0.01759219408104575,0,0.44951034673851326,available
wa-test-000080,0,0.04658841852781005,0,0.44951034673851326,available
wa-test-000081,0,0.018298647172742367,0,0.44951034673851326,available
wa-test-000082,0,0.0032390859807873195,0,0.44951034673851326,available
wa-test-000083,0,0.001331110812345141,0,0.44951034673851326,available
wa-test-000084,0,0.002163072926745879,0,0.44951034673851326,available
wa-test-000085,0,0.008422711994532655,0,0.44951034673851326,available
wa-test-000086,1,0.14049241342850888,0,0.44951034673851326,available
wa-test-000087,0,0.0006703330361540128,0,0.44951034673851326,available
wa-test-000088,0,0.004688024883338441,0,0.44951034673851326,available
wa-test-000089,0,0.0033388009372367646,0,0.44951034673851326,available
wa-test-000090,0,0.0094904805270156,0,0.44951034673851326,available
wa-test-000091,1,0.19737755997905657,0,0.44951034673851326,available
wa-test-000092,0,0.005442879842024319,0,0.44951034673851326,available
wa-test-000093,0,0.012492097025627525,0,0.44951034673851326,available
wa-test-000094,0,0.0034529275829747333,0,0.44951034673851326,available
wa-test-000095,0,0.04767932785902623,0,0.44951034673851326,available
wa-test-000096,0,0.015056921144673501,0,0.44951034673851326,available
wa-test-000097,0,0.21850823020706014,0,0.44951034673851326,available
wa-test-000098,0,0.0023779258048248013,0,0.44951034673851326,available
wa-test-000099,0,0.011023371935201975,0,0.44951034673851326,available
wa-test-000100,0,0.09211457355861748,0,0.44951034673851326,available
wa-test-000101,0,0.009753378031092604,0,0.44951034673851326,available
wa-test-000102,0,0.004377718299423973,0,0.44951034673851326,available
wa-test-000103,0,0.20503263700593383,0,0.44951034673851326,available
wa-test-000104,0,0.002362073359952089,0,0.44951034673851326,available
wa-test-000105,0,0.02011800438308684,0,0.44951034673851326,available
wa-test-000106,0,0.03221429910408094,0,0.44951034673851326,available
wa-test-000107,0,0.006713326714939095,0,0.44951034673851326,available
wa-test-000108,0,0.006912012192841595,0,0.44951034673851326,available
wa-test-000109,0,0.000727363228300894,0,0.44951034673851326,available
wa-test-000110,0,0.1957460847530287,0,0.44951034673851326,available
wa-test-000111,0,0.0012286751669019532,0,0.44951034673851326,available
wa-test-000112,0,0.0007355336422907756,0,0.44951034673851326,available
wa-test-000113,0,0.030306547835524243,0,0.44951034673851326,available
wa-test-000114,0,0.0048310031581891896,0,0.44951034673851326,available
wa-test-000115,0,0.003597344881088245,0,0.44951034673851326,available
wa-test-000116,0,0.018096439029740036,0,0.44951034673851326,available
wa-test-000117,1,0.018385824294225975,0,0.44951034673851326,available
wa-test-000118,0,0.001529614581551954,0,0.44951034673851326,available
wa-test-000119,1,0.6433869853543209,1,0.44951034673851326,available
wa-test-000120,0,0.0003596148916485442,0,0.44951034673851326,available
wa-test-000121,0,0.02590883683223287,0,0.44951034673851326,available
wa-test-000122,0,0.03734264673726398,0,0.44951034673851326,available
wa-test-000123,0,0.2600317122207519,0,0.44951034673851326,available
wa-test-000124,0,0.000726260808053168,0,0.44951034673851326,available
wa-test-000125,0,0.04123518602682258,0,0.44951034673851326,available
wa-test-000126,1,0.015150644954525075,0,0.44951034673851326,available
wa-test-000127,0,0.00010220328143122594,0,0.44951034673851326,available
wa-test-000128,0,0.03604673079597737,0,0.44951034673851326,available
wa-test-000129,0,0.04139291241546592,0,0.44951034673851326,available
wa-test-000130,0,0.16669363738915868,0,0.44951034673851326,available
wa-test-000131,0,0.006252595640356085,0,0.44951034673851326,available
wa-test-000132,0,0.007374876711409073,0,0.44951034673851326,available
wa-test-000133,0,0.030306547835524243,0,0.44951034673851326,available
wa-test-000134,0,0.07758938547735926,0,0.44951034673851326,available
wa-test-000135,0,0.063638454905302,0,0.44951034673851326,available
wa-test-000136,0,0.00683853056281425,0,0.44951034673851326,available
wa-test-000137,0,0.004113655807337955,0,0.44951034673851326,available
wa-test-000138,1,0.9764795122469697,1,0.44951034673851326,available
wa-test-000139,0,0.0019970108978449,0,0.44951034673851326,available
wa-test-000140,0,0.032794753827601046,0,0.44951034673851326,available
wa-test-000141,0,0.010515329299726197,0,0.44951034673851326,available
wa-test-000142,0,0.013340329309018729,0,0.44951034673851326,available
wa-test-000143,0,0.011314025591381293,0,0.44951034673851326,available
wa-test-000144,0,0.006215792669277779,0,0.44951034673851326,available
wa-test-000145,0,0.011273351534627255,0,0.44951034673851326,available
wa-test-000146,1,0.9962241667791409,1,0.44951034673851326,available
wa-test-000147,0,0.022259828513278495,0,0.44951034673851326,available
wa-test-000148,0,0.06844714124837949,0,0.44951034673851326,available
wa-test-000149,0,0.04256787384802149,0,0.44951034673851326,available
wa-test-000150,0,0.07635072585304307,0,0.44951034673851326,available
wa-test-000151,0,0.011644801532628871,0,0.44951034673851326,available
wa-test-000152,0,0.0013122001183012073,0,0.44951034673851326,available
wa-test-000153,0,0.01354291275447054,0,0.44951034673851326,available
wa-test-000154,0,0.0010202435019602259,0,0.44951034673851326,available
wa-test-000155,0,0.022036889286308935,0,0.44951034673851326,available
wa-test-000156,0,0.06567536088543682,0,0.44951034673851326,available
wa-test-000157,0,0.14978272048147587,0,0.44951034673851326,available
wa-test-000158,1,0.7754899765051049,1,0.44951034673851326,available
wa-test-000159,0,0.02365459972563863,0,0.44951034673851326,available
wa-test-000160,0,0.0021594215307265147,0,0.44951034673851326,available
wa-test-000161,0,0.0023190525080085942,0,0.44951034673851326,available
wa-test-000162,0,0.004255789513219,0,0.44951034673851326,available
wa-test-000163,0,0.4931756008702892,1,0.44951034673851326,available
wa-test-000164,0,0.00014546789329602453,0,0.44951034673851326,available
wa-test-000165,1,0.9234563564368414,1,0.44951034673851326,available
wa-test-000166,1,0.724602713810095,1,0.44951034673851326,available
wa-test-000167,0,0.02381625927372478,0,0.44951034673851326,available
wa-test-000168,1,0.22452905698330644,0,0.44951034673851326,available
wa-test-000169,0,0.0033253713326791244,0,0.44951034673851326,available
wa-test-000170,0,0.009832556802150548,0,0.44951034673851326,available
wa-test-000171,0,0.10825244731450136,0,0.44951034673851326,available
wa-test-000172,0,8.934583899749205e-05,0,0.44951034673851326,available
wa-test-000173,0,0.1297895651345073,0,0.44951034673851326,available
wa-test-000174,0,0.5197474636481766,1,0.44951034673851326,available
wa-test-000175,0,0.17435989316194953,0,0.44951034673851326,available
wa-test-000176,0,0.01972408612150335,0,0.44951034673851326,available
wa-test-000177,0,0.905495335706058,1,0.44951034673851326,available
wa-test-000178,0,0.002474902017409677,0,0.44951034673851326,available
wa-test-000179,0,0.02566762306311836,0,0.44951034673851326,available
wa-test-000180,0,0.04455381520409854,0,0.44951034673851326,available
wa-test-000181,0,0.008450227312487095,0,0.44951034673851326,available
wa-test-000182,0,0.09931809913173834,0,0.44951034673851326,available
wa-test-000183,0,0.0010811525417411445,0,0.44951034673851326,available
wa-test-000184,0,0.0428030111313028,0,0.44951034673851326,available
wa-test-000185,0,0.0009038579888807966,0,0.44951034673851326,available
wa-test-000186,1,0.9076971767521357,1,0.44951034673851326,available
wa-test-000187,0,0.011052717202628376,0,0.44951034673851326,available
wa-test-000188,0,0.004906996752951182,0,0.44951034673851326,available
wa-test-000189,0,0.016673626201068565,0,0.44951034673851326,available
wa-test-000190,1,0.30203247039019887,0,0.44951034673851326,available
wa-test-000191,0,0.0013749047001523611,0,0.44951034673851326,available
wa-test-000192,1,0.5894730408781926,1,0.44951034673851326,available
wa-test-000193,0,0.027772420755179435,0,0.44951034673851326,available
wa-test-000194,0,0.006949089253683825,0,0.44951034673851326,available
wa-test-000195,0,0.0009590763905149668,0,0.44951034673851326,available
wa-test-000196,0,0.01849976073654344,0,0.44951034673851326,available
wa-test-000197,0,0.008508725550039667,0,0.44951034673851326,available
wa-test-000198,0,0.002684892504766848,0,0.44951034673851326,available
wa-test-000199,1,0.9613023905205877,1,0.44951034673851326,available
wa-test-000200,0,0.0012350483310119458,0,0.44951034673851326,available
wa-test-000201,0,0.001275678270660502,0,0.44951034673851326,available
wa-test-000202,0,0.0009024091117947569,0,0.44951034673851326,available
wa-test-000203,0,0.1189098781456384,0,0.44951034673851326,available
wa-test-000204,0,0.01319134472285579,0,0.44951034673851326,available
wa-test-000205,0,0.08856132118954327,0,0.44951034673851326,available
wa-test-000206,0,0.06259714221092,0,0.44951034673851326,available
wa-test-000207,0,0.029942443128650954,0,0.44951034673851326,available
wa-test-000208,0,0.0021164875206913336,0,0.44951034673851326,available
wa-test-000209,0,0.02161457488110156,0,0.44951034673851326,available
wa-test-000210,0,0.0017056323353144072,0,0.44951034673851326,available
wa-test-000211,0,0.0026501299773968134,0,0.44951034673851326,available
wa-test-000212,0,0.010259494638161372,0,0.44951034673851326,available
wa-test-000213,0,0.011511077832035697,0,0.44951034673851326,available
wa-test-000214,0,0.0006459067605683428,0,0.44951034673851326,available
wa-test-000215,0,0.0033105451242148726,0,0.44951034673851326,available
wa-test-000216,0,0.022035526168136022,0,0.44951034673851326,available
wa-test-000217,0,0.0032826840569709316,0,0.44951034673851326,available
wa-test-000218,0,0.004645745435580735,0,0.44951034673851326,available
wa-test-000219,1,0.9680403587789275,1,0.44951034673851326,available
wa-test-000220,0,0.005488895858156559,0,0.44951034673851326,available
wa-test-000221,0,0.014334798863892825,0,0.44951034673851326,available
wa-test-000222,0,0.017474539318615832,0,0.44951034673851326,available
wa-test-000223,0,0.002859873191407789,0,0.44951034673851326,available
wa-test-000224,0,0.01821690122865811,0,0.44951034673851326,available
wa-test-000225,1,0.08387422836970343,0,0.44951034673851326,available
wa-test-000226,0,0.16559852350260215,0,0.44951034673851326,available
wa-test-000227,0,0.0020227611632826735,0,0.44951034673851326,available
wa-test-000228,0,0.003910282949335888,0,0.44951034673851326,available
wa-test-000229,0,0.005732521369396775,0,0.44951034673851326,available
wa-test-000230,0,0.027474148560885023,0,0.44951034673851326,available
wa-test-000231,0,0.004371898911258378,0,0.44951034673851326,available
wa-test-000232,0,0.028368792588966837,0,0.44951034673851326,available
wa-test-000233,0,0.0003103911049757745,0,0.44951034673851326,available
wa-test-000234,0,0.009546729083596342,0,0.44951034673851326,available
wa-test-000235,0,0.001094303613520592,0,0.44951034673851326,available
wa-test-000236,0,0.009542226389246603,0,0.44951034673851326,available
wa-test-000237,0,0.7754899765051049,1,0.44951034673851326,available
wa-test-000238,0,0.029339897222094263,0,0.44951034673851326,available
wa-test-000239,0,0.08529436386508124,0,0.44951034673851326,available
wa-test-000240,0,0.017197941770802947,0,0.44951034673851326,available
wa-test-000241,0,0.0027048392469168287,0,0.44951034673851326,available
wa-test-000242,0,0.05502919327618852,0,0.44951034673851326,available
wa-test-000243,0,0.37874833614830394,0,0.44951034673851326,available
wa-test-000244,1,0.8436891778821518,1,0.44951034673851326,available
wa-test-000245,0,0.00035747333454428125,0,0.44951034673851326,available
wa-test-000246,1,0.6140018244690699,1,0.44951034673851326,available
wa-test-000247,0,0.00472090375183133,0,0.44951034673851326,available
wa-test-000248,0,0.007374101022518366,0,0.44951034673851326,available
wa-test-000249,0,0.0018163233794110053,0,0.44951034673851326,available
wa-test-000250,0,0.008217391046740985,0,0.44951034673851326,available
wa-test-000251,0,0.016290269984480393,0,0.44951034673851326,available
wa-test-000252,0,0.00339756166022519,0,0.44951034673851326,available
wa-test-000253,0,0.002800003129040906,0,0.44951034673851326,available
wa-test-000254,0,0.06614141454653337,0,0.44951034673851326,available
wa-test-000255,0,0.015857093122386427,0,0.44951034673851326,available
wa-test-000256,0,0.01875090458528148,0,0.44951034673851326,available
wa-test-000257,0,0.007392120079924565,0,0.44951034673851326,available
wa-test-000258,1,0.3656598288198299,0,0.44951034673851326,available
wa-test-000259,0,0.002882414720455875,0,0.44951034673851326,available
wa-test-000260,0,0.13691755301352018,0,0.44951034673851326,available
wa-test-000261,0,0.010338777621165222,0,0.44951034673851326,available
wa-test-000262,0,0.0003692465899615239,0,0.44951034673851326,available
wa-test-000263,0,0.04299831046185072,0,0.44951034673851326,available
wa-test-000264,0,0.015538277836922533,0,0.44951034673851326,available
wa-test-000265,0,0.2600317122207519,0,0.44951034673851326,available
wa-test-000266,0,0.003567468544934944,0,0.44951034673851326,available
wa-test-000267,0,0.0348167593988643,0,0.44951034673851326,available
wa-test-000268,0,0.01655590016445338,0,0.44951034673851326,available
wa-test-000269,1,0.02668992975168809,0,0.44951034673851326,available
wa-test-000270,0,0.000892369368993776,0,0.44951034673851326,available
wa-test-000271,0,0.041604786932554566,0,0.44951034673851326,available
wa-test-000272,0,0.2539321089521061,0,0.44951034673851326,available
wa-test-000273,0,0.027153150015325252,0,0.44951034673851326,available
wa-test-000274,0,0.005937719869168816,0,0.44951034673851326,available
wa-test-000275,0,0.01671143641312415,0,0.44951034673851326,available
wa-test-000276,0,0.06397802775633701,0,0.44951034673851326,available
wa-test-000277,0,0.2514215456781399,0,0.44951034673851326,available
wa-test-000278,1,0.02185918284979025,0,0.44951034673851326,available
wa-test-000279,0,0.005747703428346082,0,0.44951034673851326,available
wa-test-000280,0,0.03221429910408094,0,0.44951034673851326,available
wa-test-000281,0,0.05381098719667507,0,0.44951034673851326,available
wa-test-000282,0,0.008761889192042634,0,0.44951034673851326,available
wa-test-000283,0,0.0027164061626377225,0,0.44951034673851326,available
wa-test-000284,0,0.010569612933402788,0,0.44951034673851326,available
wa-test-000285,0,0.0016326455312714702,0,0.44951034673851326,available
wa-test-000286,0,0.010262082647010012,0,0.44951034673851326,available
wa-test-000287,0,0.031561919729500815,0,0.44951034673851326,available
wa-test-000288,0,0.0035347546318683226,0,0.44951034673851326,available
wa-test-000289,0,0.006794108267503637,0,0.44951034673851326,available
wa-test-000290,0,0.010418757571838771,0,0.44951034673851326,available
wa-test-000291,1,0.9976412512477076,1,0.44951034673851326,available
wa-test-000292,0,0.003190166994746289,0,0.44951034673851326,available
wa-test-000293,0,0.022760823577427165,0,0.44951034673851326,available
wa-test-000294,0,0.006250599174175145,0,0.44951034673851326,available
wa-test-000295,0,0.00569969819199724,0,0.44951034673851326,available
wa-test-000296,0,0.0028857800074579168,0,0.44951034673851326,available
wa-test-000297,0,0.04767932785902623,0,0.44951034673851326,available
wa-test-000298,0,0.028281856275808114,0,0.44951034673851326,available
wa-test-000299,0,0.1377983289672689,0,0.44951034673851326,available
wa-test-000300,0,0.012126324329301094,0,0.44951034673851326,available
wa-test-000301,1,0.9553407711368411,1,0.44951034673851326,available
wa-test-000302,0,0.00921473034933404,0,0.44951034673851326,available
wa-test-000303,0,0.007088153097266188,0,0.44951034673851326,available
wa-test-000304,0,0.016583863070806296,0,0.44951034673851326,available
wa-test-000305,0,0.010248736503114595,0,0.44951034673851326,available
wa-test-000306,0,0.007406686202401204,0,0.44951034673851326,available
wa-test-000307,0,0.0042826225600336104,0,0.44951034673851326,available
wa-test-000308,0,0.0895284773116578,0,0.44951034673851326,available
wa-test-000309,0,0.02315168923196103,0,0.44951034673851326,available
wa-test-000310,0,0.0044786165622858155,0,0.44951034673851326,available
wa-test-000311,0,0.02381625927372478,0,0.44951034673851326,available
wa-test-000312,0,0.010300820520354807,0,0.44951034673851326,available
wa-test-000313,0,0.039528631960435365,0,0.44951034673851326,available
wa-test-000314,0,0.0006408941789969908,0,0.44951034673851326,available
wa-test-000315,0,0.00023899593349412793,0,0.44951034673851326,available
wa-test-000316,0,0.014195517733538686,0,0.44951034673851326,available
wa-test-000317,0,0.5596450495514541,1,0.44951034673851326,available
wa-test-000318,0,0.00598487694814023,0,0.44951034673851326,available
wa-test-000319,0,0.0031216893279526095,0,0.44951034673851326,available
wa-test-000320,0,0.0024621411451381933,0,0.44951034673851326,available
wa-test-000321,0,0.016602631895156858,0,0.44951034673851326,available
wa-test-000322,0,0.007877870145210901,0,0.44951034673851326,available
wa-test-000323,0,0.03488485006238237,0,0.44951034673851326,available
wa-test-000324,1,0.6714448584702932,1,0.44951034673851326,available
wa-test-000325,0,0.005664703594378877,0,0.44951034673851326,available
wa-test-000326,0,0.1050127451375029,0,0.44951034673851326,available
wa-test-000327,0,0.011041996327376688,0,0.44951034673851326,available
wa-test-000328,0,0.045411721431905375,0,0.44951034673851326,available
wa-test-000329,1,0.440358639642216,0,0.44951034673851326,available
wa-test-000330,0,0.03734264673726398,0,0.44951034673851326,available
wa-test-000331,0,0.0025071679864433157,0,0.44951034673851326,available
wa-test-000332,1,0.9995193547701483,1,0.44951034673851326,available
wa-test-000333,0,0.003151113564860779,0,0.44951034673851326,available
wa-test-000334,0,0.06919165708815825,0,0.44951034673851326,available
wa-test-000335,0,0.0029833416409846686,0,0.44951034673851326,available
wa-test-000336,0,0.002485993457000722,0,0.44951034673851326,available
wa-test-000337,0,0.017587724536936952,0,0.44951034673851326,available
wa-test-000338,0,0.023724740762124667,0,0.44951034673851326,available
wa-test-000339,0,0.7841090283148326,1,0.44951034673851326,available
wa-test-000340,0,0.002367463236254469,0,0.44951034673851326,available
wa-test-000341,0,0.011330713471726707,0,0.44951034673851326,available
wa-test-000342,0,0.04004262705048049,0,0.44951034673851326,available
wa-test-000343,0,0.027153150015325252,0,0.44951034673851326,available
wa-test-000344,0,0.003446432217364586,0,0.44951034673851326,available
wa-test-000345,0,0.0008472688270645048,0,0.44951034673851326,available
wa-test-000346,0,0.04480229483052187,0,0.44951034673851326,available
wa-test-000347,0,0.06241950506009736,0,0.44951034673851326,available
wa-test-000348,0,0.06238599951320919,0,0.44951034673851326,available
wa-test-000349,0,0.030778504775015213,0,0.44951034673851326,available
wa-test-000350,0,0.02087425598720396,0,0.44951034673851326,available
wa-test-000351,0,0.006426706914490881,0,0.44951034673851326,available
wa-test-000352,0,0.0015029670555063226,0,0.44951034673851326,available
wa-test-000353,0,0.008717453975084518,0,0.44951034673851326,available
wa-test-000354,0,0.0810804322165138,0,0.44951034673851326,available
wa-test-000355,0,0.001302508638812277,0,0.44951034673851326,available
wa-test-000356,0,0.004453243966403198,0,0.44951034673851326,available
wa-test-000357,0,0.004923853079960567,0,0.44951034673851326,available
wa-test-000358,0,0.00541013610402452,0,0.44951034673851326,available
wa-test-000359,0,0.01193758891330227,0,0.44951034673851326,available
wa-test-000360,0,0.003231974248647516,0,0.44951034673851326,available
wa-test-000361,0,0.008824702487694892,0,0.44951034673851326,available
wa-test-000362,0,4.7188252224970215e-05,0,0.44951034673851326,available
wa-test-000363,0,0.023545410466431677,0,0.44951034673851326,available
wa-test-000364,0,0.019852894872146233,0,0.44951034673851326,available
wa-test-000365,0,0.05590203011789625,0,0.44951034673851326,available
wa-test-000366,0,0.012882123350541464,0,0.44951034673851326,available
wa-test-000367,0,0.008600386638693648,0,0.44951034673851326,available
wa-test-000368,0,0.0206657685360531,0,0.44951034673851326,available
wa-test-000369,0,0.04169509643460716,0,0.44951034673851326,available
wa-test-000370,0,0.004019903658363321,0,0.44951034673851326,available
wa-test-000371,0,0.045411721431905375,0,0.44951034673851326,available
wa-test-000372,0,0.005797870696337864,0,0.44951034673851326,available
wa-test-000373,0,0.00017153404989334143,0,0.44951034673851326,available
wa-test-000374,0,0.22769593376138822,0,0.44951034673851326,available
wa-test-000375,0,0.23941751290277483,0,0.44951034673851326,available
wa-test-000376,0,0.03488485006238237,0,0.44951034673851326,available
wa-test-000377,0,0.07823818030215218,0,0.44951034673851326,available
wa-test-000378,0,0.0654345644739887,0,0.44951034673851326,available
wa-test-000379,0,0.08295712238923157,0,0.44951034673851326,available
wa-test-000380,0,0.0017454618363426328,0,0.44951034673851326,available
wa-test-000381,0,0.02381625927372478,0,0.44951034673851326,available
wa-test-000382,0,0.005454270342997169,0,0.44951034673851326,available
wa-test-000383,0,0.5605826591588216,1,0.44951034673851326,available
wa-test-000384,0,0.03543528456491244,0,0.44951034673851326,available
wa-test-000385,0,0.13703958521841955,0,0.44951034673851326,available
wa-test-000386,0,0.011274520107013674,0,0.44951034673851326,available
wa-test-000387,0,0.013152530236897109,0,0.44951034673851326,available
wa-test-000388,0,0.0003510256883447795,0,0.44951034673851326,available
wa-test-000389,0,0.09217759578446737,0,0.44951034673851326,available
wa-test-000390,0,0.01439990497430611,0,0.44951034673851326,available
wa-test-000391,0,0.0007917038470598951,0,0.44951034673851326,available
wa-test-000392,1,0.835175595620662,1,0.44951034673851326,available
wa-test-000393,0,0.0063035197121463086,0,0.44951034673851326,available
wa-test-000394,0,0.02670883017372144,0,0.44951034673851326,available
wa-test-000395,0,0.009008933848667236,0,0.44951034673851326,available
wa-test-000396,0,0.02398955364282544,0,0.44951034673851326,available
wa-test-000397,0,0.05325219451644547,0,0.44951034673851326,available
wa-test-000398,0,0.05459053769422477,0,0.44951034673851326,available
wa-test-000399,0,0.2821100741060985,0,0.44951034673851326,available
wa-test-000400,1,0.8815598288584652,1,0.44951034673851326,available
wa-test-000401,0,0.15924286522844072,0,0.44951034673851326,available
wa-test-000402,0,0.0014399378031331074,0,0.44951034673851326,available
wa-test-000403,0,0.009492696775518408,0,0.44951034673851326,available
wa-test-000404,0,0.005629345078252656,0,0.44951034673851326,available
wa-test-000405,0,0.3374300740185876,0,0.44951034673851326,available
wa-test-000406,0,0.015272754440466925,0,0.44951034673851326,available
wa-test-000407,1,0.010742783068489484,0,0.44951034673851326,available
wa-test-000408,0,0.004824629061795395,0,0.44951034673851326,available
wa-test-000409,0,0.034026743705973694,0,0.44951034673851326,available
wa-test-000410,0,0.0005232201499628164,0,0.44951034673851326,available
wa-test-000411,0,0.0014812790674091243,0,0.44951034673851326,available
wa-test-000412,0,0.0027792582579698405,0,0.44951034673851326,available
wa-test-000413,0,0.04355170970357973,0,0.44951034673851326,available
wa-test-000414,0,0.06507526643828254,0,0.44951034673851326,available
wa-test-000415,0,0.0016624878436915151,0,0.44951034673851326,available
wa-test-000416,0,0.07271204528168798,0,0.44951034673851326,available
wa-test-000417,0,0.016254188977088926,0,0.44951034673851326,available
wa-test-000418,0,0.03221429910408094,0,0.44951034673851326,available
wa-test-000419,0,0.006115578009661735,0,0.44951034673851326,available
wa-test-000420,1,0.03734264673726398,0,0.44951034673851326,available
wa-test-000421,0,0.003558341743753839,0,0.44951034673851326,available
wa-test-000422,1,0.9131427063524933,1,0.44951034673851326,available
wa-test-000423,0,0.001725339853884807,0,0.44951034673851326,available
wa-test-000424,1,0.007374101022518366,0,0.44951034673851326,available
wa-test-000425,0,0.027945888547686967,0,0.44951034673851326,available
wa-test-000426,0,0.001868628814546287,0,0.44951034673851326,available
wa-test-000427,0,0.005241375535451644,0,0.44951034673851326,available
wa-test-000428,0,0.010214267263369077,0,0.44951034673851326,available
wa-test-000429,1,0.4357921520971688,0,0.44951034673851326,available
wa-test-000430,0,0.001921166082117316,0,0.44951034673851326,available
wa-test-000431,0,0.0014288023640427162,0,0.44951034673851326,available
wa-test-000432,1,0.03734264673726398,0,0.44951034673851326,available
wa-test-000433,0,0.0012775870570732421,0,0.44951034673851326,available
wa-test-000434,0,0.011274520107013674,0,0.44951034673851326,available
wa-test-000435,0,0.0077065483212413275,0,0.44951034673851326,available
wa-test-000436,0,0.00636720227755253,0,0.44951034673851326,available
wa-test-000437,0,0.00658758487752939,0,0.44951034673851326,available
wa-test-000438,0,0.008338361222750714,0,0.44951034673851326,available
wa-test-000439,1,0.3273986053686486,0,0.44951034673851326,available
wa-test-000440,0,0.007450339013844718,0,0.44951034673851326,available
wa-test-000441,0,0.2600317122207519,0,0.44951034673851326,available
wa-test-000442,0,0.004778791987251227,0,0.44951034673851326,available
wa-test-000443,0,0.022307762715681828,0,0.44951034673851326,available
wa-test-000444,1,0.005619633468502263,0,0.44951034673851326,available
wa-test-000445,0,0.0009410623988899545,0,0.44951034673851326,available
wa-test-000446,0,0.018602389798964114,0,0.44951034673851326,available
wa-test-000447,0,0.04001666172062292,0,0.44951034673851326,available
wa-test-000448,0,0.05984660056137678,0,0.44951034673851326,available
wa-test-000449,0,0.009219335705433294,0,0.44951034673851326,available
wa-test-000450,0,0.05050997282517112,0,0.44951034673851326,available
wa-test-000451,0,0.045411721431905375,0,0.44951034673851326,available
wa-test-000452,0,0.005759359930221342,0,0.44951034673851326,available
wa-test-000453,0,0.020322538585571964,0,0.44951034673851326,available
wa-test-000454,0,0.01940455571400728,0,0.44951034673851326,available
wa-test-000455,0,0.01761960290495898,0,0.44951034673851326,available
wa-test-000456,0,0.002069112332809384,0,0.44951034673851326,available
wa-test-000457,0,0.00027424227640564675,0,0.44951034673851326,available
wa-test-000458,0,0.055990193039040285,0,0.44951034673851326,available
wa-test-000459,0,0.22062711039594232,0,0.44951034673851326,available
wa-test-000460,0,0.010194866221116372,0,0.44951034673851326,available
wa-test-000461,0,0.6869839552965912,1,0.44951034673851326,available
wa-test-000462,0,0.03996634921423492,0,0.44951034673851326,available
wa-test-000463,0,0.029029530489131282,0,0.44951034673851326,available
wa-test-000464,1,0.9741600551673347,1,0.44951034673851326,available
wa-test-000465,0,0.1957460847530287,0,0.44951034673851326,available
wa-test-000466,0,0.005031679454960814,0,0.44951034673851326,available
wa-test-000467,1,0.3965413994901889,0,0.44951034673851326,available
wa-test-000468,0,0.027751266180603664,0,0.44951034673851326,available
wa-test-000469,0,0.006006358490303074,0,0.44951034673851326,available
wa-test-000470,0,0.21827697514775815,0,0.44951034673851326,available
wa-test-000471,0,0.021570383453296302,0,0.44951034673851326,available
wa-test-000472,0,0.014459941548200309,0,0.44951034673851326,available
wa-test-000473,0,0.003148563088482105,0,0.44951034673851326,available
wa-test-000474,0,0.007241233734599361,0,0.44951034673851326,available
wa-test-000475,0,0.034183326340030754,0,0.44951034673851326,available
wa-test-000476,0,0.15290436387412895,0,0.44951034673851326,available
wa-test-000477,0,0.011274520107013674,0,0.44951034673851326,available
wa-test-000478,0,0.0008335762596887717,0,0.44951034673851326,available
wa-test-000479,0,0.07459281403345996,0,0.44951034673851326,available
wa-test-000480,0,0.42710516442194896,0,0.44951034673851326,available
wa-test-000481,0,0.06630402094373715,0,0.44951034673851326,available
wa-test-000482,0,0.011274520107013674,0,0.44951034673851326,available
wa-test-000483,1,0.875539361585858,1,0.44951034673851326,available
wa-test-000484,0,0.007495050092259723,0,0.44951034673851326,available
wa-test-000485,0,0.019110238786584015,0,0.44951034673851326,available
wa-test-000486,1,0.966360857180223,1,0.44951034673851326,available
wa-test-000487,0,0.025482296798845974,0,0.44951034673851326,available
wa-test-000488,1,0.9563009641541276,1,0.44951034673851326,available
wa-test-000489,0,0.08856132118954327,0,0.44951034673851326,available
wa-test-000490,0,0.134975812967869,0,0.44951034673851326,available
wa-test-000491,1,0.9833846365346489,1,0.44951034673851326,available
wa-test-000492,0,0.03874086244515515,0,0.44951034673851326,available
wa-test-000493,0,0.0013482377686707134,0,0.44951034673851326,available
wa-test-000494,0,0.028164534277100094,0,0.44951034673851326,available
wa-test-000495,0,0.004330936489204595,0,0.44951034673851326,available
wa-test-000496,0,0.011274520107013674,0,0.44951034673851326,available
wa-test-000497,0,0.8067172626107343,1,0.44951034673851326,available
wa-test-000498,0,0.210738072682654,0,0.44951034673851326,available
wa-test-000499,0,0.24692670235354125,0,0.44951034673851326,available
wa-test-000500,0,0.045411721431905375,0,0.44951034673851326,available
wa-test-000501,0,0.0028863554626430274,0,0.44951034673851326,available
wa-test-000502,0,0.0021540728501443776,0,0.44951034673851326,available
wa-test-000503,0,0.0045081873530192496,0,0.44951034673851326,available
wa-test-000504,0,0.0015368340227786056,0,0.44951034673851326,available
wa-test-000505,0,0.022760823577427165,0,0.44951034673851326,available
wa-test-000506,0,0.0014151491665680938,0,0.44951034673851326,available
wa-test-000507,0,0.030306547835524243,0,0.44951034673851326,available
wa-test-000508,0,0.022004869789306745,0,0.44951034673851326,available
wa-test-000509,0,0.0004021881984442506,0,0.44951034673851326,available
wa-test-000510,1,0.05359669572059452,0,0.44951034673851326,available
wa-test-000511,0,0.011973172147328074,0,0.44951034673851326,available
wa-test-000512,0,0.01348715213633441,0,0.44951034673851326,available
wa-test-000513,0,0.13436865624556912,0,0.44951034673851326,available
wa-test-000514,0,0.036997572922850136,0,0.44951034673851326,available
wa-test-000515,0,0.012700525745471305,0,0.44951034673851326,available
wa-test-000516,0,0.002492718207409008,0,0.44951034673851326,available
wa-test-000517,0,0.01215770445196861,0,0.44951034673851326,available
wa-test-000518,0,0.5338970071220789,1,0.44951034673851326,available
wa-test-000519,1,0.04169509643460716,0,0.44951034673851326,available
wa-test-000520,0,0.020334811095094836,0,0.44951034673851326,available
wa-test-000521,0,0.010248736503114595,0,0.44951034673851326,available
wa-test-000522,0,0.0002101864748284844,0,0.44951034673851326,available
wa-test-000523,0,0.018576223566009843,0,0.44951034673851326,available
wa-test-000524,0,0.0023233842074296433,0,0.44951034673851326,available
wa-test-000525,1,0.6240483654370408,1,0.44951034673851326,available
wa-test-000526,0,0.0013219599178693837,0,0.44951034673851326,available
wa-test-000527,0,0.001182430839965695,0,0.44951034673851326,available
wa-test-000528,0,0.007242818497889369,0,0.44951034673851326,available
wa-test-000529,0,0.0030565387570850038,0,0.44951034673851326,available
wa-test-000530,0,0.08110286705304169,0,0.44951034673851326,available
wa-test-000531,0,0.022749121003775248,0,0.44951034673851326,available
wa-test-000532,0,0.022760823577427165,0,0.44951034673851326,available
wa-test-000533,0,0.0031728264677916697,0,0.44951034673851326,available
wa-test-000534,1,0.01068520506512201,0,0.44951034673851326,available
wa-test-000535,0,0.02381625927372478,0,0.44951034673851326,available
wa-test-000536,0,0.022090845188724305,0,0.44951034673851326,available
wa-test-000537,0,0.008111773412554962,0,0.44951034673851326,available
wa-test-000538,0,0.037914828003297665,0,0.44951034673851326,available
wa-test-000539,0,0.003916105622078748,0,0.44951034673851326,available
wa-test-000540,0,0.02777936299648366,0,0.44951034673851326,available
wa-test-000541,0,0.001625020597590202,0,0.44951034673851326,available
wa-test-000542,0,0.00031467412395926606,0,0.44951034673851326,available
wa-test-000543,0,0.005575433969418846,0,0.44951034673851326,available
wa-test-000544,0,0.02206213161230146,0,0.44951034673851326,available
wa-test-000545,0,0.0040642103073778415,0,0.44951034673851326,available
wa-test-000546,0,0.01625150819443754,0,0.44951034673851326,available
wa-test-000547,0,0.0054831993009264,0,0.44951034673851326,available
wa-test-000548,0,0.01058795107246848,0,0.44951034673851326,available
wa-test-000549,0,0.04767932785902623,0,0.44951034673851326,available
wa-test-000550,0,0.1329705537425813,0,0.44951034673851326,available
wa-test-000551,0,0.05381098719667507,0,0.44951034673851326,available
wa-test-000552,0,0.004742383715205046,0,0.44951034673851326,available
wa-test-000553,0,0.2600317122207519,0,0.44951034673851326,available
wa-test-000554,0,0.0038606490544514623,0,0.44951034673851326,available
wa-test-000555,0,0.001984686915008763,0,0.44951034673851326,available
wa-test-000556,0,0.02074878820770974,0,0.44951034673851326,available
wa-test-000557,0,0.007830987831424436,0,0.44951034673851326,available
wa-test-000558,1,0.9685172069888927,1,0.44951034673851326,available
wa-test-000559,1,0.9960624885197292,1,0.44951034673851326,available
wa-test-000560,0,0.03401924354368982,0,0.44951034673851326,available
wa-test-000561,0,0.022760823577427165,0,0.44951034673851326,available
wa-test-000562,0,0.010767110239764404,0,0.44951034673851326,available
wa-test-000563,0,0.005752558626984917,0,0.44951034673851326,available
wa-test-000564,0,0.0021826122194487972,0,0.44951034673851326,available
wa-test-000565,0,0.038007969581076835,0,0.44951034673851326,available
wa-test-000566,0,0.12185421768206264,0,0.44951034673851326,available
wa-test-000567,0,0.03972632935422541,0,0.44951034673851326,available
wa-test-000568,0,0.012071748252017626,0,0.44951034673851326,available
wa-test-000569,0,0.030306547835524243,0,0.44951034673851326,available
wa-test-000570,0,0.009306907408763901,0,0.44951034673851326,available
wa-test-000571,1,0.627466768886465,1,0.44951034673851326,available
wa-test-000572,0,0.02371543503223699,0,0.44951034673851326,available
wa-test-000573,0,0.005653758292080211,0,0.44951034673851326,available
wa-test-000574,0,0.07843796130701652,0,0.44951034673851326,available
wa-test-000575,0,0.08270014576612714,0,0.44951034673851326,available
wa-test-000576,0,0.005786724446314613,0,0.44951034673851326,available
wa-test-000577,0,0.02461663156618468,0,0.44951034673851326,available
wa-test-000578,0,0.017937159046444575,0,0.44951034673851326,available
wa-test-000579,0,0.21141108479193363,0,0.44951034673851326,available
wa-test-000580,0,0.039648840988037476,0,0.44951034673851326,available
wa-test-000581,1,0.0810804322165138,0,0.44951034673851326,available
wa-test-000582,0,0.009255133750524731,0,0.44951034673851326,available
wa-test-000583,1,0.01780622067728197,0,0.44951034673851326,available
wa-test-000584,0,0.012833774131403825,0,0.44951034673851326,available
wa-test-000585,0,0.002584238229129495,0,0.44951034673851326,available
wa-test-000586,0,0.0008246931430518881,0,0.44951034673851326,available
wa-test-000587,0,0.0662178157245408,0,0.44951034673851326,available
wa-test-000588,0,0.07515393415672685,0,0.44951034673851326,available
wa-test-000589,1,0.08083946277347907,0,0.44951034673851326,available
wa-test-000590,0,0.015714010299148734,0,0.44951034673851326,available
wa-test-000591,0,0.015401262826848859,0,0.44951034673851326,available
wa-test-000592,1,0.01152031805163388,0,0.44951034673851326,available
wa-test-000593,0,0.0649034169271787,0,0.44951034673851326,available
wa-test-000594,0,0.022760823577427165,0,0.44951034673851326,available
wa-test-000595,0,0.006256554281848269,0,0.44951034673851326,available
wa-test-000596,0,0.013930898211956278,0,0.44951034673851326,available
wa-test-000597,0,0.032393759234603095,0,0.44951034673851326,available
wa-test-000598,0,0.009978294377636391,0,0.44951034673851326,available
wa-test-000599,0,0.0015585260617517552,0,0.44951034673851326,available
wa-test-000600,0,0.009018640118980445,0,0.44951034673851326,available
wa-test-000601,1,0.37011377397301565,0,0.44951034673851326,available
wa-test-000602,0,0.012020078625846635,0,0.44951034673851326,available
wa-test-000603,0,0.11113235245645178,0,0.44951034673851326,available
wa-test-000604,0,0.04613863743910175,0,0.44951034673851326,available
wa-test-000605,0,0.059533459794971585,0,0.44951034673851326,available
wa-test-000606,0,0.2879848885574149,0,0.44951034673851326,available
wa-test-000607,0,0.13317345088504978,0,0.44951034673851326,available
wa-test-000608,1,0.9916527808993271,1,0.44951034673851326,available
wa-test-000609,0,0.017575040969979767,0,0.44951034673851326,available
wa-test-000610,0,0.24731271801930368,0,0.44951034673851326,available
wa-test-000611,0,0.3829172329852444,0,0.44951034673851326,available
wa-test-000612,1,0.4689942952510056,1,0.44951034673851326,available
wa-test-000613,0,0.0016917881754296748,0,0.44951034673851326,available
wa-test-000614,0,0.11752019777302936,0,0.44951034673851326,available
wa-test-000615,0,0.0016175774510395504,0,0.44951034673851326,available
wa-test-000616,0,0.02100136062190271,0,0.44951034673851326,available
wa-test-000617,0,0.0018948849913310623,0,0.44951034673851326,available
wa-test-000618,0,0.03257553059944202,0,0.44951034673851326,available
wa-test-000619,0,0.004319242515390035,0,0.44951034673851326,available
wa-test-000620,0,0.2821100741060985,0,0.44951034673851326,available
wa-test-000621,0,0.0068512279657167415,0,0.44951034673851326,available
wa-test-000622,0,0.002473178542842197,0,0.44951034673851326,available
wa-test-000623,0,0.02103565006059719,0,0.44951034673851326,available
wa-test-000624,0,0.008826515939175354,0,0.44951034673851326,available
wa-test-000625,0,0.005358260087941569,0,0.44951034673851326,available
wa-test-000626,0,0.04575891985523432,0,0.44951034673851326,available
wa-test-000627,0,0.0020949460599912835,0,0.44951034673851326,available
wa-test-000628,0,0.006889045265290789,0,0.44951034673851326,available
wa-test-000629,0,0.012528807433553554,0,0.44951034673851326,available
wa-test-000630,0,0.037427125979358704,0,0.44951034673851326,available
wa-test-000631,0,0.022760823577427165,0,0.44951034673851326,available
wa-test-000632,1,0.9707306227751561,1,0.44951034673851326,available
wa-test-000633,0,0.002434797973052104,0,0.44951034673851326,available
wa-test-000634,0,0.010859083762827257,0,0.44951034673851326,available
wa-test-000635,0,0.004699628146105736,0,0.44951034673851326,available
wa-test-000636,0,0.0024934103643912704,0,0.44951034673851326,available
wa-test-000637,0,0.027612709357594356,0,0.44951034673851326,available
wa-test-000638,0,0.09431371235065836,0,0.44951034673851326,available
wa-test-000639,0,0.026164102144778694,0,0.44951034673851326,available
wa-test-000640,0,0.0069471725482762245,0,0.44951034673851326,available
wa-test-000641,1,0.9519599423092192,1,0.44951034673851326,available
wa-test-000642,0,0.003034440728242441,0,0.44951034673851326,available
wa-test-000643,0,0.0026913681292266923,0,0.44951034673851326,available
wa-test-000644,0,0.1957460847530287,0,0.44951034673851326,available
wa-test-000645,0,0.0036169535546932857,0,0.44951034673851326,available
wa-test-000646,0,0.0025188951141113624,0,0.44951034673851326,available
wa-test-000647,0,0.013010481439448768,0,0.44951034673851326,available
wa-test-000648,0,0.006461300637358474,0,0.44951034673851326,available
wa-test-000649,0,0.008428489825852835,0,0.44951034673851326,available
wa-test-000650,1,0.1418809228969573,0,0.44951034673851326,available
wa-test-000651,0,0.01630632469798823,0,0.44951034673851326,available
wa-test-000652,0,0.48773288590915975,1,0.44951034673851326,available
wa-test-000653,0,0.007418483609135247,0,0.44951034673851326,available
wa-test-000654,0,0.0008427651060658097,0,0.44951034673851326,available
wa-test-000655,1,0.2290886441593024,0,0.44951034673851326,available
wa-test-000656,0,0.6486560130499298,1,0.44951034673851326,available
wa-test-000657,1,0.9099173014360009,1,0.44951034673851326,available
wa-test-000658,0,0.0017330798257984455,0,0.44951034673851326,available
wa-test-000659,0,0.01266905047125176,0,0.44951034673851326,available
wa-test-000660,0,0.024868614588504204,0,0.44951034673851326,available
wa-test-000661,0,0.00473041063552963,0,0.44951034673851326,available
wa-test-000662,0,0.007678939000502344,0,0.44951034673851326,available
wa-test-000663,0,0.011274520107013674,0,0.44951034673851326,available
wa-test-000664,1,0.47832710872744383,1,0.44951034673851326,available
wa-test-000665,0,0.0029262855767638986,0,0.44951034673851326,available
wa-test-000666,0,0.1482365523473419,0,0.44951034673851326,available
wa-test-000667,0,0.05175775181220789,0,0.44951034673851326,available
wa-test-000668,0,0.036764197256519124,0,0.44951034673851326,available
wa-test-000669,0,0.0036257398904976264,0,0.44951034673851326,available
wa-test-000670,0,0.08856132118954327,0,0.44951034673851326,available
wa-test-000671,0,0.022760823577427165,0,0.44951034673851326,available
wa-test-000672,0,0.19980761890864646,0,0.44951034673851326,available
wa-test-000673,0,0.004735076181145425,0,0.44951034673851326,available
wa-test-000674,0,0.0029202609371466754,0,0.44951034673851326,available
wa-test-000675,0,0.004864459581537101,0,0.44951034673851326,available
wa-test-000676,0,0.002627811666011028,0,0.44951034673851326,available
wa-test-000677,0,0.012479612519901607,0,0.44951034673851326,available
wa-test-000678,1,0.0018441172964226928,0,0.44951034673851326,available
wa-test-000679,0,0.012484950468647662,0,0.44951034673851326,available
wa-test-000680,0,0.010287612507306811,0,0.44951034673851326,available
wa-test-000681,0,0.03765745394844667,0,0.44951034673851326,available
wa-test-000682,0,0.006054708483947166,0,0.44951034673851326,available
wa-test-000683,0,0.06092886212046808,0,0.44951034673851326,available
wa-test-000684,0,0.005249990634343173,0,0.44951034673851326,available
wa-test-000685,0,0.013967790650471757,0,0.44951034673851326,available
wa-test-000686,0,0.23200184324863782,0,0.44951034673851326,available
wa-test-000687,0,0.08340932832818243,0,0.44951034673851326,available
wa-test-000688,0,0.00824637067461956,0,0.44951034673851326,available
wa-test-000689,0,0.0013621042109157064,0,0.44951034673851326,available
wa-test-000690,0,0.028349911574869623,0,0.44951034673851326,available
wa-test-000691,0,0.003619542132372123,0,0.44951034673851326,available
wa-test-000692,0,0.013215768677134839,0,0.44951034673851326,available
wa-test-000693,0,0.359314656991095,0,0.44951034673851326,available
wa-test-000694,0,0.06844714124837949,0,0.44951034673851326,available
wa-test-000695,0,0.06441078696772796,0,0.44951034673851326,available
wa-test-000696,1,0.9678298489841116,1,0.44951034673851326,available
wa-test-000697,0,0.0015030369909375292,0,0.44951034673851326,available
wa-test-000698,0,0.003878924568163827,0,0.44951034673851326,available
wa-test-000699,0,0.0011926554889681708,0,0.44951034673851326,available
wa-test-000700,1,0.019999447263951926,0,0.44951034673851326,available
wa-test-000701,1,0.4363846844755964,0,0.44951034673851326,available
wa-test-000702,0,0.08856132118954327,0,0.44951034673851326,available
wa-test-000703,0,0.006700782131856538,0,0.44951034673851326,available
wa-test-000704,0,0.15147554836690413,0,0.44951034673851326,available
wa-test-000705,0,0.052042515296963486,0,0.44951034673851326,available
wa-test-000706,0,0.03871429511494851,0,0.44951034673851326,available
wa-test-000707,0,0.024790530130370952,0,0.44951034673851326,available
wa-test-000708,0,0.003919598136458591,0,0.44951034673851326,available
wa-test-000709,0,0.022178632971129448,0,0.44951034673851326,available
wa-test-000710,0,0.006144549550166486,0,0.44951034673851326,available
wa-test-000711,0,0.08856132118954327,0,0.44951034673851326,available
wa-test-000712,0,0.0023608167681033036,0,0.44951034673851326,available
wa-test-000713,0,0.03517892203218037,0,0.44951034673851326,available
wa-test-000714,0,0.004397957469640193,0,0.44951034673851326,available
wa-test-000715,0,0.03150772379492359,0,0.44951034673851326,available
wa-test-000716,0,0.011274520107013674,0,0.44951034673851326,available
wa-test-000717,0,0.0181269260558375,0,0.44951034673851326,available
wa-test-000718,0,0.009956554812352664,0,0.44951034673851326,available
wa-test-000719,1,0.9395232260533652,1,0.44951034673851326,available
wa-test-000720,0,0.012094679927230864,0,0.44951034673851326,available
wa-test-000721,0,0.006539239920034708,0,0.44951034673851326,available
wa-test-000722,0,0.0016528261959186563,0,0.44951034673851326,available
wa-test-000723,0,0.0044268910313682176,0,0.44951034673851326,available
wa-test-000724,0,0.04155123231879465,0,0.44951034673851326,available
wa-test-000725,0,0.006193432789374275,0,0.44951034673851326,available
wa-test-000726,0,0.0023395931392056275,0,0.44951034673851326,available
wa-test-000727,0,0.01127305944647977,0,0.44951034673851326,available
wa-test-000728,0,0.0016387363271660148,0,0.44951034673851326,available
wa-test-000729,1,0.8721479835408087,1,0.44951034673851326,available
wa-test-000730,0,0.026890472490913586,0,0.44951034673851326,available
wa-test-000731,0,0.06875791246097479,0,0.44951034673851326,available
wa-test-000732,1,0.14505077682913167,0,0.44951034673851326,available
wa-test-000733,0,0.019110238786584015,0,0.44951034673851326,available
wa-test-000734,0,0.04080577449474502,0,0.44951034673851326,available
wa-test-000735,0,0.01014727609263472,0,0.44951034673851326,available
wa-test-000736,0,0.02759751573066777,0,0.44951034673851326,available
wa-test-000737,0,0.05479123765899111,0,0.44951034673851326,available
wa-test-000738,1,0.04232806959156558,0,0.44951034673851326,available
wa-test-000739,0,0.030306547835524243,0,0.44951034673851326,available
wa-test-000740,0,0.013930898211956278,0,0.44951034673851326,available
wa-test-000741,0,0.030306547835524243,0,0.44951034673851326,available
wa-test-000742,0,0.00939242309151861,0,0.44951034673851326,available
wa-test-000743,0,0.0017532352135809122,0,0.44951034673851326,available
wa-test-000744,0,0.004125387177676494,0,0.44951034673851326,available
wa-test-000745,0,0.00836538123380645,0,0.44951034673851326,available
wa-test-000746,0,0.004149195817969506,0,0.44951034673851326,available
wa-test-000747,0,0.0028395380999497837,0,0.44951034673851326,available
wa-test-000748,0,0.009956920467944058,0,0.44951034673851326,available
wa-test-000749,0,0.017568131525073305,0,0.44951034673851326,available
wa-test-000750,0,0.018740604819849432,0,0.44951034673851326,available
wa-test-000751,0,0.06653738374968436,0,0.44951034673851326,available
wa-test-000752,0,0.00746756030760174,0,0.44951034673851326,available
wa-test-000753,0,0.002990374973286791,0,0.44951034673851326,available
wa-test-000754,0,0.010526186672420444,0,0.44951034673851326,available
wa-test-000755,0,0.0008618281564795071,0,0.44951034673851326,available
wa-test-000756,0,0.14500871399875181,0,0.44951034673851326,available
wa-test-000757,0,0.0007138820148934267,0,0.44951034673851326,available
wa-test-000758,0,0.6042889291591168,1,0.44951034673851326,available
wa-test-000759,0,0.00284140672392888,0,0.44951034673851326,available
wa-test-000760,1,0.9796814022592859,1,0.44951034673851326,available
wa-test-000761,0,0.006140013132406107,0,0.44951034673851326,available
wa-test-000762,0,0.014571201701935836,0,0.44951034673851326,available
wa-test-000763,0,0.0244613858971825,0,0.44951034673851326,available
wa-test-000764,0,0.011401784877288554,0,0.44951034673851326,available
wa-test-000765,0,0.014740311989913919,0,0.44951034673851326,available
wa-test-000766,0,0.034373760039881476,0,0.44951034673851326,available
wa-test-000767,0,0.01246049589226528,0,0.44951034673851326,available
wa-test-000768,0,0.006556370388308298,0,0.44951034673851326,available
wa-test-000769,0,0.18474588835873387,0,0.44951034673851326,available
wa-test-000770,0,0.17830470123884287,0,0.44951034673851326,available
wa-test-000771,0,0.01013273450554882,0,0.44951034673851326,available
wa-test-000772,0,0.023685618353200915,0,0.44951034673851326,available
wa-test-000773,1,0.027655250582522564,0,0.44951034673851326,available
wa-test-000774,0,0.04063876813848384,0,0.44951034673851326,available
wa-test-000775,0,0.003249975880244073,0,0.44951034673851326,available
wa-test-000776,0,0.18098085590394564,0,0.44951034673851326,available
wa-test-000777,0,0.04095606847149613,0,0.44951034673851326,available
wa-test-000778,0,0.007468854177197207,0,0.44951034673851326,available
wa-test-000779,0,0.20198973487289784,0,0.44951034673851326,available
wa-test-000780,0,0.004473150963411245,0,0.44951034673851326,available
wa-test-000781,0,0.0028951335110949305,0,0.44951034673851326,available
wa-test-000782,0,0.006183944670196146,0,0.44951034673851326,available
wa-test-000783,1,0.977087705833775,1,0.44951034673851326,available
wa-test-000784,0,0.0027107627738823777,0,0.44951034673851326,available
wa-test-000785,0,0.003050753810898899,0,0.44951034673851326,available
wa-test-000786,0,0.12420121531502046,0,0.44951034673851326,available
wa-test-000787,0,0.0005254668258731232,0,0.44951034673851326,available
wa-test-000788,0,0.034026743705973694,0,0.44951034673851326,available
wa-test-000789,0,0.04169509643460716,0,0.44951034673851326,available
wa-test-000790,0,0.011507279350458909,0,0.44951034673851326,available
wa-test-000791,0,0.0810804322165138,0,0.44951034673851326,available
wa-test-000792,0,0.0010098519384601835,0,0.44951034673851326,available
wa-test-000793,0,0.023653079496977404,0,0.44951034673851326,available
wa-test-000794,0,0.014204322534624706,0,0.44951034673851326,available
wa-test-000795,1,0.07793866676831705,0,0.44951034673851326,available
wa-test-000796,0,0.0271077327039797,0,0.44951034673851326,available
wa-test-000797,0,0.018579720716632664,0,0.44951034673851326,available
wa-test-000798,0,0.011935387887134755,0,0.44951034673851326,available
wa-test-000799,0,0.0009093254723164008,0,0.44951034673851326,available
wa-test-000800,0,0.023209678739231084,0,0.44951034673851326,available
wa-test-000801,0,0.03835072366879621,0,0.44951034673851326,available
wa-test-000802,0,0.6899116514830732,1,0.44951034673851326,available
wa-test-000803,1,0.9985738879792563,1,0.44951034673851326,available
wa-test-000804,0,0.05820107165632203,0,0.44951034673851326,available
wa-test-000805,1,0.3287370961065719,0,0.44951034673851326,available
wa-test-000806,0,0.07149954399748826,0,0.44951034673851326,available
wa-test-000807,0,0.002744934698356836,0,0.44951034673851326,available
wa-test-000808,0,0.03221429910408094,0,0.44951034673851326,available
wa-test-000809,0,0.02381625927372478,0,0.44951034673851326,available
wa-test-000810,0,0.13283485971246226,0,0.44951034673851326,available
wa-test-000811,0,0.007376536279604493,0,0.44951034673851326,available
wa-test-000812,0,0.04767932785902623,0,0.44951034673851326,available
wa-test-000813,0,0.02135115336424431,0,0.44951034673851326,available
wa-test-000814,1,0.01276456641717021,0,0.44951034673851326,available
wa-test-000815,0,0.020562966096427302,0,0.44951034673851326,available
wa-test-000816,1,0.026671077822645866,0,0.44951034673851326,available
wa-test-000817,0,0.005540473464608193,0,0.44951034673851326,available
wa-test-000818,0,0.03692084385221318,0,0.44951034673851326,available
wa-test-000819,0,0.2052326805183776,0,0.44951034673851326,available
wa-test-000820,0,0.05419025183554536,0,0.44951034673851326,available
wa-test-000821,0,0.01521227004861818,0,0.44951034673851326,available
wa-test-000822,0,0.0024585626314385296,0,0.44951034673851326,available
wa-test-000823,0,0.024219483983604632,0,0.44951034673851326,available
wa-test-000824,0,0.008893340006839851,0,0.44951034673851326,available
wa-test-000825,0,0.0026891150138709328,0,0.44951034673851326,available
wa-test-000826,0,0.0006544482919283776,0,0.44951034673851326,available
wa-test-000827,0,0.03221429910408094,0,0.44951034673851326,available
wa-test-000828,0,0.007408443329454657,0,0.44951034673851326,available
wa-test-000829,0,0.01237491384163351,0,0.44951034673851326,available
wa-test-000830,0,0.026475344305940816,0,0.44951034673851326,available
wa-test-000831,0,0.0361255683945478,0,0.44951034673851326,available
wa-test-000832,0,0.018740604819849432,0,0.44951034673851326,available
wa-test-000833,0,0.008875364710013581,0,0.44951034673851326,available
wa-test-000834,0,0.37874833614830394,0,0.44951034673851326,available
wa-test-000835,0,0.017587724536936952,0,0.44951034673851326,available
wa-test-000836,0,0.048662599916587085,0,0.44951034673851326,available
wa-test-000837,1,0.47008703198030044,1,0.44951034673851326,available
wa-test-000838,0,0.021570383453296302,0,0.44951034673851326,available
wa-test-000839,0,0.005600437075756954,0,0.44951034673851326,available
wa-test-000840,0,0.004108797860689867,0,0.44951034673851326,available
wa-test-000841,0,0.0144297720993433,0,0.44951034673851326,available
wa-test-000842,1,0.9216339398316723,1,0.44951034673851326,available
wa-test-000843,0,0.008780796745588253,0,0.44951034673851326,available
wa-test-000844,0,0.0006792102704243674,0,0.44951034673851326,available
wa-test-000845,0,0.05664252573344572,0,0.44951034673851326,available
wa-test-000846,0,0.004269168442645099,0,0.44951034673851326,available
wa-test-000847,0,0.004386861943728577,0,0.44951034673851326,available
wa-test-000848,0,0.0034195966207899785,0,0.44951034673851326,available
wa-test-000849,1,0.9967993161936894,1,0.44951034673851326,available
wa-test-000850,0,0.5544873514289017,1,0.44951034673851326,available
wa-test-000851,0,0.0027473918980200278,0,0.44951034673851326,available
wa-test-000852,0,0.09574818776544164,0,0.44951034673851326,available
wa-test-000853,0,0.6042889291591168,1,0.44951034673851326,available
wa-test-000854,0,0.019874161532196837,0,0.44951034673851326,available
wa-test-000855,0,0.04678738984052946,0,0.44951034673851326,available
wa-test-000856,0,0.01962645143368812,0,0.44951034673851326,available
wa-test-000857,0,8.290497071194483e-05,0,0.44951034673851326,available
wa-test-000858,0,0.0028147422402205217,0,0.44951034673851326,available
wa-test-000859,1,0.5936118488780554,1,0.44951034673851326,available
wa-test-000860,0,0.0003651292442144022,0,0.44951034673851326,available
wa-test-000861,0,0.0006142774238755999,0,0.44951034673851326,available
wa-test-000862,0,0.02135115336424431,0,0.44951034673851326,available
wa-test-000863,0,0.0009479620396954879,0,0.44951034673851326,available
wa-test-000864,0,0.023554517546994336,0,0.44951034673851326,available
wa-test-000865,0,0.006742075889723929,0,0.44951034673851326,available
wa-test-000866,0,0.03853210867733283,0,0.44951034673851326,available
wa-test-000867,0,0.1796126471729675,0,0.44951034673851326,available
wa-test-000868,0,0.005551875365121941,0,0.44951034673851326,available
wa-test-000869,0,0.005394417684653076,0,0.44951034673851326,available
wa-test-000870,0,0.0028909643108073336,0,0.44951034673851326,available
wa-test-000871,0,0.5424882982968102,1,0.44951034673851326,available
wa-test-000872,0,0.005938786049736313,0,0.44951034673851326,available
wa-test-000873,0,0.0317936845172881,0,0.44951034673851326,available
wa-test-000874,1,0.868848777221055,1,0.44951034673851326,available
wa-test-000875,0,0.0017149309571959934,0,0.44951034673851326,available
wa-test-000876,0,0.01711940867692248,0,0.44951034673851326,available
wa-test-000877,0,0.002523634699203679,0,0.44951034673851326,available
wa-test-000878,1,0.8213098301255674,1,0.44951034673851326,available
wa-test-000879,0,0.024852485294931746,0,0.44951034673851326,available
wa-test-000880,0,0.00391308406332043,0,0.44951034673851326,available
wa-test-000881,0,0.030306547835524243,0,0.44951034673851326,available
wa-test-000882,0,0.014558662090965901,0,0.44951034673851326,available
wa-test-000883,0,0.013853429527705952,0,0.44951034673851326,available
wa-test-000884,1,0.9788717101698144,1,0.44951034673851326,available
wa-test-000885,1,0.7567662878812973,1,0.44951034673851326,available
wa-test-000886,0,0.03734264673726398,0,0.44951034673851326,available
wa-test-000887,0,0.0013858049738255439,0,0.44951034673851326,available
wa-test-000888,0,0.008068605156185486,0,0.44951034673851326,available
wa-test-000889,0,0.0038080490269392997,0,0.44951034673851326,available
wa-test-000890,0,0.07585478697744989,0,0.44951034673851326,available
wa-test-000891,0,0.0897364908845884,0,0.44951034673851326,available
wa-test-000892,0,0.002627217393517654,0,0.44951034673851326,available
wa-test-000893,0,0.39986354130617824,0,0.44951034673851326,available
wa-test-000894,0,0.0009899365523031063,0,0.44951034673851326,available
wa-test-000895,0,0.008397274026585464,0,0.44951034673851326,available
wa-test-000896,0,0.009564566589988114,0,0.44951034673851326,available
wa-test-000897,0,0.0007016577677273405,0,0.44951034673851326,available
wa-test-000898,0,0.014971012055674643,0,0.44951034673851326,available
wa-test-000899,0,0.02219433887620146,0,0.44951034673851326,available
wa-test-000900,0,0.17089073865320056,0,0.44951034673851326,available
wa-test-000901,0,0.044810886496706,0,0.44951034673851326,available
wa-test-000902,0,0.0016342476829441918,0,0.44951034673851326,available
wa-test-000903,0,0.004663535035506055,0,0.44951034673851326,available
wa-test-000904,0,0.005515949200615522,0,0.44951034673851326,available
wa-test-000905,0,0.0007630190803455457,0,0.44951034673851326,available
wa-test-000906,0,0.0030009514719374227,0,0.44951034673851326,available
wa-test-000907,0,0.07061065449553382,0,0.44951034673851326,available
wa-test-000908,0,0.03164399374741045,0,0.44951034673851326,available
wa-test-000909,0,0.09876016228260762,0,0.44951034673851326,available
wa-test-000910,0,0.003040753639546475,0,0.44951034673851326,available
wa-test-000911,0,0.00402621703696939,0,0.44951034673851326,available
wa-test-000912,1,0.5071410038982852,1,0.44951034673851326,available
wa-test-000913,1,0.9945093039887459,1,0.44951034673851326,available
wa-test-000914,0,0.003807821218539266,0,0.44951034673851326,available
wa-test-000915,0,0.34109071350925635,0,0.44951034673851326,available
wa-test-000916,0,0.006874588788175428,0,0.44951034673851326,available
wa-test-000917,0,0.00195769462321586,0,0.44951034673851326,available
wa-test-000918,0,0.06824409431409237,0,0.44951034673851326,available
wa-test-000919,0,0.0032486199848684614,0,0.44951034673851326,available
wa-test-000920,0,0.045411721431905375,0,0.44951034673851326,available
wa-test-000921,0,0.008826434129709014,0,0.44951034673851326,available
wa-test-000922,0,0.007659359532205295,0,0.44951034673851326,available
wa-test-000923,0,0.019399096118806265,0,0.44951034673851326,available
wa-test-000924,0,0.033542355341398544,0,0.44951034673851326,available
wa-test-000925,0,0.04662366080112454,0,0.44951034673851326,available
wa-test-000926,0,0.0035535844426020395,0,0.44951034673851326,available
wa-test-000927,0,0.01703967268021508,0,0.44951034673851326,available
wa-test-000928,0,0.004272063764964423,0,0.44951034673851326,available
wa-test-000929,0,0.0021076066972013988,0,0.44951034673851326,available
wa-test-000930,0,0.00538697262897831,0,0.44951034673851326,available
wa-test-000931,0,0.0022929854102114434,0,0.44951034673851326,available
wa-test-000932,0,0.029230955234504585,0,0.44951034673851326,available
wa-test-000933,1,0.006371611037604098,0,0.44951034673851326,available
wa-test-000934,0,0.0068206469135216104,0,0.44951034673851326,available
wa-test-000935,0,0.010652695374612886,0,0.44951034673851326,available
wa-test-000936,0,0.01889127473389923,0,0.44951034673851326,available
wa-test-000937,0,0.017005714910261475,0,0.44951034673851326,available
wa-test-000938,0,0.01630127846366622,0,0.44951034673851326,available
wa-test-000939,0,0.002624512012994352,0,0.44951034673851326,available
wa-test-000940,0,0.019218807402649495,0,0.44951034673851326,available
wa-test-000941,0,0.01226472947426886,0,0.44951034673851326,available
wa-test-000942,0,0.021523107729121076,0,0.44951034673851326,available
wa-test-000943,0,0.003594172200302045,0,0.44951034673851326,available
wa-test-000944,0,0.007613404647011419,0,0.44951034673851326,available
wa-test-000945,0,0.002740057184951991,0,0.44951034673851326,available
wa-test-000946,0,0.2600317122207519,0,0.44951034673851326,available
wa-test-000947,0,0.011337948605725234,0,0.44951034673851326,available
wa-test-000948,0,0.07842593049358988,0,0.44951034673851326,available
wa-test-000949,0,0.005562404103982538,0,0.44951034673851326,available
wa-test-000950,0,0.0011161827101615525,0,0.44951034673851326,available
wa-test-000951,0,0.02059864030831632,0,0.44951034673851326,available
wa-test-000952,0,0.04276211271344201,0,0.44951034673851326,available
wa-test-000953,0,0.5089198574624848,1,0.44951034673851326,available
wa-test-000954,0,0.000990116570817618,0,0.44951034673851326,available
wa-test-000955,0,0.02010143503862305,0,0.44951034673851326,available
wa-test-000956,0,0.010427244093331097,0,0.44951034673851326,available
wa-test-000957,0,0.01710530260163254,0,0.44951034673851326,available
wa-test-000958,0,0.5580233456653413,1,0.44951034673851326,available
wa-test-000959,0,0.020666849786124288,0,0.44951034673851326,available
wa-test-000960,0,0.020157966328507363,0,0.44951034673851326,available
wa-test-000961,0,0.039690798852001316,0,0.44951034673851326,available
wa-test-000962,0,0.03734264673726398,0,0.44951034673851326,available
wa-test-000963,0,0.004073618024259377,0,0.44951034673851326,available
wa-test-000964,0,0.04661958680837609,0,0.44951034673851326,available
wa-test-000965,1,0.5003612565368221,1,0.44951034673851326,available
wa-test-000966,0,0.03401924354368982,0,0.44951034673851326,available
wa-test-000967,0,0.0033911877374505754,0,0.44951034673851326,available
wa-test-000968,0,0.004925770504578007,0,0.44951034673851326,available
wa-test-000969,0,0.01629490105727833,0,0.44951034673851326,available
wa-test-000970,0,0.045888603546351346,0,0.44951034673851326,available
wa-test-000971,0,0.04660133518137042,0,0.44951034673851326,available
wa-test-000972,0,0.058931446632421475,0,0.44951034673851326,available
wa-test-000973,0,0.0087473744190075,0,0.44951034673851326,available
wa-test-000974,0,0.039935701814042115,0,0.44951034673851326,available
wa-test-000975,0,0.009290192239972796,0,0.44951034673851326,available
wa-test-000976,0,0.02755302695443474,0,0.44951034673851326,available
wa-test-000977,0,0.0008121276697749144,0,0.44951034673851326,available
wa-test-000978,1,0.661573104767245,1,0.44951034673851326,available
wa-test-000979,0,0.002303057695264385,0,0.44951034673851326,available
wa-test-000980,0,0.0698901516532596,0,0.44951034673851326,available
wa-test-000981,0,0.04169509643460716,0,0.44951034673851326,available
wa-test-000982,0,0.02329264676956653,0,0.44951034673851326,available
wa-test-000983,1,0.9991557618886578,1,0.44951034673851326,available
wa-test-000984,1,0.04895361258921396,0,0.44951034673851326,available
wa-test-000985,0,0.06816144801121045,0,0.44951034673851326,available
wa-test-000986,0,0.012237720759820157,0,0.44951034673851326,available
wa-test-000987,1,0.14349328358822064,0,0.44951034673851326,available
wa-test-000988,0,0.015784520167636634,0,0.44951034673851326,available
wa-test-000989,1,0.162833956357142,0,0.44951034673851326,available
wa-test-000990,0,0.045411721431905375,0,0.44951034673851326,available
wa-test-000991,0,0.021559471739958834,0,0.44951034673851326,available
wa-test-000992,0,0.01713350134059583,0,0.44951034673851326,available
wa-test-000993,0,0.018716686095889362,0,0.44951034673851326,available
wa-test-000994,0,0.014996397519229295,0,0.44951034673851326,available
wa-test-000995,0,0.059533459794971585,0,0.44951034673851326,available
wa-test-000996,0,0.007702211858579343,0,0.44951034673851326,available
wa-test-000997,0,0.06241950506009736,0,0.44951034673851326,available
wa-test-000998,0,0.2523938096578548,0,0.44951034673851326,available
wa-test-000999,0,0.0030943512401924943,0,0.44951034673851326,available
wa-test-001000,0,0.016834972095359096,0,0.44951034673851326,available
wa-test-001001,0,0.005041833914774408,0,0.44951034673851326,available
wa-test-001002,0,0.04032143361798288,0,0.44951034673851326,available
wa-test-001003,1,0.004816458327987691,0,0.44951034673851326,available
wa-test-001004,0,0.00861838777455855,0,0.44951034673851326,available
wa-test-001005,0,0.007929452685638274,0,0.44951034673851326,available
wa-test-001006,0,0.027233797316476932,0,0.44951034673851326,available
wa-test-001007,0,0.08276631650481416,0,0.44951034673851326,available
wa-test-001008,0,0.008420994681139491,0,0.44951034673851326,available
wa-test-001009,0,0.00043937062031713215,0,0.44951034673851326,available
wa-test-001010,0,0.017070068036856033,0,0.44951034673851326,available
wa-test-001011,0,0.015055121644073174,0,0.44951034673851326,available
wa-test-001012,0,0.005580255193209964,0,0.44951034673851326,available
wa-test-001013,0,0.020340307471661313,0,0.44951034673851326,available
wa-test-001014,0,0.02741358360620795,0,0.44951034673851326,available
wa-test-001015,0,0.06743957809519541,0,0.44951034673851326,available
wa-test-001016,1,0.8758555600634508,1,0.44951034673851326,available
wa-test-001017,0,0.004951680588523055,0,0.44951034673851326,available
wa-test-001018,0,0.03425285271531664,0,0.44951034673851326,available
wa-test-001019,0,0.026164102144778694,0,0.44951034673851326,available
wa-test-001020,1,0.0473884991831816,0,0.44951034673851326,available
wa-test-001021,1,0.7712658477085806,1,0.44951034673851326,available
wa-test-001022,0,0.002539478969385979,0,0.44951034673851326,available
wa-test-001023,0,0.003868325752996753,0,0.44951034673851326,available
wa-test-001024,0,0.00865101797075717,0,0.44951034673851326,available
wa-test-001025,0,0.005319533195807177,0,0.44951034673851326,available
wa-test-001026,0,0.02341717813881775,0,0.44951034673851326,available
wa-test-001027,0,0.023998425645384833,0,0.44951034673851326,available
wa-test-001028,0,0.027463791979829632,0,0.44951034673851326,available
wa-test-001029,0,0.011274520107013674,0,0.44951034673851326,available
wa-test-001030,0,0.004657257528759415,0,0.44951034673851326,available
wa-test-001031,0,0.007359323057033589,0,0.44951034673851326,available
wa-test-001032,0,0.001317095290290135,0,0.44951034673851326,available
wa-test-001033,0,0.01710834427904217,0,0.44951034673851326,available
wa-test-001034,0,0.18100926762583694,0,0.44951034673851326,available
wa-test-001035,0,0.05569961279001429,0,0.44951034673851326,available
wa-test-001036,0,0.03603918156323266,0,0.44951034673851326,available
wa-test-001037,0,0.029530133642108828,0,0.44951034673851326,available
wa-test-001038,0,0.0036385249902859736,0,0.44951034673851326,available
wa-test-001039,0,0.06616908351211351,0,0.44951034673851326,available
wa-test-001040,0,0.12558973866461204,0,0.44951034673851326,available
wa-test-001041,0,0.08209742758957557,0,0.44951034673851326,available
wa-test-001042,0,0.008762827340773134,0,0.44951034673851326,available
wa-test-001043,1,0.9200133749400319,1,0.44951034673851326,available
wa-test-001044,0,0.20592752396276107,0,0.44951034673851326,available
wa-test-001045,0,0.0063407097615813665,0,0.44951034673851326,available
wa-test-001046,1,0.2521196402680879,0,0.44951034673851326,available
wa-test-001047,0,0.002744934698356836,0,0.44951034673851326,available
wa-test-001048,0,0.022220407156008468,0,0.44951034673851326,available
wa-test-001049,0,0.01859194283774192,0,0.44951034673851326,available
wa-test-001050,0,0.011274520107013674,0,0.44951034673851326,available
wa-test-001051,0,0.004486633835574962,0,0.44951034673851326,available
wa-test-001052,0,0.04631954057185371,0,0.44951034673851326,available
wa-test-001053,0,0.0056887794271361525,0,0.44951034673851326,available
wa-test-001054,0,0.00433295267075456,0,0.44951034673851326,available
wa-test-001055,0,0.04767932785902623,0,0.44951034673851326,available
wa-test-001056,0,0.05852016095961876,0,0.44951034673851326,available
wa-test-001057,1,0.6484631423373558,1,0.44951034673851326,available
wa-test-001058,0,0.0009405150018947938,0,0.44951034673851326,available
wa-test-001059,0,0.02253650906270098,0,0.44951034673851326,available
wa-test-001060,0,0.027893695957197553,0,0.44951034673851326,available
wa-test-001061,0,0.17830470123884287,0,0.44951034673851326,available
wa-test-001062,0,0.0037254936547156917,0,0.44951034673851326,available
wa-test-001063,0,0.05545083201941104,0,0.44951034673851326,available
wa-test-001064,0,0.021640749843438976,0,0.44951034673851326,available
wa-test-001065,0,0.04649432994605685,0,0.44951034673851326,available
wa-test-001066,1,0.9892455121391359,1,0.44951034673851326,available
wa-test-001067,0,0.4710582991769872,1,0.44951034673851326,available
wa-test-001068,0,0.00937113009178656,0,0.44951034673851326,available
wa-test-001069,0,0.01514956756652069,0,0.44951034673851326,available
wa-test-001070,0,0.009707873281006597,0,0.44951034673851326,available
wa-test-001071,0,0.0008789136479148376,0,0.44951034673851326,available
wa-test-001072,0,0.007794689003411392,0,0.44951034673851326,available
wa-test-001073,0,0.04299831046185072,0,0.44951034673851326,available
wa-test-001074,0,0.019111787735620053,0,0.44951034673851326,available
wa-test-001075,0,0.008965463400660371,0,0.44951034673851326,available
wa-test-001076,0,0.0010449888248380275,0,0.44951034673851326,available
wa-test-001077,0,0.007506823420014266,0,0.44951034673851326,available
wa-test-001078,0,0.4529429727060768,1,0.44951034673851326,available
wa-test-001079,0,0.0674248827540411,0,0.44951034673851326,available
wa-test-001080,0,0.0019408099771381301,0,0.44951034673851326,available
wa-test-001081,0,0.013930898211956278,0,0.44951034673851326,available
wa-test-001082,0,0.0015812484353987678,0,0.44951034673851326,available
wa-test-001083,0,0.018098534175206585,0,0.44951034673851326,available
wa-test-001084,0,0.007958131183159863,0,0.44951034673851326,available
wa-test-001085,0,0.01986400081491712,0,0.44951034673851326,available
wa-test-001086,0,0.09904646455990292,0,0.44951034673851326,available
wa-test-001087,0,0.023673237919115884,0,0.44951034673851326,available
wa-test-001088,0,0.04759336679944148,0,0.44951034673851326,available
wa-test-001089,0,0.07920102131744035,0,0.44951034673851326,available
wa-test-001090,0,0.0023216709993086715,0,0.44951034673851326,available
wa-test-001091,0,0.0030997160526491712,0,0.44951034673851326,available
wa-test-001092,0,0.011730325506885894,0,0.44951034673851326,available
wa-test-001093,0,0.011274520107013674,0,0.44951034673851326,available
wa-test-001094,0,0.019196987030814544,0,0.44951034673851326,available
wa-test-001095,0,0.021570383453296302,0,0.44951034673851326,available
wa-test-001096,0,0.042957713410046824,0,0.44951034673851326,available
wa-test-001097,0,0.005561436564478288,0,0.44951034673851326,available
wa-test-001098,0,0.05630499098564401,0,0.44951034673851326,available
wa-test-001099,0,0.021892456637486898,0,0.44951034673851326,available
wa-test-001100,0,0.061006140631442426,0,0.44951034673851326,available
wa-test-001101,0,0.0051243736644023975,0,0.44951034673851326,available
wa-test-001102,0,0.018964088908243113,0,0.44951034673851326,available
wa-test-001103,0,0.004258541607766225,0,0.44951034673851326,available
wa-test-001104,0,0.002402390815095088,0,0.44951034673851326,available
wa-test-001105,0,0.022671018882768276,0,0.44951034673851326,available
wa-test-001106,0,0.024027603853503582,0,0.44951034673851326,available
wa-test-001107,0,0.00035387752652850553,0,0.44951034673851326,available
wa-test-001108,0,0.02852618549355136,0,0.44951034673851326,available
wa-test-001109,1,0.9820114923055053,1,0.44951034673851326,available
wa-test-001110,0,0.006144549550166486,0,0.44951034673851326,available
wa-test-001111,0,0.006058191020128837,0,0.44951034673851326,available
wa-test-001112,0,0.011446736983829744,0,0.44951034673851326,available
wa-test-001113,0,0.01499096600296202,0,0.44951034673851326,available
wa-test-001114,0,0.001173838969214389,0,0.44951034673851326,available
wa-test-001115,0,0.00492191159582436,0,0.44951034673851326,available
wa-test-001116,0,0.021570383453296302,0,0.44951034673851326,available
wa-test-001117,0,0.013403716141802594,0,0.44951034673851326,available
wa-test-001118,0,0.1297895651345073,0,0.44951034673851326,available
wa-test-001119,0,0.0009325368398966677,0,0.44951034673851326,available
wa-test-001120,0,0.005307133153118955,0,0.44951034673851326,available
wa-test-001121,0,0.008134338225531557,0,0.44951034673851326,available
wa-test-001122,0,0.0017704806211504697,0,0.44951034673851326,available
wa-test-001123,0,0.24454562288860945,0,0.44951034673851326,available
wa-test-001124,0,0.005442016225399597,0,0.44951034673851326,available
wa-test-001125,0,0.002089692412169865,0,0.44951034673851326,available
wa-test-001126,0,0.022760823577427165,0,0.44951034673851326,available
wa-test-001127,0,0.5214827722840988,1,0.44951034673851326,available
wa-test-001128,0,0.0018262612491386967,0,0.44951034673851326,available
wa-test-001129,0,0.04751730171755215,0,0.44951034673851326,available
wa-test-001130,0,0.0021572621737086686,0,0.44951034673851326,available
wa-test-001131,0,0.013165707384636531,0,0.44951034673851326,available
wa-test-001132,0,0.0009906287707746031,0,0.44951034673851326,available
wa-test-001133,0,0.04104551894994055,0,0.44951034673851326,available
wa-test-001134,1,0.01131751182721254,0,0.44951034673851326,available
wa-test-001135,0,0.030448644010807012,0,0.44951034673851326,available
wa-test-001136,0,0.37479389704074234,0,0.44951034673851326,available
wa-test-001137,0,0.849060302084778,1,0.44951034673851326,available
wa-test-001138,0,0.2600317122207519,0,0.44951034673851326,available
wa-test-001139,0,0.004944318107609897,0,0.44951034673851326,available
wa-test-001140,0,0.011164077175540701,0,0.44951034673851326,available
wa-test-001141,0,0.002892014743445533,0,0.44951034673851326,available
wa-test-001142,0,0.03320553660825299,0,0.44951034673851326,available
wa-test-001143,0,0.039589979020771666,0,0.44951034673851326,available
wa-test-001144,0,0.3915383020406408,0,0.44951034673851326,available
wa-test-001145,1,0.8463464631660427,1,0.44951034673851326,available
wa-test-001146,0,0.00032310433182225094,0,0.44951034673851326,available
wa-test-001147,0,0.02283357697014403,0,0.44951034673851326,available
wa-test-001148,0,0.0034866040284647144,0,0.44951034673851326,available
wa-test-001149,0,0.018221705826452574,0,0.44951034673851326,available
wa-test-001150,0,0.057516591906061565,0,0.44951034673851326,available
wa-test-001151,0,0.00203378139470405,0,0.44951034673851326,available
wa-test-001152,0,0.011274520107013674,0,0.44951034673851326,available
wa-test-001153,0,0.05435835276790776,0,0.44951034673851326,available
wa-test-001154,0,0.02722497837002739,0,0.44951034673851326,available
wa-test-001155,1,0.02610819352112941,0,0.44951034673851326,available
wa-test-001156,0,0.0050647398928875195,0,0.44951034673851326,available
wa-test-001157,0,0.006796306042085407,0,0.44951034673851326,available
wa-test-001158,1,0.35005628437542535,0,0.44951034673851326,available
wa-test-001159,0,0.06930316763373698,0,0.44951034673851326,available
wa-test-001160,1,0.8882014023168472,1,0.44951034673851326,available
wa-test-001161,1,0.9981241589500841,1,0.44951034673851326,available
wa-test-001162,0,0.01943311047221389,0,0.44951034673851326,available
wa-test-001163,0,0.001469841891263692,0,0.44951034673851326,available
wa-test-001164,0,0.027736758744784328,0,0.44951034673851326,available
wa-test-001165,0,0.037267247866121525,0,0.44951034673851326,available
wa-test-001166,0,0.026888298635214112,0,0.44951034673851326,available
wa-test-001167,0,0.034247396920681406,0,0.44951034673851326,available
wa-test-001168,0,0.006894061728273651,0,0.44951034673851326,available
wa-test-001169,0,0.5302443005502401,1,0.44951034673851326,available
wa-test-001170,0,0.010076203755530934,0,0.44951034673851326,available
wa-test-001171,0,0.5826147951920035,1,0.44951034673851326,available
wa-test-001172,0,0.003997272412988181,0,0.44951034673851326,available
wa-test-001173,0,0.002744934698356836,0,0.44951034673851326,available
wa-test-001174,0,0.31464231672174514,0,0.44951034673851326,available
wa-test-001175,1,0.9980365248199992,1,0.44951034673851326,available
wa-test-001176,0,0.003658781551139522,0,0.44951034673851326,available
wa-test-001177,0,0.0284903441237268,0,0.44951034673851326,available
wa-test-001178,0,0.03734264673726398,0,0.44951034673851326,available
wa-test-001179,0,0.11436735928879509,0,0.44951034673851326,available
wa-test-001180,0,0.12420121531502046,0,0.44951034673851326,available
wa-test-001181,0,0.02995456301578373,0,0.44951034673851326,available
wa-test-001182,0,0.045411721431905375,0,0.44951034673851326,available
wa-test-001183,1,0.9832929476111133,1,0.44951034673851326,available
wa-test-001184,1,0.6988557156005796,1,0.44951034673851326,available
wa-test-001185,0,0.018528179770313413,0,0.44951034673851326,available
wa-test-001186,0,0.004280305091559201,0,0.44951034673851326,available
wa-test-001187,0,0.02381625927372478,0,0.44951034673851326,available
wa-test-001188,0,0.011274520107013674,0,0.44951034673851326,available
wa-test-001189,0,0.007414730870486471,0,0.44951034673851326,available
wa-test-001190,0,0.004441754488115631,0,0.44951034673851326,available
wa-test-001191,0,0.009918858418517655,0,0.44951034673851326,available
wa-test-001192,0,0.004738983521343616,0,0.44951034673851326,available
wa-test-001193,1,0.07587065203403535,0,0.44951034673851326,available
wa-test-001194,0,0.02324241596454897,0,0.44951034673851326,available
wa-test-001195,0,0.021570383453296302,0,0.44951034673851326,available
wa-test-001196,0,0.03729724543297367,0,0.44951034673851326,available
wa-test-001197,0,0.001910436627529161,0,0.44951034673851326,available
wa-test-001198,0,0.007218390482940641,0,0.44951034673851326,available
wa-test-001199,0,0.07206369404645739,0,0.44951034673851326,available
wa-test-001200,0,0.11622284515715836,0,0.44951034673851326,available
wa-test-001201,0,0.18377343942602603,0,0.44951034673851326,available
wa-test-001202,0,0.004471596466881917,0,0.44951034673851326,available
wa-test-001203,0,0.012266831107196187,0,0.44951034673851326,available
wa-test-001204,0,0.08856132118954327,0,0.44951034673851326,available
wa-test-001205,0,0.004881243610007135,0,0.44951034673851326,available
wa-test-001206,0,0.0017240474500563653,0,0.44951034673851326,available
wa-test-001207,0,0.07309479984431864,0,0.44951034673851326,available
wa-test-001208,0,0.0037718896867589024,0,0.44951034673851326,available
wa-test-001209,0,0.02226497588672408,0,0.44951034673851326,available
wa-test-001210,0,0.027153150015325252,0,0.44951034673851326,available
wa-test-001211,0,0.10331480230524545,0,0.44951034673851326,available
wa-test-001212,1,0.0796614720640217,0,0.44951034673851326,available
wa-test-001213,0,0.027835242948783326,0,0.44951034673851326,available
wa-test-001214,0,0.11228500264283188,0,0.44951034673851326,available
wa-test-001215,0,0.008254338268869371,0,0.44951034673851326,available
wa-test-001216,0,0.0028353048594133784,0,0.44951034673851326,available
wa-test-001217,0,0.1334438733920558,0,0.44951034673851326,available
wa-test-001218,0,0.06038686200108259,0,0.44951034673851326,available
wa-test-001219,0,0.08856132118954327,0,0.44951034673851326,available
wa-test-001220,0,0.23200184324863782,0,0.44951034673851326,available
wa-test-001221,0,0.013762964004342234,0,0.44951034673851326,available
wa-test-001222,0,0.04374607475361247,0,0.44951034673851326,available
wa-test-001223,0,0.01655590016445338,0,0.44951034673851326,available
wa-test-001224,0,0.06989546859282261,0,0.44951034673851326,available
wa-test-001225,0,0.018220127434720963,0,0.44951034673851326,available
wa-test-001226,0,0.09797524234305287,0,0.44951034673851326,available
wa-test-001227,0,0.010248736503114595,0,0.44951034673851326,available
wa-test-001228,0,0.013303966919224853,0,0.44951034673851326,available
wa-test-001229,0,0.1280748517702172,0,0.44951034673851326,available
wa-test-001230,0,0.0019687399552430294,0,0.44951034673851326,available
wa-test-001231,1,0.9314295226113996,1,0.44951034673851326,available
wa-test-001232,0,0.0027926001676458184,0,0.44951034673851326,available
wa-test-001233,0,0.06376173824607129,0,0.44951034673851326,available
wa-test-001234,0,0.004886833792571353,0,0.44951034673851326,available
wa-test-001235,0,0.045411721431905375,0,0.44951034673851326,available
wa-test-001236,0,0.005386949758511597,0,0.44951034673851326,available
wa-test-001237,1,0.8836244178825069,1,0.44951034673851326,available
wa-test-001238,0,0.053609284634454774,0,0.44951034673851326,available
wa-test-001239,0,0.14606334199303336,0,0.44951034673851326,available
wa-test-001240,0,0.04309094998765616,0,0.44951034673851326,available
wa-test-001241,0,0.002595969246168221,0,0.44951034673851326,available
wa-test-001242,0,0.01006968645314505,0,0.44951034673851326,available
wa-test-001243,0,0.0013977519613744425,0,0.44951034673851326,available
wa-test-001244,0,0.019110238786584015,0,0.44951034673851326,available
wa-test-001245,0,0.027599440874625993,0,0.44951034673851326,available
wa-test-001246,0,0.12420121531502046,0,0.44951034673851326,available
wa-test-001247,0,0.0018231975090473261,0,0.44951034673851326,available
wa-test-001248,0,0.03558538504051896,0,0.44951034673851326,available
wa-test-001249,0,0.03401924354368982,0,0.44951034673851326,available
wa-test-001250,0,0.012666526989339412,0,0.44951034673851326,available
wa-test-001251,0,0.025287493315182475,0,0.44951034673851326,available
wa-test-001252,0,0.03640573675351065,0,0.44951034673851326,available
wa-test-001253,0,0.0047893035048912755,0,0.44951034673851326,available
wa-test-001254,0,0.0077894882815008155,0,0.44951034673851326,available
wa-test-001255,0,0.003246057928957123,0,0.44951034673851326,available
wa-test-001256,1,0.8906374588968012,1,0.44951034673851326,available
wa-test-001257,0,0.015536088507122146,0,0.44951034673851326,available
wa-test-001258,0,0.004039136513181118,0,0.44951034673851326,available
wa-test-001259,0,0.0002516561851536245,0,0.44951034673851326,available
wa-test-001260,0,0.11408661486984428,0,0.44951034673851326,available
wa-test-001261,0,0.022329485926480153,0,0.44951034673851326,available
wa-test-001262,0,0.014704483686052476,0,0.44951034673851326,available
wa-test-001263,0,0.015269828037279875,0,0.44951034673851326,available
wa-test-001264,0,0.012467401362901285,0,0.44951034673851326,available
wa-test-001265,0,0.005662018699991576,0,0.44951034673851326,available
wa-test-001266,0,0.01859194283774192,0,0.44951034673851326,available
wa-test-001267,0,0.053985012912129024,0,0.44951034673851326,available
wa-test-001268,0,0.03211485151300515,0,0.44951034673851326,available
wa-test-001269,0,0.6711379287703455,1,0.44951034673851326,available
wa-test-001270,0,0.051008110986880933,0,0.44951034673851326,available
wa-test-001271,0,0.0010611830834239995,0,0.44951034673851326,available
wa-test-001272,0,0.23818252883262078,0,0.44951034673851326,available
wa-test-001273,0,0.017285153657193048,0,0.44951034673851326,available
wa-test-001274,0,0.00768819721584517,0,0.44951034673851326,available
wa-test-001275,0,0.04767932785902623,0,0.44951034673851326,available
wa-test-001276,0,0.20960040247285136,0,0.44951034673851326,available
wa-test-001277,1,0.9976412512477076,1,0.44951034673851326,available
wa-test-001278,0,0.002834455751639529,0,0.44951034673851326,available
wa-test-001279,0,0.13443380806646613,0,0.44951034673851326,available
wa-test-001280,0,0.0025470057894743823,0,0.44951034673851326,available
wa-test-001281,0,0.007092736818486564,0,0.44951034673851326,available
wa-test-001282,0,0.045411721431905375,0,0.44951034673851326,available
wa-test-001283,0,0.018132262843684972,0,0.44951034673851326,available
wa-test-001284,0,0.015025618120295972,0,0.44951034673851326,available
wa-test-001285,0,0.0026633567710933298,0,0.44951034673851326,available
wa-test-001286,0,0.0378823021436489,0,0.44951034673851326,available
wa-test-001287,0,0.00180008825839056,0,0.44951034673851326,available
wa-test-001288,0,0.002304164544762892,0,0.44951034673851326,available
wa-test-001289,0,0.03022716356094917,0,0.44951034673851326,available
wa-test-001290,0,0.01134441286238817,0,0.44951034673851326,available
wa-test-001291,0,0.025806905297285052,0,0.44951034673851326,available
wa-test-001292,0,0.014274123012286545,0,0.44951034673851326,available
wa-test-001293,1,0.48613700936661997,1,0.44951034673851326,available
wa-test-001294,0,0.875516180739194,1,0.44951034673851326,available
wa-test-001295,0,0.020798207708186228,0,0.44951034673851326,available
wa-test-001296,0,0.0728689334555168,0,0.44951034673851326,available
wa-test-001297,1,0.9826904554484427,1,0.44951034673851326,available
wa-test-001298,0,0.05381098719667507,0,0.44951034673851326,available
wa-test-001299,0,0.02166648437334017,0,0.44951034673851326,available
wa-test-001300,0,0.011228915337871898,0,0.44951034673851326,available
wa-test-001301,0,0.003092292311416424,0,0.44951034673851326,available
wa-test-001302,0,0.004226661077736115,0,0.44951034673851326,available
wa-test-001303,0,0.011274520107013674,0,0.44951034673851326,available
wa-test-001304,1,0.08856132118954327,0,0.44951034673851326,available
wa-test-001305,0,0.019018503270429844,0,0.44951034673851326,available
wa-test-001306,0,0.03734264673726398,0,0.44951034673851326,available
wa-test-001307,1,0.018217773522732024,0,0.44951034673851326,available
wa-test-001308,0,0.0437509975323025,0,0.44951034673851326,available
wa-test-001309,0,0.03618906149163073,0,0.44951034673851326,available
wa-test-001310,0,0.0013646502897829622,0,0.44951034673851326,available
wa-test-001311,0,0.005272068473821638,0,0.44951034673851326,available
wa-test-001312,0,0.020558870219066668,0,0.44951034673851326,available
wa-test-001313,0,0.02983767931760245,0,0.44951034673851326,available
wa-test-001314,0,0.1957460847530287,0,0.44951034673851326,available
wa-test-001315,0,0.004448170247038131,0,0.44951034673851326,available
wa-test-001316,0,0.011274520107013674,0,0.44951034673851326,available
wa-test-001317,0,0.005526750869391602,0,0.44951034673851326,available
wa-test-001318,0,0.03397390856825858,0,0.44951034673851326,available
wa-test-001319,0,0.0035339415306504876,0,0.44951034673851326,available
wa-test-001320,0,0.06546443924766994,0,0.44951034673851326,available
wa-test-001321,0,0.02518328594887551,0,0.44951034673851326,available
wa-test-001322,0,0.018408519905824677,0,0.44951034673851326,available
wa-test-001323,0,0.009293608522839194,0,0.44951034673851326,available
wa-test-001324,0,0.012666526989339412,0,0.44951034673851326,available
wa-test-001325,0,0.0015065959130841533,0,0.44951034673851326,available
wa-test-001326,0,0.004314836550036271,0,0.44951034673851326,available
wa-test-001327,0,0.0046050114928757315,0,0.44951034673851326,available
wa-test-001328,0,0.03022413149929963,0,0.44951034673851326,available
wa-test-001329,0,0.16254883911730902,0,0.44951034673851326,available
wa-test-001330,0,0.16559852350260215,0,0.44951034673851326,available
wa-test-001331,0,0.015737588562896265,0,0.44951034673851326,available
wa-test-001332,0,0.04605768308369983,0,0.44951034673851326,available
wa-test-001333,0,0.03401924354368982,0,0.44951034673851326,available
wa-test-001334,0,0.021895453956811136,0,0.44951034673851326,available
wa-test-001335,0,0.014393961614175643,0,0.44951034673851326,available
wa-test-001336,0,0.004083489813528167,0,0.44951034673851326,available
wa-test-001337,0,0.00525910994035505,0,0.44951034673851326,available
wa-test-001338,0,0.006959497645491596,0,0.44951034673851326,available
wa-test-001339,0,0.0017013924497224693,0,0.44951034673851326,available
wa-test-001340,0,0.010195007959109733,0,0.44951034673851326,available
wa-test-001341,0,0.08886636906784771,0,0.44951034673851326,available
wa-test-001342,0,0.0011625676709864203,0,0.44951034673851326,available
wa-test-001343,0,0.040717759082972746,0,0.44951034673851326,available
wa-test-001344,0,0.000910228140683576,0,0.44951034673851326,available
wa-test-001345,0,0.0035902556538696716,0,0.44951034673851326,available
wa-test-001346,0,0.06241950506009736,0,0.44951034673851326,available
wa-test-001347,0,0.0016957609182248062,0,0.44951034673851326,available
wa-test-001348,1,0.06274317618037478,0,0.44951034673851326,available
wa-test-001349,0,0.0013153482403540028,0,0.44951034673851326,available
wa-test-001350,0,0.019904885922973525,0,0.44951034673851326,available
wa-test-001351,0,0.041062430492356645,0,0.44951034673851326,available
wa-test-001352,0,0.01738407685732587,0,0.44951034673851326,available
wa-test-001353,0,0.0012137312471779227,0,0.44951034673851326,available
wa-test-001354,0,0.0184469028425366,0,0.44951034673851326,available
wa-test-001355,0,0.015644329679425955,0,0.44951034673851326,available
wa-test-001356,0,0.004306911381633304,0,0.44951034673851326,available
wa-test-001357,0,0.011746874643392413,0,0.44951034673851326,available
wa-test-001358,0,0.002438139616782145,0,0.44951034673851326,available
wa-test-001359,0,0.09935117514678676,0,0.44951034673851326,available
wa-test-001360,0,0.005852219390083938,0,0.44951034673851326,available
wa-test-001361,0,0.03823725205693275,0,0.44951034673851326,available
wa-test-001362,0,0.007063414032582267,0,0.44951034673851326,available
wa-test-001363,0,0.03072513503774862,0,0.44951034673851326,available
wa-test-001364,0,0.015283990123990844,0,0.44951034673851326,available
wa-test-001365,1,0.8315648044173746,1,0.44951034673851326,available
wa-test-001366,0,0.003942725181311722,0,0.44951034673851326,available
wa-test-001367,0,0.00785969276677448,0,0.44951034673851326,available
wa-test-001368,0,0.01870062064503677,0,0.44951034673851326,available
wa-test-001369,0,0.0012412330306829672,0,0.44951034673851326,available
wa-test-001370,0,0.006899114196103345,0,0.44951034673851326,available
wa-test-001371,0,0.003950553401573109,0,0.44951034673851326,available
wa-test-001372,0,0.005899527623208248,0,0.44951034673851326,available
wa-test-001373,0,0.004816458327987691,0,0.44951034673851326,available
wa-test-001374,1,0.2533497917336655,0,0.44951034673851326,available
wa-test-001375,0,0.0013182532376608067,0,0.44951034673851326,available
wa-test-001376,0,0.0038191341832563663,0,0.44951034673851326,available
wa-test-001377,0,0.029312556834154804,0,0.44951034673851326,available
wa-test-001378,0,0.03734264673726398,0,0.44951034673851326,available
wa-test-001379,0,0.002139970277142924,0,0.44951034673851326,available
wa-test-001380,0,0.0022011882081463606,0,0.44951034673851326,available
wa-test-001381,0,0.008499699827634582,0,0.44951034673851326,available
wa-test-001382,0,0.03989861664329722,0,0.44951034673851326,available
wa-test-001383,0,0.006002687365321374,0,0.44951034673851326,available
wa-test-001384,0,0.001239687024249257,0,0.44951034673851326,available
wa-test-001385,0,0.013508395180086025,0,0.44951034673851326,available
wa-test-001386,1,0.9723435268383233,1,0.44951034673851326,available
wa-test-001387,1,0.9625805231148208,1,0.44951034673851326,available
wa-test-001388,1,0.5060481716807487,1,0.44951034673851326,available
wa-test-001389,0,0.3155247729463173,0,0.44951034673851326,available
wa-test-001390,0,0.024809562775436958,0,0.44951034673851326,available
wa-test-001391,0,0.032816371276826496,0,0.44951034673851326,available
wa-test-001392,0,0.003417629087795796,0,0.44951034673851326,available
wa-test-001393,0,0.004350594162697402,0,0.44951034673851326,available
wa-test-001394,0,0.00023663138718360696,0,0.44951034673851326,available
wa-test-001395,0,0.053010117099738796,0,0.44951034673851326,available
wa-test-001396,0,0.006679157148417856,0,0.44951034673851326,available
wa-test-001397,0,0.027460933411829074,0,0.44951034673851326,available
wa-test-001398,0,0.005270887100544756,0,0.44951034673851326,available
wa-test-001399,0,0.12586209711116317,0,0.44951034673851326,available
wa-test-001400,0,0.033007468046423696,0,0.44951034673851326,available
wa-test-001401,0,0.021704080237188575,0,0.44951034673851326,available
wa-test-001402,1,0.016753675363985126,0,0.44951034673851326,available
wa-test-001403,0,0.09899769620681985,0,0.44951034673851326,available
wa-test-001404,0,0.014459941548200309,0,0.44951034673851326,available
wa-test-001405,0,0.006793909540415121,0,0.44951034673851326,available
wa-test-001406,0,0.02022844156822404,0,0.44951034673851326,available
wa-test-001407,0,0.16150759550438948,0,0.44951034673851326,available
wa-test-001408,0,0.04594580122896409,0,0.44951034673851326,available
wa-test-001409,0,0.0007131803333758132,0,0.44951034673851326,available
wa-test-001410,0,0.014459941548200309,0,0.44951034673851326,available
wa-test-001411,0,0.024903335830360283,0,0.44951034673851326,available
wa-test-001412,0,0.01799720033309202,0,0.44951034673851326,available
wa-test-001413,0,0.011274520107013674,0,0.44951034673851326,available
wa-test-001414,0,0.002531026313282934,0,0.44951034673851326,available
wa-test-001415,0,0.023115499714962632,0,0.44951034673851326,available
wa-test-001416,0,0.0025107122600788413,0,0.44951034673851326,available
wa-test-001417,0,0.003467322074156354,0,0.44951034673851326,available
wa-test-001418,1,0.11242555247889457,0,0.44951034673851326,available
wa-test-001419,0,0.0033884501262355948,0,0.44951034673851326,available
wa-test-001420,0,0.011520540314428666,0,0.44951034673851326,available
wa-test-001421,0,0.007026697108964314,0,0.44951034673851326,available
wa-test-001422,0,0.022760823577427165,0,0.44951034673851326,available
wa-test-001423,0,0.15216764330305185,0,0.44951034673851326,available
wa-test-001424,0,0.0151528904825854,0,0.44951034673851326,available
wa-test-001425,0,0.005551875365121941,0,0.44951034673851326,available
wa-test-001426,1,0.059533459794971585,0,0.44951034673851326,available
wa-test-001427,0,0.015729856481673195,0,0.44951034673851326,available
wa-test-001428,0,0.030306547835524243,0,0.44951034673851326,available
wa-test-001429,0,0.15596446241158166,0,0.44951034673851326,available
wa-test-001430,0,0.05207277727967301,0,0.44951034673851326,available
wa-test-001431,0,0.0017864165138639129,0,0.44951034673851326,available
wa-test-001432,0,0.04355898090989272,0,0.44951034673851326,available
wa-test-001433,0,0.030521229612477142,0,0.44951034673851326,available
wa-test-001434,0,0.005236145179294235,0,0.44951034673851326,available
wa-test-001435,0,0.017587724536936952,0,0.44951034673851326,available
wa-test-001436,0,0.013228649408891189,0,0.44951034673851326,available
wa-test-001437,0,0.003111628216982031,0,0.44951034673851326,available
wa-test-001438,0,0.006240329109299238,0,0.44951034673851326,available
wa-test-001439,0,0.007999826794604014,0,0.44951034673851326,available
wa-test-001440,0,0.025728662708803713,0,0.44951034673851326,available
wa-test-001441,0,0.03410823193585186,0,0.44951034673851326,available
wa-test-001442,0,0.013930898211956278,0,0.44951034673851326,available
wa-test-001443,0,0.3809271366813887,0,0.44951034673851326,available
wa-test-001444,0,0.0023746961766342926,0,0.44951034673851326,available
wa-test-001445,0,0.0037537796137575995,0,0.44951034673851326,available
wa-test-001446,0,0.15082480660465067,0,0.44951034673851326,available
wa-test-001447,1,0.0015314933684936396,0,0.44951034673851326,available
wa-test-001448,0,0.0017287672420425342,0,0.44951034673851326,available
wa-test-001449,0,0.022501142614553,0,0.44951034673851326,available
wa-test-001450,0,0.0350524896821315,0,0.44951034673851326,available
wa-test-001451,0,0.045411721431905375,0,0.44951034673851326,available
wa-test-001452,0,0.0003855152388319681,0,0.44951034673851326,available
wa-test-001453,0,0.0065108304903966204,0,0.44951034673851326,available
wa-test-001454,0,0.020711879612248386,0,0.44951034673851326,available
wa-test-001455,0,0.05448006049635977,0,0.44951034673851326,available
wa-test-001456,0,0.0014753702611442097,0,0.44951034673851326,available
wa-test-001457,0,0.0018618277249848746,0,0.44951034673851326,available
wa-test-001458,0,0.046905508457348914,0,0.44951034673851326,available
wa-test-001459,0,0.05931325974573646,0,0.44951034673851326,available
wa-test-001460,0,0.6355464114058196,1,0.44951034673851326,available
wa-test-001461,0,0.031451446600651925,0,0.44951034673851326,available
wa-test-001462,0,0.007694151220297148,0,0.44951034673851326,available
wa-test-001463,0,0.0054555557895885716,0,0.44951034673851326,available
wa-test-001464,1,0.2342462931416739,0,0.44951034673851326,available
wa-test-001465,1,0.0012658392277299642,0,0.44951034673851326,available
wa-test-001466,0,0.00283318945497594,0,0.44951034673851326,available
wa-test-001467,0,0.002854581323185868,0,0.44951034673851326,available
wa-test-001468,0,0.0019526641822784998,0,0.44951034673851326,available
wa-test-001469,0,0.0023357179756962818,0,0.44951034673851326,available
wa-test-001470,0,0.001922082567148886,0,0.44951034673851326,available
wa-test-001471,0,0.01095198169328091,0,0.44951034673851326,available
wa-test-001472,0,0.0023131448263763363,0,0.44951034673851326,available
wa-test-001473,1,0.35633843540667115,0,0.44951034673851326,available
wa-test-001474,0,0.008358440503878713,0,0.44951034673851326,available
wa-test-001475,0,0.059118258563346085,0,0.44951034673851326,available
wa-test-001476,0,0.04032143361798288,0,0.44951034673851326,available
wa-test-001477,0,0.0027194571388437666,0,0.44951034673851326,available
wa-test-001478,0,0.1957460847530287,0,0.44951034673851326,available
wa-test-001479,0,0.05195077319193831,0,0.44951034673851326,available
wa-test-001480,0,0.026211399740472083,0,0.44951034673851326,available
wa-test-001481,0,0.002363828649118465,0,0.44951034673851326,available
wa-test-001482,0,0.025915033775296796,0,0.44951034673851326,available
wa-test-001483,0,0.5680301188248557,1,0.44951034673851326,available
wa-test-001484,0,0.06844714124837949,0,0.44951034673851326,available
wa-test-001485,0,0.041338299092672094,0,0.44951034673851326,available
wa-test-001486,0,0.006136037077783173,0,0.44951034673851326,available
wa-test-001487,0,0.0039113447366938,0,0.44951034673851326,available
wa-test-001488,0,0.013116179277657555,0,0.44951034673851326,available
wa-test-001489,0,0.004116530907178119,0,0.44951034673851326,available
wa-test-001490,0,0.030137622429167926,0,0.44951034673851326,available
wa-test-001491,0,0.019090816342871925,0,0.44951034673851326,available
wa-test-001492,0,0.0033090642735327633,0,0.44951034673851326,available
wa-test-001493,0,0.01859194283774192,0,0.44951034673851326,available
wa-test-001494,1,0.9082579349080282,1,0.44951034673851326,available
wa-test-001495,0,0.21446587046380566,0,0.44951034673851326,available
wa-test-001496,0,0.0810804322165138,0,0.44951034673851326,available
wa-test-001497,0,0.08071102768754711,0,0.44951034673851326,available
wa-test-001498,0,0.08471622973790813,0,0.44951034673851326,available
wa-test-001499,0,0.0019930810694168623,0,0.44951034673851326,available
wa-test-001500,0,0.003598221794533389,0,0.44951034673851326,available
wa-test-001501,0,0.017440004372811985,0,0.44951034673851326,available
wa-test-001502,0,0.24814573079898936,0,0.44951034673851326,available
wa-test-001503,1,0.711296562020909,1,0.44951034673851326,available
wa-test-001504,0,0.0723778563313817,0,0.44951034673851326,available
wa-test-001505,0,0.013005214590337105,0,0.44951034673851326,available
wa-test-001506,0,0.002383821145466867,0,0.44951034673851326,available
wa-test-001507,0,0.0013036139994945007,0,0.44951034673851326,available
wa-test-001508,0,0.16461220780665406,0,0.44951034673851326,available
wa-test-001509,0,0.6669011190216559,1,0.44951034673851326,available
wa-test-001510,0,0.3264198859874956,0,0.44951034673851326,available
wa-test-001511,0,0.014520192568484264,0,0.44951034673851326,available
wa-test-001512,0,0.0032349540487984396,0,0.44951034673851326,available
wa-test-001513,0,0.027215656888593318,0,0.44951034673851326,available
wa-test-001514,0,0.0015025434881069972,0,0.44951034673851326,available
wa-test-001515,0,0.0577220247755776,0,0.44951034673851326,available
wa-test-001516,0,0.009018640118980445,0,0.44951034673851326,available
wa-test-001517,0,0.03026887607716306,0,0.44951034673851326,available
wa-test-001518,0,0.008567558253109998,0,0.44951034673851326,available
wa-test-001519,0,0.007636129072781218,0,0.44951034673851326,available
wa-test-001520,0,0.5265695152828092,1,0.44951034673851326,available
wa-test-001521,0,0.0009478565603511803,0,0.44951034673851326,available
wa-test-001522,0,0.04471387241772973,0,0.44951034673851326,available
wa-test-001523,0,0.0031982383779923388,0,0.44951034673851326,available
wa-test-001524,0,0.04173016803300956,0,0.44951034673851326,available
wa-test-001525,1,0.7679225475560673,1,0.44951034673851326,available
wa-test-001526,0,0.014439683602377172,0,0.44951034673851326,available
wa-test-001527,0,0.025460098361909447,0,0.44951034673851326,available
wa-test-001528,0,0.012288039226878815,0,0.44951034673851326,available
wa-test-001529,0,0.009999946653744944,0,0.44951034673851326,available
wa-test-001530,0,0.00018860677246279684,0,0.44951034673851326,available
wa-test-001531,0,0.046586047026148505,0,0.44951034673851326,available
wa-test-001532,0,0.0026901107591915676,0,0.44951034673851326,available
wa-test-001533,0,0.010505620979680125,0,0.44951034673851326,available
wa-test-001534,0,0.1297895651345073,0,0.44951034673851326,available
wa-test-001535,0,0.0024435895957044033,0,0.44951034673851326,available
wa-test-001536,0,0.01965189374161807,0,0.44951034673851326,available
wa-test-001537,0,0.017587724536936952,0,0.44951034673851326,available
wa-test-001538,0,0.007114548564835858,0,0.44951034673851326,available
wa-test-001539,0,0.007938296673057803,0,0.44951034673851326,available
wa-test-001540,1,0.0010316087193457777,0,0.44951034673851326,available
wa-test-001541,0,0.00020442256473344108,0,0.44951034673851326,available
wa-test-001542,0,0.02129865933784929,0,0.44951034673851326,available
wa-test-001543,1,0.0004161233304478522,0,0.44951034673851326,available
wa-test-001544,0,0.18399339401534162,0,0.44951034673851326,available
wa-test-001545,0,0.004878556608571122,0,0.44951034673851326,available
wa-test-001546,0,0.004540830718680027,0,0.44951034673851326,available
wa-test-001547,0,0.009717521622347507,0,0.44951034673851326,available
wa-test-001548,0,0.030306547835524243,0,0.44951034673851326,available
wa-test-001549,0,0.0513247884274538,0,0.44951034673851326,available
wa-test-001550,0,0.006847291601840322,0,0.44951034673851326,available
wa-test-001551,0,0.06241950506009736,0,0.44951034673851326,available
wa-test-001552,0,0.0026400554498427807,0,0.44951034673851326,available
wa-test-001553,0,0.0016864428057472459,0,0.44951034673851326,available
wa-test-001554,0,0.01352219112077715,0,0.44951034673851326,available
wa-test-001555,0,0.059533459794971585,0,0.44951034673851326,available
wa-test-001556,0,0.0077344290788630005,0,0.44951034673851326,available
wa-test-001557,0,0.00035959732547242605,0,0.44951034673851326,available
wa-test-001558,0,0.05419530000713404,0,0.44951034673851326,available
wa-test-001559,0,0.08856132118954327,0,0.44951034673851326,available
wa-test-001560,0,0.004505472628645804,0,0.44951034673851326,available
wa-test-001561,0,0.03584312368457859,0,0.44951034673851326,available
wa-test-001562,0,0.002614873450728678,0,0.44951034673851326,available
wa-test-001563,0,0.10104962437124959,0,0.44951034673851326,available
wa-test-001564,0,0.002238516650435923,0,0.44951034673851326,available
wa-test-001565,0,0.14798346189619896,0,0.44951034673851326,available
wa-test-001566,0,0.1398765442698695,0,0.44951034673851326,available
wa-test-001567,0,0.03040813834824865,0,0.44951034673851326,available
wa-test-001568,1,0.9497352945757054,1,0.44951034673851326,available
wa-test-001569,0,0.12670944849429508,0,0.44951034673851326,available
wa-test-001570,0,0.04169509643460716,0,0.44951034673851326,available
wa-test-001571,1,0.5729285197949413,1,0.44951034673851326,available
wa-test-001572,0,0.0756354534373373,0,0.44951034673851326,available
wa-test-001573,0,0.08405819258990602,0,0.44951034673851326,available
wa-test-001574,0,0.012762921909494426,0,0.44951034673851326,available
wa-test-001575,0,0.0027746973566620103,0,0.44951034673851326,available
wa-test-001576,0,0.06075595223482625,0,0.44951034673851326,available
wa-test-001577,0,0.09277417118224296,0,0.44951034673851326,available
wa-test-001578,1,0.8355740189693177,1,0.44951034673851326,available
wa-test-001579,0,0.017852635583758932,0,0.44951034673851326,available
wa-test-001580,0,0.00759092891797408,0,0.44951034673851326,available
wa-test-001581,0,0.28277472232635215,0,0.44951034673851326,available
wa-test-001582,0,0.13996227864327893,0,0.44951034673851326,available
wa-test-001583,0,0.16139449272075454,0,0.44951034673851326,available
wa-test-001584,0,0.0023527257527410222,0,0.44951034673851326,available
wa-test-001585,0,0.010076687894206546,0,0.44951034673851326,available
wa-test-001586,0,0.00046273828109278346,0,0.44951034673851326,available
wa-test-001587,0,0.008608744600582132,0,0.44951034673851326,available
wa-test-001588,0,0.013158740653929316,0,0.44951034673851326,available
wa-test-001589,0,0.00491985530296463,0,0.44951034673851326,available
wa-test-001590,0,0.009238257600588506,0,0.44951034673851326,available
wa-test-001591,0,0.0018541583262834081,0,0.44951034673851326,available
wa-test-001592,0,0.01852843006285271,0,0.44951034673851326,available
wa-test-001593,0,0.005333858966612321,0,0.44951034673851326,available
wa-test-001594,0,0.1510124325593363,0,0.44951034673851326,available
wa-test-001595,0,0.012924262825500446,0,0.44951034673851326,available
wa-test-001596,0,0.08856132118954327,0,0.44951034673851326,available
wa-test-001597,0,0.0040779388457048565,0,0.44951034673851326,available
wa-test-001598,0,0.004423502939549041,0,0.44951034673851326,available
wa-test-001599,0,0.009491399704982096,0,0.44951034673851326,available
wa-test-001600,0,0.0004980620942635259,0,0.44951034673851326,available
wa-test-001601,0,0.0212158148560694,0,0.44951034673851326,available
wa-test-001602,0,0.02075889982858702,0,0.44951034673851326,available
wa-test-001603,0,0.0810804322165138,0,0.44951034673851326,available
wa-test-001604,0,0.028552760884905586,0,0.44951034673851326,available
wa-test-001605,0,0.0013700666539125908,0,0.44951034673851326,available
wa-test-001606,0,0.007083240850828423,0,0.44951034673851326,available
wa-test-001607,0,0.00369737310621406,0,0.44951034673851326,available
wa-test-001608,0,0.018992462602100017,0,0.44951034673851326,available
wa-test-001609,0,0.0033399245751971392,0,0.44951034673851326,available
wa-test-001610,1,0.09362210736120254,0,0.44951034673851326,available
wa-test-001611,0,0.004285566258127526,0,0.44951034673851326,available
wa-test-001612,0,0.02569502607524086,0,0.44951034673851326,available
wa-test-001613,0,0.006782823038670437,0,0.44951034673851326,available
wa-test-001614,0,0.0037743273506287453,0,0.44951034673851326,available
wa-test-001615,0,0.07672462224215902,0,0.44951034673851326,available
wa-test-001616,0,0.002014427159287682,0,0.44951034673851326,available
wa-test-001617,0,0.023596188965668972,0,0.44951034673851326,available
wa-test-001618,0,0.025938590747831985,0,0.44951034673851326,available
wa-test-001619,0,0.3264198859874956,0,0.44951034673851326,available
wa-test-001620,0,0.00920076488992587,0,0.44951034673851326,available
wa-test-001621,0,0.041365674961069646,0,0.44951034673851326,available
wa-test-001622,0,0.26736633420284334,0,0.44951034673851326,available
wa-test-001623,0,0.03291845021031561,0,0.44951034673851326,available
wa-test-001624,0,0.03745319759931014,0,0.44951034673851326,available
wa-test-001625,0,0.036853101425250036,0,0.44951034673851326,available
wa-test-001626,1,0.1867907654320915,0,0.44951034673851326,available
wa-test-001627,0,0.03877354730978766,0,0.44951034673851326,available
wa-test-001628,0,0.0016258093673717992,0,0.44951034673851326,available
wa-test-001629,0,0.17212578113119567,0,0.44951034673851326,available
wa-test-001630,0,0.0037279191176509555,0,0.44951034673851326,available
wa-test-001631,0,0.01232174739319991,0,0.44951034673851326,available
wa-test-001632,0,0.01739488078921855,0,0.44951034673851326,available
wa-test-001633,0,0.007301675911279783,0,0.44951034673851326,available
wa-test-001634,0,0.0030803921309854646,0,0.44951034673851326,available
wa-test-001635,0,0.04032143361798288,0,0.44951034673851326,available
wa-test-001636,0,0.028963773224308556,0,0.44951034673851326,available
wa-test-001637,1,0.07531261897302373,0,0.44951034673851326,available
wa-test-001638,0,0.0054096228689710845,0,0.44951034673851326,available
wa-test-001639,0,0.0008768842618157572,0,0.44951034673851326,available
wa-test-001640,0,0.0649034169271787,0,0.44951034673851326,available
wa-test-001641,0,0.001723431935011235,0,0.44951034673851326,available
wa-test-001642,0,0.08687221855360257,0,0.44951034673851326,available
wa-test-001643,0,0.0313676968505504,0,0.44951034673851326,available
wa-test-001644,0,0.0031850291231092375,0,0.44951034673851326,available
wa-test-001645,0,0.004852415134007299,0,0.44951034673851326,available
wa-test-001646,0,0.010248736503114595,0,0.44951034673851326,available
wa-test-001647,0,0.6221471936662041,1,0.44951034673851326,available
wa-test-001648,1,0.9428454865983412,1,0.44951034673851326,available
wa-test-001649,0,0.18100926762583694,0,0.44951034673851326,available
wa-test-001650,0,0.01779875060896296,0,0.44951034673851326,available
wa-test-001651,1,0.9996233160414458,1,0.44951034673851326,available
wa-test-001652,0,0.0015086463323162953,0,0.44951034673851326,available
wa-test-001653,0,0.005053380805474384,0,0.44951034673851326,available
wa-test-001654,0,0.0044097660689853746,0,0.44951034673851326,available
wa-test-001655,0,0.045411721431905375,0,0.44951034673851326,available
wa-test-001656,0,0.008461729009161098,0,0.44951034673851326,available
wa-test-001657,0,0.17466842273243374,0,0.44951034673851326,available
wa-test-001658,0,0.001331190812372613,0,0.44951034673851326,available
wa-test-001659,0,0.10678031043017987,0,0.44951034673851326,available
wa-test-001660,0,0.04032143361798288,0,0.44951034673851326,available
wa-test-001661,0,0.001209351508684776,0,0.44951034673851326,available
wa-test-001662,0,0.006284070795753664,0,0.44951034673851326,available
wa-test-001663,1,0.5019693601763767,1,0.44951034673851326,available
wa-test-001664,0,0.005515584596135475,0,0.44951034673851326,available
wa-test-001665,0,0.06437695435968027,0,0.44951034673851326,available
wa-test-001666,0,0.08856132118954327,0,0.44951034673851326,available
wa-test-001667,0,0.01717544653764919,0,0.44951034673851326,available
wa-test-001668,1,0.24191087731304486,0,0.44951034673851326,available
wa-test-001669,0,0.0066172056600128015,0,0.44951034673851326,available
wa-test-001670,0,4.3582648446302734e-05,0,0.44951034673851326,available
wa-test-001671,0,0.053461874334559505,0,0.44951034673851326,available
wa-test-001672,0,0.029305041637795126,0,0.44951034673851326,available
wa-test-001673,0,0.06988649607896034,0,0.44951034673851326,available
wa-test-001674,0,0.0016383641148485753,0,0.44951034673851326,available
wa-test-001675,0,0.0027426330641411884,0,0.44951034673851326,available
wa-test-001676,0,0.10095007247442837,0,0.44951034673851326,available
wa-test-001677,0,0.007061988980658979,0,0.44951034673851326,available
wa-test-001678,0,0.02444429686029611,0,0.44951034673851326,available
wa-test-001679,0,0.015784055278633406,0,0.44951034673851326,available
wa-test-001680,0,0.021202987326754488,0,0.44951034673851326,available
wa-test-001681,0,0.007368370364543629,0,0.44951034673851326,available
wa-test-001682,0,0.045411721431905375,0,0.44951034673851326,available
wa-test-001683,0,0.002434155329677077,0,0.44951034673851326,available
wa-test-001684,0,0.04786737171915084,0,0.44951034673851326,available
wa-test-001685,0,0.00832279033057308,0,0.44951034673851326,available
wa-test-001686,0,0.00876043186294869,0,0.44951034673851326,available
wa-test-001687,0,0.06406752236039218,0,0.44951034673851326,available
wa-test-001688,0,0.004484069125865382,0,0.44951034673851326,available
wa-test-001689,0,0.08062460286614488,0,0.44951034673851326,available
wa-test-001690,0,0.003809770449559102,0,0.44951034673851326,available
wa-test-001691,0,0.011304974563620554,0,0.44951034673851326,available
wa-test-001692,0,0.4529429727060768,1,0.44951034673851326,available
wa-test-001693,1,0.17272585454457487,0,0.44951034673851326,available
wa-test-001694,0,0.09992297602363856,0,0.44951034673851326,available
wa-test-001695,0,0.011508432557444303,0,0.44951034673851326,available
wa-test-001696,0,0.02135115336424431,0,0.44951034673851326,available
wa-test-001697,0,0.0255481207353738,0,0.44951034673851326,available
wa-test-001698,0,0.059594494768359124,0,0.44951034673851326,available
wa-test-001699,0,0.043345539525857006,0,0.44951034673851326,available
wa-test-001700,0,0.017647446553356257,0,0.44951034673851326,available
wa-test-001701,0,0.03153580271598612,0,0.44951034673851326,available
wa-test-001702,0,0.02200297680273488,0,0.44951034673851326,available
wa-test-001703,0,0.0010327639925240997,0,0.44951034673851326,available
wa-test-001704,0,0.004559788135831434,0,0.44951034673851326,available
wa-test-001705,0,0.30471722671992624,0,0.44951034673851326,available
wa-test-001706,0,0.0036616661301116455,0,0.44951034673851326,available
wa-test-001707,1,0.7716607222747547,1,0.44951034673851326,available
wa-test-001708,0,0.059533459794971585,0,0.44951034673851326,available
wa-test-001709,0,0.48984908261457794,1,0.44951034673851326,available
wa-test-001710,0,0.05918640844087259,0,0.44951034673851326,available
wa-test-001711,1,0.5289086941626082,1,0.44951034673851326,available
wa-test-001712,0,0.030988947871742948,0,0.44951034673851326,available
wa-test-001713,0,0.013318951675762726,0,0.44951034673851326,available
wa-test-001714,0,0.012502347363858921,0,0.44951034673851326,available
wa-test-001715,0,0.0027311907194339743,0,0.44951034673851326,available
wa-test-001716,0,0.0008682536079947659,0,0.44951034673851326,available
wa-test-001717,0,0.006585666974863376,0,0.44951034673851326,available
wa-test-001718,0,0.021619738670493282,0,0.44951034673851326,available
wa-test-001719,0,0.12956693870610422,0,0.44951034673851326,available
wa-test-001720,0,0.03860491975144281,0,0.44951034673851326,available
wa-test-001721,1,0.007743113929970687,0,0.44951034673851326,available
wa-test-001722,0,0.022760823577427165,0,0.44951034673851326,available
wa-test-001723,0,0.009249735250466405,0,0.44951034673851326,available
wa-test-001724,0,0.007838300776586444,0,0.44951034673851326,available
wa-test-001725,0,0.04691440715101102,0,0.44951034673851326,available
wa-test-001726,0,0.04725006348753375,0,0.44951034673851326,available
wa-test-001727,0,0.030306547835524243,0,0.44951034673851326,available
wa-test-001728,0,0.012601942787092113,0,0.44951034673851326,available
wa-test-001729,0,0.013840724549518395,0,0.44951034673851326,available
wa-test-001730,0,0.002939490719706239,0,0.44951034673851326,available
wa-test-001731,0,0.010373807763146696,0,0.44951034673851326,available
wa-test-001732,0,0.204812045378995,0,0.44951034673851326,available
wa-test-001733,0,0.06241950506009736,0,0.44951034673851326,available
wa-test-001734,0,0.060402027561789896,0,0.44951034673851326,available
wa-test-001735,0,0.024259854499923888,0,0.44951034673851326,available
wa-test-001736,0,0.03647040878839456,0,0.44951034673851326,available
wa-test-001737,1,0.985382315450484,1,0.44951034673851326,available
wa-test-001738,1,0.10878893542694312,0,0.44951034673851326,available
wa-test-001739,0,0.004880630113128154,0,0.44951034673851326,available
wa-test-001740,0,0.011274520107013674,0,0.44951034673851326,available
wa-test-001741,0,0.0038911858661584767,0,0.44951034673851326,available
wa-test-001742,0,0.05918640844087259,0,0.44951034673851326,available
wa-test-001743,0,0.0024652660757444253,0,0.44951034673851326,available
wa-test-001744,0,0.002203270386275657,0,0.44951034673851326,available
wa-test-001745,0,0.08238832371166854,0,0.44951034673851326,available
wa-test-001746,0,0.0037482756256698706,0,0.44951034673851326,available
wa-test-001747,0,0.0028321348908732676,0,0.44951034673851326,available
wa-test-001748,0,0.024709619312152598,0,0.44951034673851326,available
wa-test-001749,0,0.0377367685440369,0,0.44951034673851326,available
wa-test-001750,0,0.035285774538458714,0,0.44951034673851326,available
wa-test-001751,0,0.01285570624656613,0,0.44951034673851326,available
wa-test-001752,0,0.010815916100796649,0,0.44951034673851326,available
wa-test-001753,0,0.018722457168067315,0,0.44951034673851326,available
wa-test-001754,0,0.12425552342073745,0,0.44951034673851326,available
wa-test-001755,0,0.4103594418891885,0,0.44951034673851326,available
wa-test-001756,0,0.005642664353700686,0,0.44951034673851326,available
wa-test-001757,0,0.015304984698438166,0,0.44951034673851326,available
wa-test-001758,0,0.010134176343910619,0,0.44951034673851326,available
wa-test-001759,0,3.9045772000722236e-05,0,0.44951034673851326,available
wa-test-001760,0,0.006728403707054869,0,0.44951034673851326,available
wa-test-001761,0,0.00595351535495235,0,0.44951034673851326,available
wa-test-001762,0,0.0073385366962735385,0,0.44951034673851326,available
wa-test-001763,0,0.008438542299435737,0,0.44951034673851326,available
wa-test-001764,0,0.0015525743341534613,0,0.44951034673851326,available
wa-test-001765,1,0.7628776861801327,1,0.44951034673851326,available
wa-test-001766,0,0.04702954068044869,0,0.44951034673851326,available
wa-test-001767,0,0.0012814817499216052,0,0.44951034673851326,available
wa-test-001768,0,0.009195707053835708,0,0.44951034673851326,available
wa-test-001769,0,0.10512452383399655,0,0.44951034673851326,available
wa-test-001770,0,0.004674041599327631,0,0.44951034673851326,available
wa-test-001771,0,0.03969851176508878,0,0.44951034673851326,available
wa-test-001772,0,0.01100455717991292,0,0.44951034673851326,available
wa-test-001773,0,0.0009751970744257713,0,0.44951034673851326,available
wa-test-001774,0,0.022047366448119898,0,0.44951034673851326,available
wa-test-001775,0,0.0037240121669712876,0,0.44951034673851326,available
wa-test-001776,0,0.2405175661993192,0,0.44951034673851326,available
wa-test-001777,0,0.04237734399187981,0,0.44951034673851326,available
wa-test-001778,0,0.19587368712880898,0,0.44951034673851326,available
wa-test-001779,0,0.04456809556234938,0,0.44951034673851326,available
wa-test-001780,0,0.04299831046185072,0,0.44951034673851326,available
wa-test-001781,0,0.0027871789430329963,0,0.44951034673851326,available
wa-test-001782,0,0.045411721431905375,0,0.44951034673851326,available
wa-test-001783,0,0.10023892422956698,0,0.44951034673851326,available
wa-test-001784,0,0.04767932785902623,0,0.44951034673851326,available
wa-test-001785,0,0.056681943647029394,0,0.44951034673851326,available
wa-test-001786,0,0.056144513208567184,0,0.44951034673851326,available
wa-test-001787,0,0.051579368104009725,0,0.44951034673851326,available
wa-test-001788,0,0.0034201188118119395,0,0.44951034673851326,available
wa-test-001789,0,0.013128018140967231,0,0.44951034673851326,available
wa-test-001790,0,0.00830634506372556,0,0.44951034673851326,available
wa-test-001791,0,0.06177736931006542,0,0.44951034673851326,available
wa-test-001792,0,0.0020396700257273017,0,0.44951034673851326,available
wa-test-001793,0,0.018252467890000686,0,0.44951034673851326,available
wa-test-001794,0,0.01760302290188517,0,0.44951034673851326,available
wa-test-001795,1,0.008092484751602066,0,0.44951034673851326,available
wa-test-001796,0,0.0017592915144994303,0,0.44951034673851326,available
wa-test-001797,1,0.9941125651196194,1,0.44951034673851326,available
wa-test-001798,0,0.02296135704695513,0,0.44951034673851326,available
wa-test-001799,0,0.005532666116662295,0,0.44951034673851326,available
wa-test-001800,0,0.011829447453358581,0,0.44951034673851326,available
wa-test-001801,0,0.0013197822232702094,0,0.44951034673851326,available
wa-test-001802,1,0.07341248022185433,0,0.44951034673851326,available
wa-test-001803,0,0.0742831924981043,0,0.44951034673851326,available
wa-test-001804,0,0.00036398410875502195,0,0.44951034673851326,available
wa-test-001805,0,0.002404444046632959,0,0.44951034673851326,available
wa-test-001806,0,0.25351530034560865,0,0.44951034673851326,available
wa-test-001807,0,0.009297691327038032,0,0.44951034673851326,available
wa-test-001808,0,0.05030448111923202,0,0.44951034673851326,available
wa-test-001809,0,0.008319095917868401,0,0.44951034673851326,available
wa-test-001810,0,0.017140198014395876,0,0.44951034673851326,available
wa-test-001811,0,0.005180336117873825,0,0.44951034673851326,available
wa-test-001812,1,0.7288802774138708,1,0.44951034673851326,available
wa-test-001813,0,0.010184011243399621,0,0.44951034673851326,available
wa-test-001814,0,0.007990323248835965,0,0.44951034673851326,available
wa-test-001815,0,0.44148998215540125,0,0.44951034673851326,available
wa-test-001816,0,0.35327405435664067,0,0.44951034673851326,available
wa-test-001817,1,0.811896837074108,1,0.44951034673851326,available
wa-test-001818,1,0.916289136249733,1,0.44951034673851326,available
wa-test-001819,0,0.0669550678262515,0,0.44951034673851326,available
wa-test-001820,0,0.11657705102393276,0,0.44951034673851326,available
wa-test-001821,0,0.0021076303150970085,0,0.44951034673851326,available
wa-test-001822,0,0.04427359041419385,0,0.44951034673851326,available
wa-test-001823,1,0.06874308450216277,0,0.44951034673851326,available
wa-test-001824,0,0.31157248020518,0,0.44951034673851326,available
wa-test-001825,0,0.0015968389132698178,0,0.44951034673851326,available
wa-test-001826,0,0.012666526989339412,0,0.44951034673851326,available
wa-test-001827,0,0.06241950506009736,0,0.44951034673851326,available
wa-test-001828,0,0.00405593804409806,0,0.44951034673851326,available
wa-test-001829,1,0.9444519266655379,1,0.44951034673851326,available
wa-test-001830,0,0.02019552088080886,0,0.44951034673851326,available
wa-test-001831,0,0.01474326085745625,0,0.44951034673851326,available
wa-test-001832,1,0.1555537059293561,0,0.44951034673851326,available
wa-test-001833,0,0.016685031761706836,0,0.44951034673851326,available
wa-test-001834,0,0.09277417118224296,0,0.44951034673851326,available
wa-test-001835,0,0.16699647421365096,0,0.44951034673851326,available
wa-test-001836,0,0.004306187683322428,0,0.44951034673851326,available
wa-test-001837,1,0.026507576489558406,0,0.44951034673851326,available
wa-test-001838,0,0.11051158171336518,0,0.44951034673851326,available
wa-test-001839,1,0.3243285272173472,0,0.44951034673851326,available
wa-test-001840,0,0.07235971118260648,0,0.44951034673851326,available
wa-test-001841,0,0.0038476888705240935,0,0.44951034673851326,available
wa-test-001842,0,0.017880890123299596,0,0.44951034673851326,available
wa-test-001843,0,0.04104962379466053,0,0.44951034673851326,available
wa-test-001844,0,0.11285606155541367,0,0.44951034673851326,available
wa-test-001845,0,0.04032143361798288,0,0.44951034673851326,available
wa-test-001846,0,0.01738407685732587,0,0.44951034673851326,available
wa-test-001847,0,0.00033571581161001503,0,0.44951034673851326,available
wa-test-001848,0,0.00440847643160014,0,0.44951034673851326,available
wa-test-001849,0,0.01832247808657788,0,0.44951034673851326,available
wa-test-001850,0,0.0034981442576874962,0,0.44951034673851326,available
wa-test-001851,0,0.03221429910408094,0,0.44951034673851326,available
wa-test-001852,0,0.03234453950340541,0,0.44951034673851326,available
wa-test-001853,0,0.04767932785902623,0,0.44951034673851326,available
wa-test-001854,0,0.017659298533941655,0,0.44951034673851326,available
wa-test-001855,0,0.006984501050868302,0,0.44951034673851326,available
wa-test-001856,0,0.0013856319019347496,0,0.44951034673851326,available
wa-test-001857,0,0.004635850451839305,0,0.44951034673851326,available
wa-test-001858,0,0.044018419902941024,0,0.44951034673851326,available
wa-test-001859,0,0.026164102144778694,0,0.44951034673851326,available
wa-test-001860,0,0.0006782273320477934,0,0.44951034673851326,available
wa-test-001861,0,0.030055886484642556,0,0.44951034673851326,available
wa-test-001862,0,0.013733928564739786,0,0.44951034673851326,available
wa-test-001863,0,0.005216429084021427,0,0.44951034673851326,available
wa-test-001864,1,0.2780289765671596,0,0.44951034673851326,available
wa-test-001865,0,0.04861013900781058,0,0.44951034673851326,available
wa-test-001866,0,0.0022801573369533863,0,0.44951034673851326,available
wa-test-001867,0,0.3894055698945191,0,0.44951034673851326,available
wa-test-001868,1,0.000684942283188222,0,0.44951034673851326,available
wa-test-001869,0,0.014203070728027779,0,0.44951034673851326,available
wa-test-001870,0,0.025349751094964113,0,0.44951034673851326,available
wa-test-001871,0,0.009441041016116784,0,0.44951034673851326,available
wa-test-001872,0,0.005580255193209964,0,0.44951034673851326,available
wa-test-001873,0,0.003934509323415271,0,0.44951034673851326,available
wa-test-001874,0,0.007631776640129394,0,0.44951034673851326,available
wa-test-001875,0,0.01735999513557646,0,0.44951034673851326,available
wa-test-001876,0,0.07238655720892241,0,0.44951034673851326,available
wa-test-001877,0,0.03926935887618548,0,0.44951034673851326,available
wa-test-001878,0,0.006486297717495289,0,0.44951034673851326,available
wa-test-001879,0,0.028003446577777095,0,0.44951034673851326,available
wa-test-001880,0,0.00012098385941479724,0,0.44951034673851326,available
wa-test-001881,0,0.09321879027720371,0,0.44951034673851326,available
wa-test-001882,0,0.004203060293954388,0,0.44951034673851326,available
wa-test-001883,1,0.9975061242025988,1,0.44951034673851326,available
wa-test-001884,0,0.0016701488073700636,0,0.44951034673851326,available
wa-test-001885,0,0.007951742934135893,0,0.44951034673851326,available
wa-test-001886,0,0.0024925714591429926,0,0.44951034673851326,available
wa-test-001887,0,0.0018505440019905646,0,0.44951034673851326,available
wa-test-001888,0,0.010139261578967019,0,0.44951034673851326,available
wa-test-001889,0,0.04032143361798288,0,0.44951034673851326,available
wa-test-001890,0,0.10491450593764905,0,0.44951034673851326,available
wa-test-001891,0,0.09406931831844112,0,0.44951034673851326,available
wa-test-001892,0,0.1289016265456583,0,0.44951034673851326,available
wa-test-001893,0,0.008298652974009082,0,0.44951034673851326,available
wa-test-001894,0,0.013682576239323604,0,0.44951034673851326,available
wa-test-001895,0,0.02059864030831632,0,0.44951034673851326,available
wa-test-001896,1,0.9256365140153416,1,0.44951034673851326,available
wa-test-001897,0,0.12420121531502046,0,0.44951034673851326,available
wa-test-001898,0,0.11993635947414209,0,0.44951034673851326,available
wa-test-001899,0,0.04141013297402184,0,0.44951034673851326,available
wa-test-001900,0,0.31272445191069703,0,0.44951034673851326,available
wa-test-001901,0,0.002066737710975927,0,0.44951034673851326,available
wa-test-001902,0,0.08670270991749159,0,0.44951034673851326,available
wa-test-001903,0,0.0234397066224562,0,0.44951034673851326,available
wa-test-001904,0,0.035628678916586456,0,0.44951034673851326,available
wa-test-001905,0,0.007066274060702704,0,0.44951034673851326,available
wa-test-001906,0,0.4899843405348188,1,0.44951034673851326,available
wa-test-001907,0,0.011486535153921099,0,0.44951034673851326,available
wa-test-001908,0,0.006478633638422347,0,0.44951034673851326,available
wa-test-001909,0,0.01980635671324175,0,0.44951034673851326,available
wa-test-001910,1,0.0029113032806483237,0,0.44951034673851326,available
wa-test-001911,0,0.0005585112504912423,0,0.44951034673851326,available
wa-test-001912,0,0.04063729689291095,0,0.44951034673851326,available
wa-test-001913,0,0.017076590740627763,0,0.44951034673851326,available
wa-test-001914,0,0.007998077327789897,0,0.44951034673851326,available
wa-test-001915,0,0.0021864143817626617,0,0.44951034673851326,available
wa-test-001916,0,0.006095520324009607,0,0.44951034673851326,available
wa-test-001917,1,0.993484303968058,1,0.44951034673851326,available
wa-test-001918,0,0.14842606182591367,0,0.44951034673851326,available
wa-test-001919,0,0.022760823577427165,0,0.44951034673851326,available
wa-test-001920,1,0.0005242096188953968,0,0.44951034673851326,available
wa-test-001921,0,0.0061814203608961515,0,0.44951034673851326,available
wa-test-001922,0,0.2597943421692093,0,0.44951034673851326,available
wa-test-001923,0,0.10419969034917446,0,0.44951034673851326,available
wa-test-001924,0,0.014459941548200309,0,0.44951034673851326,available
wa-test-001925,0,0.011637388330615311,0,0.44951034673851326,available
wa-test-001926,0,0.06616479355195441,0,0.44951034673851326,available
wa-test-001927,0,0.02692518833092233,0,0.44951034673851326,available
wa-test-001928,0,0.019046051799427796,0,0.44951034673851326,available
wa-test-001929,0,0.004900311907840216,0,0.44951034673851326,available
wa-test-001930,0,0.04469210317757166,0,0.44951034673851326,available
wa-test-001931,0,0.04036447345866399,0,0.44951034673851326,available
wa-test-001932,0,0.02338604954721121,0,0.44951034673851326,available
wa-test-001933,0,0.022760823577427165,0,0.44951034673851326,available
wa-test-001934,0,0.0114747871576341,0,0.44951034673851326,available
wa-test-001935,0,0.03278069240603622,0,0.44951034673851326,available
wa-test-001936,0,0.0029937859164516595,0,0.44951034673851326,available
wa-test-001937,0,0.03734264673726398,0,0.44951034673851326,available
wa-test-001938,0,0.08016557804132603,0,0.44951034673851326,available
wa-test-001939,0,0.0009584186827587176,0,0.44951034673851326,available
wa-test-001940,1,0.7839219491101109,1,0.44951034673851326,available
wa-test-001941,0,0.005254693889904672,0,0.44951034673851326,available
wa-test-001942,0,0.002450619705167447,0,0.44951034673851326,available
wa-test-001943,0,0.007204268459639442,0,0.44951034673851326,available
wa-test-001944,0,0.009580532696924179,0,0.44951034673851326,available
wa-test-001945,0,0.02116240235590198,0,0.44951034673851326,available
wa-test-001946,0,0.01074155573265835,0,0.44951034673851326,available
wa-test-001947,0,0.0022726130158320043,0,0.44951034673851326,available
wa-test-001948,1,0.5801229891456026,1,0.44951034673851326,available
wa-test-001949,0,0.04314124738059133,0,0.44951034673851326,available
wa-test-001950,0,0.03733505712884185,0,0.44951034673851326,available
wa-test-001951,0,0.0018311992725513115,0,0.44951034673851326,available
wa-test-001952,0,0.051384897646477024,0,0.44951034673851326,available
wa-test-001953,0,0.017625942339147535,0,0.44951034673851326,available
wa-test-001954,0,0.005975320454456534,0,0.44951034673851326,available
wa-test-001955,1,0.9995919452358677,1,0.44951034673851326,available
wa-test-001956,0,0.003940904089192916,0,0.44951034673851326,available
wa-test-001957,0,0.006779029695314037,0,0.44951034673851326,available
wa-test-001958,0,0.001941712756122403,0,0.44951034673851326,available
wa-test-001959,0,0.003223077362244144,0,0.44951034673851326,available
wa-test-001960,0,0.028634783630881563,0,0.44951034673851326,available
wa-test-001961,0,0.1325058279120303,0,0.44951034673851326,available
wa-test-001962,0,0.0068593458881010495,0,0.44951034673851326,available
wa-test-001963,0,0.014839618071386451,0,0.44951034673851326,available
wa-test-001964,1,0.99980587265611,1,0.44951034673851326,available
wa-test-001965,0,0.0012141729750590028,0,0.44951034673851326,available
wa-test-001966,0,0.020246807911884,0,0.44951034673851326,available
wa-test-001967,0,6.42697753143398e-05,0,0.44951034673851326,available
wa-test-001968,0,0.045411721431905375,0,0.44951034673851326,available
wa-test-001969,0,0.04767932785902623,0,0.44951034673851326,available
wa-test-001970,1,0.8975488246503346,1,0.44951034673851326,available
wa-test-001971,1,0.0811712470697666,0,0.44951034673851326,available
wa-test-001972,0,0.08520137477550627,0,0.44951034673851326,available
wa-test-001973,0,0.007124610406053261,0,0.44951034673851326,available
wa-test-001974,0,0.02186118823775691,0,0.44951034673851326,available
wa-test-001975,0,0.0016160458670566513,0,0.44951034673851326,available
wa-test-001976,0,0.01927513235830951,0,0.44951034673851326,available
wa-test-001977,0,0.01404889169321828,0,0.44951034673851326,available
wa-test-001978,0,0.17907290334143863,0,0.44951034673851326,available
wa-test-001979,0,0.00911368502407827,0,0.44951034673851326,available
wa-test-001980,0,0.0022946188365927794,0,0.44951034673851326,available
wa-test-001981,0,0.4529429727060768,1,0.44951034673851326,available
wa-test-001982,0,0.36183829985465266,0,0.44951034673851326,available
wa-test-001983,0,0.008680973300710075,0,0.44951034673851326,available
wa-test-001984,0,0.01641532633859774,0,0.44951034673851326,available
wa-test-001985,0,0.0025878600508741525,0,0.44951034673851326,available
wa-test-001986,0,0.03415058653097407,0,0.44951034673851326,available
wa-test-001987,0,0.025101117049393166,0,0.44951034673851326,available
wa-test-001988,0,0.0026346684855153555,0,0.44951034673851326,available
wa-test-001989,0,0.021009012305543858,0,0.44951034673851326,available
wa-test-001990,0,0.01217084659317534,0,0.44951034673851326,available
wa-test-001991,0,0.0014117883362796157,0,0.44951034673851326,available
wa-test-001992,0,0.015250215812881749,0,0.44951034673851326,available
wa-test-001993,0,0.026164102144778694,0,0.44951034673851326,available
wa-test-001994,0,0.0029214830199961366,0,0.44951034673851326,available
wa-test-001995,0,0.013148194486196812,0,0.44951034673851326,available
wa-test-001996,0,0.06510140942125557,0,0.44951034673851326,available
wa-test-001997,0,0.0067939098120512196,0,0.44951034673851326,available
wa-test-001998,0,0.03286498469550411,0,0.44951034673851326,available
wa-test-001999,1,0.32790687185756806,0,0.44951034673851326,available
wa-test-002000,0,0.020716401274011427,0,0.44951034673851326,available
wa-test-002001,0,0.009674270762228404,0,0.44951034673851326,available
wa-test-002002,0,0.0010296440591437265,0,0.44951034673851326,available
wa-test-002003,0,0.08856132118954327,0,0.44951034673851326,available
wa-test-002004,0,0.02506919751506487,0,0.44951034673851326,available
wa-test-002005,0,0.012580778889162801,0,0.44951034673851326,available
wa-test-002006,1,0.06186657521589138,0,0.44951034673851326,available
wa-test-002007,0,0.046631248595603934,0,0.44951034673851326,available
wa-test-002008,0,0.020711879612248386,0,0.44951034673851326,available
wa-test-002009,0,0.002585028110010008,0,0.44951034673851326,available
wa-test-002010,0,0.000766448692011087,0,0.44951034673851326,available
wa-test-002011,0,0.0005897302260292973,0,0.44951034673851326,available
wa-test-002012,0,0.04843433427330743,0,0.44951034673851326,available
wa-test-002013,0,0.08856132118954327,0,0.44951034673851326,available
wa-test-002014,0,0.04767932785902623,0,0.44951034673851326,available
wa-test-002015,0,0.005898728412017682,0,0.44951034673851326,available
wa-test-002016,1,0.8848213937492889,1,0.44951034673851326,available
wa-test-002017,0,0.007023302544453126,0,0.44951034673851326,available
wa-test-002018,0,0.01738407685732587,0,0.44951034673851326,available
wa-test-002019,0,0.0012081471316654168,0,0.44951034673851326,available
wa-test-002020,0,0.008856580349400872,0,0.44951034673851326,available
wa-test-002021,0,0.017771822031038127,0,0.44951034673851326,available
wa-test-002022,0,0.012996956989205345,0,0.44951034673851326,available
wa-test-002023,0,0.035903246034360986,0,0.44951034673851326,available
wa-test-002024,0,0.004667048088979386,0,0.44951034673851326,available
wa-test-002025,0,0.00300456926434334,0,0.44951034673851326,available
wa-test-002026,0,0.003961800579331334,0,0.44951034673851326,available
wa-test-002027,0,0.06241950506009736,0,0.44951034673851326,available
wa-test-002028,0,0.4398974299596387,0,0.44951034673851326,available
wa-test-002029,0,0.022760823577427165,0,0.44951034673851326,available
wa-test-002030,0,0.0056684575150813266,0,0.44951034673851326,available
wa-test-002031,0,0.005962611093794306,0,0.44951034673851326,available
wa-test-002032,0,0.00016277366451865647,0,0.44951034673851326,available
wa-test-002033,0,0.01196182326847092,0,0.44951034673851326,available
wa-test-002034,0,0.030546726414806633,0,0.44951034673851326,available
wa-test-002035,0,0.06241950506009736,0,0.44951034673851326,available
wa-test-002036,0,0.03952733924350937,0,0.44951034673851326,available
wa-test-002037,0,0.004043285331825576,0,0.44951034673851326,available
wa-test-002038,0,0.007047748030803892,0,0.44951034673851326,available
wa-test-002039,0,0.00450317972880148,0,0.44951034673851326,available
wa-test-002040,0,0.1065243414170622,0,0.44951034673851326,available
wa-test-002041,0,0.015604986256577679,0,0.44951034673851326,available
wa-test-002042,1,0.03401924354368982,0,0.44951034673851326,available
wa-test-002043,0,0.005764521003037404,0,0.44951034673851326,available
wa-test-002044,0,0.013912117621424252,0,0.44951034673851326,available
wa-test-002045,0,0.0301203090933345,0,0.44951034673851326,available
wa-test-002046,0,0.1297895651345073,0,0.44951034673851326,available
wa-test-002047,0,0.3800077747582596,0,0.44951034673851326,available
wa-test-002048,1,0.15712697691685815,0,0.44951034673851326,available
