pair_id,label,probability,prediction,threshold,status
wa-test-000000,0,0.00016690685265795816,0,0.17477927746259078,available
wa-test-000001,0,0.0013651801276396037,0,0.17477927746259078,available
wa-test-000002,0,0.0031292636817718397,0,0.17477927746259078,available
wa-test-000003,0,0.025649489944551993,0,0.17477927746259078,available
wa-test-000004,0,0.4441878374240201,1,0.17477927746259078,available
wa-test-000005,0,0.0009161147039510994,0,0.17477927746259078,available
wa-test-000006,0,0.0007065899295990503,0,0.17477927746259078,available
wa-test-000007,1,0.23569997846234866,1,0.17477927746259078,available
wa-test-000008,0,0.005534290225460655,0,0.17477927746259078,available
wa-test-000009,1,0.9926090054932202,1,0.17477927746259078,available
wa-test-000010,0,0.0022160123598708023,0,0.17477927746259078,available
wa-test-000011,0,0.005923857516150872,0,0.17477927746259078,available
wa-test-000012,0,0.005479241903359598,0,0.17477927746259078,available
wa-test-000013,1,0.9625722212781163,1,0.17477927746259078,available
wa-test-000014,0,0.029129697006461962,0,0.17477927746259078,available
wa-test-000015,0,0.008786195158423458,0,0.17477927746259078,available
wa-test-000016,0,0.002906547670786444,0,0.17477927746259078,available
wa-test-000017,0,0.0005143939062226521,0,0.17477927746259078,available
wa-test-000018,0,0.013626500725475025,0,0.17477927746259078,available
wa-test-000019,0,0.001642652471546429,0,0.17477927746259078,available
wa-test-000020,0,0.00165906746663517,0,0.17477927746259078,available
wa-test-000021,0,0.04265334191236901,0,0.17477927746259078,available
wa-test-000022,1,0.9835475446118556,1,0.17477927746259078,available
wa-test-000023,0,0.002077704489714871,0,0.17477927746259078,available
wa-test-000024,0,0.014087462642295547,0,0.17477927746259078,available
wa-test-000025,0,0.0005256297585643769,0,0.17477927746259078,available
wa-test-000026,0,0.0035401399587979268,0,0.17477927746259078,available
wa-test-000027,0,0.01580343892493293,0,0.17477927746259078,available
wa-test-000028,0,0.005044818476996975,0,0.17477927746259078,available
wa-test-000029,0,0.001126494355085975,0,0.17477927746259078,available
wa-test-000030,0,0.0020426098547976714,0,0.17477927746259078,available
wa-test-000031,0,0.0002417391344923752,0,0.17477927746259078,available
wa-test-000032,0,0.00865936533373723,0,0.17477927746259078,available
wa-test-000033,0,0.0016065459739365538,0,0.17477927746259078,available
wa-test-000034,0,0.003305805179320636,0,0.17477927746259078,available
wa-test-000035,0,0.2666405614187375,1,0.17477927746259078,available
wa-test-000036,0,0.010149498378523103,0,0.17477927746259078,available
wa-test-000037,0,0.027111078152313645,0,0.17477927746259078,available
wa-test-000038,0,0.0003675776937754809,0,0.17477927746259078,available
wa-test-000039,0,0.03399254065234187,0,0.17477927746259078,available
wa-test-000040,0,0.05461573716482877,0,0.17477927746259078,available
wa-test-000041,0,0.005209543088823386,0,0.17477927746259078,available
wa-test-000042,1,0.9517560653343219,1,0.17477927746259078,available
wa-test-000043,0,0.0017587977781145265,0,0.17477927746259078,available
wa-test-000044,0,0.00024695709441646506,0,0.17477927746259078,available
wa-test-000045,0,0.013674143896860393,0,0.17477927746259078,available
wa-test-000046,0,0.0035836814768877754,0,0.17477927746259078,available
wa-test-000047,0,0.0007157317496325639,0,0.17477927746259078,available
wa-test-000048,0,0.00685215366143798,0,0.17477927746259078,available
wa-test-000049,0,0.0020817545239280224,0,0.17477927746259078,available
wa-test-000050,0,0.002014688064498498,0,0.17477927746259078,available
wa-test-000051,0,0.13693337076826745,0,0.17477927746259078,available
wa-test-000052,0,0.0015901603285973028,0,0.17477927746259078,available
wa-test-000053,0,0.06550634795463069,0,0.17477927746259078,available
wa-test-000054,0,0.0009159776959359853,0,0.17477927746259078,available
wa-test-000055,0,0.005133546445390334,0,0.17477927746259078,available
wa-test-000056,0,0.0061591000294370195,0,0.17477927746259078,available
wa-test-000057,0,0.05516269249296487,0,0.17477927746259078,available
wa-test-000058,0,0.0023913590773830887,0,0.17477927746259078,available
wa-test-000059,0,0.0009168353221972007,0,0.17477927746259078,available
wa-test-000060,0,0.0015413064940724354,0,0.17477927746259078,available
wa-test-000061,0,0.0004209298152743832,0,0.17477927746259078,available
wa-test-000062,0,0.0015865305297643492,0,0.17477927746259078,available
wa-test-000063,0,0.0013680994353042842,0,0.17477927746259078,available
wa-test-000064,0,0.002543595577690847,0,0.17477927746259078,available
wa-test-000065,0,0.003669834333086543,0,0.17477927746259078,available
wa-test-000066,0,0.011760666161471294,0,0.17477927746259078,available
wa-test-000067,0,0.001954878356526652,0,0.17477927746259078,available
wa-test-000068,0,0.010656468823552657,0,0.17477927746259078,available
wa-test-000069,0,9.430105503265107e-05,0,0.17477927746259078,available
wa-test-000070,0,0.0011242188988437505,0,0.17477927746259078,available
wa-test-000071,0,0.0009188922178243992,0,0.17477927746259078,available
wa-test-000072,0,0.013659737434577232,0,0.17477927746259078,available
wa-test-000073,0,0.0008824556900037653,0,0.17477927746259078,available
wa-test-000074,0,0.00038168162273982366,0,0.17477927746259078,available
wa-test-000075,0,0.002128470265607393,0,0.17477927746259078,available
wa-test-000076,0,0.009403969605981674,0,0.17477927746259078,available
wa-test-000077,0,0.00038802280955967176,0,0.17477927746259078,available
wa-test-000078,0,0.0023330411363131926,0,0.17477927746259078,available
wa-test-000079,0,0.0007478415600557925,0,0.17477927746259078,available
wa-test-000080,0,0.016522631656022878,0,0.17477927746259078,available
wa-test-000081,0,0.005219799423265611,0,0.17477927746259078,available
wa-test-000082,0,0.00811824919552209,0,0.17477927746259078,available
wa-test-000083,0,0.0007934547088216219,0,0.17477927746259078,available
wa-test-000084,0,0.0006495180104748026,0,0.17477927746259078,available
wa-test-000085,0,0.029636675391095244,0,0.17477927746259078,available
wa-test-000086,1,0.7019554041104994,1,0.17477927746259078,available
wa-test-000087,0,0.0001340987247092044,0,0.17477927746259078,available
wa-test-000088,0,0.012564567825010382,0,0.17477927746259078,available
wa-test-000089,0,0.0013019964228370502,0,0.17477927746259078,available
wa-test-000090,0,0.0012103259456879285,0,0.17477927746259078,available
wa-test-000091,1,0.41629742987122437,1,0.17477927746259078,available
wa-test-000092,0,0.015501404655582748,0,0.17477927746259078,available
wa-test-000093,0,0.053744108009877806,0,0.17477927746259078,available
wa-test-000094,0,0.0014534720950916387,0,0.17477927746259078,available
wa-test-000095,0,0.041943075717028266,0,0.17477927746259078,available
wa-test-000096,0,0.00019144721075795202,0,0.17477927746259078,available
wa-test-000097,0,0.013318463347105135,0,0.17477927746259078,available
wa-test-000098,0,0.0004773165778413798,0,0.17477927746259078,available
wa-test-000099,0,0.0005179757037237047,0,0.17477927746259078,available
wa-test-000100,0,0.0019401050709690695,0,0.17477927746259078,available
wa-test-000101,0,0.0026115991601635235,0,0.17477927746259078,available
wa-test-000102,0,0.0014697913916211112,0,0.17477927746259078,available
wa-test-000103,0,0.010946918406292706,0,0.17477927746259078,available
wa-test-000104,0,0.00019942383808189355,0,0.17477927746259078,available
wa-test-000105,0,0.00030725877498865016,0,0.17477927746259078,available
wa-test-000106,0,0.05534743967370961,0,0.17477927746259078,available
wa-test-000107,0,0.0003480842401872743,0,0.17477927746259078,available
wa-test-000108,0,0.0021072887219686777,0,0.17477927746259078,available
wa-test-000109,0,0.0005910463287967433,0,0.17477927746259078,available
wa-test-000110,0,0.0032884819504177907,0,0.17477927746259078,available
wa-test-000111,0,0.0007569419253274525,0,0.17477927746259078,available
wa-test-000112,0,0.0025358237374625923,0,0.17477927746259078,available
wa-test-000113,0,0.015265032432879648,0,0.17477927746259078,available
wa-test-000114,0,0.002313404657504079,0,0.17477927746259078,available
wa-test-000115,0,0.0006640505622980591,0,0.17477927746259078,available
wa-test-000116,0,0.0020325857740705984,0,0.17477927746259078,available
wa-test-000117,1,0.026926781967949915,0,0.17477927746259078,available
wa-test-000118,0,0.0015320536176566515,0,0.17477927746259078,available
wa-test-000119,1,0.9519542051071016,1,0.17477927746259078,available
wa-test-000120,0,0.0026203883886572153,0,0.17477927746259078,available
wa-test-000121,0,0.02022940248941603,0,0.17477927746259078,available
wa-test-000122,0,0.000998818354786532,0,0.17477927746259078,available
wa-test-000123,0,0.0015619262145822907,0,0.17477927746259078,available
wa-test-000124,0,0.0002665236860115666,0,0.17477927746259078,available
wa-test-000125,0,0.0027306495347508668,0,0.17477927746259078,available
wa-test-000126,1,0.9874526686413514,1,0.17477927746259078,available
wa-test-000127,0,0.00011763067215424579,0,0.17477927746259078,available
wa-test-000128,0,0.0017346400873131742,0,0.17477927746259078,available
wa-test-000129,0,0.000594670369101185,0,0.17477927746259078,available
wa-test-000130,0,0.0015328181757801105,0,0.17477927746259078,available
wa-test-000131,0,0.0003680145302241307,0,0.17477927746259078,available
wa-test-000132,0,0.021599201655361628,0,0.17477927746259078,available
wa-test-000133,0,0.0015186796882022114,0,0.17477927746259078,available
wa-test-000134,0,0.0021575527074568406,0,0.17477927746259078,available
wa-test-000135,0,0.020696752837165926,0,0.17477927746259078,available
wa-test-000136,0,0.005705523135252078,0,0.17477927746259078,available
wa-test-000137,0,0.0005408357478689183,0,0.17477927746259078,available
wa-test-000138,1,0.9688605412802743,1,0.17477927746259078,available
wa-test-000139,0,0.0008553214763337236,0,0.17477927746259078,available
wa-test-000140,0,0.0007416499765547421,0,0.17477927746259078,available
wa-test-000141,0,0.0016695247973393917,0,0.17477927746259078,available
wa-test-000142,0,0.005989541209946703,0,0.17477927746259078,available
wa-test-000143,0,0.006369773678560785,0,0.17477927746259078,available
wa-test-000144,0,0.0005501219359278458,0,0.17477927746259078,available
wa-test-000145,0,0.0013140522297011101,0,0.17477927746259078,available
wa-test-000146,1,0.8979247821433209,1,0.17477927746259078,available
wa-test-000147,0,0.005029739967877174,0,0.17477927746259078,available
wa-test-000148,0,0.023189990355198736,0,0.17477927746259078,available
wa-test-000149,0,0.12361201591347179,0,0.17477927746259078,available
wa-test-000150,0,0.0030901751803668115,0,0.17477927746259078,available
wa-test-000151,0,0.0009057378758958133,0,0.17477927746259078,available
wa-test-000152,0,0.001735872149374466,0,0.17477927746259078,available
wa-test-000153,0,0.00152869203160308,0,0.17477927746259078,available
wa-test-000154,0,0.0034648477325358597,0,0.17477927746259078,available
wa-test-000155,0,0.007769342584571086,0,0.17477927746259078,available
wa-test-000156,0,0.006166546791189831,0,0.17477927746259078,available
wa-test-000157,0,0.009258044411893625,0,0.17477927746259078,available
wa-test-000158,1,0.9444979690037544,1,0.17477927746259078,available
wa-test-000159,0,0.0892818876090866,0,0.17477927746259078,available
wa-test-000160,0,0.000545583570647379,0,0.17477927746259078,available
wa-test-000161,0,0.0018120964156829078,0,0.17477927746259078,available
wa-test-000162,0,0.0013590579763202058,0,0.17477927746259078,available
wa-test-000163,0,0.006942927651478164,0,0.17477927746259078,available
wa-test-000164,0,0.0004068392231494242,0,0.17477927746259078,available
wa-test-000165,1,0.9981359036108078,1,0.17477927746259078,available
wa-test-000166,1,0.9760207216930237,1,0.17477927746259078,available
wa-test-000167,0,0.000743510638684291,0,0.17477927746259078,available
wa-test-000168,1,0.9449654630008528,1,0.17477927746259078,available
wa-test-000169,0,0.004224139371069065,0,0.17477927746259078,available
wa-test-000170,0,0.001466007805381235,0,0.17477927746259078,available
wa-test-000171,0,0.005510705571698906,0,0.17477927746259078,available
wa-test-000172,0,0.002032420191842746,0,0.17477927746259078,available
wa-test-000173,0,0.0027144244613380264,0,0.17477927746259078,available
wa-test-000174,0,0.003518812865345263,0,0.17477927746259078,available
wa-test-000175,0,0.0028538915564373032,0,0.17477927746259078,available
wa-test-000176,0,0.006876759822652767,0,0.17477927746259078,available
wa-test-000177,0,0.0051429508327183624,0,0.17477927746259078,available
wa-test-000178,0,0.001862605228113284,0,0.17477927746259078,available
wa-test-000179,0,0.0022895363446415497,0,0.17477927746259078,available
wa-test-000180,0,0.001386583565036192,0,0.17477927746259078,available
wa-test-000181,0,0.0025343158611146797,0,0.17477927746259078,available
wa-test-000182,0,0.001129439554005587,0,0.17477927746259078,available
wa-test-000183,0,0.0048814401499574014,0,0.17477927746259078,available
wa-test-000184,0,0.0016038315725399469,0,0.17477927746259078,available
wa-test-000185,0,0.0014505192607450156,0,0.17477927746259078,available
wa-test-000186,1,0.974983587565779,1,0.17477927746259078,available
wa-test-000187,0,0.003277866208973625,0,0.17477927746259078,available
wa-test-000188,0,0.017927184158849082,0,0.17477927746259078,available
wa-test-000189,0,0.0025791160381016245,0,0.17477927746259078,available
wa-test-000190,1,0.9870662113348561,1,0.17477927746259078,available
wa-test-000191,0,0.0009623301605972274,0,0.17477927746259078,available
wa-test-000192,1,0.9848645968500275,1,0.17477927746259078,available
wa-test-000193,0,0.0007626085323521648,0,0.17477927746259078,available
wa-test-000194,0,0.0006780073912873285,0,0.17477927746259078,available
wa-test-000195,0,0.006475317177290072,0,0.17477927746259078,available
wa-test-000196,0,0.0007875644149441348,0,0.17477927746259078,available
wa-test-000197,0,0.3213943349575203,1,0.17477927746259078,available
wa-test-000198,0,0.0007778292081483922,0,0.17477927746259078,available
wa-test-000199,1,0.9479797559357561,1,0.17477927746259078,available
wa-test-000200,0,0.00029138170274955647,0,0.17477927746259078,available
wa-test-000201,0,0.0032123424489385534,0,0.17477927746259078,available
wa-test-000202,0,0.000823044300618258,0,0.17477927746259078,available
wa-test-000203,0,0.009876991790456405,0,0.17477927746259078,available
wa-test-000204,0,0.0005174191074139261,0,0.17477927746259078,available
wa-test-000205,0,0.003993229197950042,0,0.17477927746259078,available
wa-test-000206,0,0.0010515605371523551,0,0.17477927746259078,available
wa-test-000207,0,0.0007899205016148299,0,0.17477927746259078,available
wa-test-000208,0,0.006511075124611815,0,0.17477927746259078,available
wa-test-000209,0,0.002557727096925244,0,0.17477927746259078,available
wa-test-000210,0,0.0003091143695034152,0,0.17477927746259078,available
wa-test-000211,0,0.0025821514481616063,0,0.17477927746259078,available
wa-test-000212,0,0.000771954794682655,0,0.17477927746259078,available
wa-test-000213,0,0.00038039105512657404,0,0.17477927746259078,available
wa-test-000214,0,0.0005039681968615226,0,0.17477927746259078,available
wa-test-000215,0,0.002731285393480401,0,0.17477927746259078,available
wa-test-000216,0,0.004423568386212246,0,0.17477927746259078,available
wa-test-000217,0,0.00034041199593126583,0,0.17477927746259078,available
wa-test-000218,0,0.0006940716993680354,0,0.17477927746259078,available
wa-test-000219,1,0.9554548335714782,1,0.17477927746259078,available
wa-test-000220,0,0.002968624370568893,0,0.17477927746259078,available
wa-test-000221,0,0.004124089747610429,0,0.17477927746259078,available
wa-test-000222,0,0.00403631044330748,0,0.17477927746259078,available
wa-test-000223,0,0.000404097997008063,0,0.17477927746259078,available
wa-test-000224,0,0.00765944982513496,0,0.17477927746259078,available
wa-test-000225,1,0.9567538867732688,1,0.17477927746259078,available
wa-test-000226,0,0.0011300948443970264,0,0.17477927746259078,available
wa-test-000227,0,0.0002591378390987894,0,0.17477927746259078,available
wa-test-000228,0,0.01167523470179365,0,0.17477927746259078,available
wa-test-000229,0,0.0007879178551921888,0,0.17477927746259078,available
wa-test-000230,0,0.005774499096023521,0,0.17477927746259078,available
wa-test-000231,0,0.0005664675717507501,0,0.17477927746259078,available
wa-test-000232,0,0.001322484508062752,0,0.17477927746259078,available
wa-test-000233,0,0.009755182223673022,0,0.17477927746259078,available
wa-test-000234,0,0.002174195316743207,0,0.17477927746259078,available
wa-test-000235,0,0.0005895034876489678,0,0.17477927746259078,available
wa-test-000236,0,0.008380665285385037,0,0.17477927746259078,available
wa-test-000237,0,0.022871421889917247,0,0.17477927746259078,available
wa-test-000238,0,0.0021363802322511417,0,0.17477927746259078,available
wa-test-000239,0,0.0018661926727666426,0,0.17477927746259078,available
wa-test-000240,0,0.006927531023166099,0,0.17477927746259078,available
wa-test-000241,0,0.002795625860216288,0,0.17477927746259078,available
wa-test-000242,0,0.0033825297689449784,0,0.17477927746259078,available
wa-test-000243,0,0.0023356870097453707,0,0.17477927746259078,available
wa-test-000244,1,0.9579670503744878,1,0.17477927746259078,available
wa-test-000245,0,0.0020603216628293205,0,0.17477927746259078,available
wa-test-000246,1,0.3082338172826779,1,0.17477927746259078,available
wa-test-000247,0,0.007363963658137849,0,0.17477927746259078,available
wa-test-000248,0,0.0013341064106097958,0,0.17477927746259078,available
wa-test-000249,0,0.0012357230839639024,0,0.17477927746259078,available
wa-test-000250,0,0.0008951392565951762,0,0.17477927746259078,available
wa-test-000251,0,0.00035031850778543476,0,0.17477927746259078,available
wa-test-000252,0,0.002682491456720596,0,0.17477927746259078,available
wa-test-000253,0,0.001579098405662726,0,0.17477927746259078,available
wa-test-000254,0,0.008260599134382655,0,0.17477927746259078,available
wa-test-000255,0,0.04497553847157692,0,0.17477927746259078,available
wa-test-000256,0,0.0005853519121298566,0,0.17477927746259078,available
wa-test-000257,0,0.002405792200045919,0,0.17477927746259078,available
wa-test-000258,1,0.9940228934390224,1,0.17477927746259078,available
wa-test-000259,0,0.0007695208286390893,0,0.17477927746259078,available
wa-test-000260,0,0.006720468534910579,0,0.17477927746259078,available
wa-test-000261,0,0.02413050613175791,0,0.17477927746259078,available
wa-test-000262,0,0.0019910407771939554,0,0.17477927746259078,available
wa-test-000263,0,0.0020291427303595,0,0.17477927746259078,available
wa-test-000264,0,0.02557221715261485,0,0.17477927746259078,available
wa-test-000265,0,0.0013219154820877119,0,0.17477927746259078,available
wa-test-000266,0,0.04706129791427576,0,0.17477927746259078,available
wa-test-000267,0,0.0040423285318140195,0,0.17477927746259078,available
wa-test-000268,0,0.002538246500461126,0,0.17477927746259078,available
wa-test-000269,1,0.9114218760559339,1,0.17477927746259078,available
wa-test-000270,0,0.0022589554010724604,0,0.17477927746259078,available
wa-test-000271,0,0.0015642524968004885,0,0.17477927746259078,available
wa-test-000272,0,0.0011064085451550057,0,0.17477927746259078,available
wa-test-000273,0,0.04815222705985782,0,0.17477927746259078,available
wa-test-000274,0,0.0005237496836743656,0,0.17477927746259078,available
wa-test-000275,0,0.0039888381898988716,0,0.17477927746259078,available
wa-test-000276,0,0.0011556057726368318,0,0.17477927746259078,available
wa-test-000277,0,0.008884063353779394,0,0.17477927746259078,available
wa-test-000278,1,0.37940591010902125,1,0.17477927746259078,available
wa-test-000279,0,0.005480068958451935,0,0.17477927746259078,available
wa-test-000280,0,0.0022426758718477077,0,0.17477927746259078,available
wa-test-000281,0,0.008349988713956478,0,0.17477927746259078,available
wa-test-000282,0,0.0012961188968959828,0,0.17477927746259078,available
wa-test-000283,0,0.00610414623911843,0,0.17477927746259078,available
wa-test-000284,0,0.0007296209056316287,0,0.17477927746259078,available
wa-test-000285,0,0.0002724450753654882,0,0.17477927746259078,available
wa-test-000286,0,0.0007160507240307456,0,0.17477927746259078,available
wa-test-000287,0,0.002333783142842094,0,0.17477927746259078,available
wa-test-000288,0,0.5689283398878349,1,0.17477927746259078,available
wa-test-000289,0,0.2343031316709725,1,0.17477927746259078,available
wa-test-000290,0,0.001926469941762146,0,0.17477927746259078,available
wa-test-000291,1,0.9976429257064697,1,0.17477927746259078,available
wa-test-000292,0,0.0004781395534074016,0,0.17477927746259078,available
wa-test-000293,0,0.0046846472139810665,0,0.17477927746259078,available
wa-test-000294,0,0.0012661240288618424,0,0.17477927746259078,available
wa-test-000295,0,0.0006279668054378982,0,0.17477927746259078,available
wa-test-000296,0,0.004227967378434727,0,0.17477927746259078,available
wa-test-000297,0,0.053501663287558905,0,0.17477927746259078,available
wa-test-000298,0,0.0010575581071445442,0,0.17477927746259078,available
wa-test-000299,0,0.0008187387653958864,0,0.17477927746259078,available
wa-test-000300,0,0.2555893257871484,1,0.17477927746259078,available
wa-test-000301,1,0.9829690261955014,1,0.17477927746259078,available
wa-test-000302,0,0.0013972653694250766,0,0.17477927746259078,available
wa-test-000303,0,0.0032559836862925324,0,0.17477927746259078,available
wa-test-000304,0,0.0008799866629230162,0,0.17477927746259078,available
wa-test-000305,0,0.004461209763412302,0,0.17477927746259078,available
wa-test-000306,0,0.0020494889308594576,0,0.17477927746259078,available
wa-test-000307,0,0.0026722312834103917,0,0.17477927746259078,available
wa-test-000308,0,0.010162995367421558,0,0.17477927746259078,available
wa-test-000309,0,0.001564115076871546,0,0.17477927746259078,available
wa-test-000310,0,0.01214429425705504,0,0.17477927746259078,available
wa-test-000311,0,0.0034002220155540525,0,0.17477927746259078,available
wa-test-000312,0,0.0005796500745622747,0,0.17477927746259078,available
wa-test-000313,0,0.01877761738604331,0,0.17477927746259078,available
wa-test-000314,0,0.0003328913747209636,0,0.17477927746259078,available
wa-test-000315,0,0.003169236152406023,0,0.17477927746259078,available
wa-test-000316,0,0.004084795933240958,0,0.17477927746259078,available
wa-test-000317,0,0.047691645293582774,0,0.17477927746259078,available
wa-test-000318,0,0.002873610022741618,0,0.17477927746259078,available
wa-test-000319,0,0.0015040012481546737,0,0.17477927746259078,available
wa-test-000320,0,0.0001824266347367762,0,0.17477927746259078,available
wa-test-000321,0,0.0007585911442635879,0,0.17477927746259078,available
wa-test-000322,0,0.0015586744299527634,0,0.17477927746259078,available
wa-test-000323,0,0.0028392252560841768,0,0.17477927746259078,available
wa-test-000324,1,0.9788266821586942,1,0.17477927746259078,available
wa-test-000325,0,0.004360689634483878,0,0.17477927746259078,available
wa-test-000326,0,0.002001904111730495,0,0.17477927746259078,available
wa-test-000327,0,0.10673621483885547,0,0.17477927746259078,available
wa-test-000328,0,0.003003371625911814,0,0.17477927746259078,available
wa-test-000329,1,0.8751460135534966,1,0.17477927746259078,available
wa-test-000330,0,0.0013341064106097958,0,0.17477927746259078,available
wa-test-000331,0,0.00909795665298391,0,0.17477927746259078,available
wa-test-000332,1,0.9993892341237908,1,0.17477927746259078,available
wa-test-000333,0,0.0007092399504610109,0,0.17477927746259078,available
wa-test-000334,0,0.0012980240142407243,0,0.17477927746259078,available
wa-test-000335,0,0.0017654802429419197,0,0.17477927746259078,available
wa-test-000336,0,0.0013434333378720751,0,0.17477927746259078,available
wa-test-000337,0,0.0031760960611361927,0,0.17477927746259078,available
wa-test-000338,0,0.007924134090928129,0,0.17477927746259078,available
wa-test-000339,0,0.015263976960301094,0,0.17477927746259078,available
wa-test-000340,0,0.0024899556041729537,0,0.17477927746259078,available
wa-test-000341,0,0.011377511852881115,0,0.17477927746259078,available
wa-test-000342,0,0.0030965202286235365,0,0.17477927746259078,available
wa-test-000343,0,0.047121164153176895,0,0.17477927746259078,available
wa-test-000344,0,0.0009209888342881044,0,0.17477927746259078,available
wa-test-000345,0,0.0005621748811597854,0,0.17477927746259078,available
wa-test-000346,0,0.0006791829214358031,0,0.17477927746259078,available
wa-test-000347,0,0.001886734203585364,0,0.17477927746259078,available
wa-test-000348,0,0.14977983035947284,0,0.17477927746259078,available
wa-test-000349,0,0.0006665461957199881,0,0.17477927746259078,available
wa-test-000350,0,0.0025660577337984695,0,0.17477927746259078,available
wa-test-000351,0,0.04219342954121634,0,0.17477927746259078,available
wa-test-000352,0,0.0030673423155217726,0,0.17477927746259078,available
wa-test-000353,0,0.017201488982608235,0,0.17477927746259078,available
wa-test-000354,0,0.24728462521395542,1,0.17477927746259078,available
wa-test-000355,0,0.0041066365255344,0,0.17477927746259078,available
wa-test-000356,0,0.0008948867019667175,0,0.17477927746259078,available
wa-test-000357,0,0.006857827265947848,0,0.17477927746259078,available
wa-test-000358,0,0.001908946763103697,0,0.17477927746259078,available
wa-test-000359,0,0.00037892981224578486,0,0.17477927746259078,available
wa-test-000360,0,0.0016969478403685884,0,0.17477927746259078,available
wa-test-000361,0,0.0008749164877324894,0,0.17477927746259078,available
wa-test-000362,0,0.0021811552299476236,0,0.17477927746259078,available
wa-test-000363,0,0.0006089182801747116,0,0.17477927746259078,available
wa-test-000364,0,0.0006610324468886988,0,0.17477927746259078,available
wa-test-000365,0,0.0021727296937122777,0,0.17477927746259078,available
wa-test-000366,0,0.0009393921657606108,0,0.17477927746259078,available
wa-test-000367,0,0.0038376074947898344,0,0.17477927746259078,available
wa-test-000368,0,0.000555772098381037,0,0.17477927746259078,available
wa-test-000369,0,0.0020474134112662564,0,0.17477927746259078,available
wa-test-000370,0,0.006946982176864405,0,0.17477927746259078,available
wa-test-000371,0,0.0012919198772011553,0,0.17477927746259078,available
wa-test-000372,0,0.003604228310445842,0,0.17477927746259078,available
wa-test-000373,0,0.0016879094752886604,0,0.17477927746259078,available
wa-test-000374,0,0.029336444199297682,0,0.17477927746259078,available
wa-test-000375,0,0.011960579057230874,0,0.17477927746259078,available
wa-test-000376,0,0.0018735608220808125,0,0.17477927746259078,available
wa-test-000377,0,0.0025711838382854566,0,0.17477927746259078,available
wa-test-000378,0,0.027820256464856627,0,0.17477927746259078,available
wa-test-000379,0,0.0028109556720612204,0,0.17477927746259078,available
wa-test-000380,0,0.00762692066945284,0,0.17477927746259078,available
wa-test-000381,0,0.002488307642791055,0,0.17477927746259078,available
wa-test-000382,0,0.0031957073448535063,0,0.17477927746259078,available
wa-test-000383,0,0.011907378850061564,0,0.17477927746259078,available
wa-test-000384,0,0.014426629483978446,0,0.17477927746259078,available
wa-test-000385,0,0.026265340951691266,0,0.17477927746259078,available
wa-test-000386,0,0.008764883280553469,0,0.17477927746259078,available
wa-test-000387,0,0.0004399413239821411,0,0.17477927746259078,available
wa-test-000388,0,0.002381340615394231,0,0.17477927746259078,available
wa-test-000389,0,0.008831673776705795,0,0.17477927746259078,available
wa-test-000390,0,0.0012546720993248017,0,0.17477927746259078,available
wa-test-000391,0,0.0059532104782008205,0,0.17477927746259078,available
wa-test-000392,1,0.9667318859259062,1,0.17477927746259078,available
wa-test-000393,0,0.0008204479932022474,0,0.17477927746259078,available
wa-test-000394,0,0.0022515468745529553,0,0.17477927746259078,available
wa-test-000395,0,0.9561322936015061,1,0.17477927746259078,available
wa-test-000396,0,0.0009276191129791604,0,0.17477927746259078,available
wa-test-000397,0,0.12436336515957236,0,0.17477927746259078,available
wa-test-000398,0,0.04051604813642882,0,0.17477927746259078,available
wa-test-000399,0,0.0030186512750710504,0,0.17477927746259078,available
wa-test-000400,1,0.9837771939472906,1,0.17477927746259078,available
wa-test-000401,0,0.8636820076461591,1,0.17477927746259078,available
wa-test-000402,0,0.0010622140119731184,0,0.17477927746259078,available
wa-test-000403,0,0.0008968999257451908,0,0.17477927746259078,available
wa-test-000404,0,0.00018473096549034037,0,0.17477927746259078,available
wa-test-000405,0,0.0019156290898415858,0,0.17477927746259078,available
wa-test-000406,0,0.004790493005607098,0,0.17477927746259078,available
wa-test-000407,1,0.24702523925411843,1,0.17477927746259078,available
wa-test-000408,0,0.0028578366579929027,0,0.17477927746259078,available
wa-test-000409,0,0.004017260436270792,0,0.17477927746259078,available
wa-test-000410,0,0.000911203099792828,0,0.17477927746259078,available
wa-test-000411,0,0.0022959358539815715,0,0.17477927746259078,available
wa-test-000412,0,0.0008415734580712878,0,0.17477927746259078,available
wa-test-000413,0,0.01954621747414777,0,0.17477927746259078,available
wa-test-000414,0,0.0032323233042763724,0,0.17477927746259078,available
wa-test-000415,0,0.0002110197260642403,0,0.17477927746259078,available
wa-test-000416,0,0.03656660900550564,0,0.17477927746259078,available
wa-test-000417,0,0.00018138004098037518,0,0.17477927746259078,available
wa-test-000418,0,0.018029578105830266,0,0.17477927746259078,available
wa-test-000419,0,0.010606667453908149,0,0.17477927746259078,available
wa-test-000420,1,0.9583127173115797,1,0.17477927746259078,available
wa-test-000421,0,0.0010636807493615522,0,0.17477927746259078,available
wa-test-000422,1,0.9750187692578934,1,0.17477927746259078,available
wa-test-000423,0,0.0038607015689905333,0,0.17477927746259078,available
wa-test-000424,1,0.8279241534659717,1,0.17477927746259078,available
wa-test-000425,0,0.002449294932588213,0,0.17477927746259078,available
wa-test-000426,0,0.002415580088426635,0,0.17477927746259078,available
wa-test-000427,0,0.00023729699646805725,0,0.17477927746259078,available
wa-test-000428,0,0.00101373333974138,0,0.17477927746259078,available
wa-test-000429,1,0.562926744300036,1,0.17477927746259078,available
wa-test-000430,0,0.0004817755496585202,0,0.17477927746259078,available
wa-test-000431,0,0.004719392978708306,0,0.17477927746259078,available
wa-test-000432,1,0.8586496865072515,1,0.17477927746259078,available
wa-test-000433,0,0.0024763100839649815,0,0.17477927746259078,available
wa-test-000434,0,0.0008236272345650095,0,0.17477927746259078,available
wa-test-000435,0,0.002665643556443871,0,0.17477927746259078,available
wa-test-000436,0,0.0012014291557307076,0,0.17477927746259078,available
wa-test-000437,0,0.0011410708239291032,0,0.17477927746259078,available
wa-test-000438,0,0.015357980886515746,0,0.17477927746259078,available
wa-test-000439,1,0.965105282481794,1,0.17477927746259078,available
wa-test-000440,0,0.0015534147806148299,0,0.17477927746259078,available
wa-test-000441,0,0.002247041472159553,0,0.17477927746259078,available
wa-test-000442,0,0.006361734777789076,0,0.17477927746259078,available
wa-test-000443,0,0.009034992884391286,0,0.17477927746259078,available
wa-test-000444,1,0.678662321496479,1,0.17477927746259078,available
wa-test-000445,0,0.0015369621158030492,0,0.17477927746259078,available
wa-test-000446,0,0.0009345727223607178,0,0.17477927746259078,available
wa-test-000447,0,0.00688182911133942,0,0.17477927746259078,available
wa-test-000448,0,0.0010139647640977707,0,0.17477927746259078,available
wa-test-000449,0,0.013122687784531068,0,0.17477927746259078,available
wa-test-000450,0,0.022975799923868053,0,0.17477927746259078,available
wa-test-000451,0,0.0069943560967146365,0,0.17477927746259078,available
wa-test-000452,0,0.004406637563381573,0,0.17477927746259078,available
wa-test-000453,0,0.0005483732965926196,0,0.17477927746259078,available
wa-test-000454,0,0.03067058640179263,0,0.17477927746259078,available
wa-test-000455,0,0.1927886016892921,1,0.17477927746259078,available
wa-test-000456,0,0.002140407470577274,0,0.17477927746259078,available
wa-test-000457,0,0.004681835605005126,0,0.17477927746259078,available
wa-test-000458,0,0.0008627309148635735,0,0.17477927746259078,available
wa-test-000459,0,0.0061973423753762065,0,0.17477927746259078,available
wa-test-000460,0,0.007902715307841483,0,0.17477927746259078,available
wa-test-000461,0,0.3657291122045764,1,0.17477927746259078,available
wa-test-000462,0,0.020590993764372338,0,0.17477927746259078,available
wa-test-000463,0,0.003791517063488994,0,0.17477927746259078,available
wa-test-000464,1,0.9699949572022958,1,0.17477927746259078,available
wa-test-000465,0,0.006455344197278771,0,0.17477927746259078,available
wa-test-000466,0,0.0067539721599881985,0,0.17477927746259078,available
wa-test-000467,1,0.9937566269346291,1,0.17477927746259078,available
wa-test-000468,0,0.0008627309148635735,0,0.17477927746259078,available
wa-test-000469,0,0.0011369564136271097,0,0.17477927746259078,available
wa-test-000470,0,0.0020309601299600554,0,0.17477927746259078,available
wa-test-000471,0,0.04778133170482498,0,0.17477927746259078,available
wa-test-000472,0,0.004118835653804725,0,0.17477927746259078,available
wa-test-000473,0,0.057441397654048126,0,0.17477927746259078,available
wa-test-000474,0,0.0005965378271977373,0,0.17477927746259078,available
wa-test-000475,0,0.002066518751466138,0,0.17477927746259078,available
wa-test-000476,0,0.012880038574623016,0,0.17477927746259078,available
wa-test-000477,0,0.0006199520232661904,0,0.17477927746259078,available
wa-test-000478,0,0.001143069715812402,0,0.17477927746259078,available
wa-test-000479,0,0.0014842552104891206,0,0.17477927746259078,available
wa-test-000480,0,0.0020975587603042373,0,0.17477927746259078,available
wa-test-000481,0,0.0023073703161587476,0,0.17477927746259078,available
wa-test-000482,0,0.0013854971422113,0,0.17477927746259078,available
wa-test-000483,1,0.9932445651117736,1,0.17477927746259078,available
wa-test-000484,0,0.0040437463949350855,0,0.17477927746259078,available
wa-test-000485,0,0.02586685636612963,0,0.17477927746259078,available
wa-test-000486,1,0.9769334563123903,1,0.17477927746259078,available
wa-test-000487,0,0.003415262623664673,0,0.17477927746259078,available
wa-test-000488,1,0.9758590204184341,1,0.17477927746259078,available
wa-test-000489,0,0.0038205580581154195,0,0.17477927746259078,available
wa-test-000490,0,0.3754855382222154,1,0.17477927746259078,available
wa-test-000491,1,0.5026957735535493,1,0.17477927746259078,available
wa-test-000492,0,0.02389644891158184,0,0.17477927746259078,available
wa-test-000493,0,0.00373155279799437,0,0.17477927746259078,available
wa-test-000494,0,0.001280789753578898,0,0.17477927746259078,available
wa-test-000495,0,0.0007532983519235614,0,0.17477927746259078,available
wa-test-000496,0,0.004327483660114028,0,0.17477927746259078,available
wa-test-000497,0,0.005584852159312752,0,0.17477927746259078,available
wa-test-000498,0,0.0227692901935097,0,0.17477927746259078,available
wa-test-000499,0,0.028620754401973265,0,0.17477927746259078,available
wa-test-000500,0,0.0018549051401888772,0,0.17477927746259078,available
wa-test-000501,0,0.0003672876719149074,0,0.17477927746259078,available
wa-test-000502,0,0.0004556693306944695,0,0.17477927746259078,available
wa-test-000503,0,0.001009563699442191,0,0.17477927746259078,available
wa-test-000504,0,0.000180227576516646,0,0.17477927746259078,available
wa-test-000505,0,0.43786257166313886,1,0.17477927746259078,available
wa-test-000506,0,0.000903081946294367,0,0.17477927746259078,available
wa-test-000507,0,0.0010467830535082342,0,0.17477927746259078,available
wa-test-000508,0,0.01914968602565632,0,0.17477927746259078,available
wa-test-000509,0,0.0002540967396875677,0,0.17477927746259078,available
wa-test-000510,1,0.5044369712117204,1,0.17477927746259078,available
wa-test-000511,0,0.0018776603365471577,0,0.17477927746259078,available
wa-test-000512,0,0.0012583755082097722,0,0.17477927746259078,available
wa-test-000513,0,0.011575485333650286,0,0.17477927746259078,available
wa-test-000514,0,0.0015937257374820377,0,0.17477927746259078,available
wa-test-000515,0,0.0025713845001528036,0,0.17477927746259078,available
wa-test-000516,0,0.0009494937542905512,0,0.17477927746259078,available
wa-test-000517,0,0.05655828804407924,0,0.17477927746259078,available
wa-test-000518,0,0.19789714655411972,1,0.17477927746259078,available
wa-test-000519,1,0.41211550354261267,1,0.17477927746259078,available
wa-test-000520,0,0.0009752067933263191,0,0.17477927746259078,available
wa-test-000521,0,0.0016813200247282392,0,0.17477927746259078,available
wa-test-000522,0,0.0036322871256098325,0,0.17477927746259078,available
wa-test-000523,0,0.0022948452706715783,0,0.17477927746259078,available
wa-test-000524,0,0.36163434534336814,1,0.17477927746259078,available
wa-test-000525,1,0.9166465421375753,1,0.17477927746259078,available
wa-test-000526,0,0.0015049666377347794,0,0.17477927746259078,available
wa-test-000527,0,0.00011166988797902289,0,0.17477927746259078,available
wa-test-000528,0,0.006204161363058003,0,0.17477927746259078,available
wa-test-000529,0,0.0019863057656602096,0,0.17477927746259078,available
wa-test-000530,0,0.0034338354972705473,0,0.17477927746259078,available
wa-test-000531,0,0.011325174149759386,0,0.17477927746259078,available
wa-test-000532,0,0.0011486910944989359,0,0.17477927746259078,available
wa-test-000533,0,0.0005838820428575114,0,0.17477927746259078,available
wa-test-000534,1,0.9676345370073545,1,0.17477927746259078,available
wa-test-000535,0,0.0007571302316339004,0,0.17477927746259078,available
wa-test-000536,0,0.0038003538165331642,0,0.17477927746259078,available
wa-test-000537,0,0.00041468558609134324,0,0.17477927746259078,available
wa-test-000538,0,0.05687379037717876,0,0.17477927746259078,available
wa-test-000539,0,0.000245050518215509,0,0.17477927746259078,available
wa-test-000540,0,0.794899056946867,1,0.17477927746259078,available
wa-test-000541,0,0.0047115901890767455,0,0.17477927746259078,available
wa-test-000542,0,0.0031068640110713443,0,0.17477927746259078,available
wa-test-000543,0,0.02178407242201253,0,0.17477927746259078,available
wa-test-000544,0,0.006041657035503226,0,0.17477927746259078,available
wa-test-000545,0,0.008965076434972732,0,0.17477927746259078,available
wa-test-000546,0,0.01589817472564584,0,0.17477927746259078,available
wa-test-000547,0,0.0017725785857342568,0,0.17477927746259078,available
wa-test-000548,0,0.0013702401233979557,0,0.17477927746259078,available
wa-test-000549,0,0.0479554287446887,0,0.17477927746259078,available
wa-test-000550,0,0.0008181591690945236,0,0.17477927746259078,available
wa-test-000551,0,0.026031273200524934,0,0.17477927746259078,available
wa-test-000552,0,0.0019215274558635922,0,0.17477927746259078,available
wa-test-000553,0,0.010911647174900148,0,0.17477927746259078,available
wa-test-000554,0,0.0007371587702877755,0,0.17477927746259078,available
wa-test-000555,0,0.0009668096751639818,0,0.17477927746259078,available
wa-test-000556,0,0.015427078375054401,0,0.17477927746259078,available
wa-test-000557,0,0.0008648695036176625,0,0.17477927746259078,available
wa-test-000558,1,0.29855397600505224,1,0.17477927746259078,available
wa-test-000559,1,0.9944150351084952,1,0.17477927746259078,available
wa-test-000560,0,0.0014376340659357752,0,0.17477927746259078,available
wa-test-000561,0,0.0009028497632923868,0,0.17477927746259078,available
wa-test-000562,0,0.0009846371734675457,0,0.17477927746259078,available
wa-test-000563,0,0.012912605547621163,0,0.17477927746259078,available
wa-test-000564,0,0.0007732594553417659,0,0.17477927746259078,available
wa-test-000565,0,0.008601523447536917,0,0.17477927746259078,available
wa-test-000566,0,0.009541415113109047,0,0.17477927746259078,available
wa-test-000567,0,0.0013136213038704573,0,0.17477927746259078,available
wa-test-000568,0,0.0072551738224017935,0,0.17477927746259078,available
wa-test-000569,0,0.0022217103074069176,0,0.17477927746259078,available
wa-test-000570,0,0.0010445072089537832,0,0.17477927746259078,available
wa-test-000571,1,0.9583292733987478,1,0.17477927746259078,available
wa-test-000572,0,0.0032985847747239393,0,0.17477927746259078,available
wa-test-000573,0,0.001109088725418664,0,0.17477927746259078,available
wa-test-000574,0,0.02579205665118792,0,0.17477927746259078,available
wa-test-000575,0,0.03384202318889769,0,0.17477927746259078,available
wa-test-000576,0,0.0006337035490251096,0,0.17477927746259078,available
wa-test-000577,0,0.0005120396376923107,0,0.17477927746259078,available
wa-test-000578,0,0.0012335804601661003,0,0.17477927746259078,available
wa-test-000579,0,0.6095899866434016,1,0.17477927746259078,available
wa-test-000580,0,0.0008220698950727915,0,0.17477927746259078,available
wa-test-000581,1,0.6736124303644845,1,0.17477927746259078,available
wa-test-000582,0,0.39774536265252664,1,0.17477927746259078,available
wa-test-000583,1,0.45922229934218006,1,0.17477927746259078,available
wa-test-000584,0,0.02761161951884802,0,0.17477927746259078,available
wa-test-000585,0,0.001887779414092823,0,0.17477927746259078,available
wa-test-000586,0,0.0030279776551181163,0,0.17477927746259078,available
wa-test-000587,0,0.005187906927097715,0,0.17477927746259078,available
wa-test-000588,0,0.0007421732124173841,0,0.17477927746259078,available
wa-test-000589,1,0.9902366741083579,1,0.17477927746259078,available
wa-test-000590,0,0.007379579175606992,0,0.17477927746259078,available
wa-test-000591,0,0.03268486100081551,0,0.17477927746259078,available
wa-test-000592,1,0.0007973813538713538,0,0.17477927746259078,available
wa-test-000593,0,0.05379949260786273,0,0.17477927746259078,available
wa-test-000594,0,0.000958904121283543,0,0.17477927746259078,available
wa-test-000595,0,0.0010035624758269108,0,0.17477927746259078,available
wa-test-000596,0,0.0007745652444789072,0,0.17477927746259078,available
wa-test-000597,0,0.0060905156311163305,0,0.17477927746259078,available
wa-test-000598,0,0.0011769097495609694,0,0.17477927746259078,available
wa-test-000599,0,0.0008907110624716915,0,0.17477927746259078,available
wa-test-000600,0,0.20745161312513968,1,0.17477927746259078,available
wa-test-000601,1,0.9668362156580821,1,0.17477927746259078,available
wa-test-000602,0,0.017414256277945246,0,0.17477927746259078,available
wa-test-000603,0,0.08429158585156823,0,0.17477927746259078,available
wa-test-000604,0,0.002993668492700423,0,0.17477927746259078,available
wa-test-000605,0,0.001218398801144105,0,0.17477927746259078,available
wa-test-000606,0,0.0072664836382673,0,0.17477927746259078,available
wa-test-000607,0,0.0055382508256177024,0,0.17477927746259078,available
wa-test-000608,1,0.9935635513580982,1,0.17477927746259078,available
wa-test-000609,0,0.01583944115457151,0,0.17477927746259078,available
wa-test-000610,0,0.010068723494780893,0,0.17477927746259078,available
wa-test-000611,0,0.7301175620826524,1,0.17477927746259078,available
wa-test-000612,1,0.12487925588668487,0,0.17477927746259078,available
wa-test-000613,0,0.03428472650546136,0,0.17477927746259078,available
wa-test-000614,0,0.01604448751832653,0,0.17477927746259078,available
wa-test-000615,0,0.0012552088498969135,0,0.17477927746259078,available
wa-test-000616,0,0.03543788110468172,0,0.17477927746259078,available
wa-test-000617,0,0.0025965588827277513,0,0.17477927746259078,available
wa-test-000618,0,0.0008982000248213406,0,0.17477927746259078,available
wa-test-000619,0,0.04991505513355963,0,0.17477927746259078,available
wa-test-000620,0,0.0021126105583328184,0,0.17477927746259078,available
wa-test-000621,0,0.00035856373648066357,0,0.17477927746259078,available
wa-test-000622,0,0.0010283246814558388,0,0.17477927746259078,available
wa-test-000623,0,0.05339413968277704,0,0.17477927746259078,available
wa-test-000624,0,0.0014957551536601468,0,0.17477927746259078,available
wa-test-000625,0,0.0009384048446423705,0,0.17477927746259078,available
wa-test-000626,0,0.004343369723307531,0,0.17477927746259078,available
wa-test-000627,0,0.002121358835942759,0,0.17477927746259078,available
wa-test-000628,0,0.0006890890297520063,0,0.17477927746259078,available
wa-test-000629,0,0.0005710578055040897,0,0.17477927746259078,available
wa-test-000630,0,0.001258313513954864,0,0.17477927746259078,available
wa-test-000631,0,0.007041659703738692,0,0.17477927746259078,available
wa-test-000632,1,0.9501355707614837,1,0.17477927746259078,available
wa-test-000633,0,0.0003827411375760779,0,0.17477927746259078,available
wa-test-000634,0,0.0011998722021189805,0,0.17477927746259078,available
wa-test-000635,0,0.022967934310704007,0,0.17477927746259078,available
wa-test-000636,0,0.0069258702243124365,0,0.17477927746259078,available
wa-test-000637,0,0.22318448310534666,1,0.17477927746259078,available
wa-test-000638,0,0.002430527985417217,0,0.17477927746259078,available
wa-test-000639,0,0.0007410210141291774,0,0.17477927746259078,available
wa-test-000640,0,0.0011463841633459755,0,0.17477927746259078,available
wa-test-000641,1,0.9780071903589153,1,0.17477927746259078,available
wa-test-000642,0,0.0033844193129070155,0,0.17477927746259078,available
wa-test-000643,0,0.019527331111059802,0,0.17477927746259078,available
wa-test-000644,0,0.0030152889473640167,0,0.17477927746259078,available
wa-test-000645,0,0.00033695580862608005,0,0.17477927746259078,available
wa-test-000646,0,0.005384575001139647,0,0.17477927746259078,available
wa-test-000647,0,0.028377278303136494,0,0.17477927746259078,available
wa-test-000648,0,0.002098661745084454,0,0.17477927746259078,available
wa-test-000649,0,0.002094761095962469,0,0.17477927746259078,available
wa-test-000650,1,0.021009746919719356,0,0.17477927746259078,available
wa-test-000651,0,0.0009442421959241582,0,0.17477927746259078,available
wa-test-000652,0,0.024677325917380616,0,0.17477927746259078,available
wa-test-000653,0,0.0020555227190742634,0,0.17477927746259078,available
wa-test-000654,0,0.0005010162576694235,0,0.17477927746259078,available
wa-test-000655,1,0.9908372744585928,1,0.17477927746259078,available
wa-test-000656,0,0.007943313201263789,0,0.17477927746259078,available
wa-test-000657,1,0.9980485011409038,1,0.17477927746259078,available
wa-test-000658,0,0.0032418725962461746,0,0.17477927746259078,available
wa-test-000659,0,0.0010156858275282732,0,0.17477927746259078,available
wa-test-000660,0,0.006868473916633367,0,0.17477927746259078,available
wa-test-000661,0,0.0017762382859007025,0,0.17477927746259078,available
wa-test-000662,0,0.0011772392222691292,0,0.17477927746259078,available
wa-test-000663,0,0.020792899766740477,0,0.17477927746259078,available
wa-test-000664,1,0.975959132276807,1,0.17477927746259078,available
wa-test-000665,0,0.0005365536170168342,0,0.17477927746259078,available
wa-test-000666,0,0.008032023865894128,0,0.17477927746259078,available
wa-test-000667,0,0.0013268034616205162,0,0.17477927746259078,available
wa-test-000668,0,0.001327560546759719,0,0.17477927746259078,available
wa-test-000669,0,0.004744807125827435,0,0.17477927746259078,available
wa-test-000670,0,0.000889864410803951,0,0.17477927746259078,available
wa-test-000671,0,0.0021189090385464546,0,0.17477927746259078,available
wa-test-000672,0,0.015728283261698325,0,0.17477927746259078,available
wa-test-000673,0,0.007824125846490972,0,0.17477927746259078,available
wa-test-000674,0,0.0017161999079852246,0,0.17477927746259078,available
wa-test-000675,0,0.0009757782307750896,0,0.17477927746259078,available
wa-test-000676,0,0.004428551383690708,0,0.17477927746259078,available
wa-test-000677,0,0.0009329534825787062,0,0.17477927746259078,available
wa-test-000678,1,0.9142251695511945,1,0.17477927746259078,available
wa-test-000679,0,0.05783937466203742,0,0.17477927746259078,available
wa-test-000680,0,0.0008448624801302239,0,0.17477927746259078,available
wa-test-000681,0,0.00100145711715819,0,0.17477927746259078,available
wa-test-000682,0,0.001773548782245888,0,0.17477927746259078,available
wa-test-000683,0,0.02538098022064253,0,0.17477927746259078,available
wa-test-000684,0,0.0014210270130512847,0,0.17477927746259078,available
wa-test-000685,0,0.004417539831536246,0,0.17477927746259078,available
wa-test-000686,0,0.004076155684327666,0,0.17477927746259078,available
wa-test-000687,0,0.0024258165837389946,0,0.17477927746259078,available
wa-test-000688,0,0.026534870905521226,0,0.17477927746259078,available
wa-test-000689,0,0.0011444149890570776,0,0.17477927746259078,available
wa-test-000690,0,0.003367984210462286,0,0.17477927746259078,available
wa-test-000691,0,0.002410273365472302,0,0.17477927746259078,available
wa-test-000692,0,0.009352066059051445,0,0.17477927746259078,available
wa-test-000693,0,0.051682141599805186,0,0.17477927746259078,available
wa-test-000694,0,0.011599513580311055,0,0.17477927746259078,available
wa-test-000695,0,0.229048417489152,1,0.17477927746259078,available
wa-test-000696,1,0.9859445935318084,1,0.17477927746259078,available
wa-test-000697,0,0.000634447227920354,0,0.17477927746259078,available
wa-test-000698,0,0.0022333577235445633,0,0.17477927746259078,available
wa-test-000699,0,0.0010871073792646743,0,0.17477927746259078,available
wa-test-000700,1,0.8620378029875584,1,0.17477927746259078,available
wa-test-000701,1,0.9761260710914845,1,0.17477927746259078,available
wa-test-000702,0,0.10755921353959066,0,0.17477927746259078,available
wa-test-000703,0,0.0006376860518765473,0,0.17477927746259078,available
wa-test-000704,0,0.0017172453533802316,0,0.17477927746259078,available
wa-test-000705,0,0.0015173038494961752,0,0.17477927746259078,available
wa-test-000706,0,0.001190557658218182,0,0.17477927746259078,available
wa-test-000707,0,0.0028721167637866733,0,0.17477927746259078,available
wa-test-000708,0,0.0331447937344541,0,0.17477927746259078,available
wa-test-000709,0,0.0008330738480045644,0,0.17477927746259078,available
wa-test-000710,0,0.000428284651517979,0,0.17477927746259078,available
wa-test-000711,0,0.013664259887776262,0,0.17477927746259078,available
wa-test-000712,0,0.0036768176017196435,0,0.17477927746259078,available
wa-test-000713,0,0.004976164829385212,0,0.17477927746259078,available
wa-test-000714,0,0.0022917258228859335,0,0.17477927746259078,available
wa-test-000715,0,0.006907712401955402,0,0.17477927746259078,available
wa-test-000716,0,0.002032231525818545,0,0.17477927746259078,available
wa-test-000717,0,0.09233532139878134,0,0.17477927746259078,available
wa-test-000718,0,0.006993578636372343,0,0.17477927746259078,available
wa-test-000719,1,0.9593291037275345,1,0.17477927746259078,available
wa-test-000720,0,0.002344153549813232,0,0.17477927746259078,available
wa-test-000721,0,0.002663387133392465,0,0.17477927746259078,available
wa-test-000722,0,0.0021190622305253363,0,0.17477927746259078,available
wa-test-000723,0,0.000606608146418179,0,0.17477927746259078,available
wa-test-000724,0,0.017929414115385286,0,0.17477927746259078,available
wa-test-000725,0,0.0009128189870074451,0,0.17477927746259078,available
wa-test-000726,0,0.003985447384917555,0,0.17477927746259078,available
wa-test-000727,0,0.0008165874069265179,0,0.17477927746259078,available
wa-test-000728,0,0.007319589525719736,0,0.17477927746259078,available
wa-test-000729,1,0.983236106574992,1,0.17477927746259078,available
wa-test-000730,0,0.002407725017117605,0,0.17477927746259078,available
wa-test-000731,0,0.06271281078835629,0,0.17477927746259078,available
wa-test-000732,1,0.9341944851063657,1,0.17477927746259078,available
wa-test-000733,0,0.011115028155246731,0,0.17477927746259078,available
wa-test-000734,0,0.005759204502673703,0,0.17477927746259078,available
wa-test-000735,0,0.0025810918026981725,0,0.17477927746259078,available
wa-test-000736,0,0.006559854611097319,0,0.17477927746259078,available
wa-test-000737,0,0.004534070397042187,0,0.17477927746259078,available
wa-test-000738,1,0.5508784620984233,1,0.17477927746259078,available
wa-test-000739,0,0.002547950138275713,0,0.17477927746259078,available
wa-test-000740,0,0.001369522720128393,0,0.17477927746259078,available
wa-test-000741,0,0.0016665327090065517,0,0.17477927746259078,available
wa-test-000742,0,0.0005428757227717854,0,0.17477927746259078,available
wa-test-000743,0,0.0009840228343651978,0,0.17477927746259078,available
wa-test-000744,0,0.0292230284934998,0,0.17477927746259078,available
wa-test-000745,0,0.4593370699679724,1,0.17477927746259078,available
wa-test-000746,0,0.0032503740759559085,0,0.17477927746259078,available
wa-test-000747,0,0.002435106250203277,0,0.17477927746259078,available
wa-test-000748,0,0.0004301146446223526,0,0.17477927746259078,available
wa-test-000749,0,0.0004668060407681241,0,0.17477927746259078,available
wa-test-000750,0,0.0004299287537505652,0,0.17477927746259078,available
wa-test-000751,0,0.001176948256206307,0,0.17477927746259078,available
wa-test-000752,0,0.0013780720519920898,0,0.17477927746259078,available
wa-test-000753,0,0.0009897797261196558,0,0.17477927746259078,available
wa-test-000754,0,0.0007793818492911007,0,0.17477927746259078,available
wa-test-000755,0,0.0015118101673592722,0,0.17477927746259078,available
wa-test-000756,0,0.005829686309276595,0,0.17477927746259078,available
wa-test-000757,0,0.0009492906735241198,0,0.17477927746259078,available
wa-test-000758,0,0.017090388752888694,0,0.17477927746259078,available
wa-test-000759,0,0.005496848127220508,0,0.17477927746259078,available
wa-test-000760,1,0.99403743220072,1,0.17477927746259078,available
wa-test-000761,0,0.0005176874369407408,0,0.17477927746259078,available
wa-test-000762,0,0.23157998950843464,1,0.17477927746259078,available
wa-test-000763,0,0.0016771811357367467,0,0.17477927746259078,available
wa-test-000764,0,0.00045793983413410644,0,0.17477927746259078,available
wa-test-000765,0,0.006318989411120169,0,0.17477927746259078,available
wa-test-000766,0,0.38707051792793007,1,0.17477927746259078,available
wa-test-000767,0,0.0007266822290272794,0,0.17477927746259078,available
wa-test-000768,0,0.013460980559547756,0,0.17477927746259078,available
wa-test-000769,0,0.002924976947254544,0,0.17477927746259078,available
wa-test-000770,0,0.16839812652146233,0,0.17477927746259078,available
wa-test-000771,0,0.0006320061812804116,0,0.17477927746259078,available
wa-test-000772,0,0.006452187681434,0,0.17477927746259078,available
wa-test-000773,1,0.9794465439291691,1,0.17477927746259078,available
wa-test-000774,0,0.006384853419529957,0,0.17477927746259078,available
wa-test-000775,0,0.0021252400193579554,0,0.17477927746259078,available
wa-test-000776,0,0.20608347189742837,1,0.17477927746259078,available
wa-test-000777,0,0.0009230944560956264,0,0.17477927746259078,available
wa-test-000778,0,0.002749905502805348,0,0.17477927746259078,available
wa-test-000779,0,0.05985772343476823,0,0.17477927746259078,available
wa-test-000780,0,0.04498808235567698,0,0.17477927746259078,available
wa-test-000781,0,0.0010925732258828772,0,0.17477927746259078,available
wa-test-000782,0,0.016695918109530108,0,0.17477927746259078,available
wa-test-000783,1,0.9896107058681262,1,0.17477927746259078,available
wa-test-000784,0,0.004939944843186861,0,0.17477927746259078,available
wa-test-000785,0,0.00827349402535967,0,0.17477927746259078,available
wa-test-000786,0,0.0009510274653552536,0,0.17477927746259078,available
wa-test-000787,0,0.0008296241165860821,0,0.17477927746259078,available
wa-test-000788,0,0.0008601846268721079,0,0.17477927746259078,available
wa-test-000789,0,0.01490236460091987,0,0.17477927746259078,available
wa-test-000790,0,0.02018450126274407,0,0.17477927746259078,available
wa-test-000791,0,0.0029499537744395107,0,0.17477927746259078,available
wa-test-000792,0,0.02063932520552941,0,0.17477927746259078,available
wa-test-000793,0,0.0014607894746443376,0,0.17477927746259078,available
wa-test-000794,0,0.002252695013124421,0,0.17477927746259078,available
wa-test-000795,1,0.013834110105460918,0,0.17477927746259078,available
wa-test-000796,0,0.0018938020526361884,0,0.17477927746259078,available
wa-test-000797,0,0.07409133704453794,0,0.17477927746259078,available
wa-test-000798,0,0.0027705167187715607,0,0.17477927746259078,available
wa-test-000799,0,0.0009026958179727424,0,0.17477927746259078,available
wa-test-000800,0,0.007927792864718092,0,0.17477927746259078,available
wa-test-000801,0,0.04767139418711468,0,0.17477927746259078,available
wa-test-000802,0,0.004059802963177145,0,0.17477927746259078,available
wa-test-000803,1,0.9981272755858837,1,0.17477927746259078,available
wa-test-000804,0,0.0007917113924608664,0,0.17477927746259078,available
wa-test-000805,1,0.94823304838442,1,0.17477927746259078,available
wa-test-000806,0,0.0038694612911110986,0,0.17477927746259078,available
wa-test-000807,0,0.017024094223981608,0,0.17477927746259078,available
wa-test-000808,0,0.32823821561546207,1,0.17477927746259078,available
wa-test-000809,0,0.008216960792306036,0,0.17477927746259078,available
wa-test-000810,0,0.0007219130353204532,0,0.17477927746259078,available
wa-test-000811,0,0.003361080519477158,0,0.17477927746259078,available
wa-test-000812,0,0.06306596839973387,0,0.17477927746259078,available
wa-test-000813,0,0.0017906430669873757,0,0.17477927746259078,available
wa-test-000814,1,0.8321391908137804,1,0.17477927746259078,available
wa-test-000815,0,0.003424616728876392,0,0.17477927746259078,available
wa-test-000816,1,0.9936214090639174,1,0.17477927746259078,available
wa-test-000817,0,0.002229064928590357,0,0.17477927746259078,available
wa-test-000818,0,0.004854230016976216,0,0.17477927746259078,available
wa-test-000819,0,0.06369391197765335,0,0.17477927746259078,available
wa-test-000820,0,0.005550178226675081,0,0.17477927746259078,available
wa-test-000821,0,0.001815327172982282,0,0.17477927746259078,available
wa-test-000822,0,0.0011253595647598158,0,0.17477927746259078,available
wa-test-000823,0,0.159675572429332,0,0.17477927746259078,available
wa-test-000824,0,0.006141705397192742,0,0.17477927746259078,available
wa-test-000825,0,0.004938209455047852,0,0.17477927746259078,available
wa-test-000826,0,0.0005285473203494206,0,0.17477927746259078,available
wa-test-000827,0,0.026546555480790008,0,0.17477927746259078,available
wa-test-000828,0,0.000983227237423641,0,0.17477927746259078,available
wa-test-000829,0,0.025007759262282634,0,0.17477927746259078,available
wa-test-000830,0,0.002066518751466138,0,0.17477927746259078,available
wa-test-000831,0,0.0008148734622975125,0,0.17477927746259078,available
wa-test-000832,0,0.001242459162669517,0,0.17477927746259078,available
wa-test-000833,0,0.011181331252278463,0,0.17477927746259078,available
wa-test-000834,0,0.009609103814406994,0,0.17477927746259078,available
wa-test-000835,0,0.002880113166320933,0,0.17477927746259078,available
wa-test-000836,0,0.00325147290021572,0,0.17477927746259078,available
wa-test-000837,1,0.9790739683383969,1,0.17477927746259078,available
wa-test-000838,0,0.006131655839708141,0,0.17477927746259078,available
wa-test-000839,0,0.0019625042440241155,0,0.17477927746259078,available
wa-test-000840,0,0.001318991073352488,0,0.17477927746259078,available
wa-test-000841,0,0.013004181629358,0,0.17477927746259078,available
wa-test-000842,1,0.9807770951930344,1,0.17477927746259078,available
wa-test-000843,0,0.0004348877226244968,0,0.17477927746259078,available
wa-test-000844,0,0.0007950535993270202,0,0.17477927746259078,available
wa-test-000845,0,0.0023160297734901624,0,0.17477927746259078,available
wa-test-000846,0,0.0013556036210506553,0,0.17477927746259078,available
wa-test-000847,0,0.0005813115734441541,0,0.17477927746259078,available
wa-test-000848,0,0.003344454092409871,0,0.17477927746259078,available
wa-test-000849,1,0.998481676117838,1,0.17477927746259078,available
wa-test-000850,0,0.3544645854330348,1,0.17477927746259078,available
wa-test-000851,0,0.07855788819349344,0,0.17477927746259078,available
wa-test-000852,0,0.0011615428820662024,0,0.17477927746259078,available
wa-test-000853,0,0.0035880045287548794,0,0.17477927746259078,available
wa-test-000854,0,0.003905409765463853,0,0.17477927746259078,available
wa-test-000855,0,0.00935349463624073,0,0.17477927746259078,available
wa-test-000856,0,0.06660130143957843,0,0.17477927746259078,available
wa-test-000857,0,0.00014517066414548955,0,0.17477927746259078,available
wa-test-000858,0,0.000455013996467224,0,0.17477927746259078,available
wa-test-000859,1,0.9952332174435741,1,0.17477927746259078,available
wa-test-000860,0,0.007538555920046678,0,0.17477927746259078,available
wa-test-000861,0,0.002013512392257837,0,0.17477927746259078,available
wa-test-000862,0,0.0015195910467593235,0,0.17477927746259078,available
wa-test-000863,0,0.002515353580952077,0,0.17477927746259078,available
wa-test-000864,0,0.008077704899831993,0,0.17477927746259078,available
wa-test-000865,0,0.001681288587410729,0,0.17477927746259078,available
wa-test-000866,0,0.030525876630681122,0,0.17477927746259078,available
wa-test-000867,0,0.011168599164134414,0,0.17477927746259078,available
wa-test-000868,0,0.10169199636795714,0,0.17477927746259078,available
wa-test-000869,0,0.0012479235762975108,0,0.17477927746259078,available
wa-test-000870,0,0.0001947113214970396,0,0.17477927746259078,available
wa-test-000871,0,0.0020411808419053615,0,0.17477927746259078,available
wa-test-000872,0,0.29553588665122693,1,0.17477927746259078,available
wa-test-000873,0,0.0014929675826166116,0,0.17477927746259078,available
wa-test-000874,1,0.988284851783961,1,0.17477927746259078,available
wa-test-000875,0,0.001592787413989635,0,0.17477927746259078,available
wa-test-000876,0,0.0013773324838882964,0,0.17477927746259078,available
wa-test-000877,0,0.0009044580426893017,0,0.17477927746259078,available
wa-test-000878,1,0.9878611763712585,1,0.17477927746259078,available
wa-test-000879,0,0.0009475969419905148,0,0.17477927746259078,available
wa-test-000880,0,0.0009641493320374708,0,0.17477927746259078,available
wa-test-000881,0,0.004843565823320963,0,0.17477927746259078,available
wa-test-000882,0,0.0007732594553417659,0,0.17477927746259078,available
wa-test-000883,0,0.0013313659733965766,0,0.17477927746259078,available
wa-test-000884,1,0.800444242128609,1,0.17477927746259078,available
wa-test-000885,1,0.9761835338046733,1,0.17477927746259078,available
wa-test-000886,0,0.0034359227665238835,0,0.17477927746259078,available
wa-test-000887,0,0.0007377832243044988,0,0.17477927746259078,available
wa-test-000888,0,0.0007063874299949226,0,0.17477927746259078,available
wa-test-000889,0,0.007769490686663512,0,0.17477927746259078,available
wa-test-000890,0,0.007938486592020571,0,0.17477927746259078,available
wa-test-000891,0,0.012362905958311384,0,0.17477927746259078,available
wa-test-000892,0,0.001985217458488862,0,0.17477927746259078,available
wa-test-000893,0,0.01876410171055538,0,0.17477927746259078,available
wa-test-000894,0,0.001523600307870357,0,0.17477927746259078,available
wa-test-000895,0,0.0007463162451034267,0,0.17477927746259078,available
wa-test-000896,0,0.0003751436040762239,0,0.17477927746259078,available
wa-test-000897,0,0.018632144260309905,0,0.17477927746259078,available
wa-test-000898,0,0.0008380064893266796,0,0.17477927746259078,available
wa-test-000899,0,0.003739118182386659,0,0.17477927746259078,available
wa-test-000900,0,0.02119931750312217,0,0.17477927746259078,available
wa-test-000901,0,0.0011636330145860991,0,0.17477927746259078,available
wa-test-000902,0,0.0049316496634201,0,0.17477927746259078,available
wa-test-000903,0,0.001266961677687751,0,0.17477927746259078,available
wa-test-000904,0,0.005539400975083381,0,0.17477927746259078,available
wa-test-000905,0,0.0005931070839031436,0,0.17477927746259078,available
wa-test-000906,0,0.009754997998287761,0,0.17477927746259078,available
wa-test-000907,0,0.001690689872252916,0,0.17477927746259078,available
wa-test-000908,0,0.0047171191053556735,0,0.17477927746259078,available
wa-test-000909,0,0.007528796955024106,0,0.17477927746259078,available
wa-test-000910,0,0.0001821448916196248,0,0.17477927746259078,available
wa-test-000911,0,0.10947383859257002,0,0.17477927746259078,available
wa-test-000912,1,0.9606712173933345,1,0.17477927746259078,available
wa-test-000913,1,0.9957862518814704,1,0.17477927746259078,available
wa-test-000914,0,0.00218796884355667,0,0.17477927746259078,available
wa-test-000915,0,0.016298495610948673,0,0.17477927746259078,available
wa-test-000916,0,0.010726587211992327,0,0.17477927746259078,available
wa-test-000917,0,0.00023974870050424377,0,0.17477927746259078,available
wa-test-000918,0,0.0023872686835967553,0,0.17477927746259078,available
wa-test-000919,0,0.0004073198748249667,0,0.17477927746259078,available
wa-test-000920,0,0.042220917804024136,0,0.17477927746259078,available
wa-test-000921,0,0.0016147955632628717,0,0.17477927746259078,available
wa-test-000922,0,0.001242538051827892,0,0.17477927746259078,available
wa-test-000923,0,0.0015334406453527492,0,0.17477927746259078,available
wa-test-000924,0,0.030767271171403227,0,0.17477927746259078,available
wa-test-000925,0,0.01009222673002477,0,0.17477927746259078,available
wa-test-000926,0,0.0017702696612127403,0,0.17477927746259078,available
wa-test-000927,0,0.0017457128100551022,0,0.17477927746259078,available
wa-test-000928,0,0.031004562740545666,0,0.17477927746259078,available
wa-test-000929,0,0.0018569563628452325,0,0.17477927746259078,available
wa-test-000930,0,0.00030663972930369533,0,0.17477927746259078,available
wa-test-000931,0,0.012048664650638008,0,0.17477927746259078,available
wa-test-000932,0,0.00906623402525458,0,0.17477927746259078,available
wa-test-000933,1,0.9583753739693915,1,0.17477927746259078,available
wa-test-000934,0,0.0016504797676886015,0,0.17477927746259078,available
wa-test-000935,0,0.000850347772176685,0,0.17477927746259078,available
wa-test-000936,0,0.0005937616652408849,0,0.17477927746259078,available
wa-test-000937,0,0.001762433927711385,0,0.17477927746259078,available
wa-test-000938,0,0.0009887431222838953,0,0.17477927746259078,available
wa-test-000939,0,0.0008344544826079815,0,0.17477927746259078,available
wa-test-000940,0,0.0013191052881576055,0,0.17477927746259078,available
wa-test-000941,0,0.0023057341226158266,0,0.17477927746259078,available
wa-test-000942,0,0.0007136114445300498,0,0.17477927746259078,available
wa-test-000943,0,0.0003672876719149074,0,0.17477927746259078,available
wa-test-000944,0,0.0003859379616632484,0,0.17477927746259078,available
wa-test-000945,0,0.0008000551358487474,0,0.17477927746259078,available
wa-test-000946,0,0.004760476778919537,0,0.17477927746259078,available
wa-test-000947,0,0.007936352259146424,0,0.17477927746259078,available
wa-test-000948,0,0.00776755290926611,0,0.17477927746259078,available
wa-test-000949,0,0.00031898831417151425,0,0.17477927746259078,available
wa-test-000950,0,0.00034136586967892067,0,0.17477927746259078,available
wa-test-000951,0,0.0008097597005993786,0,0.17477927746259078,available
wa-test-000952,0,0.020678843141275525,0,0.17477927746259078,available
wa-test-000953,0,0.010618586513410539,0,0.17477927746259078,available
wa-test-000954,0,0.0019670067598487294,0,0.17477927746259078,available
wa-test-000955,0,0.0029104746261606985,0,0.17477927746259078,available
wa-test-000956,0,0.00255443669810378,0,0.17477927746259078,available
wa-test-000957,0,0.0008907814600740468,0,0.17477927746259078,available
wa-test-000958,0,0.0020975587603042373,0,0.17477927746259078,available
wa-test-000959,0,0.0005820237478535156,0,0.17477927746259078,available
wa-test-000960,0,0.0011585634639952938,0,0.17477927746259078,available
wa-test-000961,0,0.03475451489973885,0,0.17477927746259078,available
wa-test-000962,0,0.001654889166346176,0,0.17477927746259078,available
wa-test-000963,0,0.0024299481071773307,0,0.17477927746259078,available
wa-test-000964,0,0.0014465813984994376,0,0.17477927746259078,available
wa-test-000965,1,0.05032748895697549,0,0.17477927746259078,available
wa-test-000966,0,0.0013779698147476276,0,0.17477927746259078,available
wa-test-000967,0,0.00014502448121134098,0,0.17477927746259078,available
wa-test-000968,0,0.0009672724980613027,0,0.17477927746259078,available
wa-test-000969,0,0.13430629242281214,0,0.17477927746259078,available
wa-test-000970,0,0.010281365421969182,0,0.17477927746259078,available
wa-test-000971,0,0.0011534859026076697,0,0.17477927746259078,available
wa-test-000972,0,0.006234804134773012,0,0.17477927746259078,available
wa-test-000973,0,0.004148815543604622,0,0.17477927746259078,available
wa-test-000974,0,0.013095083179452826,0,0.17477927746259078,available
wa-test-000975,0,0.00976161176366199,0,0.17477927746259078,available
wa-test-000976,0,0.002089918261293087,0,0.17477927746259078,available
wa-test-000977,0,0.0011098018898775155,0,0.17477927746259078,available
wa-test-000978,1,0.9310482331651534,1,0.17477927746259078,available
wa-test-000979,0,0.0015007104553083463,0,0.17477927746259078,available
wa-test-000980,0,0.0012805549632409212,0,0.17477927746259078,available
wa-test-000981,0,0.4729235482902114,1,0.17477927746259078,available
wa-test-000982,0,0.0012744667407818733,0,0.17477927746259078,available
wa-test-000983,1,0.996625276856251,1,0.17477927746259078,available
wa-test-000984,1,0.026820406320888026,0,0.17477927746259078,available
wa-test-000985,0,0.004197394478094454,0,0.17477927746259078,available
wa-test-000986,0,0.019779040392877728,0,0.17477927746259078,available
wa-test-000987,1,0.9891041555615017,1,0.17477927746259078,available
wa-test-000988,0,0.03048901356247597,0,0.17477927746259078,available
wa-test-000989,1,0.9948205158334357,1,0.17477927746259078,available
wa-test-000990,0,0.0033975881235917046,0,0.17477927746259078,available
wa-test-000991,0,0.006982199009401303,0,0.17477927746259078,available
wa-test-000992,0,0.005193453891216784,0,0.17477927746259078,available
wa-test-000993,0,0.002248172226700758,0,0.17477927746259078,available
wa-test-000994,0,0.0011320614134683353,0,0.17477927746259078,available
wa-test-000995,0,0.01340593388562276,0,0.17477927746259078,available
wa-test-000996,0,0.0015819250310310782,0,0.17477927746259078,available
wa-test-000997,0,0.0038316310236844076,0,0.17477927746259078,available
wa-test-000998,0,0.003512282852816529,0,0.17477927746259078,available
wa-test-000999,0,0.0004932537412414204,0,0.17477927746259078,available
wa-test-001000,0,0.0011209202570646567,0,0.17477927746259078,available
wa-test-001001,0,0.00021259656886955846,0,0.17477927746259078,available
wa-test-001002,0,0.006772602344530854,0,0.17477927746259078,available
wa-test-001003,1,0.8790327140197283,1,0.17477927746259078,available
wa-test-001004,0,0.002827066766624906,0,0.17477927746259078,available
wa-test-001005,0,0.0005802205039985705,0,0.17477927746259078,available
wa-test-001006,0,0.01916188203509431,0,0.17477927746259078,available
wa-test-001007,0,0.003261558486507094,0,0.17477927746259078,available
wa-test-001008,0,0.0020928384481500523,0,0.17477927746259078,available
wa-test-001009,0,0.00019684309193499855,0,0.17477927746259078,available
wa-test-001010,0,0.001681288587410729,0,0.17477927746259078,available
wa-test-001011,0,0.0021741069337489986,0,0.17477927746259078,available
wa-test-001012,0,0.013831213281056808,0,0.17477927746259078,available
wa-test-001013,0,0.0009173205601403573,0,0.17477927746259078,available
wa-test-001014,0,0.0026346935597932443,0,0.17477927746259078,available
wa-test-001015,0,0.0017642513057254214,0,0.17477927746259078,available
wa-test-001016,1,0.9911183330677432,1,0.17477927746259078,available
wa-test-001017,0,0.11762825320888523,0,0.17477927746259078,available
wa-test-001018,0,0.004124255876390725,0,0.17477927746259078,available
wa-test-001019,0,0.0018506610477431688,0,0.17477927746259078,available
wa-test-001020,1,0.9871351854583837,1,0.17477927746259078,available
wa-test-001021,1,0.9953504054769069,1,0.17477927746259078,available
wa-test-001022,0,0.0015051620237711157,0,0.17477927746259078,available
wa-test-001023,0,0.0009712735019779663,0,0.17477927746259078,available
wa-test-001024,0,0.0036228534650489122,0,0.17477927746259078,available
wa-test-001025,0,0.0006179068338974322,0,0.17477927746259078,available
wa-test-001026,0,0.0021852789104552556,0,0.17477927746259078,available
wa-test-001027,0,0.003297316095352966,0,0.17477927746259078,available
wa-test-001028,0,0.0022341504599118632,0,0.17477927746259078,available
wa-test-001029,0,0.002368108048777134,0,0.17477927746259078,available
wa-test-001030,0,0.0037359871786722012,0,0.17477927746259078,available
wa-test-001031,0,0.0008163112634445363,0,0.17477927746259078,available
wa-test-001032,0,0.0006134403214900083,0,0.17477927746259078,available
wa-test-001033,0,0.0011147965134944413,0,0.17477927746259078,available
wa-test-001034,0,0.00535639942745426,0,0.17477927746259078,available
wa-test-001035,0,0.000999094866941954,0,0.17477927746259078,available
wa-test-001036,0,0.0006378244202704795,0,0.17477927746259078,available
wa-test-001037,0,0.001385050388063643,0,0.17477927746259078,available
wa-test-001038,0,0.004025456527798112,0,0.17477927746259078,available
wa-test-001039,0,0.0013933177897582822,0,0.17477927746259078,available
wa-test-001040,0,0.32068481256104664,1,0.17477927746259078,available
wa-test-001041,0,0.2822383269908636,1,0.17477927746259078,available
wa-test-001042,0,0.0374174880320773,0,0.17477927746259078,available
wa-test-001043,1,0.9945131309126228,1,0.17477927746259078,available
wa-test-001044,0,0.0038265104499143046,0,0.17477927746259078,available
wa-test-001045,0,0.014144761763546837,0,0.17477927746259078,available
wa-test-001046,1,0.6039386822552243,1,0.17477927746259078,available
wa-test-001047,0,0.0061204123922670274,0,0.17477927746259078,available
wa-test-001048,0,0.01835212102516762,0,0.17477927746259078,available
wa-test-001049,0,0.030157813273350115,0,0.17477927746259078,available
wa-test-001050,0,0.9006093591016373,1,0.17477927746259078,available
wa-test-001051,0,0.00045929900105009695,0,0.17477927746259078,available
wa-test-001052,0,0.003934410389604458,0,0.17477927746259078,available
wa-test-001053,0,0.0011207838344348623,0,0.17477927746259078,available
wa-test-001054,0,0.005433001887523162,0,0.17477927746259078,available
wa-test-001055,0,0.05384083428221842,0,0.17477927746259078,available
wa-test-001056,0,0.0022187641866754856,0,0.17477927746259078,available
wa-test-001057,1,0.9912010069840963,1,0.17477927746259078,available
wa-test-001058,0,0.002975998735114532,0,0.17477927746259078,available
wa-test-001059,0,0.007601461822840271,0,0.17477927746259078,available
wa-test-001060,0,0.008429646425263419,0,0.17477927746259078,available
wa-test-001061,0,0.0010627171857291982,0,0.17477927746259078,available
wa-test-001062,0,0.004888992561634192,0,0.17477927746259078,available
wa-test-001063,0,0.02752528245315973,0,0.17477927746259078,available
wa-test-001064,0,0.019180303186164274,0,0.17477927746259078,available
wa-test-001065,0,0.0033656528931741048,0,0.17477927746259078,available
wa-test-001066,1,0.9978109210265415,1,0.17477927746259078,available
wa-test-001067,0,0.004081923101979281,0,0.17477927746259078,available
wa-test-001068,0,0.0001998389130102973,0,0.17477927746259078,available
wa-test-001069,0,0.00304400277509932,0,0.17477927746259078,available
wa-test-001070,0,0.00046323264184584736,0,0.17477927746259078,available
wa-test-001071,0,0.0019074059625756369,0,0.17477927746259078,available
wa-test-001072,0,0.0060067877812518536,0,0.17477927746259078,available
wa-test-001073,0,0.001357376350735629,0,0.17477927746259078,available
wa-test-001074,0,0.00025269428601915707,0,0.17477927746259078,available
wa-test-001075,0,0.0006661231093265517,0,0.17477927746259078,available
wa-test-001076,0,0.001365799854682811,0,0.17477927746259078,available
wa-test-001077,0,0.001277587282719275,0,0.17477927746259078,available
wa-test-001078,0,0.007330901958570073,0,0.17477927746259078,available
wa-test-001079,0,0.001127065857787136,0,0.17477927746259078,available
wa-test-001080,0,0.002055876749929933,0,0.17477927746259078,available
wa-test-001081,0,0.0017768601342283967,0,0.17477927746259078,available
wa-test-001082,0,0.0016377691189392088,0,0.17477927746259078,available
wa-test-001083,0,0.0017373659487905815,0,0.17477927746259078,available
wa-test-001084,0,0.19962858625140503,1,0.17477927746259078,available
wa-test-001085,0,0.0011769075388469523,0,0.17477927746259078,available
wa-test-001086,0,0.0009310656514876553,0,0.17477927746259078,available
wa-test-001087,0,0.03282303470863587,0,0.17477927746259078,available
wa-test-001088,0,0.0006638029126656514,0,0.17477927746259078,available
wa-test-001089,0,0.001276176105643327,0,0.17477927746259078,available
wa-test-001090,0,0.008052294875924071,0,0.17477927746259078,available
wa-test-001091,0,0.0006816107913054892,0,0.17477927746259078,available
wa-test-001092,0,0.0024993400746156787,0,0.17477927746259078,available
wa-test-001093,0,0.0026057274451487737,0,0.17477927746259078,available
wa-test-001094,0,0.002327442833293434,0,0.17477927746259078,available
wa-test-001095,0,0.00724645013800311,0,0.17477927746259078,available
wa-test-001096,0,0.0016666751862532074,0,0.17477927746259078,available
wa-test-001097,0,0.4471713318693409,1,0.17477927746259078,available
wa-test-001098,0,0.028987835435829317,0,0.17477927746259078,available
wa-test-001099,0,0.01323626710410988,0,0.17477927746259078,available
wa-test-001100,0,0.0015368018700630233,0,0.17477927746259078,available
wa-test-001101,0,0.015474794510370949,0,0.17477927746259078,available
wa-test-001102,0,0.07888489614941144,0,0.17477927746259078,available
wa-test-001103,0,0.008017121487791034,0,0.17477927746259078,available
wa-test-001104,0,0.0023377905427143463,0,0.17477927746259078,available
wa-test-001105,0,0.004085902206354209,0,0.17477927746259078,available
wa-test-001106,0,0.00027491143433916964,0,0.17477927746259078,available
wa-test-001107,0,0.0010912128505277342,0,0.17477927746259078,available
wa-test-001108,0,0.0021540582497233058,0,0.17477927746259078,available
wa-test-001109,1,0.9947250744106152,1,0.17477927746259078,available
wa-test-001110,0,0.006341516769624426,0,0.17477927746259078,available
wa-test-001111,0,0.006914670500924899,0,0.17477927746259078,available
wa-test-001112,0,0.004272106271605694,0,0.17477927746259078,available
wa-test-001113,0,0.010994536295996902,0,0.17477927746259078,available
wa-test-001114,0,0.21323913405556638,1,0.17477927746259078,available
wa-test-001115,0,0.0006194932298336239,0,0.17477927746259078,available
wa-test-001116,0,0.01778796972234037,0,0.17477927746259078,available
wa-test-001117,0,0.0014882368052851296,0,0.17477927746259078,available
wa-test-001118,0,0.003959452966816469,0,0.17477927746259078,available
wa-test-001119,0,0.006356060680606909,0,0.17477927746259078,available
wa-test-001120,0,0.0021112002183500513,0,0.17477927746259078,available
wa-test-001121,0,0.00034452571410531463,0,0.17477927746259078,available
wa-test-001122,0,0.0009417492849014959,0,0.17477927746259078,available
wa-test-001123,0,0.04718639679338401,0,0.17477927746259078,available
wa-test-001124,0,0.0995013379242121,0,0.17477927746259078,available
wa-test-001125,0,0.005902530867147416,0,0.17477927746259078,available
wa-test-001126,0,0.0009029533404611506,0,0.17477927746259078,available
wa-test-001127,0,0.0018138503206134274,0,0.17477927746259078,available
wa-test-001128,0,0.0009173306430152653,0,0.17477927746259078,available
wa-test-001129,0,0.001222787919953489,0,0.17477927746259078,available
wa-test-001130,0,0.000303872657135557,0,0.17477927746259078,available
wa-test-001131,0,0.0007235004542445421,0,0.17477927746259078,available
wa-test-001132,0,0.0003974271145346758,0,0.17477927746259078,available
wa-test-001133,0,0.0014544591163390993,0,0.17477927746259078,available
wa-test-001134,1,0.7691088271811484,1,0.17477927746259078,available
wa-test-001135,0,0.0029414749945376735,0,0.17477927746259078,available
wa-test-001136,0,0.0025722304763333283,0,0.17477927746259078,available
wa-test-001137,0,0.23869254512582494,1,0.17477927746259078,available
wa-test-001138,0,0.0016063366191994546,0,0.17477927746259078,available
wa-test-001139,0,0.0005115390137093795,0,0.17477927746259078,available
wa-test-001140,0,0.003168596457984217,0,0.17477927746259078,available
wa-test-001141,0,0.005002434890116439,0,0.17477927746259078,available
wa-test-001142,0,0.007916750682974835,0,0.17477927746259078,available
wa-test-001143,0,0.002448887044911212,0,0.17477927746259078,available
wa-test-001144,0,0.0181863691651454,0,0.17477927746259078,available
wa-test-001145,1,0.9889088680118149,1,0.17477927746259078,available
wa-test-001146,0,0.0024629525582009707,0,0.17477927746259078,available
wa-test-001147,0,0.004243563580596437,0,0.17477927746259078,available
wa-test-001148,0,0.005809443382488012,0,0.17477927746259078,available
wa-test-001149,0,0.01931509852790849,0,0.17477927746259078,available
wa-test-001150,0,0.004034459660136606,0,0.17477927746259078,available
wa-test-001151,0,0.0004439688036173948,0,0.17477927746259078,available
wa-test-001152,0,0.000816947346532268,0,0.17477927746259078,available
wa-test-001153,0,0.006564762923437316,0,0.17477927746259078,available
wa-test-001154,0,0.019256492242459892,0,0.17477927746259078,available
wa-test-001155,1,0.8904599489819262,1,0.17477927746259078,available
wa-test-001156,0,0.001996658223762986,0,0.17477927746259078,available
wa-test-001157,0,0.0019949524684212193,0,0.17477927746259078,available
wa-test-001158,1,0.8023226318083304,1,0.17477927746259078,available
wa-test-001159,0,0.017272304064104117,0,0.17477927746259078,available
wa-test-001160,1,0.9921710517972311,1,0.17477927746259078,available
wa-test-001161,1,0.9989135103408371,1,0.17477927746259078,available
wa-test-001162,0,0.0008810852670343554,0,0.17477927746259078,available
wa-test-001163,0,0.004642464624747961,0,0.17477927746259078,available
wa-test-001164,0,0.0029011081012205453,0,0.17477927746259078,available
wa-test-001165,0,0.0009164180252485732,0,0.17477927746259078,available
wa-test-001166,0,0.003263197175672327,0,0.17477927746259078,available
wa-test-001167,0,0.00412748506494708,0,0.17477927746259078,available
wa-test-001168,0,0.002522975009784255,0,0.17477927746259078,available
wa-test-001169,0,0.01750893939553781,0,0.17477927746259078,available
wa-test-001170,0,0.000705039474604473,0,0.17477927746259078,available
wa-test-001171,0,0.6196861794906,1,0.17477927746259078,available
wa-test-001172,0,0.0016514393459008923,0,0.17477927746259078,available
wa-test-001173,0,0.07115165812648207,0,0.17477927746259078,available
wa-test-001174,0,0.02629482028014996,0,0.17477927746259078,available
wa-test-001175,1,0.9985296232597904,1,0.17477927746259078,available
wa-test-001176,0,0.00021071135697624748,0,0.17477927746259078,available
wa-test-001177,0,0.0013686857710376234,0,0.17477927746259078,available
wa-test-001178,0,0.003541160053240599,0,0.17477927746259078,available
wa-test-001179,0,0.0011429787765351732,0,0.17477927746259078,available
wa-test-001180,0,0.002337735002200258,0,0.17477927746259078,available
wa-test-001181,0,0.13449672845729865,0,0.17477927746259078,available
wa-test-001182,0,0.016226495698751627,0,0.17477927746259078,available
wa-test-001183,1,0.9950245415590567,1,0.17477927746259078,available
wa-test-001184,1,0.9978325230074868,1,0.17477927746259078,available
wa-test-001185,0,0.00047612319417130063,0,0.17477927746259078,available
wa-test-001186,0,0.002218203493664171,0,0.17477927746259078,available
wa-test-001187,0,0.0004635928113210528,0,0.17477927746259078,available
wa-test-001188,0,0.039301637161242124,0,0.17477927746259078,available
wa-test-001189,0,0.0025429581474573017,0,0.17477927746259078,available
wa-test-001190,0,0.003515510562899323,0,0.17477927746259078,available
wa-test-001191,0,0.0007104955574485995,0,0.17477927746259078,available
wa-test-001192,0,0.0024594942377301646,0,0.17477927746259078,available
wa-test-001193,1,0.9232903932912172,1,0.17477927746259078,available
wa-test-001194,0,0.001008311053123674,0,0.17477927746259078,available
wa-test-001195,0,0.0014859640434525725,0,0.17477927746259078,available
wa-test-001196,0,0.0010694909376684038,0,0.17477927746259078,available
wa-test-001197,0,0.00021505810826993036,0,0.17477927746259078,available
wa-test-001198,0,0.0006793368333088833,0,0.17477927746259078,available
wa-test-001199,0,0.0009124191003918506,0,0.17477927746259078,available
wa-test-001200,0,0.026384996614949672,0,0.17477927746259078,available
wa-test-001201,0,0.0024650594558799136,0,0.17477927746259078,available
wa-test-001202,0,0.0014560644797277844,0,0.17477927746259078,available
wa-test-001203,0,0.0008860624442291727,0,0.17477927746259078,available
wa-test-001204,0,0.011288304315377504,0,0.17477927746259078,available
wa-test-001205,0,0.0020058778924513295,0,0.17477927746259078,available
wa-test-001206,0,0.00034559706405308185,0,0.17477927746259078,available
wa-test-001207,0,0.001890744401774371,0,0.17477927746259078,available
wa-test-001208,0,0.0012981250379894365,0,0.17477927746259078,available
wa-test-001209,0,0.00036834474383086826,0,0.17477927746259078,available
wa-test-001210,0,0.05040583449651011,0,0.17477927746259078,available
wa-test-001211,0,0.0014157981061955565,0,0.17477927746259078,available
wa-test-001212,1,0.973400421345684,1,0.17477927746259078,available
wa-test-001213,0,0.0029111797006794726,0,0.17477927746259078,available
wa-test-001214,0,0.0024214825178793383,0,0.17477927746259078,available
wa-test-001215,0,0.0016858412301301094,0,0.17477927746259078,available
wa-test-001216,0,0.006007783566030922,0,0.17477927746259078,available
wa-test-001217,0,0.002866517585389241,0,0.17477927746259078,available
wa-test-001218,0,0.0045917597801043795,0,0.17477927746259078,available
wa-test-001219,0,0.0012950377322544023,0,0.17477927746259078,available
wa-test-001220,0,0.0032222645316603935,0,0.17477927746259078,available
wa-test-001221,0,0.004242275609537067,0,0.17477927746259078,available
wa-test-001222,0,0.01733976932785362,0,0.17477927746259078,available
wa-test-001223,0,0.006083636281076077,0,0.17477927746259078,available
wa-test-001224,0,0.011521018932579619,0,0.17477927746259078,available
wa-test-001225,0,0.0038533037938396036,0,0.17477927746259078,available
wa-test-001226,0,0.013607507470074068,0,0.17477927746259078,available
wa-test-001227,0,0.032042586551680546,0,0.17477927746259078,available
wa-test-001228,0,0.0021064921060079058,0,0.17477927746259078,available
wa-test-001229,0,0.008054055370384254,0,0.17477927746259078,available
wa-test-001230,0,0.011415463677717475,0,0.17477927746259078,available
wa-test-001231,1,0.9936204733213371,1,0.17477927746259078,available
wa-test-001232,0,0.0008975903224156855,0,0.17477927746259078,available
wa-test-001233,0,0.010348939357138374,0,0.17477927746259078,available
wa-test-001234,0,0.01550022476850522,0,0.17477927746259078,available
wa-test-001235,0,0.0018549051401888772,0,0.17477927746259078,available
wa-test-001236,0,0.011266829128289406,0,0.17477927746259078,available
wa-test-001237,1,0.8609614708040454,1,0.17477927746259078,available
wa-test-001238,0,0.007094271337180276,0,0.17477927746259078,available
wa-test-001239,0,0.010466604320823978,0,0.17477927746259078,available
wa-test-001240,0,0.012931407830506723,0,0.17477927746259078,available
wa-test-001241,0,0.0029852386549552787,0,0.17477927746259078,available
wa-test-001242,0,0.023553808760064122,0,0.17477927746259078,available
wa-test-001243,0,0.00019623949928915593,0,0.17477927746259078,available
wa-test-001244,0,0.013511693192920362,0,0.17477927746259078,available
wa-test-001245,0,0.005406948346798934,0,0.17477927746259078,available
wa-test-001246,0,0.002740650931214902,0,0.17477927746259078,available
wa-test-001247,0,0.001775096727387064,0,0.17477927746259078,available
wa-test-001248,0,0.001168281972829423,0,0.17477927746259078,available
wa-test-001249,0,0.0033644883356248115,0,0.17477927746259078,available
wa-test-001250,0,0.005623707654444944,0,0.17477927746259078,available
wa-test-001251,0,0.0014386703988858564,0,0.17477927746259078,available
wa-test-001252,0,0.06266009037574975,0,0.17477927746259078,available
wa-test-001253,0,0.003377065542346635,0,0.17477927746259078,available
wa-test-001254,0,0.00471552183325501,0,0.17477927746259078,available
wa-test-001255,0,0.00046279740388290323,0,0.17477927746259078,available
wa-test-001256,1,0.9825712079049445,1,0.17477927746259078,available
wa-test-001257,0,0.020941796029337066,0,0.17477927746259078,available
wa-test-001258,0,0.00048012187690545197,0,0.17477927746259078,available
wa-test-001259,0,3.1036864752457046e-05,0,0.17477927746259078,available
wa-test-001260,0,0.01831584942820906,0,0.17477927746259078,available
wa-test-001261,0,0.0017373690341974393,0,0.17477927746259078,available
wa-test-001262,0,0.003024345227327376,0,0.17477927746259078,available
wa-test-001263,0,0.0015430311948481596,0,0.17477927746259078,available
wa-test-001264,0,0.006606242733665602,0,0.17477927746259078,available
wa-test-001265,0,0.008131167735131846,0,0.17477927746259078,available
wa-test-001266,0,0.030062730013847266,0,0.17477927746259078,available
wa-test-001267,0,0.00860479805377189,0,0.17477927746259078,available
wa-test-001268,0,0.003728697717871747,0,0.17477927746259078,available
wa-test-001269,0,0.10574996314377155,0,0.17477927746259078,available
wa-test-001270,0,0.0072830183762314345,0,0.17477927746259078,available
wa-test-001271,0,0.004060544023322694,0,0.17477927746259078,available
wa-test-001272,0,0.0021197133414891448,0,0.17477927746259078,available
wa-test-001273,0,0.0013235262571814012,0,0.17477927746259078,available
wa-test-001274,0,0.012934689428911947,0,0.17477927746259078,available
wa-test-001275,0,0.04830811173382152,0,0.17477927746259078,available
wa-test-001276,0,0.006852418636433342,0,0.17477927746259078,available
wa-test-001277,1,0.996515565517591,1,0.17477927746259078,available
wa-test-001278,0,0.0003982732868169407,0,0.17477927746259078,available
wa-test-001279,0,0.016607364279064358,0,0.17477927746259078,available
wa-test-001280,0,0.0018130473600212488,0,0.17477927746259078,available
wa-test-001281,0,0.0017213805420858627,0,0.17477927746259078,available
wa-test-001282,0,0.0021337446071181786,0,0.17477927746259078,available
wa-test-001283,0,0.0005179678085300082,0,0.17477927746259078,available
wa-test-001284,0,0.001020148651100074,0,0.17477927746259078,available
wa-test-001285,0,0.0005471321143688776,0,0.17477927746259078,available
wa-test-001286,0,0.001162031787679632,0,0.17477927746259078,available
wa-test-001287,0,0.0014633633607458248,0,0.17477927746259078,available
wa-test-001288,0,0.00011641454406202654,0,0.17477927746259078,available
wa-test-001289,0,0.017428066675991144,0,0.17477927746259078,available
wa-test-001290,0,0.012079960757018112,0,0.17477927746259078,available
wa-test-001291,0,0.004268753990770199,0,0.17477927746259078,available
wa-test-001292,0,0.007197022595958513,0,0.17477927746259078,available
wa-test-001293,1,0.3381937832215975,1,0.17477927746259078,available
wa-test-001294,0,0.015395368659525547,0,0.17477927746259078,available
wa-test-001295,0,0.0014188602893541377,0,0.17477927746259078,available
wa-test-001296,0,0.03703446905802075,0,0.17477927746259078,available
wa-test-001297,1,0.9889172739951857,1,0.17477927746259078,available
wa-test-001298,0,0.018840936437418385,0,0.17477927746259078,available
wa-test-001299,0,0.0006620934104262695,0,0.17477927746259078,available
wa-test-001300,0,0.0073233658816952455,0,0.17477927746259078,available
wa-test-001301,0,0.00629153891117239,0,0.17477927746259078,available
wa-test-001302,0,0.000840633957547872,0,0.17477927746259078,available
wa-test-001303,0,0.0012795395299058608,0,0.17477927746259078,available
wa-test-001304,1,0.5096679886373716,1,0.17477927746259078,available
wa-test-001305,0,0.001155744747444868,0,0.17477927746259078,available
wa-test-001306,0,0.0038856601320127076,0,0.17477927746259078,available
wa-test-001307,1,0.061931705982987244,0,0.17477927746259078,available
wa-test-001308,0,0.005730428243886027,0,0.17477927746259078,available
wa-test-001309,0,0.0008048405859206464,0,0.17477927746259078,available
wa-test-001310,0,0.0005373208165593056,0,0.17477927746259078,available
wa-test-001311,0,0.0013030423435226152,0,0.17477927746259078,available
wa-test-001312,0,0.006534235199251092,0,0.17477927746259078,available
wa-test-001313,0,0.00856439566437707,0,0.17477927746259078,available
wa-test-001314,0,0.02675946787163489,0,0.17477927746259078,available
wa-test-001315,0,0.0014805106594679592,0,0.17477927746259078,available
wa-test-001316,0,0.0014248982804075858,0,0.17477927746259078,available
wa-test-001317,0,0.00035454928029867767,0,0.17477927746259078,available
wa-test-001318,0,0.001339318921497688,0,0.17477927746259078,available
wa-test-001319,0,0.00021931451946627828,0,0.17477927746259078,available
wa-test-001320,0,0.01756384276137408,0,0.17477927746259078,available
wa-test-001321,0,0.007350165612191616,0,0.17477927746259078,available
wa-test-001322,0,0.005927742961176429,0,0.17477927746259078,available
wa-test-001323,0,0.0022437131107721606,0,0.17477927746259078,available
wa-test-001324,0,0.0029500554778423057,0,0.17477927746259078,available
wa-test-001325,0,0.0004539789802810062,0,0.17477927746259078,available
wa-test-001326,0,0.00031549860692440965,0,0.17477927746259078,available
wa-test-001327,0,0.006510555739890055,0,0.17477927746259078,available
wa-test-001328,0,0.0007671923613213007,0,0.17477927746259078,available
wa-test-001329,0,0.002642691375453971,0,0.17477927746259078,available
wa-test-001330,0,0.00431536079673311,0,0.17477927746259078,available
wa-test-001331,0,0.00043180981668142947,0,0.17477927746259078,available
wa-test-001332,0,0.0010263778433239517,0,0.17477927746259078,available
wa-test-001333,0,0.003196894428248917,0,0.17477927746259078,available
wa-test-001334,0,0.0009393378282276624,0,0.17477927746259078,available
wa-test-001335,0,0.0010283553743737491,0,0.17477927746259078,available
wa-test-001336,0,0.0024542612132223197,0,0.17477927746259078,available
wa-test-001337,0,0.00914220861326819,0,0.17477927746259078,available
wa-test-001338,0,0.0015816707462630187,0,0.17477927746259078,available
wa-test-001339,0,0.003831653513359059,0,0.17477927746259078,available
wa-test-001340,0,0.0035852814680974693,0,0.17477927746259078,available
wa-test-001341,0,0.001830649896140938,0,0.17477927746259078,available
wa-test-001342,0,0.0025380812875229965,0,0.17477927746259078,available
wa-test-001343,0,0.0011747793365960353,0,0.17477927746259078,available
wa-test-001344,0,0.0025266785646339924,0,0.17477927746259078,available
wa-test-001345,0,0.020766967926711434,0,0.17477927746259078,available
wa-test-001346,0,0.015087788484558867,0,0.17477927746259078,available
wa-test-001347,0,0.003715173579160895,0,0.17477927746259078,available
wa-test-001348,1,0.16166285482736986,0,0.17477927746259078,available
wa-test-001349,0,0.0006141620749478102,0,0.17477927746259078,available
wa-test-001350,0,0.0012492262367220688,0,0.17477927746259078,available
wa-test-001351,0,0.0006569253664652127,0,0.17477927746259078,available
wa-test-001352,0,0.0016568943431220097,0,0.17477927746259078,available
wa-test-001353,0,0.0021501711672678933,0,0.17477927746259078,available
wa-test-001354,0,0.00045375048204286726,0,0.17477927746259078,available
wa-test-001355,0,0.002542857921176849,0,0.17477927746259078,available
wa-test-001356,0,0.0016642021490646509,0,0.17477927746259078,available
wa-test-001357,0,0.0007406202078132407,0,0.17477927746259078,available
wa-test-001358,0,0.0010749484907175482,0,0.17477927746259078,available
wa-test-001359,0,0.007080608038993443,0,0.17477927746259078,available
wa-test-001360,0,0.0023986363286854196,0,0.17477927746259078,available
wa-test-001361,0,0.0009745923853012287,0,0.17477927746259078,available
wa-test-001362,0,0.0040377480890366945,0,0.17477927746259078,available
wa-test-001363,0,0.001707920081606076,0,0.17477927746259078,available
wa-test-001364,0,0.005242685277148692,0,0.17477927746259078,available
wa-test-001365,1,0.7834815915033848,1,0.17477927746259078,available
wa-test-001366,0,0.0012782102814923022,0,0.17477927746259078,available
wa-test-001367,0,0.00025729162459586856,0,0.17477927746259078,available
wa-test-001368,0,0.0034026629250817043,0,0.17477927746259078,available
wa-test-001369,0,0.00163557599162295,0,0.17477927746259078,available
wa-test-001370,0,0.0009104909166645238,0,0.17477927746259078,available
wa-test-001371,0,0.0027041050105713884,0,0.17477927746259078,available
wa-test-001372,0,0.012929129398112168,0,0.17477927746259078,available
wa-test-001373,0,0.0022231493897947865,0,0.17477927746259078,available
wa-test-001374,1,0.9962807577757473,1,0.17477927746259078,available
wa-test-001375,0,0.0012641794591667622,0,0.17477927746259078,available
wa-test-001376,0,0.0016782626126613798,0,0.17477927746259078,available
wa-test-001377,0,0.0012515627782774545,0,0.17477927746259078,available
wa-test-001378,0,0.03073995593158543,0,0.17477927746259078,available
wa-test-001379,0,0.0044267434303390946,0,0.17477927746259078,available
wa-test-001380,0,0.0009826176446115725,0,0.17477927746259078,available
wa-test-001381,0,0.0003672876719149074,0,0.17477927746259078,available
wa-test-001382,0,0.15030768456117927,0,0.17477927746259078,available
wa-test-001383,0,0.2918923224658513,1,0.17477927746259078,available
wa-test-001384,0,0.006974756679818108,0,0.17477927746259078,available
wa-test-001385,0,0.0005832095152724942,0,0.17477927746259078,available
wa-test-001386,1,0.8879448657274456,1,0.17477927746259078,available
wa-test-001387,1,0.9889565003709055,1,0.17477927746259078,available
wa-test-001388,1,0.9845829061597631,1,0.17477927746259078,available
wa-test-001389,0,0.004938567574862411,0,0.17477927746259078,available
wa-test-001390,0,0.03179037220087973,0,0.17477927746259078,available
wa-test-001391,0,0.0022938253555129322,0,0.17477927746259078,available
wa-test-001392,0,0.0007614391844873558,0,0.17477927746259078,available
wa-test-001393,0,0.00033220467587928636,0,0.17477927746259078,available
wa-test-001394,0,0.003057986834649853,0,0.17477927746259078,available
wa-test-001395,0,0.04252351988678754,0,0.17477927746259078,available
wa-test-001396,0,0.0012256499496258958,0,0.17477927746259078,available
wa-test-001397,0,0.09011307796511243,0,0.17477927746259078,available
wa-test-001398,0,0.0010397498166269678,0,0.17477927746259078,available
wa-test-001399,0,0.003780833444509822,0,0.17477927746259078,available
wa-test-001400,0,0.042108102783287985,0,0.17477927746259078,available
wa-test-001401,0,0.0029705577884531287,0,0.17477927746259078,available
wa-test-001402,1,0.8592538439303222,1,0.17477927746259078,available
wa-test-001403,0,0.13546836708271995,0,0.17477927746259078,available
wa-test-001404,0,0.03868106913297839,0,0.17477927746259078,available
wa-test-001405,0,0.0015963096836987473,0,0.17477927746259078,available
wa-test-001406,0,0.0006901334886129152,0,0.17477927746259078,available
wa-test-001407,0,0.10393865934540672,0,0.17477927746259078,available
wa-test-001408,0,0.008454167390249881,0,0.17477927746259078,available
wa-test-001409,0,0.001745774225240872,0,0.17477927746259078,available
wa-test-001410,0,0.0024356969934729786,0,0.17477927746259078,available
wa-test-001411,0,0.0009267204700118468,0,0.17477927746259078,available
wa-test-001412,0,0.0005692441625294889,0,0.17477927746259078,available
wa-test-001413,0,0.0009007785928371754,0,0.17477927746259078,available
wa-test-001414,0,0.0007972742610479748,0,0.17477927746259078,available
wa-test-001415,0,0.0018735126127029636,0,0.17477927746259078,available
wa-test-001416,0,0.0024752792173584975,0,0.17477927746259078,available
wa-test-001417,0,0.00208425290029648,0,0.17477927746259078,available
wa-test-001418,1,0.9795016100862443,1,0.17477927746259078,available
wa-test-001419,0,0.0021327850710466554,0,0.17477927746259078,available
wa-test-001420,0,0.003345012555954424,0,0.17477927746259078,available
wa-test-001421,0,0.0008584132800724815,0,0.17477927746259078,available
wa-test-001422,0,0.0014195900445733382,0,0.17477927746259078,available
wa-test-001423,0,0.009778000779290703,0,0.17477927746259078,available
wa-test-001424,0,0.0018448422143695548,0,0.17477927746259078,available
wa-test-001425,0,0.0018521890953959348,0,0.17477927746259078,available
wa-test-001426,1,0.9744239894346914,1,0.17477927746259078,available
wa-test-001427,0,0.0015783351686617325,0,0.17477927746259078,available
wa-test-001428,0,0.001198878215684964,0,0.17477927746259078,available
wa-test-001429,0,0.004039746472264329,0,0.17477927746259078,available
wa-test-001430,0,0.008649208224559739,0,0.17477927746259078,available
wa-test-001431,0,0.003565443284103749,0,0.17477927746259078,available
wa-test-001432,0,0.055370625132277564,0,0.17477927746259078,available
wa-test-001433,0,0.0015333619735130408,0,0.17477927746259078,available
wa-test-001434,0,0.0010710812755932682,0,0.17477927746259078,available
wa-test-001435,0,0.000983726670027215,0,0.17477927746259078,available
wa-test-001436,0,0.0009532389937527797,0,0.17477927746259078,available
wa-test-001437,0,0.0035530853643895616,0,0.17477927746259078,available
wa-test-001438,0,0.003348934645481547,0,0.17477927746259078,available
wa-test-001439,0,0.15002692788994773,0,0.17477927746259078,available
wa-test-001440,0,0.0007370112990892111,0,0.17477927746259078,available
wa-test-001441,0,0.01108767668597313,0,0.17477927746259078,available
wa-test-001442,0,0.0008731998947894648,0,0.17477927746259078,available
wa-test-001443,0,0.06364385667141984,0,0.17477927746259078,available
wa-test-001444,0,0.00035190627491365014,0,0.17477927746259078,available
wa-test-001445,0,0.005049685967372306,0,0.17477927746259078,available
wa-test-001446,0,0.003068476261593468,0,0.17477927746259078,available
wa-test-001447,1,0.691586612035703,1,0.17477927746259078,available
wa-test-001448,0,0.00025635898634027594,0,0.17477927746259078,available
wa-test-001449,0,0.004228791989350176,0,0.17477927746259078,available
wa-test-001450,0,0.0049479162340891406,0,0.17477927746259078,available
wa-test-001451,0,0.003282373964097741,0,0.17477927746259078,available
wa-test-001452,0,0.35138301296915103,1,0.17477927746259078,available
wa-test-001453,0,0.0003048260852649603,0,0.17477927746259078,available
wa-test-001454,0,0.002522261517409476,0,0.17477927746259078,available
wa-test-001455,0,0.01001239593785125,0,0.17477927746259078,available
wa-test-001456,0,0.0023025078343660945,0,0.17477927746259078,available
wa-test-001457,0,0.33000785777126695,1,0.17477927746259078,available
wa-test-001458,0,0.001393106548702389,0,0.17477927746259078,available
wa-test-001459,0,0.05238760142504397,0,0.17477927746259078,available
wa-test-001460,0,0.02328730605023965,0,0.17477927746259078,available
wa-test-001461,0,0.002649301141860668,0,0.17477927746259078,available
wa-test-001462,0,0.0021724014483308443,0,0.17477927746259078,available
wa-test-001463,0,0.0007822047943038276,0,0.17477927746259078,available
wa-test-001464,1,0.9936643575903439,1,0.17477927746259078,available
wa-test-001465,1,0.0034080245347429595,0,0.17477927746259078,available
wa-test-001466,0,0.00042368497950290106,0,0.17477927746259078,available
wa-test-001467,0,0.000845435413340657,0,0.17477927746259078,available
wa-test-001468,0,0.01072022455392401,0,0.17477927746259078,available
wa-test-001469,0,0.0010621393462897939,0,0.17477927746259078,available
wa-test-001470,0,0.008916687504921346,0,0.17477927746259078,available
wa-test-001471,0,0.007149264997459188,0,0.17477927746259078,available
wa-test-001472,0,0.0016063366191994546,0,0.17477927746259078,available
wa-test-001473,1,0.9463592403381524,1,0.17477927746259078,available
wa-test-001474,0,0.012033634935228996,0,0.17477927746259078,available
wa-test-001475,0,0.00796086620734513,0,0.17477927746259078,available
wa-test-001476,0,0.0021421525881285103,0,0.17477927746259078,available
wa-test-001477,0,0.0005427198930218512,0,0.17477927746259078,available
wa-test-001478,0,0.014995695148206225,0,0.17477927746259078,available
wa-test-001479,0,0.004265715129902805,0,0.17477927746259078,available
wa-test-001480,0,0.004009839170746167,0,0.17477927746259078,available
wa-test-001481,0,0.0004567222221505024,0,0.17477927746259078,available
wa-test-001482,0,0.004021619106500779,0,0.17477927746259078,available
wa-test-001483,0,0.011229331041208445,0,0.17477927746259078,available
wa-test-001484,0,0.04613231611343959,0,0.17477927746259078,available
wa-test-001485,0,0.00023272573209292863,0,0.17477927746259078,available
wa-test-001486,0,0.005247087946743022,0,0.17477927746259078,available
wa-test-001487,0,0.001087438989886896,0,0.17477927746259078,available
wa-test-001488,0,0.0012376773517025978,0,0.17477927746259078,available
wa-test-001489,0,0.00065788481827029,0,0.17477927746259078,available
wa-test-001490,0,0.0009204599623551206,0,0.17477927746259078,available
wa-test-001491,0,0.0005062613442944786,0,0.17477927746259078,available
wa-test-001492,0,0.11128431335545526,0,0.17477927746259078,available
wa-test-001493,0,0.02398510772510521,0,0.17477927746259078,available
wa-test-001494,1,0.9950100826836097,1,0.17477927746259078,available
wa-test-001495,0,0.028276300985548793,0,0.17477927746259078,available
wa-test-001496,0,0.19043978721775542,1,0.17477927746259078,available
wa-test-001497,0,0.0015080239398990046,0,0.17477927746259078,available
wa-test-001498,0,0.03942971762734639,0,0.17477927746259078,available
wa-test-001499,0,0.0011077961387130175,0,0.17477927746259078,available
wa-test-001500,0,0.009345827080620477,0,0.17477927746259078,available
wa-test-001501,0,0.0012362108356817815,0,0.17477927746259078,available
wa-test-001502,0,0.10846050464190847,0,0.17477927746259078,available
wa-test-001503,1,0.9978109210265415,1,0.17477927746259078,available
wa-test-001504,0,0.005750968464283947,0,0.17477927746259078,available
wa-test-001505,0,0.0016294227222436238,0,0.17477927746259078,available
wa-test-001506,0,0.002010732742137744,0,0.17477927746259078,available
wa-test-001507,0,0.0019167894593573923,0,0.17477927746259078,available
wa-test-001508,0,0.04311634865522132,0,0.17477927746259078,available
wa-test-001509,0,0.00787491118641892,0,0.17477927746259078,available
wa-test-001510,0,0.0024911590760536935,0,0.17477927746259078,available
wa-test-001511,0,0.10825790028780016,0,0.17477927746259078,available
wa-test-001512,0,0.001412333770533015,0,0.17477927746259078,available
wa-test-001513,0,0.000580927870932555,0,0.17477927746259078,available
wa-test-001514,0,0.0008335647618268151,0,0.17477927746259078,available
wa-test-001515,0,0.0665144519342614,0,0.17477927746259078,available
wa-test-001516,0,0.00069789834715228,0,0.17477927746259078,available
wa-test-001517,0,0.12102910995702042,0,0.17477927746259078,available
wa-test-001518,0,0.002977976421724692,0,0.17477927746259078,available
wa-test-001519,0,0.0029730998365390736,0,0.17477927746259078,available
wa-test-001520,0,0.00886517966004084,0,0.17477927746259078,available
wa-test-001521,0,0.0005001474690880385,0,0.17477927746259078,available
wa-test-001522,0,0.007403551914314916,0,0.17477927746259078,available
wa-test-001523,0,0.0012595768713960117,0,0.17477927746259078,available
wa-test-001524,0,0.007864446995627406,0,0.17477927746259078,available
wa-test-001525,1,0.9948633092298946,1,0.17477927746259078,available
wa-test-001526,0,0.002035822157532071,0,0.17477927746259078,available
wa-test-001527,0,0.0021857021793764853,0,0.17477927746259078,available
wa-test-001528,0,0.0005351094279179659,0,0.17477927746259078,available
wa-test-001529,0,0.0006310503942903757,0,0.17477927746259078,available
wa-test-001530,0,0.005097816376712381,0,0.17477927746259078,available
wa-test-001531,0,0.005154570546184521,0,0.17477927746259078,available
wa-test-001532,0,0.0007643654466613718,0,0.17477927746259078,available
wa-test-001533,0,0.024535863656907422,0,0.17477927746259078,available
wa-test-001534,0,0.0030992698284082864,0,0.17477927746259078,available
wa-test-001535,0,0.0015095618269025206,0,0.17477927746259078,available
wa-test-001536,0,0.3425442284893036,1,0.17477927746259078,available
wa-test-001537,0,0.0014478392165890271,0,0.17477927746259078,available
wa-test-001538,0,0.0097766372990839,0,0.17477927746259078,available
wa-test-001539,0,0.0004809191519514128,0,0.17477927746259078,available
wa-test-001540,1,0.0453545894494602,0,0.17477927746259078,available
wa-test-001541,0,0.0007102808250531389,0,0.17477927746259078,available
wa-test-001542,0,0.009704389278090619,0,0.17477927746259078,available
wa-test-001543,1,0.005845876436262528,0,0.17477927746259078,available
wa-test-001544,0,0.010548969147773712,0,0.17477927746259078,available
wa-test-001545,0,0.05229910251327866,0,0.17477927746259078,available
wa-test-001546,0,0.0009542485160771829,0,0.17477927746259078,available
wa-test-001547,0,0.0023253623493282877,0,0.17477927746259078,available
wa-test-001548,0,0.048376148967253285,0,0.17477927746259078,available
wa-test-001549,0,0.004406559509920412,0,0.17477927746259078,available
wa-test-001550,0,0.001218493967537212,0,0.17477927746259078,available
wa-test-001551,0,0.0009132664358005473,0,0.17477927746259078,available
wa-test-001552,0,0.004449302113221614,0,0.17477927746259078,available
wa-test-001553,0,0.01682874326856919,0,0.17477927746259078,available
wa-test-001554,0,0.0014451984506035315,0,0.17477927746259078,available
wa-test-001555,0,0.23428411119221643,1,0.17477927746259078,available
wa-test-001556,0,0.004163821355720846,0,0.17477927746259078,available
wa-test-001557,0,1.9481577541374404e-05,0,0.17477927746259078,available
wa-test-001558,0,0.0008683717744936218,0,0.17477927746259078,available
wa-test-001559,0,0.003840754242985371,0,0.17477927746259078,available
wa-test-001560,0,0.0010603605939632798,0,0.17477927746259078,available
wa-test-001561,0,0.004287451855990677,0,0.17477927746259078,available
wa-test-001562,0,0.06564947552862355,0,0.17477927746259078,available
wa-test-001563,0,0.0014790681485528365,0,0.17477927746259078,available
wa-test-001564,0,0.0005131506230000518,0,0.17477927746259078,available
wa-test-001565,0,0.0032359271883098434,0,0.17477927746259078,available
wa-test-001566,0,0.0019200205052018935,0,0.17477927746259078,available
wa-test-001567,0,0.04279584037490163,0,0.17477927746259078,available
wa-test-001568,1,0.9336082537574941,1,0.17477927746259078,available
wa-test-001569,0,0.0050546789798690235,0,0.17477927746259078,available
wa-test-001570,0,0.002488924283945392,0,0.17477927746259078,available
wa-test-001571,1,0.8930045154765857,1,0.17477927746259078,available
wa-test-001572,0,0.006002453206907249,0,0.17477927746259078,available
wa-test-001573,0,0.0010531825872775794,0,0.17477927746259078,available
wa-test-001574,0,0.01703989348014584,0,0.17477927746259078,available
wa-test-001575,0,0.0014162268176139334,0,0.17477927746259078,available
wa-test-001576,0,0.05289576828160335,0,0.17477927746259078,available
wa-test-001577,0,0.05993440741854253,0,0.17477927746259078,available
wa-test-001578,1,0.9392133856846564,1,0.17477927746259078,available
wa-test-001579,0,0.03536096604520644,0,0.17477927746259078,available
wa-test-001580,0,0.0031024838818170543,0,0.17477927746259078,available
wa-test-001581,0,0.028897343200613095,0,0.17477927746259078,available
wa-test-001582,0,0.009863681920776413,0,0.17477927746259078,available
wa-test-001583,0,0.0042249027474974155,0,0.17477927746259078,available
wa-test-001584,0,0.0016186241896285444,0,0.17477927746259078,available
wa-test-001585,0,0.0013301324569903867,0,0.17477927746259078,available
wa-test-001586,0,0.0008428462645857104,0,0.17477927746259078,available
wa-test-001587,0,0.006733146767967254,0,0.17477927746259078,available
wa-test-001588,0,0.00341667733530788,0,0.17477927746259078,available
wa-test-001589,0,0.000704237137255604,0,0.17477927746259078,available
wa-test-001590,0,0.004297945636815525,0,0.17477927746259078,available
wa-test-001591,0,0.0010972090923549044,0,0.17477927746259078,available
wa-test-001592,0,0.0011987123219666883,0,0.17477927746259078,available
wa-test-001593,0,0.0011162591230198945,0,0.17477927746259078,available
wa-test-001594,0,0.0033916903545567812,0,0.17477927746259078,available
wa-test-001595,0,0.0006241766178171393,0,0.17477927746259078,available
wa-test-001596,0,0.0014281898793670892,0,0.17477927746259078,available
wa-test-001597,0,0.000594581974085048,0,0.17477927746259078,available
wa-test-001598,0,0.001147464710114496,0,0.17477927746259078,available
wa-test-001599,0,0.0007058801608957356,0,0.17477927746259078,available
wa-test-001600,0,0.0002501493515671673,0,0.17477927746259078,available
wa-test-001601,0,0.001480664295900068,0,0.17477927746259078,available
wa-test-001602,0,0.0032500326916964197,0,0.17477927746259078,available
wa-test-001603,0,0.0016286358318021096,0,0.17477927746259078,available
wa-test-001604,0,0.002153077889474895,0,0.17477927746259078,available
wa-test-001605,0,0.0006704943572393952,0,0.17477927746259078,available
wa-test-001606,0,0.0015177361577322984,0,0.17477927746259078,available
wa-test-001607,0,0.004018414213690051,0,0.17477927746259078,available
wa-test-001608,0,0.002136636810397859,0,0.17477927746259078,available
wa-test-001609,0,0.0012873489614290117,0,0.17477927746259078,available
wa-test-001610,1,0.8345327187817628,1,0.17477927746259078,available
wa-test-001611,0,0.0050242557585421215,0,0.17477927746259078,available
wa-test-001612,0,0.0009838667689147443,0,0.17477927746259078,available
wa-test-001613,0,0.009489909294058775,0,0.17477927746259078,available
wa-test-001614,0,0.0013489591597555435,0,0.17477927746259078,available
wa-test-001615,0,0.008165900415714487,0,0.17477927746259078,available
wa-test-001616,0,0.002416441994711142,0,0.17477927746259078,available
wa-test-001617,0,0.001739880272038466,0,0.17477927746259078,available
wa-test-001618,0,0.009964054000309789,0,0.17477927746259078,available
wa-test-001619,0,0.13579180351597617,0,0.17477927746259078,available
wa-test-001620,0,0.0011036093383642598,0,0.17477927746259078,available
wa-test-001621,0,0.0020072995762288786,0,0.17477927746259078,available
wa-test-001622,0,0.002160204990811145,0,0.17477927746259078,available
wa-test-001623,0,0.0012580251221465505,0,0.17477927746259078,available
wa-test-001624,0,0.005212995343990181,0,0.17477927746259078,available
wa-test-001625,0,0.002298117486175945,0,0.17477927746259078,available
wa-test-001626,1,0.9805597467914278,1,0.17477927746259078,available
wa-test-001627,0,0.004949976417362989,0,0.17477927746259078,available
wa-test-001628,0,0.00024279570429730136,0,0.17477927746259078,available
wa-test-001629,0,0.0026561691116675145,0,0.17477927746259078,available
wa-test-001630,0,0.00044494074214751446,0,0.17477927746259078,available
wa-test-001631,0,0.0015673801479001276,0,0.17477927746259078,available
wa-test-001632,0,0.00459308406086888,0,0.17477927746259078,available
wa-test-001633,0,0.07836870737280655,0,0.17477927746259078,available
wa-test-001634,0,0.00042595319836839465,0,0.17477927746259078,available
wa-test-001635,0,0.0026842215983034477,0,0.17477927746259078,available
wa-test-001636,0,0.002395706057142095,0,0.17477927746259078,available
wa-test-001637,1,0.8106844905938028,1,0.17477927746259078,available
wa-test-001638,0,0.0046378400842281035,0,0.17477927746259078,available
wa-test-001639,0,0.0037532103080612747,0,0.17477927746259078,available
wa-test-001640,0,0.021186086681741195,0,0.17477927746259078,available
wa-test-001641,0,0.000742474308782842,0,0.17477927746259078,available
wa-test-001642,0,0.011844882185545068,0,0.17477927746259078,available
wa-test-001643,0,0.019175896764658307,0,0.17477927746259078,available
wa-test-001644,0,0.000929939352690789,0,0.17477927746259078,available
wa-test-001645,0,0.0001505267241669883,0,0.17477927746259078,available
wa-test-001646,0,0.0029865758413966546,0,0.17477927746259078,available
wa-test-001647,0,0.017003926555456135,0,0.17477927746259078,available
wa-test-001648,1,0.9383566724074444,1,0.17477927746259078,available
wa-test-001649,0,0.0040428122241316896,0,0.17477927746259078,available
wa-test-001650,0,0.006609193942361482,0,0.17477927746259078,available
wa-test-001651,1,0.997214917258275,1,0.17477927746259078,available
wa-test-001652,0,0.004252485800179532,0,0.17477927746259078,available
wa-test-001653,0,0.0005198957910807087,0,0.17477927746259078,available
wa-test-001654,0,0.015584179348068506,0,0.17477927746259078,available
wa-test-001655,0,0.007324740945377618,0,0.17477927746259078,available
wa-test-001656,0,0.011934689383786501,0,0.17477927746259078,available
wa-test-001657,0,0.001829166162496937,0,0.17477927746259078,available
wa-test-001658,0,0.0022553561069141833,0,0.17477927746259078,available
wa-test-001659,0,0.0019214758672913335,0,0.17477927746259078,available
wa-test-001660,0,0.001547624996165083,0,0.17477927746259078,available
wa-test-001661,0,0.0006718260475449006,0,0.17477927746259078,available
wa-test-001662,0,0.0025391267801059586,0,0.17477927746259078,available
wa-test-001663,1,0.890632605985712,1,0.17477927746259078,available
wa-test-001664,0,0.00265601846149044,0,0.17477927746259078,available
wa-test-001665,0,0.0038196635561601805,0,0.17477927746259078,available
wa-test-001666,0,0.005888621185342175,0,0.17477927746259078,available
wa-test-001667,0,0.008527448795612713,0,0.17477927746259078,available
wa-test-001668,1,0.914955666535731,1,0.17477927746259078,available
wa-test-001669,0,0.050771931987217196,0,0.17477927746259078,available
wa-test-001670,0,5.176983583930532e-05,0,0.17477927746259078,available
wa-test-001671,0,0.0011990489189214473,0,0.17477927746259078,available
wa-test-001672,0,0.0028415945516215044,0,0.17477927746259078,available
wa-test-001673,0,0.002354112392138179,0,0.17477927746259078,available
wa-test-001674,0,0.0040770716380470595,0,0.17477927746259078,available
wa-test-001675,0,0.011265607014922487,0,0.17477927746259078,available
wa-test-001676,0,0.0023568251632744438,0,0.17477927746259078,available
wa-test-001677,0,0.0006964049795498447,0,0.17477927746259078,available
wa-test-001678,0,0.004264079507380416,0,0.17477927746259078,available
wa-test-001679,0,0.0008448624801302239,0,0.17477927746259078,available
wa-test-001680,0,0.002569817070554269,0,0.17477927746259078,available
wa-test-001681,0,0.0003768261359019916,0,0.17477927746259078,available
wa-test-001682,0,0.04038339951745538,0,0.17477927746259078,available
wa-test-001683,0,0.00032960668664054203,0,0.17477927746259078,available
wa-test-001684,0,0.001270912756975224,0,0.17477927746259078,available
wa-test-001685,0,0.011601645815732342,0,0.17477927746259078,available
wa-test-001686,0,0.000362532925034668,0,0.17477927746259078,available
wa-test-001687,0,0.0035501175199376457,0,0.17477927746259078,available
wa-test-001688,0,0.004954344189592137,0,0.17477927746259078,available
wa-test-001689,0,0.0013411339299379142,0,0.17477927746259078,available
wa-test-001690,0,0.015469688993619626,0,0.17477927746259078,available
wa-test-001691,0,0.02650416323112268,0,0.17477927746259078,available
wa-test-001692,0,0.057057615247225975,0,0.17477927746259078,available
wa-test-001693,1,0.9945119274098173,1,0.17477927746259078,available
wa-test-001694,0,0.009106389515586991,0,0.17477927746259078,available
wa-test-001695,0,0.0179741268755977,0,0.17477927746259078,available
wa-test-001696,0,0.002193455470430478,0,0.17477927746259078,available
wa-test-001697,0,0.0007028576497614443,0,0.17477927746259078,available
wa-test-001698,0,0.005213582091468961,0,0.17477927746259078,available
wa-test-001699,0,0.11329977422864695,0,0.17477927746259078,available
wa-test-001700,0,0.00856982085438548,0,0.17477927746259078,available
wa-test-001701,0,0.0034131714385060114,0,0.17477927746259078,available
wa-test-001702,0,0.0008595060569120891,0,0.17477927746259078,available
wa-test-001703,0,0.0013913143264613242,0,0.17477927746259078,available
wa-test-001704,0,0.007015591686846995,0,0.17477927746259078,available
wa-test-001705,0,0.001513616918987192,0,0.17477927746259078,available
wa-test-001706,0,0.002521092124483752,0,0.17477927746259078,available
wa-test-001707,1,0.9938322785448935,1,0.17477927746259078,available
wa-test-001708,0,0.0008954301740110113,0,0.17477927746259078,available
wa-test-001709,0,0.0008833586402006679,0,0.17477927746259078,available
wa-test-001710,0,0.0015362327676143265,0,0.17477927746259078,available
wa-test-001711,1,0.9784541269035156,1,0.17477927746259078,available
wa-test-001712,0,0.0033767036147976147,0,0.17477927746259078,available
wa-test-001713,0,0.0008081039931825567,0,0.17477927746259078,available
wa-test-001714,0,0.009194406410911234,0,0.17477927746259078,available
wa-test-001715,0,0.0024386233554837327,0,0.17477927746259078,available
wa-test-001716,0,0.00044811727551456444,0,0.17477927746259078,available
wa-test-001717,0,0.0017961270279556291,0,0.17477927746259078,available
wa-test-001718,0,0.024600255557024973,0,0.17477927746259078,available
wa-test-001719,0,0.0013264886378324483,0,0.17477927746259078,available
wa-test-001720,0,0.01010151841528047,0,0.17477927746259078,available
wa-test-001721,1,0.07224682468254745,0,0.17477927746259078,available
wa-test-001722,0,0.0006937809495552987,0,0.17477927746259078,available
wa-test-001723,0,0.0008195675829361824,0,0.17477927746259078,available
wa-test-001724,0,0.0013887213363480888,0,0.17477927746259078,available
wa-test-001725,0,0.40396222951551397,1,0.17477927746259078,available
wa-test-001726,0,0.002878470065354648,0,0.17477927746259078,available
wa-test-001727,0,0.002414722411139947,0,0.17477927746259078,available
wa-test-001728,0,0.0030572819832829033,0,0.17477927746259078,available
wa-test-001729,0,0.0005831313528569568,0,0.17477927746259078,available
wa-test-001730,0,0.0013419552794443675,0,0.17477927746259078,available
wa-test-001731,0,0.0011730294070752794,0,0.17477927746259078,available
wa-test-001732,0,0.0017577378789649036,0,0.17477927746259078,available
wa-test-001733,0,0.008024922111149411,0,0.17477927746259078,available
wa-test-001734,0,0.001167529498081062,0,0.17477927746259078,available
wa-test-001735,0,0.047187585854283676,0,0.17477927746259078,available
wa-test-001736,0,0.004274661216228088,0,0.17477927746259078,available
wa-test-001737,1,0.413639629386692,1,0.17477927746259078,available
wa-test-001738,1,0.986047605244315,1,0.17477927746259078,available
wa-test-001739,0,0.0005186363571671723,0,0.17477927746259078,available
wa-test-001740,0,0.0010744818969369945,0,0.17477927746259078,available
wa-test-001741,0,0.0001502092124528344,0,0.17477927746259078,available
wa-test-001742,0,0.0037769081467790237,0,0.17477927746259078,available
wa-test-001743,0,0.0009861662313639771,0,0.17477927746259078,available
wa-test-001744,0,0.0023237867598571746,0,0.17477927746259078,available
wa-test-001745,0,0.0035829102225095003,0,0.17477927746259078,available
wa-test-001746,0,0.0009074358824687209,0,0.17477927746259078,available
wa-test-001747,0,0.007864503041033389,0,0.17477927746259078,available
wa-test-001748,0,0.0006261865083112214,0,0.17477927746259078,available
wa-test-001749,0,0.008374366890513052,0,0.17477927746259078,available
wa-test-001750,0,0.02137868744456364,0,0.17477927746259078,available
wa-test-001751,0,0.00595032853918033,0,0.17477927746259078,available
wa-test-001752,0,0.0021854922024721214,0,0.17477927746259078,available
wa-test-001753,0,0.0044262196061365935,0,0.17477927746259078,available
wa-test-001754,0,0.00958429026996866,0,0.17477927746259078,available
wa-test-001755,0,0.007132872731587689,0,0.17477927746259078,available
wa-test-001756,0,0.00030724254718646947,0,0.17477927746259078,available
wa-test-001757,0,0.006728443293806651,0,0.17477927746259078,available
wa-test-001758,0,0.001908059866530492,0,0.17477927746259078,available
wa-test-001759,0,0.0012065650119682636,0,0.17477927746259078,available
wa-test-001760,0,0.0008370357892804844,0,0.17477927746259078,available
wa-test-001761,0,0.0006825231439907322,0,0.17477927746259078,available
wa-test-001762,0,0.0070256260847919106,0,0.17477927746259078,available
wa-test-001763,0,0.003333692724061455,0,0.17477927746259078,available
wa-test-001764,0,0.0011844723736264154,0,0.17477927746259078,available
wa-test-001765,1,0.9714140768166672,1,0.17477927746259078,available
wa-test-001766,0,0.0025483691546554776,0,0.17477927746259078,available
wa-test-001767,0,0.002092567098666297,0,0.17477927746259078,available
wa-test-001768,0,0.0011998722021189805,0,0.17477927746259078,available
wa-test-001769,0,0.008845307085330073,0,0.17477927746259078,available
wa-test-001770,0,0.026526330178876678,0,0.17477927746259078,available
wa-test-001771,0,0.014242722589576706,0,0.17477927746259078,available
wa-test-001772,0,0.0027887917874066088,0,0.17477927746259078,available
wa-test-001773,0,0.0006815696788001898,0,0.17477927746259078,available
wa-test-001774,0,0.0037080367362093227,0,0.17477927746259078,available
wa-test-001775,0,0.0005459006457121697,0,0.17477927746259078,available
wa-test-001776,0,0.003578638279138458,0,0.17477927746259078,available
wa-test-001777,0,0.01102453389422814,0,0.17477927746259078,available
wa-test-001778,0,0.6369448492483907,1,0.17477927746259078,available
wa-test-001779,0,0.0014010406530821006,0,0.17477927746259078,available
wa-test-001780,0,0.004926314439089147,0,0.17477927746259078,available
wa-test-001781,0,0.018210787975105936,0,0.17477927746259078,available
wa-test-001782,0,0.0020810889965876566,0,0.17477927746259078,available
wa-test-001783,0,0.0014358759532058455,0,0.17477927746259078,available
wa-test-001784,0,0.06678548129583035,0,0.17477927746259078,available
wa-test-001785,0,0.006900036713288262,0,0.17477927746259078,available
wa-test-001786,0,0.0009008066427587467,0,0.17477927746259078,available
wa-test-001787,0,0.003088750451905605,0,0.17477927746259078,available
wa-test-001788,0,0.0019364470534838831,0,0.17477927746259078,available
wa-test-001789,0,0.0012362754628872286,0,0.17477927746259078,available
wa-test-001790,0,0.00022028194402848384,0,0.17477927746259078,available
wa-test-001791,0,0.005610663547443003,0,0.17477927746259078,available
wa-test-001792,0,0.0004572613028926611,0,0.17477927746259078,available
wa-test-001793,0,0.23252725973429028,1,0.17477927746259078,available
wa-test-001794,0,0.001162031787679632,0,0.17477927746259078,available
wa-test-001795,1,0.39395306166573585,1,0.17477927746259078,available
wa-test-001796,0,0.003062730487227491,0,0.17477927746259078,available
wa-test-001797,1,0.9614493366577371,1,0.17477927746259078,available
wa-test-001798,0,0.003840122050611997,0,0.17477927746259078,available
wa-test-001799,0,0.09809554763862997,0,0.17477927746259078,available
wa-test-001800,0,0.004126063338320291,0,0.17477927746259078,available
wa-test-001801,0,0.000180227576516646,0,0.17477927746259078,available
wa-test-001802,1,0.7387901982262696,1,0.17477927746259078,available
wa-test-001803,0,0.009175111931266772,0,0.17477927746259078,available
wa-test-001804,0,0.0005173010808842007,0,0.17477927746259078,available
wa-test-001805,0,0.0008523404102237235,0,0.17477927746259078,available
wa-test-001806,0,0.2764235772433911,1,0.17477927746259078,available
wa-test-001807,0,0.005202244613956702,0,0.17477927746259078,available
wa-test-001808,0,0.002001561429483747,0,0.17477927746259078,available
wa-test-001809,0,0.0014853223061146413,0,0.17477927746259078,available
wa-test-001810,0,0.001475855954191101,0,0.17477927746259078,available
wa-test-001811,0,0.0009886115126318126,0,0.17477927746259078,available
wa-test-001812,1,0.9856421374647257,1,0.17477927746259078,available
wa-test-001813,0,0.003072289087992807,0,0.17477927746259078,available
wa-test-001814,0,0.0005813676785954709,0,0.17477927746259078,available
wa-test-001815,0,0.020333639472693628,0,0.17477927746259078,available
wa-test-001816,0,0.012516597022721818,0,0.17477927746259078,available
wa-test-001817,1,0.7763551523575304,1,0.17477927746259078,available
wa-test-001818,1,0.9619881045694944,1,0.17477927746259078,available
wa-test-001819,0,0.023687974655756252,0,0.17477927746259078,available
wa-test-001820,0,0.030677845180620625,0,0.17477927746259078,available
wa-test-001821,0,0.08771753278185503,0,0.17477927746259078,available
wa-test-001822,0,0.0027585973489905884,0,0.17477927746259078,available
wa-test-001823,1,0.9798788607899843,1,0.17477927746259078,available
wa-test-001824,0,0.002468149121306556,0,0.17477927746259078,available
wa-test-001825,0,0.0006366351445361356,0,0.17477927746259078,available
wa-test-001826,0,0.0005766683342413261,0,0.17477927746259078,available
wa-test-001827,0,0.0032501154249938487,0,0.17477927746259078,available
wa-test-001828,0,0.001246647563197375,0,0.17477927746259078,available
wa-test-001829,1,0.9813340230974789,1,0.17477927746259078,available
wa-test-001830,0,0.0005880149960906839,0,0.17477927746259078,available
wa-test-001831,0,0.0019434279003606788,0,0.17477927746259078,available
wa-test-001832,1,0.9848367348225254,1,0.17477927746259078,available
wa-test-001833,0,0.013613259798723435,0,0.17477927746259078,available
wa-test-001834,0,0.05779842442725556,0,0.17477927746259078,available
wa-test-001835,0,0.0018566404210935202,0,0.17477927746259078,available
wa-test-001836,0,0.0006594749630252257,0,0.17477927746259078,available
wa-test-001837,1,0.9928660881807966,1,0.17477927746259078,available
wa-test-001838,0,0.8950647863091321,1,0.17477927746259078,available
wa-test-001839,1,0.9799149199311339,1,0.17477927746259078,available
wa-test-001840,0,0.0015127049434200297,0,0.17477927746259078,available
wa-test-001841,0,0.0009396553434976512,0,0.17477927746259078,available
wa-test-001842,0,0.004257562583374078,0,0.17477927746259078,available
wa-test-001843,0,0.008658560812553904,0,0.17477927746259078,available
wa-test-001844,0,0.028331770531278527,0,0.17477927746259078,available
wa-test-001845,0,0.0034060348029129493,0,0.17477927746259078,available
wa-test-001846,0,0.003309306824399083,0,0.17477927746259078,available
wa-test-001847,0,0.003971898120442589,0,0.17477927746259078,available
wa-test-001848,0,0.0019315687447713568,0,0.17477927746259078,available
wa-test-001849,0,0.0011587597377800787,0,0.17477927746259078,available
wa-test-001850,0,0.006492492981202408,0,0.17477927746259078,available
wa-test-001851,0,0.024521402892059976,0,0.17477927746259078,available
wa-test-001852,0,0.023136648812617785,0,0.17477927746259078,available
wa-test-001853,0,0.043720093609994314,0,0.17477927746259078,available
wa-test-001854,0,0.004841661056209669,0,0.17477927746259078,available
wa-test-001855,0,0.0006945171682074784,0,0.17477927746259078,available
wa-test-001856,0,0.0004204535883341558,0,0.17477927746259078,available
wa-test-001857,0,0.0008459567646435599,0,0.17477927746259078,available
wa-test-001858,0,0.08591111041779817,0,0.17477927746259078,available
wa-test-001859,0,0.0014025360535439694,0,0.17477927746259078,available
wa-test-001860,0,0.0005255655310142636,0,0.17477927746259078,available
wa-test-001861,0,0.012826743394381689,0,0.17477927746259078,available
wa-test-001862,0,0.000580927870932555,0,0.17477927746259078,available
wa-test-001863,0,0.0024392760731410277,0,0.17477927746259078,available
wa-test-001864,1,0.9651514215833621,1,0.17477927746259078,available
wa-test-001865,0,0.3194377315862438,1,0.17477927746259078,available
wa-test-001866,0,0.0028659834891735466,0,0.17477927746259078,available
wa-test-001867,0,0.0046354559845576526,0,0.17477927746259078,available
wa-test-001868,1,0.9686736389716453,1,0.17477927746259078,available
wa-test-001869,0,0.4151912348501733,1,0.17477927746259078,available
wa-test-001870,0,0.0055312547702036086,0,0.17477927746259078,available
wa-test-001871,0,0.0014805432093332829,0,0.17477927746259078,available
wa-test-001872,0,0.11177144409766018,0,0.17477927746259078,available
wa-test-001873,0,0.0021358852667053754,0,0.17477927746259078,available
wa-test-001874,0,0.0009204266216955502,0,0.17477927746259078,available
wa-test-001875,0,0.008679206430265856,0,0.17477927746259078,available
wa-test-001876,0,0.0019637139750397626,0,0.17477927746259078,available
wa-test-001877,0,0.003960040436559572,0,0.17477927746259078,available
wa-test-001878,0,0.0021788622923185953,0,0.17477927746259078,available
wa-test-001879,0,0.0018529032478530362,0,0.17477927746259078,available
wa-test-001880,0,0.0010507465333482163,0,0.17477927746259078,available
wa-test-001881,0,0.0009454498227827545,0,0.17477927746259078,available
wa-test-001882,0,0.0008335310453005314,0,0.17477927746259078,available
wa-test-001883,1,0.9901665682019993,1,0.17477927746259078,available
wa-test-001884,0,0.0013369611680250394,0,0.17477927746259078,available
wa-test-001885,0,0.001760668974785805,0,0.17477927746259078,available
wa-test-001886,0,0.002186947041994476,0,0.17477927746259078,available
wa-test-001887,0,0.0015846031259328852,0,0.17477927746259078,available
wa-test-001888,0,0.09520262457549257,0,0.17477927746259078,available
wa-test-001889,0,0.006596692195797418,0,0.17477927746259078,available
wa-test-001890,0,0.013576950307359267,0,0.17477927746259078,available
wa-test-001891,0,0.0036764080382438655,0,0.17477927746259078,available
wa-test-001892,0,0.0030194801768169974,0,0.17477927746259078,available
wa-test-001893,0,0.002648404995405264,0,0.17477927746259078,available
wa-test-001894,0,0.00040245777381450515,0,0.17477927746259078,available
wa-test-001895,0,0.02053171055328294,0,0.17477927746259078,available
wa-test-001896,1,0.9332372682135668,1,0.17477927746259078,available
wa-test-001897,0,0.0025204569826454675,0,0.17477927746259078,available
wa-test-001898,0,0.005794045622790698,0,0.17477927746259078,available
wa-test-001899,0,0.024776611915338902,0,0.17477927746259078,available
wa-test-001900,0,0.004938567574862411,0,0.17477927746259078,available
wa-test-001901,0,0.008854237704876663,0,0.17477927746259078,available
wa-test-001902,0,0.003622055795932951,0,0.17477927746259078,available
wa-test-001903,0,0.003298240337874366,0,0.17477927746259078,available
wa-test-001904,0,0.0014709704950715131,0,0.17477927746259078,available
wa-test-001905,0,0.025691611001580586,0,0.17477927746259078,available
wa-test-001906,0,0.08069375627734789,0,0.17477927746259078,available
wa-test-001907,0,0.01923531910385391,0,0.17477927746259078,available
wa-test-001908,0,0.0028227512806639475,0,0.17477927746259078,available
wa-test-001909,0,0.0033973324984659797,0,0.17477927746259078,available
wa-test-001910,1,0.2104712568485533,1,0.17477927746259078,available
wa-test-001911,0,0.0029950232422399875,0,0.17477927746259078,available
wa-test-001912,0,0.002777773905190156,0,0.17477927746259078,available
wa-test-001913,0,0.0014627483317444785,0,0.17477927746259078,available
wa-test-001914,0,0.0018854354893886307,0,0.17477927746259078,available
wa-test-001915,0,0.0021284051537860072,0,0.17477927746259078,available
wa-test-001916,0,0.0004716310770889549,0,0.17477927746259078,available
wa-test-001917,1,0.9963820189395938,1,0.17477927746259078,available
wa-test-001918,0,0.017844896723759145,0,0.17477927746259078,available
wa-test-001919,0,0.0014861472327689948,0,0.17477927746259078,available
wa-test-001920,1,0.16587051283467566,0,0.17477927746259078,available
wa-test-001921,0,0.0008332656335888929,0,0.17477927746259078,available
wa-test-001922,0,0.0013170438715776746,0,0.17477927746259078,available
wa-test-001923,0,0.004299561704006538,0,0.17477927746259078,available
wa-test-001924,0,0.0036409138182791475,0,0.17477927746259078,available
wa-test-001925,0,0.005001251523220985,0,0.17477927746259078,available
wa-test-001926,0,0.014569131533849958,0,0.17477927746259078,available
wa-test-001927,0,0.0022426758718477077,0,0.17477927746259078,available
wa-test-001928,0,0.002921344928704315,0,0.17477927746259078,available
wa-test-001929,0,0.00267683857521324,0,0.17477927746259078,available
wa-test-001930,0,0.011497286265146048,0,0.17477927746259078,available
wa-test-001931,0,0.011543035902584606,0,0.17477927746259078,available
wa-test-001932,0,0.021766609867640545,0,0.17477927746259078,available
wa-test-001933,0,0.0015983023461229127,0,0.17477927746259078,available
wa-test-001934,0,0.0013753737210980904,0,0.17477927746259078,available
wa-test-001935,0,0.0393856179231416,0,0.17477927746259078,available
wa-test-001936,0,0.09258985978819809,0,0.17477927746259078,available
wa-test-001937,0,0.0044792232681502885,0,0.17477927746259078,available
wa-test-001938,0,0.0019079697843416002,0,0.17477927746259078,available
wa-test-001939,0,0.0013290441649133366,0,0.17477927746259078,available
wa-test-001940,1,0.2152289118748224,1,0.17477927746259078,available
wa-test-001941,0,0.002587004844441903,0,0.17477927746259078,available
wa-test-001942,0,0.001271304802278039,0,0.17477927746259078,available
wa-test-001943,0,0.00031410908100605725,0,0.17477927746259078,available
wa-test-001944,0,0.001479605244490655,0,0.17477927746259078,available
wa-test-001945,0,0.0009502338389263929,0,0.17477927746259078,available
wa-test-001946,0,0.00018558226566328981,0,0.17477927746259078,available
wa-test-001947,0,0.0015168988509770812,0,0.17477927746259078,available
wa-test-001948,1,0.9759464412886061,1,0.17477927746259078,available
wa-test-001949,0,0.28527073747963616,1,0.17477927746259078,available
wa-test-001950,0,0.06711821744675868,0,0.17477927746259078,available
wa-test-001951,0,0.0005564024105633917,0,0.17477927746259078,available
wa-test-001952,0,0.007634575532973349,0,0.17477927746259078,available
wa-test-001953,0,0.0037989483292887745,0,0.17477927746259078,available
wa-test-001954,0,0.00037960934530606514,0,0.17477927746259078,available
wa-test-001955,1,0.9954006654276416,1,0.17477927746259078,available
wa-test-001956,0,0.00043450656396826486,0,0.17477927746259078,available
wa-test-001957,0,0.008303271037640971,0,0.17477927746259078,available
wa-test-001958,0,0.0008125604561054487,0,0.17477927746259078,available
wa-test-001959,0,0.005397113624015512,0,0.17477927746259078,available
wa-test-001960,0,0.0020023441652817554,0,0.17477927746259078,available
wa-test-001961,0,0.001987505309188612,0,0.17477927746259078,available
wa-test-001962,0,0.006847207533799769,0,0.17477927746259078,available
wa-test-001963,0,0.0025437088468942496,0,0.17477927746259078,available
wa-test-001964,1,0.9989675949881837,1,0.17477927746259078,available
wa-test-001965,0,0.002563004610027869,0,0.17477927746259078,available
wa-test-001966,0,0.002888070100162319,0,0.17477927746259078,available
wa-test-001967,0,0.000917429011622292,0,0.17477927746259078,available
wa-test-001968,0,0.0025429486460511177,0,0.17477927746259078,available
wa-test-001969,0,0.04518619629066121,0,0.17477927746259078,available
wa-test-001970,1,0.9955679021847914,1,0.17477927746259078,available
wa-test-001971,1,0.8899521536783392,1,0.17477927746259078,available
wa-test-001972,0,0.013548523304652211,0,0.17477927746259078,available
wa-test-001973,0,0.0005477793898891528,0,0.17477927746259078,available
wa-test-001974,0,0.09450976192149377,0,0.17477927746259078,available
wa-test-001975,0,0.0008062932830537553,0,0.17477927746259078,available
wa-test-001976,0,0.014966420838123308,0,0.17477927746259078,available
wa-test-001977,0,0.0006090880018547546,0,0.17477927746259078,available
wa-test-001978,0,0.051541450528492676,0,0.17477927746259078,available
wa-test-001979,0,0.0048308189078952405,0,0.17477927746259078,available
wa-test-001980,0,0.0008573921431106655,0,0.17477927746259078,available
wa-test-001981,0,0.009234439814004451,0,0.17477927746259078,available
wa-test-001982,0,0.008730105192378792,0,0.17477927746259078,available
wa-test-001983,0,0.014386590054793846,0,0.17477927746259078,available
wa-test-001984,0,0.007946410132933769,0,0.17477927746259078,available
wa-test-001985,0,0.0007757746205279335,0,0.17477927746259078,available
wa-test-001986,0,0.04482572265470726,0,0.17477927746259078,available
wa-test-001987,0,0.0014719219542904112,0,0.17477927746259078,available
wa-test-001988,0,0.0030858085186702177,0,0.17477927746259078,available
wa-test-001989,0,0.0013768954392409669,0,0.17477927746259078,available
wa-test-001990,0,0.0013042311218729897,0,0.17477927746259078,available
wa-test-001991,0,0.0002892543261513118,0,0.17477927746259078,available
wa-test-001992,0,0.11149029388195209,0,0.17477927746259078,available
wa-test-001993,0,0.0005493593818387107,0,0.17477927746259078,available
wa-test-001994,0,0.0008039741000321076,0,0.17477927746259078,available
wa-test-001995,0,0.010054997409821293,0,0.17477927746259078,available
wa-test-001996,0,0.39074747647480923,1,0.17477927746259078,available
wa-test-001997,0,0.0023545572076314678,0,0.17477927746259078,available
wa-test-001998,0,0.03740326439958406,0,0.17477927746259078,available
wa-test-001999,1,0.12469589839351226,0,0.17477927746259078,available
wa-test-002000,0,0.0025197242257175476,0,0.17477927746259078,available
wa-test-002001,0,0.0007847257730470974,0,0.17477927746259078,available
wa-test-002002,0,0.0009398858261181675,0,0.17477927746259078,available
wa-test-002003,0,0.005906992457077063,0,0.17477927746259078,available
wa-test-002004,0,0.055107006455967444,0,0.17477927746259078,available
wa-test-002005,0,0.006942434648184797,0,0.17477927746259078,available
wa-test-002006,1,0.09622125161350482,0,0.17477927746259078,available
wa-test-002007,0,0.0036462259041733685,0,0.17477927746259078,available
wa-test-002008,0,0.0038063331779632954,0,0.17477927746259078,available
wa-test-002009,0,0.003436285068816591,0,0.17477927746259078,available
wa-test-002010,0,0.003551662783572081,0,0.17477927746259078,available
wa-test-002011,0,0.0015491308491248845,0,0.17477927746259078,available
wa-test-002012,0,0.0023281891417885124,0,0.17477927746259078,available
wa-test-002013,0,0.007250111409452947,0,0.17477927746259078,available
wa-test-002014,0,0.04387177710943829,0,0.17477927746259078,available
wa-test-002015,0,0.929373561422023,1,0.17477927746259078,available
wa-test-002016,1,0.9774886271686514,1,0.17477927746259078,available
wa-test-002017,0,0.03318109604987906,0,0.17477927746259078,available
wa-test-002018,0,0.0020918652481864966,0,0.17477927746259078,available
wa-test-002019,0,0.0007141681730988965,0,0.17477927746259078,available
wa-test-002020,0,0.0004547655809631317,0,0.17477927746259078,available
wa-test-002021,0,0.001167402314582013,0,0.17477927746259078,available
wa-test-002022,0,0.005512153886243291,0,0.17477927746259078,available
wa-test-002023,0,0.0010282277696473904,0,0.17477927746259078,available
wa-test-002024,0,0.005402811427662992,0,0.17477927746259078,available
wa-test-002025,0,0.012164579898606224,0,0.17477927746259078,available
wa-test-002026,0,0.07246703691409918,0,0.17477927746259078,available
wa-test-002027,0,0.002212717041938301,0,0.17477927746259078,available
wa-test-002028,0,0.14243048484776566,0,0.17477927746259078,available
wa-test-002029,0,0.0012641794591667622,0,0.17477927746259078,available
wa-test-002030,0,0.0008084917342116285,0,0.17477927746259078,available
wa-test-002031,0,0.012565907798562816,0,0.17477927746259078,available
wa-test-002032,0,0.0006816350765840958,0,0.17477927746259078,available
wa-test-002033,0,0.0005607618940193711,0,0.17477927746259078,available
wa-test-002034,0,0.004328151975400264,0,0.17477927746259078,available
wa-test-002035,0,0.0011486910944989359,0,0.17477927746259078,available
wa-test-002036,0,0.007050325833525604,0,0.17477927746259078,available
wa-test-002037,0,0.0002469627920466757,0,0.17477927746259078,available
wa-test-002038,0,0.0010185891924689844,0,0.17477927746259078,available
wa-test-002039,0,0.0049916534459496145,0,0.17477927746259078,available
wa-test-002040,0,0.15997727600606176,0,0.17477927746259078,available
wa-test-002041,0,0.00030354486270233654,0,0.17477927746259078,available
wa-test-002042,1,0.9603632519028766,1,0.17477927746259078,available
wa-test-002043,0,0.0019477655372475986,0,0.17477927746259078,available
wa-test-002044,0,0.00017888759657099906,0,0.17477927746259078,available
wa-test-002045,0,0.03446973807703825,0,0.17477927746259078,available
wa-test-002046,0,0.0012515627782774545,0,0.17477927746259078,available
wa-test-002047,0,0.004530288765095721,0,0.17477927746259078,available
wa-test-002048,1,0.9811736534178622,1,0.17477927746259078,available
