pair_id,label,probability,prediction,threshold,status
wa-test-000000,0,1.7215053468693517e-05,0,0.4906974079980775,available
wa-test-000001,0,0.00011556970495523769,0,0.4906974079980775,available
wa-test-000002,0,0.0034840051932605192,0,0.4906974079980775,available
wa-test-000003,0,0.03978917589772346,0,0.4906974079980775,available
wa-test-000004,0,0.5641276412133458,1,0.4906974079980775,available
wa-test-000005,0,9.268552864488054e-05,0,0.4906974079980775,available
wa-test-000006,0,0.0006931457033403764,0,0.4906974079980775,available
wa-test-000007,1,0.16824953295123385,0,0.4906974079980775,available
wa-test-000008,0,0.004016781841089888,0,0.4906974079980775,available
wa-test-000009,1,0.9979750269730872,1,0.4906974079980775,available
wa-test-000010,0,0.0012142713464154417,0,0.4906974079980775,available
wa-test-000011,0,0.0052514375443196565,0,0.4906974079980775,available
wa-test-000012,0,0.008032603649954098,0,0.4906974079980775,available
wa-test-000013,1,0.9913427168285078,1,0.4906974079980775,available
wa-test-000014,0,0.043700934744933535,0,0.4906974079980775,available
wa-test-000015,0,0.008412018910180499,0,0.4906974079980775,available
wa-test-000016,0,0.0022813003564395003,0,0.4906974079980775,available
wa-test-000017,0,0.0004977577031195311,0,0.4906974079980775,available
wa-test-000018,0,0.012638815095296244,0,0.4906974079980775,available
wa-test-000019,0,0.0017641164534747534,0,0.4906974079980775,available
wa-test-000020,0,0.0020257459995375385,0,0.4906974079980775,available
wa-test-000021,0,0.07149525022407632,0,0.4906974079980775,available
wa-test-000022,1,0.9799328444394857,1,0.4906974079980775,available
wa-test-000023,0,0.0019375292268383711,0,0.4906974079980775,available
wa-test-000024,0,0.01385455353136368,0,0.4906974079980775,available
wa-test-000025,0,0.0006002140724780604,0,0.4906974079980775,available
wa-test-000026,0,0.004392211350750795,0,0.4906974079980775,available
wa-test-000027,0,0.015423363218241176,0,0.4906974079980775,available
wa-test-000028,0,0.0005782850880279086,0,0.4906974079980775,available
wa-test-000029,0,0.0012200750213181013,0,0.4906974079980775,available
wa-test-000030,0,0.0015960696045225749,0,0.4906974079980775,available
wa-test-000031,0,2.886645526871171e-05,0,0.4906974079980775,available
wa-test-000032,0,0.009944407626589,0,0.4906974079980775,available
wa-test-000033,0,0.00043812302712372217,0,0.4906974079980775,available
wa-test-000034,0,0.004083486733901272,0,0.4906974079980775,available
wa-test-000035,0,0.3745600424577935,0,0.4906974079980775,available
wa-test-000036,0,0.012356041625105738,0,0.4906974079980775,available
wa-test-000037,0,0.02834868080044892,0,0.4906974079980775,available
wa-test-000038,0,0.000360733497134634,0,0.4906974079980775,available
wa-test-000039,0,0.03309017342712418,0,0.4906974079980775,available
wa-test-000040,0,0.057905841439582835,0,0.4906974079980775,available
wa-test-000041,0,0.0007872891101888772,0,0.4906974079980775,available
wa-test-000042,1,0.9644150635059208,1,0.4906974079980775,available
wa-test-000043,0,0.0018890349071179811,0,0.4906974079980775,available
wa-test-000044,0,2.4094472076266895e-05,0,0.4906974079980775,available
wa-test-000045,0,0.005944105259165957,0,0.4906974079980775,available
wa-test-000046,0,0.003993062051201603,0,0.4906974079980775,available
wa-test-000047,0,0.0007166260636501176,0,0.4906974079980775,available
wa-test-000048,0,0.00901207766393661,0,0.4906974079980775,available
wa-test-000049,0,0.0028280185244405954,0,0.4906974079980775,available
wa-test-000050,0,0.0017898446012335873,0,0.4906974079980775,available
wa-test-000051,0,0.2147040490937452,0,0.4906974079980775,available
wa-test-000052,0,0.0015322232223598938,0,0.4906974079980775,available
wa-test-000053,0,0.0851218827355099,0,0.4906974079980775,available
wa-test-000054,0,0.00011316939781428762,0,0.4906974079980775,available
wa-test-000055,0,0.006105417475865453,0,0.4906974079980775,available
wa-test-000056,0,0.0080723651098073,0,0.4906974079980775,available
wa-test-000057,0,0.027073480462328874,0,0.4906974079980775,available
wa-test-000058,0,0.0013895353583817224,0,0.4906974079980775,available
wa-test-000059,0,0.0010570423526098619,0,0.4906974079980775,available
wa-test-000060,0,0.0019385084463831006,0,0.4906974079980775,available
wa-test-000061,0,0.0004739848585422104,0,0.4906974079980775,available
wa-test-000062,0,0.0017697330707468657,0,0.4906974079980775,available
wa-test-000063,0,9.452557649759793e-05,0,0.4906974079980775,available
wa-test-000064,0,0.003085988240605725,0,0.4906974079980775,available
wa-test-000065,0,0.004258906432574161,0,0.4906974079980775,available
wa-test-000066,0,0.002476052245744244,0,0.4906974079980775,available
wa-test-000067,0,0.0016800588117129574,0,0.4906974079980775,available
wa-test-000068,0,0.014453096553926207,0,0.4906974079980775,available
wa-test-000069,0,0.00010804091301668594,0,0.4906974079980775,available
wa-test-000070,0,0.0010930000453197816,0,0.4906974079980775,available
wa-test-000071,0,0.000753256072079545,0,0.4906974079980775,available
wa-test-000072,0,0.017197598560509977,0,0.4906974079980775,available
wa-test-000073,0,0.0008970441920638546,0,0.4906974079980775,available
wa-test-000074,0,4.5596087536913246e-05,0,0.4906974079980775,available
wa-test-000075,0,0.0025787719845277346,0,0.4906974079980775,available
wa-test-000076,0,0.012915417830516395,0,0.4906974079980775,available
wa-test-000077,0,3.3090336109657145e-05,0,0.4906974079980775,available
wa-test-000078,0,0.0025514061082833593,0,0.4906974079980775,available
wa-test-000079,0,8.322698157961213e-05,0,0.4906974079980775,available
wa-test-000080,0,0.01737362398157652,0,0.4906974079980775,available
wa-test-000081,0,0.00472180524012283,0,0.4906974079980775,available
wa-test-000082,0,0.010800987493433336,0,0.4906974079980775,available
wa-test-000083,0,6.436480641728288e-05,0,0.4906974079980775,available
wa-test-000084,0,0.000717103856769344,0,0.4906974079980775,available
wa-test-000085,0,0.0037732908391224893,0,0.4906974079980775,available
wa-test-000086,1,0.8416641154354393,1,0.4906974079980775,available
wa-test-000087,0,1.8211207118321855e-05,0,0.4906974079980775,available
wa-test-000088,0,0.014753717849371937,0,0.4906974079980775,available
wa-test-000089,0,0.0013903688479275451,0,0.4906974079980775,available
wa-test-000090,0,0.0014564190179212299,0,0.4906974079980775,available
wa-test-000091,1,0.1653547092403503,0,0.4906974079980775,available
wa-test-000092,0,0.018169680951465032,0,0.4906974079980775,available
wa-test-000093,0,0.02614032773581937,0,0.4906974079980775,available
wa-test-000094,0,0.0007344713267863639,0,0.4906974079980775,available
wa-test-000095,0,0.040997138499186035,0,0.4906974079980775,available
wa-test-000096,0,0.00020556746708976263,0,0.4906974079980775,available
wa-test-000097,0,0.015463296936684785,0,0.4906974079980775,available
wa-test-000098,0,5.439719231370076e-05,0,0.4906974079980775,available
wa-test-000099,0,0.0006922610440107022,0,0.4906974079980775,available
wa-test-000100,0,0.0015686544974218405,0,0.4906974079980775,available
wa-test-000101,0,0.001984994090597821,0,0.4906974079980775,available
wa-test-000102,0,0.00017269453172094826,0,0.4906974079980775,available
wa-test-000103,0,0.014092742210788899,0,0.4906974079980775,available
wa-test-000104,0,0.00028724451736654726,0,0.4906974079980775,available
wa-test-000105,0,0.000373910422515349,0,0.4906974079980775,available
wa-test-000106,0,0.07368844646280644,0,0.4906974079980775,available
wa-test-000107,0,0.00034534567389657927,0,0.4906974079980775,available
wa-test-000108,0,0.002665698496867695,0,0.4906974079980775,available
wa-test-000109,0,0.0005541510558866732,0,0.4906974079980775,available
wa-test-000110,0,0.0039442148975247894,0,0.4906974079980775,available
wa-test-000111,0,0.0007249034258619174,0,0.4906974079980775,available
wa-test-000112,0,0.0024230939994216646,0,0.4906974079980775,available
wa-test-000113,0,0.022249545961683336,0,0.4906974079980775,available
wa-test-000114,0,0.00020346058048452629,0,0.4906974079980775,available
wa-test-000115,0,0.0007827717825873343,0,0.4906974079980775,available
wa-test-000116,0,0.0020429399891201748,0,0.4906974079980775,available
wa-test-000117,1,0.01634448185074905,0,0.4906974079980775,available
wa-test-000118,0,9.964411370299763e-05,0,0.4906974079980775,available
wa-test-000119,1,0.9703886697596253,1,0.4906974079980775,available
wa-test-000120,0,0.0025567745229109298,0,0.4906974079980775,available
wa-test-000121,0,0.022147662722272494,0,0.4906974079980775,available
wa-test-000122,0,0.001038515649638074,0,0.4906974079980775,available
wa-test-000123,0,0.0015653583383863406,0,0.4906974079980775,available
wa-test-000124,0,0.00034019852305979735,0,0.4906974079980775,available
wa-test-000125,0,0.002570981605233621,0,0.4906974079980775,available
wa-test-000126,1,0.995477195255629,1,0.4906974079980775,available
wa-test-000127,0,0.0001661298507555694,0,0.4906974079980775,available
wa-test-000128,0,0.0015886869942802083,0,0.4906974079980775,available
wa-test-000129,0,0.0006588584558339652,0,0.4906974079980775,available
wa-test-000130,0,0.0018543698938564385,0,0.4906974079980775,available
wa-test-000131,0,0.00044226303338461607,0,0.4906974079980775,available
wa-test-000132,0,0.019159432804036217,0,0.4906974079980775,available
wa-test-000133,0,0.0015088813999218195,0,0.4906974079980775,available
wa-test-000134,0,0.0016278042036886055,0,0.4906974079980775,available
wa-test-000135,0,0.0020730292754226475,0,0.4906974079980775,available
wa-test-000136,0,0.0052174093662405744,0,0.4906974079980775,available
wa-test-000137,0,4.785110652385392e-05,0,0.4906974079980775,available
wa-test-000138,1,0.9895901630818661,1,0.4906974079980775,available
wa-test-000139,0,0.00040036807895422945,0,0.4906974079980775,available
wa-test-000140,0,7.530203898848703e-05,0,0.4906974079980775,available
wa-test-000141,0,0.00017534980984329848,0,0.4906974079980775,available
wa-test-000142,0,0.006306907695088425,0,0.4906974079980775,available
wa-test-000143,0,0.0005829529707863523,0,0.4906974079980775,available
wa-test-000144,0,9.436650796705696e-05,0,0.4906974079980775,available
wa-test-000145,0,0.0012640790196749249,0,0.4906974079980775,available
wa-test-000146,1,0.9468388800875656,1,0.4906974079980775,available
wa-test-000147,0,0.005614034379853383,0,0.4906974079980775,available
wa-test-000148,0,0.032802431180242585,0,0.4906974079980775,available
wa-test-000149,0,0.18785819092809236,0,0.4906974079980775,available
wa-test-000150,0,0.0028905409556447647,0,0.4906974079980775,available
wa-test-000151,0,0.001164075128415932,0,0.4906974079980775,available
wa-test-000152,0,0.00017286792583697192,0,0.4906974079980775,available
wa-test-000153,0,0.001471121907755002,0,0.4906974079980775,available
wa-test-000154,0,0.004855796515847699,0,0.4906974079980775,available
wa-test-000155,0,0.010534635356515144,0,0.4906974079980775,available
wa-test-000156,0,0.005849145853000954,0,0.4906974079980775,available
wa-test-000157,0,0.011418564648690047,0,0.4906974079980775,available
wa-test-000158,1,0.9759297859822348,1,0.4906974079980775,available
wa-test-000159,0,0.13016826363703576,0,0.4906974079980775,available
wa-test-000160,0,0.0006157024035613654,0,0.4906974079980775,available
wa-test-000161,0,0.002200933465686339,0,0.4906974079980775,available
wa-test-000162,0,0.0011730683495851813,0,0.4906974079980775,available
wa-test-000163,0,0.008269434910051403,0,0.4906974079980775,available
wa-test-000164,0,0.00035645714081787485,0,0.4906974079980775,available
wa-test-000165,1,0.9995481902064571,1,0.4906974079980775,available
wa-test-000166,1,0.9690262463145043,1,0.4906974079980775,available
wa-test-000167,0,0.0002522171481676364,0,0.4906974079980775,available
wa-test-000168,1,0.9842210025280125,1,0.4906974079980775,available
wa-test-000169,0,0.0036986716553251645,0,0.4906974079980775,available
wa-test-000170,0,0.0015597542146956488,0,0.4906974079980775,available
wa-test-000171,0,0.006865769793735954,0,0.4906974079980775,available
wa-test-000172,0,0.0020960264018330147,0,0.4906974079980775,available
wa-test-000173,0,0.0028458058336908953,0,0.4906974079980775,available
wa-test-000174,0,0.004147153963733369,0,0.4906974079980775,available
wa-test-000175,0,0.0034943805356282623,0,0.4906974079980775,available
wa-test-000176,0,0.006585175116135474,0,0.4906974079980775,available
wa-test-000177,0,0.005589157081899222,0,0.4906974079980775,available
wa-test-000178,0,0.0003318123165667843,0,0.4906974079980775,available
wa-test-000179,0,0.0020417368102249936,0,0.4906974079980775,available
wa-test-000180,0,0.0017179941952013336,0,0.4906974079980775,available
wa-test-000181,0,0.0026759242785122394,0,0.4906974079980775,available
wa-test-000182,0,0.0006949765308068123,0,0.4906974079980775,available
wa-test-000183,0,0.006791716706059609,0,0.4906974079980775,available
wa-test-000184,0,0.002035862527597844,0,0.4906974079980775,available
wa-test-000185,0,0.0018839554270907509,0,0.4906974079980775,available
wa-test-000186,1,0.9867444620813772,1,0.4906974079980775,available
wa-test-000187,0,0.0031137616622241363,0,0.4906974079980775,available
wa-test-000188,0,0.018569562842409806,0,0.4906974079980775,available
wa-test-000189,0,0.002096251529589936,0,0.4906974079980775,available
wa-test-000190,1,0.9963055810659596,1,0.4906974079980775,available
wa-test-000191,0,0.0004979728105626376,0,0.4906974079980775,available
wa-test-000192,1,0.9949187058969157,1,0.4906974079980775,available
wa-test-000193,0,0.0009496895604120467,0,0.4906974079980775,available
wa-test-000194,0,5.220219534480406e-05,0,0.4906974079980775,available
wa-test-000195,0,0.0009506902396031336,0,0.4906974079980775,available
wa-test-000196,0,0.00103610657545921,0,0.4906974079980775,available
wa-test-000197,0,0.19903693451411275,0,0.4906974079980775,available
wa-test-000198,0,0.0006993826556494997,0,0.4906974079980775,available
wa-test-000199,1,0.9874432368869769,1,0.4906974079980775,available
wa-test-000200,0,0.0002992215353284905,0,0.4906974079980775,available
wa-test-000201,0,0.0038868419543300857,0,0.4906974079980775,available
wa-test-000202,0,0.0007255527377225797,0,0.4906974079980775,available
wa-test-000203,0,0.010862852934426832,0,0.4906974079980775,available
wa-test-000204,0,0.0006121220137180843,0,0.4906974079980775,available
wa-test-000205,0,0.004301827448491703,0,0.4906974079980775,available
wa-test-000206,0,0.0013596110333197453,0,0.4906974079980775,available
wa-test-000207,0,0.0008105005198181015,0,0.4906974079980775,available
wa-test-000208,0,0.0006413578646178949,0,0.4906974079980775,available
wa-test-000209,0,0.002608435919180393,0,0.4906974079980775,available
wa-test-000210,0,0.00035905140847511,0,0.4906974079980775,available
wa-test-000211,0,0.002833259177085353,0,0.4906974079980775,available
wa-test-000212,0,0.0010721936658252861,0,0.4906974079980775,available
wa-test-000213,0,0.0005709701508522264,0,0.4906974079980775,available
wa-test-000214,0,0.00040823423467146916,0,0.4906974079980775,available
wa-test-000215,0,0.0023431895056045746,0,0.4906974079980775,available
wa-test-000216,0,0.0004551058035836398,0,0.4906974079980775,available
wa-test-000217,0,0.00040072506905237525,0,0.4906974079980775,available
wa-test-000218,0,6.781245223513417e-05,0,0.4906974079980775,available
wa-test-000219,1,0.9849647568634329,1,0.4906974079980775,available
wa-test-000220,0,0.0033383291642084642,0,0.4906974079980775,available
wa-test-000221,0,0.006170425016265415,0,0.4906974079980775,available
wa-test-000222,0,0.0004241468842820224,0,0.4906974079980775,available
wa-test-000223,0,0.0004604530258134793,0,0.4906974079980775,available
wa-test-000224,0,0.007594537684354447,0,0.4906974079980775,available
wa-test-000225,1,0.9826337244071577,1,0.4906974079980775,available
wa-test-000226,0,0.001149464512814633,0,0.4906974079980775,available
wa-test-000227,0,0.00046320534762087106,0,0.4906974079980775,available
wa-test-000228,0,0.01438743013139371,0,0.4906974079980775,available
wa-test-000229,0,0.0007729743334292145,0,0.4906974079980775,available
wa-test-000230,0,0.006389710584011479,0,0.4906974079980775,available
wa-test-000231,0,0.0006224140899021514,0,0.4906974079980775,available
wa-test-000232,0,0.0012278641793446777,0,0.4906974079980775,available
wa-test-000233,0,0.00121799135611422,0,0.4906974079980775,available
wa-test-000234,0,0.002808230594802671,0,0.4906974079980775,available
wa-test-000235,0,0.0006461638282864309,0,0.4906974079980775,available
wa-test-000236,0,0.004047279194293631,0,0.4906974079980775,available
wa-test-000237,0,0.021466002503359276,0,0.4906974079980775,available
wa-test-000238,0,0.00037529768280352837,0,0.4906974079980775,available
wa-test-000239,0,0.002426914384379998,0,0.4906974079980775,available
wa-test-000240,0,0.000637290205021409,0,0.4906974079980775,available
wa-test-000241,0,0.0038333426495002136,0,0.4906974079980775,available
wa-test-000242,0,0.004098178258109075,0,0.4906974079980775,available
wa-test-000243,0,0.00246681630519133,0,0.4906974079980775,available
wa-test-000244,1,0.9854338675925407,1,0.4906974079980775,available
wa-test-000245,0,0.00013171037564213198,0,0.4906974079980775,available
wa-test-000246,1,0.4409190886347096,0,0.4906974079980775,available
wa-test-000247,0,0.0007652487838017266,0,0.4906974079980775,available
wa-test-000248,0,0.0012944477754271136,0,0.4906974079980775,available
wa-test-000249,0,0.0012114733276786015,0,0.4906974079980775,available
wa-test-000250,0,0.0009033379494067175,0,0.4906974079980775,available
wa-test-000251,0,0.0005637164106843185,0,0.4906974079980775,available
wa-test-000252,0,0.00277337308668494,0,0.4906974079980775,available
wa-test-000253,0,0.0014127384324615307,0,0.4906974079980775,available
wa-test-000254,0,0.00908805792758383,0,0.4906974079980775,available
wa-test-000255,0,0.06720128634262931,0,0.4906974079980775,available
wa-test-000256,0,0.0007192924589812344,0,0.4906974079980775,available
wa-test-000257,0,0.0002608567567449699,0,0.4906974079980775,available
wa-test-000258,1,0.9984761173291969,1,0.4906974079980775,available
wa-test-000259,0,8.965221357840696e-05,0,0.4906974079980775,available
wa-test-000260,0,0.004793473432054371,0,0.4906974079980775,available
wa-test-000261,0,0.027973498244638902,0,0.4906974079980775,available
wa-test-000262,0,0.00016274066883773772,0,0.4906974079980775,available
wa-test-000263,0,0.002326180650080273,0,0.4906974079980775,available
wa-test-000264,0,0.03935472847716841,0,0.4906974079980775,available
wa-test-000265,0,0.0013057413487287182,0,0.4906974079980775,available
wa-test-000266,0,0.0744738133897725,0,0.4906974079980775,available
wa-test-000267,0,0.003945829526491239,0,0.4906974079980775,available
wa-test-000268,0,0.00310918746977461,0,0.4906974079980775,available
wa-test-000269,1,0.9593722996328292,1,0.4906974079980775,available
wa-test-000270,0,0.0027158981846307348,0,0.4906974079980775,available
wa-test-000271,0,0.001435083942232474,0,0.4906974079980775,available
wa-test-000272,0,0.0012528924654006443,0,0.4906974079980775,available
wa-test-000273,0,0.04683371675154874,0,0.4906974079980775,available
wa-test-000274,0,0.0005117076314696402,0,0.4906974079980775,available
wa-test-000275,0,0.0035618283513499855,0,0.4906974079980775,available
wa-test-000276,0,0.0013187109723275402,0,0.4906974079980775,available
wa-test-000277,0,0.010174170502869354,0,0.4906974079980775,available
wa-test-000278,1,0.49157898826892904,1,0.4906974079980775,available
wa-test-000279,0,0.006671801525137074,0,0.4906974079980775,available
wa-test-000280,0,0.002440566371037174,0,0.4906974079980775,available
wa-test-000281,0,0.011221780637492292,0,0.4906974079980775,available
wa-test-000282,0,0.00015710458390902072,0,0.4906974079980775,available
wa-test-000283,0,0.008452030470662427,0,0.4906974079980775,available
wa-test-000284,0,0.000934172487614839,0,0.4906974079980775,available
wa-test-000285,0,2.269408659786215e-05,0,0.4906974079980775,available
wa-test-000286,0,6.529326171939319e-05,0,0.4906974079980775,available
wa-test-000287,0,0.002907155899231222,0,0.4906974079980775,available
wa-test-000288,0,0.7146121244691346,1,0.4906974079980775,available
wa-test-000289,0,0.3488699789579447,0,0.4906974079980775,available
wa-test-000290,0,0.0016157435905508049,0,0.4906974079980775,available
wa-test-000291,1,0.9993946634992896,1,0.4906974079980775,available
wa-test-000292,0,4.79545574131859e-05,0,0.4906974079980775,available
wa-test-000293,0,0.00549381952167732,0,0.4906974079980775,available
wa-test-000294,0,0.0015768466231553377,0,0.4906974079980775,available
wa-test-000295,0,0.0005856770771770716,0,0.4906974079980775,available
wa-test-000296,0,0.0026116209543867257,0,0.4906974079980775,available
wa-test-000297,0,0.055044893966744925,0,0.4906974079980775,available
wa-test-000298,0,0.0012585287580214248,0,0.4906974079980775,available
wa-test-000299,0,0.0009381840583110722,0,0.4906974079980775,available
wa-test-000300,0,0.4651912357188958,0,0.4906974079980775,available
wa-test-000301,1,0.9965057505756034,1,0.4906974079980775,available
wa-test-000302,0,0.0017163394317657916,0,0.4906974079980775,available
wa-test-000303,0,0.00330882427130783,0,0.4906974079980775,available
wa-test-000304,0,0.0009958678310369082,0,0.4906974079980775,available
wa-test-000305,0,0.0002728212401868139,0,0.4906974079980775,available
wa-test-000306,0,0.00221770405357631,0,0.4906974079980775,available
wa-test-000307,0,0.0029852034872645864,0,0.4906974079980775,available
wa-test-000308,0,0.010607423613973049,0,0.4906974079980775,available
wa-test-000309,0,0.0018966998489458467,0,0.4906974079980775,available
wa-test-000310,0,0.001127609288810722,0,0.4906974079980775,available
wa-test-000311,0,0.00038267740105490234,0,0.4906974079980775,available
wa-test-000312,0,0.0006496943220069647,0,0.4906974079980775,available
wa-test-000313,0,0.021623272272785213,0,0.4906974079980775,available
wa-test-000314,0,0.00042494315685804814,0,0.4906974079980775,available
wa-test-000315,0,0.0033078349316184195,0,0.4906974079980775,available
wa-test-000316,0,0.0036477129440140765,0,0.4906974079980775,available
wa-test-000317,0,0.07152048607279418,0,0.4906974079980775,available
wa-test-000318,0,0.00385547080606374,0,0.4906974079980775,available
wa-test-000319,0,0.0015496970057983185,0,0.4906974079980775,available
wa-test-000320,0,0.00023294106537962922,0,0.4906974079980775,available
wa-test-000321,0,0.0011882525087616746,0,0.4906974079980775,available
wa-test-000322,0,0.00013147195071769446,0,0.4906974079980775,available
wa-test-000323,0,0.003442886819300435,0,0.4906974079980775,available
wa-test-000324,1,0.9935704035281916,1,0.4906974079980775,available
wa-test-000325,0,0.005382061219553851,0,0.4906974079980775,available
wa-test-000326,0,0.001614259839799455,0,0.4906974079980775,available
wa-test-000327,0,0.21440792759909083,0,0.4906974079980775,available
wa-test-000328,0,0.0031386164408537726,0,0.4906974079980775,available
wa-test-000329,1,0.939514536541127,1,0.4906974079980775,available
wa-test-000330,0,0.0012944477754271136,0,0.4906974079980775,available
wa-test-000331,0,0.000823924995890625,0,0.4906974079980775,available
wa-test-000332,1,0.9998541338226263,1,0.4906974079980775,available
wa-test-000333,0,0.00037051680275025704,0,0.4906974079980775,available
wa-test-000334,0,0.0015862994625383034,0,0.4906974079980775,available
wa-test-000335,0,0.0015147805926357214,0,0.4906974079980775,available
wa-test-000336,0,0.0013701830750226323,0,0.4906974079980775,available
wa-test-000337,0,0.002753979566872517,0,0.4906974079980775,available
wa-test-000338,0,0.000874544586715022,0,0.4906974079980775,available
wa-test-000339,0,0.019375607145369997,0,0.4906974079980775,available
wa-test-000340,0,0.002530320746854135,0,0.4906974079980775,available
wa-test-000341,0,0.011609262352985114,0,0.4906974079980775,available
wa-test-000342,0,0.0003946534150055037,0,0.4906974079980775,available
wa-test-000343,0,0.04573667433409387,0,0.4906974079980775,available
wa-test-000344,0,0.00101826982831662,0,0.4906974079980775,available
wa-test-000345,0,0.0006702731187413355,0,0.4906974079980775,available
wa-test-000346,0,0.000731361029837133,0,0.4906974079980775,available
wa-test-000347,0,0.0018943596494910525,0,0.4906974079980775,available
wa-test-000348,0,0.2330668199492704,0,0.4906974079980775,available
wa-test-000349,0,0.0007226913004501486,0,0.4906974079980775,available
wa-test-000350,0,0.0033348435402561255,0,0.4906974079980775,available
wa-test-000351,0,0.05758452498067696,0,0.4906974079980775,available
wa-test-000352,0,0.0004784946275275522,0,0.4906974079980775,available
wa-test-000353,0,0.01586978725162429,0,0.4906974079980775,available
wa-test-000354,0,0.12087305173867162,0,0.4906974079980775,available
wa-test-000355,0,0.005461633087728235,0,0.4906974079980775,available
wa-test-000356,0,0.0009119929447786141,0,0.4906974079980775,available
wa-test-000357,0,0.009567351555045404,0,0.4906974079980775,available
wa-test-000358,0,0.0001139636122599175,0,0.4906974079980775,available
wa-test-000359,0,5.123670332498043e-05,0,0.4906974079980775,available
wa-test-000360,0,0.0022194685988905115,0,0.4906974079980775,available
wa-test-000361,0,0.001007017680988687,0,0.4906974079980775,available
wa-test-000362,0,0.0023743798796660915,0,0.4906974079980775,available
wa-test-000363,0,0.0006722076559266823,0,0.4906974079980775,available
wa-test-000364,0,0.0005263028802927203,0,0.4906974079980775,available
wa-test-000365,0,0.0023637017450077544,0,0.4906974079980775,available
wa-test-000366,0,0.0010613692555303006,0,0.4906974079980775,available
wa-test-000367,0,0.0047651464826858865,0,0.4906974079980775,available
wa-test-000368,0,6.16823683432474e-05,0,0.4906974079980775,available
wa-test-000369,0,0.002088467515555243,0,0.4906974079980775,available
wa-test-000370,0,0.006722795584398004,0,0.4906974079980775,available
wa-test-000371,0,0.0012535576018844548,0,0.4906974079980775,available
wa-test-000372,0,0.004997157949619845,0,0.4906974079980775,available
wa-test-000373,0,0.0001245598564184574,0,0.4906974079980775,available
wa-test-000374,0,0.0430338030450888,0,0.4906974079980775,available
wa-test-000375,0,0.015186803099434536,0,0.4906974079980775,available
wa-test-000376,0,0.0021252913456532743,0,0.4906974079980775,available
wa-test-000377,0,0.003308151794311062,0,0.4906974079980775,available
wa-test-000378,0,0.028275970503475637,0,0.4906974079980775,available
wa-test-000379,0,0.0028296962499342456,0,0.4906974079980775,available
wa-test-000380,0,0.011463802413931676,0,0.4906974079980775,available
wa-test-000381,0,0.0009433735854240192,0,0.4906974079980775,available
wa-test-000382,0,0.0035724362909232157,0,0.4906974079980775,available
wa-test-000383,0,0.011351710216036523,0,0.4906974079980775,available
wa-test-000384,0,0.021819775536353406,0,0.4906974079980775,available
wa-test-000385,0,0.02511923333144626,0,0.4906974079980775,available
wa-test-000386,0,0.010158224212613188,0,0.4906974079980775,available
wa-test-000387,0,0.00028963229488585435,0,0.4906974079980775,available
wa-test-000388,0,0.0024724377328034473,0,0.4906974079980775,available
wa-test-000389,0,0.0008938722857804042,0,0.4906974079980775,available
wa-test-000390,0,0.0014470253673179048,0,0.4906974079980775,available
wa-test-000391,0,0.00537634558071952,0,0.4906974079980775,available
wa-test-000392,1,0.9825947360815188,1,0.4906974079980775,available
wa-test-000393,0,8.518940104055206e-05,0,0.4906974079980775,available
wa-test-000394,0,0.0024583664106168704,0,0.4906974079980775,available
wa-test-000395,0,0.9823187105295212,1,0.4906974079980775,available
wa-test-000396,0,0.001197054502589843,0,0.4906974079980775,available
wa-test-000397,0,0.1812634748066576,0,0.4906974079980775,available
wa-test-000398,0,0.041124453251764705,0,0.4906974079980775,available
wa-test-000399,0,0.00368605226682997,0,0.4906974079980775,available
wa-test-000400,1,0.996400515366532,1,0.4906974079980775,available
wa-test-000401,0,0.8114319637457126,1,0.4906974079980775,available
wa-test-000402,0,0.00010427144428452613,0,0.4906974079980775,available
wa-test-000403,0,0.0010366568581578527,0,0.4906974079980775,available
wa-test-000404,0,0.0002730122039954817,0,0.4906974079980775,available
wa-test-000405,0,0.0005610798287776184,0,0.4906974079980775,available
wa-test-000406,0,0.005540533068820362,0,0.4906974079980775,available
wa-test-000407,1,0.43514489553477737,0,0.4906974079980775,available
wa-test-000408,0,0.0032211520856142493,0,0.4906974079980775,available
wa-test-000409,0,0.0005245728371302058,0,0.4906974079980775,available
wa-test-000410,0,0.0008741767538042848,0,0.4906974079980775,available
wa-test-000411,0,0.00017461018757919007,0,0.4906974079980775,available
wa-test-000412,0,0.0008168063724784818,0,0.4906974079980775,available
wa-test-000413,0,0.03376810682097302,0,0.4906974079980775,available
wa-test-000414,0,0.004119531203946589,0,0.4906974079980775,available
wa-test-000415,0,0.00022518536483039428,0,0.4906974079980775,available
wa-test-000416,0,0.037534374981651825,0,0.4906974079980775,available
wa-test-000417,0,2.2260862598926323e-05,0,0.4906974079980775,available
wa-test-000418,0,0.019656718427727413,0,0.4906974079980775,available
wa-test-000419,0,0.0009380339197807686,0,0.4906974079980775,available
wa-test-000420,1,0.9890878979767186,1,0.4906974079980775,available
wa-test-000421,0,0.0012363527434527159,0,0.4906974079980775,available
wa-test-000422,1,0.994582379200139,1,0.4906974079980775,available
wa-test-000423,0,0.0028114337524547074,0,0.4906974079980775,available
wa-test-000424,1,0.9387162582696963,1,0.4906974079980775,available
wa-test-000425,0,0.0027801795589401227,0,0.4906974079980775,available
wa-test-000426,0,0.0026797655704489543,0,0.4906974079980775,available
wa-test-000427,0,0.0002970866551960136,0,0.4906974079980775,available
wa-test-000428,0,0.0012362568753042239,0,0.4906974079980775,available
wa-test-000429,1,0.7514563949139852,1,0.4906974079980775,available
wa-test-000430,0,0.0005833265637223108,0,0.4906974079980775,available
wa-test-000431,0,0.004807416637277798,0,0.4906974079980775,available
wa-test-000432,1,0.9391173086641981,1,0.4906974079980775,available
wa-test-000433,0,0.0027981355245058027,0,0.4906974079980775,available
wa-test-000434,0,0.0007658143285723551,0,0.4906974079980775,available
wa-test-000435,0,0.0024692641014347713,0,0.4906974079980775,available
wa-test-000436,0,0.0012222279995061226,0,0.4906974079980775,available
wa-test-000437,0,0.0011465118168282084,0,0.4906974079980775,available
wa-test-000438,0,0.02248736790484781,0,0.4906974079980775,available
wa-test-000439,1,0.9871175350657764,1,0.4906974079980775,available
wa-test-000440,0,0.0020555448838213003,0,0.4906974079980775,available
wa-test-000441,0,0.0024444065861415256,0,0.4906974079980775,available
wa-test-000442,0,0.007105423271096896,0,0.4906974079980775,available
wa-test-000443,0,0.010869691505266225,0,0.4906974079980775,available
wa-test-000444,1,0.822134073322527,1,0.4906974079980775,available
wa-test-000445,0,0.00014218966879299562,0,0.4906974079980775,available
wa-test-000446,0,0.001094628023479905,0,0.4906974079980775,available
wa-test-000447,0,0.006421699576298981,0,0.4906974079980775,available
wa-test-000448,0,0.0011276059322579703,0,0.4906974079980775,available
wa-test-000449,0,0.01990783792059561,0,0.4906974079980775,available
wa-test-000450,0,0.02759661584805101,0,0.4906974079980775,available
wa-test-000451,0,0.007685968017674038,0,0.4906974079980775,available
wa-test-000452,0,0.005190453768048269,0,0.4906974079980775,available
wa-test-000453,0,0.0005581435367303692,0,0.4906974079980775,available
wa-test-000454,0,0.0352636487291131,0,0.4906974079980775,available
wa-test-000455,0,0.29276965122199616,0,0.4906974079980775,available
wa-test-000456,0,0.0027028554249632166,0,0.4906974079980775,available
wa-test-000457,0,0.006140962838209483,0,0.4906974079980775,available
wa-test-000458,0,0.0010951953214701116,0,0.4906974079980775,available
wa-test-000459,0,0.007666407667915834,0,0.4906974079980775,available
wa-test-000460,0,0.009434011733883583,0,0.4906974079980775,available
wa-test-000461,0,0.3429503705434012,0,0.4906974079980775,available
wa-test-000462,0,0.025359984212198924,0,0.4906974079980775,available
wa-test-000463,0,0.000393232634042143,0,0.4906974079980775,available
wa-test-000464,1,0.9842323093271204,1,0.4906974079980775,available
wa-test-000465,0,0.009633383372410318,0,0.4906974079980775,available
wa-test-000466,0,0.006946603485580964,0,0.4906974079980775,available
wa-test-000467,1,0.9985610992934709,1,0.4906974079980775,available
wa-test-000468,0,0.0010951953214701116,0,0.4906974079980775,available
wa-test-000469,0,0.00010662667830044244,0,0.4906974079980775,available
wa-test-000470,0,0.002589798414236594,0,0.4906974079980775,available
wa-test-000471,0,0.09119021820014046,0,0.4906974079980775,available
wa-test-000472,0,0.005349443533796399,0,0.4906974079980775,available
wa-test-000473,0,0.09054123412729483,0,0.4906974079980775,available
wa-test-000474,0,0.0006450804120147469,0,0.4906974079980775,available
wa-test-000475,0,0.0024624097289487885,0,0.4906974079980775,available
wa-test-000476,0,0.014831208541733726,0,0.4906974079980775,available
wa-test-000477,0,0.0006852079101411004,0,0.4906974079980775,available
wa-test-000478,0,7.691831340255251e-05,0,0.4906974079980775,available
wa-test-000479,0,0.0018227759664033712,0,0.4906974079980775,available
wa-test-000480,0,0.0026711531879596902,0,0.4906974079980775,available
wa-test-000481,0,0.0018974485045620323,0,0.4906974079980775,available
wa-test-000482,0,0.001307532921804003,0,0.4906974079980775,available
wa-test-000483,1,0.9983420479420432,1,0.4906974079980775,available
wa-test-000484,0,0.0035373743916311496,0,0.4906974079980775,available
wa-test-000485,0,0.026578632310725152,0,0.4906974079980775,available
wa-test-000486,1,0.9841135966167887,1,0.4906974079980775,available
wa-test-000487,0,0.004087575069077098,0,0.4906974079980775,available
wa-test-000488,1,0.9711360466570615,1,0.4906974079980775,available
wa-test-000489,0,0.004730297907915762,0,0.4906974079980775,available
wa-test-000490,0,0.5012991030875913,1,0.4906974079980775,available
wa-test-000491,1,0.7586135783550463,1,0.4906974079980775,available
wa-test-000492,0,0.031364639404082906,0,0.4906974079980775,available
wa-test-000493,0,0.004133196536370918,0,0.4906974079980775,available
wa-test-000494,0,0.0014984014268949802,0,0.4906974079980775,available
wa-test-000495,0,0.0006157082602340728,0,0.4906974079980775,available
wa-test-000496,0,0.007184631662442011,0,0.4906974079980775,available
wa-test-000497,0,0.002110965554545789,0,0.4906974079980775,available
wa-test-000498,0,0.034465186944213515,0,0.4906974079980775,available
wa-test-000499,0,0.028382657700204313,0,0.4906974079980775,available
wa-test-000500,0,0.0018863810598913355,0,0.4906974079980775,available
wa-test-000501,0,0.0004313423986498379,0,0.4906974079980775,available
wa-test-000502,0,0.0004902631415632001,0,0.4906974079980775,available
wa-test-000503,0,9.168836856937881e-05,0,0.4906974079980775,available
wa-test-000504,0,1.4713111270448131e-05,0,0.4906974079980775,available
wa-test-000505,0,0.6020263905627004,1,0.4906974079980775,available
wa-test-000506,0,0.0008492208222940511,0,0.4906974079980775,available
wa-test-000507,0,0.0009522410264729635,0,0.4906974079980775,available
wa-test-000508,0,0.002036099112593738,0,0.4906974079980775,available
wa-test-000509,0,0.0002258223603676792,0,0.4906974079980775,available
wa-test-000510,1,0.6296087682290842,1,0.4906974079980775,available
wa-test-000511,0,0.0013888714184770023,0,0.4906974079980775,available
wa-test-000512,0,0.0003010737573573183,0,0.4906974079980775,available
wa-test-000513,0,0.016492161095433437,0,0.4906974079980775,available
wa-test-000514,0,0.0016920986463835421,0,0.4906974079980775,available
wa-test-000515,0,0.002846266926130011,0,0.4906974079980775,available
wa-test-000516,0,0.0008603347881573049,0,0.4906974079980775,available
wa-test-000517,0,0.011059457064002992,0,0.4906974079980775,available
wa-test-000518,0,0.2985679110139369,0,0.4906974079980775,available
wa-test-000519,1,0.5795895886501158,1,0.4906974079980775,available
wa-test-000520,0,0.0010864437256686758,0,0.4906974079980775,available
wa-test-000521,0,0.00024173860253023168,0,0.4906974079980775,available
wa-test-000522,0,0.0035600052100713425,0,0.4906974079980775,available
wa-test-000523,0,0.0025875230515731928,0,0.4906974079980775,available
wa-test-000524,0,0.5071279482561999,1,0.4906974079980775,available
wa-test-000525,1,0.9778603402191942,1,0.4906974079980775,available
wa-test-000526,0,0.0013783849859216532,0,0.4906974079980775,available
wa-test-000527,0,0.00012969710942543674,0,0.4906974079980775,available
wa-test-000528,0,0.008097592581624576,0,0.4906974079980775,available
wa-test-000529,0,0.00011540184230093271,0,0.4906974079980775,available
wa-test-000530,0,0.004104343336700251,0,0.4906974079980775,available
wa-test-000531,0,0.012826113480438349,0,0.4906974079980775,available
wa-test-000532,0,0.0011372705050321234,0,0.4906974079980775,available
wa-test-000533,0,8.239877976489705e-05,0,0.4906974079980775,available
wa-test-000534,1,0.9919563918452305,1,0.4906974079980775,available
wa-test-000535,0,0.0002613190437287254,0,0.4906974079980775,available
wa-test-000536,0,0.0048633704438032855,0,0.4906974079980775,available
wa-test-000537,0,0.0005250127892489325,0,0.4906974079980775,available
wa-test-000538,0,0.09552983316333355,0,0.4906974079980775,available
wa-test-000539,0,0.00029235613532046676,0,0.4906974079980775,available
wa-test-000540,0,0.6825614774239872,1,0.4906974079980775,available
wa-test-000541,0,0.0005888597053307558,0,0.4906974079980775,available
wa-test-000542,0,0.003383287836757181,0,0.4906974079980775,available
wa-test-000543,0,0.03270504211894568,0,0.4906974079980775,available
wa-test-000544,0,0.005301710890526059,0,0.4906974079980775,available
wa-test-000545,0,0.0011439376820543826,0,0.4906974079980775,available
wa-test-000546,0,0.016691365297867015,0,0.4906974079980775,available
wa-test-000547,0,0.0017856295429379842,0,0.4906974079980775,available
wa-test-000548,0,0.0013678161517206668,0,0.4906974079980775,available
wa-test-000549,0,0.049200923543362744,0,0.4906974079980775,available
wa-test-000550,0,6.818091475650077e-05,0,0.4906974079980775,available
wa-test-000551,0,0.03679058624243296,0,0.4906974079980775,available
wa-test-000552,0,0.0017531604613277053,0,0.4906974079980775,available
wa-test-000553,0,0.01069398283508083,0,0.4906974079980775,available
wa-test-000554,0,0.000946162443147247,0,0.4906974079980775,available
wa-test-000555,0,0.0011348912589261412,0,0.4906974079980775,available
wa-test-000556,0,0.0014852512872088862,0,0.4906974079980775,available
wa-test-000557,0,0.0009393412174297937,0,0.4906974079980775,available
wa-test-000558,1,0.49399641281053475,1,0.4906974079980775,available
wa-test-000559,1,0.9983039475500887,1,0.4906974079980775,available
wa-test-000560,0,0.0013413702321663343,0,0.4906974079980775,available
wa-test-000561,0,0.0008312989738061442,0,0.4906974079980775,available
wa-test-000562,0,0.0011264412450126653,0,0.4906974079980775,available
wa-test-000563,0,0.018988866365964457,0,0.4906974079980775,available
wa-test-000564,0,0.000900227872191083,0,0.4906974079980775,available
wa-test-000565,0,0.0017826066552309708,0,0.4906974079980775,available
wa-test-000566,0,0.011218898476112184,0,0.4906974079980775,available
wa-test-000567,0,0.0014203173823244982,0,0.4906974079980775,available
wa-test-000568,0,0.0006011475198158924,0,0.4906974079980775,available
wa-test-000569,0,0.003127154439262847,0,0.4906974079980775,available
wa-test-000570,0,0.0011121381116032908,0,0.4906974079980775,available
wa-test-000571,1,0.9810908046898892,1,0.4906974079980775,available
wa-test-000572,0,0.003611815677160032,0,0.4906974079980775,available
wa-test-000573,0,0.0013546008585105926,0,0.4906974079980775,available
wa-test-000574,0,0.03702764771371052,0,0.4906974079980775,available
wa-test-000575,0,0.004343042099771796,0,0.4906974079980775,available
wa-test-000576,0,0.00011202655333699436,0,0.4906974079980775,available
wa-test-000577,0,5.672093949564767e-05,0,0.4906974079980775,available
wa-test-000578,0,0.0015160428003726124,0,0.4906974079980775,available
wa-test-000579,0,0.7213802192122603,1,0.4906974079980775,available
wa-test-000580,0,0.0010229069230208237,0,0.4906974079980775,available
wa-test-000581,1,0.6649343002091785,1,0.4906974079980775,available
wa-test-000582,0,0.5446326461134174,1,0.4906974079980775,available
wa-test-000583,1,0.5770911555111351,1,0.4906974079980775,available
wa-test-000584,0,0.036850427396851765,0,0.4906974079980775,available
wa-test-000585,0,0.0021555437134708364,0,0.4906974079980775,available
wa-test-000586,0,0.00018695470219662937,0,0.4906974079980775,available
wa-test-000587,0,0.006513350920157449,0,0.4906974079980775,available
wa-test-000588,0,0.0006895109291648524,0,0.4906974079980775,available
wa-test-000589,1,0.9972755565716396,1,0.4906974079980775,available
wa-test-000590,0,0.0008299678567194474,0,0.4906974079980775,available
wa-test-000591,0,0.031996688565285036,0,0.4906974079980775,available
wa-test-000592,1,0.00099853536017304,0,0.4906974079980775,available
wa-test-000593,0,0.0494612626669473,0,0.4906974079980775,available
wa-test-000594,0,0.0008884870963324262,0,0.4906974079980775,available
wa-test-000595,0,0.001542528522958539,0,0.4906974079980775,available
wa-test-000596,0,0.0008578141310628712,0,0.4906974079980775,available
wa-test-000597,0,0.004871672373631092,0,0.4906974079980775,available
wa-test-000598,0,0.001428496587643505,0,0.4906974079980775,available
wa-test-000599,0,0.0008759898093410724,0,0.4906974079980775,available
wa-test-000600,0,0.3351953513285458,0,0.4906974079980775,available
wa-test-000601,1,0.9932102870648298,1,0.4906974079980775,available
wa-test-000602,0,0.0026080882564222655,0,0.4906974079980775,available
wa-test-000603,0,0.13530401739847273,0,0.4906974079980775,available
wa-test-000604,0,0.0020762444943784784,0,0.4906974079980775,available
wa-test-000605,0,0.0014634369678303936,0,0.4906974079980775,available
wa-test-000606,0,0.009462804145460841,0,0.4906974079980775,available
wa-test-000607,0,0.007482950730297321,0,0.4906974079980775,available
wa-test-000608,1,0.9978097836709934,1,0.4906974079980775,available
wa-test-000609,0,0.024045611004594597,0,0.4906974079980775,available
wa-test-000610,0,0.01127797774272271,0,0.4906974079980775,available
wa-test-000611,0,0.7923849979374652,1,0.4906974079980775,available
wa-test-000612,1,0.15553734908039907,0,0.4906974079980775,available
wa-test-000613,0,0.042426985899880594,0,0.4906974079980775,available
wa-test-000614,0,0.024827121170924022,0,0.4906974079980775,available
wa-test-000615,0,0.0015270115517170171,0,0.4906974079980775,available
wa-test-000616,0,0.035420349667663484,0,0.4906974079980775,available
wa-test-000617,0,0.0021396753345906774,0,0.4906974079980775,available
wa-test-000618,0,0.0010654371360470985,0,0.4906974079980775,available
wa-test-000619,0,0.010743351892214084,0,0.4906974079980775,available
wa-test-000620,0,0.0025189536766381682,0,0.4906974079980775,available
wa-test-000621,0,3.860048284049319e-05,0,0.4906974079980775,available
wa-test-000622,0,0.001169432830364673,0,0.4906974079980775,available
wa-test-000623,0,0.08184493471352394,0,0.4906974079980775,available
wa-test-000624,0,0.00018399498685060627,0,0.4906974079980775,available
wa-test-000625,0,0.0007480567914994189,0,0.4906974079980775,available
wa-test-000626,0,0.0032632290399155247,0,0.4906974079980775,available
wa-test-000627,0,0.0019008237613567607,0,0.4906974079980775,available
wa-test-000628,0,0.00011345692555258006,0,0.4906974079980775,available
wa-test-000629,0,0.0007198455730627046,0,0.4906974079980775,available
wa-test-000630,0,0.001518901251635846,0,0.4906974079980775,available
wa-test-000631,0,0.008726734592411507,0,0.4906974079980775,available
wa-test-000632,1,0.9690135328624537,1,0.4906974079980775,available
wa-test-000633,0,0.00045442757863424775,0,0.4906974079980775,available
wa-test-000634,0,0.0014030241477953579,0,0.4906974079980775,available
wa-test-000635,0,0.0024329996935284763,0,0.4906974079980775,available
wa-test-000636,0,0.00782879536081126,0,0.4906974079980775,available
wa-test-000637,0,0.3335772143279992,0,0.4906974079980775,available
wa-test-000638,0,0.00269954555816413,0,0.4906974079980775,available
wa-test-000639,0,0.0007245884171660285,0,0.4906974079980775,available
wa-test-000640,0,0.0011186755644347582,0,0.4906974079980775,available
wa-test-000641,1,0.9953854749959338,1,0.4906974079980775,available
wa-test-000642,0,0.0037763005525296624,0,0.4906974079980775,available
wa-test-000643,0,0.02169899078866454,0,0.4906974079980775,available
wa-test-000644,0,0.0034410480513436007,0,0.4906974079980775,available
wa-test-000645,0,0.00036992848391439293,0,0.4906974079980775,available
wa-test-000646,0,0.0008886721129211665,0,0.4906974079980775,available
wa-test-000647,0,0.026556916952006612,0,0.4906974079980775,available
wa-test-000648,0,0.00016180267657181727,0,0.4906974079980775,available
wa-test-000649,0,0.0016447207676329634,0,0.4906974079980775,available
wa-test-000650,1,0.031131375607319618,0,0.4906974079980775,available
wa-test-000651,0,0.0011029774010051171,0,0.4906974079980775,available
wa-test-000652,0,0.026999313949302096,0,0.4906974079980775,available
wa-test-000653,0,0.0019995482817156177,0,0.4906974079980775,available
wa-test-000654,0,0.0006122549518316867,0,0.4906974079980775,available
wa-test-000655,1,0.9971202905400509,1,0.4906974079980775,available
wa-test-000656,0,0.010914585383458799,0,0.4906974079980775,available
wa-test-000657,1,0.9995435183632099,1,0.4906974079980775,available
wa-test-000658,0,0.002377365711289986,0,0.4906974079980775,available
wa-test-000659,0,0.001180677220822087,0,0.4906974079980775,available
wa-test-000660,0,0.00636871238478868,0,0.4906974079980775,available
wa-test-000661,0,0.001997264125789326,0,0.4906974079980775,available
wa-test-000662,0,0.001450963351991354,0,0.4906974079980775,available
wa-test-000663,0,0.033334377360980744,0,0.4906974079980775,available
wa-test-000664,1,0.9932954402426174,1,0.4906974079980775,available
wa-test-000665,0,5.328144723639207e-05,0,0.4906974079980775,available
wa-test-000666,0,0.0010027045591736916,0,0.4906974079980775,available
wa-test-000667,0,0.0013305975482539873,0,0.4906974079980775,available
wa-test-000668,0,0.0016061840256496142,0,0.4906974079980775,available
wa-test-000669,0,0.005436770664885515,0,0.4906974079980775,available
wa-test-000670,0,0.0009743569780154761,0,0.4906974079980775,available
wa-test-000671,0,0.0021634713266648325,0,0.4906974079980775,available
wa-test-000672,0,0.021426999846916702,0,0.4906974079980775,available
wa-test-000673,0,0.009295440431095356,0,0.4906974079980775,available
wa-test-000674,0,0.0015074600578843381,0,0.4906974079980775,available
wa-test-000675,0,0.0010801776003765019,0,0.4906974079980775,available
wa-test-000676,0,0.005239835852559309,0,0.4906974079980775,available
wa-test-000677,0,0.00118513896272651,0,0.4906974079980775,available
wa-test-000678,1,0.9701125907777658,1,0.4906974079980775,available
wa-test-000679,0,0.07988704014231073,0,0.4906974079980775,available
wa-test-000680,0,0.0010459174312664994,0,0.4906974079980775,available
wa-test-000681,0,0.0012119791923872116,0,0.4906974079980775,available
wa-test-000682,0,0.00015623352828196554,0,0.4906974079980775,available
wa-test-000683,0,0.02103459940594155,0,0.4906974079980775,available
wa-test-000684,0,0.0005676434507094515,0,0.4906974079980775,available
wa-test-000685,0,0.004766016448001439,0,0.4906974079980775,available
wa-test-000686,0,0.0045271859469723785,0,0.4906974079980775,available
wa-test-000687,0,0.0022406305456580747,0,0.4906974079980775,available
wa-test-000688,0,0.02537407746802479,0,0.4906974079980775,available
wa-test-000689,0,0.0011277309047424556,0,0.4906974079980775,available
wa-test-000690,0,0.004177878939045108,0,0.4906974079980775,available
wa-test-000691,0,0.0022303326099456853,0,0.4906974079980775,available
wa-test-000692,0,0.007449780288179642,0,0.4906974079980775,available
wa-test-000693,0,0.05688687340797816,0,0.4906974079980775,available
wa-test-000694,0,0.016655473140918028,0,0.4906974079980775,available
wa-test-000695,0,0.3041400921972717,0,0.4906974079980775,available
wa-test-000696,1,0.9949340928220318,1,0.4906974079980775,available
wa-test-000697,0,0.0007797792640708256,0,0.4906974079980775,available
wa-test-000698,0,0.002704573653599385,0,0.4906974079980775,available
wa-test-000699,0,0.0016252322955715537,0,0.4906974079980775,available
wa-test-000700,1,0.8902614043823933,1,0.4906974079980775,available
wa-test-000701,1,0.9952350433639283,1,0.4906974079980775,available
wa-test-000702,0,0.133543917909585,0,0.4906974079980775,available
wa-test-000703,0,0.0006970045594896303,0,0.4906974079980775,available
wa-test-000704,0,0.0022515065763719353,0,0.4906974079980775,available
wa-test-000705,0,0.0019184849932488961,0,0.4906974079980775,available
wa-test-000706,0,0.0015188148242781874,0,0.4906974079980775,available
wa-test-000707,0,0.0024603982956764438,0,0.4906974079980775,available
wa-test-000708,0,0.0046194815752109404,0,0.4906974079980775,available
wa-test-000709,0,0.0009744241032883249,0,0.4906974079980775,available
wa-test-000710,0,0.0005288975801901961,0,0.4906974079980775,available
wa-test-000711,0,0.014741068347976866,0,0.4906974079980775,available
wa-test-000712,0,0.003500162351730761,0,0.4906974079980775,available
wa-test-000713,0,0.0005260098442993237,0,0.4906974079980775,available
wa-test-000714,0,0.0028669071243430295,0,0.4906974079980775,available
wa-test-000715,0,0.007872716921418232,0,0.4906974079980775,available
wa-test-000716,0,0.0017606885215285708,0,0.4906974079980775,available
wa-test-000717,0,0.15707888155470245,0,0.4906974079980775,available
wa-test-000718,0,0.009624653632182772,0,0.4906974079980775,available
wa-test-000719,1,0.9810533981113501,1,0.4906974079980775,available
wa-test-000720,0,0.0029776508307819798,0,0.4906974079980775,available
wa-test-000721,0,0.002886408593031442,0,0.4906974079980775,available
wa-test-000722,0,0.0023422426913005585,0,0.4906974079980775,available
wa-test-000723,0,0.0007860720886084555,0,0.4906974079980775,available
wa-test-000724,0,0.025418911917994773,0,0.4906974079980775,available
wa-test-000725,0,0.0011109620897617814,0,0.4906974079980775,available
wa-test-000726,0,0.0003579927155605187,0,0.4906974079980775,available
wa-test-000727,0,0.0009348149336499855,0,0.4906974079980775,available
wa-test-000728,0,0.00720803027220308,0,0.4906974079980775,available
wa-test-000729,1,0.9961037613429076,1,0.4906974079980775,available
wa-test-000730,0,0.0021514236191214086,0,0.4906974079980775,available
wa-test-000731,0,0.08512379838511926,0,0.4906974079980775,available
wa-test-000732,1,0.9863494980001384,1,0.4906974079980775,available
wa-test-000733,0,0.01529335338394636,0,0.4906974079980775,available
wa-test-000734,0,0.0004114760739329638,0,0.4906974079980775,available
wa-test-000735,0,0.0025809266651627967,0,0.4906974079980775,available
wa-test-000736,0,0.006728190607916163,0,0.4906974079980775,available
wa-test-000737,0,0.006078188202892245,0,0.4906974079980775,available
wa-test-000738,1,0.7168503506634881,1,0.4906974079980775,available
wa-test-000739,0,0.0026079301161191083,0,0.4906974079980775,available
wa-test-000740,0,0.0013295647694489161,0,0.4906974079980775,available
wa-test-000741,0,0.001582626795737464,0,0.4906974079980775,available
wa-test-000742,0,0.0005984854843213721,0,0.4906974079980775,available
wa-test-000743,0,0.001050191235623784,0,0.4906974079980775,available
wa-test-000744,0,0.021827587535586033,0,0.4906974079980775,available
wa-test-000745,0,0.2429951397703045,0,0.4906974079980775,available
wa-test-000746,0,0.00040685370523429424,0,0.4906974079980775,available
wa-test-000747,0,0.0023924254280351703,0,0.4906974079980775,available
wa-test-000748,0,0.0006600117687815683,0,0.4906974079980775,available
wa-test-000749,0,4.206777456858478e-05,0,0.4906974079980775,available
wa-test-000750,0,0.00040216313890638203,0,0.4906974079980775,available
wa-test-000751,0,0.0014523440960159497,0,0.4906974079980775,available
wa-test-000752,0,0.0012935235494552894,0,0.4906974079980775,available
wa-test-000753,0,0.0009684399841830788,0,0.4906974079980775,available
wa-test-000754,0,0.0007172624273627099,0,0.4906974079980775,available
wa-test-000755,0,0.0015848354057122376,0,0.4906974079980775,available
wa-test-000756,0,0.005724580313920173,0,0.4906974079980775,available
wa-test-000757,0,0.0009799048506370345,0,0.4906974079980775,available
wa-test-000758,0,0.017910017485071435,0,0.4906974079980775,available
wa-test-000759,0,0.0034351466487869426,0,0.4906974079980775,available
wa-test-000760,1,0.9985269874465132,1,0.4906974079980775,available
wa-test-000761,0,0.0003853271423613051,0,0.4906974079980775,available
wa-test-000762,0,0.3128688642046171,0,0.4906974079980775,available
wa-test-000763,0,0.0019072822657598015,0,0.4906974079980775,available
wa-test-000764,0,0.0005462770937854803,0,0.4906974079980775,available
wa-test-000765,0,0.0006953647549857825,0,0.4906974079980775,available
wa-test-000766,0,0.5082124861159759,1,0.4906974079980775,available
wa-test-000767,0,0.0003525585137509638,0,0.4906974079980775,available
wa-test-000768,0,0.018032671337259647,0,0.4906974079980775,available
wa-test-000769,0,0.003387256410160366,0,0.4906974079980775,available
wa-test-000770,0,0.2253124584606967,0,0.4906974079980775,available
wa-test-000771,0,0.000671367942432595,0,0.4906974079980775,available
wa-test-000772,0,0.009097755434456237,0,0.4906974079980775,available
wa-test-000773,1,0.9923334298557359,1,0.4906974079980775,available
wa-test-000774,0,0.0006435731132825632,0,0.4906974079980775,available
wa-test-000775,0,0.002189585601226798,0,0.4906974079980775,available
wa-test-000776,0,0.24526722111689828,0,0.4906974079980775,available
wa-test-000777,0,7.558696229951972e-05,0,0.4906974079980775,available
wa-test-000778,0,0.002758519248867511,0,0.4906974079980775,available
wa-test-000779,0,0.055821603098472776,0,0.4906974079980775,available
wa-test-000780,0,0.011093456146662833,0,0.4906974079980775,available
wa-test-000781,0,0.0010325378104627384,0,0.4906974079980775,available
wa-test-000782,0,0.02116620072482446,0,0.4906974079980775,available
wa-test-000783,1,0.9969471802137259,1,0.4906974079980775,available
wa-test-000784,0,0.006004350075811546,0,0.4906974079980775,available
wa-test-000785,0,0.0009340744564024563,0,0.4906974079980775,available
wa-test-000786,0,0.000983208835493845,0,0.4906974079980775,available
wa-test-000787,0,0.00018622376780765346,0,0.4906974079980775,available
wa-test-000788,0,0.0008471248106976053,0,0.4906974079980775,available
wa-test-000789,0,0.01711579994594953,0,0.4906974079980775,available
wa-test-000790,0,0.016709543399510557,0,0.4906974079980775,available
wa-test-000791,0,0.00327542927936919,0,0.4906974079980775,available
wa-test-000792,0,0.002231080731746415,0,0.4906974079980775,available
wa-test-000793,0,0.0013945619871357892,0,0.4906974079980775,available
wa-test-000794,0,0.0028959810583343774,0,0.4906974079980775,available
wa-test-000795,1,0.018348620002147275,0,0.4906974079980775,available
wa-test-000796,0,0.0022385882613189636,0,0.4906974079980775,available
wa-test-000797,0,0.10995843747282635,0,0.4906974079980775,available
wa-test-000798,0,0.0023335522724990602,0,0.4906974079980775,available
wa-test-000799,0,0.000859985787339183,0,0.4906974079980775,available
wa-test-000800,0,0.0005527997544327313,0,0.4906974079980775,available
wa-test-000801,0,0.05316200268896936,0,0.4906974079980775,available
wa-test-000802,0,0.005444347011601331,0,0.4906974079980775,available
wa-test-000803,1,0.9995183470763299,1,0.4906974079980775,available
wa-test-000804,0,0.0007680967914419704,0,0.4906974079980775,available
wa-test-000805,1,0.981961246220182,1,0.4906974079980775,available
wa-test-000806,0,0.004080460909695695,0,0.4906974079980775,available
wa-test-000807,0,0.022555074022214943,0,0.4906974079980775,available
wa-test-000808,0,0.47870672286108995,0,0.4906974079980775,available
wa-test-000809,0,0.0012141715729444516,0,0.4906974079980775,available
wa-test-000810,0,0.0010410540080333056,0,0.4906974079980775,available
wa-test-000811,0,0.003330592409262456,0,0.4906974079980775,available
wa-test-000812,0,0.06695380283716593,0,0.4906974079980775,available
wa-test-000813,0,0.0019777496040754897,0,0.4906974079980775,available
wa-test-000814,1,0.9004529875137011,1,0.4906974079980775,available
wa-test-000815,0,0.004640174891295487,0,0.4906974079980775,available
wa-test-000816,1,0.9982796543544763,1,0.4906974079980775,available
wa-test-000817,0,0.001920209944756033,0,0.4906974079980775,available
wa-test-000818,0,0.0035218136573064033,0,0.4906974079980775,available
wa-test-000819,0,0.0664393724036749,0,0.4906974079980775,available
wa-test-000820,0,0.006769359058377378,0,0.4906974079980775,available
wa-test-000821,0,0.00184766099733085,0,0.4906974079980775,available
wa-test-000822,0,0.0011392178917275918,0,0.4906974079980775,available
wa-test-000823,0,0.22177367593058198,0,0.4906974079980775,available
wa-test-000824,0,0.008010297747620035,0,0.4906974079980775,available
wa-test-000825,0,0.005899233859638915,0,0.4906974079980775,available
wa-test-000826,0,5.5077866341443674e-05,0,0.4906974079980775,available
wa-test-000827,0,0.031638652300988786,0,0.4906974079980775,available
wa-test-000828,0,0.0011156355266523981,0,0.4906974079980775,available
wa-test-000829,0,0.021993829649639897,0,0.4906974079980775,available
wa-test-000830,0,0.0024624097289487885,0,0.4906974079980775,available
wa-test-000831,0,0.0006760291577468653,0,0.4906974079980775,available
wa-test-000832,0,0.001214494363324156,0,0.4906974079980775,available
wa-test-000833,0,0.014423042056427608,0,0.4906974079980775,available
wa-test-000834,0,0.009140063798757462,0,0.4906974079980775,available
wa-test-000835,0,0.003209918537409243,0,0.4906974079980775,available
wa-test-000836,0,0.0037999139708022,0,0.4906974079980775,available
wa-test-000837,1,0.9919346306563943,1,0.4906974079980775,available
wa-test-000838,0,0.0076547268243280986,0,0.4906974079980775,available
wa-test-000839,0,0.0021750703691257533,0,0.4906974079980775,available
wa-test-000840,0,8.646848550540869e-05,0,0.4906974079980775,available
wa-test-000841,0,0.0012003219872903897,0,0.4906974079980775,available
wa-test-000842,1,0.9946637028028035,1,0.4906974079980775,available
wa-test-000843,0,4.4909688721504144e-05,0,0.4906974079980775,available
wa-test-000844,0,5.957640554267408e-05,0,0.4906974079980775,available
wa-test-000845,0,0.0030069939937421384,0,0.4906974079980775,available
wa-test-000846,0,0.0001814572628689467,0,0.4906974079980775,available
wa-test-000847,0,0.0008559522073897083,0,0.4906974079980775,available
wa-test-000848,0,0.00023547452451356415,0,0.4906974079980775,available
wa-test-000849,1,0.9996307471424111,1,0.4906974079980775,available
wa-test-000850,0,0.5665467215918651,1,0.4906974079980775,available
wa-test-000851,0,0.11487172419223866,0,0.4906974079980775,available
wa-test-000852,0,0.0013955879061639076,0,0.4906974079980775,available
wa-test-000853,0,0.0039950783463498655,0,0.4906974079980775,available
wa-test-000854,0,0.004033746961518935,0,0.4906974079980775,available
wa-test-000855,0,0.00966374161472811,0,0.4906974079980775,available
wa-test-000856,0,0.061635681857637105,0,0.4906974079980775,available
wa-test-000857,0,0.000180477103852762,0,0.4906974079980775,available
wa-test-000858,0,0.00045926330698652746,0,0.4906974079980775,available
wa-test-000859,1,0.998717603448819,1,0.4906974079980775,available
wa-test-000860,0,0.007848737885056982,0,0.4906974079980775,available
wa-test-000861,0,0.00034930010828368094,0,0.4906974079980775,available
wa-test-000862,0,0.0017452889100225545,0,0.4906974079980775,available
wa-test-000863,0,0.00021884135764934935,0,0.4906974079980775,available
wa-test-000864,0,0.00182646856299965,0,0.4906974079980775,available
wa-test-000865,0,0.0021594827954110026,0,0.4906974079980775,available
wa-test-000866,0,0.04918550620560486,0,0.4906974079980775,available
wa-test-000867,0,0.006416848974373749,0,0.4906974079980775,available
wa-test-000868,0,0.15848014033608535,0,0.4906974079980775,available
wa-test-000869,0,0.00159103423733262,0,0.4906974079980775,available
wa-test-000870,0,1.9122381644140424e-05,0,0.4906974079980775,available
wa-test-000871,0,0.0021293233482677547,0,0.4906974079980775,available
wa-test-000872,0,0.4349009848579524,0,0.4906974079980775,available
wa-test-000873,0,0.00174303077385657,0,0.4906974079980775,available
wa-test-000874,1,0.9972533101848929,1,0.4906974079980775,available
wa-test-000875,0,0.0009090201865381475,0,0.4906974079980775,available
wa-test-000876,0,0.001772296400181969,0,0.4906974079980775,available
wa-test-000877,0,0.001043113295233741,0,0.4906974079980775,available
wa-test-000878,1,0.995871962029578,1,0.4906974079980775,available
wa-test-000879,0,0.0010509188659308427,0,0.4906974079980775,available
wa-test-000880,0,0.0011257252228535461,0,0.4906974079980775,available
wa-test-000881,0,0.006360784718580501,0,0.4906974079980775,available
wa-test-000882,0,0.000900227872191083,0,0.4906974079980775,available
wa-test-000883,0,0.00016042533970130602,0,0.4906974079980775,available
wa-test-000884,1,0.9286409016291446,1,0.4906974079980775,available
wa-test-000885,1,0.9908530365977881,1,0.4906974079980775,available
wa-test-000886,0,0.004137628469956962,0,0.4906974079980775,available
wa-test-000887,0,0.0006727490529478689,0,0.4906974079980775,available
wa-test-000888,0,0.0008259010804064319,0,0.4906974079980775,available
wa-test-000889,0,0.006543534023918024,0,0.4906974079980775,available
wa-test-000890,0,0.010296033013720585,0,0.4906974079980775,available
wa-test-000891,0,0.016907574048376076,0,0.4906974079980775,available
wa-test-000892,0,0.00020959429792332757,0,0.4906974079980775,available
wa-test-000893,0,0.015901147995619275,0,0.4906974079980775,available
wa-test-000894,0,0.0010121146884385828,0,0.4906974079980775,available
wa-test-000895,0,0.0007173674609599266,0,0.4906974079980775,available
wa-test-000896,0,0.0004526725381359522,0,0.4906974079980775,available
wa-test-000897,0,0.029832717709483463,0,0.4906974079980775,available
wa-test-000898,0,9.22821256367511e-05,0,0.4906974079980775,available
wa-test-000899,0,0.004421810129360732,0,0.4906974079980775,available
wa-test-000900,0,0.020509053515930006,0,0.4906974079980775,available
wa-test-000901,0,0.0013445191548118497,0,0.4906974079980775,available
wa-test-000902,0,0.0057234241269144654,0,0.4906974079980775,available
wa-test-000903,0,0.0013679316087393482,0,0.4906974079980775,available
wa-test-000904,0,0.005420197422418899,0,0.4906974079980775,available
wa-test-000905,0,0.0007540295856756969,0,0.4906974079980775,available
wa-test-000906,0,0.012190312494002417,0,0.4906974079980775,available
wa-test-000907,0,0.001902960891111912,0,0.4906974079980775,available
wa-test-000908,0,0.005198167150121051,0,0.4906974079980775,available
wa-test-000909,0,0.008274220912684508,0,0.4906974079980775,available
wa-test-000910,0,1.757437874235836e-05,0,0.4906974079980775,available
wa-test-000911,0,0.16339102413925843,0,0.4906974079980775,available
wa-test-000912,1,0.9912046237255662,1,0.4906974079980775,available
wa-test-000913,1,0.9986144983447262,1,0.4906974079980775,available
wa-test-000914,0,0.0023087520957066378,0,0.4906974079980775,available
wa-test-000915,0,0.017448846187812776,0,0.4906974079980775,available
wa-test-000916,0,0.00127265296509483,0,0.4906974079980775,available
wa-test-000917,0,3.1971884776935225e-05,0,0.4906974079980775,available
wa-test-000918,0,0.0028924625931372266,0,0.4906974079980775,available
wa-test-000919,0,0.0004963978910920047,0,0.4906974079980775,available
wa-test-000920,0,0.06457484413541163,0,0.4906974079980775,available
wa-test-000921,0,0.002349094987963544,0,0.4906974079980775,available
wa-test-000922,0,0.00014111372296439265,0,0.4906974079980775,available
wa-test-000923,0,0.0012994216832080973,0,0.4906974079980775,available
wa-test-000924,0,0.04107485931150355,0,0.4906974079980775,available
wa-test-000925,0,0.011926686587824854,0,0.4906974079980775,available
wa-test-000926,0,0.003110233636045029,0,0.4906974079980775,available
wa-test-000927,0,0.001956524975194088,0,0.4906974079980775,available
wa-test-000928,0,0.01815373250286431,0,0.4906974079980775,available
wa-test-000929,0,0.0020090134641629347,0,0.4906974079980775,available
wa-test-000930,0,5.078012954372538e-05,0,0.4906974079980775,available
wa-test-000931,0,0.013345908425204705,0,0.4906974079980775,available
wa-test-000932,0,0.010184901641839737,0,0.4906974079980775,available
wa-test-000933,1,0.9810963634415211,1,0.4906974079980775,available
wa-test-000934,0,0.002090321887866009,0,0.4906974079980775,available
wa-test-000935,0,0.0009427091707273256,0,0.4906974079980775,available
wa-test-000936,0,0.0006605917664125455,0,0.4906974079980775,available
wa-test-000937,0,0.001674482918776293,0,0.4906974079980775,available
wa-test-000938,0,0.0008606312239535858,0,0.4906974079980775,available
wa-test-000939,0,0.000977103019341422,0,0.4906974079980775,available
wa-test-000940,0,0.0014980109858108985,0,0.4906974079980775,available
wa-test-000941,0,0.0023961012261008853,0,0.4906974079980775,available
wa-test-000942,0,0.0009126037206539368,0,0.4906974079980775,available
wa-test-000943,0,0.0004313423986498379,0,0.4906974079980775,available
wa-test-000944,0,4.0357715601544214e-05,0,0.4906974079980775,available
wa-test-000945,0,0.0002588557761736196,0,0.4906974079980775,available
wa-test-000946,0,0.0050482568432787785,0,0.4906974079980775,available
wa-test-000947,0,0.011094472879339838,0,0.4906974079980775,available
wa-test-000948,0,0.0005633706590329806,0,0.4906974079980775,available
wa-test-000949,0,0.00044778987026940437,0,0.4906974079980775,available
wa-test-000950,0,0.00041141046252384444,0,0.4906974079980775,available
wa-test-000951,0,0.0007603100512472333,0,0.4906974079980775,available
wa-test-000952,0,0.023897416554691492,0,0.4906974079980775,available
wa-test-000953,0,0.012781667198472364,0,0.4906974079980775,available
wa-test-000954,0,0.001779097661846079,0,0.4906974079980775,available
wa-test-000955,0,0.0029472609654987835,0,0.4906974079980775,available
wa-test-000956,0,0.0030352725843777015,0,0.4906974079980775,available
wa-test-000957,0,0.0008423248022873797,0,0.4906974079980775,available
wa-test-000958,0,0.0026711531879596902,0,0.4906974079980775,available
wa-test-000959,0,0.0006013037445414116,0,0.4906974079980775,available
wa-test-000960,0,0.0012770911623019904,0,0.4906974079980775,available
wa-test-000961,0,0.03037173174776497,0,0.4906974079980775,available
wa-test-000962,0,0.002238663751496976,0,0.4906974079980775,available
wa-test-000963,0,0.002741530292774076,0,0.4906974079980775,available
wa-test-000964,0,0.0017521270610749721,0,0.4906974079980775,available
wa-test-000965,1,0.06192382391700583,0,0.4906974079980775,available
wa-test-000966,0,0.001333762655903386,0,0.4906974079980775,available
wa-test-000967,0,0.0002179241531264748,0,0.4906974079980775,available
wa-test-000968,0,0.0008817715985684403,0,0.4906974079980775,available
wa-test-000969,0,0.20404368424945973,0,0.4906974079980775,available
wa-test-000970,0,0.0009734946962669093,0,0.4906974079980775,available
wa-test-000971,0,0.0013185378760412648,0,0.4906974079980775,available
wa-test-000972,0,0.00928879208255949,0,0.4906974079980775,available
wa-test-000973,0,0.006054174306450296,0,0.4906974079980775,available
wa-test-000974,0,0.017616773586290525,0,0.4906974079980775,available
wa-test-000975,0,0.012679640141639071,0,0.4906974079980775,available
wa-test-000976,0,0.0025031770099010714,0,0.4906974079980775,available
wa-test-000977,0,0.001222016657431631,0,0.4906974079980775,available
wa-test-000978,1,0.9838665970083317,1,0.4906974079980775,available
wa-test-000979,0,0.0016889363093100169,0,0.4906974079980775,available
wa-test-000980,0,0.0015711618075401905,0,0.4906974079980775,available
wa-test-000981,0,0.6398911094461481,1,0.4906974079980775,available
wa-test-000982,0,0.0018210566445601894,0,0.4906974079980775,available
wa-test-000983,1,0.9982613724523137,1,0.4906974079980775,available
wa-test-000984,1,0.044573753280768146,0,0.4906974079980775,available
wa-test-000985,0,0.005511169881054545,0,0.4906974079980775,available
wa-test-000986,0,0.02607210878079996,0,0.4906974079980775,available
wa-test-000987,1,0.9969188300272205,1,0.4906974079980775,available
wa-test-000988,0,0.04565750943564056,0,0.4906974079980775,available
wa-test-000989,1,0.9986677430393841,1,0.4906974079980775,available
wa-test-000990,0,0.0037567861862791295,0,0.4906974079980775,available
wa-test-000991,0,0.0075275303764572934,0,0.4906974079980775,available
wa-test-000992,0,0.0007913550034362218,0,0.4906974079980775,available
wa-test-000993,0,0.002600287417043669,0,0.4906974079980775,available
wa-test-000994,0,0.0010453062152628418,0,0.4906974079980775,available
wa-test-000995,0,0.018419671642337012,0,0.4906974079980775,available
wa-test-000996,0,0.00010347933713657117,0,0.4906974079980775,available
wa-test-000997,0,0.004023308615834362,0,0.4906974079980775,available
wa-test-000998,0,0.0051883322846922484,0,0.4906974079980775,available
wa-test-000999,0,4.6841168881722017e-05,0,0.4906974079980775,available
wa-test-001000,0,0.0014888810955513687,0,0.4906974079980775,available
wa-test-001001,0,0.00023873506293856707,0,0.4906974079980775,available
wa-test-001002,0,0.009381542163078155,0,0.4906974079980775,available
wa-test-001003,1,0.9375539147699911,1,0.4906974079980775,available
wa-test-001004,0,0.0033726208082578593,0,0.4906974079980775,available
wa-test-001005,0,0.0006426620200507078,0,0.4906974079980775,available
wa-test-001006,0,0.010159572471247566,0,0.4906974079980775,available
wa-test-001007,0,0.0035949174054956965,0,0.4906974079980775,available
wa-test-001008,0,0.0001512386969255472,0,0.4906974079980775,available
wa-test-001009,0,1.654321094830111e-05,0,0.4906974079980775,available
wa-test-001010,0,0.0021594827954110026,0,0.4906974079980775,available
wa-test-001011,0,0.00024245306512650852,0,0.4906974079980775,available
wa-test-001012,0,0.01796697803882115,0,0.4906974079980775,available
wa-test-001013,0,0.0010919482311146954,0,0.4906974079980775,available
wa-test-001014,0,0.0005237983920257052,0,0.4906974079980775,available
wa-test-001015,0,0.002243419299028222,0,0.4906974079980775,available
wa-test-001016,1,0.9973118261630713,1,0.4906974079980775,available
wa-test-001017,0,0.030796372229533166,0,0.4906974079980775,available
wa-test-001018,0,0.004521516276793571,0,0.4906974079980775,available
wa-test-001019,0,0.0018732386457395445,0,0.4906974079980775,available
wa-test-001020,1,0.9952811036716803,1,0.4906974079980775,available
wa-test-001021,1,0.998992421422794,1,0.4906974079980775,available
wa-test-001022,0,0.0012532803592879308,0,0.4906974079980775,available
wa-test-001023,0,0.0012553275764262345,0,0.4906974079980775,available
wa-test-001024,0,0.004322908253951932,0,0.4906974079980775,available
wa-test-001025,0,0.0006857972681504309,0,0.4906974079980775,available
wa-test-001026,0,0.002581591694239907,0,0.4906974079980775,available
wa-test-001027,0,0.003567923292662719,0,0.4906974079980775,available
wa-test-001028,0,0.002286813437979373,0,0.4906974079980775,available
wa-test-001029,0,0.0030261966123879464,0,0.4906974079980775,available
wa-test-001030,0,0.004733454129992006,0,0.4906974079980775,available
wa-test-001031,0,0.0006507089350310662,0,0.4906974079980775,available
wa-test-001032,0,0.0005908149218704453,0,0.4906974079980775,available
wa-test-001033,0,0.0013973061106536653,0,0.4906974079980775,available
wa-test-001034,0,0.005667815221799231,0,0.4906974079980775,available
wa-test-001035,0,0.001330093404031662,0,0.4906974079980775,available
wa-test-001036,0,0.0006859394026468905,0,0.4906974079980775,available
wa-test-001037,0,0.0014999977890615013,0,0.4906974079980775,available
wa-test-001038,0,0.005682126204515635,0,0.4906974079980775,available
wa-test-001039,0,0.001867806457144687,0,0.4906974079980775,available
wa-test-001040,0,0.37793033389400255,0,0.4906974079980775,available
wa-test-001041,0,0.36294018175915155,0,0.4906974079980775,available
wa-test-001042,0,0.0038172188143194927,0,0.4906974079980775,available
wa-test-001043,1,0.9987770242202343,1,0.4906974079980775,available
wa-test-001044,0,0.004675913266214902,0,0.4906974079980775,available
wa-test-001045,0,0.015883868951956422,0,0.4906974079980775,available
wa-test-001046,1,0.8762036011448306,1,0.4906974079980775,available
wa-test-001047,0,0.008072845049430361,0,0.4906974079980775,available
wa-test-001048,0,0.025150102440626515,0,0.4906974079980775,available
wa-test-001049,0,0.02580411167967301,0,0.4906974079980775,available
wa-test-001050,0,0.9549691039478976,1,0.4906974079980775,available
wa-test-001051,0,0.0004749331718175361,0,0.4906974079980775,available
wa-test-001052,0,0.0033357273986710126,0,0.4906974079980775,available
wa-test-001053,0,0.001362512615491882,0,0.4906974079980775,available
wa-test-001054,0,0.003928963452215023,0,0.4906974079980775,available
wa-test-001055,0,0.05364354980758035,0,0.4906974079980775,available
wa-test-001056,0,0.002777712202570346,0,0.4906974079980775,available
wa-test-001057,1,0.9977167379069517,1,0.4906974079980775,available
wa-test-001058,0,0.0029787911764577344,0,0.4906974079980775,available
wa-test-001059,0,0.0007206423250741064,0,0.4906974079980775,available
wa-test-001060,0,0.007189020206272244,0,0.4906974079980775,available
wa-test-001061,0,0.001061688602969092,0,0.4906974079980775,available
wa-test-001062,0,0.006744789459519693,0,0.4906974079980775,available
wa-test-001063,0,0.00947755892623331,0,0.4906974079980775,available
wa-test-001064,0,0.023739512486625074,0,0.4906974079980775,available
wa-test-001065,0,0.0031907675912265392,0,0.4906974079980775,available
wa-test-001066,1,0.9994701838616943,1,0.4906974079980775,available
wa-test-001067,0,0.0036650926687563884,0,0.4906974079980775,available
wa-test-001068,0,0.00025834353607573476,0,0.4906974079980775,available
wa-test-001069,0,0.0033249353498631313,0,0.4906974079980775,available
wa-test-001070,0,0.000567497089714294,0,0.4906974079980775,available
wa-test-001071,0,0.000467483260936772,0,0.4906974079980775,available
wa-test-001072,0,0.008265113475403298,0,0.4906974079980775,available
wa-test-001073,0,0.001513630243085889,0,0.4906974079980775,available
wa-test-001074,0,2.5181176711935552e-05,0,0.4906974079980775,available
wa-test-001075,0,0.0008134592640670133,0,0.4906974079980775,available
wa-test-001076,0,0.0014441229743571249,0,0.4906974079980775,available
wa-test-001077,0,0.0012753000943160492,0,0.4906974079980775,available
wa-test-001078,0,0.010116949849433465,0,0.4906974079980775,available
wa-test-001079,0,0.0002773524827099901,0,0.4906974079980775,available
wa-test-001080,0,0.002588361529582607,0,0.4906974079980775,available
wa-test-001081,0,0.0018608028840160114,0,0.4906974079980775,available
wa-test-001082,0,0.001769263600205582,0,0.4906974079980775,available
wa-test-001083,0,0.002166461661806763,0,0.4906974079980775,available
wa-test-001084,0,0.23353705015864087,0,0.4906974079980775,available
wa-test-001085,0,0.0014159912079337524,0,0.4906974079980775,available
wa-test-001086,0,0.0010743655086932241,0,0.4906974079980775,available
wa-test-001087,0,0.03544715195610812,0,0.4906974079980775,available
wa-test-001088,0,0.0009778428848863279,0,0.4906974079980775,available
wa-test-001089,0,0.0009752967009708543,0,0.4906974079980775,available
wa-test-001090,0,0.007171860569535039,0,0.4906974079980775,available
wa-test-001091,0,0.0007736408720122371,0,0.4906974079980775,available
wa-test-001092,0,0.0027366370937062347,0,0.4906974079980775,available
wa-test-001093,0,0.002837995358345835,0,0.4906974079980775,available
wa-test-001094,0,0.0023453515535541846,0,0.4906974079980775,available
wa-test-001095,0,0.007672872885915279,0,0.4906974079980775,available
wa-test-001096,0,0.0013796217488814357,0,0.4906974079980775,available
wa-test-001097,0,0.5794005819402979,1,0.4906974079980775,available
wa-test-001098,0,0.028131848904620872,0,0.4906974079980775,available
wa-test-001099,0,0.013852352466975835,0,0.4906974079980775,available
wa-test-001100,0,0.0014534475835575394,0,0.4906974079980775,available
wa-test-001101,0,0.012069206444765003,0,0.4906974079980775,available
wa-test-001102,0,0.10421921903177182,0,0.4906974079980775,available
wa-test-001103,0,0.010449133050492148,0,0.4906974079980775,available
wa-test-001104,0,0.0026135112423497178,0,0.4906974079980775,available
wa-test-001105,0,0.003578788793321895,0,0.4906974079980775,available
wa-test-001106,0,0.00031988369748840425,0,0.4906974079980775,available
wa-test-001107,0,0.0010766109792454967,0,0.4906974079980775,available
wa-test-001108,0,0.0002497486101673501,0,0.4906974079980775,available
wa-test-001109,1,0.9977572120820225,1,0.4906974079980775,available
wa-test-001110,0,0.008482448898554252,0,0.4906974079980775,available
wa-test-001111,0,0.0004519118971910253,0,0.4906974079980775,available
wa-test-001112,0,0.00036483386347897214,0,0.4906974079980775,available
wa-test-001113,0,0.01583724064128159,0,0.4906974079980775,available
wa-test-001114,0,0.2913277398336537,0,0.4906974079980775,available
wa-test-001115,0,0.0007779865064406629,0,0.4906974079980775,available
wa-test-001116,0,0.018651945895957183,0,0.4906974079980775,available
wa-test-001117,0,0.0014992352365453482,0,0.4906974079980775,available
wa-test-001118,0,0.005165382243351223,0,0.4906974079980775,available
wa-test-001119,0,0.006392869853632232,0,0.4906974079980775,available
wa-test-001120,0,0.0027355276181782466,0,0.4906974079980775,available
wa-test-001121,0,0.00040683787186140133,0,0.4906974079980775,available
wa-test-001122,0,0.0010726676234875856,0,0.4906974079980775,available
wa-test-001123,0,0.05307705648121198,0,0.4906974079980775,available
wa-test-001124,0,0.15566157595198907,0,0.4906974079980775,available
wa-test-001125,0,0.0005140254446461776,0,0.4906974079980775,available
wa-test-001126,0,0.00083757408286837,0,0.4906974079980775,available
wa-test-001127,0,0.0022017708851343994,0,0.4906974079980775,available
wa-test-001128,0,0.0008858682408559649,0,0.4906974079980775,available
wa-test-001129,0,0.0017350291592883955,0,0.4906974079980775,available
wa-test-001130,0,4.1089750848740116e-05,0,0.4906974079980775,available
wa-test-001131,0,8.112743385777409e-05,0,0.4906974079980775,available
wa-test-001132,0,4.688927930075078e-05,0,0.4906974079980775,available
wa-test-001133,0,0.0018403269154803957,0,0.4906974079980775,available
wa-test-001134,1,0.9017705338985674,1,0.4906974079980775,available
wa-test-001135,0,0.003544460383467436,0,0.4906974079980775,available
wa-test-001136,0,0.0022527051413451598,0,0.4906974079980775,available
wa-test-001137,0,0.22591584052075434,0,0.4906974079980775,available
wa-test-001138,0,0.001621876381807488,0,0.4906974079980775,available
wa-test-001139,0,0.0004928124645674533,0,0.4906974079980775,available
wa-test-001140,0,0.0035367255623039977,0,0.4906974079980775,available
wa-test-001141,0,0.007028039162870099,0,0.4906974079980775,available
wa-test-001142,0,0.008357590272770467,0,0.4906974079980775,available
wa-test-001143,0,0.0008599468430872737,0,0.4906974079980775,available
wa-test-001144,0,0.01736831001450983,0,0.4906974079980775,available
wa-test-001145,1,0.9960767330363338,1,0.4906974079980775,available
wa-test-001146,0,0.0005002251236662804,0,0.4906974079980775,available
wa-test-001147,0,0.0037891501082205304,0,0.4906974079980775,available
wa-test-001148,0,0.007423104894009067,0,0.4906974079980775,available
wa-test-001149,0,0.027482323934865032,0,0.4906974079980775,available
wa-test-001150,0,0.004907754504835125,0,0.4906974079980775,available
wa-test-001151,0,0.00042637994560278916,0,0.4906974079980775,available
wa-test-001152,0,0.0011424212985926695,0,0.4906974079980775,available
wa-test-001153,0,0.002111930751247975,0,0.4906974079980775,available
wa-test-001154,0,0.025847144170045362,0,0.4906974079980775,available
wa-test-001155,1,0.954578713298029,1,0.4906974079980775,available
wa-test-001156,0,0.0023520100269427894,0,0.4906974079980775,available
wa-test-001157,0,0.002461963728507819,0,0.4906974079980775,available
wa-test-001158,1,0.8809004627794764,1,0.4906974079980775,available
wa-test-001159,0,0.0019173969640011107,0,0.4906974079980775,available
wa-test-001160,1,0.997810246584366,1,0.4906974079980775,available
wa-test-001161,1,0.9997150097797837,1,0.4906974079980775,available
wa-test-001162,0,0.0010925116545951027,0,0.4906974079980775,available
wa-test-001163,0,0.005317987012243813,0,0.4906974079980775,available
wa-test-001164,0,0.002903223601075222,0,0.4906974079980775,available
wa-test-001165,0,0.00071816478523671,0,0.4906974079980775,available
wa-test-001166,0,0.0033475159887573222,0,0.4906974079980775,available
wa-test-001167,0,0.005541134287064398,0,0.4906974079980775,available
wa-test-001168,0,0.0022429644192195237,0,0.4906974079980775,available
wa-test-001169,0,0.023225418218728366,0,0.4906974079980775,available
wa-test-001170,0,7.907637413620609e-05,0,0.4906974079980775,available
wa-test-001171,0,0.7131813926950049,1,0.4906974079980775,available
wa-test-001172,0,0.0001113646152661252,0,0.4906974079980775,available
wa-test-001173,0,0.10280049727397118,0,0.4906974079980775,available
wa-test-001174,0,0.0033193454734047746,0,0.4906974079980775,available
wa-test-001175,1,0.9996075840089685,1,0.4906974079980775,available
wa-test-001176,0,1.6392651848196234e-05,0,0.4906974079980775,available
wa-test-001177,0,0.001740085612054982,0,0.4906974079980775,available
wa-test-001178,0,0.004050861867368714,0,0.4906974079980775,available
wa-test-001179,0,0.0015763207504064483,0,0.4906974079980775,available
wa-test-001180,0,0.002799782328880792,0,0.4906974079980775,available
wa-test-001181,0,0.2035933800912882,0,0.4906974079980775,available
wa-test-001182,0,0.022452462052055387,0,0.4906974079980775,available
wa-test-001183,1,0.9973455596078445,1,0.4906974079980775,available
wa-test-001184,1,0.9994866003932313,1,0.4906974079980775,available
wa-test-001185,0,4.848923759500218e-05,0,0.4906974079980775,available
wa-test-001186,0,0.0021809852782434937,0,0.4906974079980775,available
wa-test-001187,0,5.3917435919948676e-05,0,0.4906974079980775,available
wa-test-001188,0,0.06488130421944241,0,0.4906974079980775,available
wa-test-001189,0,0.0028889055075758683,0,0.4906974079980775,available
wa-test-001190,0,0.00042967914576483497,0,0.4906974079980775,available
wa-test-001191,0,0.0009423699323699523,0,0.4906974079980775,available
wa-test-001192,0,0.00025084645411890024,0,0.4906974079980775,available
wa-test-001193,1,0.9727541241843571,1,0.4906974079980775,available
wa-test-001194,0,0.0008299041428981963,0,0.4906974079980775,available
wa-test-001195,0,0.0016056254260354375,0,0.4906974079980775,available
wa-test-001196,0,0.0016678047451236682,0,0.4906974079980775,available
wa-test-001197,0,0.0002543727648397751,0,0.4906974079980775,available
wa-test-001198,0,7.195172650725722e-05,0,0.4906974079980775,available
wa-test-001199,0,0.00117775583660542,0,0.4906974079980775,available
wa-test-001200,0,0.030708092419077338,0,0.4906974079980775,available
wa-test-001201,0,0.0023552588888729052,0,0.4906974079980775,available
wa-test-001202,0,9.575497053442104e-05,0,0.4906974079980775,available
wa-test-001203,0,0.0013002082050027652,0,0.4906974079980775,available
wa-test-001204,0,0.016490433643885912,0,0.4906974079980775,available
wa-test-001205,0,0.002244074624921719,0,0.4906974079980775,available
wa-test-001206,0,0.00046012662435372285,0,0.4906974079980775,available
wa-test-001207,0,0.0024251366121078688,0,0.4906974079980775,available
wa-test-001208,0,0.0012925231621940562,0,0.4906974079980775,available
wa-test-001209,0,5.031572588272066e-05,0,0.4906974079980775,available
wa-test-001210,0,0.04907578921972702,0,0.4906974079980775,available
wa-test-001211,0,0.0017270476249988036,0,0.4906974079980775,available
wa-test-001212,1,0.9907791428038154,1,0.4906974079980775,available
wa-test-001213,0,0.0034089197309683963,0,0.4906974079980775,available
wa-test-001214,0,0.002739846559064483,0,0.4906974079980775,available
wa-test-001215,0,0.0001738448037404793,0,0.4906974079980775,available
wa-test-001216,0,0.006480239835342664,0,0.4906974079980775,available
wa-test-001217,0,0.002171717405173219,0,0.4906974079980775,available
wa-test-001218,0,0.004692539242367905,0,0.4906974079980775,available
wa-test-001219,0,0.0012681104896940993,0,0.4906974079980775,available
wa-test-001220,0,0.00410669554891321,0,0.4906974079980775,available
wa-test-001221,0,0.004768957894936141,0,0.4906974079980775,available
wa-test-001222,0,0.01663253966183663,0,0.4906974079980775,available
wa-test-001223,0,0.007225220766305589,0,0.4906974079980775,available
wa-test-001224,0,0.008527752202440026,0,0.4906974079980775,available
wa-test-001225,0,0.004559509538964237,0,0.4906974079980775,available
wa-test-001226,0,0.015102200679995617,0,0.4906974079980775,available
wa-test-001227,0,0.042954509001710654,0,0.4906974079980775,available
wa-test-001228,0,0.00020010156927063944,0,0.4906974079980775,available
wa-test-001229,0,0.006668335788568685,0,0.4906974079980775,available
wa-test-001230,0,0.015133801979604,0,0.4906974079980775,available
wa-test-001231,1,0.998297437929828,1,0.4906974079980775,available
wa-test-001232,0,0.0008277077150594607,0,0.4906974079980775,available
wa-test-001233,0,0.013328482115361305,0,0.4906974079980775,available
wa-test-001234,0,0.0053483711296987285,0,0.4906974079980775,available
wa-test-001235,0,0.0018863810598913355,0,0.4906974079980775,available
wa-test-001236,0,0.0009760101373744981,0,0.4906974079980775,available
wa-test-001237,1,0.954101724425231,1,0.4906974079980775,available
wa-test-001238,0,0.010135557518492974,0,0.4906974079980775,available
wa-test-001239,0,0.015160374426942352,0,0.4906974079980775,available
wa-test-001240,0,0.016535589096573905,0,0.4906974079980775,available
wa-test-001241,0,0.0030259292398869837,0,0.4906974079980775,available
wa-test-001242,0,0.005381969048100566,0,0.4906974079980775,available
wa-test-001243,0,1.638618592587047e-05,0,0.4906974079980775,available
wa-test-001244,0,0.016875870079835657,0,0.4906974079980775,available
wa-test-001245,0,0.0005488924125552273,0,0.4906974079980775,available
wa-test-001246,0,0.0033898137844230653,0,0.4906974079980775,available
wa-test-001247,0,0.0018689644258568813,0,0.4906974079980775,available
wa-test-001248,0,0.001308502170808081,0,0.4906974079980775,available
wa-test-001249,0,0.0037918821899612116,0,0.4906974079980775,available
wa-test-001250,0,0.004708368863961455,0,0.4906974079980775,available
wa-test-001251,0,0.0016307160841621897,0,0.4906974079980775,available
wa-test-001252,0,0.006137397042956109,0,0.4906974079980775,available
wa-test-001253,0,0.003718248618905412,0,0.4906974079980775,available
wa-test-001254,0,0.005349485637472291,0,0.4906974079980775,available
wa-test-001255,0,3.800367975078032e-05,0,0.4906974079980775,available
wa-test-001256,1,0.9957440600899888,1,0.4906974079980775,available
wa-test-001257,0,0.0021159221256977128,0,0.4906974079980775,available
wa-test-001258,0,0.0005411345545731609,0,0.4906974079980775,available
wa-test-001259,0,3.552328078378257e-05,0,0.4906974079980775,available
wa-test-001260,0,0.018152579900870745,0,0.4906974079980775,available
wa-test-001261,0,0.00020938012181967,0,0.4906974079980775,available
wa-test-001262,0,0.00032747031224611103,0,0.4906974079980775,available
wa-test-001263,0,0.0013439836195733898,0,0.4906974079980775,available
wa-test-001264,0,0.0007263268182098926,0,0.4906974079980775,available
wa-test-001265,0,0.007366177847756904,0,0.4906974079980775,available
wa-test-001266,0,0.027813621994480515,0,0.4906974079980775,available
wa-test-001267,0,0.010046835038376504,0,0.4906974079980775,available
wa-test-001268,0,0.0003823299165511745,0,0.4906974079980775,available
wa-test-001269,0,0.16973231419191429,0,0.4906974079980775,available
wa-test-001270,0,0.007180273583244666,0,0.4906974079980775,available
wa-test-001271,0,0.0041895749986288686,0,0.4906974079980775,available
wa-test-001272,0,0.0024634726606949397,0,0.4906974079980775,available
wa-test-001273,0,0.0012578918222002175,0,0.4906974079980775,available
wa-test-001274,0,0.01554265175644479,0,0.4906974079980775,available
wa-test-001275,0,0.047652605350215274,0,0.4906974079980775,available
wa-test-001276,0,0.006750028900843655,0,0.4906974079980775,available
wa-test-001277,1,0.9990872675077019,1,0.4906974079980775,available
wa-test-001278,0,6.369741058040138e-05,0,0.4906974079980775,available
wa-test-001279,0,0.014671313119195579,0,0.4906974079980775,available
wa-test-001280,0,0.0015354598906312654,0,0.4906974079980775,available
wa-test-001281,0,0.001820428338740178,0,0.4906974079980775,available
wa-test-001282,0,0.0022851201636165885,0,0.4906974079980775,available
wa-test-001283,0,5.724000041825533e-05,0,0.4906974079980775,available
wa-test-001284,0,0.0009784529882229467,0,0.4906974079980775,available
wa-test-001285,0,0.0006647501648420572,0,0.4906974079980775,available
wa-test-001286,0,0.0015295792253092939,0,0.4906974079980775,available
wa-test-001287,0,0.00012025611155107973,0,0.4906974079980775,available
wa-test-001288,0,0.00017656861066988518,0,0.4906974079980775,available
wa-test-001289,0,0.0022157685882288215,0,0.4906974079980775,available
wa-test-001290,0,0.001623930468980831,0,0.4906974079980775,available
wa-test-001291,0,0.005487485825656961,0,0.4906974079980775,available
wa-test-001292,0,0.008243938820833893,0,0.4906974079980775,available
wa-test-001293,1,0.4955837265805008,1,0.4906974079980775,available
wa-test-001294,0,0.018893591493251052,0,0.4906974079980775,available
wa-test-001295,0,0.0017937149908355482,0,0.4906974079980775,available
wa-test-001296,0,0.03405168931113988,0,0.4906974079980775,available
wa-test-001297,1,0.9970533032373949,1,0.4906974079980775,available
wa-test-001298,0,0.02716154668767646,0,0.4906974079980775,available
wa-test-001299,0,5.213755228236133e-05,0,0.4906974079980775,available
wa-test-001300,0,0.009519315877920894,0,0.4906974079980775,available
wa-test-001301,0,0.009257878488768391,0,0.4906974079980775,available
wa-test-001302,0,0.0008127393835658803,0,0.4906974079980775,available
wa-test-001303,0,0.0015236060656113359,0,0.4906974079980775,available
wa-test-001304,1,0.7054891635162055,1,0.4906974079980775,available
wa-test-001305,0,0.0015699080856025065,0,0.4906974079980775,available
wa-test-001306,0,0.004735000940576445,0,0.4906974079980775,available
wa-test-001307,1,0.10758769191113692,0,0.4906974079980775,available
wa-test-001308,0,0.006197170380582607,0,0.4906974079980775,available
wa-test-001309,0,8.369041495204021e-05,0,0.4906974079980775,available
wa-test-001310,0,0.0005497133983863217,0,0.4906974079980775,available
wa-test-001311,0,0.0013818307744418302,0,0.4906974079980775,available
wa-test-001312,0,0.00854861748112112,0,0.4906974079980775,available
wa-test-001313,0,0.010250960283662926,0,0.4906974079980775,available
wa-test-001314,0,0.030013439957753248,0,0.4906974079980775,available
wa-test-001315,0,0.00010193337968144735,0,0.4906974079980775,available
wa-test-001316,0,0.0013547546810555758,0,0.4906974079980775,available
wa-test-001317,0,3.6873604373597505e-05,0,0.4906974079980775,available
wa-test-001318,0,0.0016065464093944482,0,0.4906974079980775,available
wa-test-001319,0,0.00023460156243963311,0,0.4906974079980775,available
wa-test-001320,0,0.030274570882922968,0,0.4906974079980775,available
wa-test-001321,0,0.008620128253760984,0,0.4906974079980775,available
wa-test-001322,0,0.007160961799096532,0,0.4906974079980775,available
wa-test-001323,0,0.0018989563551112662,0,0.4906974079980775,available
wa-test-001324,0,0.0035564363238409706,0,0.4906974079980775,available
wa-test-001325,0,6.639426652338613e-05,0,0.4906974079980775,available
wa-test-001326,0,2.6741821251977034e-05,0,0.4906974079980775,available
wa-test-001327,0,0.009620653461833014,0,0.4906974079980775,available
wa-test-001328,0,0.0006811493404706395,0,0.4906974079980775,available
wa-test-001329,0,0.0027813894471086158,0,0.4906974079980775,available
wa-test-001330,0,0.004709223895214196,0,0.4906974079980775,available
wa-test-001331,0,0.0004296347372718186,0,0.4906974079980775,available
wa-test-001332,0,0.0014463469795144629,0,0.4906974079980775,available
wa-test-001333,0,0.003970429612307539,0,0.4906974079980775,available
wa-test-001334,0,0.0011433707372043766,0,0.4906974079980775,available
wa-test-001335,0,0.0012343955849702236,0,0.4906974079980775,available
wa-test-001336,0,0.00031487723312816925,0,0.4906974079980775,available
wa-test-001337,0,0.007578398649435586,0,0.4906974079980775,available
wa-test-001338,0,0.00014783182265940033,0,0.4906974079980775,available
wa-test-001339,0,0.0036568710642693194,0,0.4906974079980775,available
wa-test-001340,0,0.003954648124148378,0,0.4906974079980775,available
wa-test-001341,0,0.002319363119930063,0,0.4906974079980775,available
wa-test-001342,0,0.0028280451145098083,0,0.4906974079980775,available
wa-test-001343,0,0.0012024552830029692,0,0.4906974079980775,available
wa-test-001344,0,0.002211901789878408,0,0.4906974079980775,available
wa-test-001345,0,0.03071381346560147,0,0.4906974079980775,available
wa-test-001346,0,0.02182432608503459,0,0.4906974079980775,available
wa-test-001347,0,0.004283167261210381,0,0.4906974079980775,available
wa-test-001348,1,0.25625602014505905,0,0.4906974079980775,available
wa-test-001349,0,0.00010955169326106286,0,0.4906974079980775,available
wa-test-001350,0,0.0014552660824912434,0,0.4906974079980775,available
wa-test-001351,0,0.0007608305971391695,0,0.4906974079980775,available
wa-test-001352,0,0.00014635831310960841,0,0.4906974079980775,available
wa-test-001353,0,0.00018189098279541992,0,0.4906974079980775,available
wa-test-001354,0,0.00045766773766788607,0,0.4906974079980775,available
wa-test-001355,0,0.0035222027864686856,0,0.4906974079980775,available
wa-test-001356,0,0.00013793114620020037,0,0.4906974079980775,available
wa-test-001357,0,0.0007093393447374185,0,0.4906974079980775,available
wa-test-001358,0,0.0007895730726703173,0,0.4906974079980775,available
wa-test-001359,0,0.0077870500667612,0,0.4906974079980775,available
wa-test-001360,0,0.002807269050739292,0,0.4906974079980775,available
wa-test-001361,0,0.0008583388521295441,0,0.4906974079980775,available
wa-test-001362,0,0.0004196958213843056,0,0.4906974079980775,available
wa-test-001363,0,0.0015757199672056848,0,0.4906974079980775,available
wa-test-001364,0,0.006162808800849336,0,0.4906974079980775,available
wa-test-001365,1,0.8920902275867967,1,0.4906974079980775,available
wa-test-001366,0,0.001135132395269735,0,0.4906974079980775,available
wa-test-001367,0,2.9633526086192797e-05,0,0.4906974079980775,available
wa-test-001368,0,0.0003239417837913802,0,0.4906974079980775,available
wa-test-001369,0,0.0021534102280288355,0,0.4906974079980775,available
wa-test-001370,0,8.053629515865053e-05,0,0.4906974079980775,available
wa-test-001371,0,0.0028720394516787494,0,0.4906974079980775,available
wa-test-001372,0,0.006230946937877021,0,0.4906974079980775,available
wa-test-001373,0,0.002002043040324673,0,0.4906974079980775,available
wa-test-001374,1,0.9987840093136965,1,0.4906974079980775,available
wa-test-001375,0,0.0012690525249473325,0,0.4906974079980775,available
wa-test-001376,0,0.0001914757138306442,0,0.4906974079980775,available
wa-test-001377,0,0.0012263424996355025,0,0.4906974079980775,available
wa-test-001378,0,0.03695056353631131,0,0.4906974079980775,available
wa-test-001379,0,0.005478685933545923,0,0.4906974079980775,available
wa-test-001380,0,0.0011586677770051772,0,0.4906974079980775,available
wa-test-001381,0,0.0004313423986498379,0,0.4906974079980775,available
wa-test-001382,0,0.23801739784727988,0,0.4906974079980775,available
wa-test-001383,0,0.3760061539186431,0,0.4906974079980775,available
wa-test-001384,0,0.006811049976176641,0,0.4906974079980775,available
wa-test-001385,0,0.0006698999855862238,0,0.4906974079980775,available
wa-test-001386,1,0.9639533734343105,1,0.4906974079980775,available
wa-test-001387,1,0.995051125792164,1,0.4906974079980775,available
wa-test-001388,1,0.9964690432350657,1,0.4906974079980775,available
wa-test-001389,0,0.006678286848975182,0,0.4906974079980775,available
wa-test-001390,0,0.030911295131310336,0,0.4906974079980775,available
wa-test-001391,0,0.002723433849951605,0,0.4906974079980775,available
wa-test-001392,0,0.0008857100358190196,0,0.4906974079980775,available
wa-test-001393,0,3.932192734133085e-05,0,0.4906974079980775,available
wa-test-001394,0,0.003062348738465989,0,0.4906974079980775,available
wa-test-001395,0,0.04284140377002,0,0.4906974079980775,available
wa-test-001396,0,0.000142786026054046,0,0.4906974079980775,available
wa-test-001397,0,0.12700491232373182,0,0.4906974079980775,available
wa-test-001398,0,0.0012712733417721677,0,0.4906974079980775,available
wa-test-001399,0,0.0028947760393988123,0,0.4906974079980775,available
wa-test-001400,0,0.06884735012031659,0,0.4906974079980775,available
wa-test-001401,0,0.0022707900844370766,0,0.4906974079980775,available
wa-test-001402,1,0.951723989374263,1,0.4906974079980775,available
wa-test-001403,0,0.14853152269439196,0,0.4906974079980775,available
wa-test-001404,0,0.059701424602356466,0,0.4906974079980775,available
wa-test-001405,0,0.0016788205335148724,0,0.4906974079980775,available
wa-test-001406,0,0.0005547872045966803,0,0.4906974079980775,available
wa-test-001407,0,0.011134844956264767,0,0.4906974079980775,available
wa-test-001408,0,0.009165933396074794,0,0.4906974079980775,available
wa-test-001409,0,0.0023760942869372925,0,0.4906974079980775,available
wa-test-001410,0,0.003326313981849419,0,0.4906974079980775,available
wa-test-001411,0,0.001061933582154858,0,0.4906974079980775,available
wa-test-001412,0,0.000513091149762602,0,0.4906974079980775,available
wa-test-001413,0,0.000827957952447178,0,0.4906974079980775,available
wa-test-001414,0,0.0009262749475415172,0,0.4906974079980775,available
wa-test-001415,0,0.00012669105228195932,0,0.4906974079980775,available
wa-test-001416,0,0.0018003851452841344,0,0.4906974079980775,available
wa-test-001417,0,0.002857463701486577,0,0.4906974079980775,available
wa-test-001418,1,0.9932281335124282,1,0.4906974079980775,available
wa-test-001419,0,0.00016234001440552587,0,0.4906974079980775,available
wa-test-001420,0,0.003890472759486615,0,0.4906974079980775,available
wa-test-001421,0,0.0010423874985789178,0,0.4906974079980775,available
wa-test-001422,0,0.0013750072349118735,0,0.4906974079980775,available
wa-test-001423,0,0.010686244659782072,0,0.4906974079980775,available
wa-test-001424,0,0.0021390684006788816,0,0.4906974079980775,available
wa-test-001425,0,0.0022686682913831526,0,0.4906974079980775,available
wa-test-001426,1,0.9933320693041884,1,0.4906974079980775,available
wa-test-001427,0,0.0020869065386877133,0,0.4906974079980775,available
wa-test-001428,0,0.001176725325831423,0,0.4906974079980775,available
wa-test-001429,0,0.00503124444288971,0,0.4906974079980775,available
wa-test-001430,0,0.009825599780462614,0,0.4906974079980775,available
wa-test-001431,0,0.0034273204868570683,0,0.4906974079980775,available
wa-test-001432,0,0.0740899067527305,0,0.4906974079980775,available
wa-test-001433,0,0.0014948165262786064,0,0.4906974079980775,available
wa-test-001434,0,0.0010433847686397075,0,0.4906974079980775,available
wa-test-001435,0,0.000896428523906059,0,0.4906974079980775,available
wa-test-001436,0,0.0011687951864229969,0,0.4906974079980775,available
wa-test-001437,0,0.0005371644478095127,0,0.4906974079980775,available
wa-test-001438,0,0.00264097053234364,0,0.4906974079980775,available
wa-test-001439,0,0.2133492064293258,0,0.4906974079980775,available
wa-test-001440,0,0.0008452667853424793,0,0.4906974079980775,available
wa-test-001441,0,0.015028064754928643,0,0.4906974079980775,available
wa-test-001442,0,0.0008245891927652366,0,0.4906974079980775,available
wa-test-001443,0,0.12547535278690117,0,0.4906974079980775,available
wa-test-001444,0,0.0002420886165868644,0,0.4906974079980775,available
wa-test-001445,0,0.005043105307486047,0,0.4906974079980775,available
wa-test-001446,0,0.0038451383912796676,0,0.4906974079980775,available
wa-test-001447,1,0.8758524811885765,1,0.4906974079980775,available
wa-test-001448,0,0.00028295846095906084,0,0.4906974079980775,available
wa-test-001449,0,0.004397740055690267,0,0.4906974079980775,available
wa-test-001450,0,0.004889964372236813,0,0.4906974079980775,available
wa-test-001451,0,0.003391309414565368,0,0.4906974079980775,available
wa-test-001452,0,0.4143907176726965,0,0.4906974079980775,available
wa-test-001453,0,3.320405807313346e-05,0,0.4906974079980775,available
wa-test-001454,0,0.00283689103111349,0,0.4906974079980775,available
wa-test-001455,0,0.007785826278122065,0,0.4906974079980775,available
wa-test-001456,0,0.002476712258289819,0,0.4906974079980775,available
wa-test-001457,0,0.12620397164858196,0,0.4906974079980775,available
wa-test-001458,0,0.0014503847755772139,0,0.4906974079980775,available
wa-test-001459,0,0.08131242127791394,0,0.4906974079980775,available
wa-test-001460,0,0.008261635418913768,0,0.4906974079980775,available
wa-test-001461,0,0.0028474675271224605,0,0.4906974079980775,available
wa-test-001462,0,0.00015445850697408254,0,0.4906974079980775,available
wa-test-001463,0,0.000859463909612981,0,0.4906974079980775,available
wa-test-001464,1,0.9981297413888934,1,0.4906974079980775,available
wa-test-001465,1,0.003513623400183927,0,0.4906974079980775,available
wa-test-001466,0,0.0004746039867945222,0,0.4906974079980775,available
wa-test-001467,0,0.0007815238230226697,0,0.4906974079980775,available
wa-test-001468,0,0.011698587807342745,0,0.4906974079980775,available
wa-test-001469,0,0.00010616123670559058,0,0.4906974079980775,available
wa-test-001470,0,0.010126704206430043,0,0.4906974079980775,available
wa-test-001471,0,0.007102226845519772,0,0.4906974079980775,available
wa-test-001472,0,0.001621876381807488,0,0.4906974079980775,available
wa-test-001473,1,0.9754660418897424,1,0.4906974079980775,available
wa-test-001474,0,0.013645522223588133,0,0.4906974079980775,available
wa-test-001475,0,0.00716831552139519,0,0.4906974079980775,available
wa-test-001476,0,0.0025951815171851816,0,0.4906974079980775,available
wa-test-001477,0,5.471050213370521e-05,0,0.4906974079980775,available
wa-test-001478,0,0.0141650130728722,0,0.4906974079980775,available
wa-test-001479,0,0.004189856647983975,0,0.4906974079980775,available
wa-test-001480,0,0.002883878356900019,0,0.4906974079980775,available
wa-test-001481,0,5.6045345439408086e-05,0,0.4906974079980775,available
wa-test-001482,0,0.004291488524250872,0,0.4906974079980775,available
wa-test-001483,0,0.013427203367569123,0,0.4906974079980775,available
wa-test-001484,0,0.07203675130878205,0,0.4906974079980775,available
wa-test-001485,0,2.5565706074134747e-05,0,0.4906974079980775,available
wa-test-001486,0,0.0048871423908525115,0,0.4906974079980775,available
wa-test-001487,0,0.0011160109467385228,0,0.4906974079980775,available
wa-test-001488,0,0.001247613545853438,0,0.4906974079980775,available
wa-test-001489,0,0.0007548961319424366,0,0.4906974079980775,available
wa-test-001490,0,0.001005678274507557,0,0.4906974079980775,available
wa-test-001491,0,0.0006469587508165644,0,0.4906974079980775,available
wa-test-001492,0,0.1420035833104993,0,0.4906974079980775,available
wa-test-001493,0,0.0204678914996393,0,0.4906974079980775,available
wa-test-001494,1,0.9986959899136886,1,0.4906974079980775,available
wa-test-001495,0,0.03185271929187017,0,0.4906974079980775,available
wa-test-001496,0,0.08397035619273448,0,0.4906974079980775,available
wa-test-001497,0,0.0017419312442261976,0,0.4906974079980775,available
wa-test-001498,0,0.05035573769063541,0,0.4906974079980775,available
wa-test-001499,0,0.0013719012566329675,0,0.4906974079980775,available
wa-test-001500,0,0.0011409131022035225,0,0.4906974079980775,available
wa-test-001501,0,0.00013902509417544316,0,0.4906974079980775,available
wa-test-001502,0,0.1495499192540731,0,0.4906974079980775,available
wa-test-001503,1,0.9994701838616943,1,0.4906974079980775,available
wa-test-001504,0,0.004445552024005069,0,0.4906974079980775,available
wa-test-001505,0,0.0020444624008892315,0,0.4906974079980775,available
wa-test-001506,0,0.0024441886481397592,0,0.4906974079980775,available
wa-test-001507,0,0.0018913065974615394,0,0.4906974079980775,available
wa-test-001508,0,0.04126050789954274,0,0.4906974079980775,available
wa-test-001509,0,0.008267972130493363,0,0.4906974079980775,available
wa-test-001510,0,0.0027845700447551094,0,0.4906974079980775,available
wa-test-001511,0,0.13671340755909825,0,0.4906974079980775,available
wa-test-001512,0,0.0016747674088228822,0,0.4906974079980775,available
wa-test-001513,0,0.0006333590860827057,0,0.4906974079980775,available
wa-test-001514,0,0.001150132663743517,0,0.4906974079980775,available
wa-test-001515,0,0.10342180455510824,0,0.4906974079980775,available
wa-test-001516,0,0.0008053655560158968,0,0.4906974079980775,available
wa-test-001517,0,0.17669611973523575,0,0.4906974079980775,available
wa-test-001518,0,0.0031366027678830836,0,0.4906974079980775,available
wa-test-001519,0,0.0025808857251376047,0,0.4906974079980775,available
wa-test-001520,0,0.0022675968676535083,0,0.4906974079980775,available
wa-test-001521,0,5.2446044667839345e-05,0,0.4906974079980775,available
wa-test-001522,0,0.007611655994835383,0,0.4906974079980775,available
wa-test-001523,0,0.00010763132434677927,0,0.4906974079980775,available
wa-test-001524,0,0.008280810584846851,0,0.4906974079980775,available
wa-test-001525,1,0.9987350882216081,1,0.4906974079980775,available
wa-test-001526,0,0.002942326246113849,0,0.4906974079980775,available
wa-test-001527,0,0.0022042764308524633,0,0.4906974079980775,available
wa-test-001528,0,6.08278882581528e-05,0,0.4906974079980775,available
wa-test-001529,0,0.0007394674272535374,0,0.4906974079980775,available
wa-test-001530,0,0.004554866783985306,0,0.4906974079980775,available
wa-test-001531,0,0.00552869981957982,0,0.4906974079980775,available
wa-test-001532,0,0.0008463466210665479,0,0.4906974079980775,available
wa-test-001533,0,0.003874136980852206,0,0.4906974079980775,available
wa-test-001534,0,0.0031904375220904594,0,0.4906974079980775,available
wa-test-001535,0,0.0015288737981037166,0,0.4906974079980775,available
wa-test-001536,0,0.5092389189820575,1,0.4906974079980775,available
wa-test-001537,0,0.0016936500808744461,0,0.4906974079980775,available
wa-test-001538,0,0.014096602978002573,0,0.4906974079980775,available
wa-test-001539,0,0.0005861788297499445,0,0.4906974079980775,available
wa-test-001540,1,0.07356805007490878,0,0.4906974079980775,available
wa-test-001541,0,0.0008400103834446964,0,0.4906974079980775,available
wa-test-001542,0,0.008228102449441204,0,0.4906974079980775,available
wa-test-001543,1,0.003466493703356582,0,0.4906974079980775,available
wa-test-001544,0,0.01196398353407523,0,0.4906974079980775,available
wa-test-001545,0,0.05966532523285854,0,0.4906974079980775,available
wa-test-001546,0,0.0010977510104549881,0,0.4906974079980775,available
wa-test-001547,0,0.00194782679460081,0,0.4906974079980775,available
wa-test-001548,0,0.07228143358076013,0,0.4906974079980775,available
wa-test-001549,0,0.005536728759823412,0,0.4906974079980775,available
wa-test-001550,0,0.001608837131315749,0,0.4906974079980775,available
wa-test-001551,0,0.0009748683543381417,0,0.4906974079980775,available
wa-test-001552,0,0.0044125663716050425,0,0.4906974079980775,available
wa-test-001553,0,0.026542080669927824,0,0.4906974079980775,available
wa-test-001554,0,0.0012584613543438468,0,0.4906974079980775,available
wa-test-001555,0,0.30270423581462536,0,0.4906974079980775,available
wa-test-001556,0,0.004963530244390849,0,0.4906974079980775,available
wa-test-001557,0,2.1421588413541857e-06,0,0.4906974079980775,available
wa-test-001558,0,0.0009754190465331399,0,0.4906974079980775,available
wa-test-001559,0,0.003837563066939931,0,0.4906974079980775,available
wa-test-001560,0,0.0007321324821283952,0,0.4906974079980775,available
wa-test-001561,0,0.0042756373328583655,0,0.4906974079980775,available
wa-test-001562,0,0.014855280801842563,0,0.4906974079980775,available
wa-test-001563,0,0.001693078469278427,0,0.4906974079980775,available
wa-test-001564,0,0.0005746041625776391,0,0.4906974079980775,available
wa-test-001565,0,0.003638062008241435,0,0.4906974079980775,available
wa-test-001566,0,0.0026461908488638686,0,0.4906974079980775,available
wa-test-001567,0,0.059006498983800414,0,0.4906974079980775,available
wa-test-001568,1,0.9786825165974986,1,0.4906974079980775,available
wa-test-001569,0,0.004812456690041455,0,0.4906974079980775,available
wa-test-001570,0,0.0029657095179780246,0,0.4906974079980775,available
wa-test-001571,1,0.952743556042317,1,0.4906974079980775,available
wa-test-001572,0,0.0019853784098255996,0,0.4906974079980775,available
wa-test-001573,0,0.0011341993881714828,0,0.4906974079980775,available
wa-test-001574,0,0.008205305745827361,0,0.4906974079980775,available
wa-test-001575,0,0.0013815842674639726,0,0.4906974079980775,available
wa-test-001576,0,0.028886229787881613,0,0.4906974079980775,available
wa-test-001577,0,0.06190347752133901,0,0.4906974079980775,available
wa-test-001578,1,0.9631459615808606,1,0.4906974079980775,available
wa-test-001579,0,0.046892121294885965,0,0.4906974079980775,available
wa-test-001580,0,0.0032981665372965063,0,0.4906974079980775,available
wa-test-001581,0,0.029528664178609314,0,0.4906974079980775,available
wa-test-001582,0,0.009815991598252902,0,0.4906974079980775,available
wa-test-001583,0,0.0038363023023629574,0,0.4906974079980775,available
wa-test-001584,0,0.0014206759092439006,0,0.4906974079980775,available
wa-test-001585,0,0.00010719402551304249,0,0.4906974079980775,available
wa-test-001586,0,0.0007847152878217247,0,0.4906974079980775,available
wa-test-001587,0,0.006661213876094331,0,0.4906974079980775,available
wa-test-001588,0,0.00030885289204180824,0,0.4906974079980775,available
wa-test-001589,0,0.0007763750122383535,0,0.4906974079980775,available
wa-test-001590,0,0.003673055624845016,0,0.4906974079980775,available
wa-test-001591,0,0.0010709603328660107,0,0.4906974079980775,available
wa-test-001592,0,0.0016714187707079949,0,0.4906974079980775,available
wa-test-001593,0,9.54134349340169e-05,0,0.4906974079980775,available
wa-test-001594,0,0.004083275580906031,0,0.4906974079980775,available
wa-test-001595,0,0.0006019396377669709,0,0.4906974079980775,available
wa-test-001596,0,0.0013774734894891182,0,0.4906974079980775,available
wa-test-001597,0,0.0006680955518634358,0,0.4906974079980775,available
wa-test-001598,0,0.0013019122902828814,0,0.4906974079980775,available
wa-test-001599,0,0.0008405007523114691,0,0.4906974079980775,available
wa-test-001600,0,2.5842500071903995e-05,0,0.4906974079980775,available
wa-test-001601,0,0.00134048479624776,0,0.4906974079980775,available
wa-test-001602,0,0.00364930251306469,0,0.4906974079980775,available
wa-test-001603,0,0.0002338845690082589,0,0.4906974079980775,available
wa-test-001604,0,0.0021813120560334157,0,0.4906974079980775,available
wa-test-001605,0,7.037393956687036e-05,0,0.4906974079980775,available
wa-test-001606,0,0.0015717788248926885,0,0.4906974079980775,available
wa-test-001607,0,0.005495591458867506,0,0.4906974079980775,available
wa-test-001608,0,0.00263730813036152,0,0.4906974079980775,available
wa-test-001609,0,0.0012531788949665607,0,0.4906974079980775,available
wa-test-001610,1,0.9190261965740965,1,0.4906974079980775,available
wa-test-001611,0,0.005946507809241407,0,0.4906974079980775,available
wa-test-001612,0,0.0009088929089808873,0,0.4906974079980775,available
wa-test-001613,0,0.010740838440491752,0,0.4906974079980775,available
wa-test-001614,0,0.0015280890107352673,0,0.4906974079980775,available
wa-test-001615,0,0.009933835587530606,0,0.4906974079980775,available
wa-test-001616,0,0.0026024989670152044,0,0.4906974079980775,available
wa-test-001617,0,0.00227727465854598,0,0.4906974079980775,available
wa-test-001618,0,0.009089927248109569,0,0.4906974079980775,available
wa-test-001619,0,0.1508470354300229,0,0.4906974079980775,available
wa-test-001620,0,0.0014398091976595016,0,0.4906974079980775,available
wa-test-001621,0,0.0023186113692230587,0,0.4906974079980775,available
wa-test-001622,0,0.0028313003212966565,0,0.4906974079980775,available
wa-test-001623,0,0.0015355024459253576,0,0.4906974079980775,available
wa-test-001624,0,0.004175288026896354,0,0.4906974079980775,available
wa-test-001625,0,0.0026187925639009246,0,0.4906974079980775,available
wa-test-001626,1,0.9948703797059161,1,0.4906974079980775,available
wa-test-001627,0,0.0005662440451641996,0,0.4906974079980775,available
wa-test-001628,0,0.00031191532077055477,0,0.4906974079980775,available
wa-test-001629,0,0.002874111872737442,0,0.4906974079980775,available
wa-test-001630,0,0.000478743527222376,0,0.4906974079980775,available
wa-test-001631,0,0.0015565117979376934,0,0.4906974079980775,available
wa-test-001632,0,0.005200079960261633,0,0.4906974079980775,available
wa-test-001633,0,0.11924077098179531,0,0.4906974079980775,available
wa-test-001634,0,4.3484959241998156e-05,0,0.4906974079980775,available
wa-test-001635,0,0.002966072053902577,0,0.4906974079980775,available
wa-test-001636,0,0.0002496952038858804,0,0.4906974079980775,available
wa-test-001637,1,0.9341687276727317,1,0.4906974079980775,available
wa-test-001638,0,0.0004026880487324446,0,0.4906974079980775,available
wa-test-001639,0,0.005221913554118057,0,0.4906974079980775,available
wa-test-001640,0,0.017529862395015403,0,0.4906974079980775,available
wa-test-001641,0,0.0007188306106356214,0,0.4906974079980775,available
wa-test-001642,0,0.015255531395914335,0,0.4906974079980775,available
wa-test-001643,0,0.003364024437683294,0,0.4906974079980775,available
wa-test-001644,0,0.0008778542140552404,0,0.4906974079980775,available
wa-test-001645,0,3.5063274065230606e-05,0,0.4906974079980775,available
wa-test-001646,0,0.00038612214259389023,0,0.4906974079980775,available
wa-test-001647,0,0.019599632729898498,0,0.4906974079980775,available
wa-test-001648,1,0.9757583567297405,1,0.4906974079980775,available
wa-test-001649,0,0.004372165774179763,0,0.4906974079980775,available
wa-test-001650,0,0.0005912268201239944,0,0.4906974079980775,available
wa-test-001651,1,0.9992470718041309,1,0.4906974079980775,available
wa-test-001652,0,0.002918342463791343,0,0.4906974079980775,available
wa-test-001653,0,5.965260596546277e-05,0,0.4906974079980775,available
wa-test-001654,0,0.0018170523166437349,0,0.4906974079980775,available
wa-test-001655,0,0.006126388449844397,0,0.4906974079980775,available
wa-test-001656,0,0.007457946393935854,0,0.4906974079980775,available
wa-test-001657,0,0.002064307229075045,0,0.4906974079980775,available
wa-test-001658,0,0.00016061101357668113,0,0.4906974079980775,available
wa-test-001659,0,0.0014806581816063564,0,0.4906974079980775,available
wa-test-001660,0,0.0018292851595905655,0,0.4906974079980775,available
wa-test-001661,0,0.0008752899678133978,0,0.4906974079980775,available
wa-test-001662,0,0.0030443600659874528,0,0.4906974079980775,available
wa-test-001663,1,0.9650767345769514,1,0.4906974079980775,available
wa-test-001664,0,0.0029709227761290993,0,0.4906974079980775,available
wa-test-001665,0,0.004638645887353801,0,0.4906974079980775,available
wa-test-001666,0,0.007347504131335677,0,0.4906974079980775,available
wa-test-001667,0,0.009221862148797236,0,0.4906974079980775,available
wa-test-001668,1,0.9647201341608436,1,0.4906974079980775,available
wa-test-001669,0,0.07863804994672925,0,0.4906974079980775,available
wa-test-001670,0,6.998610168758514e-05,0,0.4906974079980775,available
wa-test-001671,0,0.0011930824420462948,0,0.4906974079980775,available
wa-test-001672,0,0.00260250469005852,0,0.4906974079980775,available
wa-test-001673,0,0.0026745673519193037,0,0.4906974079980775,available
wa-test-001674,0,0.004660355091266918,0,0.4906974079980775,available
wa-test-001675,0,0.015765386248119646,0,0.4906974079980775,available
wa-test-001676,0,0.002506402118346105,0,0.4906974079980775,available
wa-test-001677,0,0.000813794809469664,0,0.4906974079980775,available
wa-test-001678,0,0.0051199880057966034,0,0.4906974079980775,available
wa-test-001679,0,0.0010459174312664994,0,0.4906974079980775,available
wa-test-001680,0,0.00016106484838159267,0,0.4906974079980775,available
wa-test-001681,0,4.067075611257999e-05,0,0.4906974079980775,available
wa-test-001682,0,0.05289894370458171,0,0.4906974079980775,available
wa-test-001683,0,4.2052856073313214e-05,0,0.4906974079980775,available
wa-test-001684,0,0.0011147536770311885,0,0.4906974079980775,available
wa-test-001685,0,0.01594689754445643,0,0.4906974079980775,available
wa-test-001686,0,3.793773005566232e-05,0,0.4906974079980775,available
wa-test-001687,0,0.0031920635524436804,0,0.4906974079980775,available
wa-test-001688,0,0.004951628931285823,0,0.4906974079980775,available
wa-test-001689,0,0.0016805191147093253,0,0.4906974079980775,available
wa-test-001690,0,0.015766837611029906,0,0.4906974079980775,available
wa-test-001691,0,0.04361323359259663,0,0.4906974079980775,available
wa-test-001692,0,0.06910712355671586,0,0.4906974079980775,available
wa-test-001693,1,0.9982782775793256,1,0.4906974079980775,available
wa-test-001694,0,0.009266760479251448,0,0.4906974079980775,available
wa-test-001695,0,0.023686557141504735,0,0.4906974079980775,available
wa-test-001696,0,0.00041735665701010053,0,0.4906974079980775,available
wa-test-001697,0,0.0008748321889207502,0,0.4906974079980775,available
wa-test-001698,0,0.006941139454041011,0,0.4906974079980775,available
wa-test-001699,0,0.13249830486719016,0,0.4906974079980775,available
wa-test-001700,0,0.010381319040726998,0,0.4906974079980775,available
wa-test-001701,0,0.004245076471547326,0,0.4906974079980775,available
wa-test-001702,0,0.0007909635958541968,0,0.4906974079980775,available
wa-test-001703,0,0.0013544818583507258,0,0.4906974079980775,available
wa-test-001704,0,0.0011324224530698253,0,0.4906974079980775,available
wa-test-001705,0,0.001692576066918982,0,0.4906974079980775,available
wa-test-001706,0,0.00017524171154818048,0,0.4906974079980775,available
wa-test-001707,1,0.9984096870977085,1,0.4906974079980775,available
wa-test-001708,0,0.0009970237928000757,0,0.4906974079980775,available
wa-test-001709,0,0.0013002369435729045,0,0.4906974079980775,available
wa-test-001710,0,0.0002445770867855358,0,0.4906974079980775,available
wa-test-001711,1,0.9932526136164661,1,0.4906974079980775,available
wa-test-001712,0,0.003185604868068382,0,0.4906974079980775,available
wa-test-001713,0,0.0010835544693360887,0,0.4906974079980775,available
wa-test-001714,0,0.009507960938174392,0,0.4906974079980775,available
wa-test-001715,0,0.001990431989349957,0,0.4906974079980775,available
wa-test-001716,0,6.954508598075477e-05,0,0.4906974079980775,available
wa-test-001717,0,0.002181649325386701,0,0.4906974079980775,available
wa-test-001718,0,0.02030067041651935,0,0.4906974079980775,available
wa-test-001719,0,0.0012008700985159165,0,0.4906974079980775,available
wa-test-001720,0,0.011145688179983421,0,0.4906974079980775,available
wa-test-001721,1,0.07450375841851561,0,0.4906974079980775,available
wa-test-001722,0,0.000644736159514072,0,0.4906974079980775,available
wa-test-001723,0,0.0007696608191915429,0,0.4906974079980775,available
wa-test-001724,0,0.0014000886483478286,0,0.4906974079980775,available
wa-test-001725,0,0.6160324429834672,1,0.4906974079980775,available
wa-test-001726,0,0.0029751110917203105,0,0.4906974079980775,available
wa-test-001727,0,0.002505960801226328,0,0.4906974079980775,available
wa-test-001728,0,0.003485066758508839,0,0.4906974079980775,available
wa-test-001729,0,0.0007564187460701318,0,0.4906974079980775,available
wa-test-001730,0,0.0013479793498090502,0,0.4906974079980775,available
wa-test-001731,0,0.0016219625737443262,0,0.4906974079980775,available
wa-test-001732,0,0.00040503720757812517,0,0.4906974079980775,available
wa-test-001733,0,0.010529591660487647,0,0.4906974079980775,available
wa-test-001734,0,0.0010304407575782279,0,0.4906974079980775,available
wa-test-001735,0,0.04696452118565208,0,0.4906974079980775,available
wa-test-001736,0,0.0045941922920011815,0,0.4906974079980775,available
wa-test-001737,1,0.655962907283451,1,0.4906974079980775,available
wa-test-001738,1,0.9963687364832308,1,0.4906974079980775,available
wa-test-001739,0,0.0005891257505274064,0,0.4906974079980775,available
wa-test-001740,0,0.0009978946957647657,0,0.4906974079980775,available
wa-test-001741,0,0.00021375944747234647,0,0.4906974079980775,available
wa-test-001742,0,0.00486051795805904,0,0.4906974079980775,available
wa-test-001743,0,0.0007380639076543373,0,0.4906974079980775,available
wa-test-001744,0,0.00021538134527732326,0,0.4906974079980775,available
wa-test-001745,0,0.0046567226672892354,0,0.4906974079980775,available
wa-test-001746,0,0.0001414235274542943,0,0.4906974079980775,available
wa-test-001747,0,0.0010166403395158595,0,0.4906974079980775,available
wa-test-001748,0,0.0007036619135767528,0,0.4906974079980775,available
wa-test-001749,0,0.0007175460264024108,0,0.4906974079980775,available
wa-test-001750,0,0.02308775058197714,0,0.4906974079980775,available
wa-test-001751,0,0.007038597402938304,0,0.4906974079980775,available
wa-test-001752,0,0.0016371899837362548,0,0.4906974079980775,available
wa-test-001753,0,0.0052721332949344675,0,0.4906974079980775,available
wa-test-001754,0,0.012078198721329135,0,0.4906974079980775,available
wa-test-001755,0,0.006174688304187555,0,0.4906974079980775,available
wa-test-001756,0,0.0003201001215771101,0,0.4906974079980775,available
wa-test-001757,0,0.0005627760549517987,0,0.4906974079980775,available
wa-test-001758,0,0.0018521173534725341,0,0.4906974079980775,available
wa-test-001759,0,0.00042226244337385246,0,0.4906974079980775,available
wa-test-001760,0,6.536825542040893e-05,0,0.4906974079980775,available
wa-test-001761,0,0.0005778433903812765,0,0.4906974079980775,available
wa-test-001762,0,0.0005171846055450937,0,0.4906974079980775,available
wa-test-001763,0,0.0040742695986433035,0,0.4906974079980775,available
wa-test-001764,0,0.0012678190892397342,0,0.4906974079980775,available
wa-test-001765,1,0.9930942326062541,1,0.4906974079980775,available
wa-test-001766,0,0.002978041694870232,0,0.4906974079980775,available
wa-test-001767,0,0.002549760687800652,0,0.4906974079980775,available
wa-test-001768,0,0.0014030241477953579,0,0.4906974079980775,available
wa-test-001769,0,0.00784235907404936,0,0.4906974079980775,available
wa-test-001770,0,0.02500750729345858,0,0.4906974079980775,available
wa-test-001771,0,0.013935784044629345,0,0.4906974079980775,available
wa-test-001772,0,0.0029006845930905395,0,0.4906974079980775,available
wa-test-001773,0,5.803825689106245e-05,0,0.4906974079980775,available
wa-test-001774,0,0.00407643881902742,0,0.4906974079980775,available
wa-test-001775,0,4.5428726321534e-05,0,0.4906974079980775,available
wa-test-001776,0,0.0052558120770854816,0,0.4906974079980775,available
wa-test-001777,0,0.008740042707154063,0,0.4906974079980775,available
wa-test-001778,0,0.7808605752993724,1,0.4906974079980775,available
wa-test-001779,0,0.0009406960040227751,0,0.4906974079980775,available
wa-test-001780,0,0.006268183178139167,0,0.4906974079980775,available
wa-test-001781,0,0.02115504340145075,0,0.4906974079980775,available
wa-test-001782,0,0.0021773275750706328,0,0.4906974079980775,available
wa-test-001783,0,0.0019522868008636548,0,0.4906974079980775,available
wa-test-001784,0,0.06794631487504889,0,0.4906974079980775,available
wa-test-001785,0,0.002634220972174832,0,0.4906974079980775,available
wa-test-001786,0,0.0009077498991923383,0,0.4906974079980775,available
wa-test-001787,0,0.0002854451742929419,0,0.4906974079980775,available
wa-test-001788,0,0.00018407841712382773,0,0.4906974079980775,available
wa-test-001789,0,0.0013132647598012698,0,0.4906974079980775,available
wa-test-001790,0,3.0152834473987714e-05,0,0.4906974079980775,available
wa-test-001791,0,0.0037774151424043753,0,0.4906974079980775,available
wa-test-001792,0,4.715192155894147e-05,0,0.4906974079980775,available
wa-test-001793,0,0.3435626890008201,0,0.4906974079980775,available
wa-test-001794,0,0.0015295792253092939,0,0.4906974079980775,available
wa-test-001795,1,0.6318164418834729,1,0.4906974079980775,available
wa-test-001796,0,0.00020109751479471086,0,0.4906974079980775,available
wa-test-001797,1,0.9900938883764567,1,0.4906974079980775,available
wa-test-001798,0,0.004315887671415669,0,0.4906974079980775,available
wa-test-001799,0,0.15164000749992929,0,0.4906974079980775,available
wa-test-001800,0,0.00038323769151074496,0,0.4906974079980775,available
wa-test-001801,0,1.4713111270448131e-05,0,0.4906974079980775,available
wa-test-001802,1,0.8719902132728117,1,0.4906974079980775,available
wa-test-001803,0,0.009132266277319313,0,0.4906974079980775,available
wa-test-001804,0,0.0005643192208154025,0,0.4906974079980775,available
wa-test-001805,0,0.00010057784916398369,0,0.4906974079980775,available
wa-test-001806,0,0.37579130661336513,0,0.4906974079980775,available
wa-test-001807,0,0.007052997502076751,0,0.4906974079980775,available
wa-test-001808,0,0.0021753379857796886,0,0.4906974079980775,available
wa-test-001809,0,0.001959431290645994,0,0.4906974079980775,available
wa-test-001810,0,0.0020753625292829984,0,0.4906974079980775,available
wa-test-001811,0,0.0010445130885481967,0,0.4906974079980775,available
wa-test-001812,1,0.9958546509513772,1,0.4906974079980775,available
wa-test-001813,0,0.0029696757226185242,0,0.4906974079980775,available
wa-test-001814,0,6.420672202459734e-05,0,0.4906974079980775,available
wa-test-001815,0,0.03135344584770463,0,0.4906974079980775,available
wa-test-001816,0,0.01623724078494976,0,0.4906974079980775,available
wa-test-001817,1,0.8402064935432267,1,0.4906974079980775,available
wa-test-001818,1,0.9841962375560759,1,0.4906974079980775,available
wa-test-001819,0,0.02473692720108079,0,0.4906974079980775,available
wa-test-001820,0,0.04620492870042196,0,0.4906974079980775,available
wa-test-001821,0,0.022603675396795704,0,0.4906974079980775,available
wa-test-001822,0,0.002484030274770516,0,0.4906974079980775,available
wa-test-001823,1,0.9957920624066875,1,0.4906974079980775,available
wa-test-001824,0,0.002937239508081104,0,0.4906974079980775,available
wa-test-001825,0,0.0006587584243417271,0,0.4906974079980775,available
wa-test-001826,0,7.648306588896401e-05,0,0.4906974079980775,available
wa-test-001827,0,0.0035041223381854277,0,0.4906974079980775,available
wa-test-001828,0,8.413900610756223e-05,0,0.4906974079980775,available
wa-test-001829,1,0.9927816791811358,1,0.4906974079980775,available
wa-test-001830,0,7.31414684034757e-05,0,0.4906974079980775,available
wa-test-001831,0,0.002985080760201495,0,0.4906974079980775,available
wa-test-001832,1,0.9954334138647006,1,0.4906974079980775,available
wa-test-001833,0,0.00811059824884152,0,0.4906974079980775,available
wa-test-001834,0,0.058102172455610626,0,0.4906974079980775,available
wa-test-001835,0,0.002493090448938515,0,0.4906974079980775,available
wa-test-001836,0,0.0008304705278408516,0,0.4906974079980775,available
wa-test-001837,1,0.9974132930180568,1,0.4906974079980775,available
wa-test-001838,0,0.9373021742807034,1,0.4906974079980775,available
wa-test-001839,1,0.9951094187744903,1,0.4906974079980775,available
wa-test-001840,0,0.0014948345400369613,0,0.4906974079980775,available
wa-test-001841,0,0.0009007235041488318,0,0.4906974079980775,available
wa-test-001842,0,0.004634588070029974,0,0.4906974079980775,available
wa-test-001843,0,0.009746607688733255,0,0.4906974079980775,available
wa-test-001844,0,0.02978713293751844,0,0.4906974079980775,available
wa-test-001845,0,0.0037703407010191087,0,0.4906974079980775,available
wa-test-001846,0,0.0006579027793536279,0,0.4906974079980775,available
wa-test-001847,0,0.0029140742046223043,0,0.4906974079980775,available
wa-test-001848,0,0.002104569505185394,0,0.4906974079980775,available
wa-test-001849,0,0.001184129698750428,0,0.4906974079980775,available
wa-test-001850,0,0.005341726004258399,0,0.4906974079980775,available
wa-test-001851,0,0.03417397503898859,0,0.4906974079980775,available
wa-test-001852,0,0.020295516641892417,0,0.4906974079980775,available
wa-test-001853,0,0.041070481073027514,0,0.4906974079980775,available
wa-test-001854,0,0.001057285978387534,0,0.4906974079980775,available
wa-test-001855,0,0.0007499781614348788,0,0.4906974079980775,available
wa-test-001856,0,0.0005272158501877501,0,0.4906974079980775,available
wa-test-001857,0,7.533938396846689e-05,0,0.4906974079980775,available
wa-test-001858,0,0.12644475752809678,0,0.4906974079980775,available
wa-test-001859,0,0.0013930539601427097,0,0.4906974079980775,available
wa-test-001860,0,0.0005217252708748549,0,0.4906974079980775,available
wa-test-001861,0,0.024059344656478052,0,0.4906974079980775,available
wa-test-001862,0,0.0006333590860827057,0,0.4906974079980775,available
wa-test-001863,0,0.002594495343547154,0,0.4906974079980775,available
wa-test-001864,1,0.9895360113840221,1,0.4906974079980775,available
wa-test-001865,0,0.47737408954747107,0,0.4906974079980775,available
wa-test-001866,0,0.002302990635040565,0,0.4906974079980775,available
wa-test-001867,0,0.005482985295204344,0,0.4906974079980775,available
wa-test-001868,1,0.9890678178512934,1,0.4906974079980775,available
wa-test-001869,0,0.42515466080479614,0,0.4906974079980775,available
wa-test-001870,0,0.00048138833772768915,0,0.4906974079980775,available
wa-test-001871,0,0.0017417449415680216,0,0.4906974079980775,available
wa-test-001872,0,0.17656334770207352,0,0.4906974079980775,available
wa-test-001873,0,0.00016714687907130584,0,0.4906974079980775,available
wa-test-001874,0,0.0009687238065387443,0,0.4906974079980775,available
wa-test-001875,0,0.007797937126966223,0,0.4906974079980775,available
wa-test-001876,0,0.0019446328158623726,0,0.4906974079980775,available
wa-test-001877,0,0.004404792391945502,0,0.4906974079980775,available
wa-test-001878,0,0.002116187600089522,0,0.4906974079980775,available
wa-test-001879,0,0.0018295410212926758,0,0.4906974079980775,available
wa-test-001880,0,9.442893707069537e-05,0,0.4906974079980775,available
wa-test-001881,0,0.0009951931265222696,0,0.4906974079980775,available
wa-test-001882,0,0.0008138563511953816,0,0.4906974079980775,available
wa-test-001883,1,0.9967544900017449,1,0.4906974079980775,available
wa-test-001884,0,8.794789080667177e-05,0,0.4906974079980775,available
wa-test-001885,0,0.0018771313707065097,0,0.4906974079980775,available
wa-test-001886,0,0.0002408597893882704,0,0.4906974079980775,available
wa-test-001887,0,0.00026653526282258014,0,0.4906974079980775,available
wa-test-001888,0,0.1747324608478524,0,0.4906974079980775,available
wa-test-001889,0,0.009106582066659515,0,0.4906974079980775,available
wa-test-001890,0,0.01805537707059378,0,0.4906974079980775,available
wa-test-001891,0,0.002557682327388808,0,0.4906974079980775,available
wa-test-001892,0,0.0014802747292745042,0,0.4906974079980775,available
wa-test-001893,0,0.00030974129721708784,0,0.4906974079980775,available
wa-test-001894,0,4.533476785382071e-05,0,0.4906974079980775,available
wa-test-001895,0,0.029532676441790567,0,0.4906974079980775,available
wa-test-001896,1,0.9831260310532406,1,0.4906974079980775,available
wa-test-001897,0,0.002721474201858837,0,0.4906974079980775,available
wa-test-001898,0,0.007781562432856982,0,0.4906974079980775,available
wa-test-001899,0,0.022725783858996134,0,0.4906974079980775,available
wa-test-001900,0,0.006678286848975182,0,0.4906974079980775,available
wa-test-001901,0,0.010224422752014729,0,0.4906974079980775,available
wa-test-001902,0,0.005003752675638393,0,0.4906974079980775,available
wa-test-001903,0,0.0003137241686068995,0,0.4906974079980775,available
wa-test-001904,0,0.0016822643779996586,0,0.4906974079980775,available
wa-test-001905,0,0.009357993469668497,0,0.4906974079980775,available
wa-test-001906,0,0.12673046432992882,0,0.4906974079980775,available
wa-test-001907,0,0.0255116191948213,0,0.4906974079980775,available
wa-test-001908,0,0.0024196038483580364,0,0.4906974079980775,available
wa-test-001909,0,0.004845922706976462,0,0.4906974079980775,available
wa-test-001910,1,0.2716967181357975,0,0.4906974079980775,available
wa-test-001911,0,0.0003467196559809693,0,0.4906974079980775,available
wa-test-001912,0,0.00029504285560449,0,0.4906974079980775,available
wa-test-001913,0,0.0013926022125858254,0,0.4906974079980775,available
wa-test-001914,0,0.00025033976080045896,0,0.4906974079980775,available
wa-test-001915,0,0.002833080303330718,0,0.4906974079980775,available
wa-test-001916,0,7.262206666737081e-05,0,0.4906974079980775,available
wa-test-001917,1,0.9991994721196149,1,0.4906974079980775,available
wa-test-001918,0,0.03168645556369939,0,0.4906974079980775,available
wa-test-001919,0,0.0014368243701674448,0,0.4906974079980775,available
wa-test-001920,1,0.29059487304096,0,0.4906974079980775,available
wa-test-001921,0,0.0009164632913958064,0,0.4906974079980775,available
wa-test-001922,0,0.0016544834781320758,0,0.4906974079980775,available
wa-test-001923,0,0.004652724536992903,0,0.4906974079980775,available
wa-test-001924,0,0.004871582807146396,0,0.4906974079980775,available
wa-test-001925,0,0.0005861564249656162,0,0.4906974079980775,available
wa-test-001926,0,0.014630020415688696,0,0.4906974079980775,available
wa-test-001927,0,0.002440566371037174,0,0.4906974079980775,available
wa-test-001928,0,0.0030975149450695187,0,0.4906974079980775,available
wa-test-001929,0,0.002319697259920399,0,0.4906974079980775,available
wa-test-001930,0,0.00968558751984774,0,0.4906974079980775,available
wa-test-001931,0,0.0013035810940796343,0,0.4906974079980775,available
wa-test-001932,0,0.03045481284580627,0,0.4906974079980775,available
wa-test-001933,0,0.0016125263709926671,0,0.4906974079980775,available
wa-test-001934,0,0.000123453962274908,0,0.4906974079980775,available
wa-test-001935,0,0.03971716531000648,0,0.4906974079980775,available
wa-test-001936,0,0.1162491832036631,0,0.4906974079980775,available
wa-test-001937,0,0.005774683107477626,0,0.4906974079980775,available
wa-test-001938,0,0.0021359730609717504,0,0.4906974079980775,available
wa-test-001939,0,0.00135462288017857,0,0.4906974079980775,available
wa-test-001940,1,0.4880429500033604,0,0.4906974079980775,available
wa-test-001941,0,0.002812675923855203,0,0.4906974079980775,available
wa-test-001942,0,0.0016501576499943662,0,0.4906974079980775,available
wa-test-001943,0,2.523610375073902e-05,0,0.4906974079980775,available
wa-test-001944,0,0.0016031260791875925,0,0.4906974079980775,available
wa-test-001945,0,0.0007282603341414425,0,0.4906974079980775,available
wa-test-001946,0,0.0002996817511358299,0,0.4906974079980775,available
wa-test-001947,0,0.0019445455614199218,0,0.4906974079980775,available
wa-test-001948,1,0.9948865584915094,1,0.4906974079980775,available
wa-test-001949,0,0.39047728082590866,0,0.4906974079980775,available
wa-test-001950,0,0.11224048938389139,0,0.4906974079980775,available
wa-test-001951,0,0.0004990303992752604,0,0.4906974079980775,available
wa-test-001952,0,0.010006813135698588,0,0.4906974079980775,available
wa-test-001953,0,0.00445884559452798,0,0.4906974079980775,available
wa-test-001954,0,0.0004244852797950647,0,0.4906974079980775,available
wa-test-001955,1,0.9986273918445462,1,0.4906974079980775,available
wa-test-001956,0,0.0005180255077494695,0,0.4906974079980775,available
wa-test-001957,0,0.0007805721420198885,0,0.4906974079980775,available
wa-test-001958,0,0.0009424565890834174,0,0.4906974079980775,available
wa-test-001959,0,0.007348411330829055,0,0.4906974079980775,available
wa-test-001960,0,0.0018091188636036076,0,0.4906974079980775,available
wa-test-001961,0,0.002175644554994613,0,0.4906974079980775,available
wa-test-001962,0,0.0005683072146413432,0,0.4906974079980775,available
wa-test-001963,0,0.002907977369277842,0,0.4906974079980775,available
wa-test-001964,1,0.9997780432106338,1,0.4906974079980775,available
wa-test-001965,0,0.0033637272790032354,0,0.4906974079980775,available
wa-test-001966,0,0.003792060045523674,0,0.4906974079980775,available
wa-test-001967,0,8.155801399685751e-05,0,0.4906974079980775,available
wa-test-001968,0,0.002770022710058872,0,0.4906974079980775,available
wa-test-001969,0,0.045645713816441134,0,0.4906974079980775,available
wa-test-001970,1,0.9990614441103819,1,0.4906974079980775,available
wa-test-001971,1,0.9504008360166545,1,0.4906974079980775,available
wa-test-001972,0,0.020291845092185314,0,0.4906974079980775,available
wa-test-001973,0,0.0006742187722588209,0,0.4906974079980775,available
wa-test-001974,0,0.1418431127564465,0,0.4906974079980775,available
wa-test-001975,0,0.000780356938749469,0,0.4906974079980775,available
wa-test-001976,0,0.015325965342954606,0,0.4906974079980775,available
wa-test-001977,0,0.000764635594542372,0,0.4906974079980775,available
wa-test-001978,0,0.0733352700474454,0,0.4906974079980775,available
wa-test-001979,0,0.004431000045533494,0,0.4906974079980775,available
wa-test-001980,0,0.0009861594693189102,0,0.4906974079980775,available
wa-test-001981,0,0.008825678161521513,0,0.4906974079980775,available
wa-test-001982,0,0.00774558139494927,0,0.4906974079980775,available
wa-test-001983,0,0.00379544898706987,0,0.4906974079980775,available
wa-test-001984,0,0.010325374271332427,0,0.4906974079980775,available
wa-test-001985,0,0.0008202626263491126,0,0.4906974079980775,available
wa-test-001986,0,0.05844591543901577,0,0.4906974079980775,available
wa-test-001987,0,0.001343080273652209,0,0.4906974079980775,available
wa-test-001988,0,0.0031119687827351997,0,0.4906974079980775,available
wa-test-001989,0,0.0018390229273420914,0,0.4906974079980775,available
wa-test-001990,0,0.0010454716156636102,0,0.4906974079980775,available
wa-test-001991,0,0.00012603922746808323,0,0.4906974079980775,available
wa-test-001992,0,0.16750206812900012,0,0.4906974079980775,available
wa-test-001993,0,0.0006739948922352897,0,0.4906974079980775,available
wa-test-001994,0,0.0007449442728290228,0,0.4906974079980775,available
wa-test-001995,0,0.009420063880795578,0,0.4906974079980775,available
wa-test-001996,0,0.572167315484113,1,0.4906974079980775,available
wa-test-001997,0,0.00022779493520624228,0,0.4906974079980775,available
wa-test-001998,0,0.03407396343006694,0,0.4906974079980775,available
wa-test-001999,1,0.2082909689819507,0,0.4906974079980775,available
wa-test-002000,0,0.003464137895216688,0,0.4906974079980775,available
wa-test-002001,0,0.0001308389569715346,0,0.4906974079980775,available
wa-test-002002,0,0.0009133243059907945,0,0.4906974079980775,available
wa-test-002003,0,0.007870625610072101,0,0.4906974079980775,available
wa-test-002004,0,0.07862639395542566,0,0.4906974079980775,available
wa-test-002005,0,0.009024411576628496,0,0.4906974079980775,available
wa-test-002006,1,0.13206464401108708,0,0.4906974079980775,available
wa-test-002007,0,0.004421566800217922,0,0.4906974079980775,available
wa-test-002008,0,0.0006683125129362085,0,0.4906974079980775,available
wa-test-002009,0,0.001282064344684262,0,0.4906974079980775,available
wa-test-002010,0,0.0023273298322870175,0,0.4906974079980775,available
wa-test-002011,0,0.0019782762932978692,0,0.4906974079980775,available
wa-test-002012,0,0.0028069152510739183,0,0.4906974079980775,available
wa-test-002013,0,0.009524754019912837,0,0.4906974079980775,available
wa-test-002014,0,0.04174501165030923,0,0.4906974079980775,available
wa-test-002015,0,0.9716019851032629,1,0.4906974079980775,available
wa-test-002016,1,0.9945325367968663,1,0.4906974079980775,available
wa-test-002017,0,0.03594478197056003,0,0.4906974079980775,available
wa-test-002018,0,0.00035766296775952927,0,0.4906974079980775,available
wa-test-002019,0,0.0008464006900036761,0,0.4906974079980775,available
wa-test-002020,0,4.6320108487563954e-05,0,0.4906974079980775,available
wa-test-002021,0,0.00013305829733608395,0,0.4906974079980775,available
wa-test-002022,0,0.005674850555484115,0,0.4906974079980775,available
wa-test-002023,0,0.0013362114204753884,0,0.4906974079980775,available
wa-test-002024,0,0.004868226232763189,0,0.4906974079980775,available
wa-test-002025,0,0.0013117112806741219,0,0.4906974079980775,available
wa-test-002026,0,0.03467412560517719,0,0.4906974079980775,available
wa-test-002027,0,0.0023036901699016264,0,0.4906974079980775,available
wa-test-002028,0,0.25609747544267397,0,0.4906974079980775,available
wa-test-002029,0,0.0012690525249473325,0,0.4906974079980775,available
wa-test-002030,0,0.0007721735319254543,0,0.4906974079980775,available
wa-test-002031,0,0.01950973931397912,0,0.4906974079980775,available
wa-test-002032,0,0.000864087165375102,0,0.4906974079980775,available
wa-test-002033,0,8.121709532200114e-05,0,0.4906974079980775,available
wa-test-002034,0,0.004506200800901419,0,0.4906974079980775,available
wa-test-002035,0,0.0011372705050321234,0,0.4906974079980775,available
wa-test-002036,0,0.009210773420592,0,0.4906974079980775,available
wa-test-002037,0,2.2946714072002886e-05,0,0.4906974079980775,available
wa-test-002038,0,0.000983630651293149,0,0.4906974079980775,available
wa-test-002039,0,0.006668443493152204,0,0.4906974079980775,available
wa-test-002040,0,0.28128937068776644,0,0.4906974079980775,available
wa-test-002041,0,0.00033335453555787047,0,0.4906974079980775,available
wa-test-002042,1,0.9896702390235715,1,0.4906974079980775,available
wa-test-002043,0,0.0016440644822238747,0,0.4906974079980775,available
wa-test-002044,0,0.0002179901652468096,0,0.4906974079980775,available
wa-test-002045,0,0.055176304195094755,0,0.4906974079980775,available
wa-test-002046,0,0.0012263424996355025,0,0.4906974079980775,available
wa-test-002047,0,0.00517368724047892,0,0.4906974079980775,available
wa-test-002048,1,0.9877067221291863,1,0.4906974079980775,available
