cell_id,row_id,label,oof_probability
fl-train-0010-src,10,0,0.0840096304431751
fl-train-0010-flight,10,0,0.0840096304431751
fl-train-0010-sched_dep_time,10,0,0.0840096304431751
fl-train-0010-act_dep_time,10,0,0.13572725117740764
fl-train-0010-sched_arr_time,10,0,0.25637028869965106
fl-train-0010-act_arr_time,10,0,0.8540085674450837
fl-train-0018-src,18,0,0.0816190147063712
fl-train-0018-flight,18,0,0.09320023972850817
fl-train-0018-sched_dep_time,18,0,0.0816190147063712
fl-train-0018-act_dep_time,18,0,0.0816190147063712
fl-train-0018-sched_arr_time,18,0,0.19678713916906262
fl-train-0018-act_arr_time,18,0,0.8619536286500575
fl-train-0033-src,33,0,0.08223509275077671
fl-train-0033-flight,33,0,0.08223509275077671
fl-train-0033-sched_dep_time,33,0,0.08223509275077671
fl-train-0033-act_dep_time,33,1,0.5213123731952871
fl-train-0033-sched_arr_time,33,0,0.15201872341842224
fl-train-0033-act_arr_time,33,1,0.7925546016435683
fl-train-0034-src,34,0,0.08279869635993035
fl-train-0034-flight,34,0,0.2664214828903639
fl-train-0034-sched_dep_time,34,0,0.19733845158271338
fl-train-0034-act_dep_time,34,0,0.14268707129949434
fl-train-0034-sched_arr_time,34,0,0.7491679000646587
fl-train-0034-act_arr_time,34,0,0.9636963467635331
fl-train-0047-src,47,0,0.08285419971580299
fl-train-0047-flight,47,0,0.08285419971580299
fl-train-0047-sched_dep_time,47,0,0.08285419971580299
fl-train-0047-act_dep_time,47,0,0.08285419971580299
fl-train-0047-sched_arr_time,47,0,0.3372746048144424
fl-train-0047-act_arr_time,47,0,0.9339068813060688
fl-train-0050-src,50,0,0.08246971497777524
fl-train-0050-flight,50,0,0.08246971497777524
fl-train-0050-sched_dep_time,50,1,0.9532638286047942
fl-train-0050-act_dep_time,50,0,0.25320477685695447
fl-train-0050-sched_arr_time,50,1,0.9094192040434699
fl-train-0050-act_arr_time,50,1,0.6575384825784734
fl-train-0052-src,52,0,0.08426153102305615
fl-train-0052-flight,52,0,0.08426153102305615
fl-train-0052-sched_dep_time,52,1,0.9489672409958468
fl-train-0052-act_dep_time,52,0,0.302896336155494
fl-train-0052-sched_arr_time,52,1,0.8518109959301637
fl-train-0052-act_arr_time,52,1,0.5457821151450007
fl-train-0054-src,54,0,0.08173794144159047
fl-train-0054-flight,54,0,0.08173794144159047
fl-train-0054-sched_dep_time,54,1,0.9386459160875525
fl-train-0054-act_dep_time,54,1,0.24926504241009675
fl-train-0054-sched_arr_time,54,1,0.8366442322773535
fl-train-0054-act_arr_time,54,1,0.13190372982564913
fl-train-0059-src,59,0,0.08186961789560418
fl-train-0059-flight,59,0,0.08186961789560418
fl-train-0059-sched_dep_time,59,1,0.9522718965936109
fl-train-0059-act_dep_time,59,1,0.1844400720858895
fl-train-0059-sched_arr_time,59,1,0.859902647446629
fl-train-0059-act_arr_time,59,1,0.25094839497625854
fl-train-0063-src,63,0,0.08368363279940787
fl-train-0063-flight,63,0,0.08368363279940787
fl-train-0063-sched_dep_time,63,1,0.9008732106131414
fl-train-0063-act_dep_time,63,1,0.4848755327912655
fl-train-0063-sched_arr_time,63,1,0.8860075045406314
fl-train-0063-act_arr_time,63,1,0.5434016083791222
fl-train-0065-src,65,0,0.08337221938378732
fl-train-0065-flight,65,0,0.08337221938378732
fl-train-0065-sched_dep_time,65,0,0.08337221938378732
fl-train-0065-act_dep_time,65,1,0.23849476166484873
fl-train-0065-sched_arr_time,65,0,0.08337221938378732
fl-train-0065-act_arr_time,65,1,0.2529595299648637
fl-train-0067-src,67,0,0.08223703227927563
fl-train-0067-flight,67,0,0.08223703227927563
fl-train-0067-sched_dep_time,67,1,0.9374755965835945
fl-train-0067-act_dep_time,67,1,0.16313686863433585
fl-train-0067-sched_arr_time,67,1,0.8430827587907116
fl-train-0067-act_arr_time,67,0,0.37065765967989495
fl-train-0073-src,73,0,0.08123968511520756
fl-train-0073-flight,73,0,0.08123968511520756
fl-train-0073-sched_dep_time,73,1,0.9201704170101855
fl-train-0073-act_dep_time,73,1,0.7513538414924851
fl-train-0073-sched_arr_time,73,1,0.9010015929031953
fl-train-0073-act_arr_time,73,1,0.4226894410029635
fl-train-0089-src,89,0,0.0804210997553866
fl-train-0089-flight,89,0,0.0804210997553866
fl-train-0089-sched_dep_time,89,1,0.9323768392047156
fl-train-0089-act_dep_time,89,1,0.26460471606770325
fl-train-0089-sched_arr_time,89,1,0.7386248046070952
fl-train-0089-act_arr_time,89,1,0.34847019626458997
fl-train-0090-src,90,0,0.08173794144159047
fl-train-0090-flight,90,0,0.08173794144159047
fl-train-0090-sched_dep_time,90,1,0.9386459160875525
fl-train-0090-act_dep_time,90,1,0.47844000689661376
fl-train-0090-sched_arr_time,90,1,0.9118921563242925
fl-train-0090-act_arr_time,90,1,0.4589757550326456
fl-train-0091-src,91,0,0.0832904248531936
fl-train-0091-flight,91,0,0.0832904248531936
fl-train-0091-sched_dep_time,91,0,0.0832904248531936
fl-train-0091-act_dep_time,91,1,0.5056601471945857
fl-train-0091-sched_arr_time,91,0,0.3712219648479104
fl-train-0091-act_arr_time,91,1,0.6572060121399633
fl-train-0092-src,92,0,0.08300364596738823
fl-train-0092-flight,92,0,0.08300364596738823
fl-train-0092-sched_dep_time,92,1,0.9580117558649565
fl-train-0092-act_dep_time,92,1,0.08300364596738823
fl-train-0092-sched_arr_time,92,1,0.8674638363060637
fl-train-0092-act_arr_time,92,1,0.597622289996276
fl-train-0096-src,96,0,0.08319268425321744
fl-train-0096-flight,96,0,0.08319268425321744
fl-train-0096-sched_dep_time,96,0,0.08319268425321744
fl-train-0096-act_dep_time,96,1,0.6325219298663934
fl-train-0096-sched_arr_time,96,1,0.9382021230440092
fl-train-0096-act_arr_time,96,1,0.9504197211396338
fl-train-0099-src,99,0,0.08269594920347519
fl-train-0099-flight,99,0,0.08269594920347519
fl-train-0099-sched_dep_time,99,1,0.9525092103349572
fl-train-0099-act_dep_time,99,1,0.21088781922858135
fl-train-0099-sched_arr_time,99,1,0.8698260471086202
fl-train-0099-act_arr_time,99,1,0.7065681135849301
fl-train-0101-src,101,0,0.08368363279940787
fl-train-0101-flight,101,0,0.08368363279940787
fl-train-0101-sched_dep_time,101,1,0.9483683770482155
fl-train-0101-act_dep_time,101,1,0.5627259312317557
fl-train-0101-sched_arr_time,101,1,0.9307253075103384
fl-train-0101-act_arr_time,101,1,0.655471920449488
fl-train-0108-src,108,0,0.08198089094718221
fl-train-0108-flight,108,0,0.08198089094718221
fl-train-0108-sched_dep_time,108,1,0.925756700103657
fl-train-0108-act_dep_time,108,1,0.23675667646760756
fl-train-0108-sched_arr_time,108,1,0.8693125468067633
fl-train-0108-act_arr_time,108,1,0.42416709593848617
fl-train-0110-src,110,0,0.08212514565518995
fl-train-0110-flight,110,0,0.08212514565518995
fl-train-0110-sched_dep_time,110,1,0.9330366567929141
fl-train-0110-act_dep_time,110,1,0.4085224081606469
fl-train-0110-sched_arr_time,110,1,0.7099281883977769
fl-train-0110-act_arr_time,110,0,0.4085224073669454
fl-train-0120-src,120,0,0.0824419818867335
fl-train-0120-flight,120,0,0.0824419818867335
fl-train-0120-sched_dep_time,120,0,0.0824419818867335
fl-train-0120-act_dep_time,120,1,0.6935625106767606
fl-train-0120-sched_arr_time,120,0,0.09413462729482985
fl-train-0120-act_arr_time,120,1,0.7414987235785091
fl-train-0121-src,121,0,0.0804349544913777
fl-train-0121-flight,121,0,0.0804349544913777
fl-train-0121-sched_dep_time,121,1,0.9665999417082795
fl-train-0121-act_dep_time,121,1,0.17180024011673437
fl-train-0121-sched_arr_time,121,1,0.8900220394685313
fl-train-0121-act_arr_time,121,1,0.6763402871573864
fl-train-0122-src,122,0,0.08386316792997776
fl-train-0122-flight,122,0,0.08386316792997776
fl-train-0122-sched_dep_time,122,0,0.18816274148426002
fl-train-0122-act_dep_time,122,1,0.8879464569255463
fl-train-0122-sched_arr_time,122,1,0.9369039736964218
fl-train-0122-act_arr_time,122,1,0.9455721699039151
fl-train-0124-src,124,0,0.08105937003756486
fl-train-0124-flight,124,0,0.2339547091531984
fl-train-0124-sched_dep_time,124,1,0.9660544001243689
fl-train-0124-act_dep_time,124,1,0.9240489146828205
fl-train-0124-sched_arr_time,124,1,0.9579434097400905
fl-train-0124-act_arr_time,124,1,0.9609904436213926
fl-train-0125-src,125,0,0.08166428920249148
fl-train-0125-flight,125,0,0.08166428920249148
fl-train-0125-sched_dep_time,125,1,0.9216934187263415
fl-train-0125-act_dep_time,125,1,0.18479294568609328
fl-train-0125-sched_arr_time,125,1,0.7825945150177436
fl-train-0125-act_arr_time,125,1,0.5042556740268697
fl-train-0128-src,128,0,0.08332358076015835
fl-train-0128-flight,128,0,0.08332358076015835
fl-train-0128-sched_dep_time,128,0,0.08332358076015835
fl-train-0128-act_dep_time,128,1,0.4833713965867981
fl-train-0128-sched_arr_time,128,0,0.1749282333490431
fl-train-0128-act_arr_time,128,1,0.5992315099065998
fl-train-0129-src,129,0,0.08176378956836274
fl-train-0129-flight,129,0,0.08176378956836274
fl-train-0129-sched_dep_time,129,0,0.08176378956836274
fl-train-0129-act_dep_time,129,1,0.19671767537848525
fl-train-0129-sched_arr_time,129,0,0.09333483650409817
fl-train-0129-act_arr_time,129,1,0.6726775301853744
fl-train-0132-src,132,0,0.08333105903914949
fl-train-0132-flight,132,0,0.08333105903914949
fl-train-0132-sched_dep_time,132,1,0.9604272557015142
fl-train-0132-act_dep_time,132,0,0.08333105903914949
fl-train-0132-sched_arr_time,132,1,0.9281325294116806
fl-train-0132-act_arr_time,132,1,0.5673080181794292
fl-train-0133-src,133,0,0.08134473349537619
fl-train-0133-flight,133,0,0.08134473349537619
fl-train-0133-sched_dep_time,133,1,0.924771254816568
fl-train-0133-act_dep_time,133,1,0.329669712725046
fl-train-0133-sched_arr_time,133,1,0.7639440811246317
fl-train-0133-act_arr_time,133,1,0.3652442809226691
fl-train-0136-src,136,0,0.08231146446544745
fl-train-0136-flight,136,0,0.08231146446544745
fl-train-0136-sched_dep_time,136,1,0.9295794813908819
fl-train-0136-act_dep_time,136,1,0.5195951335534189
fl-train-0136-sched_arr_time,136,1,0.8579642269305202
fl-train-0136-act_arr_time,136,1,0.44167942980235786
fl-train-0144-src,144,0,0.08457424848625437
fl-train-0144-flight,144,0,0.08457424848625437
fl-train-0144-sched_dep_time,144,1,0.9572445932233707
fl-train-0144-act_dep_time,144,1,0.10354565768326146
fl-train-0144-sched_arr_time,144,1,0.8816498431240926
fl-train-0144-act_arr_time,144,1,0.30534285863917443
fl-train-0146-src,146,0,0.08223703227927563
fl-train-0146-flight,146,0,0.08223703227927563
fl-train-0146-sched_dep_time,146,0,0.08223703227927563
fl-train-0146-act_dep_time,146,1,0.5839959684135777
fl-train-0146-sched_arr_time,146,0,0.22440641394072955
fl-train-0146-act_arr_time,146,1,0.6030417005462723
fl-train-0154-src,154,0,0.08157037608274222
fl-train-0154-flight,154,0,0.08157037608274222
fl-train-0154-sched_dep_time,154,1,0.9535005889756878
fl-train-0154-act_dep_time,154,1,0.2667890134497167
fl-train-0154-sched_arr_time,154,1,0.7689652495450194
fl-train-0154-act_arr_time,154,1,0.17303113690530111
fl-train-0156-src,156,0,0.08261916122936046
fl-train-0156-flight,156,0,0.08261916122936046
fl-train-0156-sched_dep_time,156,0,0.08261916122936046
fl-train-0156-act_dep_time,156,1,0.2357912955949066
fl-train-0156-sched_arr_time,156,0,0.1729889074191451
fl-train-0156-act_arr_time,156,1,0.8820283461022119
fl-train-0164-src,164,0,0.08002273666230822
fl-train-0164-flight,164,0,0.08002273666230822
fl-train-0164-sched_dep_time,164,1,0.9539512241365188
fl-train-0164-act_dep_time,164,1,0.23461837409555678
fl-train-0164-sched_arr_time,164,1,0.9164487525711059
fl-train-0164-act_arr_time,164,1,0.5422183491813244
fl-train-0176-src,176,0,0.0835285303676162
fl-train-0176-flight,176,0,0.0835285303676162
fl-train-0176-sched_dep_time,176,0,0.0835285303676162
fl-train-0176-act_dep_time,176,1,0.16434563809209268
fl-train-0176-sched_arr_time,176,0,0.4842627029480231
fl-train-0176-act_arr_time,176,1,0.9005477936719454
fl-train-0186-src,186,0,0.08181242819199172
fl-train-0186-flight,186,0,0.11537977220621672
fl-train-0186-sched_dep_time,186,1,0.1966716120575339
fl-train-0186-act_dep_time,186,1,0.6892828657291407
fl-train-0186-sched_arr_time,186,0,0.8405918996072286
fl-train-0186-act_arr_time,186,1,0.9671324881118212
fl-train-0187-src,187,0,0.08232931531557498
fl-train-0187-flight,187,0,0.08232931531557498
fl-train-0187-sched_dep_time,187,1,0.9659788628388998
fl-train-0187-act_dep_time,187,1,0.5461101025881873
fl-train-0187-sched_arr_time,187,1,0.9104212641346588
fl-train-0187-act_arr_time,187,1,0.6410996400542864
fl-train-0189-src,189,0,0.08476056729651187
fl-train-0189-flight,189,0,0.08476056729651187
fl-train-0189-sched_dep_time,189,0,0.08476056729651187
fl-train-0189-act_dep_time,189,1,0.2859978089008279
fl-train-0189-sched_arr_time,189,0,0.5044374042062897
fl-train-0189-act_arr_time,189,1,0.8847956498695518
fl-train-0193-src,193,0,0.08084054207505637
fl-train-0193-flight,193,0,0.08084054207505637
fl-train-0193-sched_dep_time,193,0,0.08084054207505637
fl-train-0193-act_dep_time,193,1,0.9672135585415912
fl-train-0193-sched_arr_time,193,0,0.2493921711187701
fl-train-0193-act_arr_time,193,1,0.9672135585415912
fl-train-0198-src,198,0,0.08134473349537619
fl-train-0198-flight,198,0,0.08134473349537619
fl-train-0198-sched_dep_time,198,0,0.08134473349537619
fl-train-0198-act_dep_time,198,1,0.08134473349537619
fl-train-0198-sched_arr_time,198,0,0.08134473349537619
fl-train-0198-act_arr_time,198,0,0.40235366683970514
fl-train-0201-src,201,0,0.08171877812443848
fl-train-0201-flight,201,0,0.08171877812443848
fl-train-0201-sched_dep_time,201,0,0.08171877812443848
fl-train-0201-act_dep_time,201,1,0.08171877812443848
fl-train-0201-sched_arr_time,201,0,0.08171877812443848
fl-train-0201-act_arr_time,201,1,0.08171877812443848
fl-train-0203-src,203,0,0.08290283833943198
fl-train-0203-flight,203,0,0.08290283833943198
fl-train-0203-sched_dep_time,203,0,0.08290283833943198
fl-train-0203-act_dep_time,203,0,0.08290283833943198
fl-train-0203-sched_arr_time,203,0,0.08290283833943198
fl-train-0203-act_arr_time,203,1,0.13440337219811613
fl-train-0212-src,212,0,0.08077882866250909
fl-train-0212-flight,212,0,0.08077882866250909
fl-train-0212-sched_dep_time,212,0,0.10625532957489775
fl-train-0212-act_dep_time,212,1,0.9352572105251578
fl-train-0212-sched_arr_time,212,1,0.8039848950515767
fl-train-0212-act_arr_time,212,1,0.9666273621204061
fl-train-0213-src,213,0,0.0809870045882537
fl-train-0213-flight,213,0,0.0809870045882537
fl-train-0213-sched_dep_time,213,0,0.0809870045882537
fl-train-0213-act_dep_time,213,1,0.9676225368999664
fl-train-0213-sched_arr_time,213,0,0.36740683332514035
fl-train-0213-act_arr_time,213,1,0.9676225368999664
fl-train-0237-src,237,0,0.08421651957913188
fl-train-0237-flight,237,0,0.08421651957913188
fl-train-0237-sched_dep_time,237,0,0.15625565016937412
fl-train-0237-act_dep_time,237,0,0.1562556509221336
fl-train-0237-sched_arr_time,237,0,0.6833708251686684
fl-train-0237-act_arr_time,237,1,0.948236207772894
fl-train-0239-src,239,0,0.08084132202212918
fl-train-0239-flight,239,0,0.08084132202212918
fl-train-0239-sched_dep_time,239,0,0.08084132202212918
fl-train-0239-act_dep_time,239,0,0.4618590049221171
fl-train-0239-sched_arr_time,239,0,0.28034248392379596
fl-train-0239-act_arr_time,239,1,0.9410146595494902
fl-train-0251-src,251,0,0.09354929389668538
fl-train-0251-flight,251,0,0.08198089094718221
fl-train-0251-sched_dep_time,251,0,0.08198089094718221
fl-train-0251-act_dep_time,251,0,0.17312739061500756
fl-train-0251-sched_arr_time,251,0,0.16216135361101522
fl-train-0251-act_arr_time,251,1,0.5414108534173906
fl-train-0256-src,256,0,0.19720676786471716
fl-train-0256-flight,256,0,0.0819687391758206
fl-train-0256-sched_dep_time,256,0,0.0819687391758206
fl-train-0256-act_dep_time,256,1,0.690614694304955
fl-train-0256-sched_arr_time,256,0,0.2827306345237975
fl-train-0256-act_arr_time,256,1,0.7232477507016895
fl-train-0257-src,257,0,0.25125617839937303
fl-train-0257-flight,257,0,0.08198089094718221
fl-train-0257-sched_dep_time,257,0,0.08198089094718221
fl-train-0257-act_dep_time,257,1,0.40508703614974956
fl-train-0257-sched_arr_time,257,0,0.2981637202279726
fl-train-0257-act_arr_time,257,1,0.6178568834478322
fl-train-0260-src,260,0,0.08048359311500669
fl-train-0260-flight,260,0,0.08048359311500669
fl-train-0260-sched_dep_time,260,0,0.09201366194252701
fl-train-0260-act_dep_time,260,1,0.08048359311500669
fl-train-0260-sched_arr_time,260,0,0.2084451798957879
fl-train-0260-act_arr_time,260,1,0.25056935989388335
fl-train-0265-src,265,0,0.24112990496362732
fl-train-0265-flight,265,0,0.08426153102305615
fl-train-0265-sched_dep_time,265,0,0.1184616765904775
fl-train-0265-act_dep_time,265,1,0.2557345367696738
fl-train-0265-sched_arr_time,265,0,0.15523183824354178
fl-train-0265-act_arr_time,265,1,0.5651021944569417
fl-train-0266-src,266,0,0.1035372797103044
fl-train-0266-flight,266,0,0.08476056729651187
fl-train-0266-sched_dep_time,266,0,0.08476056729651187
fl-train-0266-act_dep_time,266,1,0.14555735787688273
fl-train-0266-sched_arr_time,266,0,0.11097751455074216
fl-train-0266-act_arr_time,266,1,0.5624012336926822
fl-train-0270-src,270,0,0.18541398761808248
fl-train-0270-flight,270,0,0.10871541450077525
fl-train-0270-sched_dep_time,270,0,0.08291136293108885
fl-train-0270-act_dep_time,270,1,0.1739235102288088
fl-train-0270-sched_arr_time,270,0,0.44219167133969
fl-train-0270-act_arr_time,270,1,0.8989262741171126
fl-train-0274-src,274,0,0.13344137749523732
fl-train-0274-flight,274,0,0.08275083768337418
fl-train-0274-sched_dep_time,274,0,0.08275083768337418
fl-train-0274-act_dep_time,274,1,0.18542074086849006
fl-train-0274-sched_arr_time,274,0,0.1629586854213938
fl-train-0274-act_arr_time,274,1,0.48177831597136206
fl-train-0278-src,278,0,0.15198691518621876
fl-train-0278-flight,278,0,0.0819687391758206
fl-train-0278-sched_dep_time,278,0,0.0819687391758206
fl-train-0278-act_dep_time,278,1,0.23732509624898315
fl-train-0278-sched_arr_time,278,0,0.18502615915967813
fl-train-0278-act_arr_time,278,1,0.6559641965221271
fl-train-0283-src,283,0,0.17177951591507326
fl-train-0283-flight,283,0,0.08048359311500669
fl-train-0283-sched_dep_time,283,0,0.1404193874455285
fl-train-0283-act_dep_time,283,0,0.4649051362283949
fl-train-0283-sched_arr_time,283,0,0.42561397736978573
fl-train-0283-act_arr_time,283,1,0.9285602768825502
fl-train-0292-src,292,0,0.2218996563101597
fl-train-0292-flight,292,0,0.08144385477559261
fl-train-0292-sched_dep_time,292,0,0.08144385477559261
fl-train-0292-act_dep_time,292,1,0.09981772748594443
fl-train-0292-sched_arr_time,292,0,0.18380398453943628
fl-train-0292-act_arr_time,292,1,0.598319776442075
fl-train-0294-src,294,0,0.19796943564400357
fl-train-0294-flight,294,0,0.08212436570811714
fl-train-0294-sched_dep_time,294,0,0.08212436570811714
fl-train-0294-act_dep_time,294,1,0.6582101487615559
fl-train-0294-sched_arr_time,294,0,0.2681727945030859
fl-train-0294-act_arr_time,294,1,0.7700013380807303
fl-train-0296-src,296,0,0.3187640369241833
fl-train-0296-flight,296,0,0.08476056729651187
fl-train-0296-sched_dep_time,296,0,0.08476056729651187
fl-train-0296-act_dep_time,296,1,0.465631527680133
fl-train-0296-sched_arr_time,296,0,0.17701587895498602
fl-train-0296-act_arr_time,296,1,0.721200602627475
fl-train-0297-src,297,0,0.2730466101538188
fl-train-0297-flight,297,0,0.08457424848625437
fl-train-0297-sched_dep_time,297,0,0.08457424848625437
fl-train-0297-act_dep_time,297,1,0.21522909445057414
fl-train-0297-sched_arr_time,297,0,0.1562018652231368
fl-train-0297-act_arr_time,297,1,0.4714286600327385
fl-train-0298-src,298,0,0.1164799605121108
fl-train-0298-flight,298,0,0.08269594920347519
fl-train-0298-sched_dep_time,298,0,0.08269594920347519
fl-train-0298-act_dep_time,298,1,0.1743479725090741
fl-train-0298-sched_arr_time,298,0,0.08269594920347519
fl-train-0298-act_arr_time,298,1,0.6900305367713654
fl-train-0302-src,302,0,0.1314956560212023
fl-train-0302-flight,302,0,0.08118589134471446
fl-train-0302-sched_dep_time,302,0,0.08118589134471446
fl-train-0302-act_dep_time,302,1,0.1608905886987008
fl-train-0302-sched_arr_time,302,0,0.652845906199451
fl-train-0302-act_arr_time,302,1,0.6876195202232186
fl-train-0303-src,303,0,0.2645893193709274
fl-train-0303-flight,303,0,0.08095320864621487
fl-train-0303-sched_dep_time,303,0,0.08602728643466158
fl-train-0303-act_dep_time,303,1,0.42254382198636203
fl-train-0303-sched_arr_time,303,0,0.2964012835111071
fl-train-0303-act_arr_time,303,1,0.5596702384308947
fl-train-0309-src,309,0,0.25178742915774976
fl-train-0309-flight,309,0,0.08166428920249148
fl-train-0309-sched_dep_time,309,0,0.08166428920249148
fl-train-0309-act_dep_time,309,1,0.7396016626685412
fl-train-0309-sched_arr_time,309,0,0.08166428920249148
fl-train-0309-act_arr_time,309,1,0.7080493268862617
fl-train-0312-src,312,0,0.26862516221021143
fl-train-0312-flight,312,0,0.09526587321570675
fl-train-0312-sched_dep_time,312,0,0.08357716899124519
fl-train-0312-act_dep_time,312,1,0.35179652136687595
fl-train-0312-sched_arr_time,312,0,0.48387844644937467
fl-train-0312-act_arr_time,312,1,0.7515255240487523
fl-train-0314-src,314,0,0.2271049111792254
fl-train-0314-flight,314,0,0.08426153102305615
fl-train-0314-sched_dep_time,314,0,0.08426153102305615
fl-train-0314-act_dep_time,314,1,0.6920446314196053
fl-train-0314-sched_arr_time,314,0,0.16576998601938495
fl-train-0314-act_arr_time,314,1,0.657725816692153
fl-train-0324-src,324,0,0.0814574000665347
fl-train-0324-flight,324,0,0.0814574000665347
fl-train-0324-sched_dep_time,324,0,0.0814574000665347
fl-train-0324-act_dep_time,324,1,0.0814574000665347
fl-train-0324-sched_arr_time,324,0,0.0814574000665347
fl-train-0324-act_arr_time,324,1,0.0814574000665347
fl-train-0357-src,357,0,0.15981413688560106
fl-train-0357-flight,357,0,0.08066100694448647
fl-train-0357-sched_dep_time,357,1,0.9664285899836583
fl-train-0357-act_dep_time,357,1,0.32828256222346425
fl-train-0357-sched_arr_time,357,1,0.9129788945271148
fl-train-0357-act_arr_time,357,1,0.45872424109671633
fl-train-0365-src,365,0,0.08337221938378732
fl-train-0365-flight,365,0,0.08337221938378732
fl-train-0365-sched_dep_time,365,0,0.08337221938378732
fl-train-0365-act_dep_time,365,1,0.21130662303959916
fl-train-0365-sched_arr_time,365,0,0.08337221938378732
fl-train-0365-act_arr_time,365,1,0.791984306279775
fl-train-0370-src,370,0,0.12418344331275605
fl-train-0370-flight,370,0,0.08171877812443848
fl-train-0370-sched_dep_time,370,1,0.9694240832795807
fl-train-0370-act_dep_time,370,1,0.4307863841672684
fl-train-0370-sched_arr_time,370,1,0.8922205869641893
fl-train-0370-act_arr_time,370,1,0.6080369282396553
fl-train-0379-src,379,0,0.0815565213467511
fl-train-0379-flight,379,0,0.0815565213467511
fl-train-0379-sched_dep_time,379,1,0.9669309003754675
fl-train-0379-act_dep_time,379,1,0.0815565213467511
fl-train-0379-sched_arr_time,379,1,0.9257090890918
fl-train-0379-act_arr_time,379,1,0.6534694325302702
fl-train-0382-src,382,0,0.1846360243800338
fl-train-0382-flight,382,0,0.08226282584181846
fl-train-0382-sched_dep_time,382,1,0.9549368254317168
fl-train-0382-act_dep_time,382,1,0.5004602272242585
fl-train-0382-sched_arr_time,382,1,0.89961283171196
fl-train-0382-act_arr_time,382,1,0.7032245916948496
fl-train-0383-src,383,0,0.08279869635993035
fl-train-0383-flight,383,0,0.08279869635993035
fl-train-0383-sched_dep_time,383,0,0.08279869635993035
fl-train-0383-act_dep_time,383,1,0.7342207307509252
fl-train-0383-sched_arr_time,383,1,0.8839672988898276
fl-train-0383-act_arr_time,383,1,0.9659230762697096
fl-train-0384-src,384,0,0.13027810817673277
fl-train-0384-flight,384,0,0.0802677989982722
fl-train-0384-sched_dep_time,384,1,0.9670648770601146
fl-train-0384-act_dep_time,384,1,0.6155230810471051
fl-train-0384-sched_arr_time,384,1,0.9141801009160546
fl-train-0384-act_arr_time,384,1,0.6870714260948717
fl-train-0388-src,388,0,0.12643548743530916
fl-train-0388-flight,388,0,0.08408199589248626
fl-train-0388-sched_dep_time,388,1,0.9662907163170388
fl-train-0388-act_dep_time,388,1,0.5428274655353444
fl-train-0388-sched_arr_time,388,1,0.9192752551239162
fl-train-0388-act_arr_time,388,1,0.6185839012525783
fl-train-0391-src,391,0,0.11523280327886283
fl-train-0391-flight,391,0,0.08156052761211068
fl-train-0391-sched_dep_time,391,1,0.9536469741446111
fl-train-0391-act_dep_time,391,1,0.6573444584350555
fl-train-0391-sched_arr_time,391,1,0.922047365818778
fl-train-0391-act_arr_time,391,1,0.6920420369650045
fl-train-0392-src,392,0,0.09343459786274351
fl-train-0392-flight,392,0,0.08171877812443848
fl-train-0392-sched_dep_time,392,1,0.9619462702669564
fl-train-0392-act_dep_time,392,0,0.5100844904916845
fl-train-0392-sched_arr_time,392,1,0.8015437859302397
fl-train-0392-act_arr_time,392,1,0.5299862576620517
fl-train-0393-src,393,0,0.08457424848625437
fl-train-0393-flight,393,0,0.08457424848625437
fl-train-0393-sched_dep_time,393,0,0.08457424848625437
fl-train-0393-act_dep_time,393,1,0.4910532169701794
fl-train-0393-sched_arr_time,393,0,0.10354565834412682
fl-train-0393-act_arr_time,393,1,0.7283415194558925
fl-train-0394-src,394,0,0.08185060801274897
fl-train-0394-flight,394,0,0.08185060801274897
fl-train-0394-sched_dep_time,394,1,0.9657335230795239
fl-train-0394-act_dep_time,394,1,0.16128835012952944
fl-train-0394-sched_arr_time,394,1,0.9657335230795239
fl-train-0394-act_arr_time,394,1,0.5563417153028737
fl-train-0396-src,396,0,0.12495481046079197
fl-train-0396-flight,396,0,0.08300364596738823
fl-train-0396-sched_dep_time,396,1,0.9660779330432944
fl-train-0396-act_dep_time,396,1,0.4817993829065905
fl-train-0396-sched_arr_time,396,1,0.9296395519416175
fl-train-0396-act_arr_time,396,1,0.6699214487460713
fl-train-0399-src,399,0,0.1538770742467182
fl-train-0399-flight,399,0,0.0832904248531936
fl-train-0399-sched_dep_time,399,1,0.9673011932527844
fl-train-0399-act_dep_time,399,1,0.6746739723161159
fl-train-0399-sched_arr_time,399,1,0.8950219398761843
fl-train-0399-act_arr_time,399,1,0.657206008874009
fl-train-0402-src,402,0,0.08222595328314619
fl-train-0402-flight,402,0,0.08222595328314619
fl-train-0402-sched_dep_time,402,1,0.9657743947882329
fl-train-0402-act_dep_time,402,1,0.4988238792360605
fl-train-0402-sched_arr_time,402,1,0.89123318670622
fl-train-0402-act_arr_time,402,1,0.5377932228715362
fl-train-0405-src,405,0,0.10021891682380951
fl-train-0405-flight,405,0,0.08176378956836274
fl-train-0405-sched_dep_time,405,1,0.9651179216391176
fl-train-0405-act_dep_time,405,1,0.20946548860454728
fl-train-0405-sched_arr_time,405,1,0.8512648340062826
fl-train-0405-act_arr_time,405,0,0.31504376276341123
fl-train-0409-src,409,0,0.08163289306142184
fl-train-0409-flight,409,0,0.08163289306142184
fl-train-0409-sched_dep_time,409,0,0.11499210789496649
fl-train-0409-act_dep_time,409,1,0.9348872445664892
fl-train-0409-sched_arr_time,409,1,0.867641430057283
fl-train-0409-act_arr_time,409,1,0.9641362887534896
fl-train-0411-src,411,0,0.13313748101847012
fl-train-0411-flight,411,0,0.08176741674806746
fl-train-0411-sched_dep_time,411,1,0.969275594242451
fl-train-0411-act_dep_time,411,1,0.7880795511322739
fl-train-0411-sched_arr_time,411,1,0.9672167352160348
fl-train-0411-act_arr_time,411,1,0.9645947774917277
fl-train-0412-src,412,0,0.09936276456905369
fl-train-0412-flight,412,0,0.0809870045882537
fl-train-0412-sched_dep_time,412,1,0.9532347477352175
fl-train-0412-act_dep_time,412,1,0.26543157916517707
fl-train-0412-sched_arr_time,412,1,0.9024028993425809
fl-train-0412-act_arr_time,412,1,0.5223258086994509
fl-train-0418-src,418,0,0.12480627797892506
fl-train-0418-flight,418,0,0.08269594920347519
fl-train-0418-sched_dep_time,418,1,0.9648586026054908
fl-train-0418-act_dep_time,418,1,0.5233954996429415
fl-train-0418-sched_arr_time,418,1,0.8942543454053175
fl-train-0418-act_arr_time,418,1,0.406747652483284
fl-train-0423-src,423,0,0.15519286620692133
fl-train-0423-flight,423,0,0.08406811753743564
fl-train-0423-sched_dep_time,423,1,0.9598336963140744
fl-train-0423-act_dep_time,423,1,0.6047239276318462
fl-train-0423-sched_arr_time,423,1,0.8718346306443053
fl-train-0423-act_arr_time,423,1,0.6233315018397637
fl-train-0424-src,424,0,0.1602289760829486
fl-train-0424-flight,424,0,0.08105937003756486
fl-train-0424-sched_dep_time,424,1,0.9638250398362146
fl-train-0424-act_dep_time,424,1,0.22019734129808657
fl-train-0424-sched_arr_time,424,1,0.898904929384032
fl-train-0424-act_arr_time,424,1,0.3458607897874994
fl-train-0429-src,429,0,0.08095320864621487
fl-train-0429-flight,429,0,0.08095320864621487
fl-train-0429-sched_dep_time,429,0,0.08095320864621487
fl-train-0429-act_dep_time,429,1,0.7210650384587788
fl-train-0429-sched_arr_time,429,0,0.28021968021450233
fl-train-0429-act_arr_time,429,1,0.9013056189775049
fl-train-0447-src,447,0,0.08135157173929325
fl-train-0447-flight,447,0,0.08135157173929325
fl-train-0447-sched_dep_time,447,0,0.11471985208095957
fl-train-0447-act_dep_time,447,1,0.7357016194966383
fl-train-0447-sched_arr_time,447,1,0.7789726202155781
fl-train-0447-act_arr_time,447,1,0.9253986810620743
fl-train-0455-src,455,0,0.08191825651923317
fl-train-0455-flight,455,0,0.09346806296756739
fl-train-0455-sched_dep_time,455,0,0.08191825651923317
fl-train-0455-act_dep_time,455,0,0.08191825651923317
fl-train-0455-sched_arr_time,455,0,0.25083831962225606
fl-train-0455-act_arr_time,455,0,0.7925061281700825
fl-train-0458-src,458,0,0.08368363279940787
fl-train-0458-flight,458,0,0.25409940824616567
fl-train-0458-sched_dep_time,458,1,0.9401528090468344
fl-train-0458-act_dep_time,458,1,0.76683308869154
fl-train-0458-sched_arr_time,458,1,0.9008732106131414
fl-train-0458-act_arr_time,458,0,0.22561900203347207
fl-train-0461-src,461,0,0.0823931087762517
fl-train-0461-flight,461,0,0.0823931087762517
fl-train-0461-sched_dep_time,461,0,0.0823931087762517
fl-train-0461-act_dep_time,461,1,0.0823931087762517
fl-train-0461-sched_arr_time,461,0,0.10096137844473137
fl-train-0461-act_arr_time,461,0,0.0823931087762517
fl-train-0463-src,463,0,0.08285419971580299
fl-train-0463-flight,463,0,0.08805467274127854
fl-train-0463-sched_dep_time,463,0,0.08285419971580299
fl-train-0463-act_dep_time,463,1,0.15388913631120274
fl-train-0463-sched_arr_time,463,0,0.30285030835889415
fl-train-0463-act_arr_time,463,0,0.8347410173761854
fl-train-0475-src,475,0,0.08095320864621487
fl-train-0475-flight,475,0,0.19518945947094815
fl-train-0475-sched_dep_time,475,1,0.9260353067081267
fl-train-0475-act_dep_time,475,1,0.520504088491926
fl-train-0475-sched_arr_time,475,1,0.8781667309833717
fl-train-0475-act_arr_time,475,1,0.500795444529636
fl-train-0478-src,478,0,0.08314404562958845
fl-train-0478-flight,478,0,0.5772880179339874
fl-train-0478-sched_dep_time,478,1,0.9178017861563958
fl-train-0478-act_dep_time,478,0,0.8569721040374699
fl-train-0478-sched_arr_time,478,1,0.8983866029917458
fl-train-0478-act_arr_time,478,1,0.9655797161784259
fl-train-0483-src,483,0,0.08123968511520756
fl-train-0483-flight,483,0,0.14086778171368172
fl-train-0483-sched_dep_time,483,1,0.9486895429514082
fl-train-0483-act_dep_time,483,1,0.4615182868082565
fl-train-0483-sched_arr_time,483,1,0.8778409534603394
fl-train-0483-act_arr_time,483,0,0.7046588030694618
fl-train-0486-src,486,0,0.0840096304431751
fl-train-0486-flight,486,0,0.0840096304431751
fl-train-0486-sched_dep_time,486,0,0.0840096304431751
fl-train-0486-act_dep_time,486,1,0.0840096304431751
fl-train-0486-sched_arr_time,486,0,0.24166748357557877
fl-train-0486-act_arr_time,486,1,0.7978964173664709
fl-train-0490-src,490,0,0.0802677989982722
fl-train-0490-flight,490,0,0.0802677989982722
fl-train-0490-sched_dep_time,490,0,0.0802677989982722
fl-train-0490-act_dep_time,490,0,0.0802677989982722
fl-train-0490-sched_arr_time,490,0,0.0802677989982722
fl-train-0490-act_arr_time,490,1,0.1394898039713481
fl-train-0506-src,506,0,0.08119389372421049
fl-train-0506-flight,506,0,0.13224252108081527
fl-train-0506-sched_dep_time,506,1,0.9689824748129316
fl-train-0506-act_dep_time,506,1,0.19729030519633653
fl-train-0506-sched_arr_time,506,1,0.9182826434312705
fl-train-0506-act_arr_time,506,0,0.7122524703129733
fl-train-0508-src,508,0,0.0851450520345396
fl-train-0508-flight,508,0,0.0851450520345396
fl-train-0508-sched_dep_time,508,0,0.0851450520345396
fl-train-0508-act_dep_time,508,1,0.7956979252579114
fl-train-0508-sched_arr_time,508,0,0.0851450520345396
fl-train-0508-act_arr_time,508,1,0.8311505587428244
fl-train-0511-src,511,0,0.0835285303676162
fl-train-0511-flight,511,0,0.17536301100763452
fl-train-0511-sched_dep_time,511,1,0.9441877957128947
fl-train-0511-act_dep_time,511,1,0.5620982143802422
fl-train-0511-sched_arr_time,511,1,0.7931180267372251
fl-train-0511-act_arr_time,511,1,0.503798459114248
fl-train-0512-src,512,0,0.08163289306142184
fl-train-0512-flight,512,0,0.15096628222154373
fl-train-0512-sched_dep_time,512,1,0.9299488214878147
fl-train-0512-act_dep_time,512,1,0.6515074509281478
fl-train-0512-sched_arr_time,512,1,0.9065560259788485
fl-train-0512-act_arr_time,512,1,0.4604479465252411
fl-train-0515-src,515,0,0.08223703227927563
fl-train-0515-flight,515,0,0.11609082309209194
fl-train-0515-sched_dep_time,515,0,0.14270109139246676
fl-train-0515-act_dep_time,515,0,0.5646957934309337
fl-train-0515-sched_arr_time,515,0,0.603041698930541
fl-train-0515-act_arr_time,515,1,0.8961368791779217
fl-train-0523-src,523,0,0.08084132202212918
fl-train-0523-flight,523,0,0.08084132202212918
fl-train-0523-sched_dep_time,523,0,0.08084132202212918
fl-train-0523-act_dep_time,523,1,0.08084132202212918
fl-train-0523-sched_arr_time,523,0,0.099161702635619
fl-train-0523-act_arr_time,523,0,0.08084132202212918
fl-train-0539-src,539,0,0.0823931087762517
fl-train-0539-flight,539,0,0.0823931087762517
fl-train-0539-sched_dep_time,539,0,0.0823931087762517
fl-train-0539-act_dep_time,539,0,0.0823931087762517
fl-train-0539-sched_arr_time,539,0,0.0823931087762517
fl-train-0539-act_arr_time,539,0,0.0823931087762517
fl-train-0553-src,553,0,0.14318515703070248
fl-train-0553-flight,553,0,0.08311631253854672
fl-train-0553-sched_dep_time,553,0,0.08311631253854672
fl-train-0553-act_dep_time,553,0,0.08311631253854672
fl-train-0553-sched_arr_time,553,0,0.23776398735602988
fl-train-0553-act_arr_time,553,0,0.7498009062335713
fl-train-0555-src,555,0,0.08119104649157857
fl-train-0555-flight,555,0,0.08119104649157857
fl-train-0555-sched_dep_time,555,0,0.08119104649157857
fl-train-0555-act_dep_time,555,0,0.28068764391960793
fl-train-0555-sched_arr_time,555,0,0.42301170895523094
fl-train-0555-act_arr_time,555,0,0.7933016354352866
fl-train-0556-src,556,0,0.08191747657216035
fl-train-0556-flight,556,0,0.08191747657216035
fl-train-0556-sched_dep_time,556,0,0.08191747657216035
fl-train-0556-act_dep_time,556,0,0.08191747657216035
fl-train-0556-sched_arr_time,556,0,0.15149439378428795
fl-train-0556-act_arr_time,556,0,0.1236507669763015
fl-train-0558-src,558,0,0.08535194117049638
fl-train-0558-flight,558,0,0.08535194117049638
fl-train-0558-sched_dep_time,558,0,0.08535194117049638
fl-train-0558-act_dep_time,558,0,0.08535194117049638
fl-train-0558-sched_arr_time,558,0,0.09734718309002617
fl-train-0558-act_arr_time,558,0,0.1682325476793347
fl-train-0562-src,562,0,0.08002273666230822
fl-train-0562-flight,562,0,0.08002273666230822
fl-train-0562-sched_dep_time,562,0,0.08002273666230822
fl-train-0562-act_dep_time,562,0,0.08002273666230822
fl-train-0562-sched_arr_time,562,0,0.17079552046376692
fl-train-0562-act_arr_time,562,0,0.08002273666230822
fl-train-0563-src,563,0,0.08279947630700317
fl-train-0563-flight,563,0,0.08279947630700317
fl-train-0563-sched_dep_time,563,0,0.08279947630700317
fl-train-0563-act_dep_time,563,0,0.08279947630700317
fl-train-0563-sched_arr_time,563,0,0.08279947630700317
fl-train-0563-act_arr_time,563,0,0.08279947630700317
fl-train-0566-src,566,0,0.08249099959601733
fl-train-0566-flight,566,0,0.08249099959601733
fl-train-0566-sched_dep_time,566,0,0.08249099959601733
fl-train-0566-act_dep_time,566,0,0.10101405508556016
fl-train-0566-sched_arr_time,566,0,0.6546206175205621
fl-train-0566-act_arr_time,566,0,0.7521872416265837
fl-train-0575-src,575,0,0.08144385477559261
fl-train-0575-flight,575,0,0.08144385477559261
fl-train-0575-sched_dep_time,575,0,0.08144385477559261
fl-train-0575-act_dep_time,575,0,0.08144385477559261
fl-train-0575-sched_arr_time,575,0,0.09981772818602445
fl-train-0575-act_arr_time,575,0,0.08144385477559261
fl-train-0581-src,581,0,0.08002273666230822
fl-train-0581-flight,581,0,0.08002273666230822
fl-train-0581-sched_dep_time,581,0,0.08002273666230822
fl-train-0581-act_dep_time,581,0,0.08002273666230822
fl-train-0581-sched_arr_time,581,0,0.08002273666230822
fl-train-0581-act_arr_time,581,0,0.08002273666230822
fl-train-0582-src,582,0,0.09365136430783887
fl-train-0582-flight,582,0,0.08205749714870574
fl-train-0582-sched_dep_time,582,0,0.08205749714870574
fl-train-0582-act_dep_time,582,1,0.08205749714870574
fl-train-0582-sched_arr_time,582,0,0.12400148611054358
fl-train-0582-act_arr_time,582,1,0.17341721923385042
fl-train-0586-src,586,0,0.08066100694448647
fl-train-0586-flight,586,0,0.08066100694448647
fl-train-0586-sched_dep_time,586,0,0.08066100694448647
fl-train-0586-act_dep_time,586,0,0.08066100694448647
fl-train-0586-sched_arr_time,586,0,0.08570213819832855
fl-train-0586-act_arr_time,586,0,0.5950755285892008
fl-train-0588-src,588,0,0.08244236097238834
fl-train-0588-flight,588,0,0.08244236097238834
fl-train-0588-sched_dep_time,588,0,0.08244236097238834
fl-train-0588-act_dep_time,588,0,0.08244236097238834
fl-train-0588-sched_arr_time,588,0,0.5229113278690392
fl-train-0588-act_arr_time,588,0,0.522911331574669
fl-train-0594-src,594,0,0.08332358076015835
fl-train-0594-flight,594,0,0.08332358076015835
fl-train-0594-sched_dep_time,594,0,0.08332358076015835
fl-train-0594-act_dep_time,594,0,0.08332358076015835
fl-train-0594-sched_arr_time,594,0,0.11713475184925808
fl-train-0594-act_arr_time,594,0,0.08332358076015835
fl-train-0598-src,598,0,0.22019734025555412
fl-train-0598-flight,598,0,0.08105937003756486
fl-train-0598-sched_dep_time,598,0,0.09248068747112294
fl-train-0598-act_dep_time,598,1,0.4389911923857703
fl-train-0598-sched_arr_time,598,0,0.8023711374280147
fl-train-0598-act_arr_time,598,1,0.912287971875541
fl-train-0600-src,600,0,0.08535194117049638
fl-train-0600-flight,600,0,0.08535194117049638
fl-train-0600-sched_dep_time,600,0,0.08535194117049638
fl-train-0600-act_dep_time,600,1,0.378109391858064
fl-train-0600-sched_arr_time,600,0,0.7741750023785459
fl-train-0600-act_arr_time,600,1,0.8354951329782568
fl-train-0601-src,601,0,0.08030843318422809
fl-train-0601-flight,601,0,0.08030843318422809
fl-train-0601-sched_dep_time,601,0,0.08030843318422809
fl-train-0601-act_dep_time,601,1,0.08030843318422809
fl-train-0601-sched_arr_time,601,0,0.13062109526804103
fl-train-0601-act_arr_time,601,0,0.08030843318422809
fl-train-0602-src,602,0,0.11944498426917466
fl-train-0602-flight,602,0,0.15649680552831788
fl-train-0602-sched_dep_time,602,0,0.09686391913668557
fl-train-0602-act_dep_time,602,0,0.2024013444084292
fl-train-0602-sched_arr_time,602,0,0.6242190805639598
fl-train-0602-act_arr_time,602,0,0.9094768748982407
fl-train-0606-src,606,0,0.08275083768337418
fl-train-0606-flight,606,0,0.08275083768337418
fl-train-0606-sched_dep_time,606,0,0.08275083768337418
fl-train-0606-act_dep_time,606,0,0.08275083768337418
fl-train-0606-sched_arr_time,606,0,0.08275083768337418
fl-train-0606-act_arr_time,606,0,0.08275083768337418
fl-train-0620-src,620,0,0.08191825651923317
fl-train-0620-flight,620,0,0.08191825651923317
fl-train-0620-sched_dep_time,620,0,0.08191825651923317
fl-train-0620-act_dep_time,620,0,0.08191825651923317
fl-train-0620-sched_arr_time,620,0,0.08191825651923317
fl-train-0620-act_arr_time,620,0,0.08191825651923317
fl-train-0624-src,624,0,0.0815565213467511
fl-train-0624-flight,624,0,0.0815565213467511
fl-train-0624-sched_dep_time,624,0,0.0815565213467511
fl-train-0624-act_dep_time,624,1,0.0815565213467511
fl-train-0624-sched_arr_time,624,0,0.1724306383915327
fl-train-0624-act_arr_time,624,0,0.0815565213467511
fl-train-0626-src,626,0,0.08476056729651187
fl-train-0626-flight,626,0,0.08476056729651187
fl-train-0626-sched_dep_time,626,0,0.08476056729651187
fl-train-0626-act_dep_time,626,0,0.08476056729651187
fl-train-0626-sched_arr_time,626,0,0.13615406210347913
fl-train-0626-act_arr_time,626,0,0.10353728018382562
fl-train-0627-src,627,0,0.13537097730288927
fl-train-0627-flight,627,0,0.08386316792997776
fl-train-0627-sched_dep_time,627,0,0.08386316792997776
fl-train-0627-act_dep_time,627,0,0.08386316792997776
fl-train-0627-sched_arr_time,627,0,0.39128598821698635
fl-train-0627-act_arr_time,627,0,0.9026423104121338
fl-train-0629-src,629,0,0.08261916122936046
fl-train-0629-flight,629,0,0.08261916122936046
fl-train-0629-sched_dep_time,629,0,0.08261916122936046
fl-train-0629-act_dep_time,629,0,0.08261916122936046
fl-train-0629-sched_arr_time,629,0,0.29631256863799965
fl-train-0629-act_arr_time,629,1,0.9168629304738644
fl-train-0647-src,647,0,0.0848908502309451
fl-train-0647-flight,647,0,0.10381457794793947
fl-train-0647-sched_dep_time,647,0,0.0848908502309451
fl-train-0647-act_dep_time,647,0,0.10381457951852206
fl-train-0647-sched_arr_time,647,0,0.3213197841357289
fl-train-0647-act_arr_time,647,0,0.8797090401645749
fl-train-0648-src,648,0,0.08212514565518995
fl-train-0648-flight,648,0,0.08212514565518995
fl-train-0648-sched_dep_time,648,0,0.10073218300002451
fl-train-0648-act_dep_time,648,1,0.3348339187674796
fl-train-0648-sched_arr_time,648,0,0.3895613205242631
fl-train-0648-act_arr_time,648,0,0.7705246986707808
fl-train-0650-src,650,0,0.08156052761211068
fl-train-0650-flight,650,0,0.08156052761211068
fl-train-0650-sched_dep_time,650,1,0.9419579041348243
fl-train-0650-act_dep_time,650,1,0.783172946744099
fl-train-0650-sched_arr_time,650,1,0.937480589601798
fl-train-0650-act_arr_time,650,0,0.19695037340312904
fl-train-0660-src,660,0,0.08095320864621487
fl-train-0660-flight,660,0,0.08095320864621487
fl-train-0660-sched_dep_time,660,0,0.08095320864621487
fl-train-0660-act_dep_time,660,0,0.1405154241078724
fl-train-0660-sched_arr_time,660,0,0.08095320864621487
fl-train-0660-act_arr_time,660,1,0.20787874313319274
fl-train-0662-src,662,0,0.08038046556943071
fl-train-0662-flight,662,0,0.08038046556943071
fl-train-0662-sched_dep_time,662,1,0.9558344008795484
fl-train-0662-act_dep_time,662,1,0.4794912603020121
fl-train-0662-sched_arr_time,662,1,0.9076687225698828
fl-train-0662-act_arr_time,662,0,0.479491259613158
fl-train-0669-src,669,0,0.08171877812443848
fl-train-0669-flight,669,0,0.08171877812443848
fl-train-0669-sched_dep_time,669,1,0.9673726777245206
fl-train-0669-act_dep_time,669,1,0.5497930344114103
fl-train-0669-sched_arr_time,669,1,0.9619462702669564
fl-train-0669-act_arr_time,669,0,0.3021913393943406
fl-train-0673-src,673,0,0.08285419971580299
fl-train-0673-flight,673,0,0.08285419971580299
fl-train-0673-sched_dep_time,673,0,0.08285419971580299
fl-train-0673-act_dep_time,673,1,0.4894290885217778
fl-train-0673-sched_arr_time,673,0,0.69598656591486
fl-train-0673-act_arr_time,673,1,0.9386266243111386
fl-train-0679-src,679,0,0.08123890516813474
fl-train-0679-flight,679,0,0.08123890516813474
fl-train-0679-sched_dep_time,679,1,0.9668393686823018
fl-train-0679-act_dep_time,679,1,0.5974222937096815
fl-train-0679-sched_arr_time,679,1,0.930746905436613
fl-train-0679-act_arr_time,679,1,0.6161952872212278
fl-train-0692-src,692,0,0.08476056729651187
fl-train-0692-flight,692,0,0.08476056729651187
fl-train-0692-sched_dep_time,692,0,0.08476056729651187
fl-train-0692-act_dep_time,692,1,0.5431900593345328
fl-train-0692-sched_arr_time,692,0,0.15549311751879122
fl-train-0692-act_arr_time,692,1,0.8588109341525832
fl-train-0693-src,693,0,0.08123968511520756
fl-train-0693-flight,693,0,0.2354021342693128
fl-train-0693-sched_dep_time,693,0,0.1146226692085236
fl-train-0693-act_dep_time,693,1,0.17195513292880707
fl-train-0693-sched_arr_time,693,0,0.6880090577920099
fl-train-0693-act_arr_time,693,0,0.9590443613718104
fl-train-0702-src,702,0,0.08156052761211068
fl-train-0702-flight,702,0,0.08156052761211068
fl-train-0702-sched_dep_time,702,1,0.9657852260653507
fl-train-0702-act_dep_time,702,1,0.20976395221571056
fl-train-0702-sched_arr_time,702,1,0.9098940593274761
fl-train-0702-act_arr_time,702,1,0.4651566533756786
fl-train-0703-src,703,0,0.08311631253854672
fl-train-0703-flight,703,0,0.08311631253854672
fl-train-0703-sched_dep_time,703,1,0.9242597053060572
fl-train-0703-act_dep_time,703,1,0.5402486468350188
fl-train-0703-sched_arr_time,703,1,0.8483397730726985
fl-train-0703-act_arr_time,703,1,0.4623870843927576
fl-train-0709-src,709,0,0.08406811753743564
fl-train-0709-flight,709,0,0.2560674300951957
fl-train-0709-sched_dep_time,709,0,0.08406811753743564
fl-train-0709-act_dep_time,709,1,0.22732131408212475
fl-train-0709-sched_arr_time,709,0,0.809394599589289
fl-train-0709-act_arr_time,709,1,0.9566946357156755
fl-train-0719-src,719,0,0.08332358076015835
fl-train-0719-flight,719,0,0.08332358076015835
fl-train-0719-sched_dep_time,719,0,0.08332358076015835
fl-train-0719-act_dep_time,719,0,0.08332358076015835
fl-train-0719-sched_arr_time,719,0,0.2113670431573099
fl-train-0719-act_arr_time,719,0,0.08332358076015835
fl-train-0729-src,729,0,0.2839908595605032
fl-train-0729-flight,729,0,0.081306560295369
fl-train-0729-sched_dep_time,729,1,0.9668395023119446
fl-train-0729-act_dep_time,729,0,0.317445004503308
fl-train-0729-sched_arr_time,729,1,0.9293637296599827
fl-train-0729-act_arr_time,729,1,0.7121582819129676
fl-train-0735-src,735,0,0.19716070294481483
fl-train-0735-flight,735,0,0.08201737779944958
fl-train-0735-sched_dep_time,735,1,0.9562393714773787
fl-train-0735-act_dep_time,735,1,0.25177450085953873
fl-train-0735-sched_arr_time,735,1,0.9018603557806005
fl-train-0735-act_arr_time,735,1,0.48362420683901436
fl-train-0737-src,737,0,0.0807926833985002
fl-train-0737-flight,737,0,0.0807926833985002
fl-train-0737-sched_dep_time,737,0,0.11416382327765122
fl-train-0737-act_dep_time,737,1,0.8790270520943803
fl-train-0737-sched_arr_time,737,1,0.7527995669695388
fl-train-0737-act_arr_time,737,1,0.9626064188693925
fl-train-0745-src,745,0,0.152883944754024
fl-train-0745-flight,745,0,0.1088609285874082
fl-train-0745-sched_dep_time,745,1,0.9638601751008974
fl-train-0745-act_dep_time,745,1,0.5013081756558861
fl-train-0745-sched_arr_time,745,1,0.9062747364231175
fl-train-0745-act_arr_time,745,1,0.669921454782333
fl-train-0748-src,748,0,0.1507365942421479
fl-train-0748-flight,748,0,0.09284828879265501
fl-train-0748-sched_dep_time,748,1,0.9667760436018827
fl-train-0748-act_dep_time,748,1,0.3132201236734841
fl-train-0748-sched_arr_time,748,1,0.9073853476119651
fl-train-0748-act_arr_time,748,1,0.461091269481755
fl-train-0750-src,750,0,0.21260755561352143
fl-train-0750-flight,750,0,0.09581307116030037
fl-train-0750-sched_dep_time,750,1,0.9662907163170388
fl-train-0750-act_dep_time,750,0,0.6185839012525783
fl-train-0750-sched_arr_time,750,1,0.9248748751286892
fl-train-0750-act_arr_time,750,1,0.5234276609081264
fl-train-0754-src,754,0,0.22116719186116218
fl-train-0754-flight,754,0,0.08173794144159047
fl-train-0754-sched_dep_time,754,1,0.9429959080635957
fl-train-0754-act_dep_time,754,0,0.34671630061113157
fl-train-0754-sched_arr_time,754,1,0.8750246049949671
fl-train-0754-act_arr_time,754,1,0.5945348855479383
fl-train-0757-src,757,0,0.42481935602399507
fl-train-0757-flight,757,0,0.48351812035450553
fl-train-0757-sched_dep_time,757,1,0.9566827539713261
fl-train-0757-act_dep_time,757,0,0.8953594726001611
fl-train-0757-sched_arr_time,757,1,0.9270202526825496
fl-train-0757-act_arr_time,757,1,0.9676551670082404
fl-train-0762-src,762,0,0.3148845815595983
fl-train-0762-flight,762,0,0.13345839238225032
fl-train-0762-sched_dep_time,762,1,0.9660675142177525
fl-train-0762-act_dep_time,762,1,0.31488457507189965
fl-train-0762-sched_arr_time,762,1,0.8843264878288958
fl-train-0762-act_arr_time,762,1,0.7910548965656643
fl-train-0764-src,764,0,0.26795265859987116
fl-train-0764-flight,764,0,0.08633390991133816
fl-train-0764-sched_dep_time,764,1,0.951506240638815
fl-train-0764-act_dep_time,764,1,0.586357494599393
fl-train-0764-sched_arr_time,764,1,0.9436068536774519
fl-train-0764-act_arr_time,764,1,0.6055302199038057
fl-train-0769-src,769,0,0.2730466081705326
fl-train-0769-flight,769,0,0.08457424848625437
fl-train-0769-sched_dep_time,769,1,0.9603482029190369
fl-train-0769-act_dep_time,769,1,0.5692232760055518
fl-train-0769-sched_arr_time,769,1,0.9332034299722425
fl-train-0769-act_arr_time,769,1,0.5692232763962671
fl-train-0774-src,774,0,0.3369169425243281
fl-train-0774-flight,774,0,0.12687847228752713
fl-train-0774-sched_dep_time,774,1,0.9592114664766629
fl-train-0774-act_dep_time,774,1,0.2411299038117309
fl-train-0774-sched_arr_time,774,1,0.7953597075351043
fl-train-0774-act_arr_time,774,1,0.5067847995277264
fl-train-0787-src,787,0,0.3650459246068484
fl-train-0787-flight,787,0,0.14225811646244158
fl-train-0787-sched_dep_time,787,1,0.937606205063387
fl-train-0787-act_dep_time,787,1,0.40176295231182807
fl-train-0787-sched_arr_time,787,1,0.8735752343130482
fl-train-0787-act_arr_time,787,1,0.8241124866191599
fl-train-0795-src,795,0,0.18476944426464048
fl-train-0795-flight,795,0,0.08151188898848169
fl-train-0795-sched_dep_time,795,1,0.9680641453666153
fl-train-0795-act_dep_time,795,1,0.9680641453666153
fl-train-0795-sched_arr_time,795,1,0.8963953067172906
fl-train-0795-act_arr_time,795,1,0.8212059737362699
fl-train-0799-src,799,0,0.44447703681172107
fl-train-0799-flight,799,0,0.0871429825651958
fl-train-0799-sched_dep_time,799,0,0.08201737779944958
fl-train-0799-act_dep_time,799,1,0.8069965568113467
fl-train-0799-sched_arr_time,799,1,0.6374745275656944
fl-train-0799-act_arr_time,799,1,0.8069965568113467
fl-train-0801-src,801,0,0.3508147726971947
fl-train-0801-flight,801,0,0.08155162263133298
fl-train-0801-sched_dep_time,801,0,0.08155162263133298
fl-train-0801-act_dep_time,801,1,0.5042378958271602
fl-train-0801-sched_arr_time,801,1,0.44517344431873496
fl-train-0801-act_arr_time,801,1,0.638818885452368
fl-train-0807-src,807,0,0.34875916215416947
fl-train-0807-flight,807,0,0.25062969922465617
fl-train-0807-sched_dep_time,807,1,0.9195001319282389
fl-train-0807-act_dep_time,807,1,0.9134977198145381
fl-train-0807-sched_arr_time,807,1,0.9481599806154678
fl-train-0807-act_arr_time,807,1,0.9665818167178758
fl-train-0810-src,810,0,0.3735531964002434
fl-train-0810-flight,810,0,0.1029055271210683
fl-train-0810-sched_dep_time,810,1,0.9458144552769051
fl-train-0810-act_dep_time,810,1,0.9323935203882842
fl-train-0810-sched_arr_time,810,1,0.9533221531103767
fl-train-0810-act_arr_time,810,1,0.9458144552769051
fl-train-0817-src,817,0,0.08476056729651187
fl-train-0817-flight,817,0,0.08476056729651187
fl-train-0817-sched_dep_time,817,0,0.08476056729651187
fl-train-0817-act_dep_time,817,0,0.08476056729651187
fl-train-0817-sched_arr_time,817,0,0.08476056729651187
fl-train-0817-act_arr_time,817,0,0.08476056729651187
fl-train-0823-src,823,0,0.2212484656766155
fl-train-0823-flight,823,0,0.08123452996834345
fl-train-0823-sched_dep_time,823,1,0.9645278572938573
fl-train-0823-act_dep_time,823,0,0.5000372359937413
fl-train-0823-sched_arr_time,823,1,0.9443371812107944
fl-train-0823-act_arr_time,823,0,0.57805018996307
fl-train-0824-src,824,0,0.0823386198543047
fl-train-0824-flight,824,0,0.0823386198543047
fl-train-0824-sched_dep_time,824,0,0.0823386198543047
fl-train-0824-act_dep_time,824,1,0.16202453662934987
fl-train-0824-sched_arr_time,824,0,0.12397517064837817
fl-train-0824-act_arr_time,824,0,0.34775896550617275
fl-train-0832-src,832,0,0.2631156836805216
fl-train-0832-flight,832,0,0.08077367351564498
fl-train-0832-sched_dep_time,832,1,0.9348358727152442
fl-train-0832-act_dep_time,832,0,0.6138227951496297
fl-train-0832-sched_arr_time,832,1,0.9064169522955193
fl-train-0832-act_arr_time,832,0,0.1139033811516884
fl-train-0833-src,833,0,0.2373311829475706
fl-train-0833-flight,833,0,0.08275083768337418
fl-train-0833-sched_dep_time,833,1,0.9581708613376301
fl-train-0833-act_dep_time,833,0,0.386084723094019
fl-train-0833-sched_arr_time,833,1,0.7783287284193637
fl-train-0833-act_arr_time,833,0,0.40477121000440297
fl-train-0839-src,839,0,0.2590227583318569
fl-train-0839-flight,839,0,0.08514699156303852
fl-train-0839-sched_dep_time,839,1,0.9660786025351583
fl-train-0839-act_dep_time,839,0,0.359039573627256
fl-train-0839-sched_arr_time,839,1,0.8738113043576949
fl-train-0839-act_arr_time,839,0,0.43409025814740687
fl-train-0840-src,840,0,0.19474010896522134
fl-train-0840-flight,840,0,0.08030843318422809
fl-train-0840-sched_dep_time,840,1,0.9678800888643924
fl-train-0840-act_dep_time,840,0,0.14971745710192877
fl-train-0840-sched_arr_time,840,1,0.941800220944719
fl-train-0840-act_arr_time,840,0,0.18260023309147733
fl-train-0846-src,846,0,0.08290283833943198
fl-train-0846-flight,846,0,0.08290283833943198
fl-train-0846-sched_dep_time,846,0,0.08290283833943198
fl-train-0846-act_dep_time,846,0,0.08290283833943198
fl-train-0846-sched_arr_time,846,0,0.08810120080766586
fl-train-0846-act_arr_time,846,0,0.08290283833943198
fl-train-0848-src,848,0,0.33038078644688856
fl-train-0848-flight,848,0,0.08135157173929325
fl-train-0848-sched_dep_time,848,1,0.9521184749878856
fl-train-0848-act_dep_time,848,0,0.578330519246938
fl-train-0848-sched_arr_time,848,1,0.9253986810620743
fl-train-0848-act_arr_time,848,0,0.5199858620315646
fl-train-0853-src,853,0,0.08226282584181846
fl-train-0853-flight,853,0,0.08226282584181846
fl-train-0853-sched_dep_time,853,0,0.08226282584181846
fl-train-0853-act_dep_time,853,0,0.08226282584181846
fl-train-0853-sched_arr_time,853,0,0.08226282584181846
fl-train-0853-act_arr_time,853,0,0.17314268885156917
fl-train-0855-src,855,0,0.10914914446410474
fl-train-0855-flight,855,0,0.08293269594607111
fl-train-0855-sched_dep_time,855,0,0.19976318437237028
fl-train-0855-act_dep_time,855,0,0.35506923131745677
fl-train-0855-sched_arr_time,855,0,0.4892394630293075
fl-train-0855-act_arr_time,855,0,0.9338283597303901
fl-train-0857-src,857,0,0.351796521723752
fl-train-0857-flight,857,0,0.08357716899124519
fl-train-0857-sched_dep_time,857,1,0.9479580740671244
fl-train-0857-act_dep_time,857,0,0.483878451667129
fl-train-0857-sched_arr_time,857,1,0.8771318722416038
fl-train-0857-act_arr_time,857,0,0.6543649580462648
fl-train-0860-src,860,0,0.08066616209135058
fl-train-0860-flight,860,0,0.08066616209135058
fl-train-0860-sched_dep_time,860,0,0.08066616209135058
fl-train-0860-act_dep_time,860,0,0.08066616209135058
fl-train-0860-sched_arr_time,860,0,0.08066616209135058
fl-train-0860-act_arr_time,860,0,0.7028741339662513
fl-train-0861-src,861,0,0.30216154401106626
fl-train-0861-flight,861,0,0.08264925010834513
fl-train-0861-sched_dep_time,861,1,0.9683833630974904
fl-train-0861-act_dep_time,861,0,0.5477238202274796
fl-train-0861-sched_arr_time,861,1,0.9285412728070802
fl-train-0861-act_arr_time,861,0,0.547723828280508
fl-train-0864-src,864,0,0.08083331758445608
fl-train-0864-flight,864,0,0.08083331758445608
fl-train-0864-sched_dep_time,864,0,0.08083331758445608
fl-train-0864-act_dep_time,864,0,0.08083331758445608
fl-train-0864-sched_arr_time,864,0,0.08083331758445608
fl-train-0864-act_arr_time,864,0,0.1611758179275485
fl-train-0868-src,868,0,0.08156052761211068
fl-train-0868-flight,868,0,0.08156052761211068
fl-train-0868-sched_dep_time,868,0,0.08156052761211068
fl-train-0868-act_dep_time,868,0,0.1323718821256075
fl-train-0868-sched_arr_time,868,0,0.09315578920885266
fl-train-0868-act_arr_time,868,0,0.2990876277418775
fl-train-0870-src,870,0,0.35634710603123904
fl-train-0870-flight,870,0,0.14622204406134728
fl-train-0870-sched_dep_time,870,1,0.9528316888755043
fl-train-0870-act_dep_time,870,0,0.5086476444404439
fl-train-0870-sched_arr_time,870,1,0.9153286521775033
fl-train-0870-act_arr_time,870,0,0.46957098573803674
fl-train-0887-src,887,0,0.29578886577192537
fl-train-0887-flight,887,0,0.08185060801274897
fl-train-0887-sched_dep_time,887,1,0.9606424004218486
fl-train-0887-act_dep_time,887,0,0.5175120083781263
fl-train-0887-sched_arr_time,887,1,0.9235694402397403
fl-train-0887-act_arr_time,887,0,0.08185060801274897
fl-train-0897-src,897,0,0.08104549168251422
fl-train-0897-flight,897,0,0.08104549168251422
fl-train-0897-sched_dep_time,897,0,0.08104549168251422
fl-train-0897-act_dep_time,897,0,0.08104549168251422
fl-train-0897-sched_arr_time,897,0,0.08104549168251422
fl-train-0897-act_arr_time,897,0,0.08104549168251422
fl-train-0901-src,901,0,0.08285419971580299
fl-train-0901-flight,901,0,0.08285419971580299
fl-train-0901-sched_dep_time,901,0,0.08285419971580299
fl-train-0901-act_dep_time,901,0,0.08285419971580299
fl-train-0901-sched_arr_time,901,0,0.1438630053302429
fl-train-0901-act_arr_time,901,0,0.08285419971580299
fl-train-0903-src,903,0,0.3473453889141396
fl-train-0903-flight,903,0,0.0814574000665347
fl-train-0903-sched_dep_time,903,1,0.9348981518863368
fl-train-0903-act_dep_time,903,0,0.577068371033199
fl-train-0903-sched_arr_time,903,1,0.9190204597636735
fl-train-0903-act_arr_time,903,0,0.34734538745322635
fl-train-0906-src,906,0,0.07991007009114971
fl-train-0906-flight,906,0,0.07991007009114971
fl-train-0906-sched_dep_time,906,0,0.07991007009114971
fl-train-0906-act_dep_time,906,0,0.08496994618118525
fl-train-0906-sched_arr_time,906,0,0.23447897933130327
fl-train-0906-act_arr_time,906,0,0.7961605104634085
fl-train-0908-src,908,0,0.1016677021379635
fl-train-0908-flight,908,0,0.08319268425321744
fl-train-0908-sched_dep_time,908,0,0.08319268425321744
fl-train-0908-act_dep_time,908,0,0.13379799391137068
fl-train-0908-sched_arr_time,908,0,0.3851003378495797
fl-train-0908-act_arr_time,908,0,0.9425587284715885
fl-train-0909-src,909,0,0.08232931531557498
fl-train-0909-flight,909,0,0.08232931531557498
fl-train-0909-sched_dep_time,909,0,0.08232931531557498
fl-train-0909-act_dep_time,909,0,0.08232931531557498
fl-train-0909-sched_arr_time,909,0,0.08232931531557498
fl-train-0909-act_arr_time,909,0,0.5849282835027624
fl-train-0910-src,910,0,0.08457424848625437
fl-train-0910-flight,910,0,0.08457424848625437
fl-train-0910-sched_dep_time,910,0,0.08457424848625437
fl-train-0910-act_dep_time,910,0,0.08457424848625437
fl-train-0910-sched_arr_time,910,0,0.33967445278384073
fl-train-0910-act_arr_time,910,0,0.9423600371444517
fl-train-0912-src,912,0,0.08115815825367273
fl-train-0912-flight,912,0,0.08115815825367273
fl-train-0912-sched_dep_time,912,0,0.08115815825367273
fl-train-0912-act_dep_time,912,1,0.11458378469670068
fl-train-0912-sched_arr_time,912,0,0.15069762295219477
fl-train-0912-act_arr_time,912,1,0.1228354581261748
fl-train-0915-src,915,0,0.15264107672482816
fl-train-0915-flight,915,0,0.08291136293108885
fl-train-0915-sched_dep_time,915,0,0.08291136293108885
fl-train-0915-act_dep_time,915,1,0.5004266201413995
fl-train-0915-sched_arr_time,915,0,0.08291136293108885
fl-train-0915-act_arr_time,915,1,0.7772239554797252
fl-train-0916-src,916,0,0.1002586417555252
fl-train-0916-flight,916,0,0.08181242819199172
fl-train-0916-sched_dep_time,916,0,0.08181242819199172
fl-train-0916-act_dep_time,916,1,0.4827328954924044
fl-train-0916-sched_arr_time,916,0,0.15160353358462939
fl-train-0916-act_arr_time,916,1,0.7374806350813515
fl-train-0927-src,927,0,0.08158425443779285
fl-train-0927-flight,927,0,0.08158425443779285
fl-train-0927-sched_dep_time,927,0,0.08158425443779285
fl-train-0927-act_dep_time,927,1,0.08158425443779285
fl-train-0927-sched_arr_time,927,0,0.20840698750134493
fl-train-0927-act_arr_time,927,1,0.08158425443779285
fl-train-0928-src,928,0,0.08663808244981196
fl-train-0928-flight,928,0,0.08151188898848169
fl-train-0928-sched_dep_time,928,0,0.12352324411824085
fl-train-0928-act_dep_time,928,0,0.4264106424233158
fl-train-0928-sched_arr_time,928,0,0.4655210997605141
fl-train-0928-act_arr_time,928,1,0.9164647982130623
fl-train-0945-src,945,0,0.08279947630700317
fl-train-0945-flight,945,0,0.08279947630700317
fl-train-0945-sched_dep_time,945,0,0.08279947630700317
fl-train-0945-act_dep_time,945,1,0.14275052026165236
fl-train-0945-sched_arr_time,945,0,0.2233975997656583
fl-train-0945-act_arr_time,945,1,0.3858066920180554
fl-train-0951-src,951,0,0.0818682243760237
fl-train-0951-flight,951,0,0.0818682243760237
fl-train-0951-sched_dep_time,951,0,0.0818682243760237
fl-train-0951-act_dep_time,951,0,0.33196675894834066
fl-train-0951-sched_arr_time,951,0,0.3496376870785258
fl-train-0951-act_arr_time,951,1,0.8402583253284117
fl-train-0958-src,958,0,0.08246971497777524
fl-train-0958-flight,958,0,0.08246971497777524
fl-train-0958-sched_dep_time,958,0,0.08246971497777524
fl-train-0958-act_dep_time,958,1,0.38913299599375156
fl-train-0958-sched_arr_time,958,0,0.08246971497777524
fl-train-0958-act_arr_time,958,1,0.7828923096705775
fl-train-0966-src,966,0,0.08535194117049638
fl-train-0966-flight,966,0,0.08535194117049638
fl-train-0966-sched_dep_time,966,0,0.08535194117049638
fl-train-0966-act_dep_time,966,0,0.0973471813743081
fl-train-0966-sched_arr_time,966,0,0.1913930588428996
fl-train-0966-act_arr_time,966,0,0.7601360095564438
fl-train-0968-src,968,0,0.08494010242708176
fl-train-0968-flight,968,0,0.08494010242708176
fl-train-0968-sched_dep_time,968,0,0.08494010242708176
fl-train-0968-act_dep_time,968,1,0.08494010242708176
fl-train-0968-sched_arr_time,968,0,0.27186760405887145
fl-train-0968-act_arr_time,968,1,0.8700886788641742
fl-train-0976-src,976,0,0.08123452996834345
fl-train-0976-flight,976,0,0.08123452996834345
fl-train-0976-sched_dep_time,976,0,0.08123452996834345
fl-train-0976-act_dep_time,976,1,0.08123452996834345
fl-train-0976-sched_arr_time,976,1,0.08123452996834345
fl-train-0976-act_arr_time,976,1,0.08123452996834345
fl-train-0982-src,982,0,0.07991007009114971
fl-train-0982-flight,982,0,0.07991007009114971
fl-train-0982-sched_dep_time,982,1,0.07991007009114971
fl-train-0982-act_dep_time,982,1,0.07991007009114971
fl-train-0982-sched_arr_time,982,1,0.07991007009114971
fl-train-0982-act_arr_time,982,1,0.07991007009114971
fl-train-0984-src,984,0,0.5081444448088658
fl-train-0984-flight,984,0,0.35537185717866193
fl-train-0984-sched_dep_time,984,0,0.4885179505686163
fl-train-0984-act_dep_time,984,0,0.48851795388954367
fl-train-0984-sched_arr_time,984,1,0.7703843054514224
fl-train-0984-act_arr_time,984,1,0.9676047315078459
fl-train-0989-src,989,0,0.0823386198543047
fl-train-0989-flight,989,0,0.0823386198543047
fl-train-0989-sched_dep_time,989,0,0.0823386198543047
fl-train-0989-act_dep_time,989,1,0.0823386198543047
fl-train-0989-sched_arr_time,989,0,0.0823386198543047
fl-train-0989-act_arr_time,989,0,0.3839442465711483
fl-train-0997-src,997,0,0.08212436570811714
fl-train-0997-flight,997,0,0.08212436570811714
fl-train-0997-sched_dep_time,997,0,0.08212436570811714
fl-train-0997-act_dep_time,997,1,0.13317227379532678
fl-train-0997-sched_arr_time,997,0,0.14256238081610442
fl-train-0997-act_arr_time,997,0,0.23831145641438234
fl-train-1000-src,1000,0,0.08163289306142184
fl-train-1000-flight,1000,0,0.08163289306142184
fl-train-1000-sched_dep_time,1000,0,0.10724897931797343
fl-train-1000-act_dep_time,1000,1,0.7028532394941673
fl-train-1000-sched_arr_time,1000,0,0.18365614733107924
fl-train-1000-act_arr_time,1000,0,0.6862199674046344
fl-train-1005-src,1005,0,0.08249099959601733
fl-train-1005-flight,1005,0,0.08249099959601733
fl-train-1005-sched_dep_time,1005,0,0.0941068744392793
fl-train-1005-act_dep_time,1005,0,0.08249099959601733
fl-train-1005-sched_arr_time,1005,0,0.08249099959601733
fl-train-1005-act_arr_time,1005,0,0.08249099959601733
fl-train-1024-src,1024,0,0.09197020432769674
fl-train-1024-flight,1024,0,0.0804349544913777
fl-train-1024-sched_dep_time,1024,0,0.0804349544913777
fl-train-1024-act_dep_time,1024,1,0.3687901076878537
fl-train-1024-sched_arr_time,1024,0,0.2506794394103396
fl-train-1024-act_arr_time,1024,0,0.3687901081514824
fl-train-1025-src,1025,0,0.2698729810839685
fl-train-1025-flight,1025,0,0.16407101450248204
fl-train-1025-sched_dep_time,1025,0,0.5672372725322775
fl-train-1025-act_dep_time,1025,1,0.9683833630974904
fl-train-1025-sched_arr_time,1025,1,0.9683833630974904
fl-train-1025-act_arr_time,1025,1,0.9683833630974904
fl-train-1037-src,1037,0,0.1421334270938512
fl-train-1037-flight,1037,0,0.08205749714870574
fl-train-1037-sched_dep_time,1037,0,0.10054785792420595
fl-train-1037-act_dep_time,1037,1,0.9670934609924892
fl-train-1037-sched_arr_time,1037,1,0.9591948566716691
fl-train-1037-act_arr_time,1037,1,0.9670934609924892
fl-train-1039-src,1039,0,0.09939749630553325
fl-train-1039-flight,1039,0,0.08117203660872337
fl-train-1039-sched_dep_time,1039,0,0.08117203660872337
fl-train-1039-act_dep_time,1039,1,0.16037128392343133
fl-train-1039-sched_arr_time,1039,0,0.22033893108901867
fl-train-1039-act_arr_time,1039,0,0.6671303671200652
fl-train-1041-src,1041,0,0.3539532042103503
fl-train-1041-flight,1041,0,0.28620073209416746
fl-train-1041-sched_dep_time,1041,1,0.9666694514290691
fl-train-1041-act_dep_time,1041,1,0.8861985045489478
fl-train-1041-sched_arr_time,1041,1,0.9666694514290691
fl-train-1041-act_arr_time,1041,0,0.7810416369791023
fl-train-1049-src,1049,0,0.16584566643975715
fl-train-1049-flight,1049,0,0.0840096304431751
fl-train-1049-sched_dep_time,1049,0,0.0840096304431751
fl-train-1049-act_dep_time,1049,1,0.9678588530926362
fl-train-1049-sched_arr_time,1049,0,0.7849172716410863
fl-train-1049-act_arr_time,1049,1,0.9678588530926362
fl-train-1056-src,1056,0,0.1742149190231782
fl-train-1056-flight,1056,0,0.12495480927455078
fl-train-1056-sched_dep_time,1056,0,0.08300364596738823
fl-train-1056-act_dep_time,1056,1,0.9660779330432944
fl-train-1056-sched_arr_time,1056,0,0.597622290320246
fl-train-1056-act_arr_time,1056,1,0.9660779330432944
fl-train-1062-src,1062,0,0.08123968511520756
fl-train-1062-flight,1062,0,0.08123968511520756
fl-train-1062-sched_dep_time,1062,0,0.08123968511520756
fl-train-1062-act_dep_time,1062,0,0.08123968511520756
fl-train-1062-sched_arr_time,1062,0,0.08123968511520756
fl-train-1062-act_arr_time,1062,0,0.08123968511520756
fl-train-1066-src,1066,0,0.09167610289837609
fl-train-1066-flight,1066,0,0.0802677989982722
fl-train-1066-sched_dep_time,1066,0,0.0802677989982722
fl-train-1066-act_dep_time,1066,1,0.0802677989982722
fl-train-1066-sched_arr_time,1066,0,0.0802677989982722
fl-train-1066-act_arr_time,1066,0,0.40177354398692916
fl-train-1069-src,1069,0,0.08066616209135058
fl-train-1069-flight,1069,0,0.08066616209135058
fl-train-1069-sched_dep_time,1069,0,0.08066616209135058
fl-train-1069-act_dep_time,1069,1,0.08066616209135058
fl-train-1069-sched_arr_time,1069,0,0.08066616209135058
fl-train-1069-act_arr_time,1069,0,0.6689744624888361
fl-train-1075-src,1075,0,0.08115815825367273
fl-train-1075-flight,1075,0,0.08115815825367273
fl-train-1075-sched_dep_time,1075,0,0.08115815825367273
fl-train-1075-act_dep_time,1075,1,0.08115815825367273
fl-train-1075-sched_arr_time,1075,0,0.08115815825367273
fl-train-1075-act_arr_time,1075,1,0.9084737748560995
fl-train-1078-src,1078,0,0.2820757587649377
fl-train-1078-flight,1078,0,0.08291136293108885
fl-train-1078-sched_dep_time,1078,1,0.9544822037472294
fl-train-1078-act_dep_time,1078,1,0.4615064877431004
fl-train-1078-sched_arr_time,1078,1,0.8575943666373602
fl-train-1078-act_arr_time,1078,0,0.5199143418169578
fl-train-1080-src,1080,0,0.10128113164499775
fl-train-1080-flight,1080,0,0.08279947630700317
fl-train-1080-sched_dep_time,1080,0,0.10861333228857106
fl-train-1080-act_dep_time,1080,1,0.7032332001143927
fl-train-1080-sched_arr_time,1080,1,0.7640684038258488
fl-train-1080-act_arr_time,1080,1,0.9474930245685028
fl-train-1081-src,1081,0,0.26987298098476814
fl-train-1081-flight,1081,0,0.08264925010834513
fl-train-1081-sched_dep_time,1081,1,0.9427718158591145
fl-train-1081-act_dep_time,1081,1,0.3544196929035727
fl-train-1081-sched_arr_time,1081,1,0.933614772614666
fl-train-1081-act_arr_time,1081,0,0.8341515080750209
fl-train-1084-src,1084,0,0.3497392862728385
fl-train-1084-flight,1084,0,0.08198089094718221
fl-train-1084-sched_dep_time,1084,1,0.9557643522408082
fl-train-1084-act_dep_time,1084,1,0.2663340214970846
fl-train-1084-sched_arr_time,1084,1,0.925756700103657
fl-train-1084-act_arr_time,1084,1,0.6178568834478322
fl-train-1085-src,1085,0,0.20226285972324942
fl-train-1085-flight,1085,0,0.0851450520345396
fl-train-1085-sched_dep_time,1085,1,0.9559342118156126
fl-train-1085-act_dep_time,1085,1,0.5276499597134686
fl-train-1085-sched_arr_time,1085,1,0.8947533519003783
fl-train-1085-act_arr_time,1085,0,0.5853735285978257
fl-train-1087-src,1087,0,0.2017703583706574
fl-train-1087-flight,1087,0,0.08564178708428187
fl-train-1087-sched_dep_time,1087,1,0.9539543188273606
fl-train-1087-act_dep_time,1087,1,0.16697789226151563
fl-train-1087-sched_arr_time,1087,1,0.8477129395076655
fl-train-1087-act_arr_time,1087,0,0.35383929935609965
fl-train-1093-src,1093,0,0.17343536330180753
fl-train-1093-flight,1093,0,0.0819687391758206
fl-train-1093-sched_dep_time,1093,1,0.9412232443862143
fl-train-1093-act_dep_time,1093,1,0.7536665488988956
fl-train-1093-sched_arr_time,1093,1,0.9318714812553729
fl-train-1093-act_arr_time,1093,1,0.7071975347885776
fl-train-1096-src,1096,0,0.1503023369172726
fl-train-1096-flight,1096,0,0.08553087182566688
fl-train-1096-sched_dep_time,1096,0,0.0804349544913777
fl-train-1096-act_dep_time,1096,1,0.22195635415389137
fl-train-1096-sched_arr_time,1096,0,0.38751802214486936
fl-train-1096-act_arr_time,1096,0,0.9175515379079003
fl-train-1102-src,1102,0,0.2688049809126869
fl-train-1102-flight,1102,0,0.10837412143142762
fl-train-1102-sched_dep_time,1102,1,0.9464442719579962
fl-train-1102-act_dep_time,1102,1,0.5264574271011803
fl-train-1102-sched_arr_time,1102,1,0.9037636685691072
fl-train-1102-act_arr_time,1102,0,0.6766031815022965
fl-train-1106-src,1106,0,0.22710491397151422
fl-train-1106-flight,1106,0,0.31966668105638923
fl-train-1106-sched_dep_time,1106,1,0.1452469980188252
fl-train-1106-act_dep_time,1106,1,0.6920446313527203
fl-train-1106-sched_arr_time,1106,0,0.8196641377296555
fl-train-1106-act_arr_time,1106,1,0.9670756848749716
fl-train-1117-src,1117,0,0.22165362979811876
fl-train-1117-flight,1117,0,0.18368898060878394
fl-train-1117-sched_dep_time,1117,0,0.14117792129288312
fl-train-1117-act_dep_time,1117,1,0.577835710962357
fl-train-1117-sched_arr_time,1117,0,0.7194640042829262
fl-train-1117-act_arr_time,1117,0,0.9642922312479912
fl-train-1128-src,1128,0,0.08141406509891334
fl-train-1128-flight,1128,0,0.08141406509891334
fl-train-1128-sched_dep_time,1128,0,0.08141406509891334
fl-train-1128-act_dep_time,1128,1,0.0998385234157013
fl-train-1128-sched_arr_time,1128,0,0.08141406509891334
fl-train-1128-act_arr_time,1128,1,0.13201560888798627
fl-train-1130-src,1130,0,0.10140900398427545
fl-train-1130-flight,1130,0,0.0826978887319741
fl-train-1130-sched_dep_time,1130,0,0.11675074132601575
fl-train-1130-act_dep_time,1130,1,0.873062339775161
fl-train-1130-sched_arr_time,1130,1,0.7851829034885842
fl-train-1130-act_arr_time,1130,1,0.9381100909822194
fl-train-1132-src,1132,0,0.10662765314786482
fl-train-1132-flight,1132,0,0.08088195620808507
fl-train-1132-sched_dep_time,1132,0,0.1721837405187171
fl-train-1132-act_dep_time,1132,1,0.8324874533810936
fl-train-1132-sched_arr_time,1132,1,0.9165664365872258
fl-train-1132-act_arr_time,1132,1,0.9464700683123103
fl-train-1143-src,1143,0,0.1509978723212925
fl-train-1143-flight,1143,0,0.09332909808005076
fl-train-1143-sched_dep_time,1143,1,0.9575803322927182
fl-train-1143-act_dep_time,1143,1,0.26431075843504326
fl-train-1143-sched_arr_time,1143,1,0.8832065128909937
fl-train-1143-act_arr_time,1143,1,0.556341709226082
fl-train-1144-src,1144,0,0.20965192904717014
fl-train-1144-flight,1144,0,0.08155162263133298
fl-train-1144-sched_dep_time,1144,1,0.941758376053158
fl-train-1144-act_dep_time,1144,1,0.5239808520966891
fl-train-1144-sched_arr_time,1144,1,0.7958542343317777
fl-train-1144-act_arr_time,1144,1,0.44517344232104844
fl-train-1147-src,1147,0,0.1731378021192239
fl-train-1147-flight,1147,0,0.13235486286168605
fl-train-1147-sched_dep_time,1147,1,0.9502300865342428
fl-train-1147-act_dep_time,1147,1,0.3695659008138478
fl-train-1147-sched_arr_time,1147,1,0.9502300865342428
fl-train-1147-act_arr_time,1147,1,0.38819886670055603
fl-train-1149-src,1149,0,0.16129571517779787
fl-train-1149-flight,1149,0,0.17218862738780724
fl-train-1149-sched_dep_time,1149,0,0.08163289306142184
fl-train-1149-act_dep_time,1149,1,0.6515074545345513
fl-train-1149-sched_arr_time,1149,0,0.5963826937425378
fl-train-1149-act_arr_time,1149,1,0.8583748214731406
fl-train-1150-src,1150,0,0.15075671783191694
fl-train-1150-flight,1150,0,0.1409133758149467
fl-train-1150-sched_dep_time,1150,0,0.0810996711594122
fl-train-1150-act_dep_time,1150,1,0.2812647114858598
fl-train-1150-sched_arr_time,1150,0,0.7815635438422537
fl-train-1150-act_arr_time,1150,1,0.9597257790313493
fl-train-1151-src,1151,0,0.08212242617961822
fl-train-1151-flight,1151,0,0.08212242617961822
fl-train-1151-sched_dep_time,1151,0,0.08212242617961822
fl-train-1151-act_dep_time,1151,1,0.11568961468202914
fl-train-1151-sched_arr_time,1151,0,0.26628390929434126
fl-train-1151-act_arr_time,1151,0,0.8172936286385828
fl-train-1157-src,1157,0,0.16089058912921186
fl-train-1157-flight,1157,0,0.14075030196300384
fl-train-1157-sched_dep_time,1157,0,0.13149565549963646
fl-train-1157-act_dep_time,1157,0,0.1832984581342975
fl-train-1157-sched_arr_time,1157,0,0.7359777017991952
fl-train-1157-act_arr_time,1157,1,0.9589120007119316
fl-train-1158-src,1158,0,0.18940943325027834
fl-train-1158-flight,1158,0,0.08524857913806759
fl-train-1158-sched_dep_time,1158,1,0.9512610959299677
fl-train-1158-act_dep_time,1158,1,0.2869121546562319
fl-train-1158-sched_arr_time,1158,1,0.9245268217170465
fl-train-1158-act_arr_time,1158,0,0.48588683850097825
fl-train-1163-src,1163,0,0.0814574000665347
fl-train-1163-flight,1163,0,0.0814574000665347
fl-train-1163-sched_dep_time,1163,0,0.0814574000665347
fl-train-1163-act_dep_time,1163,0,0.0814574000665347
fl-train-1163-sched_arr_time,1163,0,0.0814574000665347
fl-train-1163-act_arr_time,1163,1,0.0814574000665347
fl-train-1164-src,1164,0,0.1430464466629144
fl-train-1164-flight,1164,0,0.13374211148847556
fl-train-1164-sched_dep_time,1164,0,0.08300364596738823
fl-train-1164-act_dep_time,1164,1,0.1632691875250377
fl-train-1164-sched_arr_time,1164,0,0.5976222903424566
fl-train-1164-act_arr_time,1164,1,0.7642648789364431
fl-train-1166-src,1166,0,0.13224252086888166
fl-train-1166-flight,1166,0,0.08119389372421049
fl-train-1166-sched_dep_time,1166,0,0.08119389372421049
fl-train-1166-act_dep_time,1166,1,0.22374018632298578
fl-train-1166-sched_arr_time,1166,0,0.4090646689990285
fl-train-1166-act_arr_time,1166,0,0.9392170555928918
fl-train-1172-src,1172,0,0.22561900778889576
fl-train-1172-flight,1172,0,0.08368363279940787
fl-train-1172-sched_dep_time,1172,1,0.9483683770482155
fl-train-1172-act_dep_time,1172,1,0.5044173739839919
fl-train-1172-sched_arr_time,1172,1,0.9139883075265751
fl-train-1172-act_arr_time,1172,1,0.5627259333614861
fl-train-1181-src,1181,0,0.16823254959851863
fl-train-1181-flight,1181,0,0.08535194117049638
fl-train-1181-sched_dep_time,1181,0,0.08535194117049638
fl-train-1181-act_dep_time,1181,1,0.3967657323140081
fl-train-1181-sched_arr_time,1181,0,0.10447600898426386
fl-train-1181-act_arr_time,1181,1,0.6096582038452344
fl-train-1184-src,1184,0,0.1155273027887505
fl-train-1184-flight,1184,0,0.08203014314331886
fl-train-1184-sched_dep_time,1184,0,0.08203014314331886
fl-train-1184-act_dep_time,1184,0,0.08203014314331886
fl-train-1184-sched_arr_time,1184,0,0.2363233562718994
fl-train-1184-act_arr_time,1184,0,0.7786668963612747
fl-train-1198-src,1198,0,0.14363743356539005
fl-train-1198-flight,1198,0,0.08337221938378732
fl-train-1198-sched_dep_time,1198,0,0.08337221938378732
fl-train-1198-act_dep_time,1198,1,0.7204470108201088
fl-train-1198-sched_arr_time,1198,0,0.10195795244682242
fl-train-1198-act_arr_time,1198,1,0.791984306279775
fl-train-1203-src,1203,0,0.24980647837298275
fl-train-1203-flight,1203,0,0.08163289306142184
fl-train-1203-sched_dep_time,1203,1,0.9663475195538883
fl-train-1203-act_dep_time,1203,1,0.23539934430008358
fl-train-1203-sched_arr_time,1203,1,0.8923988294229712
fl-train-1203-act_arr_time,1203,1,0.5963826896934769
fl-train-1206-src,1206,0,0.2852530122621151
fl-train-1206-flight,1206,0,0.08368878794627198
fl-train-1206-sched_dep_time,1206,1,0.9360208649878308
fl-train-1206-act_dep_time,1206,1,0.28525301302651607
fl-train-1206-sched_arr_time,1206,1,0.851114946728536
fl-train-1206-act_arr_time,1206,1,0.4661096362933573
fl-train-1214-src,1214,0,0.14041938761059025
fl-train-1214-flight,1214,0,0.08048359311500669
fl-train-1214-sched_dep_time,1214,0,0.08048359311500669
fl-train-1214-act_dep_time,1214,1,0.16075125810391178
fl-train-1214-sched_arr_time,1214,0,0.08048359311500669
fl-train-1214-act_arr_time,1214,1,0.48474668193986653
fl-train-1222-src,1222,0,0.08332358076015835
fl-train-1222-flight,1222,0,0.08332358076015835
fl-train-1222-sched_dep_time,1222,0,0.08332358076015835
fl-train-1222-act_dep_time,1222,1,0.08332358076015835
fl-train-1222-sched_arr_time,1222,0,0.08332358076015835
fl-train-1222-act_arr_time,1222,1,0.46389420901439826
fl-train-1243-src,1243,0,0.26311457022387924
fl-train-1243-flight,1243,0,0.0802677989982722
fl-train-1243-sched_dep_time,1243,1,0.952460018035875
fl-train-1243-act_dep_time,1243,1,0.4017735406890528
fl-train-1243-sched_arr_time,1243,1,0.9359338355882162
fl-train-1243-act_arr_time,1243,1,0.4597945815657367
fl-train-1250-src,1250,0,0.16066821133190812
fl-train-1250-flight,1250,0,0.08095320864621487
fl-train-1250-sched_dep_time,1250,1,0.9204478666376246
fl-train-1250-act_dep_time,1250,1,0.4418988139177353
fl-train-1250-sched_arr_time,1250,1,0.9489090006825635
fl-train-1250-act_arr_time,1250,1,0.5981074220428808
fl-train-1252-src,1252,0,0.2705051632760813
fl-train-1252-flight,1252,0,0.08285419971580299
fl-train-1252-sched_dep_time,1252,0,0.08285419971580299
fl-train-1252-act_dep_time,1252,1,0.12544250183178265
fl-train-1252-sched_arr_time,1252,0,0.09462117359293004
fl-train-1252-act_arr_time,1252,1,0.8117377275923893
fl-train-1254-src,1254,0,0.2664165807464509
fl-train-1254-flight,1254,0,0.08223509275077671
fl-train-1254-sched_dep_time,1254,1,0.955476592347611
fl-train-1254-act_dep_time,1254,1,0.688107225007249
fl-train-1254-sched_arr_time,1254,1,0.9073530837751763
fl-train-1254-act_arr_time,1254,1,0.5408445970916924
fl-train-1257-src,1257,0,0.25622306390866934
fl-train-1257-flight,1257,0,0.08524857913806759
fl-train-1257-sched_dep_time,1257,1,0.9346719662426141
fl-train-1257-act_dep_time,1257,1,0.40926593412528955
fl-train-1257-sched_arr_time,1257,1,0.9346719662426141
fl-train-1257-act_arr_time,1257,1,0.4281586606470704
fl-train-1264-src,1264,0,0.3499931879972542
fl-train-1264-flight,1264,0,0.08176378956836274
fl-train-1264-sched_dep_time,1264,0,0.08176378956836274
fl-train-1264-act_dep_time,1264,1,0.5808786899627565
fl-train-1264-sched_arr_time,1264,0,0.20946548904242465
fl-train-1264-act_arr_time,1264,1,0.7063859396073133
fl-train-1267-src,1267,0,0.3111811221849948
fl-train-1267-flight,1267,0,0.08066100694448647
fl-train-1267-sched_dep_time,1267,1,0.9349293752309228
fl-train-1267-act_dep_time,1267,1,0.6323374239021767
fl-train-1267-sched_arr_time,1267,1,0.947886770874658
fl-train-1267-act_arr_time,1267,1,0.537200366899008
fl-train-1272-src,1272,0,0.3308006968107766
fl-train-1272-flight,1272,0,0.08119104649157857
fl-train-1272-sched_dep_time,1272,1,0.9525859172211905
fl-train-1272-act_dep_time,1272,1,0.2968748860676204
fl-train-1272-sched_arr_time,1272,1,0.9488960240267484
fl-train-1272-act_arr_time,1272,1,0.7368461329676202
fl-train-1274-src,1274,0,0.25412805627588847
fl-train-1274-flight,1274,0,0.08176741674806746
fl-train-1274-sched_dep_time,1274,1,0.9672167352160348
fl-train-1274-act_dep_time,1274,1,0.607562455623479
fl-train-1274-sched_arr_time,1274,1,0.9519478787284857
fl-train-1274-act_arr_time,1274,1,0.6263863174868226
fl-train-1281-src,1281,0,0.2371920253626171
fl-train-1281-flight,1281,0,0.08205749714870574
fl-train-1281-sched_dep_time,1281,1,0.9313091870336256
fl-train-1281-act_dep_time,1281,1,0.2987240037484091
fl-train-1281-sched_arr_time,1281,1,0.8606589126106767
fl-train-1281-act_arr_time,1281,1,0.3154641318858143
fl-train-1291-src,1291,0,0.2508383196600846
fl-train-1291-flight,1291,0,0.08191825651923317
fl-train-1291-sched_dep_time,1291,1,0.9253883368194646
fl-train-1291-act_dep_time,1291,1,0.2658811398468586
fl-train-1291-sched_arr_time,1291,1,0.8856231355540566
fl-train-1291-act_arr_time,1291,0,0.404337766335985
fl-train-1298-src,1298,0,0.20322418348483873
fl-train-1298-flight,1298,0,0.08602627182230961
fl-train-1298-sched_dep_time,1298,1,0.9196333202828576
fl-train-1298-act_dep_time,1298,1,0.2732695509984349
fl-train-1298-sched_arr_time,1298,1,0.9073871679542105
fl-train-1298-act_arr_time,1298,1,0.39301109954772223
fl-train-1304-src,1304,0,0.33228768304493556
fl-train-1304-flight,1304,0,0.08176378956836274
fl-train-1304-sched_dep_time,1304,1,0.9594064886412356
fl-train-1304-act_dep_time,1304,1,0.5224893951228475
fl-train-1304-sched_arr_time,1304,1,0.9263836270364972
fl-train-1304-act_arr_time,1304,1,0.38663132308145554
fl-train-1308-src,1308,0,0.15982682877996596
fl-train-1308-flight,1308,0,0.08002273666230822
fl-train-1308-sched_dep_time,1308,1,0.08002273666230822
fl-train-1308-act_dep_time,1308,1,0.5813411587608683
fl-train-1308-sched_arr_time,1308,0,0.13960773751648095
fl-train-1308-act_arr_time,1308,1,0.9164487525711059
fl-train-1318-src,1318,0,0.3302988840586669
fl-train-1318-flight,1318,0,0.08118589134471446
fl-train-1318-sched_dep_time,1318,1,0.9308129812206226
fl-train-1318-act_dep_time,1318,1,0.2646831937971661
fl-train-1318-sched_arr_time,1318,1,0.9007659489048502
fl-train-1318-act_arr_time,1318,1,0.7204006898786804
fl-train-1323-src,1323,0,0.08212242617961822
fl-train-1323-flight,1323,0,0.08212242617961822
fl-train-1323-sched_dep_time,1323,1,0.16226657073460773
fl-train-1323-act_dep_time,1323,1,0.17322060523776048
fl-train-1323-sched_arr_time,1323,1,0.09369253221096685
fl-train-1323-act_arr_time,1323,1,0.3675754991241864
fl-train-1326-src,1326,0,0.08261916122936046
fl-train-1326-flight,1326,0,0.08261916122936046
fl-train-1326-sched_dep_time,1326,1,0.18439452115882846
fl-train-1326-act_dep_time,1326,1,0.28036247002014414
fl-train-1326-sched_arr_time,1326,1,0.43956419348620757
fl-train-1326-act_arr_time,1326,1,0.40168908358570793
fl-train-1338-src,1338,0,0.08191825651923317
fl-train-1338-flight,1338,0,0.08191825651923317
fl-train-1338-sched_dep_time,1338,1,0.10033723321194986
fl-train-1338-act_dep_time,1338,1,0.1236931351807134
fl-train-1338-sched_arr_time,1338,0,0.2976377623446061
fl-train-1338-act_arr_time,1338,0,0.26588114221959436
fl-train-1342-src,1342,0,0.08421651957913188
fl-train-1342-flight,1342,0,0.08421651957913188
fl-train-1342-sched_dep_time,1342,0,0.08421651957913188
fl-train-1342-act_dep_time,1342,1,0.2026869452723624
fl-train-1342-sched_arr_time,1342,0,0.5729611301932348
fl-train-1342-act_arr_time,1342,0,0.7763715296997437
fl-train-1344-src,1344,0,0.081306560295369
fl-train-1344-flight,1344,0,0.081306560295369
fl-train-1344-sched_dep_time,1344,0,0.081306560295369
fl-train-1344-act_dep_time,1344,0,0.081306560295369
fl-train-1344-sched_arr_time,1344,0,0.081306560295369
fl-train-1344-act_arr_time,1344,0,0.081306560295369
fl-train-1347-src,1347,0,0.0835285303676162
fl-train-1347-flight,1347,0,0.0835285303676162
fl-train-1347-sched_dep_time,1347,1,0.0835285303676162
fl-train-1347-act_dep_time,1347,1,0.0835285303676162
fl-train-1347-sched_arr_time,1347,0,0.19912598309519236
fl-train-1347-act_arr_time,1347,0,0.12577242833099914
fl-train-1353-src,1353,0,0.10850121286661168
fl-train-1353-flight,1353,0,0.0824419818867335
fl-train-1353-sched_dep_time,1353,1,0.6226688622955073
fl-train-1353-act_dep_time,1353,1,0.6935625046555955
fl-train-1353-sched_arr_time,1353,0,0.922398779586235
fl-train-1353-act_arr_time,1353,1,0.8809570331719533
fl-train-1363-src,1363,0,0.08368878794627198
fl-train-1363-flight,1363,0,0.08368878794627198
fl-train-1363-sched_dep_time,1363,0,0.08368878794627198
fl-train-1363-act_dep_time,1363,0,0.10239529403159414
fl-train-1363-sched_arr_time,1363,0,0.15429964652033326
fl-train-1363-act_arr_time,1363,0,0.08887663939535702
fl-train-1367-src,1367,0,0.08123890516813474
fl-train-1367-flight,1367,0,0.08123890516813474
fl-train-1367-sched_dep_time,1367,0,0.08123890516813474
fl-train-1367-act_dep_time,1367,1,0.2646921746031055
fl-train-1367-sched_arr_time,1367,0,0.18334239485479206
fl-train-1367-act_arr_time,1367,0,0.2496626461154601
fl-train-1373-src,1373,0,0.0840096304431751
fl-train-1373-flight,1373,0,0.0840096304431751
fl-train-1373-sched_dep_time,1373,0,0.0840096304431751
fl-train-1373-act_dep_time,1373,1,0.24166747996874868
fl-train-1373-sched_arr_time,1373,0,0.4308314076048152
fl-train-1373-act_arr_time,1373,0,0.7978964154881042
fl-train-1380-src,1380,0,0.08173794144159047
fl-train-1380-flight,1380,0,0.08173794144159047
fl-train-1380-sched_dep_time,1380,0,0.08173794144159047
fl-train-1380-act_dep_time,1380,0,0.1954123939827277
fl-train-1380-sched_arr_time,1380,0,0.14111469863431703
fl-train-1380-act_arr_time,1380,0,0.3122010112525534
fl-train-1390-src,1390,0,0.08176378956836274
fl-train-1390-flight,1390,0,0.08176378956836274
fl-train-1390-sched_dep_time,1390,0,0.08176378956836274
fl-train-1390-act_dep_time,1390,0,0.08176378956836274
fl-train-1390-sched_arr_time,1390,0,0.11534973277743711
fl-train-1390-act_arr_time,1390,0,0.10021891825255631
fl-train-1393-src,1393,0,0.0865187588606539
fl-train-1393-flight,1393,0,0.08141406509891334
fl-train-1393-sched_dep_time,1393,0,0.08141406509891334
fl-train-1393-act_dep_time,1393,1,0.7815416370235869
fl-train-1393-sched_arr_time,1393,0,0.10716052197390113
fl-train-1393-act_arr_time,1393,1,0.7677629893335856
fl-train-1408-src,1408,0,0.08123452996834345
fl-train-1408-flight,1408,0,0.08123452996834345
fl-train-1408-sched_dep_time,1408,0,0.08123452996834345
fl-train-1408-act_dep_time,1408,1,0.08123452996834345
fl-train-1408-sched_arr_time,1408,0,0.11456330276456268
fl-train-1408-act_arr_time,1408,0,0.08123452996834345
fl-train-1411-src,1411,0,0.08203014314331886
fl-train-1411-flight,1411,0,0.08203014314331886
fl-train-1411-sched_dep_time,1411,0,0.08203014314331886
fl-train-1411-act_dep_time,1411,1,0.3312661316011736
fl-train-1411-sched_arr_time,1411,0,0.22246541992627186
fl-train-1411-act_arr_time,1411,0,0.44226336806108285
fl-train-1415-src,1415,0,0.0816190147063712
fl-train-1415-flight,1415,0,0.0816190147063712
fl-train-1415-sched_dep_time,1415,1,0.29866035341316916
fl-train-1415-act_dep_time,1415,1,0.3687031341220926
fl-train-1415-sched_arr_time,1415,0,0.7236861519088725
fl-train-1415-act_arr_time,1415,0,0.3154609826040267
fl-train-1421-src,1421,0,0.08198089094718221
fl-train-1421-flight,1421,0,0.08198089094718221
fl-train-1421-sched_dep_time,1421,1,0.44347571372788885
fl-train-1421-act_dep_time,1421,1,0.44347571266146724
fl-train-1421-sched_arr_time,1421,0,0.36782451237695973
fl-train-1421-act_arr_time,1421,0,0.780120601685531
fl-train-1424-src,1424,0,0.4844813696619095
fl-train-1424-flight,1424,0,0.17304035469156667
fl-train-1424-sched_dep_time,1424,0,0.08155162263133298
fl-train-1424-act_dep_time,1424,1,0.768972352804246
fl-train-1424-sched_arr_time,1424,1,0.6915445039624265
fl-train-1424-act_arr_time,1424,1,0.8526751719708395
fl-train-1426-src,1426,0,0.08158425443779285
fl-train-1426-flight,1426,0,0.08158425443779285
fl-train-1426-sched_dep_time,1426,0,0.1149620688707454
fl-train-1426-act_dep_time,1426,0,0.0866688086153335
fl-train-1426-sched_arr_time,1426,0,0.13192585024542533
fl-train-1426-act_arr_time,1426,0,0.23549180326186747
fl-train-1427-src,1427,0,0.08119389372421049
fl-train-1427-flight,1427,0,0.08119389372421049
fl-train-1427-sched_dep_time,1427,0,0.08119389372421049
fl-train-1427-act_dep_time,1427,0,0.08119389372421049
fl-train-1427-sched_arr_time,1427,0,0.08119389372421049
fl-train-1427-act_arr_time,1427,0,0.08119389372421049
fl-train-1429-src,1429,0,0.08406811753743564
fl-train-1429-flight,1429,0,0.08406811753743564
fl-train-1429-sched_dep_time,1429,0,0.08406811753743564
fl-train-1429-act_dep_time,1429,0,0.08406811753743564
fl-train-1429-sched_arr_time,1429,0,0.08406811753743564
fl-train-1429-act_arr_time,1429,0,0.08406811753743564
fl-train-1437-src,1437,0,0.08524857913806759
fl-train-1437-flight,1437,0,0.08524857913806759
fl-train-1437-sched_dep_time,1437,0,0.08524857913806759
fl-train-1437-act_dep_time,1437,0,0.08524857913806759
fl-train-1437-sched_arr_time,1437,0,0.08524857913806759
fl-train-1437-act_arr_time,1437,0,0.0970741221526692
fl-train-1440-src,1440,0,0.0823386198543047
fl-train-1440-flight,1440,0,0.0823386198543047
fl-train-1440-sched_dep_time,1440,0,0.10799914112680055
fl-train-1440-act_dep_time,1440,0,0.09386156835561288
fl-train-1440-sched_arr_time,1440,0,0.0823386198543047
fl-train-1440-act_arr_time,1440,0,0.2967138543590999
fl-train-1442-src,1442,0,0.0840096304431751
fl-train-1442-flight,1442,0,0.0840096304431751
fl-train-1442-sched_dep_time,1442,0,0.0840096304431751
fl-train-1442-act_dep_time,1442,0,0.10287068256231265
fl-train-1442-sched_arr_time,1442,0,0.0840096304431751
fl-train-1442-act_arr_time,1442,0,0.22755011270791273
fl-train-1452-src,1452,0,0.0941813682701736
fl-train-1452-flight,1452,0,0.0825183536014042
fl-train-1452-sched_dep_time,1452,0,0.0825183536014042
fl-train-1452-act_dep_time,1452,0,0.12470957310197191
fl-train-1452-sched_arr_time,1452,0,0.5247461176576153
fl-train-1452-act_arr_time,1452,0,0.9091112387897021
fl-train-1455-src,1455,0,0.08158425443779285
fl-train-1455-flight,1455,0,0.08158425443779285
fl-train-1455-sched_dep_time,1455,0,0.08158425443779285
fl-train-1455-act_dep_time,1455,0,0.15096606420190448
fl-train-1455-sched_arr_time,1455,0,0.08666880912991692
fl-train-1455-act_arr_time,1455,0,0.29659629071532106
fl-train-1456-src,1456,0,0.0819687391758206
fl-train-1456-flight,1456,0,0.0819687391758206
fl-train-1456-sched_dep_time,1456,0,0.0819687391758206
fl-train-1456-act_dep_time,1456,0,0.09357032687498247
fl-train-1456-sched_arr_time,1456,0,0.0819687391758206
fl-train-1456-act_arr_time,1456,0,0.2518845785843047
fl-train-1462-src,1462,0,0.2823467796475813
fl-train-1462-flight,1462,0,0.17390350606820393
fl-train-1462-sched_dep_time,1462,0,0.1163776511636555
fl-train-1462-act_dep_time,1462,0,0.6347081844984644
fl-train-1462-sched_arr_time,1462,0,0.48177831100379914
fl-train-1462-act_arr_time,1462,0,0.9611926347463772
fl-train-1463-src,1463,0,0.09345704059038168
fl-train-1463-flight,1463,0,0.08191747657216035
fl-train-1463-sched_dep_time,1463,0,0.08191747657216035
fl-train-1463-act_dep_time,1463,0,0.1324066703588477
fl-train-1463-sched_arr_time,1463,0,0.597606722936716
fl-train-1463-act_arr_time,1463,0,0.7039718441398665
fl-train-1469-src,1469,0,0.08319268425321744
fl-train-1469-flight,1469,0,0.08319268425321744
fl-train-1469-sched_dep_time,1469,0,0.08319268425321744
fl-train-1469-act_dep_time,1469,0,0.08319268425321744
fl-train-1469-sched_arr_time,1469,0,0.08319268425321744
fl-train-1469-act_arr_time,1469,0,0.10899279086300029
fl-train-1474-src,1474,0,0.1732206034844687
fl-train-1474-flight,1474,0,0.10057314258013196
fl-train-1474-sched_dep_time,1474,0,0.08212242617961822
fl-train-1474-act_dep_time,1474,0,0.12396468697331842
fl-train-1474-sched_arr_time,1474,0,0.3675754994152805
fl-train-1474-act_arr_time,1474,0,0.9355663056276229
fl-train-1475-src,1475,0,0.08048359311500669
fl-train-1475-flight,1475,0,0.08048359311500669
fl-train-1475-sched_dep_time,1475,0,0.08048359311500669
fl-train-1475-act_dep_time,1475,0,0.08048359311500669
fl-train-1475-sched_arr_time,1475,0,0.08048359311500669
fl-train-1475-act_arr_time,1475,0,0.6581701976425914
fl-train-1481-src,1481,0,0.6738992789293867
fl-train-1481-flight,1481,0,0.3738623506619279
fl-train-1481-sched_dep_time,1481,1,0.9002629645517453
fl-train-1481-act_dep_time,1481,1,0.8773287304844137
fl-train-1481-sched_arr_time,1481,0,0.7381265005382893
fl-train-1481-act_arr_time,1481,1,0.885437954185445
fl-train-1489-src,1489,0,0.22732131595206495
fl-train-1489-flight,1489,0,0.08406811753743564
fl-train-1489-sched_dep_time,1489,1,0.9566946359673517
fl-train-1489-act_dep_time,1489,0,0.2713047145741853
fl-train-1489-sched_arr_time,1489,1,0.8803565053999387
fl-train-1489-act_arr_time,1489,1,0.5081444498153699
fl-train-1496-src,1496,0,0.11609082378681417
fl-train-1496-flight,1496,0,0.08223703227927563
fl-train-1496-sched_dep_time,1496,1,0.967878429550422
fl-train-1496-act_dep_time,1496,1,0.16313686862240231
fl-train-1496-sched_arr_time,1496,1,0.9099405597064208
fl-train-1496-act_arr_time,1496,1,0.28409048597664704
fl-train-1515-src,1515,0,0.1307573757673984
fl-train-1515-flight,1515,0,0.0804210997553866
fl-train-1515-sched_dep_time,1515,0,0.0804210997553866
fl-train-1515-act_dep_time,1515,1,0.2803169892212042
fl-train-1515-sched_arr_time,1515,0,0.08549167282299001
fl-train-1515-act_arr_time,1515,1,0.6902021363318385
fl-train-1518-src,1518,0,0.11533371955925541
fl-train-1518-flight,1518,0,0.08166428920249148
fl-train-1518-sched_dep_time,1518,1,0.9655897945656235
fl-train-1518-act_dep_time,1518,1,0.6015668354037614
fl-train-1518-sched_arr_time,1518,1,0.9323616201247882
fl-train-1518-act_arr_time,1518,1,0.4258061218015056
fl-train-1527-src,1527,0,0.19685106231371863
fl-train-1527-flight,1527,0,0.08155162263133298
fl-train-1527-sched_dep_time,1527,1,0.953480382061973
fl-train-1527-act_dep_time,1527,1,0.4257427173236988
fl-train-1527-sched_arr_time,1527,1,0.921797290628041
fl-train-1527-act_arr_time,1527,1,0.42574271791853907
fl-train-1529-src,1529,0,0.13244580444039047
fl-train-1529-flight,1529,0,0.08181242819199172
fl-train-1529-sched_dep_time,1529,1,0.9671324881118212
fl-train-1529-act_dep_time,1529,1,0.08181242819199172
fl-train-1529-sched_arr_time,1529,1,0.9489272729119601
fl-train-1529-act_arr_time,1529,1,0.5994545305080287
fl-train-1546-src,1546,0,0.2017737667706158
fl-train-1546-flight,1546,0,0.08494010242708176
fl-train-1546-sched_dep_time,1546,1,0.9557344804551109
fl-train-1546-act_dep_time,1546,1,0.4107092036231094
fl-train-1546-sched_arr_time,1546,1,0.9204141755716719
fl-train-1546-act_arr_time,1546,1,0.4682981271094453
fl-train-1548-src,1548,0,0.22195635700206343
fl-train-1548-flight,1548,0,0.0804349544913777
fl-train-1548-sched_dep_time,1548,0,0.0804349544913777
fl-train-1548-act_dep_time,1548,1,0.8338422242962739
fl-train-1548-sched_arr_time,1548,0,0.0804349544913777
fl-train-1548-act_arr_time,1548,1,0.8445855080923265
fl-train-1550-src,1550,0,0.13529823671982907
fl-train-1550-flight,1550,0,0.08408199589248626
fl-train-1550-sched_dep_time,1550,1,0.9662907163170388
fl-train-1550-act_dep_time,1550,1,0.7213719914888465
fl-train-1550-sched_arr_time,1550,1,0.9662907163170388
fl-train-1550-act_arr_time,1550,1,0.9662907163170388
fl-train-1556-src,1556,0,0.22116719395192752
fl-train-1556-flight,1556,0,0.08173794144159047
fl-train-1556-sched_dep_time,1556,1,0.9429959080635957
fl-train-1556-act_dep_time,1556,1,0.4204776077898919
fl-train-1556-sched_arr_time,1556,1,0.9118921563242925
fl-train-1556-act_arr_time,1556,1,0.34671630028207207
fl-train-1562-src,1562,0,0.12400148546048566
fl-train-1562-flight,1562,0,0.08205749714870574
fl-train-1562-sched_dep_time,1562,1,0.9449466596515187
fl-train-1562-act_dep_time,1562,1,0.17341721937711788
fl-train-1562-sched_arr_time,1562,1,0.8407105661562233
fl-train-1562-act_arr_time,1562,1,0.35038889649163935
fl-train-1566-src,1566,0,0.1164076910207082
fl-train-1566-flight,1566,0,0.08279947630700317
fl-train-1566-sched_dep_time,1566,0,0.08279947630700317
fl-train-1566-act_dep_time,1566,1,0.48139405710676947
fl-train-1566-sched_arr_time,1566,0,0.10128113087904793
fl-train-1566-act_arr_time,1566,1,0.8036688303886178
fl-train-1575-src,1575,0,0.2862562800909245
fl-train-1575-flight,1575,0,0.08290283833943198
fl-train-1575-sched_dep_time,1575,1,0.9173622188980408
fl-train-1575-act_dep_time,1575,1,0.6610033219650687
fl-train-1575-sched_arr_time,1575,1,0.8645551748887917
fl-train-1575-act_arr_time,1575,1,0.643068031389927
fl-train-1584-src,1584,0,0.1963441136892671
fl-train-1584-flight,1584,0,0.08136542647528436
fl-train-1584-sched_dep_time,1584,1,0.9655094901794853
fl-train-1584-act_dep_time,1584,1,0.20911230276887469
fl-train-1584-sched_arr_time,1584,1,0.9092684118757951
fl-train-1584-act_arr_time,1584,1,0.3867333031699512
fl-train-1587-src,1587,0,0.08066616209135058
fl-train-1587-flight,1587,0,0.08066616209135058
fl-train-1587-sched_dep_time,1587,0,0.08066616209135058
fl-train-1587-act_dep_time,1587,1,0.08066616209135058
fl-train-1587-sched_arr_time,1587,0,0.08066616209135058
fl-train-1587-act_arr_time,1587,1,0.6147547246707603
fl-train-1592-src,1592,0,0.08151188898848169
fl-train-1592-flight,1592,0,0.08151188898848169
fl-train-1592-sched_dep_time,1592,1,0.08151188898848169
fl-train-1592-act_dep_time,1592,1,0.9223280024141393
fl-train-1592-sched_arr_time,1592,1,0.3334859308582927
fl-train-1592-act_arr_time,1592,1,0.9659411685738365
fl-train-1595-src,1595,0,0.08586994456343133
fl-train-1595-flight,1595,0,0.0807926833985002
fl-train-1595-sched_dep_time,1595,0,0.0807926833985002
fl-train-1595-act_dep_time,1595,1,0.3666275579517348
fl-train-1595-sched_arr_time,1595,0,0.17157163380556706
fl-train-1595-act_arr_time,1595,0,0.4622234477587936
fl-train-1602-src,1602,0,0.09434236488162241
fl-train-1602-flight,1602,0,0.08269594920347519
fl-train-1602-sched_dep_time,1602,0,0.08269594920347519
fl-train-1602-act_dep_time,1602,1,0.13363776770191105
fl-train-1602-sched_arr_time,1602,0,0.1859403676945556
fl-train-1602-act_arr_time,1602,0,0.25274155633389767
fl-train-1606-src,1606,0,0.09994127556584975
fl-train-1606-flight,1606,0,0.0815565213467511
fl-train-1606-sched_dep_time,1606,1,0.0815565213467511
fl-train-1606-act_dep_time,1606,1,0.0815565213467511
fl-train-1606-sched_arr_time,1606,0,0.26545703834030315
fl-train-1606-act_arr_time,1606,0,0.1614918076457366
fl-train-1609-src,1609,0,0.08291136293108885
fl-train-1609-flight,1609,0,0.08291136293108885
fl-train-1609-sched_dep_time,1609,0,0.08291136293108885
fl-train-1609-act_dep_time,1609,1,0.08291136293108885
fl-train-1609-sched_arr_time,1609,0,0.1335422576219842
fl-train-1609-act_arr_time,1609,0,0.17392351260571312
fl-train-1612-src,1612,0,0.09686391775937446
fl-train-1612-flight,1612,0,0.08496745643246863
fl-train-1612-sched_dep_time,1612,0,0.08496745643246863
fl-train-1612-act_dep_time,1612,1,0.2729150449367264
fl-train-1612-sched_arr_time,1612,0,0.21533553888670784
fl-train-1612-act_arr_time,1612,0,0.784162270662048
fl-train-1619-src,1619,0,0.14077466813956588
fl-train-1619-flight,1619,0,0.0809870045882537
fl-train-1619-sched_dep_time,1619,0,0.0809870045882537
fl-train-1619-act_dep_time,1619,1,0.6730487059717439
fl-train-1619-sched_arr_time,1619,0,0.0925059556153184
fl-train-1619-act_arr_time,1619,1,0.8519367886411562
fl-train-1625-src,1625,0,0.26678901234094604
fl-train-1625-flight,1625,0,0.08157037608274222
fl-train-1625-sched_dep_time,1625,0,0.638772817309731
fl-train-1625-act_dep_time,1625,1,0.9218201553397382
fl-train-1625-sched_arr_time,1625,1,0.9678100237818251
fl-train-1625-act_arr_time,1625,1,0.9678100237818251
fl-train-1626-src,1626,0,0.0823386198543047
fl-train-1626-flight,1626,0,0.0823386198543047
fl-train-1626-sched_dep_time,1626,0,0.0823386198543047
fl-train-1626-act_dep_time,1626,1,0.0823386198543047
fl-train-1626-sched_arr_time,1626,1,0.0823386198543047
fl-train-1626-act_arr_time,1626,1,0.8569408468534223
fl-train-1630-src,1630,0,0.224083906258018
fl-train-1630-flight,1630,0,0.08244174739988068
fl-train-1630-sched_dep_time,1630,1,0.46497964321109087
fl-train-1630-act_dep_time,1630,1,0.5239214101479539
fl-train-1630-sched_arr_time,1630,1,0.40699726563829114
fl-train-1630-act_arr_time,1630,0,0.6199104191432948
fl-train-1632-src,1632,0,0.13487142520878861
fl-train-1632-flight,1632,0,0.08333105903914949
fl-train-1632-sched_dep_time,1632,1,0.2865356475387414
fl-train-1632-act_dep_time,1632,1,0.39196872638150504
fl-train-1632-sched_arr_time,1632,1,0.41091878834292145
fl-train-1632-act_arr_time,1632,1,0.6779099803065768
fl-train-1633-src,1633,0,0.14481937708404594
fl-train-1633-flight,1633,0,0.08386316792997776
fl-train-1633-sched_dep_time,1633,1,0.08386316792997776
fl-train-1633-act_dep_time,1633,1,0.2408281948563862
fl-train-1633-sched_arr_time,1633,0,0.3195574514993884
fl-train-1633-act_arr_time,1633,0,0.3195574521108389
fl-train-1634-src,1634,0,0.13364469224498488
fl-train-1634-flight,1634,0,0.0824419818867335
fl-train-1634-sched_dep_time,1634,0,0.0824419818867335
fl-train-1634-act_dep_time,1634,1,0.4282454923814683
fl-train-1634-sched_arr_time,1634,0,0.21147707846574618
fl-train-1634-act_arr_time,1634,0,0.4869953096393996
fl-train-1637-src,1637,0,0.12419790755198501
fl-train-1637-flight,1637,0,0.08261916122936046
fl-train-1637-sched_dep_time,1637,0,0.08261916122936046
fl-train-1637-act_dep_time,1637,1,0.1082515065954505
fl-train-1637-sched_arr_time,1637,0,0.09413277791061521
fl-train-1637-act_arr_time,1637,1,0.8352183458483001
fl-train-1640-src,1640,0,0.1012278611422416
fl-train-1640-flight,1640,0,0.08264731057984621
fl-train-1640-sched_dep_time,1640,0,0.08264731057984621
fl-train-1640-act_dep_time,1640,1,0.72307636270639
fl-train-1640-sched_arr_time,1640,0,0.28367835408630104
fl-train-1640-act_arr_time,1640,1,0.8070997687529481
fl-train-1651-src,1651,0,0.08066100694448647
fl-train-1651-flight,1651,0,0.08066100694448647
fl-train-1651-sched_dep_time,1651,1,0.08066100694448647
fl-train-1651-act_dep_time,1651,1,0.8154454879443996
fl-train-1651-sched_arr_time,1651,1,0.3111811187897299
fl-train-1651-act_arr_time,1651,1,0.8581813137084232
fl-train-1652-src,1652,0,0.10884279830595643
fl-train-1652-flight,1652,0,0.0826978887319741
fl-train-1652-sched_dep_time,1652,0,0.0826978887319741
fl-train-1652-act_dep_time,1652,1,0.3541863641374976
fl-train-1652-sched_arr_time,1652,0,0.301992966419566
fl-train-1652-act_arr_time,1652,1,0.5276419130145524
fl-train-1656-src,1656,0,0.1013692804035381
fl-train-1656-flight,1656,0,0.08264925010834513
fl-train-1656-sched_dep_time,1656,0,0.08264925010834513
fl-train-1656-act_dep_time,1656,1,0.21219347678858966
fl-train-1656-sched_arr_time,1656,0,0.08264925010834513
fl-train-1656-act_arr_time,1656,1,0.4885377753171654
fl-train-1659-src,1659,0,0.13378097796345007
fl-train-1659-flight,1659,0,0.08314404562958845
fl-train-1659-sched_dep_time,1659,0,0.08314404562958845
fl-train-1659-act_dep_time,1659,1,0.5000713873306255
fl-train-1659-sched_arr_time,1659,0,0.33174183605293517
fl-train-1659-act_arr_time,1659,1,0.7019280221453044
fl-train-1667-src,1667,0,0.22589396114433358
fl-train-1667-flight,1667,0,0.09542203330757015
fl-train-1667-sched_dep_time,1667,0,0.09542203324122456
fl-train-1667-act_dep_time,1667,1,0.5051998251369917
fl-train-1667-sched_arr_time,1667,1,0.5442278137862537
fl-train-1667-act_arr_time,1667,1,0.9144985914356053
fl-train-1670-src,1670,0,0.08030843318422809
fl-train-1670-flight,1670,0,0.08030843318422809
fl-train-1670-sched_dep_time,1670,0,0.08030843318422809
fl-train-1670-act_dep_time,1670,0,0.20748219140811938
fl-train-1670-sched_arr_time,1670,1,0.09860735001304599
fl-train-1670-act_arr_time,1670,1,0.2347806889503543
fl-train-1671-src,1671,0,0.08426153102305615
fl-train-1671-flight,1671,0,0.08426153102305615
fl-train-1671-sched_dep_time,1671,0,0.08426153102305615
fl-train-1671-act_dep_time,1671,0,0.08426153102305615
fl-train-1671-sched_arr_time,1671,1,0.1452469953996881
fl-train-1671-act_arr_time,1671,1,0.16576998063078066
fl-train-1680-src,1680,0,0.08191825651923317
fl-train-1680-flight,1680,0,0.08191825651923317
fl-train-1680-sched_dep_time,1680,0,0.08191825651923317
fl-train-1680-act_dep_time,1680,0,0.08191825651923317
fl-train-1680-sched_arr_time,1680,1,0.08191825651923317
fl-train-1680-act_arr_time,1680,1,0.4426599505450943
fl-train-1693-src,1693,0,0.11500597705723518
fl-train-1693-flight,1693,0,0.08119389372421049
fl-train-1693-sched_dep_time,1693,0,0.08119389372421049
fl-train-1693-act_dep_time,1693,1,0.40906467047969874
fl-train-1693-sched_arr_time,1693,1,0.7729177001036436
fl-train-1693-act_arr_time,1693,1,0.8121038600037017
fl-train-1718-src,1718,0,0.08203014314331886
fl-train-1718-flight,1718,0,0.08203014314331886
fl-train-1718-sched_dep_time,1718,0,0.08203014314331886
fl-train-1718-act_dep_time,1718,0,0.18443332040268756
fl-train-1718-sched_arr_time,1718,1,0.08203014314331886
fl-train-1718-act_arr_time,1718,1,0.20919751239471943
fl-train-1724-src,1724,0,0.08158425443779285
fl-train-1724-flight,1724,0,0.08158425443779285
fl-train-1724-sched_dep_time,1724,0,0.08158425443779285
fl-train-1724-act_dep_time,1724,1,0.08158425443779285
fl-train-1724-sched_arr_time,1724,1,0.08158425443779285
fl-train-1724-act_arr_time,1724,1,0.08158425443779285
fl-train-1732-src,1732,0,0.0832904248531936
fl-train-1732-flight,1732,0,0.0832904248531936
fl-train-1732-sched_dep_time,1732,0,0.0832904248531936
fl-train-1732-act_dep_time,1732,0,0.0832904248531936
fl-train-1732-sched_arr_time,1732,0,0.08847089505255328
fl-train-1732-act_arr_time,1732,0,0.2255646934132669
fl-train-1733-src,1733,0,0.08156052761211068
fl-train-1733-flight,1733,0,0.08156052761211068
fl-train-1733-sched_dep_time,1733,0,0.08156052761211068
fl-train-1733-act_dep_time,1733,1,0.6020875328291881
fl-train-1733-sched_arr_time,1733,0,0.44553848269301294
fl-train-1733-act_arr_time,1733,0,0.10740942819754778
fl-train-1743-src,1743,0,0.08602627182230961
fl-train-1743-flight,1743,0,0.08602627182230961
fl-train-1743-sched_dep_time,1743,0,0.08602627182230961
fl-train-1743-act_dep_time,1743,1,0.657486925002346
fl-train-1743-sched_arr_time,1743,0,0.13799244444972378
fl-train-1743-act_arr_time,1743,0,0.1792362006172005
fl-train-1745-src,1745,0,0.08185060801274897
fl-train-1745-flight,1745,0,0.08185060801274897
fl-train-1745-sched_dep_time,1745,0,0.08185060801274897
fl-train-1745-act_dep_time,1745,0,0.08185060801274897
fl-train-1745-sched_arr_time,1745,0,0.08185060801274897
fl-train-1745-act_arr_time,1745,0,0.08185060801274897
fl-train-1753-src,1753,0,0.08104549168251422
fl-train-1753-flight,1753,0,0.08104549168251422
fl-train-1753-sched_dep_time,1753,0,0.08104549168251422
fl-train-1753-act_dep_time,1753,0,0.08104549168251422
fl-train-1753-sched_arr_time,1753,0,0.11445335700437338
fl-train-1753-act_arr_time,1753,0,0.221570388240336
fl-train-1774-src,1774,0,0.0816190147063712
fl-train-1774-flight,1774,0,0.0816190147063712
fl-train-1774-sched_dep_time,1774,0,0.0816190147063712
fl-train-1774-act_dep_time,1774,0,0.0816190147063712
fl-train-1774-sched_arr_time,1774,0,0.20956904730245576
fl-train-1774-act_arr_time,1774,0,0.1235435447969611
fl-train-1781-src,1781,0,0.09228247788987164
fl-train-1781-flight,1781,0,0.0807926833985002
fl-train-1781-sched_dep_time,1781,1,0.9454668794905153
fl-train-1781-act_dep_time,1781,1,0.5606796945564754
fl-train-1781-sched_arr_time,1781,1,0.9653502339619583
fl-train-1781-act_arr_time,1781,0,0.48192503555014604
fl-train-1782-src,1782,0,0.08198089094718221
fl-train-1782-flight,1782,0,0.08198089094718221
fl-train-1782-sched_dep_time,1782,0,0.08198089094718221
fl-train-1782-act_dep_time,1782,0,0.08198089094718221
fl-train-1782-sched_arr_time,1782,0,0.11555045441360419
fl-train-1782-act_arr_time,1782,0,0.08198089094718221
fl-train-1791-src,1791,0,0.15257560498988088
fl-train-1791-flight,1791,0,0.08275083768337418
fl-train-1791-sched_dep_time,1791,1,0.9662160032548822
fl-train-1791-act_dep_time,1791,0,0.36772799956122176
fl-train-1791-sched_arr_time,1791,1,0.8996890291380245
fl-train-1791-act_arr_time,1791,0,0.5403139424590723
fl-train-1795-src,1795,0,0.17341233097354314
fl-train-1795-flight,1795,0,0.081306560295369
fl-train-1795-sched_dep_time,1795,1,0.9689191497325126
fl-train-1795-act_dep_time,1795,0,0.5669016124833542
fl-train-1795-sched_arr_time,1795,1,0.9239582332400026
fl-train-1795-act_arr_time,1795,0,0.566901609538515
fl-train-1797-src,1797,0,0.08163289306142184
fl-train-1797-flight,1797,0,0.08163289306142184
fl-train-1797-sched_dep_time,1797,0,0.08163289306142184
fl-train-1797-act_dep_time,1797,0,0.08163289306142184
fl-train-1797-sched_arr_time,1797,0,0.12321716255702297
fl-train-1797-act_arr_time,1797,0,0.08163289306142184
fl-train-1806-src,1806,0,0.08494010242708176
fl-train-1806-flight,1806,0,0.08494010242708176
fl-train-1806-sched_dep_time,1806,0,0.08494010242708176
fl-train-1806-act_dep_time,1806,0,0.08494010242708176
fl-train-1806-sched_arr_time,1806,0,0.0901803920077087
fl-train-1806-act_arr_time,1806,0,0.5072651454260261
fl-train-1811-src,1811,0,0.0816190147063712
fl-train-1811-flight,1811,0,0.0816190147063712
fl-train-1811-sched_dep_time,1811,0,0.0816190147063712
fl-train-1811-act_dep_time,1811,0,0.0816190147063712
fl-train-1811-sched_arr_time,1811,0,0.08673723746520452
fl-train-1811-act_arr_time,1811,0,0.16200139866171495
fl-train-1814-src,1814,0,0.14256238179932199
fl-train-1814-flight,1814,0,0.08212436570811714
fl-train-1814-sched_dep_time,1814,1,0.9420361889694203
fl-train-1814-act_dep_time,1814,0,0.28396238742399454
fl-train-1814-sched_arr_time,1814,1,0.927656811035385
fl-train-1814-act_arr_time,1814,0,0.5840248719844902
fl-train-1821-src,1821,0,0.08782654359679326
fl-train-1821-flight,1821,0,0.08273182780051896
fl-train-1821-sched_dep_time,1821,0,0.08273182780051896
fl-train-1821-act_dep_time,1821,1,0.682968171392566
fl-train-1821-sched_arr_time,1821,0,0.36504592349102216
fl-train-1821-act_arr_time,1821,1,0.8647424885899092
fl-train-1823-src,1823,0,0.08105937003756486
fl-train-1823-flight,1823,0,0.08105937003756486
fl-train-1823-sched_dep_time,1823,0,0.08105937003756486
fl-train-1823-act_dep_time,1823,0,0.12237556910412185
fl-train-1823-sched_arr_time,1823,0,0.6315298453442331
fl-train-1823-act_arr_time,1823,0,0.6843835327204758
fl-train-1824-src,1824,0,0.12775566956019926
fl-train-1824-flight,1824,0,0.0848908502309451
fl-train-1824-sched_dep_time,1824,1,0.9491927093667053
fl-train-1824-act_dep_time,1824,0,0.17800530310882415
fl-train-1824-sched_arr_time,1824,1,0.8952959090684413
fl-train-1824-act_arr_time,1824,0,0.3386123461647264
fl-train-1825-src,1825,0,0.2268638117772028
fl-train-1825-flight,1825,0,0.08436735935029759
fl-train-1825-sched_dep_time,1825,0,0.08436735935029759
fl-train-1825-act_dep_time,1825,1,0.8861985048846969
fl-train-1825-sched_arr_time,1825,0,0.08436735935029759
fl-train-1825-act_arr_time,1825,1,0.7810416393165013
fl-train-1826-src,1826,0,0.10908013529551415
fl-train-1826-flight,1826,0,0.08285419971580299
fl-train-1826-sched_dep_time,1826,1,0.9664460542646608
fl-train-1826-act_dep_time,1826,0,0.799345298516438
fl-train-1826-sched_arr_time,1826,1,0.9471350006836966
fl-train-1826-act_arr_time,1826,0,0.56814388292933
fl-train-1828-src,1828,0,0.13199859143589598
fl-train-1828-flight,1828,0,0.08136542647528436
fl-train-1828-sched_dep_time,1828,0,0.08136542647528436
fl-train-1828-act_dep_time,1828,1,0.5426757333356402
fl-train-1828-sched_arr_time,1828,0,0.25101073902414783
fl-train-1828-act_arr_time,1828,1,0.7233939109517008
fl-train-1836-src,1836,0,0.1526388150711461
fl-train-1836-flight,1836,0,0.1526388147250718
fl-train-1836-sched_dep_time,1836,0,0.08223703227927563
fl-train-1836-act_dep_time,1836,0,0.48610400120797465
fl-train-1836-sched_arr_time,1836,0,0.6401612204505588
fl-train-1836-act_arr_time,1836,0,0.9461155721467
fl-train-1840-src,1840,0,0.08066616209135058
fl-train-1840-flight,1840,0,0.08066616209135058
fl-train-1840-sched_dep_time,1840,0,0.08066616209135058
fl-train-1840-act_dep_time,1840,0,0.08066616209135058
fl-train-1840-sched_arr_time,1840,0,0.4790607469557791
fl-train-1840-act_arr_time,1840,0,0.5768539713217589
fl-train-1844-src,1844,0,0.08261916122936046
fl-train-1844-flight,1844,0,0.08261916122936046
fl-train-1844-sched_dep_time,1844,0,0.08261916122936046
fl-train-1844-act_dep_time,1844,0,0.08261916122936046
fl-train-1844-sched_arr_time,1844,0,0.1009732602356949
fl-train-1844-act_arr_time,1844,0,0.11598678312710864
fl-train-1849-src,1849,0,0.0804349544913777
fl-train-1849-flight,1849,0,0.0804349544913777
fl-train-1849-sched_dep_time,1849,0,0.0804349544913777
fl-train-1849-act_dep_time,1849,0,0.0804349544913777
fl-train-1849-sched_arr_time,1849,0,0.5838893157985349
fl-train-1849-act_arr_time,1849,0,0.4851309363830391
fl-train-1856-src,1856,0,0.08201737779944958
fl-train-1856-flight,1856,0,0.08201737779944958
fl-train-1856-sched_dep_time,1856,0,0.08201737779944958
fl-train-1856-act_dep_time,1856,0,0.08201737779944958
fl-train-1856-sched_arr_time,1856,0,0.1519871323425354
fl-train-1856-act_arr_time,1856,0,0.6554682443734512
fl-train-1857-src,1857,0,0.12790158336528326
fl-train-1857-flight,1857,0,0.08524857913806759
fl-train-1857-sched_dep_time,1857,0,0.08524857913806759
fl-train-1857-act_dep_time,1857,0,0.16671146588407684
fl-train-1857-sched_arr_time,1857,0,0.4472632352062081
fl-train-1857-act_arr_time,1857,0,0.943536634218853
fl-train-1858-src,1858,0,0.10005720461722385
fl-train-1858-flight,1858,0,0.08156052761211068
fl-train-1858-sched_dep_time,1858,0,0.08156052761211068
fl-train-1858-act_dep_time,1858,0,0.08156052761211068
fl-train-1858-sched_arr_time,1858,0,0.17311707724863026
fl-train-1858-act_arr_time,1858,0,0.8717972624240371
fl-train-1863-src,1863,0,0.08156052761211068
fl-train-1863-flight,1863,0,0.08156052761211068
fl-train-1863-sched_dep_time,1863,0,0.08156052761211068
fl-train-1863-act_dep_time,1863,0,0.13237187900243255
fl-train-1863-sched_arr_time,1863,0,0.22317957732676233
fl-train-1863-act_arr_time,1863,1,0.6749333400412577
fl-train-1868-src,1868,0,0.081306560295369
fl-train-1868-flight,1868,0,0.081306560295369
fl-train-1868-sched_dep_time,1868,0,0.081306560295369
fl-train-1868-act_dep_time,1868,1,0.5863285880927631
fl-train-1868-sched_arr_time,1868,0,0.5669016173026262
fl-train-1868-act_arr_time,1868,1,0.8908566004953151
fl-train-1870-src,1870,0,0.10069669110153102
fl-train-1870-flight,1870,0,0.08223509275077671
fl-train-1870-sched_dep_time,1870,0,0.10069669037222839
fl-train-1870-act_dep_time,1870,0,0.3860869968923843
fl-train-1870-sched_arr_time,1870,0,0.6534861949838046
fl-train-1870-act_arr_time,1870,0,0.8855832580941462
fl-train-1878-src,1878,0,0.08084054207505637
fl-train-1878-flight,1878,0,0.08084054207505637
fl-train-1878-sched_dep_time,1878,0,0.08084054207505637
fl-train-1878-act_dep_time,1878,0,0.08084054207505637
fl-train-1878-sched_arr_time,1878,0,0.08084054207505637
fl-train-1878-act_arr_time,1878,0,0.08084054207505637
fl-train-1881-src,1881,0,0.08535194117049638
fl-train-1881-flight,1881,0,0.13775874107933195
fl-train-1881-sched_dep_time,1881,0,0.0906556224870932
fl-train-1881-act_dep_time,1881,0,0.3244400741423381
fl-train-1881-sched_arr_time,1881,0,0.49353761320645956
fl-train-1881-act_arr_time,1881,0,0.8742976372352587
fl-train-1884-src,1884,0,0.08273182780051896
fl-train-1884-flight,1884,0,0.08273182780051896
fl-train-1884-sched_dep_time,1884,0,0.08273182780051896
fl-train-1884-act_dep_time,1884,0,0.08273182780051896
fl-train-1884-sched_arr_time,1884,0,0.08273182780051896
fl-train-1884-act_arr_time,1884,0,0.08273182780051896
fl-train-1887-src,1887,0,0.08201737779944958
fl-train-1887-flight,1887,0,0.10785840311330826
fl-train-1887-sched_dep_time,1887,0,0.08201737779944958
fl-train-1887-act_dep_time,1887,0,0.19716070210085665
fl-train-1887-sched_arr_time,1887,0,0.6730269767043766
fl-train-1887-act_arr_time,1887,0,0.8788761814295708
fl-train-1888-src,1888,0,0.08332358076015835
fl-train-1888-flight,1888,0,0.08332358076015835
fl-train-1888-sched_dep_time,1888,0,0.08332358076015835
fl-train-1888-act_dep_time,1888,0,0.08332358076015835
fl-train-1888-sched_arr_time,1888,0,0.16393688627984962
fl-train-1888-act_arr_time,1888,0,0.4063476242682475
fl-train-1895-src,1895,0,0.08264925010834513
fl-train-1895-flight,1895,0,0.08264925010834513
fl-train-1895-sched_dep_time,1895,0,0.08264925010834513
fl-train-1895-act_dep_time,1895,0,0.08264925010834513
fl-train-1895-sched_arr_time,1895,0,0.21219347419458043
fl-train-1895-act_arr_time,1895,0,0.08264925010834513
fl-train-1904-src,1904,0,0.08105937003756486
fl-train-1904-flight,1904,0,0.08105937003756486
fl-train-1904-sched_dep_time,1904,0,0.08105937003756486
fl-train-1904-act_dep_time,1904,0,0.08105937003756486
fl-train-1904-sched_arr_time,1904,0,0.08105937003756486
fl-train-1904-act_arr_time,1904,0,0.14023667334130466
fl-train-1905-src,1905,0,0.08077882866250909
fl-train-1905-flight,1905,0,0.08077882866250909
fl-train-1905-sched_dep_time,1905,0,0.08077882866250909
fl-train-1905-act_dep_time,1905,0,0.08077882866250909
fl-train-1905-sched_arr_time,1905,0,0.09901092453053033
fl-train-1905-act_arr_time,1905,0,0.2340968959381774
fl-train-1915-src,1915,0,0.08066616209135058
fl-train-1915-flight,1915,0,0.08066616209135058
fl-train-1915-sched_dep_time,1915,0,0.08066616209135058
fl-train-1915-act_dep_time,1915,0,0.08066616209135058
fl-train-1915-sched_arr_time,1915,0,0.08066616209135058
fl-train-1915-act_arr_time,1915,0,0.11383232423247606
fl-train-1916-src,1916,0,0.08436735935029759
fl-train-1916-flight,1916,0,0.08436735935029759
fl-train-1916-sched_dep_time,1916,0,0.08436735935029759
fl-train-1916-act_dep_time,1916,0,0.15519817673832104
fl-train-1916-sched_arr_time,1916,0,0.1269114622228554
fl-train-1916-act_arr_time,1916,0,0.3191222493052994
fl-train-1919-src,1919,0,0.19093146668567937
fl-train-1919-flight,1919,0,0.2033660765744185
fl-train-1919-sched_dep_time,1919,0,0.19093146857471002
fl-train-1919-act_dep_time,1919,1,0.5898922535775927
fl-train-1919-sched_arr_time,1919,0,0.7869272247418325
fl-train-1919-act_arr_time,1919,1,0.9505658599833929
fl-train-1924-src,1924,0,0.0804349544913777
fl-train-1924-flight,1924,0,0.0804349544913777
fl-train-1924-sched_dep_time,1924,0,0.0804349544913777
fl-train-1924-act_dep_time,1924,0,0.1222605097229016
fl-train-1924-sched_arr_time,1924,0,0.44551765103915936
fl-train-1924-act_arr_time,1924,0,0.7568041114638516
fl-train-1927-src,1927,0,0.08185060801274897
fl-train-1927-flight,1927,0,0.08185060801274897
fl-train-1927-sched_dep_time,1927,0,0.08185060801274897
fl-train-1927-act_dep_time,1927,0,0.0933291008550214
fl-train-1927-sched_arr_time,1927,0,0.08185060801274897
fl-train-1927-act_arr_time,1927,0,0.12334128997156557
fl-train-1932-src,1932,0,0.0851450520345396
fl-train-1932-flight,1932,0,0.0851450520345396
fl-train-1932-sched_dep_time,1932,0,0.0851450520345396
fl-train-1932-act_dep_time,1932,1,0.3212934215965834
fl-train-1932-sched_arr_time,1932,0,0.13699313877612257
fl-train-1932-act_arr_time,1932,0,0.41154267829830155
fl-train-1940-src,1940,0,0.12243040135037304
fl-train-1940-flight,1940,0,0.19517967589050225
fl-train-1940-sched_dep_time,1940,0,0.19517967374035838
fl-train-1940-act_dep_time,1940,0,0.4618590063320071
fl-train-1940-sched_arr_time,1940,0,0.7373004319427107
fl-train-1940-act_arr_time,1940,0,0.9562948923294927
fl-train-1944-src,1944,0,0.07991007009114971
fl-train-1944-flight,1944,0,0.07991007009114971
fl-train-1944-sched_dep_time,1944,0,0.07991007009114971
fl-train-1944-act_dep_time,1944,0,0.07991007009114971
fl-train-1944-sched_arr_time,1944,0,0.07991007009114971
fl-train-1944-act_arr_time,1944,0,0.07991007009114971
fl-train-1947-src,1947,0,0.08244174739988068
fl-train-1947-flight,1947,0,0.08244174739988068
fl-train-1947-sched_dep_time,1947,0,0.08244174739988068
fl-train-1947-act_dep_time,1947,0,0.11621037359361229
fl-train-1947-sched_arr_time,1947,0,0.10837146290543372
fl-train-1947-act_arr_time,1947,0,0.22408390400734077
fl-train-1950-src,1950,0,0.16334952703906744
fl-train-1950-flight,1950,0,0.0825183536014042
fl-train-1950-sched_dep_time,1950,0,0.0825183536014042
fl-train-1950-act_dep_time,1950,0,0.0825183536014042
fl-train-1950-sched_arr_time,1950,0,0.37031207273937444
fl-train-1950-act_arr_time,1950,1,0.9368056431824442
fl-train-1951-src,1951,0,0.17097113585775123
fl-train-1951-flight,1951,0,0.08077882866250909
fl-train-1951-sched_dep_time,1951,1,0.9666273621204061
fl-train-1951-act_dep_time,1951,1,0.4987501518737845
fl-train-1951-sched_arr_time,1951,1,0.9616248864193849
fl-train-1951-act_arr_time,1951,0,0.5959074850630605
fl-train-1953-src,1953,0,0.08171877812443848
fl-train-1953-flight,1953,0,0.08171877812443848
fl-train-1953-sched_dep_time,1953,0,0.08171877812443848
fl-train-1953-act_dep_time,1953,1,0.08171877812443848
fl-train-1953-sched_arr_time,1953,0,0.1862006083662946
fl-train-1953-act_arr_time,1953,0,0.08171877812443848
fl-train-1954-src,1954,0,0.20093140763272796
fl-train-1954-flight,1954,0,0.08406811753743564
fl-train-1954-sched_dep_time,1954,1,0.9654696945878515
fl-train-1954-act_dep_time,1954,1,0.28709906508106303
fl-train-1954-sched_arr_time,1954,1,0.8803565053999387
fl-train-1954-act_arr_time,1954,0,0.17690432755772045
fl-train-1958-src,1958,0,0.28273648290977743
fl-train-1958-flight,1958,0,0.08311631253854672
fl-train-1958-sched_dep_time,1958,1,0.9660146079628752
fl-train-1958-act_dep_time,1958,1,0.4239017251623281
fl-train-1958-sched_arr_time,1958,1,0.9061644469338465
fl-train-1958-act_arr_time,1958,0,0.597582347066258
fl-train-1966-src,1966,0,0.0826978887319741
fl-train-1966-flight,1966,0,0.0826978887319741
fl-train-1966-sched_dep_time,1966,0,0.0826978887319741
fl-train-1966-act_dep_time,1966,1,0.0826978887319741
fl-train-1966-sched_arr_time,1966,0,0.23975609523572672
fl-train-1966-act_arr_time,1966,1,0.0826978887319741
fl-train-1972-src,1972,0,0.15302467714759185
fl-train-1972-flight,1972,0,0.08311631253854672
fl-train-1972-sched_dep_time,1972,1,0.9660146079628752
fl-train-1972-act_dep_time,1972,1,0.3500419156732055
fl-train-1972-sched_arr_time,1972,1,0.8920322439663422
fl-train-1972-act_arr_time,1972,0,0.44305895432596193
fl-train-1978-src,1978,0,0.236183956175404
fl-train-1978-flight,1978,0,0.08191747657216035
fl-train-1978-sched_dep_time,1978,1,0.9665818167178758
fl-train-1978-act_dep_time,1978,1,0.3311567040330183
fl-train-1978-sched_arr_time,1978,1,0.8770500656271002
fl-train-1978-act_arr_time,1978,0,0.4422108913507606
fl-train-1981-src,1981,0,0.08083331758445608
fl-train-1981-flight,1981,0,0.08083331758445608
fl-train-1981-sched_dep_time,1981,0,0.08083331758445608
fl-train-1981-act_dep_time,1981,0,0.13149903864530466
fl-train-1981-sched_arr_time,1981,0,0.08083331758445608
fl-train-1981-act_arr_time,1981,1,0.19603854732683382
fl-train-1982-src,1982,0,0.2545694337590609
fl-train-1982-flight,1982,0,0.08264925010834513
fl-train-1982-sched_dep_time,1982,1,0.9507323730500622
fl-train-1982-act_dep_time,1982,1,0.41039913007872375
fl-train-1982-sched_arr_time,1982,1,0.9173068329235506
fl-train-1982-act_arr_time,1982,0,0.5865441303916986
fl-train-1983-src,1983,0,0.2220715153439965
fl-train-1983-flight,1983,0,0.08261916122936046
fl-train-1983-sched_dep_time,1983,1,0.9651381077117765
fl-train-1983-act_dep_time,1983,1,0.34712987408470514
fl-train-1983-sched_arr_time,1983,1,0.9107422297437345
fl-train-1983-act_arr_time,1983,0,0.5170126135999885
fl-train-1991-src,1991,0,0.4600872450974534
fl-train-1991-flight,1991,0,0.46008724664218487
fl-train-1991-sched_dep_time,1991,1,0.9641582854149394
fl-train-1991-act_dep_time,1991,0,0.8846093684683375
fl-train-1991-sched_arr_time,1991,1,0.9438213224216615
fl-train-1991-act_arr_time,1991,1,0.9663698101559802
fl-train-1993-src,1993,0,0.22732131536857839
fl-train-1993-flight,1993,0,0.08406811753743564
fl-train-1993-sched_dep_time,1993,0,0.08406811753743564
fl-train-1993-act_dep_time,1993,1,0.7260924070247697
fl-train-1993-sched_arr_time,1993,0,0.3202735317853512
fl-train-1993-act_arr_time,1993,1,0.8883842513477002
fl-train-1996-src,1996,0,0.2787033282934241
fl-train-1996-flight,1996,0,0.08105937003756486
fl-train-1996-sched_dep_time,1996,1,0.9579434097400905
fl-train-1996-act_dep_time,1996,1,0.45838352032663215
fl-train-1996-sched_arr_time,1996,1,0.9389941901287538
fl-train-1996-act_arr_time,1996,0,0.6495786724403115
fl-train-2012-src,2012,0,0.14624281809073197
fl-train-2012-flight,2012,0,0.08524857913806759
fl-train-2012-sched_dep_time,2012,0,0.08524857913806759
fl-train-2012-act_dep_time,2012,1,0.849303285817625
fl-train-2012-sched_arr_time,2012,1,0.9297685630070237
fl-train-2012-act_arr_time,2012,1,0.9579758391730575
fl-train-2013-src,2013,0,0.1420559411188453
fl-train-2013-flight,2013,0,0.08226282584181846
fl-train-2013-sched_dep_time,2013,0,0.08226282584181846
fl-train-2013-act_dep_time,2013,1,0.6520201717647782
fl-train-2013-sched_arr_time,2013,0,0.3488058383646369
fl-train-2013-act_arr_time,2013,1,0.89961283171196
fl-train-2014-src,2014,0,0.20268694607176585
fl-train-2014-flight,2014,0,0.2294911121537168
fl-train-2014-sched_dep_time,2014,0,0.12742574379908425
fl-train-2014-act_dep_time,2014,1,0.1562556521475764
fl-train-2014-sched_arr_time,2014,0,0.7324288122875601
fl-train-2014-act_arr_time,2014,0,0.9352540499357431
fl-train-2017-src,2017,0,0.22159931767184715
fl-train-2017-flight,2017,0,0.08119104649157857
fl-train-2017-sched_dep_time,2017,0,0.08119104649157857
fl-train-2017-act_dep_time,2017,1,0.7368461337263223
fl-train-2017-sched_arr_time,2017,0,0.08119104649157857
fl-train-2017-act_arr_time,2017,1,0.8695197232903986
fl-train-2021-src,2021,0,0.23723593559752512
fl-train-2021-flight,2021,0,0.08319268425321744
fl-train-2021-sched_dep_time,2021,0,0.08319268425321744
fl-train-2021-act_dep_time,2021,1,0.7760684020579451
fl-train-2021-sched_arr_time,2021,0,0.08319268425321744
fl-train-2021-act_arr_time,2021,1,0.8829236328526583
fl-train-2022-src,2022,0,0.35051864633370267
fl-train-2022-flight,2022,0,0.09320023800731064
fl-train-2022-sched_dep_time,2022,1,0.9676615347446954
fl-train-2022-act_dep_time,2022,1,0.7076171861859416
fl-train-2022-sched_arr_time,2022,1,0.9533050735811512
fl-train-2022-act_arr_time,2022,0,0.9496608421516172
fl-train-2024-src,2024,0,0.2215703911630886
fl-train-2024-flight,2024,0,0.08104549168251422
fl-train-2024-sched_dep_time,2024,1,0.9594952970928152
fl-train-2024-act_dep_time,2024,1,0.5410620154031872
fl-train-2024-sched_arr_time,2024,1,0.8608924709198275
fl-train-2024-act_arr_time,2024,1,0.4041834277021916
fl-train-2033-src,2033,0,0.2828694031325204
fl-train-2033-flight,2033,0,0.08249099959601733
fl-train-2033-sched_dep_time,2033,1,0.9646947745365564
fl-train-2033-act_dep_time,2033,1,0.33296175477216533
fl-train-2033-sched_arr_time,2033,1,0.9141991751446684
fl-train-2033-act_arr_time,2033,0,0.18547877424260265
fl-train-2037-src,2037,0,0.19474010420618082
fl-train-2037-flight,2037,0,0.19474010294463043
fl-train-2037-sched_dep_time,2037,0,0.3132712167250343
fl-train-2037-act_dep_time,2037,0,0.2964631745688496
fl-train-2037-sched_arr_time,2037,0,0.8420799585341365
fl-train-2037-act_arr_time,2037,1,0.9678800888643924
fl-train-2039-src,2039,0,0.22284509796628194
fl-train-2039-flight,2039,0,0.16216135320626623
fl-train-2039-sched_dep_time,2039,0,0.08709435015286893
fl-train-2039-act_dep_time,2039,0,0.4629563685089278
fl-train-2039-sched_arr_time,2039,0,0.3320761882505654
fl-train-2039-act_arr_time,2039,1,0.9647208143111169
fl-train-2041-src,2041,0,0.08207650703156097
fl-train-2041-flight,2041,0,0.08207650703156097
fl-train-2041-sched_dep_time,2041,0,0.08207650703156097
fl-train-2041-act_dep_time,2041,1,0.08207650703156097
fl-train-2041-sched_arr_time,2041,0,0.5850386651168932
fl-train-2041-act_arr_time,2041,0,0.3898393547703744
fl-train-2050-src,2050,0,0.10332564618204769
fl-train-2050-flight,2050,0,0.084466480630514
fl-train-2050-sched_dep_time,2050,0,0.084466480630514
fl-train-2050-act_dep_time,2050,0,0.084466480630514
fl-train-2050-sched_arr_time,2050,0,0.35538064176840406
fl-train-2050-act_arr_time,2050,0,0.7694242350829003
fl-train-2066-src,2066,0,0.08249099959601733
fl-train-2066-flight,2066,0,0.08249099959601733
fl-train-2066-sched_dep_time,2066,0,0.08249099959601733
fl-train-2066-act_dep_time,2066,0,0.08249099959601733
fl-train-2066-sched_arr_time,2066,0,0.21037065241308076
fl-train-2066-act_arr_time,2066,0,0.15250206514956868
fl-train-2072-src,2072,0,0.16782379544982798
fl-train-2072-flight,2072,0,0.0971116921942645
fl-train-2072-sched_dep_time,2072,1,0.9660786025351583
fl-train-2072-act_dep_time,2072,0,0.32372399525483936
fl-train-2072-sched_arr_time,2072,1,0.8237883704976602
fl-train-2072-act_arr_time,2072,0,0.680581011590739
fl-train-2073-src,2073,0,0.09859080778424813
fl-train-2073-flight,2073,0,0.08038046556943071
fl-train-2073-sched_dep_time,2073,1,0.9670015519796955
fl-train-2073-act_dep_time,2073,1,0.596632553197785
fl-train-2073-sched_arr_time,2073,1,0.9404187413009861
fl-train-2073-act_arr_time,2073,0,0.4794912594133243
fl-train-2078-src,2078,0,0.15201872405140907
fl-train-2078-flight,2078,0,0.08735297586557049
fl-train-2078-sched_dep_time,2078,1,0.955476592347611
fl-train-2078-act_dep_time,2078,0,0.2230110957350405
fl-train-2078-sched_arr_time,2078,1,0.9137401351334148
fl-train-2078-act_arr_time,2078,0,0.6355162691483499
fl-train-2082-src,2082,0,0.15031402401907998
fl-train-2082-flight,2082,0,0.2350512195682356
fl-train-2082-sched_dep_time,2082,1,0.967150233461172
fl-train-2082-act_dep_time,2082,0,0.264589321518754
fl-train-2082-sched_arr_time,2082,1,0.9592356916688617
fl-train-2082-act_arr_time,2082,0,0.8602570186972637
fl-train-2084-src,2084,0,0.11420176140507732
fl-train-2084-flight,2084,0,0.0924806887301583
fl-train-2084-sched_dep_time,2084,1,0.9660544001243689
fl-train-2084-act_dep_time,2084,0,0.4389911954922238
fl-train-2084-sched_arr_time,2084,1,0.9058092294796228
fl-train-2084-act_arr_time,2084,0,0.5943504612303055
fl-train-2088-src,2088,0,0.19575294151985415
fl-train-2088-flight,2088,0,0.08158425443779285
fl-train-2088-sched_dep_time,2088,1,0.9480286395778418
fl-train-2088-act_dep_time,2088,0,0.4221223394580951
fl-train-2088-sched_arr_time,2088,1,0.9249333755808311
fl-train-2088-act_arr_time,2088,1,0.46081238810726305
fl-train-2093-src,2093,0,0.17390350575037536
fl-train-2093-flight,2093,0,0.08275083768337418
fl-train-2093-sched_dep_time,2093,0,0.08275083768337418
fl-train-2093-act_dep_time,2093,1,0.6347081802368246
fl-train-2093-sched_arr_time,2093,0,0.21020209309109586
fl-train-2093-act_arr_time,2093,1,0.8041236511637408
fl-train-2098-src,2098,0,0.0840096304431751
fl-train-2098-flight,2098,0,0.0840096304431751
fl-train-2098-sched_dep_time,2098,0,0.0840096304431751
fl-train-2098-act_dep_time,2098,0,0.0840096304431751
fl-train-2098-sched_arr_time,2098,0,0.17701099112078855
fl-train-2098-act_arr_time,2098,0,0.5482139140496655
fl-train-2101-src,2101,0,0.08332358076015835
fl-train-2101-flight,2101,0,0.08332358076015835
fl-train-2101-sched_dep_time,2101,0,0.08332358076015835
fl-train-2101-act_dep_time,2101,0,0.15350779684243346
fl-train-2101-sched_arr_time,2101,0,0.08848065366615288
fl-train-2101-act_arr_time,2101,0,0.11713475257072686
fl-train-2110-src,2110,0,0.08104549168251422
fl-train-2110-flight,2110,0,0.08104549168251422
fl-train-2110-sched_dep_time,2110,0,0.17188304524236245
fl-train-2110-act_dep_time,2110,1,0.92644619894058
fl-train-2110-sched_arr_time,2110,1,0.7807456926726752
fl-train-2110-act_arr_time,2110,1,0.9594952970928152
fl-train-2119-src,2119,0,0.10939101059148115
fl-train-2119-flight,2119,0,0.08847089501978872
fl-train-2119-sched_dep_time,2119,1,0.9673011932527844
fl-train-2119-act_dep_time,2119,0,0.19932393828001257
fl-train-2119-sched_arr_time,2119,1,0.9562920203475499
fl-train-2119-act_arr_time,2119,0,0.7953857154219609
fl-train-2123-src,2123,0,0.09478260952125224
fl-train-2123-flight,2123,0,0.1016677028881746
fl-train-2123-sched_dep_time,2123,1,0.9654312271412961
fl-train-2123-act_dep_time,2123,0,0.3668563187421234
fl-train-2123-sched_arr_time,2123,1,0.9603237741635632
fl-train-2123-act_arr_time,2123,0,0.8139925008956422
fl-train-2129-src,2129,0,0.1530224148499045
fl-train-2129-flight,2129,0,0.16354561868537937
fl-train-2129-sched_dep_time,2129,0,0.0824419818867335
fl-train-2129-act_dep_time,2129,0,0.5848993845803699
fl-train-2129-sched_arr_time,2129,0,0.39007257112226174
fl-train-2129-act_arr_time,2129,0,0.7414987240495728
fl-train-2135-src,2135,0,0.1620831686174408
fl-train-2135-flight,2135,0,0.08156052761211068
fl-train-2135-sched_dep_time,2135,1,0.9679156563294858
fl-train-2135-act_dep_time,2135,0,0.25180688856066574
fl-train-2135-sched_arr_time,2135,1,0.9679156563294858
fl-train-2135-act_arr_time,2135,0,0.5046563393275729
fl-train-2141-src,2141,0,0.08314404562958845
fl-train-2141-flight,2141,0,0.08314404562958845
fl-train-2141-sched_dep_time,2141,0,0.08314404562958845
fl-train-2141-act_dep_time,2141,0,0.08314404562958845
fl-train-2141-sched_arr_time,2141,0,0.538913581641188
fl-train-2141-act_arr_time,2141,0,0.5389135822752061
fl-train-2145-src,2145,0,0.10042431232749295
fl-train-2145-flight,2145,0,0.107764700071527
fl-train-2145-sched_dep_time,2145,0,0.08194483057754724
fl-train-2145-act_dep_time,2145,0,0.13266933426108363
fl-train-2145-sched_arr_time,2145,0,0.3869087519280519
fl-train-2145-act_arr_time,2145,0,0.9083644425070553
fl-train-2151-src,2151,0,0.3376593698253583
fl-train-2151-flight,2151,0,0.084466480630514
fl-train-2151-sched_dep_time,2151,1,0.8202800857738829
fl-train-2151-act_dep_time,2151,1,0.9211316018420496
fl-train-2151-sched_arr_time,2151,0,0.7092799490056093
fl-train-2151-act_arr_time,2151,1,0.9266355346140808
fl-train-2160-src,2160,0,0.08261916122936046
fl-train-2160-flight,2160,0,0.08261916122936046
fl-train-2160-sched_dep_time,2160,0,0.08261916122936046
fl-train-2160-act_dep_time,2160,1,0.08261916122936046
fl-train-2160-sched_arr_time,2160,0,0.08261916122936046
fl-train-2160-act_arr_time,2160,1,0.9225995300233931
fl-train-2163-src,2163,0,0.16299456293754166
fl-train-2163-flight,2163,0,0.08212436570811714
fl-train-2163-sched_dep_time,2163,1,0.9420361889694203
fl-train-2163-act_dep_time,2163,1,0.4081147216867283
fl-train-2163-sched_arr_time,2163,1,0.8962528740899284
fl-train-2163-act_arr_time,2163,0,0.5058228762807307
fl-train-2166-src,2166,0,0.17519244455986174
fl-train-2166-flight,2166,0,0.0826978887319741
fl-train-2166-sched_dep_time,2166,1,0.9425421462007271
fl-train-2166-act_dep_time,2166,1,0.33632090825452554
fl-train-2166-sched_arr_time,2166,1,0.904165816770016
fl-train-2166-act_arr_time,2166,0,0.8640436702671069
fl-train-2182-src,2182,0,0.0810996711594122
fl-train-2182-flight,2182,0,0.0810996711594122
fl-train-2182-sched_dep_time,2182,0,0.0810996711594122
fl-train-2182-act_dep_time,2182,1,0.0810996711594122
fl-train-2182-sched_arr_time,2182,0,0.0810996711594122
fl-train-2182-act_arr_time,2182,1,0.26556425912962783
fl-train-2186-src,2186,0,0.08692450388490675
fl-train-2186-flight,2186,0,0.08181242819199172
fl-train-2186-sched_dep_time,2186,0,0.08181242819199172
fl-train-2186-act_dep_time,2186,0,0.11537977313527766
fl-train-2186-sched_arr_time,2186,0,0.08181242819199172
fl-train-2186-act_arr_time,2186,1,0.1729798567106289
fl-train-2190-src,2190,0,0.08077882866250909
fl-train-2190-flight,2190,0,0.08077882866250909
fl-train-2190-sched_dep_time,2190,0,0.08077882866250909
fl-train-2190-act_dep_time,2190,1,0.14005613025051775
fl-train-2190-sched_arr_time,2190,0,0.29513600213502394
fl-train-2190-act_arr_time,2190,0,0.7189500077490405
fl-train-2192-src,2192,0,0.1327816759968363
fl-train-2192-flight,2192,0,0.08226282584181846
fl-train-2192-sched_dep_time,2192,1,0.9347700545705172
fl-train-2192-act_dep_time,2192,1,0.6157182553861226
fl-train-2192-sched_arr_time,2192,1,0.9189122020105195
fl-train-2192-act_arr_time,2192,0,0.634059642457713
fl-train-2195-src,2195,0,0.17157163394333874
fl-train-2195-flight,2195,0,0.0807926833985002
fl-train-2195-sched_dep_time,2195,1,0.9675064855267638
fl-train-2195-act_dep_time,2195,1,0.5606796923981721
fl-train-2195-sched_arr_time,2195,1,0.9367166961140114
fl-train-2195-act_arr_time,2195,0,0.26481475662045945
fl-train-2198-src,2198,0,0.14260505485210903
fl-train-2198-flight,2198,0,0.08176741674806746
fl-train-2198-sched_dep_time,2198,0,0.08176741674806746
fl-train-2198-act_dep_time,2198,1,0.6974973247236349
fl-train-2198-sched_arr_time,2198,0,0.17439632715118678
fl-train-2198-act_arr_time,2198,1,0.8252560609373222
fl-train-2200-src,2200,0,0.08386316792997776
fl-train-2200-flight,2200,0,0.08386316792997776
fl-train-2200-sched_dep_time,2200,0,0.08386316792997776
fl-train-2200-act_dep_time,2200,1,0.7253018833116435
fl-train-2200-sched_arr_time,2200,1,0.6585683191998205
fl-train-2200-act_arr_time,2200,1,0.9625789503126576
fl-train-2224-src,2224,0,0.1492948814319395
fl-train-2224-flight,2224,0,0.07991007009114971
fl-train-2224-sched_dep_time,2224,1,0.9682542787236817
fl-train-2224-act_dep_time,2224,1,0.22050007035499827
fl-train-2224-sched_arr_time,2224,1,0.9423571795398443
fl-train-2224-act_arr_time,2224,0,0.6911878090710714
fl-train-2226-src,2226,0,0.13799244245457573
fl-train-2226-flight,2226,0,0.08602627182230961
fl-train-2226-sched_dep_time,2226,0,0.08602627182230961
fl-train-2226-act_dep_time,2226,1,0.7388945586252702
fl-train-2226-sched_arr_time,2226,0,0.08602627182230961
fl-train-2226-act_arr_time,2226,1,0.818461221744669
fl-train-2232-src,2232,0,0.13345839519062064
fl-train-2232-flight,2232,0,0.08792489351744881
fl-train-2232-sched_dep_time,2232,1,0.9579959906219466
fl-train-2232-act_dep_time,2232,1,0.2821985579055319
fl-train-2232-sched_arr_time,2232,1,0.7347642689392823
fl-train-2232-act_arr_time,2232,1,0.34951356876197
fl-train-2235-src,2235,0,0.12201932767176481
fl-train-2235-flight,2235,0,0.1822708571181031
fl-train-2235-sched_dep_time,2235,0,0.09208964911458917
fl-train-2235-act_dep_time,2235,1,0.2633501039294602
fl-train-2235-sched_arr_time,2235,0,0.8041084363210539
fl-train-2235-act_arr_time,2235,1,0.9586858112949539
fl-train-2242-src,2242,0,0.16242509363850113
fl-train-2242-flight,2242,0,0.15200156202206278
fl-train-2242-sched_dep_time,2242,0,0.14213342741824683
fl-train-2242-act_dep_time,2242,0,0.15200156320780192
fl-train-2242-sched_arr_time,2242,0,0.5616919554344183
fl-train-2242-act_arr_time,2242,1,0.9560043540672295
fl-train-2251-src,2251,0,0.08203014314331886
fl-train-2251-flight,2251,0,0.08203014314331886
fl-train-2251-sched_dep_time,2251,0,0.08203014314331886
fl-train-2251-act_dep_time,2251,1,0.17292919693585643
fl-train-2251-sched_arr_time,2251,0,0.3668772530841336
fl-train-2251-act_arr_time,2251,0,0.9133905684311113
fl-train-2252-src,2252,0,0.19474010511355422
fl-train-2252-flight,2252,0,0.2964631735687888
fl-train-2252-sched_dep_time,2252,0,0.08030843318422809
fl-train-2252-act_dep_time,2252,1,0.36658554321325915
fl-train-2252-sched_arr_time,2252,0,0.7069830854123512
fl-train-2252-act_arr_time,2252,0,0.9678800888643924
fl-train-2255-src,2255,0,0.0851450520345396
fl-train-2255-flight,2255,0,0.0851450520345396
fl-train-2255-sched_dep_time,2255,0,0.0851450520345396
fl-train-2255-act_dep_time,2255,0,0.0851450520345396
fl-train-2255-sched_arr_time,2255,1,0.2022628585845995
fl-train-2255-act_arr_time,2255,1,0.8199106099041608
fl-train-2260-src,2260,0,0.08406811753743564
fl-train-2260-flight,2260,0,0.08406811753743564
fl-train-2260-sched_dep_time,2260,0,0.08406811753743564
fl-train-2260-act_dep_time,2260,1,0.08406811753743564
fl-train-2260-sched_arr_time,2260,1,0.18862433165419368
fl-train-2260-act_arr_time,2260,0,0.17690432549101845
fl-train-2262-src,2262,0,0.10045215410643017
fl-train-2262-flight,2262,0,0.08176741674806746
fl-train-2262-sched_dep_time,2262,0,0.08176741674806746
fl-train-2262-act_dep_time,2262,1,0.08176741674806746
fl-train-2262-sched_arr_time,2262,1,0.33663382090423005
fl-train-2262-act_arr_time,2262,1,0.6804288998615045
fl-train-2264-src,2264,0,0.08273182780051896
fl-train-2264-flight,2264,0,0.08273182780051896
fl-train-2264-sched_dep_time,2264,0,0.08273182780051896
fl-train-2264-act_dep_time,2264,0,0.08273182780051896
fl-train-2264-sched_arr_time,2264,1,0.08273182780051896
fl-train-2264-act_arr_time,2264,1,0.08273182780051896
fl-train-2267-src,2267,0,0.08176378956836274
fl-train-2267-flight,2267,0,0.08176378956836274
fl-train-2267-sched_dep_time,2267,0,0.08176378956836274
fl-train-2267-act_dep_time,2267,1,0.08176378956836274
fl-train-2267-sched_arr_time,2267,1,0.13242879031300048
fl-train-2267-act_arr_time,2267,1,0.08176378956836274
fl-train-2268-src,2268,0,0.12802460712721456
fl-train-2268-flight,2268,0,0.0851450520345396
fl-train-2268-sched_dep_time,2268,0,0.0851450520345396
fl-train-2268-act_dep_time,2268,0,0.0903988701472694
fl-train-2268-sched_arr_time,2268,1,0.39278015563878127
fl-train-2268-act_arr_time,2268,1,0.808095253640209
fl-train-2269-src,2269,0,0.08151188898848169
fl-train-2269-flight,2269,0,0.08151188898848169
fl-train-2269-sched_dep_time,2269,0,0.08151188898848169
fl-train-2269-act_dep_time,2269,1,0.08151188898848169
fl-train-2269-sched_arr_time,2269,1,0.2519169622763596
fl-train-2269-act_arr_time,2269,1,0.08151188898848169
fl-train-2273-src,2273,0,0.08123452996834345
fl-train-2273-flight,2273,0,0.08123452996834345
fl-train-2273-sched_dep_time,2273,0,0.08123452996834345
fl-train-2273-act_dep_time,2273,0,0.14075941545046142
fl-train-2273-sched_arr_time,2273,1,0.18326562091621687
fl-train-2273-act_arr_time,2273,1,0.6158763308450923
fl-train-2275-src,2275,0,0.08222595328314619
fl-train-2275-flight,2275,0,0.08222595328314619
fl-train-2275-sched_dep_time,2275,0,0.08222595328314619
fl-train-2275-act_dep_time,2275,1,0.09374173785202693
fl-train-2275-sched_arr_time,2275,1,0.08222595328314619
fl-train-2275-act_arr_time,2275,1,0.14180016045793678
fl-train-2276-src,2276,0,0.08002273666230822
fl-train-2276-flight,2276,0,0.08002273666230822
fl-train-2276-sched_dep_time,2276,0,0.08002273666230822
fl-train-2276-act_dep_time,2276,1,0.08002273666230822
fl-train-2276-sched_arr_time,2276,1,0.08002273666230822
fl-train-2276-act_arr_time,2276,1,0.08002273666230822
fl-train-2278-src,2278,0,0.1517088834939969
fl-train-2278-flight,2278,0,0.34775896687986974
fl-train-2278-sched_dep_time,2278,1,0.33027629366736116
fl-train-2278-act_dep_time,2278,1,0.6321885056727501
fl-train-2278-sched_arr_time,2278,1,0.8984596014120739
fl-train-2278-act_arr_time,2278,1,0.9657110697078138
fl-train-2279-src,2279,0,0.10858831937020148
fl-train-2279-flight,2279,0,0.08279869635993035
fl-train-2279-sched_dep_time,2279,0,0.08279869635993035
fl-train-2279-act_dep_time,2279,1,0.11637444544974208
fl-train-2279-sched_arr_time,2279,1,0.2664214782567791
fl-train-2279-act_arr_time,2279,1,0.6515717867082867
fl-train-2283-src,2283,0,0.08285419971580299
fl-train-2283-flight,2283,0,0.08285419971580299
fl-train-2283-sched_dep_time,2283,0,0.08285419971580299
fl-train-2283-act_dep_time,2283,0,0.08285419971580299
fl-train-2283-sched_arr_time,2283,1,0.15388913357866965
fl-train-2283-act_arr_time,2283,1,0.11701344152690031
fl-train-2287-src,2287,0,0.11459263010922338
fl-train-2287-flight,2287,0,0.08119104649157857
fl-train-2287-sched_dep_time,2287,0,0.08119104649157857
fl-train-2287-act_dep_time,2287,1,0.15067112402286634
fl-train-2287-sched_arr_time,2287,1,0.4230117053666201
fl-train-2287-act_arr_time,2287,1,0.6885098057599638
fl-train-2295-src,2295,0,0.08141406509891334
fl-train-2295-flight,2295,0,0.08141406509891334
fl-train-2295-sched_dep_time,2295,0,0.08141406509891334
fl-train-2295-act_dep_time,2295,0,0.08141406509891334
fl-train-2295-sched_arr_time,2295,1,0.08141406509891334
fl-train-2295-act_arr_time,2295,1,0.08141406509891334
fl-train-2296-src,2296,0,0.08368878794627198
fl-train-2296-flight,2296,0,0.08368878794627198
fl-train-2296-sched_dep_time,2296,0,0.08368878794627198
fl-train-2296-act_dep_time,2296,0,0.08368878794627198
fl-train-2296-sched_arr_time,2296,1,0.08368878794627198
fl-train-2296-act_arr_time,2296,1,0.08368878794627198
fl-train-2298-src,2298,0,0.08231146446544745
fl-train-2298-flight,2298,0,0.08231146446544745
fl-train-2298-sched_dep_time,2298,0,0.08231146446544745
fl-train-2298-act_dep_time,2298,1,0.08231146446544745
fl-train-2298-sched_arr_time,2298,1,0.08231146446544745
fl-train-2298-act_arr_time,2298,1,0.08231146446544745
fl-train-2311-src,2311,0,0.08285419971580299
fl-train-2311-flight,2311,0,0.08285419971580299
fl-train-2311-sched_dep_time,2311,0,0.08285419971580299
fl-train-2311-act_dep_time,2311,0,0.08285419971580299
fl-train-2311-sched_arr_time,2311,1,0.16447977180936968
fl-train-2311-act_arr_time,2311,1,0.3372746027237079
fl-train-2317-src,2317,0,0.11633303699765074
fl-train-2317-flight,2317,0,0.1528682825296269
fl-train-2317-sched_dep_time,2317,0,0.08246971497777524
fl-train-2317-act_dep_time,2317,1,0.1084707127064853
fl-train-2317-sched_arr_time,2317,1,0.6212266945636218
fl-train-2317-act_arr_time,2317,1,0.7400579459576807
fl-train-2324-src,2324,0,0.1418210645398452
fl-train-2324-flight,2324,0,0.08203014314331886
fl-train-2324-sched_dep_time,2324,0,0.08203014314331886
fl-train-2324-act_dep_time,2324,0,0.08203014314331886
fl-train-2324-sched_arr_time,2324,0,0.13254295103593786
fl-train-2324-act_arr_time,2324,1,0.5593455494781366
fl-train-2326-src,2326,0,0.07991007009114971
fl-train-2326-flight,2326,0,0.07991007009114971
fl-train-2326-sched_dep_time,2326,0,0.07991007009114971
fl-train-2326-act_dep_time,2326,1,0.07991007009114971
fl-train-2326-sched_arr_time,2326,0,0.07991007009114971
fl-train-2326-act_arr_time,2326,1,0.12144289281943271
fl-train-2332-src,2332,0,0.08232931531557498
fl-train-2332-flight,2332,0,0.08232931531557498
fl-train-2332-sched_dep_time,2332,0,0.08232931531557498
fl-train-2332-act_dep_time,2332,0,0.08232931531557498
fl-train-2332-sched_arr_time,2332,0,0.10096809179049566
fl-train-2332-act_arr_time,2332,0,0.08232931531557498
fl-train-2336-src,2336,0,0.08105937003756486
fl-train-2336-flight,2336,0,0.08105937003756486
fl-train-2336-sched_dep_time,2336,0,0.08105937003756486
fl-train-2336-act_dep_time,2336,0,0.08105937003756486
fl-train-2336-sched_arr_time,2336,0,0.34586078669677156
fl-train-2336-act_arr_time,2336,0,0.328343025759313
fl-train-2353-src,2353,0,0.08038046556943071
fl-train-2353-flight,2353,0,0.08038046556943071
fl-train-2353-sched_dep_time,2353,0,0.08038046556943071
fl-train-2353-act_dep_time,2353,0,0.08038046556943071
fl-train-2353-sched_arr_time,2353,0,0.08038046556943071
fl-train-2353-act_arr_time,2353,0,0.1135339424168389
fl-train-2360-src,2360,0,0.08524857913806759
fl-train-2360-flight,2360,0,0.08524857913806759
fl-train-2360-sched_dep_time,2360,0,0.08524857913806759
fl-train-2360-act_dep_time,2360,0,0.08524857913806759
fl-train-2360-sched_arr_time,2360,0,0.40926593311985454
fl-train-2360-act_arr_time,2360,0,0.3723224086867991
fl-train-2367-src,2367,0,0.08333105903914949
fl-train-2367-flight,2367,0,0.08333105903914949
fl-train-2367-sched_dep_time,2367,0,0.08333105903914949
fl-train-2367-act_dep_time,2367,0,0.08333105903914949
fl-train-2367-sched_arr_time,2367,0,0.08333105903914949
fl-train-2367-act_arr_time,2367,0,0.08333105903914949
fl-train-2368-src,2368,0,0.08244174739988068
fl-train-2368-flight,2368,0,0.08244174739988068
fl-train-2368-sched_dep_time,2368,0,0.08244174739988068
fl-train-2368-act_dep_time,2368,0,0.08244174739988068
fl-train-2368-sched_arr_time,2368,0,0.08244174739988068
fl-train-2368-act_arr_time,2368,0,0.08244174739988068
