pair_id,label,clean_probability,probability,prediction,threshold
ag-test-000000,0,0.00028767086250380814,0.00041830226161321043,0,0.2579146929389598
ag-test-000001,0,0.04085603273429408,0.05687370527913564,0,0.2579146929389598
ag-test-000002,0,0.0071915539535183665,0.014338742715041434,0,0.2579146929389598
ag-test-000003,0,0.0007734505144510974,0.0008794539239694711,0,0.2579146929389598
ag-test-000004,0,0.011225553824092951,0.005435810218190341,0,0.2579146929389598
ag-test-000005,0,0.023825868792261378,0.030788831233027027,0,0.2579146929389598
ag-test-000006,0,0.0002104986619546377,0.00044938090070350867,0,0.2579146929389598
ag-test-000007,0,0.0025328397292585887,0.003003643586186068,0,0.2579146929389598
ag-test-000008,0,0.005613859126702508,0.007510257525303479,0,0.2579146929389598
ag-test-000009,0,0.0006981971623861723,0.0006260008849098975,0,0.2579146929389598
ag-test-000010,0,0.00172671475109921,0.001885655483040291,0,0.2579146929389598
ag-test-000011,0,0.00997112728589644,0.006653605355820387,0,0.2579146929389598
ag-test-000012,0,0.0594587659713635,0.07728289414851541,0,0.2579146929389598
ag-test-000013,0,0.002361365361741933,0.002428094481116909,0,0.2579146929389598
ag-test-000014,0,0.0006209555160803412,0.0008116406612626215,0,0.2579146929389598
ag-test-000015,0,0.00046717894377771197,0.0002618382267554748,0,0.2579146929389598
ag-test-000016,0,0.003601002282348702,0.004168265043186301,0,0.2579146929389598
ag-test-000017,0,0.004038687093022798,0.0017297511137715404,0,0.2579146929389598
ag-test-000018,0,0.020750331120908818,0.01987919416209336,0,0.2579146929389598
ag-test-000019,0,0.0005409104001143958,0.0007196724502732,0,0.2579146929389598
ag-test-000020,0,0.007426953500129114,0.007944317119887745,0,0.2579146929389598
ag-test-000021,0,0.06210285406090174,0.12568143931599776,0,0.2579146929389598
ag-test-000022,0,0.0016330267631788583,0.0015679313869069976,0,0.2579146929389598
ag-test-000023,1,0.7812515977515345,0.8190937424332707,1,0.2579146929389598
ag-test-000024,0,0.00025662402961195373,0.0001921258753697575,0,0.2579146929389598
ag-test-000025,1,0.6017561466622018,0.5647690850710848,1,0.2579146929389598
ag-test-000026,0,0.06847587382262423,0.020752398995701804,0,0.2579146929389598
ag-test-000027,0,0.000995462188716841,0.0006680454611802154,0,0.2579146929389598
ag-test-000028,1,0.7974836217896655,0.8448953443378583,1,0.2579146929389598
ag-test-000029,0,0.07525893873987029,0.04490737339771443,0,0.2579146929389598
ag-test-000030,0,0.0048973598329186165,0.005070826268241023,0,0.2579146929389598
ag-test-000031,0,0.003462950253427124,0.0028156325181919613,0,0.2579146929389598
ag-test-000032,0,0.00046253771496923096,0.0002984179501015872,0,0.2579146929389598
ag-test-000033,0,0.011899383406795036,0.007077061528831775,0,0.2579146929389598
ag-test-000034,1,0.8216012657221143,0.813597846954992,1,0.2579146929389598
ag-test-000035,0,0.04029381208846924,0.11363695740962926,0,0.2579146929389598
ag-test-000036,0,0.004408776604873161,0.004156081196324837,0,0.2579146929389598
ag-test-000037,0,0.0002340568618284576,0.0003426982022521992,0,0.2579146929389598
ag-test-000038,0,0.0015788271105992818,0.001181657386481676,0,0.2579146929389598
ag-test-000039,0,0.011276059863972768,0.024757459117858874,0,0.2579146929389598
ag-test-000040,0,0.0003489041584271006,0.00028314285433582204,0,0.2579146929389598
ag-test-000041,1,0.2918118918095799,0.148502152526383,0,0.2579146929389598
ag-test-000042,0,0.03281434051292425,0.023757223037510038,0,0.2579146929389598
ag-test-000043,0,0.011428529363470934,0.036249471309517285,0,0.2579146929389598
ag-test-000044,0,0.1047411385383101,0.07815538656466733,0,0.2579146929389598
ag-test-000045,0,0.06087648465461872,0.06962655179240247,0,0.2579146929389598
ag-test-000046,1,0.12932907841225255,0.12959077798034765,0,0.2579146929389598
ag-test-000047,0,0.04941890342320023,0.14933543306885458,0,0.2579146929389598
ag-test-000048,0,0.022649734583816583,0.0035614383721524335,0,0.2579146929389598
ag-test-000049,0,0.00729981240490114,0.007191158566318462,0,0.2579146929389598
ag-test-000050,0,0.001407681138486253,0.0012958056897301399,0,0.2579146929389598
ag-test-000051,0,0.030117400167778873,0.013250382494157319,0,0.2579146929389598
ag-test-000052,0,0.00023422247703619995,0.00018796925745843637,0,0.2579146929389598
ag-test-000053,0,0.005272467137763826,0.0043634602651774915,0,0.2579146929389598
ag-test-000054,0,0.00605329330348775,0.0035442531039213926,0,0.2579146929389598
ag-test-000055,0,0.00046791662372501903,0.0004138111880263117,0,0.2579146929389598
ag-test-000056,0,0.08837653243426118,0.12107562317584368,0,0.2579146929389598
ag-test-000057,0,0.010342749061396574,0.0063543387391899325,0,0.2579146929389598
ag-test-000058,0,0.0014568856753452257,0.0004778527817219495,0,0.2579146929389598
ag-test-000059,0,0.0026786666834594797,0.0020691076633012903,0,0.2579146929389598
ag-test-000060,0,0.00043738327026834217,0.00037102298190747285,0,0.2579146929389598
ag-test-000061,0,0.7647642176553998,0.7150710052007065,1,0.2579146929389598
ag-test-000062,0,0.0004239178815114402,0.00023532576189224007,0,0.2579146929389598
ag-test-000063,0,0.0196569291876718,0.01354496283389575,0,0.2579146929389598
ag-test-000064,0,0.43113671381460983,0.4962091311598021,1,0.2579146929389598
ag-test-000065,0,0.027449293021596283,0.011990784913401633,0,0.2579146929389598
ag-test-000066,1,0.28251930649129636,0.23884638790530366,0,0.2579146929389598
ag-test-000067,1,0.5925326698236633,0.5314737563457986,1,0.2579146929389598
ag-test-000068,0,0.00040171562879300456,0.0004192527014138957,0,0.2579146929389598
ag-test-000069,1,0.2809800729011351,0.12400532246108324,0,0.2579146929389598
ag-test-000070,0,0.0002570220949318971,0.0008991591841689037,0,0.2579146929389598
ag-test-000071,0,0.021120880617299474,0.01794934942766637,0,0.2579146929389598
ag-test-000072,0,4.44044321280468e-05,4.996603701148821e-05,0,0.2579146929389598
ag-test-000073,0,0.022517956252066457,0.022097829117676437,0,0.2579146929389598
ag-test-000074,0,0.016699530972215344,0.013793181973053912,0,0.2579146929389598
ag-test-000075,0,0.005327865922494466,0.006540153648503303,0,0.2579146929389598
ag-test-000076,0,0.11390811678356969,0.10942383188349505,0,0.2579146929389598
ag-test-000077,0,0.0019181835349819049,0.001656122201640678,0,0.2579146929389598
ag-test-000078,0,0.06126520228067237,0.042836258565130514,0,0.2579146929389598
ag-test-000079,0,0.025704056878038218,0.01981275787879566,0,0.2579146929389598
ag-test-000080,0,0.00028174150673800704,0.00042506049735300687,0,0.2579146929389598
ag-test-000081,0,0.0070344515000965785,0.010469436364744329,0,0.2579146929389598
ag-test-000082,0,0.007261876416298509,0.0058256718401727345,0,0.2579146929389598
ag-test-000083,0,0.0006019194880783511,0.0015714991392844389,0,0.2579146929389598
ag-test-000084,0,0.31592370373860423,0.1563479426396264,0,0.2579146929389598
ag-test-000085,0,0.31654071376606746,0.16417201068852416,0,0.2579146929389598
ag-test-000086,0,0.40482666855619165,0.10766895642960757,0,0.2579146929389598
ag-test-000087,0,0.07636612612560502,0.07305791204381445,0,0.2579146929389598
ag-test-000088,0,0.010371201443679921,0.006290987130232759,0,0.2579146929389598
ag-test-000089,0,0.014225617360887875,0.012138114171977077,0,0.2579146929389598
ag-test-000090,0,0.10599779236945782,0.1497476095022844,0,0.2579146929389598
ag-test-000091,0,0.029922451927223148,0.06248506327857373,0,0.2579146929389598
ag-test-000092,0,0.005379343669035304,0.005954939374663378,0,0.2579146929389598
ag-test-000093,0,0.03257354196811996,0.047096222234568656,0,0.2579146929389598
ag-test-000094,0,0.009925566666686076,0.005652109259869895,0,0.2579146929389598
ag-test-000095,0,0.007819301604857914,0.0063509722194760535,0,0.2579146929389598
ag-test-000096,0,0.002871533552879846,0.0028199300015310826,0,0.2579146929389598
ag-test-000097,0,0.016043958326844333,0.013398681562051862,0,0.2579146929389598
ag-test-000098,0,0.016924138734881845,0.021245702433303554,0,0.2579146929389598
ag-test-000099,0,0.08276350092035666,0.11111736473616428,0,0.2579146929389598
ag-test-000100,0,0.0027928043577810685,0.005799061834263478,0,0.2579146929389598
ag-test-000101,1,0.45320988021362446,0.40337380889113916,1,0.2579146929389598
ag-test-000102,0,0.0012779604765150998,0.0009003592535543314,0,0.2579146929389598
ag-test-000103,0,0.003113631559728065,0.0031883792426573767,0,0.2579146929389598
ag-test-000104,0,0.08682117880098297,0.03615826640294041,0,0.2579146929389598
ag-test-000105,1,0.7167994004145154,0.5035445550985799,1,0.2579146929389598
ag-test-000106,0,0.026178301861889807,0.010572576106262487,0,0.2579146929389598
ag-test-000107,0,0.0003518081755077091,0.0003424946633313244,0,0.2579146929389598
ag-test-000108,0,0.00015132571070099743,0.0002327108018801271,0,0.2579146929389598
ag-test-000109,0,0.03117482388583612,0.03285706992256757,0,0.2579146929389598
ag-test-000110,0,0.0012485390915500342,0.0019651525644389443,0,0.2579146929389598
ag-test-000111,0,0.009877568957579606,0.013529961766400965,0,0.2579146929389598
ag-test-000112,0,0.0008614913366289625,0.0007554090343094628,0,0.2579146929389598
ag-test-000113,0,0.0005483689170326886,0.0006804445168275665,0,0.2579146929389598
ag-test-000114,1,0.7690944669410876,0.49398621735262255,1,0.2579146929389598
ag-test-000115,0,0.004573654087194384,0.015161423409175591,0,0.2579146929389598
ag-test-000116,0,0.049486608142075776,0.0544022804117826,0,0.2579146929389598
ag-test-000117,0,0.01185706024931278,0.029998979223023872,0,0.2579146929389598
ag-test-000118,0,0.007291280461742478,0.0024611262630147572,0,0.2579146929389598
ag-test-000119,0,0.030697370788180387,0.014638169650696723,0,0.2579146929389598
ag-test-000120,0,0.004500090216373807,0.0012524174962792913,0,0.2579146929389598
ag-test-000121,1,0.6115142859271221,0.5517922870492424,1,0.2579146929389598
ag-test-000122,1,0.5493674829189569,0.5974637502568217,1,0.2579146929389598
ag-test-000123,0,0.09804233878433566,0.02344916481863251,0,0.2579146929389598
ag-test-000124,0,0.00045393674396115125,0.00032961676918186905,0,0.2579146929389598
ag-test-000125,0,0.018471208204371273,0.011945571690980624,0,0.2579146929389598
ag-test-000126,0,0.03341908239495429,0.04369013733048661,0,0.2579146929389598
ag-test-000127,0,0.0007878141042604959,0.0006109540818079191,0,0.2579146929389598
ag-test-000128,0,0.007734968261181829,0.007494836350419146,0,0.2579146929389598
ag-test-000129,0,0.01468347812286684,0.010776820412996714,0,0.2579146929389598
ag-test-000130,0,0.014425346982222954,0.01017218071457157,0,0.2579146929389598
ag-test-000131,0,0.09112474520351688,0.10385443970465016,0,0.2579146929389598
ag-test-000132,1,0.4863198592884174,0.4288643229855895,1,0.2579146929389598
ag-test-000133,0,0.0729145146678756,0.054457727804863305,0,0.2579146929389598
ag-test-000134,1,0.5016944269043266,0.46502468702564653,1,0.2579146929389598
ag-test-000135,0,0.0067237964821299035,0.015245171362560313,0,0.2579146929389598
ag-test-000136,1,0.24037489448827282,0.11403398939944427,0,0.2579146929389598
ag-test-000137,0,0.5221949107947247,0.5332401071578828,1,0.2579146929389598
ag-test-000138,0,0.3514722242713117,0.0781747210869669,0,0.2579146929389598
ag-test-000139,0,0.01659262514404459,0.04253596923942548,0,0.2579146929389598
ag-test-000140,0,0.34256537364810313,0.38185792407797403,1,0.2579146929389598
ag-test-000141,0,0.5752225933481399,0.5580315518445153,1,0.2579146929389598
ag-test-000142,0,0.000262214711232978,0.0002671532350208558,0,0.2579146929389598
ag-test-000143,0,0.005698986445207416,0.007192518658250814,0,0.2579146929389598
ag-test-000144,0,0.013908352073760675,0.00440289621878094,0,0.2579146929389598
ag-test-000145,0,0.0033049607386490803,0.0013598557383259489,0,0.2579146929389598
ag-test-000146,0,0.05470730734940888,0.08422460279527823,0,0.2579146929389598
ag-test-000147,0,0.08297507678303218,0.06597413089359805,0,0.2579146929389598
ag-test-000148,0,0.010006220704443097,0.011785717623271554,0,0.2579146929389598
ag-test-000149,0,0.041545359331800556,0.010204059920141645,0,0.2579146929389598
ag-test-000150,0,8.690942613757808e-05,0.00016329783503102397,0,0.2579146929389598
ag-test-000151,0,0.0012168951279608274,0.0011158180626269752,0,0.2579146929389598
ag-test-000152,0,0.034796649514577824,0.09571041840138292,0,0.2579146929389598
ag-test-000153,0,0.04293344998428154,0.028255440094532146,0,0.2579146929389598
ag-test-000154,0,0.1341278563446671,0.052381981254439,0,0.2579146929389598
ag-test-000155,0,0.012604099348461668,0.013323534839665937,0,0.2579146929389598
ag-test-000156,0,0.00016648524443129467,0.00016289515322211466,0,0.2579146929389598
ag-test-000157,0,0.0039876729865580135,0.003978105056422119,0,0.2579146929389598
ag-test-000158,0,0.0033883019239561666,0.008201352663853172,0,0.2579146929389598
ag-test-000159,0,0.23393033663255824,0.1479822974665348,0,0.2579146929389598
ag-test-000160,0,0.009708308133787051,0.007193437856814433,0,0.2579146929389598
ag-test-000161,0,0.015182388147471065,0.008995264422317075,0,0.2579146929389598
ag-test-000162,0,0.00019704988528778416,0.00032415216529567984,0,0.2579146929389598
ag-test-000163,1,0.4959461677510839,0.4008683247563836,1,0.2579146929389598
ag-test-000164,0,0.010702461630729678,0.011792841318383474,0,0.2579146929389598
ag-test-000165,0,0.005884907035414064,0.0052248098746259086,0,0.2579146929389598
ag-test-000166,0,0.0031376327705702066,0.003375741729452613,0,0.2579146929389598
ag-test-000167,0,0.0077084466656316625,0.002898190991111038,0,0.2579146929389598
ag-test-000168,1,0.5698662135169338,0.3898590208670834,1,0.2579146929389598
ag-test-000169,0,0.02701942277158625,0.0284891902216201,0,0.2579146929389598
ag-test-000170,0,0.01972259783404483,0.028278603622602417,0,0.2579146929389598
ag-test-000171,0,0.026925300355911595,0.010684242082385787,0,0.2579146929389598
ag-test-000172,0,0.0013098929715507268,0.0011030912588301347,0,0.2579146929389598
ag-test-000173,0,0.0177327536592595,0.024858158207413102,0,0.2579146929389598
ag-test-000174,0,0.006209900437675708,0.004395583892330805,0,0.2579146929389598
ag-test-000175,0,0.038139537763726514,0.0337373325124646,0,0.2579146929389598
ag-test-000176,0,0.0010981377776609006,0.0021231218398714948,0,0.2579146929389598
ag-test-000177,0,0.266346015361452,0.1576359718204403,0,0.2579146929389598
ag-test-000178,0,0.01570706467104498,0.025014896727694146,0,0.2579146929389598
ag-test-000179,0,0.0027807878241627206,0.005318981382398017,0,0.2579146929389598
ag-test-000180,1,0.44888767189083245,0.37940717868522267,1,0.2579146929389598
ag-test-000181,0,0.044408035787027116,0.01995002493931497,0,0.2579146929389598
ag-test-000182,0,0.00033289421276223055,0.0003425923376843656,0,0.2579146929389598
ag-test-000183,0,0.6473570011704228,0.6770399074815654,1,0.2579146929389598
ag-test-000184,0,0.01783563110010769,0.027679529081621287,0,0.2579146929389598
ag-test-000185,0,0.00044700312560480186,0.0005998074812720804,0,0.2579146929389598
ag-test-000186,0,0.028476559209595884,0.04194449660683404,0,0.2579146929389598
ag-test-000187,0,0.019799682304780002,0.02378346701589699,0,0.2579146929389598
ag-test-000188,0,0.012978861465664888,0.016328635295126386,0,0.2579146929389598
ag-test-000189,0,0.0035303785181284492,0.0032399039915079106,0,0.2579146929389598
ag-test-000190,1,0.5295604475770287,0.6100137378778402,1,0.2579146929389598
ag-test-000191,0,0.24243747679102318,0.1851615982681368,0,0.2579146929389598
ag-test-000192,0,0.03305997371957945,0.026102662417190173,0,0.2579146929389598
ag-test-000193,0,0.0019341928131233115,0.003510112599294592,0,0.2579146929389598
ag-test-000194,0,0.07063504448673677,0.08370692870814699,0,0.2579146929389598
ag-test-000195,1,0.8285148568490273,0.7562166954728222,1,0.2579146929389598
ag-test-000196,0,0.005814872174356537,0.009441910959124767,0,0.2579146929389598
ag-test-000197,0,0.001162236696952959,0.0009992698371483857,0,0.2579146929389598
ag-test-000198,0,0.001512551489152424,0.0015015641815787867,0,0.2579146929389598
ag-test-000199,0,0.408831220331664,0.3948132279759678,1,0.2579146929389598
ag-test-000200,0,0.002877974344282679,0.005188268222793463,0,0.2579146929389598
ag-test-000201,0,0.05777305003173043,0.021984889735599224,0,0.2579146929389598
ag-test-000202,0,0.018008042009359057,0.0070462827226590715,0,0.2579146929389598
ag-test-000203,0,0.0006958903646474536,0.001865829822702315,0,0.2579146929389598
ag-test-000204,0,0.029515254952368244,0.04774928850031802,0,0.2579146929389598
ag-test-000205,0,0.0003321018173474831,0.00025379743534766113,0,0.2579146929389598
ag-test-000206,1,0.2522517480127225,0.3382538194655037,1,0.2579146929389598
ag-test-000207,0,0.006179456715632421,0.008863478460133493,0,0.2579146929389598
ag-test-000208,0,0.00048174045999785185,0.0008420182604437846,0,0.2579146929389598
ag-test-000209,0,0.012209612885635605,0.011769745040222124,0,0.2579146929389598
ag-test-000210,0,0.012862409016953565,0.0032617197965968884,0,0.2579146929389598
ag-test-000211,0,0.000140489392259276,0.000278571505392503,0,0.2579146929389598
ag-test-000212,0,0.0028379043059148746,0.006461202481255915,0,0.2579146929389598
ag-test-000213,0,0.042037152328149315,0.042788436866327696,0,0.2579146929389598
ag-test-000214,0,0.12861094710095095,0.12552109199372288,0,0.2579146929389598
ag-test-000215,0,0.00335024050546572,0.002276743232181808,0,0.2579146929389598
ag-test-000216,1,0.612023796091511,0.6854155899381079,1,0.2579146929389598
ag-test-000217,0,0.001850112550290272,0.0016879495554404478,0,0.2579146929389598
ag-test-000218,0,0.10744711131672292,0.048593221033992204,0,0.2579146929389598
ag-test-000219,0,0.05695372963051062,0.05304319331889477,0,0.2579146929389598
ag-test-000220,0,0.020553203152952254,0.01671514205776228,0,0.2579146929389598
ag-test-000221,0,0.008386352530080826,0.005808871996193483,0,0.2579146929389598
ag-test-000222,0,0.0015563660812833698,0.0018683301462286972,0,0.2579146929389598
ag-test-000223,0,0.3951988783664719,0.3786168727732565,1,0.2579146929389598
ag-test-000224,0,0.24881691166828598,0.1387968853236616,0,0.2579146929389598
ag-test-000225,0,0.0002422683653791621,0.00031478105245989096,0,0.2579146929389598
ag-test-000226,0,0.0016843704514501107,0.00398142155507377,0,0.2579146929389598
ag-test-000227,0,0.042979137282499885,0.06981922263450624,0,0.2579146929389598
ag-test-000228,1,0.6864425826183407,0.7232726897198554,1,0.2579146929389598
ag-test-000229,0,0.001217491296426565,0.0009159391538662526,0,0.2579146929389598
ag-test-000230,0,0.058810837809612854,0.021727528990307637,0,0.2579146929389598
ag-test-000231,0,0.0005992485089294739,0.00042143403573563536,0,0.2579146929389598
ag-test-000232,0,0.021577301960604502,0.023166856594564182,0,0.2579146929389598
ag-test-000233,0,0.1061607313461639,0.04980184017500167,0,0.2579146929389598
ag-test-000234,0,0.009592298121838424,0.012888530795287498,0,0.2579146929389598
ag-test-000235,1,0.7612982025406324,0.6886616772315324,1,0.2579146929389598
ag-test-000236,1,0.45337930936053117,0.3858190320147997,1,0.2579146929389598
ag-test-000237,0,0.002203671448870858,0.003249974151409129,0,0.2579146929389598
ag-test-000238,0,0.00223577583820436,0.003259749187217592,0,0.2579146929389598
ag-test-000239,0,0.06256873857257347,0.045426039902313003,0,0.2579146929389598
ag-test-000240,1,0.7416932425125101,0.731039533942206,1,0.2579146929389598
ag-test-000241,0,0.0658530206215347,0.050722955638618894,0,0.2579146929389598
ag-test-000242,0,0.0337378952955508,0.039705597509565,0,0.2579146929389598
ag-test-000243,0,0.010292844962392928,0.008379213628181848,0,0.2579146929389598
ag-test-000244,0,0.053976971071324334,0.040756727773329636,0,0.2579146929389598
ag-test-000245,0,0.00022176545424660587,0.0002850789309052243,0,0.2579146929389598
ag-test-000246,0,0.0061598117125076625,0.009389017061929163,0,0.2579146929389598
ag-test-000247,0,0.032936806749025806,0.04150900520624639,0,0.2579146929389598
ag-test-000248,0,0.0006983436533760345,0.0010083552676886005,0,0.2579146929389598
ag-test-000249,0,0.0544794469226841,0.0513209746527516,0,0.2579146929389598
ag-test-000250,0,0.002275301670002571,0.004799451067233804,0,0.2579146929389598
ag-test-000251,0,0.0011723154668581333,0.0008931304280813825,0,0.2579146929389598
ag-test-000252,0,0.051210111453683316,0.029647691694181983,0,0.2579146929389598
ag-test-000253,0,0.06490768438365155,0.03500183657116602,0,0.2579146929389598
ag-test-000254,0,0.00999419606579182,0.0023990239806769963,0,0.2579146929389598
ag-test-000255,0,0.01095921047522886,0.008918637048715608,0,0.2579146929389598
ag-test-000256,0,0.004772061218654069,0.0068092063916490204,0,0.2579146929389598
ag-test-000257,0,0.025483167547894293,0.011779792731191075,0,0.2579146929389598
ag-test-000258,0,0.005329868572932687,0.00591340213020346,0,0.2579146929389598
ag-test-000259,1,0.3033717220264209,0.5835209637563734,1,0.2579146929389598
ag-test-000260,0,0.014387579788054558,0.01630966793625097,0,0.2579146929389598
ag-test-000261,0,0.028923990619804673,0.04003311641143003,0,0.2579146929389598
ag-test-000262,0,0.005467642766320907,0.02371910652746592,0,0.2579146929389598
ag-test-000263,0,0.13474826194456835,0.11249731578102116,0,0.2579146929389598
ag-test-000264,0,0.015379413168834326,0.01191928287902084,0,0.2579146929389598
ag-test-000265,0,0.036358895656196884,0.04687606752480254,0,0.2579146929389598
ag-test-000266,0,0.005541955908431276,0.004233851524103954,0,0.2579146929389598
ag-test-000267,0,0.025614213061759587,0.030664521274796477,0,0.2579146929389598
ag-test-000268,1,0.3285300624410302,0.3838395079771009,1,0.2579146929389598
ag-test-000269,0,0.03207655237522853,0.0862366121144286,0,0.2579146929389598
ag-test-000270,0,0.0184219311095275,0.019951242920217875,0,0.2579146929389598
ag-test-000271,0,0.006238697456258418,0.0064944927476351805,0,0.2579146929389598
ag-test-000272,1,0.6427624725125259,0.25570100428733344,0,0.2579146929389598
ag-test-000273,0,0.011259246469129496,0.013288370252098263,0,0.2579146929389598
ag-test-000274,0,0.03457588863637983,0.015234378192950048,0,0.2579146929389598
ag-test-000275,0,0.008067454820475405,0.010009976055122874,0,0.2579146929389598
ag-test-000276,1,0.47806543792850165,0.5638729936103614,1,0.2579146929389598
ag-test-000277,0,0.003626864779558976,0.020516938500359107,0,0.2579146929389598
ag-test-000278,0,0.05924286293032077,0.068238619477673,0,0.2579146929389598
ag-test-000279,0,0.016003261661448335,0.013355925652219913,0,0.2579146929389598
ag-test-000280,0,0.04108970750684537,0.008091100851033714,0,0.2579146929389598
ag-test-000281,0,0.8106569242274597,0.7259937075520589,1,0.2579146929389598
ag-test-000282,0,0.07059018324136539,0.0805109813497484,0,0.2579146929389598
ag-test-000283,0,0.0003096882217365493,0.00018337044912077069,0,0.2579146929389598
ag-test-000284,0,0.0003516382685023921,0.0005198268804097345,0,0.2579146929389598
ag-test-000285,0,0.0001263091067266951,0.00015702125312589608,0,0.2579146929389598
ag-test-000286,0,0.03642779790508743,0.01046452507772461,0,0.2579146929389598
ag-test-000287,0,0.007171496172251947,0.0065710601532439974,0,0.2579146929389598
ag-test-000288,0,0.000372684170931066,0.0002627715348618045,0,0.2579146929389598
ag-test-000289,0,0.009721686766999206,0.00917444018358351,0,0.2579146929389598
ag-test-000290,0,0.02320543118947919,0.015283677479856875,0,0.2579146929389598
ag-test-000291,1,0.04831611663826164,0.04405422165543487,0,0.2579146929389598
ag-test-000292,0,0.0159860519441108,0.014644912108281977,0,0.2579146929389598
ag-test-000293,0,0.035122194436381364,0.047603415628291235,0,0.2579146929389598
ag-test-000294,1,0.6555114377964611,0.17882312754492707,0,0.2579146929389598
ag-test-000295,1,0.26624664313821494,0.3520562006970463,1,0.2579146929389598
ag-test-000296,0,0.010102652413115639,0.007585502060198299,0,0.2579146929389598
ag-test-000297,0,0.43393702129537043,0.2171513597368561,0,0.2579146929389598
ag-test-000298,0,0.00029147546377274836,0.000715904464596033,0,0.2579146929389598
ag-test-000299,0,0.004038687093022798,0.0017297511137715404,0,0.2579146929389598
ag-test-000300,0,0.6484477474133867,0.35888728753221,1,0.2579146929389598
ag-test-000301,0,0.002701607092094044,0.0034718948574975917,0,0.2579146929389598
ag-test-000302,0,0.0887143616294633,0.0911102714714769,0,0.2579146929389598
ag-test-000303,0,0.1377823838173268,0.13020329229423333,0,0.2579146929389598
ag-test-000304,0,0.0016277344973190915,0.002842953581332964,0,0.2579146929389598
ag-test-000305,0,0.06586335871648413,0.06624515077787692,0,0.2579146929389598
ag-test-000306,0,0.0005517573460029214,0.00034992597927503276,0,0.2579146929389598
ag-test-000307,0,0.00495894624432051,0.007587476918560926,0,0.2579146929389598
ag-test-000308,0,0.00035174719123710614,0.0008142735689054557,0,0.2579146929389598
ag-test-000309,0,0.004603491201865819,0.0066806289202375425,0,0.2579146929389598
ag-test-000310,0,0.23148407347122385,0.1191677415586164,0,0.2579146929389598
ag-test-000311,0,0.0007553471179579228,0.0007514916819182334,0,0.2579146929389598
ag-test-000312,0,0.0027426197887797554,0.00336903499503764,0,0.2579146929389598
ag-test-000313,0,0.01600649106255706,0.018137359078783128,0,0.2579146929389598
ag-test-000314,0,0.016152860670414555,0.016650289739769984,0,0.2579146929389598
ag-test-000315,0,0.001060887315031977,0.0007424249618589912,0,0.2579146929389598
ag-test-000316,0,0.02023489689068857,0.09498759264610676,0,0.2579146929389598
ag-test-000317,0,0.002475158511326986,0.0021440245710183286,0,0.2579146929389598
ag-test-000318,0,0.001324687453459897,0.0024635083591231463,0,0.2579146929389598
ag-test-000319,0,0.00817636475607412,0.009309425438066798,0,0.2579146929389598
ag-test-000320,1,0.6327818190306245,0.650780565613536,1,0.2579146929389598
ag-test-000321,0,0.04927660614335661,0.03689439773124388,0,0.2579146929389598
ag-test-000322,0,0.05470654797709855,0.036749814796723373,0,0.2579146929389598
ag-test-000323,0,0.0056301267795927454,0.005363587021485921,0,0.2579146929389598
ag-test-000324,0,0.02075989069133974,0.025236875499537535,0,0.2579146929389598
ag-test-000325,0,0.005849175385995973,0.0035362359803812193,0,0.2579146929389598
ag-test-000326,1,0.6712791160789281,0.7323205229821157,1,0.2579146929389598
ag-test-000327,0,0.004261111024999676,0.0061183051068660075,0,0.2579146929389598
ag-test-000328,0,0.3250973829561927,0.2477104029308742,0,0.2579146929389598
ag-test-000329,0,0.006067722348093679,0.004640120875547625,0,0.2579146929389598
ag-test-000330,0,0.0012293636351443978,0.0008732543651867425,0,0.2579146929389598
ag-test-000331,0,0.010070815936769091,0.002838128722792007,0,0.2579146929389598
ag-test-000332,0,0.0024349678762590993,0.0016476537186494579,0,0.2579146929389598
ag-test-000333,1,0.7886020546203627,0.7935753998631189,1,0.2579146929389598
ag-test-000334,0,0.012859542738411167,0.024683379055974407,0,0.2579146929389598
ag-test-000335,0,0.0037524863020202653,0.004179423341115126,0,0.2579146929389598
ag-test-000336,0,0.012163588451167516,0.017926248781687172,0,0.2579146929389598
ag-test-000337,0,0.0038404803019533775,0.0026358134016321146,0,0.2579146929389598
ag-test-000338,0,0.08152140179371857,0.0433416895494894,0,0.2579146929389598
ag-test-000339,0,0.24451197446299447,0.08765135207470484,0,0.2579146929389598
ag-test-000340,0,0.011642340875546713,0.014387643689753643,0,0.2579146929389598
ag-test-000341,0,0.0012666411803602328,0.0018195085439793323,0,0.2579146929389598
ag-test-000342,0,0.0004610129415969375,0.0004857917061852549,0,0.2579146929389598
ag-test-000343,0,0.058810837809612854,0.021727528990307637,0,0.2579146929389598
ag-test-000344,1,0.4317083254432912,0.26686673075641987,1,0.2579146929389598
ag-test-000345,0,0.0013613180438769815,0.0032476041672617906,0,0.2579146929389598
ag-test-000346,1,0.2817157418292844,0.1872059979848654,0,0.2579146929389598
ag-test-000347,0,0.015554541063192115,0.024081620766879096,0,0.2579146929389598
ag-test-000348,0,0.03524466763156809,0.031367451634285025,0,0.2579146929389598
ag-test-000349,0,0.05917584969204222,0.03319027902370256,0,0.2579146929389598
ag-test-000350,0,0.013726462095822104,0.008063984478822573,0,0.2579146929389598
ag-test-000351,0,6.087885285887158e-05,0.0002306744455233623,0,0.2579146929389598
ag-test-000352,1,0.02019335757660414,0.06898992367807509,0,0.2579146929389598
ag-test-000353,0,0.2299809109241652,0.08027280828618348,0,0.2579146929389598
ag-test-000354,0,0.007396630864928563,0.005670155947855576,0,0.2579146929389598
ag-test-000355,1,0.6441014295710996,0.5359858933951588,1,0.2579146929389598
ag-test-000356,0,0.025151604578048423,0.02152664244554841,0,0.2579146929389598
ag-test-000357,0,0.07376053095633969,0.04136625317069705,0,0.2579146929389598
ag-test-000358,0,0.13327021749287854,0.1851957874374479,0,0.2579146929389598
ag-test-000359,0,0.041532886236112516,0.04649643420142451,0,0.2579146929389598
ag-test-000360,0,0.0014137122674739567,0.0012799549978102843,0,0.2579146929389598
ag-test-000361,0,0.06133162646276988,0.031101721553295103,0,0.2579146929389598
ag-test-000362,0,0.04798499587942795,0.009745148696986365,0,0.2579146929389598
ag-test-000363,1,0.3113707653985324,0.07098848725107311,0,0.2579146929389598
ag-test-000364,0,0.02704170915234176,0.026550412435829,0,0.2579146929389598
ag-test-000365,0,0.0006336747009806563,0.0008257253654322382,0,0.2579146929389598
ag-test-000366,0,0.05571578297318192,0.026267351614198676,0,0.2579146929389598
ag-test-000367,0,0.023281888333177403,0.06009720858388623,0,0.2579146929389598
ag-test-000368,0,0.00023766974276740447,0.00010778829998595859,0,0.2579146929389598
ag-test-000369,0,0.0630070722277912,0.03181384411488157,0,0.2579146929389598
ag-test-000370,0,0.0288986368702813,0.021900293461194487,0,0.2579146929389598
ag-test-000371,0,0.012221092418562347,0.013677241207915445,0,0.2579146929389598
ag-test-000372,0,0.06333122473377552,0.021794583109245782,0,0.2579146929389598
ag-test-000373,0,0.0007992936106837026,0.0009406518602787628,0,0.2579146929389598
ag-test-000374,0,0.0010723409076312358,0.0016576350090098289,0,0.2579146929389598
ag-test-000375,0,0.00016941919321236229,0.00015782442253754777,0,0.2579146929389598
ag-test-000376,0,0.05274765269794768,0.0356480835510448,0,0.2579146929389598
ag-test-000377,0,0.03098504792747637,0.018416558136514237,0,0.2579146929389598
ag-test-000378,0,0.0027549519289276837,0.0027533699801447205,0,0.2579146929389598
ag-test-000379,0,0.0051851473759933755,0.009044570352725639,0,0.2579146929389598
ag-test-000380,0,0.003769472827300942,0.0027134190951246034,0,0.2579146929389598
ag-test-000381,0,0.0017257377650833382,0.0019628948325203423,0,0.2579146929389598
ag-test-000382,0,0.025377797217159093,0.06639838869529427,0,0.2579146929389598
ag-test-000383,0,0.027348524398296995,0.029763113079874785,0,0.2579146929389598
ag-test-000384,0,0.2076913343396791,0.10897496114765984,0,0.2579146929389598
ag-test-000385,0,0.00604566115160499,0.00737859094823134,0,0.2579146929389598
ag-test-000386,0,0.0028515565924180346,0.0033342441246281187,0,0.2579146929389598
ag-test-000387,0,0.0020445897684422455,0.0017523212695560637,0,0.2579146929389598
ag-test-000388,0,0.14205638092971218,0.07567375443325759,0,0.2579146929389598
ag-test-000389,0,0.1988315592736821,0.16116387521450265,0,0.2579146929389598
ag-test-000390,0,0.004267208481195502,0.0042839418630121005,0,0.2579146929389598
ag-test-000391,0,0.03786642303950167,0.030104904509206155,0,0.2579146929389598
ag-test-000392,0,0.03979081575071918,0.10316742187696855,0,0.2579146929389598
ag-test-000393,0,0.0068099206786132235,0.001687860174344032,0,0.2579146929389598
ag-test-000394,0,0.0015303408133248717,0.0017581835923420708,0,0.2579146929389598
ag-test-000395,0,0.022372550734824397,0.031257761957573675,0,0.2579146929389598
ag-test-000396,0,0.0176883975355256,0.00791434479536315,0,0.2579146929389598
ag-test-000397,0,0.036704286111248076,0.028972430568810274,0,0.2579146929389598
ag-test-000398,0,0.005772842663873006,0.007157047777263373,0,0.2579146929389598
ag-test-000399,1,0.2860762714053501,0.4530980977863596,1,0.2579146929389598
ag-test-000400,0,0.01599860969133201,0.017519283441834024,0,0.2579146929389598
ag-test-000401,0,0.019430493017813123,0.01627969372840445,0,0.2579146929389598
ag-test-000402,0,0.04758765385239168,0.15234320901098813,0,0.2579146929389598
ag-test-000403,0,0.002558366881797343,0.0022687657750458013,0,0.2579146929389598
ag-test-000404,0,0.010116890377300495,0.007074720698333562,0,0.2579146929389598
ag-test-000405,0,0.034030325038271254,0.04539256816976128,0,0.2579146929389598
ag-test-000406,0,0.0017282241333242182,0.0011681259598509423,0,0.2579146929389598
ag-test-000407,0,0.008298574922046373,0.0032875498196558773,0,0.2579146929389598
ag-test-000408,0,0.0005074595648355687,0.0004255789528174616,0,0.2579146929389598
ag-test-000409,0,0.006731932837715149,0.00884891003389672,0,0.2579146929389598
ag-test-000410,0,0.004634436777831908,0.006385450485767513,0,0.2579146929389598
ag-test-000411,0,0.00047108655888287337,0.0004244906467452898,0,0.2579146929389598
ag-test-000412,0,0.01315253370327353,0.027810450157036985,0,0.2579146929389598
ag-test-000413,0,0.2564343387737251,0.11330893739607231,0,0.2579146929389598
ag-test-000414,0,0.0004590346789464026,0.0003042452052757471,0,0.2579146929389598
ag-test-000415,1,0.5726803172928743,0.385194398187686,1,0.2579146929389598
ag-test-000416,0,0.010892449708233646,0.013957623074680275,0,0.2579146929389598
ag-test-000417,0,0.013863115422632981,0.01169394964754873,0,0.2579146929389598
ag-test-000418,0,0.5436615721680954,0.41128966856064963,1,0.2579146929389598
ag-test-000419,1,0.07271788901684918,0.14409914080969763,0,0.2579146929389598
ag-test-000420,0,0.004207587356750976,0.0033729890093109967,0,0.2579146929389598
ag-test-000421,1,0.40215482981370676,0.24587647261097811,0,0.2579146929389598
ag-test-000422,0,0.005859897277514092,0.00483686317784517,0,0.2579146929389598
ag-test-000423,0,0.004468259993436222,0.007007642655001291,0,0.2579146929389598
ag-test-000424,0,0.1367807876727107,0.07158503407466421,0,0.2579146929389598
ag-test-000425,0,0.02107202239143312,0.024082367301488997,0,0.2579146929389598
ag-test-000426,0,0.42029529376580416,0.16995008604333825,0,0.2579146929389598
ag-test-000427,0,0.019234132410368334,0.018050212386224642,0,0.2579146929389598
ag-test-000428,0,0.09337553415270967,0.06881354918569445,0,0.2579146929389598
ag-test-000429,0,0.014631129999400392,0.011504607439307174,0,0.2579146929389598
ag-test-000430,0,0.01969302995623199,0.025438678136318463,0,0.2579146929389598
ag-test-000431,0,0.03545199778460157,0.12148921028308238,0,0.2579146929389598
ag-test-000432,0,0.11159472965750451,0.0402770888752549,0,0.2579146929389598
ag-test-000433,0,0.07843033909689773,0.056614158133685547,0,0.2579146929389598
ag-test-000434,0,0.00035104180463573853,0.0002569127971513107,0,0.2579146929389598
ag-test-000435,0,0.017531011758358396,0.017725443851341872,0,0.2579146929389598
ag-test-000436,0,0.04252351498439161,0.03875608957016115,0,0.2579146929389598
ag-test-000437,0,0.028542942552727022,0.03529555374769161,0,0.2579146929389598
ag-test-000438,0,0.042925606403037324,0.03848517875851325,0,0.2579146929389598
ag-test-000439,0,0.0005052383930613329,0.0010760505649299167,0,0.2579146929389598
ag-test-000440,0,0.000253427709148814,0.00028481575654387204,0,0.2579146929389598
ag-test-000441,0,0.007428814776276909,0.010792635757519325,0,0.2579146929389598
ag-test-000442,0,0.0004829051228223041,0.0006513757434097189,0,0.2579146929389598
ag-test-000443,0,0.0007019722706529922,0.0005091012368786739,0,0.2579146929389598
ag-test-000444,0,0.008861216860709488,0.012637077253343442,0,0.2579146929389598
ag-test-000445,0,0.028996321400448343,0.02720626085439126,0,0.2579146929389598
ag-test-000446,0,0.012523089948184908,0.01151305427190298,0,0.2579146929389598
ag-test-000447,0,0.01480308774981673,0.015870373042000164,0,0.2579146929389598
ag-test-000448,0,0.0008457307439826571,0.0012504136499743733,0,0.2579146929389598
ag-test-000449,0,0.005786343354926034,0.01116834464767691,0,0.2579146929389598
ag-test-000450,0,0.061430594255899224,0.048381762933394176,0,0.2579146929389598
ag-test-000451,0,0.002966025591244276,0.0022909128296709357,0,0.2579146929389598
ag-test-000452,0,0.041876412481920276,0.05100235075070914,0,0.2579146929389598
ag-test-000453,0,0.0198263881496789,0.026464215258547696,0,0.2579146929389598
ag-test-000454,0,0.0006309724594214654,0.00040811228829475317,0,0.2579146929389598
ag-test-000455,0,0.004545423480649684,0.005647275128704408,0,0.2579146929389598
ag-test-000456,0,0.016714416201361396,0.03699653323297145,0,0.2579146929389598
ag-test-000457,0,0.02108497948949069,0.03403808658028179,0,0.2579146929389598
ag-test-000458,0,0.0033975232928052487,0.0016494885608267307,0,0.2579146929389598
ag-test-000459,0,0.006738348346493769,0.00597220510665283,0,0.2579146929389598
ag-test-000460,0,0.025062584062168092,0.03494571934643693,0,0.2579146929389598
ag-test-000461,1,0.28571003201223377,0.09728122948377098,0,0.2579146929389598
ag-test-000462,0,0.05758781581427642,0.047461986580946566,0,0.2579146929389598
ag-test-000463,0,0.0034551004129462905,0.0037580502188958916,0,0.2579146929389598
ag-test-000464,0,0.02052026465356847,0.025215109356281542,0,0.2579146929389598
ag-test-000465,1,0.5519506336880595,0.5359889531875804,1,0.2579146929389598
ag-test-000466,0,0.0002473330727247514,0.00023548644386961416,0,0.2579146929389598
ag-test-000467,0,0.03778020545160613,0.016255346075818227,0,0.2579146929389598
ag-test-000468,0,0.045668007074086095,0.011738692058285484,0,0.2579146929389598
ag-test-000469,0,0.027013310155413972,0.025736681932949486,0,0.2579146929389598
ag-test-000470,0,0.00038582545362943546,0.0006041047026884987,0,0.2579146929389598
ag-test-000471,0,0.38178887307206205,0.3275834818829057,1,0.2579146929389598
ag-test-000472,0,0.0009437987029125209,0.0013550911756750055,0,0.2579146929389598
ag-test-000473,0,0.017588592502398276,0.013689350293711922,0,0.2579146929389598
ag-test-000474,0,0.0010458153793627427,0.001390159985104368,0,0.2579146929389598
ag-test-000475,0,0.024675897839208566,0.024984365591261645,0,0.2579146929389598
ag-test-000476,0,0.01041642900539379,0.007731387626596031,0,0.2579146929389598
ag-test-000477,0,0.000399248468838567,0.00029349467288657604,0,0.2579146929389598
ag-test-000478,0,0.04847800240250759,0.0266921688215889,0,0.2579146929389598
ag-test-000479,0,0.10465310619915283,0.10139294122733354,0,0.2579146929389598
ag-test-000480,0,0.012289955643774294,0.009338990601778691,0,0.2579146929389598
ag-test-000481,0,0.0023197529189588418,0.005138219963207667,0,0.2579146929389598
ag-test-000482,0,0.029393029101556823,0.015346037519578463,0,0.2579146929389598
ag-test-000483,0,0.016951028793523948,0.010770381065394151,0,0.2579146929389598
ag-test-000484,0,0.347408254078248,0.017841615856065814,0,0.2579146929389598
ag-test-000485,0,0.0021318207979361668,0.0025775938730721462,0,0.2579146929389598
ag-test-000486,0,0.01329628731901705,0.01562583798114645,0,0.2579146929389598
ag-test-000487,0,0.02080686405576152,0.011050532321472349,0,0.2579146929389598
ag-test-000488,0,0.08155798287514861,0.058955442448687466,0,0.2579146929389598
ag-test-000489,0,0.0012559328477028144,0.0013319049767419355,0,0.2579146929389598
ag-test-000490,0,0.005864719108020471,0.002678997932395858,0,0.2579146929389598
ag-test-000491,0,0.005238484489664639,0.02610681049279182,0,0.2579146929389598
ag-test-000492,0,0.003951070054531349,0.0017331307182591334,0,0.2579146929389598
ag-test-000493,1,0.5507433096362263,0.5868240377234225,1,0.2579146929389598
ag-test-000494,0,0.47048564619783156,0.3939341868007711,1,0.2579146929389598
ag-test-000495,0,0.27570080086252335,0.2549777023633288,0,0.2579146929389598
ag-test-000496,0,0.00023515355421972644,0.0005593560397538513,0,0.2579146929389598
ag-test-000497,0,0.0106535040947259,0.003546055833049666,0,0.2579146929389598
ag-test-000498,0,0.0050226321827130495,0.008596243672930007,0,0.2579146929389598
ag-test-000499,0,0.0009019168740118118,0.0007270018554955772,0,0.2579146929389598
ag-test-000500,0,0.00032359624110712217,0.0006860802802195071,0,0.2579146929389598
ag-test-000501,0,0.5252981547039527,0.6222605224729377,1,0.2579146929389598
ag-test-000502,0,0.013087569859621648,0.007596642148106611,0,0.2579146929389598
ag-test-000503,0,0.03256534050008254,0.026547642379741023,0,0.2579146929389598
ag-test-000504,0,0.010340283513848202,0.010391589861436462,0,0.2579146929389598
ag-test-000505,0,0.00065269411993077,0.0009355117275244948,0,0.2579146929389598
ag-test-000506,0,0.006203946526169906,0.0034540416678410417,0,0.2579146929389598
ag-test-000507,0,0.025521034769993886,0.030729745842662658,0,0.2579146929389598
ag-test-000508,0,0.13351846833180311,0.22916153813188087,0,0.2579146929389598
ag-test-000509,0,0.010572245866615171,0.00561117135520706,0,0.2579146929389598
ag-test-000510,0,0.03247279185249341,0.030031454955705635,0,0.2579146929389598
ag-test-000511,0,0.0004680488233923631,0.0002928008167885048,0,0.2579146929389598
ag-test-000512,0,0.002591902949651157,0.0015242676571253627,0,0.2579146929389598
ag-test-000513,0,0.0059597304464371476,0.006539942531397547,0,0.2579146929389598
ag-test-000514,0,0.05782750650304018,0.042947521894510954,0,0.2579146929389598
ag-test-000515,0,0.01778628308742241,0.014092167375801599,0,0.2579146929389598
ag-test-000516,0,0.037699650325288464,0.034485238847681295,0,0.2579146929389598
ag-test-000517,0,0.006235051805029504,0.005054876002206289,0,0.2579146929389598
ag-test-000518,0,0.03163573694589318,0.021118353353923622,0,0.2579146929389598
ag-test-000519,0,0.02829081419777925,0.026418321140687696,0,0.2579146929389598
ag-test-000520,1,0.562725779191036,0.3351259330449902,1,0.2579146929389598
ag-test-000521,0,0.0006979627197695492,0.001235868604390349,0,0.2579146929389598
ag-test-000522,1,0.058281055051912826,0.0879308667519998,0,0.2579146929389598
ag-test-000523,0,0.00028643379322298285,0.00028841247897200956,0,0.2579146929389598
ag-test-000524,1,0.7297176566276,0.6446125534089647,1,0.2579146929389598
ag-test-000525,0,0.045057163208674145,0.010586459885664139,0,0.2579146929389598
ag-test-000526,0,0.006682182337921532,0.010830548539845082,0,0.2579146929389598
ag-test-000527,0,0.2936862068833337,0.03166369013811056,0,0.2579146929389598
ag-test-000528,1,0.21025305560828364,0.05907316943076299,0,0.2579146929389598
ag-test-000529,0,0.02770776173729207,0.02867191261480459,0,0.2579146929389598
ag-test-000530,0,0.784373570447422,0.7673893295235067,1,0.2579146929389598
ag-test-000531,0,0.006432980940171824,0.0057351817378371766,0,0.2579146929389598
ag-test-000532,1,0.763218292162973,0.5976714898723261,1,0.2579146929389598
ag-test-000533,1,0.6027604414060749,0.6294517418157393,1,0.2579146929389598
ag-test-000534,0,0.03381373207330071,0.025307574423612953,0,0.2579146929389598
ag-test-000535,0,0.022004819135098583,0.02504500171638397,0,0.2579146929389598
ag-test-000536,0,9.944686127072345e-05,0.00011885036951264904,0,0.2579146929389598
ag-test-000537,0,0.026859392620638148,0.011791366208814217,0,0.2579146929389598
ag-test-000538,0,0.0020013901113650396,0.003385028136390502,0,0.2579146929389598
ag-test-000539,0,0.0018070262438565842,0.0015849747345385936,0,0.2579146929389598
ag-test-000540,0,0.001254263247999594,0.002102260496932827,0,0.2579146929389598
ag-test-000541,0,0.02638971371917928,0.01425927976869653,0,0.2579146929389598
ag-test-000542,0,0.009752886045517674,0.004696506917618858,0,0.2579146929389598
ag-test-000543,0,0.0007327666213820492,0.0007212778323350157,0,0.2579146929389598
ag-test-000544,0,0.21135597132542908,0.22593880023019017,0,0.2579146929389598
ag-test-000545,0,0.00040115924561961324,0.00021388242392719983,0,0.2579146929389598
ag-test-000546,0,0.0001930962541658746,0.00030882884241739277,0,0.2579146929389598
ag-test-000547,0,0.00011992522692316463,0.0002482156162420295,0,0.2579146929389598
ag-test-000548,0,0.03361888137324116,0.011807560010411366,0,0.2579146929389598
ag-test-000549,1,0.27772963158743,0.1450421856980975,0,0.2579146929389598
ag-test-000550,1,0.33551600098596973,0.4308031973123723,1,0.2579146929389598
ag-test-000551,0,0.009949119286564634,0.011869260648024207,0,0.2579146929389598
ag-test-000552,0,6.68593514158935e-05,0.00011810578889273068,0,0.2579146929389598
ag-test-000553,0,0.04055070423371281,0.03946535251068008,0,0.2579146929389598
ag-test-000554,0,0.10449252148143608,0.10822203416766703,0,0.2579146929389598
ag-test-000555,0,0.006413823166427714,0.005407076293785324,0,0.2579146929389598
ag-test-000556,0,0.032202599348998696,0.018947542908646267,0,0.2579146929389598
ag-test-000557,0,0.001669130293377375,0.0018667865777948966,0,0.2579146929389598
ag-test-000558,0,0.011694373092349731,0.007844867945298623,0,0.2579146929389598
ag-test-000559,0,0.03185155635614488,0.02697874130153974,0,0.2579146929389598
ag-test-000560,0,0.00481743870448732,0.0023979460820113692,0,0.2579146929389598
ag-test-000561,1,0.28968227410797875,0.1480709559824232,0,0.2579146929389598
ag-test-000562,1,0.31124901566604896,0.21816333403848154,0,0.2579146929389598
ag-test-000563,0,0.001983597853814703,0.0014133518044509752,0,0.2579146929389598
ag-test-000564,0,0.020363311465223615,0.04455651459990954,0,0.2579146929389598
ag-test-000565,0,0.010953685250942232,0.031500050964576524,0,0.2579146929389598
ag-test-000566,0,0.0030495181176356917,0.0034072147279686194,0,0.2579146929389598
ag-test-000567,0,0.029074125575861462,0.0320482222391252,0,0.2579146929389598
ag-test-000568,1,0.5976542768950998,0.5915562905723426,1,0.2579146929389598
ag-test-000569,0,0.0028978916359157264,0.0032602593382923466,0,0.2579146929389598
ag-test-000570,0,0.0003159140142892068,0.0004036505815130539,0,0.2579146929389598
ag-test-000571,0,0.0005344998279174595,0.0010291675632556137,0,0.2579146929389598
ag-test-000572,0,0.00041433696207542314,0.0006994275682859095,0,0.2579146929389598
ag-test-000573,0,0.0003190083764605375,0.00034935741873432766,0,0.2579146929389598
ag-test-000574,0,0.24575338643808403,0.23172233847118415,0,0.2579146929389598
ag-test-000575,0,0.05777305003173043,0.021984889735599224,0,0.2579146929389598
ag-test-000576,0,0.03195652282858921,0.06330632129402776,0,0.2579146929389598
ag-test-000577,0,0.01276610031345592,0.010082710168816005,0,0.2579146929389598
ag-test-000578,0,0.009464930768078422,0.026161198097833547,0,0.2579146929389598
ag-test-000579,0,0.06604680026843533,0.041000378164138124,0,0.2579146929389598
ag-test-000580,0,0.003587808368505933,0.003862745533611288,0,0.2579146929389598
ag-test-000581,1,0.04644488401872345,0.06130904363796439,0,0.2579146929389598
ag-test-000582,0,8.712626393745917e-05,0.0001466596432103024,0,0.2579146929389598
ag-test-000583,0,0.011832492631454293,0.00990828917401757,0,0.2579146929389598
ag-test-000584,0,0.0018177293443321825,0.0019954640816978843,0,0.2579146929389598
ag-test-000585,0,0.001338596033434802,0.004758025180705614,0,0.2579146929389598
ag-test-000586,0,0.06156803644971506,0.07992283854844566,0,0.2579146929389598
ag-test-000587,0,0.022785406362110853,0.03765720226662681,0,0.2579146929389598
ag-test-000588,0,0.12637527168035312,0.050774169108747415,0,0.2579146929389598
ag-test-000589,0,0.0016442499231955421,0.0007427266945136717,0,0.2579146929389598
ag-test-000590,0,0.014811590782058785,0.011718007646389549,0,0.2579146929389598
ag-test-000591,0,0.029213414732299135,0.03438274006659615,0,0.2579146929389598
ag-test-000592,0,0.06847389257495556,0.03167968983690486,0,0.2579146929389598
ag-test-000593,0,0.008489719344150453,0.006074955270163429,0,0.2579146929389598
ag-test-000594,0,0.0010316164881820496,0.0006132409413743411,0,0.2579146929389598
ag-test-000595,0,0.00030424769820464883,0.00037894297724743283,0,0.2579146929389598
ag-test-000596,0,0.026287701086187745,0.04684845925982734,0,0.2579146929389598
ag-test-000597,1,0.5098866942279858,0.4366006498376083,1,0.2579146929389598
ag-test-000598,0,0.02581154939529119,0.03349946490372133,0,0.2579146929389598
ag-test-000599,0,0.07458545790337544,0.05409600908538948,0,0.2579146929389598
ag-test-000600,0,0.3466072326606588,0.33069857251943247,1,0.2579146929389598
ag-test-000601,0,0.3394985538765464,0.26681543364482097,1,0.2579146929389598
ag-test-000602,1,0.2800497835230016,0.034042972915326576,0,0.2579146929389598
ag-test-000603,1,0.5281351625419193,0.5286758245278115,1,0.2579146929389598
ag-test-000604,0,0.04636775237611698,0.02714984387474535,0,0.2579146929389598
ag-test-000605,0,0.04293344998428154,0.028255440094532146,0,0.2579146929389598
ag-test-000606,0,0.01247545127407333,0.005120042663752535,0,0.2579146929389598
ag-test-000607,1,0.4273378905714427,0.36711383331515257,1,0.2579146929389598
ag-test-000608,0,0.010978783621198567,0.006061149547913282,0,0.2579146929389598
ag-test-000609,0,0.021979937060892577,0.21085501441051044,0,0.2579146929389598
ag-test-000610,0,0.031101024156687633,0.015249705344602228,0,0.2579146929389598
ag-test-000611,0,0.009256523550732268,0.008944620310144188,0,0.2579146929389598
ag-test-000612,0,0.13778781291080588,0.1529918828342794,0,0.2579146929389598
ag-test-000613,0,0.012213160873481324,0.014450872204396845,0,0.2579146929389598
ag-test-000614,1,0.12723294478862401,0.22454282265944153,0,0.2579146929389598
ag-test-000615,0,0.003699782940356327,0.014166413527478144,0,0.2579146929389598
ag-test-000616,0,0.5420718409226339,0.26307933496896485,1,0.2579146929389598
ag-test-000617,0,0.002582591872949095,0.0026255723535443766,0,0.2579146929389598
ag-test-000618,0,0.004506769260869011,0.0017303098440097245,0,0.2579146929389598
ag-test-000619,0,0.037946415181492756,0.08426863855922527,0,0.2579146929389598
ag-test-000620,0,0.11472835703516406,0.14609351603968934,0,0.2579146929389598
ag-test-000621,0,0.0270945429857256,0.031555935551281396,0,0.2579146929389598
ag-test-000622,0,0.0005378138175703451,0.0013534081177510812,0,0.2579146929389598
ag-test-000623,0,0.00906533483334365,0.011755887981630473,0,0.2579146929389598
ag-test-000624,0,0.000610123459174122,0.0006746903900662478,0,0.2579146929389598
ag-test-000625,0,0.000360546154662899,0.00028302337118825735,0,0.2579146929389598
ag-test-000626,0,0.011916337753939462,0.010731434379986323,0,0.2579146929389598
ag-test-000627,0,0.0004414197806031306,0.000268071764970549,0,0.2579146929389598
ag-test-000628,0,0.06552488159969677,0.08754881222049421,0,0.2579146929389598
ag-test-000629,0,0.057670145025138175,0.032949126753967724,0,0.2579146929389598
ag-test-000630,0,0.003346627610216283,0.005129447172205317,0,0.2579146929389598
ag-test-000631,0,0.007978938948774935,0.005364385781219937,0,0.2579146929389598
ag-test-000632,0,0.010763340629959877,0.012969546274494726,0,0.2579146929389598
ag-test-000633,0,0.03371173288341343,0.03346698539083323,0,0.2579146929389598
ag-test-000634,0,0.11158077088560857,0.15614693115171285,0,0.2579146929389598
ag-test-000635,0,0.004114015398758711,0.0019392430665977542,0,0.2579146929389598
ag-test-000636,0,0.002253198397708241,0.002866600758633778,0,0.2579146929389598
ag-test-000637,0,0.03743246169886081,0.10989464596556843,0,0.2579146929389598
ag-test-000638,0,0.002766569562761273,0.004838669738150963,0,0.2579146929389598
ag-test-000639,0,0.051260647580673085,0.06012275647464379,0,0.2579146929389598
ag-test-000640,0,0.006408356373824398,0.004887115824372099,0,0.2579146929389598
ag-test-000641,0,0.09963530016601305,0.16554784906617717,0,0.2579146929389598
ag-test-000642,1,0.5954437339673866,0.5778712418658151,1,0.2579146929389598
ag-test-000643,0,0.02273284363259673,0.022285140178149948,0,0.2579146929389598
ag-test-000644,0,0.0007278421995060297,0.0007592005662291078,0,0.2579146929389598
ag-test-000645,0,0.0062465895911636956,0.0062786891139859765,0,0.2579146929389598
ag-test-000646,0,0.0006187454802956822,0.0002506317084482386,0,0.2579146929389598
ag-test-000647,0,0.014573243493859873,0.01497245064612092,0,0.2579146929389598
ag-test-000648,0,0.004455801208075241,0.005948193622010728,0,0.2579146929389598
ag-test-000649,0,0.012543579039406096,0.013362466411209317,0,0.2579146929389598
ag-test-000650,0,0.0489764675304236,0.03047944282053451,0,0.2579146929389598
ag-test-000651,0,6.253091147436961e-05,6.877322538419935e-05,0,0.2579146929389598
ag-test-000652,0,0.023606998040434885,0.06651874932125498,0,0.2579146929389598
ag-test-000653,0,0.000839986780102992,0.002023096683288805,0,0.2579146929389598
ag-test-000654,0,0.0005361222608136785,0.0006388788176539949,0,0.2579146929389598
ag-test-000655,0,0.0019260075943447698,0.0018265352415865886,0,0.2579146929389598
ag-test-000656,0,0.007044838909067089,0.00869733046996853,0,0.2579146929389598
ag-test-000657,1,0.48697862075039705,0.3585013221101013,1,0.2579146929389598
ag-test-000658,0,0.07204765811965005,0.0827840823943879,0,0.2579146929389598
ag-test-000659,0,0.013375912838166032,0.007625667289256971,0,0.2579146929389598
ag-test-000660,1,0.5825310409594867,0.5169617010051356,1,0.2579146929389598
ag-test-000661,0,0.00023377377656368675,0.00022696446386037214,0,0.2579146929389598
ag-test-000662,0,0.027393853128418546,0.018781293700415837,0,0.2579146929389598
ag-test-000663,0,0.015548432027760567,0.005641727672046237,0,0.2579146929389598
ag-test-000664,0,0.0008208371318473935,0.0011664692200617026,0,0.2579146929389598
ag-test-000665,0,0.016550680658529916,0.023332475703740314,0,0.2579146929389598
ag-test-000666,0,0.003678177446415577,0.004320226383628406,0,0.2579146929389598
ag-test-000667,0,0.04533952670021995,0.027898788268845977,0,0.2579146929389598
ag-test-000668,0,0.11134782319509226,0.09337260737663673,0,0.2579146929389598
ag-test-000669,0,0.0013199055035283595,0.0010102790366167838,0,0.2579146929389598
ag-test-000670,0,0.16450525465025087,0.14289368675866754,0,0.2579146929389598
ag-test-000671,0,4.151921504997377e-05,3.3686877307955275e-05,0,0.2579146929389598
ag-test-000672,0,0.004233540937578607,0.0013383796058962733,0,0.2579146929389598
ag-test-000673,0,0.020477716266350823,0.00990376921167709,0,0.2579146929389598
ag-test-000674,0,0.01579811295417066,0.013979163305436382,0,0.2579146929389598
ag-test-000675,0,0.014419072178225533,0.019137954508123247,0,0.2579146929389598
ag-test-000676,0,0.005965847016318053,0.011364761342092009,0,0.2579146929389598
ag-test-000677,1,0.632712605926556,0.42629015031194045,1,0.2579146929389598
ag-test-000678,0,0.5773019038044754,0.43250985705147355,1,0.2579146929389598
ag-test-000679,1,0.21794366462499126,0.24148487944209882,0,0.2579146929389598
ag-test-000680,0,0.03664723989678717,0.01725338972055894,0,0.2579146929389598
ag-test-000681,0,0.02932006679284554,0.0384506130160532,0,0.2579146929389598
ag-test-000682,0,0.00843512507655684,0.014509847842814194,0,0.2579146929389598
ag-test-000683,0,0.0005066549795313814,0.0004694108997767793,0,0.2579146929389598
ag-test-000684,0,0.0005810664979826137,0.0004475902188658151,0,0.2579146929389598
ag-test-000685,0,0.011715358930063549,0.005229222022865093,0,0.2579146929389598
ag-test-000686,0,0.003923362344231955,0.0036990404656076746,0,0.2579146929389598
ag-test-000687,0,0.0013190647277964032,0.002245714894595328,0,0.2579146929389598
ag-test-000688,0,0.0005317694004502044,0.0006618931851256268,0,0.2579146929389598
ag-test-000689,0,0.03594597020034364,0.022004141527214603,0,0.2579146929389598
ag-test-000690,0,0.33306689254456145,0.2730877971430456,1,0.2579146929389598
ag-test-000691,0,0.0030803286555121543,0.001949106379402733,0,0.2579146929389598
ag-test-000692,0,0.007913784507789037,0.016582443420996986,0,0.2579146929389598
ag-test-000693,0,0.009321390814903135,0.006538996065393112,0,0.2579146929389598
ag-test-000694,0,0.15389949069239145,0.0612404856454311,0,0.2579146929389598
ag-test-000695,1,0.24518258096752168,0.4362444184374875,1,0.2579146929389598
ag-test-000696,0,9.417854700993631e-05,6.588209858240745e-05,0,0.2579146929389598
ag-test-000697,0,0.011414027765633921,0.005611762210669918,0,0.2579146929389598
ag-test-000698,0,0.00010328098774847427,0.00010792244665721362,0,0.2579146929389598
ag-test-000699,0,0.006276646814892208,0.003617501455097808,0,0.2579146929389598
ag-test-000700,0,0.0017206362259470696,0.0020243482790780714,0,0.2579146929389598
ag-test-000701,0,0.42542840570625606,0.32861684353451887,1,0.2579146929389598
ag-test-000702,0,0.0627937814612741,0.014774552341868004,0,0.2579146929389598
ag-test-000703,0,0.0005418816443917081,0.0005353713120916638,0,0.2579146929389598
ag-test-000704,0,0.036861725702385204,0.03492811963005708,0,0.2579146929389598
ag-test-000705,0,0.13301725463490305,0.1538563287590943,0,0.2579146929389598
ag-test-000706,0,0.004109480517503496,0.0034508507101274496,0,0.2579146929389598
ag-test-000707,0,0.23048987800308282,0.39301048696849,1,0.2579146929389598
ag-test-000708,0,0.052321309539390314,0.055320366877904675,0,0.2579146929389598
ag-test-000709,0,0.0018872663366799219,0.0019926512140944277,0,0.2579146929389598
ag-test-000710,0,0.010712559436650929,0.017664766159840146,0,0.2579146929389598
ag-test-000711,0,0.016059892859733898,0.012321263370501141,0,0.2579146929389598
ag-test-000712,0,0.013122103272820733,0.016988034239606414,0,0.2579146929389598
ag-test-000713,0,0.014347656119646363,0.03621391156299764,0,0.2579146929389598
ag-test-000714,0,0.07028758974967515,0.22925182148317583,0,0.2579146929389598
ag-test-000715,0,0.03605226880180337,0.026123040304739963,0,0.2579146929389598
ag-test-000716,0,0.013684972635536308,0.01194327983374998,0,0.2579146929389598
ag-test-000717,0,0.02655488727961037,0.023369707252738472,0,0.2579146929389598
ag-test-000718,0,0.007412490297744711,0.008038988275302349,0,0.2579146929389598
ag-test-000719,1,0.6659065377010647,0.6528768889411056,1,0.2579146929389598
ag-test-000720,0,0.0018263455286030373,0.002071238764249676,0,0.2579146929389598
ag-test-000721,0,0.015391861782753823,0.01260043440123902,0,0.2579146929389598
ag-test-000722,0,0.003917612045843765,0.0021470964060940306,0,0.2579146929389598
ag-test-000723,0,0.02345042690126327,0.00807038328208623,0,0.2579146929389598
ag-test-000724,0,0.0006490581430731755,0.0005730140625870168,0,0.2579146929389598
ag-test-000725,0,0.0053011255834592074,0.01263443835215519,0,0.2579146929389598
ag-test-000726,1,0.7251340250803496,0.759524767596423,1,0.2579146929389598
ag-test-000727,0,0.10586192644627168,0.23115116358340965,0,0.2579146929389598
ag-test-000728,0,0.00011074004875357317,8.756854987355813e-05,0,0.2579146929389598
ag-test-000729,0,0.05580767533165626,0.02027331776306565,0,0.2579146929389598
ag-test-000730,0,0.0002259916915173872,0.00019347803359195007,0,0.2579146929389598
ag-test-000731,0,6.75404273489e-05,3.8711881671440516e-05,0,0.2579146929389598
ag-test-000732,0,0.003405003928741372,0.012137106053534736,0,0.2579146929389598
ag-test-000733,0,0.01036964310282431,0.009087668846381791,0,0.2579146929389598
ag-test-000734,0,0.16528183989595985,0.09192988966297266,0,0.2579146929389598
ag-test-000735,0,0.021696956455081795,0.02046464913978053,0,0.2579146929389598
ag-test-000736,0,0.0017804278388568644,0.0006608616532707498,0,0.2579146929389598
ag-test-000737,0,0.0006390310602954831,0.0004675563760801121,0,0.2579146929389598
ag-test-000738,0,0.01890776376333925,0.01628286197424865,0,0.2579146929389598
ag-test-000739,0,0.01014993130571752,0.012132726267766857,0,0.2579146929389598
ag-test-000740,0,0.011911042312537966,0.006385788435766996,0,0.2579146929389598
ag-test-000741,1,0.7655644597272696,0.6693030713005511,1,0.2579146929389598
ag-test-000742,0,0.0010377554934494662,0.0004909497222260665,0,0.2579146929389598
ag-test-000743,0,0.0005188428265076601,0.00028939419716744036,0,0.2579146929389598
ag-test-000744,0,0.14930004442613076,0.14217584338163924,0,0.2579146929389598
ag-test-000745,0,0.11378616928550954,0.1285582761015451,0,0.2579146929389598
ag-test-000746,0,0.0007989404030677098,0.0006542751479011575,0,0.2579146929389598
ag-test-000747,0,0.010413615812595013,0.008411802314241705,0,0.2579146929389598
ag-test-000748,0,0.0032231371573067723,0.006549060319973434,0,0.2579146929389598
ag-test-000749,0,0.00028908570338493343,0.0006973203326202132,0,0.2579146929389598
ag-test-000750,0,0.036296156380121604,0.029537141309182478,0,0.2579146929389598
ag-test-000751,0,0.005832382547801194,0.007555512520189739,0,0.2579146929389598
ag-test-000752,0,0.009755145180478356,0.00840038279068735,0,0.2579146929389598
ag-test-000753,0,0.04682099140865073,0.0270943116446329,0,0.2579146929389598
ag-test-000754,0,0.031679878162868005,0.08600750781716213,0,0.2579146929389598
ag-test-000755,0,0.030560003774670132,0.023326097025066085,0,0.2579146929389598
ag-test-000756,0,0.04229410160075909,0.024023227489643063,0,0.2579146929389598
ag-test-000757,0,0.033996026243010846,0.0396166790993408,0,0.2579146929389598
ag-test-000758,0,0.04196227381850718,0.028879026083618562,0,0.2579146929389598
ag-test-000759,0,0.011168949859323296,0.013664966257082136,0,0.2579146929389598
ag-test-000760,0,0.0394068281841194,0.04859026420023311,0,0.2579146929389598
ag-test-000761,0,0.006191451412260562,0.004266337360761861,0,0.2579146929389598
ag-test-000762,1,0.4157676231917701,0.3761597966421956,1,0.2579146929389598
ag-test-000763,0,0.001237555857086032,0.0010763867789515512,0,0.2579146929389598
ag-test-000764,0,0.004608597833989403,0.00424264509763048,0,0.2579146929389598
ag-test-000765,0,0.02555681154762868,0.0244580604085034,0,0.2579146929389598
ag-test-000766,0,0.05114926687040343,0.017022836607639476,0,0.2579146929389598
ag-test-000767,0,0.0009794570382065024,0.0014998434310374777,0,0.2579146929389598
ag-test-000768,0,0.015359965927450548,0.04484037726669335,0,0.2579146929389598
ag-test-000769,0,0.011923790749751556,0.018525877147552574,0,0.2579146929389598
ag-test-000770,0,0.798460882076732,0.7296421890545667,1,0.2579146929389598
ag-test-000771,0,0.03338165981417344,0.05841587672825566,0,0.2579146929389598
ag-test-000772,0,0.624559137024553,0.5710898129681347,1,0.2579146929389598
ag-test-000773,0,0.4805012654348753,0.5099028524678388,1,0.2579146929389598
ag-test-000774,0,0.005674348711365582,0.0032933313159413317,0,0.2579146929389598
ag-test-000775,0,0.0019680725341019037,0.0017833063252056768,0,0.2579146929389598
ag-test-000776,0,0.008560168537476664,0.00821528153510839,0,0.2579146929389598
ag-test-000777,0,0.0001245054639206569,0.00015711810939711776,0,0.2579146929389598
ag-test-000778,0,0.1258783851006512,0.06855197188499601,0,0.2579146929389598
ag-test-000779,0,0.9001638925963013,0.8948132707463762,1,0.2579146929389598
ag-test-000780,0,0.002348564027934862,0.0028815426461364637,0,0.2579146929389598
ag-test-000781,0,0.0009103707973409031,0.0017275613612448408,0,0.2579146929389598
ag-test-000782,0,0.1281424597209383,0.26433603673998407,1,0.2579146929389598
ag-test-000783,0,0.008234240203217029,0.007794343564807069,0,0.2579146929389598
ag-test-000784,0,0.00014797086497495913,0.00018367101851969448,0,0.2579146929389598
ag-test-000785,0,0.007543339233577462,0.0065987035389045165,0,0.2579146929389598
ag-test-000786,0,0.13314368578223182,0.13054122043033803,0,0.2579146929389598
ag-test-000787,0,0.0005280914363165442,0.00041478967189391116,0,0.2579146929389598
ag-test-000788,0,0.0074144965846133695,0.010332222200989153,0,0.2579146929389598
ag-test-000789,0,0.478113424496395,0.07372899058503048,0,0.2579146929389598
ag-test-000790,0,0.02294583289196143,0.015800596657378617,0,0.2579146929389598
ag-test-000791,0,0.006028393142697947,0.00643926933433298,0,0.2579146929389598
ag-test-000792,0,0.03154592370436621,0.02661485018627053,0,0.2579146929389598
ag-test-000793,0,0.0001905570516330343,0.0002063045014682527,0,0.2579146929389598
ag-test-000794,0,0.00801483008544732,0.005999965459979912,0,0.2579146929389598
ag-test-000795,1,0.6191689478767661,0.42333749998699904,1,0.2579146929389598
ag-test-000796,0,0.019658848875698874,0.03108727738429565,0,0.2579146929389598
ag-test-000797,0,0.049547224398662076,0.02800216982623511,0,0.2579146929389598
ag-test-000798,0,0.001250830021500566,0.0018836193559856557,0,0.2579146929389598
ag-test-000799,1,0.7291858832532097,0.7655210566522823,1,0.2579146929389598
ag-test-000800,0,0.03403668222669641,0.028245699000267042,0,0.2579146929389598
ag-test-000801,0,0.018555664129378775,0.01259189734713248,0,0.2579146929389598
ag-test-000802,0,0.0005481755725840292,0.0014553903745970834,0,0.2579146929389598
ag-test-000803,0,0.005757947198149701,0.009929964406864503,0,0.2579146929389598
ag-test-000804,0,0.00012063572573982869,0.00026251244405656724,0,0.2579146929389598
ag-test-000805,0,0.0021205474566242024,0.0016317100683714962,0,0.2579146929389598
ag-test-000806,0,0.0072683663279020155,0.005905021265297148,0,0.2579146929389598
ag-test-000807,1,0.750388934059401,0.7403638799366278,1,0.2579146929389598
ag-test-000808,0,0.1722153010634475,0.046359337485491724,0,0.2579146929389598
ag-test-000809,0,0.017396364772464954,0.016895513023026436,0,0.2579146929389598
ag-test-000810,0,0.134929974739778,0.20041266260496435,0,0.2579146929389598
ag-test-000811,0,0.037841427574939274,0.0316891316596858,0,0.2579146929389598
ag-test-000812,0,0.029411007933157075,0.013413589643270156,0,0.2579146929389598
ag-test-000813,0,0.036942130719616405,0.033543636793841175,0,0.2579146929389598
ag-test-000814,0,0.0021426877063120604,0.0028006754713684892,0,0.2579146929389598
ag-test-000815,0,0.00037084447529481436,0.00041086905768932756,0,0.2579146929389598
ag-test-000816,0,0.0018919502272311942,0.00151445081885325,0,0.2579146929389598
ag-test-000817,0,0.010452326942834184,0.007464852480383976,0,0.2579146929389598
ag-test-000818,0,0.05890584383740426,0.06792511089226838,0,0.2579146929389598
ag-test-000819,0,0.01823224458903713,0.023501215896117013,0,0.2579146929389598
ag-test-000820,0,0.0037176494585231677,0.005281109111454727,0,0.2579146929389598
ag-test-000821,0,0.04535452547458421,0.03502678115996691,0,0.2579146929389598
ag-test-000822,0,0.08084064098872643,0.028880369992835424,0,0.2579146929389598
ag-test-000823,0,0.0005358579332968492,0.0005312133240809857,0,0.2579146929389598
ag-test-000824,0,0.006092422540616995,0.005195057252527143,0,0.2579146929389598
ag-test-000825,0,0.05917584969204222,0.03319027902370256,0,0.2579146929389598
ag-test-000826,0,0.0003163928481293609,0.001265325036488919,0,0.2579146929389598
ag-test-000827,0,0.01941223058961348,0.018311327452695536,0,0.2579146929389598
ag-test-000828,0,0.0005262731505176414,0.0003698679086460333,0,0.2579146929389598
ag-test-000829,0,0.39537116675809414,0.533194387256156,1,0.2579146929389598
ag-test-000830,0,0.013094274461688211,0.017054417971305847,0,0.2579146929389598
ag-test-000831,0,0.00042669574398472327,0.0006292944605609127,0,0.2579146929389598
ag-test-000832,0,0.01607258450300323,0.01350631290922761,0,0.2579146929389598
ag-test-000833,0,0.005546889637390516,0.006939247726957858,0,0.2579146929389598
ag-test-000834,0,0.5797159156416001,0.3353262302726547,1,0.2579146929389598
ag-test-000835,0,0.016065410485214603,0.03076732752228193,0,0.2579146929389598
ag-test-000836,0,0.0061186825918716275,0.002254403831294318,0,0.2579146929389598
ag-test-000837,1,0.3222478700813443,0.23392622787122935,0,0.2579146929389598
ag-test-000838,0,0.005772234507248929,0.01196343151530533,0,0.2579146929389598
ag-test-000839,0,0.01691311601099483,0.024016391846429307,0,0.2579146929389598
ag-test-000840,0,0.0269971918148203,0.011243627637046791,0,0.2579146929389598
ag-test-000841,1,0.6871486775386402,0.667618598422168,1,0.2579146929389598
ag-test-000842,0,0.00038710267560668107,0.0005076954850123269,0,0.2579146929389598
ag-test-000843,0,0.0019990246163805354,0.0018113137040471333,0,0.2579146929389598
ag-test-000844,0,0.12198219578715784,0.17810278574547508,0,0.2579146929389598
ag-test-000845,0,0.08776571340452197,0.046740768862659696,0,0.2579146929389598
ag-test-000846,0,0.010092542036508792,0.013079113838532842,0,0.2579146929389598
ag-test-000847,0,0.02579503026312941,0.03776901067251964,0,0.2579146929389598
ag-test-000848,0,0.000586465137979001,0.000611058285351018,0,0.2579146929389598
ag-test-000849,0,0.00015664324608771903,0.0001698413198118418,0,0.2579146929389598
ag-test-000850,0,0.012972274509019539,0.011917724302421905,0,0.2579146929389598
ag-test-000851,0,0.29304140713967897,0.30223685209515033,1,0.2579146929389598
ag-test-000852,0,0.004830412530132215,0.004957448208915979,0,0.2579146929389598
ag-test-000853,0,0.8943728181782393,0.8090110837832207,1,0.2579146929389598
ag-test-000854,0,0.3587426967739621,0.08443562195507681,0,0.2579146929389598
ag-test-000855,0,0.057710798782233674,0.05949274517506072,0,0.2579146929389598
ag-test-000856,0,0.17094537592286213,0.036035396649541036,0,0.2579146929389598
ag-test-000857,0,0.00505706892266348,0.00531898652029567,0,0.2579146929389598
ag-test-000858,0,0.04159471568761182,0.03186736875326694,0,0.2579146929389598
ag-test-000859,0,0.0406728635077086,0.01535587185596772,0,0.2579146929389598
ag-test-000860,0,0.003608394961302465,0.0032855543414395246,0,0.2579146929389598
ag-test-000861,0,0.0015856592316450962,0.0018955134051267123,0,0.2579146929389598
ag-test-000862,0,0.0158694335092921,0.016332364231231192,0,0.2579146929389598
ag-test-000863,0,0.0018931263207656852,0.0028893898878407497,0,0.2579146929389598
ag-test-000864,0,0.20048306628187876,0.08076332586631775,0,0.2579146929389598
ag-test-000865,0,0.0013012148050878941,0.0017522361456111465,0,0.2579146929389598
ag-test-000866,0,0.0006850657312099645,0.0012097349728224958,0,0.2579146929389598
ag-test-000867,0,0.0021669933577168846,0.0018402847202301136,0,0.2579146929389598
ag-test-000868,0,0.004541672697698374,0.006269865240761381,0,0.2579146929389598
ag-test-000869,0,0.0020625756272351745,0.002328602856302312,0,0.2579146929389598
ag-test-000870,0,6.845307244897186e-05,4.496509669703243e-05,0,0.2579146929389598
ag-test-000871,0,0.492688536499213,0.4771040480014055,1,0.2579146929389598
ag-test-000872,0,0.7639604794583508,0.7067848722217251,1,0.2579146929389598
ag-test-000873,0,0.0009552027165408082,0.0009695560620280812,0,0.2579146929389598
ag-test-000874,0,0.06876839618078694,0.06982235964029108,0,0.2579146929389598
ag-test-000875,0,0.0394068281841194,0.04859026420023311,0,0.2579146929389598
ag-test-000876,0,0.04267349013492915,0.057014187584574695,0,0.2579146929389598
ag-test-000877,0,8.663404469456043e-05,8.70645751667971e-05,0,0.2579146929389598
ag-test-000878,0,0.011201492729995781,0.009918359886064536,0,0.2579146929389598
ag-test-000879,0,0.029311693374487902,0.021795418389557234,0,0.2579146929389598
ag-test-000880,0,7.36013236950175e-05,9.426748592122582e-05,0,0.2579146929389598
ag-test-000881,1,0.5073041354105039,0.3745281297068668,1,0.2579146929389598
ag-test-000882,0,0.07466057706702742,0.026468606285870527,0,0.2579146929389598
ag-test-000883,0,0.018255858483235864,0.0255584279225529,0,0.2579146929389598
ag-test-000884,0,0.008442917849901952,0.006709423265635546,0,0.2579146929389598
ag-test-000885,0,0.000371718672562065,0.00041806401520946607,0,0.2579146929389598
ag-test-000886,0,0.010340283513848202,0.010391589861436462,0,0.2579146929389598
ag-test-000887,0,0.013545467213557717,0.010512466764099889,0,0.2579146929389598
ag-test-000888,1,0.08579076924826867,0.13289813413707516,0,0.2579146929389598
ag-test-000889,0,0.004917650386074691,0.00684335842450164,0,0.2579146929389598
ag-test-000890,0,0.009476522109363415,0.010543721669725751,0,0.2579146929389598
ag-test-000891,0,0.02664980797750646,0.013661515454132776,0,0.2579146929389598
ag-test-000892,1,0.7480090349679878,0.7737388678749977,1,0.2579146929389598
ag-test-000893,0,0.025425694077542815,0.012605377242343955,0,0.2579146929389598
ag-test-000894,0,0.5341949731796392,0.4376905025652316,1,0.2579146929389598
ag-test-000895,0,0.7896566122870313,0.7192968122134812,1,0.2579146929389598
ag-test-000896,1,0.43660605208019554,0.4088283443062896,1,0.2579146929389598
ag-test-000897,0,0.011583413843488955,0.0072478316520154015,0,0.2579146929389598
ag-test-000898,0,0.06847587382262423,0.020752398995701804,0,0.2579146929389598
ag-test-000899,0,0.014661041621697127,0.027263759384778603,0,0.2579146929389598
ag-test-000900,0,0.002094618984539628,0.0008354434412496465,0,0.2579146929389598
ag-test-000901,0,0.2400892513960192,0.02833704299572332,0,0.2579146929389598
ag-test-000902,0,0.0005127238076555672,0.0006142443285048732,0,0.2579146929389598
ag-test-000903,0,0.02155896305524846,0.019352349294124282,0,0.2579146929389598
ag-test-000904,0,0.11783287669985926,0.030334391113652503,0,0.2579146929389598
ag-test-000905,0,0.015626637951592675,0.026543349493833756,0,0.2579146929389598
ag-test-000906,0,0.0001445411543362837,0.00013558761826924564,0,0.2579146929389598
ag-test-000907,1,0.12646002260795527,0.09462407990765691,0,0.2579146929389598
ag-test-000908,0,0.026935524769083948,0.014509889564893113,0,0.2579146929389598
ag-test-000909,0,0.005285240732395751,0.005489883914181099,0,0.2579146929389598
ag-test-000910,0,0.005099996329709995,0.003128235468697799,0,0.2579146929389598
ag-test-000911,0,0.0024281427369794947,0.0015716741010365091,0,0.2579146929389598
ag-test-000912,1,0.5258184336388988,0.5498456090405,1,0.2579146929389598
ag-test-000913,0,0.010122260783697672,0.02043888984140143,0,0.2579146929389598
ag-test-000914,0,0.00023553014341245258,0.0004973216725477258,0,0.2579146929389598
ag-test-000915,0,0.0007578958421231164,0.000602939354898106,0,0.2579146929389598
ag-test-000916,0,0.00373122894987477,0.003999916196846788,0,0.2579146929389598
ag-test-000917,0,0.00027894819983393103,0.0003217002103106652,0,0.2579146929389598
ag-test-000918,0,0.0007187550584508773,0.0005045305299534563,0,0.2579146929389598
ag-test-000919,0,0.0002953692189176316,0.00030917975528593566,0,0.2579146929389598
ag-test-000920,0,0.00010389106571419298,0.0001067820800215485,0,0.2579146929389598
ag-test-000921,0,0.0001869128361072759,0.000338811599726039,0,0.2579146929389598
ag-test-000922,0,0.01624145650134813,0.021807560151024613,0,0.2579146929389598
ag-test-000923,0,0.11991693103731356,0.04322582490931727,0,0.2579146929389598
ag-test-000924,0,0.010405716078682965,0.009869833188655823,0,0.2579146929389598
ag-test-000925,0,0.0343571441973093,0.01931771889332692,0,0.2579146929389598
ag-test-000926,1,0.12547716819733218,0.1706040649308442,0,0.2579146929389598
ag-test-000927,0,0.0009805674642995724,0.0013086869433086683,0,0.2579146929389598
ag-test-000928,0,0.29872483280184087,0.26674066219406056,1,0.2579146929389598
ag-test-000929,0,0.02378521705136604,0.029373905690993934,0,0.2579146929389598
ag-test-000930,0,0.009455648557848676,0.010055495610291397,0,0.2579146929389598
ag-test-000931,0,0.009564649354359958,0.008834809970649697,0,0.2579146929389598
ag-test-000932,0,0.017548025817586434,0.02043116199785039,0,0.2579146929389598
ag-test-000933,1,0.7310845880980581,0.3678358867570164,1,0.2579146929389598
ag-test-000934,0,0.014085379713161946,0.016260777044147773,0,0.2579146929389598
ag-test-000935,0,0.0008326720016566103,0.0017245614089676051,0,0.2579146929389598
ag-test-000936,0,0.03482364115546262,0.01246419337535722,0,0.2579146929389598
ag-test-000937,0,0.026699990487858243,0.04227563048597205,0,0.2579146929389598
ag-test-000938,0,0.0074212883736747845,0.01092786383096656,0,0.2579146929389598
ag-test-000939,0,0.04635353692778251,0.018865454833602725,0,0.2579146929389598
ag-test-000940,0,0.009669089045676515,0.013492901227717112,0,0.2579146929389598
ag-test-000941,0,0.00033772658173951984,0.00032418336693252237,0,0.2579146929389598
ag-test-000942,0,0.0013713424027575183,0.0010259322713340752,0,0.2579146929389598
ag-test-000943,0,0.0007873112101718242,0.0005014078311489932,0,0.2579146929389598
ag-test-000944,0,0.02357297868271956,0.028073924913302732,0,0.2579146929389598
ag-test-000945,0,0.0016987164111132282,0.0012469376681170442,0,0.2579146929389598
ag-test-000946,0,0.009514906939389962,0.005918148970442817,0,0.2579146929389598
ag-test-000947,0,0.24238207762025601,0.14357802835603267,0,0.2579146929389598
ag-test-000948,0,0.0007372807445899371,0.004463283741511039,0,0.2579146929389598
ag-test-000949,0,0.09073981008044063,0.1274726112027657,0,0.2579146929389598
ag-test-000950,0,0.01914257109590758,0.022475976778830065,0,0.2579146929389598
ag-test-000951,0,0.005992074791891495,0.005602461774382209,0,0.2579146929389598
ag-test-000952,0,0.023588367730570946,0.010999849404714183,0,0.2579146929389598
ag-test-000953,0,0.03642759048796253,0.15086670432909904,0,0.2579146929389598
ag-test-000954,0,0.010294177317506963,0.011350133436573755,0,0.2579146929389598
ag-test-000955,0,0.007307551972538674,0.00837348914910061,0,0.2579146929389598
ag-test-000956,0,0.02450027825411351,0.027169075427691626,0,0.2579146929389598
ag-test-000957,0,0.06672294920106057,0.01991989305736486,0,0.2579146929389598
ag-test-000958,0,0.7440486683522691,0.8074415359305569,1,0.2579146929389598
ag-test-000959,0,0.15170955253224747,0.01725809562798511,0,0.2579146929389598
ag-test-000960,0,0.011905933058018297,0.016606234040077487,0,0.2579146929389598
ag-test-000961,1,0.7282294350264361,0.7113434050638432,1,0.2579146929389598
ag-test-000962,1,0.4287770363123377,0.4871030737105766,1,0.2579146929389598
ag-test-000963,0,0.0003788564787482522,0.0004256216905547732,0,0.2579146929389598
ag-test-000964,0,0.00031069692956542486,0.00033205011046867926,0,0.2579146929389598
ag-test-000965,0,0.007707244054147812,0.008222204326934423,0,0.2579146929389598
ag-test-000966,0,0.7051185998714612,0.6951383005864349,1,0.2579146929389598
ag-test-000967,0,0.11487475836723887,0.1324123980155635,0,0.2579146929389598
ag-test-000968,0,0.0024719593957352047,0.003785424842484701,0,0.2579146929389598
ag-test-000969,0,0.12151340299250124,0.1905827681044673,0,0.2579146929389598
ag-test-000970,0,0.027502471704302495,0.01901598469867868,0,0.2579146929389598
ag-test-000971,0,0.046587172485318996,0.013354575024810035,0,0.2579146929389598
ag-test-000972,0,0.021275182280819073,0.025489576509651467,0,0.2579146929389598
ag-test-000973,1,0.5323642670289277,0.3877430551174476,1,0.2579146929389598
ag-test-000974,0,0.16261886209778087,0.13306319761391866,0,0.2579146929389598
ag-test-000975,0,0.005111196745473894,0.008710112559565998,0,0.2579146929389598
ag-test-000976,0,0.00019786436422130976,0.0002951607876160961,0,0.2579146929389598
ag-test-000977,0,0.01959213713380661,0.016493985709403976,0,0.2579146929389598
ag-test-000978,0,0.0017808814904352896,0.0013258925045082767,0,0.2579146929389598
ag-test-000979,0,0.029164252073053575,0.005065572291458079,0,0.2579146929389598
ag-test-000980,0,0.00023795944436029765,0.0002463058818477917,0,0.2579146929389598
ag-test-000981,0,0.0035657886705035037,0.002850929237367641,0,0.2579146929389598
ag-test-000982,0,0.005212479111544745,0.0076738908725532615,0,0.2579146929389598
ag-test-000983,0,0.0014091470337617353,0.0008791617015334622,0,0.2579146929389598
ag-test-000984,0,0.0347921980326295,0.03180784552425345,0,0.2579146929389598
ag-test-000985,1,0.7871544841747493,0.7038444800369758,1,0.2579146929389598
ag-test-000986,0,0.0010182413377083036,0.0004750203446525155,0,0.2579146929389598
ag-test-000987,0,0.0011319939584487541,0.0006778871304636831,0,0.2579146929389598
ag-test-000988,1,0.4743670885856834,0.27270797481128267,1,0.2579146929389598
ag-test-000989,0,0.06275915663236094,0.060593583986028536,0,0.2579146929389598
ag-test-000990,1,0.7822700440453778,0.7379376273592939,1,0.2579146929389598
ag-test-000991,0,0.007545089601120783,0.006587259309206748,0,0.2579146929389598
ag-test-000992,0,0.026284865144626326,0.027709012073146435,0,0.2579146929389598
ag-test-000993,0,0.002737639284925382,0.00400667430452894,0,0.2579146929389598
ag-test-000994,0,0.0004622140368099249,0.000496510521463576,0,0.2579146929389598
ag-test-000995,0,0.0008597132044432685,0.0006610793925371839,0,0.2579146929389598
ag-test-000996,1,0.6491143052123214,0.2908309806023933,1,0.2579146929389598
ag-test-000997,0,0.02300548938381303,0.02334679760960938,0,0.2579146929389598
ag-test-000998,0,0.007379055358998072,0.005024854748130805,0,0.2579146929389598
ag-test-000999,0,0.019867601484994588,0.03172524580427004,0,0.2579146929389598
ag-test-001000,0,0.0033882834739367273,0.005161390150798708,0,0.2579146929389598
ag-test-001001,0,0.0186253481075627,0.015510671579379059,0,0.2579146929389598
ag-test-001002,0,0.009126849304363548,0.015907514126956762,0,0.2579146929389598
ag-test-001003,0,0.0007074000791020227,0.0009015783864818693,0,0.2579146929389598
ag-test-001004,0,0.00028055919958906456,0.00020307101002614664,0,0.2579146929389598
ag-test-001005,0,0.004604189145319549,0.012021162482588279,0,0.2579146929389598
ag-test-001006,0,0.06517380009529142,0.039331957504419215,0,0.2579146929389598
ag-test-001007,0,0.03256477990235052,0.018912179212847463,0,0.2579146929389598
ag-test-001008,0,0.013266398739205472,0.016894456632610095,0,0.2579146929389598
ag-test-001009,1,0.5195986566488474,0.257381992845221,0,0.2579146929389598
ag-test-001010,0,0.003751986598642249,0.0034857422794961823,0,0.2579146929389598
ag-test-001011,0,0.005753835676224196,0.0036315333001251515,0,0.2579146929389598
ag-test-001012,0,0.011828179679603616,0.011820420419000595,0,0.2579146929389598
ag-test-001013,0,0.016949783980119478,0.0033906591130764808,0,0.2579146929389598
ag-test-001014,0,0.06987053069370038,0.0569214129235298,0,0.2579146929389598
ag-test-001015,0,0.024043300528365563,0.03501337952716422,0,0.2579146929389598
ag-test-001016,0,0.18826410465802929,0.2553443900955347,0,0.2579146929389598
ag-test-001017,1,0.7997306758237765,0.7853730606200555,1,0.2579146929389598
ag-test-001018,0,0.016437732450424198,0.015442027630096054,0,0.2579146929389598
ag-test-001019,0,0.0004566691683872166,0.0004127917928527625,0,0.2579146929389598
ag-test-001020,0,0.0003096617394336703,0.0004450666245536917,0,0.2579146929389598
ag-test-001021,0,0.6543635885682718,0.5415450385145881,1,0.2579146929389598
ag-test-001022,0,0.0010616938633713966,0.0009860437038746058,0,0.2579146929389598
ag-test-001023,0,0.00042418903245651144,0.00046773303369326233,0,0.2579146929389598
ag-test-001024,0,0.002598402917717047,0.002092070865724103,0,0.2579146929389598
ag-test-001025,0,0.0054626512091541695,0.005711300499475265,0,0.2579146929389598
ag-test-001026,0,0.15995924392792019,0.09388556402833909,0,0.2579146929389598
ag-test-001027,0,0.045531674444690695,0.031069404509729462,0,0.2579146929389598
ag-test-001028,0,0.014541024256839294,0.007413539466152824,0,0.2579146929389598
ag-test-001029,0,0.2493587026762846,0.17520859974070005,0,0.2579146929389598
ag-test-001030,0,0.07103340799761271,0.03922179108685466,0,0.2579146929389598
ag-test-001031,0,0.005026453712524823,0.006927692614278838,0,0.2579146929389598
ag-test-001032,0,0.0015728032121739262,0.0010392379941726395,0,0.2579146929389598
ag-test-001033,0,5.676016046238525e-05,8.396306684326977e-05,0,0.2579146929389598
ag-test-001034,0,0.001770891753488716,0.0019474444881630898,0,0.2579146929389598
ag-test-001035,1,0.4820527929644535,0.44344757625107634,1,0.2579146929389598
ag-test-001036,0,9.098537061169457e-05,6.974419369920288e-05,0,0.2579146929389598
ag-test-001037,0,0.06572916778504924,0.03968017309843061,0,0.2579146929389598
ag-test-001038,0,0.00268961366165168,0.003074827665046387,0,0.2579146929389598
ag-test-001039,0,0.00032702465176452113,0.0001742708698735122,0,0.2579146929389598
ag-test-001040,0,0.23559113165687648,0.08398134469693046,0,0.2579146929389598
ag-test-001041,0,0.0005975989170540419,0.0005305754328886097,0,0.2579146929389598
ag-test-001042,0,0.004468143392197127,0.01023364732673829,0,0.2579146929389598
ag-test-001043,0,0.010686176756242527,0.013947651595934633,0,0.2579146929389598
ag-test-001044,0,0.27323373283251456,0.20685352471986926,0,0.2579146929389598
ag-test-001045,0,0.01199174372237981,0.022346259276079018,0,0.2579146929389598
ag-test-001046,0,0.011289008299507823,0.007328174310349533,0,0.2579146929389598
ag-test-001047,0,0.013756189447408307,0.015712057917457382,0,0.2579146929389598
ag-test-001048,0,0.03850532061820986,0.020910295543933876,0,0.2579146929389598
ag-test-001049,0,0.006279501620856637,0.002700239913563713,0,0.2579146929389598
ag-test-001050,0,0.009792005909072123,0.012235232903695556,0,0.2579146929389598
ag-test-001051,0,0.05340910294415115,0.03176108231051415,0,0.2579146929389598
ag-test-001052,0,0.004030144775581095,0.0030847994953990495,0,0.2579146929389598
ag-test-001053,0,0.010115604494393988,0.006963371778081982,0,0.2579146929389598
ag-test-001054,0,0.0011556309300359013,0.0005168995941087595,0,0.2579146929389598
ag-test-001055,0,0.00047076257103410184,0.0004898780389736527,0,0.2579146929389598
ag-test-001056,0,0.0009200375543704853,0.0008590504805629863,0,0.2579146929389598
ag-test-001057,0,0.0016097565248520034,0.0017985815032323875,0,0.2579146929389598
ag-test-001058,0,0.011605194804029065,0.020359538951823488,0,0.2579146929389598
ag-test-001059,0,0.006354422143724842,0.006411224027366441,0,0.2579146929389598
ag-test-001060,1,0.5999102415062452,0.5917172214192202,1,0.2579146929389598
ag-test-001061,0,0.001051639439237832,0.0014557155271942123,0,0.2579146929389598
ag-test-001062,0,0.03299769763660604,0.024674667511892987,0,0.2579146929389598
ag-test-001063,0,0.007162747322065807,0.009698208859388744,0,0.2579146929389598
ag-test-001064,0,0.020098008969212513,0.037131464123704806,0,0.2579146929389598
ag-test-001065,0,0.08266898945775636,0.14802238116270164,0,0.2579146929389598
ag-test-001066,0,0.01172637044928933,0.021452154587499318,0,0.2579146929389598
ag-test-001067,0,0.010054245691842184,0.010690055338514052,0,0.2579146929389598
ag-test-001068,0,0.0010691902874077764,0.0015925566944443676,0,0.2579146929389598
ag-test-001069,0,0.002865721136380121,0.004432122666938471,0,0.2579146929389598
ag-test-001070,0,0.000445692694133727,0.00029805613756002744,0,0.2579146929389598
ag-test-001071,0,0.003344675719841247,0.0031650051781910416,0,0.2579146929389598
ag-test-001072,0,0.04609371323518159,0.024598967210429565,0,0.2579146929389598
ag-test-001073,0,0.15700104275107543,0.09999623263290357,0,0.2579146929389598
ag-test-001074,0,0.05571578297318192,0.026267351614198676,0,0.2579146929389598
ag-test-001075,0,0.026255262612857443,0.029292202037229563,0,0.2579146929389598
ag-test-001076,0,0.0341881169896474,0.0098573881147364,0,0.2579146929389598
ag-test-001077,0,0.003541494538742958,0.003910205264466227,0,0.2579146929389598
ag-test-001078,0,0.009853922946734907,0.009638212498624352,0,0.2579146929389598
ag-test-001079,0,0.05493538324098776,0.020146171612537157,0,0.2579146929389598
ag-test-001080,0,0.020005399739916486,0.06095929305663864,0,0.2579146929389598
ag-test-001081,0,0.008798777627585734,0.003941485102703673,0,0.2579146929389598
ag-test-001082,0,0.002750611658735328,0.002985324498036747,0,0.2579146929389598
ag-test-001083,0,0.7101060298735338,0.6984707073145789,1,0.2579146929389598
ag-test-001084,0,0.008791714099971652,0.005429679876727483,0,0.2579146929389598
ag-test-001085,0,0.0012156377310108173,0.001122824067145787,0,0.2579146929389598
ag-test-001086,0,0.06220512353833852,0.03595801053269299,0,0.2579146929389598
ag-test-001087,1,0.8699007093818777,0.8613849782981884,1,0.2579146929389598
ag-test-001088,0,0.010961987096958085,0.01330066296412181,0,0.2579146929389598
ag-test-001089,0,0.004981058326699299,0.003319601742855818,0,0.2579146929389598
ag-test-001090,0,0.0013657267875289505,0.002288103685756166,0,0.2579146929389598
ag-test-001091,0,0.010281075319473684,0.007359093995235284,0,0.2579146929389598
ag-test-001092,0,0.003528358300501144,0.0026088901972257895,0,0.2579146929389598
ag-test-001093,1,0.6824338281442313,0.5395027357716037,1,0.2579146929389598
ag-test-001094,0,0.002240900507127354,0.0018371329989737427,0,0.2579146929389598
ag-test-001095,0,0.0011811328000072589,0.0013699404008941946,0,0.2579146929389598
ag-test-001096,0,0.008545158933015133,0.005683969679495315,0,0.2579146929389598
ag-test-001097,0,0.045121723930453175,0.04890553623593405,0,0.2579146929389598
ag-test-001098,0,0.0014272432933876058,0.0014930303389566822,0,0.2579146929389598
ag-test-001099,1,0.3554104971691051,0.34173675288566274,1,0.2579146929389598
ag-test-001100,0,0.004108265198505114,0.003971453740847986,0,0.2579146929389598
ag-test-001101,0,0.007684299402540705,0.028653394907636603,0,0.2579146929389598
ag-test-001102,0,0.07976255252659463,0.13712855788536585,0,0.2579146929389598
ag-test-001103,0,0.11379170154265994,0.13338444183355033,0,0.2579146929389598
ag-test-001104,0,0.0017153417335153689,0.0026962670239233117,0,0.2579146929389598
ag-test-001105,0,0.0016565018116409215,0.001067211697475619,0,0.2579146929389598
ag-test-001106,0,0.03706870921970005,0.048278449759936455,0,0.2579146929389598
ag-test-001107,0,0.0010870114749361223,0.0020168283008236707,0,0.2579146929389598
ag-test-001108,0,0.001855508232195339,0.001761581193478896,0,0.2579146929389598
ag-test-001109,0,0.0006397994182062955,0.0007621185634881557,0,0.2579146929389598
ag-test-001110,0,0.0012427448793765447,0.0011729298978276135,0,0.2579146929389598
ag-test-001111,1,0.5320596057250537,0.3386416322996572,1,0.2579146929389598
ag-test-001112,0,0.00435865419509598,0.004128561111423386,0,0.2579146929389598
ag-test-001113,0,0.00013187753714849414,0.00020078527580497663,0,0.2579146929389598
ag-test-001114,0,0.478113424496395,0.07372899058503048,0,0.2579146929389598
ag-test-001115,0,0.03342605234875391,0.028418724493331767,0,0.2579146929389598
ag-test-001116,0,0.030515721786063165,0.018438536410472606,0,0.2579146929389598
ag-test-001117,1,0.2587878365346541,0.22227585424685123,0,0.2579146929389598
ag-test-001118,0,0.00023377377656368675,0.00022696446386037214,0,0.2579146929389598
ag-test-001119,0,0.0012362251507407704,0.0022555214455422102,0,0.2579146929389598
ag-test-001120,0,0.05744768137140692,0.05633793999005468,0,0.2579146929389598
ag-test-001121,0,0.0005815197318691123,0.00013435890363134713,0,0.2579146929389598
ag-test-001122,0,0.09411153061913693,0.06835408320071501,0,0.2579146929389598
ag-test-001123,0,0.011169875488774957,0.006446565239465691,0,0.2579146929389598
ag-test-001124,0,0.013394831348060911,0.00779428962145602,0,0.2579146929389598
ag-test-001125,0,0.011156354826826906,0.0031782352972127047,0,0.2579146929389598
ag-test-001126,0,0.08527396183098081,0.022621127882831354,0,0.2579146929389598
ag-test-001127,1,0.5489277525265904,0.3199906904552999,1,0.2579146929389598
ag-test-001128,0,0.0014958227306243062,0.0011584966807940216,0,0.2579146929389598
ag-test-001129,0,0.051098332153829494,0.02214523730290755,0,0.2579146929389598
ag-test-001130,0,0.034495933423660724,0.03771704454945318,0,0.2579146929389598
ag-test-001131,0,0.02603791732365548,0.012784879364648014,0,0.2579146929389598
ag-test-001132,0,0.011126813801428773,0.006427470419400559,0,0.2579146929389598
ag-test-001133,0,0.001979685317634191,0.0019733539985939126,0,0.2579146929389598
ag-test-001134,0,0.005690781639480326,0.005935949685357963,0,0.2579146929389598
ag-test-001135,0,0.0005797930328610874,0.0002780915417186319,0,0.2579146929389598
ag-test-001136,0,0.08986497242072576,0.07551737850833741,0,0.2579146929389598
ag-test-001137,0,0.002391532907913816,0.004211521001566323,0,0.2579146929389598
ag-test-001138,0,0.000598832050692007,0.0007076793553472726,0,0.2579146929389598
ag-test-001139,0,0.0003754284053707922,0.00037572082297236545,0,0.2579146929389598
ag-test-001140,0,0.05183988404531096,0.019466340726020482,0,0.2579146929389598
ag-test-001141,0,0.0004959545714723696,0.00022577228507358296,0,0.2579146929389598
ag-test-001142,0,0.14529171885691353,0.11764181143476164,0,0.2579146929389598
ag-test-001143,0,0.009297838438358281,0.010072110563737354,0,0.2579146929389598
ag-test-001144,0,0.37741491444966324,0.18650164946215878,0,0.2579146929389598
ag-test-001145,0,0.0054721610436270305,0.006894894217696901,0,0.2579146929389598
ag-test-001146,1,0.6167676257525422,0.689004749415022,1,0.2579146929389598
ag-test-001147,0,0.40781156772824545,0.3846309721440753,1,0.2579146929389598
ag-test-001148,0,0.0007966541586098596,0.0007992193864492833,0,0.2579146929389598
ag-test-001149,0,0.07990809089522187,0.023819647660756095,0,0.2579146929389598
ag-test-001150,0,0.0008274259994764576,0.0009957174139921064,0,0.2579146929389598
ag-test-001151,0,0.05180182930092771,0.0633222451330852,0,0.2579146929389598
ag-test-001152,0,0.0058723331559763755,0.004285174072397618,0,0.2579146929389598
ag-test-001153,0,0.004252578122211848,0.002077507802987733,0,0.2579146929389598
ag-test-001154,0,0.030792651448431536,0.010262066245879506,0,0.2579146929389598
ag-test-001155,1,0.5980801428920869,0.6035755627222716,1,0.2579146929389598
ag-test-001156,0,0.024464746565183326,0.02495527736772604,0,0.2579146929389598
ag-test-001157,0,0.004619439043948717,0.007342282498052971,0,0.2579146929389598
ag-test-001158,0,0.002959583714837494,0.0029659003436890165,0,0.2579146929389598
ag-test-001159,0,0.001896479284378317,0.002526537592214249,0,0.2579146929389598
ag-test-001160,0,0.0002847995671943438,0.00027859657744931703,0,0.2579146929389598
ag-test-001161,0,0.12470893409910226,0.05676929939512124,0,0.2579146929389598
ag-test-001162,0,0.10921455073787935,0.0853700606604506,0,0.2579146929389598
ag-test-001163,0,0.6027678357157252,0.6950122805135496,1,0.2579146929389598
ag-test-001164,1,0.37936241548667227,0.45120705250164234,1,0.2579146929389598
ag-test-001165,1,0.2962371935332147,0.38970504837358705,1,0.2579146929389598
ag-test-001166,0,0.012907219834894809,0.00847398532509962,0,0.2579146929389598
ag-test-001167,0,0.0034446215560297996,0.0067361706770204645,0,0.2579146929389598
ag-test-001168,1,0.5533784200640867,0.5396212893402524,1,0.2579146929389598
ag-test-001169,0,0.016675038371665344,0.02560775014585957,0,0.2579146929389598
ag-test-001170,0,0.4363113533705555,0.6658833397652065,1,0.2579146929389598
ag-test-001171,0,0.0003649511900846921,0.00039589133495752753,0,0.2579146929389598
ag-test-001172,0,0.017308832388529365,0.01729151611170567,0,0.2579146929389598
ag-test-001173,0,0.4564969496670849,0.47645046327972,1,0.2579146929389598
ag-test-001174,1,0.5083139598993776,0.3670714753255907,1,0.2579146929389598
ag-test-001175,0,0.029792377466442057,0.10206072405553589,0,0.2579146929389598
ag-test-001176,0,0.0010027513599501425,0.0009065989259861701,0,0.2579146929389598
ag-test-001177,0,0.016716813908201213,0.019052407987227467,0,0.2579146929389598
ag-test-001178,1,0.46199610063674673,0.4245750863795838,1,0.2579146929389598
ag-test-001179,0,0.0006350639945335067,0.0010603033652994195,0,0.2579146929389598
ag-test-001180,0,0.050254976801223136,0.017833874935359754,0,0.2579146929389598
ag-test-001181,1,0.5575230301122814,0.4810048650863319,1,0.2579146929389598
ag-test-001182,0,0.019299915600594523,0.008548529091112372,0,0.2579146929389598
ag-test-001183,0,0.04665751014270942,0.02567315680964701,0,0.2579146929389598
ag-test-001184,1,0.3267677360828349,0.23117318794306987,0,0.2579146929389598
ag-test-001185,0,0.0023831989262737773,0.005043911525466739,0,0.2579146929389598
ag-test-001186,0,0.00037087838403558024,0.0002700118322958557,0,0.2579146929389598
ag-test-001187,0,0.04773043623111231,0.11181416929773079,0,0.2579146929389598
ag-test-001188,0,0.010630837022912726,0.02263494042837579,0,0.2579146929389598
ag-test-001189,0,0.05624161546086763,0.044777114518996894,0,0.2579146929389598
ag-test-001190,0,0.0016665429295660294,0.002077969899441943,0,0.2579146929389598
ag-test-001191,0,0.07058170186533586,0.09699397613692479,0,0.2579146929389598
ag-test-001192,0,0.020048513162805228,0.004636906401068399,0,0.2579146929389598
ag-test-001193,0,0.0003407906584170697,0.00034888423762175093,0,0.2579146929389598
ag-test-001194,0,8.764082509838378e-05,0.00014170126211032207,0,0.2579146929389598
ag-test-001195,0,0.032403698640925786,0.051151567948316795,0,0.2579146929389598
ag-test-001196,0,0.10460273035738443,0.0860086481760358,0,0.2579146929389598
ag-test-001197,0,0.0012315612138026019,0.001705637192304752,0,0.2579146929389598
ag-test-001198,0,0.0016270660296651648,0.0019581428003345868,0,0.2579146929389598
ag-test-001199,0,0.06881579184557529,0.059187613406083035,0,0.2579146929389598
ag-test-001200,0,0.04041402636318277,0.011775441692078833,0,0.2579146929389598
ag-test-001201,1,0.5075323801207561,0.49409302617257533,1,0.2579146929389598
ag-test-001202,0,0.1118344527997282,0.18479632640272953,0,0.2579146929389598
ag-test-001203,0,0.06710790336260775,0.10480994970425717,0,0.2579146929389598
ag-test-001204,0,0.10088967270133951,0.08137837543209839,0,0.2579146929389598
ag-test-001205,0,0.0026957743263132535,0.004457091203555084,0,0.2579146929389598
ag-test-001206,1,0.15721246453010806,0.13609031898469096,0,0.2579146929389598
ag-test-001207,1,0.6630128867805963,0.6005147802493214,1,0.2579146929389598
ag-test-001208,0,0.7679465630790245,0.7092706097932607,1,0.2579146929389598
ag-test-001209,0,0.11410344423974894,0.1767563762283612,0,0.2579146929389598
ag-test-001210,0,0.025177493047117364,0.03209182630568253,0,0.2579146929389598
ag-test-001211,0,0.00036863921642427686,0.00038114637521541333,0,0.2579146929389598
ag-test-001212,0,0.004481113957679318,0.003960440068395797,0,0.2579146929389598
ag-test-001213,0,0.00030348836746840985,0.0007835754465076737,0,0.2579146929389598
ag-test-001214,0,0.06432087770993236,0.07646117836124393,0,0.2579146929389598
ag-test-001215,0,0.13804885595221966,0.15379057415484423,0,0.2579146929389598
ag-test-001216,0,0.0004652590658580692,0.0005730894381559278,0,0.2579146929389598
ag-test-001217,0,0.020521066747823117,0.018771912257559458,0,0.2579146929389598
ag-test-001218,1,0.6182698428734624,0.5133019402850647,1,0.2579146929389598
ag-test-001219,0,0.02053318479827601,0.011649174737397818,0,0.2579146929389598
ag-test-001220,0,0.00012146251044235021,0.0006070267017709166,0,0.2579146929389598
ag-test-001221,0,0.0536177501368867,0.04445755371054194,0,0.2579146929389598
ag-test-001222,0,0.043447342063526684,0.0295034526089925,0,0.2579146929389598
ag-test-001223,0,0.017222992202798455,0.0120066683066201,0,0.2579146929389598
ag-test-001224,0,0.018064739679073533,0.012439568141794161,0,0.2579146929389598
ag-test-001225,0,0.04387251324001596,0.0441065265986031,0,0.2579146929389598
ag-test-001226,0,0.005811463140812596,0.006172240376810527,0,0.2579146929389598
ag-test-001227,0,0.0008459353584692212,0.00046184750610378923,0,0.2579146929389598
ag-test-001228,0,0.03524456265375431,0.04795891252444501,0,0.2579146929389598
ag-test-001229,0,0.0011234192485462004,0.0002563725164936409,0,0.2579146929389598
ag-test-001230,0,0.043953144110367826,0.04031383488070505,0,0.2579146929389598
ag-test-001231,0,0.0028469800635774136,0.0038671323101801334,0,0.2579146929389598
ag-test-001232,0,0.04816092839476687,0.03959229547880454,0,0.2579146929389598
ag-test-001233,0,0.05332620848852163,0.029011235668792275,0,0.2579146929389598
ag-test-001234,0,0.0020704891838985158,0.002372654351787083,0,0.2579146929389598
ag-test-001235,0,0.04702851399146433,0.031932678615826035,0,0.2579146929389598
ag-test-001236,1,0.5898438866406733,0.5476107478399748,1,0.2579146929389598
ag-test-001237,0,0.0120685886872471,0.006171254742335687,0,0.2579146929389598
ag-test-001238,1,0.7185806297126339,0.7011170641994825,1,0.2579146929389598
ag-test-001239,0,0.0668585384309379,0.07072905170810778,0,0.2579146929389598
ag-test-001240,0,0.022737653261169413,0.015252730781738949,0,0.2579146929389598
ag-test-001241,0,0.053675054988972314,0.05825857328537367,0,0.2579146929389598
ag-test-001242,0,0.012657131803366865,0.011027402394462442,0,0.2579146929389598
ag-test-001243,0,0.004971431074412375,0.003494357211001384,0,0.2579146929389598
ag-test-001244,0,0.02197765125753112,0.03082517721606737,0,0.2579146929389598
ag-test-001245,0,0.008488045804468712,0.013716812326305842,0,0.2579146929389598
ag-test-001246,0,0.011105426961521747,0.016303809677728664,0,0.2579146929389598
ag-test-001247,1,0.45813690001502533,0.573117568626944,1,0.2579146929389598
ag-test-001248,1,0.8030801286072915,0.7513179589848252,1,0.2579146929389598
ag-test-001249,0,0.21621270074182317,0.22439941373254432,0,0.2579146929389598
ag-test-001250,0,0.0005222025968222888,0.0019502042171420566,0,0.2579146929389598
ag-test-001251,0,0.01888187610260394,0.03919233070100169,0,0.2579146929389598
ag-test-001252,0,0.009638436493471934,0.008136758263286371,0,0.2579146929389598
ag-test-001253,0,0.0010626551236981344,0.0010329454246160346,0,0.2579146929389598
ag-test-001254,0,0.06163410042632478,0.0641966655241855,0,0.2579146929389598
ag-test-001255,0,0.3617940466763833,0.53531288892859,1,0.2579146929389598
ag-test-001256,0,0.0013243148751745065,0.0011322866156664895,0,0.2579146929389598
ag-test-001257,0,0.0031557463075561603,0.00207988302541119,0,0.2579146929389598
ag-test-001258,0,0.03536431726200165,0.031032411965570415,0,0.2579146929389598
ag-test-001259,0,0.005955983087012055,0.0048180768938446234,0,0.2579146929389598
ag-test-001260,1,0.3556729827562419,0.299595513556982,1,0.2579146929389598
ag-test-001261,0,7.214815032106202e-05,6.0569204310998e-05,0,0.2579146929389598
ag-test-001262,0,0.006034559234629544,0.008871056332373816,0,0.2579146929389598
ag-test-001263,1,0.774985743351225,0.7459586629712095,1,0.2579146929389598
ag-test-001264,1,0.5870145699928507,0.6025007003197603,1,0.2579146929389598
ag-test-001265,0,0.013260832939873802,0.0027290357595740515,0,0.2579146929389598
ag-test-001266,0,0.08877080385755114,0.03411420640978076,0,0.2579146929389598
ag-test-001267,0,0.003950061756110024,0.007925063254658133,0,0.2579146929389598
ag-test-001268,0,0.07292771936611285,0.04038800614448319,0,0.2579146929389598
ag-test-001269,0,0.0012849426038928431,0.0021700531302990393,0,0.2579146929389598
ag-test-001270,0,0.0009437152276661749,0.001796792758489743,0,0.2579146929389598
ag-test-001271,0,0.0006880225108778029,0.0004869884730763941,0,0.2579146929389598
ag-test-001272,0,0.050324744754357595,0.10189463645675384,0,0.2579146929389598
ag-test-001273,0,0.00021510496100017647,0.000144015272341804,0,0.2579146929389598
ag-test-001274,0,0.0015392498859265284,0.0017740341263162976,0,0.2579146929389598
ag-test-001275,0,0.0013507718333196797,0.0022448193690778407,0,0.2579146929389598
ag-test-001276,0,0.002029657822433366,0.002248085882752999,0,0.2579146929389598
ag-test-001277,0,0.08478215706679945,0.03295514698220094,0,0.2579146929389598
ag-test-001278,0,0.03351925794055254,0.02048935621734744,0,0.2579146929389598
ag-test-001279,0,0.0027103746076750307,0.0036000807225077583,0,0.2579146929389598
ag-test-001280,0,9.520130271976124e-05,4.848316551834599e-05,0,0.2579146929389598
ag-test-001281,1,0.7443986190323941,0.6556639715622209,1,0.2579146929389598
ag-test-001282,0,0.09046815956144322,0.06071384035481176,0,0.2579146929389598
ag-test-001283,0,0.0015450795068785864,0.0017909856889410786,0,0.2579146929389598
ag-test-001284,0,0.019710228522869418,0.03846938198668542,0,0.2579146929389598
ag-test-001285,0,0.007143760363824133,0.0057862965599290135,0,0.2579146929389598
ag-test-001286,0,0.2778172605592628,0.16484612073532326,0,0.2579146929389598
ag-test-001287,0,0.009221689133752172,0.009648673003404475,0,0.2579146929389598
ag-test-001288,0,0.05103750114546894,0.0327055686880261,0,0.2579146929389598
ag-test-001289,0,0.008784256014104184,0.007552793053561117,0,0.2579146929389598
ag-test-001290,0,0.06570926819231158,0.11404538413791183,0,0.2579146929389598
ag-test-001291,0,0.004779586165849776,0.00540570081095537,0,0.2579146929389598
ag-test-001292,0,0.3071859656354323,0.5096009956283144,1,0.2579146929389598
ag-test-001293,0,0.0007986950017348332,0.0006194157230292191,0,0.2579146929389598
ag-test-001294,0,0.022989373514813984,0.027690133790615155,0,0.2579146929389598
ag-test-001295,0,0.002669116535877824,0.003907529409242018,0,0.2579146929389598
ag-test-001296,0,0.0870140116664661,0.010113483337620811,0,0.2579146929389598
ag-test-001297,0,0.006066228642936657,0.0069838110817368486,0,0.2579146929389598
ag-test-001298,0,0.004192829879115069,0.004566326654534404,0,0.2579146929389598
ag-test-001299,0,0.0013921153659162177,0.0007290145926582216,0,0.2579146929389598
ag-test-001300,0,0.00737904174031282,0.008657529438187973,0,0.2579146929389598
ag-test-001301,0,0.000266871946649797,0.00037441690986344937,0,0.2579146929389598
ag-test-001302,0,0.00847859021317793,0.01292004908200515,0,0.2579146929389598
ag-test-001303,0,0.0644951053769385,0.05178926152914154,0,0.2579146929389598
ag-test-001304,0,0.012077354103526018,0.007353497866450135,0,0.2579146929389598
ag-test-001305,0,0.028084448735115786,0.01840117666775479,0,0.2579146929389598
ag-test-001306,0,0.014381200185121117,0.010613303711315083,0,0.2579146929389598
ag-test-001307,0,0.010847012755216752,0.00770616968530644,0,0.2579146929389598
ag-test-001308,0,0.0062830175098180455,0.009025159042758964,0,0.2579146929389598
ag-test-001309,0,0.6787059125609336,0.5199307741126554,1,0.2579146929389598
ag-test-001310,0,0.00033300219315703913,0.00031259691763801457,0,0.2579146929389598
ag-test-001311,0,0.007271565406528617,0.009028694374177195,0,0.2579146929389598
ag-test-001312,0,0.09834990793786988,0.13581499325769172,0,0.2579146929389598
ag-test-001313,0,0.42916564609797164,0.42279507212810075,1,0.2579146929389598
ag-test-001314,0,0.03646290087803379,0.05309499403393296,0,0.2579146929389598
ag-test-001315,0,0.3698533992243764,0.17924399589033765,0,0.2579146929389598
ag-test-001316,0,0.0003912324433614854,0.000641838031077415,0,0.2579146929389598
ag-test-001317,0,0.01681448501626456,0.007044057331083397,0,0.2579146929389598
ag-test-001318,0,0.002421292117445749,0.001650660718983087,0,0.2579146929389598
ag-test-001319,0,0.004331891169126039,0.0032696634889216383,0,0.2579146929389598
ag-test-001320,0,0.0005379404257326095,0.00019918966846453292,0,0.2579146929389598
ag-test-001321,0,0.7931565219914026,0.712730739272903,1,0.2579146929389598
ag-test-001322,1,0.2670725369114456,0.06838922780586212,0,0.2579146929389598
ag-test-001323,0,0.08512774034991255,0.12462441320405417,0,0.2579146929389598
ag-test-001324,0,0.00022625328812211725,0.00023815639372285955,0,0.2579146929389598
ag-test-001325,0,0.224963610424001,0.5493942745981232,1,0.2579146929389598
ag-test-001326,0,0.0005803733411420157,0.0008444340668960857,0,0.2579146929389598
ag-test-001327,0,0.007649682642966707,0.0072922494208439315,0,0.2579146929389598
ag-test-001328,0,0.18884012168845327,0.27789853369367595,1,0.2579146929389598
ag-test-001329,0,0.0023995452844177744,0.015773226574406975,0,0.2579146929389598
ag-test-001330,0,0.06672294920106057,0.01991989305736486,0,0.2579146929389598
ag-test-001331,0,0.11254071920306813,0.14743620055570714,0,0.2579146929389598
ag-test-001332,0,0.002815916091716067,0.009271736375656663,0,0.2579146929389598
ag-test-001333,0,0.00043034984238445804,0.00042292830900928977,0,0.2579146929389598
ag-test-001334,0,0.012475308711933484,0.0068046301506527246,0,0.2579146929389598
ag-test-001335,0,0.09508711295555934,0.07486811770294564,0,0.2579146929389598
ag-test-001336,0,0.07525601132304435,0.1578786256804527,0,0.2579146929389598
ag-test-001337,0,0.03584744030134817,0.010084581643152856,0,0.2579146929389598
ag-test-001338,0,0.001450238534294103,0.001514790770844125,0,0.2579146929389598
ag-test-001339,0,0.00018329679479418007,0.00032586485315085127,0,0.2579146929389598
ag-test-001340,0,0.06726412237474214,0.045349644101204824,0,0.2579146929389598
ag-test-001341,1,0.1600738425970719,0.1285841671901618,0,0.2579146929389598
ag-test-001342,0,0.029502642749658366,0.02999443388962123,0,0.2579146929389598
ag-test-001343,0,0.3882975094256402,0.30375375380822744,1,0.2579146929389598
ag-test-001344,0,0.040253806520220085,0.03464538218271221,0,0.2579146929389598
ag-test-001345,0,0.02172798574360834,0.03411865617299645,0,0.2579146929389598
ag-test-001346,0,0.0051882667158752015,0.005217781918625286,0,0.2579146929389598
ag-test-001347,0,0.003680402666202223,0.0038565902538795476,0,0.2579146929389598
ag-test-001348,1,0.2040441958218479,0.32161922334901316,1,0.2579146929389598
ag-test-001349,0,0.00045675247983142003,0.0002905466914899598,0,0.2579146929389598
ag-test-001350,1,0.680559353741787,0.6532108616750655,1,0.2579146929389598
ag-test-001351,1,0.317098508074669,0.3307792214100475,1,0.2579146929389598
ag-test-001352,0,0.01601477906901697,0.00976964044101905,0,0.2579146929389598
ag-test-001353,0,0.6826527074358345,0.6365880365077914,1,0.2579146929389598
ag-test-001354,0,0.10036634240674547,0.04301502270011283,0,0.2579146929389598
ag-test-001355,0,0.0005788617695053754,0.0006170511318097606,0,0.2579146929389598
ag-test-001356,0,0.0869176391249281,0.0730521848406973,0,0.2579146929389598
ag-test-001357,0,0.0012824813408257437,0.0021388884170843113,0,0.2579146929389598
ag-test-001358,1,0.045615570185305605,0.1698752238194823,0,0.2579146929389598
ag-test-001359,0,0.02092179379535287,0.034570195011811314,0,0.2579146929389598
ag-test-001360,1,0.644902202586667,0.5355209800779138,1,0.2579146929389598
ag-test-001361,0,0.024863157959308924,0.028948968622175695,0,0.2579146929389598
ag-test-001362,0,0.014737161300882961,0.007124302461338194,0,0.2579146929389598
ag-test-001363,0,0.008170748792995028,0.009710470133916634,0,0.2579146929389598
ag-test-001364,0,0.011860841922856486,0.013101265069547289,0,0.2579146929389598
ag-test-001365,0,0.0018634442666548986,0.0014324064936964303,0,0.2579146929389598
ag-test-001366,0,0.0024608136033668635,0.0025673346867427873,0,0.2579146929389598
ag-test-001367,0,0.0048864180007811755,0.003437967239171473,0,0.2579146929389598
ag-test-001368,0,0.031123812594020108,0.06345960059258383,0,0.2579146929389598
ag-test-001369,0,0.6281864239715418,0.6348000100054864,1,0.2579146929389598
ag-test-001370,0,0.006025022488653661,0.010578710870719559,0,0.2579146929389598
ag-test-001371,0,0.04741030895008573,0.046450171873460934,0,0.2579146929389598
ag-test-001372,0,0.005957699895933864,0.0024744112271248573,0,0.2579146929389598
ag-test-001373,0,0.21213069932751355,0.14928399212534366,0,0.2579146929389598
ag-test-001374,0,0.024989849237480686,0.041968110981664315,0,0.2579146929389598
ag-test-001375,0,0.12803377801909993,0.19024794675997742,0,0.2579146929389598
ag-test-001376,0,0.007104057085148438,0.011248615414359968,0,0.2579146929389598
ag-test-001377,0,0.024710318294632792,0.012540840572765643,0,0.2579146929389598
ag-test-001378,0,0.0001755938116486072,0.00011369716379898535,0,0.2579146929389598
ag-test-001379,0,0.0028300188614755087,0.003982992142052317,0,0.2579146929389598
ag-test-001380,0,0.014641904238571233,0.011109258986329532,0,0.2579146929389598
ag-test-001381,0,0.03711158423545969,0.03883777310195023,0,0.2579146929389598
ag-test-001382,0,0.007569717092844023,0.008272378160856247,0,0.2579146929389598
ag-test-001383,0,0.013609454775157523,0.020664565584308937,0,0.2579146929389598
ag-test-001384,1,0.47209122789386254,0.5931196448981532,1,0.2579146929389598
ag-test-001385,0,0.017595682582472988,0.012218165785211232,0,0.2579146929389598
ag-test-001386,0,0.046587172485318996,0.013354575024810035,0,0.2579146929389598
ag-test-001387,0,0.0008511075734528673,0.0007564319062556862,0,0.2579146929389598
ag-test-001388,0,0.016408391770472253,0.013879030963033615,0,0.2579146929389598
ag-test-001389,0,0.021542271243501616,0.014189588003790483,0,0.2579146929389598
ag-test-001390,1,0.4331088538352861,0.2828192124876555,1,0.2579146929389598
ag-test-001391,0,0.03586417206071737,0.05341195819663738,0,0.2579146929389598
ag-test-001392,0,0.03901900532516604,0.007132083395866813,0,0.2579146929389598
ag-test-001393,1,0.7607063720167311,0.7609495302046713,1,0.2579146929389598
ag-test-001394,0,8.404568267420467e-05,0.00013335939506057369,0,0.2579146929389598
ag-test-001395,0,0.08563825449010912,0.028903913716189195,0,0.2579146929389598
ag-test-001396,0,0.0399045761356999,0.05135143471109423,0,0.2579146929389598
ag-test-001397,0,0.009222317448927996,0.007315861863981997,0,0.2579146929389598
ag-test-001398,1,0.6398971335732733,0.49247265346564545,1,0.2579146929389598
ag-test-001399,0,0.0003269629144611936,0.00023235733939486834,0,0.2579146929389598
ag-test-001400,0,0.7954880557384487,0.7043217828851058,1,0.2579146929389598
ag-test-001401,0,0.003479649677316074,0.003799288861375729,0,0.2579146929389598
ag-test-001402,0,0.025171642830143996,0.016949616272267445,0,0.2579146929389598
ag-test-001403,0,0.01147680156027625,0.009034578104088038,0,0.2579146929389598
ag-test-001404,0,0.004667256832638046,0.005382064172433087,0,0.2579146929389598
ag-test-001405,1,0.2365239641699826,0.3088087900912615,1,0.2579146929389598
ag-test-001406,1,0.4765664918185923,0.4885156174160497,1,0.2579146929389598
ag-test-001407,0,0.4665590518683364,0.26857779621057093,1,0.2579146929389598
ag-test-001408,0,0.043546171698637275,0.0347601116182636,0,0.2579146929389598
ag-test-001409,0,0.005590827351497978,0.0034841913794684456,0,0.2579146929389598
ag-test-001410,0,0.013752360697727591,0.013356499800904845,0,0.2579146929389598
ag-test-001411,0,0.0007317172871821595,0.0025747311340472236,0,0.2579146929389598
ag-test-001412,0,0.0002390379096277579,0.0001661295085420181,0,0.2579146929389598
ag-test-001413,0,0.008716721429894941,0.01031032852860889,0,0.2579146929389598
ag-test-001414,0,0.0015271595053206039,0.0029876920562385977,0,0.2579146929389598
ag-test-001415,1,0.4985774635242473,0.1600161839526678,0,0.2579146929389598
ag-test-001416,0,0.03282267995088504,0.01723941971628797,0,0.2579146929389598
ag-test-001417,0,0.009579162256708592,0.007532971229233088,0,0.2579146929389598
ag-test-001418,0,0.07520941796697053,0.06139947116901752,0,0.2579146929389598
ag-test-001419,0,0.010918982191683833,0.01562664743904932,0,0.2579146929389598
ag-test-001420,0,0.006422430212492477,0.009538467084456,0,0.2579146929389598
ag-test-001421,0,0.0025306375533170307,0.0026391910623866587,0,0.2579146929389598
ag-test-001422,0,0.00014927320929507642,0.00035653028219426695,0,0.2579146929389598
ag-test-001423,0,0.009877568957579606,0.013529961766400965,0,0.2579146929389598
ag-test-001424,0,0.02187714071155391,0.030333374488658246,0,0.2579146929389598
ag-test-001425,0,0.011671807368260014,0.015816622105278705,0,0.2579146929389598
ag-test-001426,0,0.01675387733366615,0.011879347445212966,0,0.2579146929389598
ag-test-001427,0,0.039538670511360605,0.01661348008278972,0,0.2579146929389598
ag-test-001428,0,0.1447270284640248,0.19544237621198307,0,0.2579146929389598
ag-test-001429,0,0.10239689650138972,0.2864471294950522,1,0.2579146929389598
ag-test-001430,1,0.38928648544038513,0.31728942576880864,1,0.2579146929389598
ag-test-001431,0,0.004852782512646833,0.0050309117842422145,0,0.2579146929389598
ag-test-001432,0,0.05042995447223967,0.04925482436092957,0,0.2579146929389598
ag-test-001433,0,0.001301101588711592,0.0018622674224963137,0,0.2579146929389598
ag-test-001434,0,0.0013713543500631148,0.0016144913975299979,0,0.2579146929389598
ag-test-001435,1,0.6458251195850558,0.638971682823703,1,0.2579146929389598
ag-test-001436,1,0.11301384879605215,0.02613706295261602,0,0.2579146929389598
ag-test-001437,0,0.00149956566497503,0.0023172254292395974,0,0.2579146929389598
ag-test-001438,0,0.01669849775914217,0.011166109347774044,0,0.2579146929389598
ag-test-001439,0,0.0018259924391399232,0.0012389489660480327,0,0.2579146929389598
ag-test-001440,0,0.006505981972827396,0.005308694556156428,0,0.2579146929389598
ag-test-001441,0,0.6238749965389978,0.5379261995942458,1,0.2579146929389598
ag-test-001442,1,0.4723577619944462,0.5058548776631601,1,0.2579146929389598
ag-test-001443,0,0.016511868630832358,0.018556204523529733,0,0.2579146929389598
ag-test-001444,0,0.03984340991151682,0.026252145340090644,0,0.2579146929389598
ag-test-001445,0,0.0016129926602528157,0.0021614922720330733,0,0.2579146929389598
ag-test-001446,0,0.0027939601018260435,0.0025397744026479357,0,0.2579146929389598
ag-test-001447,0,0.013729107482542318,0.01092718308088335,0,0.2579146929389598
ag-test-001448,0,0.06365038424868279,0.04641726161613742,0,0.2579146929389598
ag-test-001449,0,0.012223687979156527,0.014390142779847728,0,0.2579146929389598
ag-test-001450,0,0.010080886071561022,0.020342353609819327,0,0.2579146929389598
ag-test-001451,0,0.00507515668870017,0.0042257496214068825,0,0.2579146929389598
ag-test-001452,0,0.005303972908360566,0.002677334735199528,0,0.2579146929389598
ag-test-001453,0,0.26714349634951334,0.16599047744970727,0,0.2579146929389598
ag-test-001454,0,0.0007217261436932106,0.0007659806350017002,0,0.2579146929389598
ag-test-001455,1,0.48319694848817313,0.49701849239092133,1,0.2579146929389598
ag-test-001456,0,0.009644892696230763,0.008212509214273916,0,0.2579146929389598
ag-test-001457,0,0.022957814259538124,0.03397630282567462,0,0.2579146929389598
ag-test-001458,0,0.022819358059854696,0.025638208082070443,0,0.2579146929389598
ag-test-001459,0,0.11935658460240803,0.060884277787776615,0,0.2579146929389598
ag-test-001460,0,0.0007891213442580762,0.0009300470074336712,0,0.2579146929389598
ag-test-001461,0,0.004076190486424572,0.006247763168995764,0,0.2579146929389598
ag-test-001462,0,0.0294370493520716,0.03951374361503656,0,0.2579146929389598
ag-test-001463,0,0.008689055236870663,0.0077451708587042735,0,0.2579146929389598
ag-test-001464,0,0.013819220376195577,0.0160033102485469,0,0.2579146929389598
ag-test-001465,0,0.0002615670714066328,0.0006795486108379892,0,0.2579146929389598
ag-test-001466,0,0.001452730049106087,0.001128093819361261,0,0.2579146929389598
ag-test-001467,0,0.10105725183898864,0.05215039997691989,0,0.2579146929389598
ag-test-001468,0,0.3438212349299141,0.25786426968884085,0,0.2579146929389598
ag-test-001469,1,0.04376620984848341,0.12645031782449936,0,0.2579146929389598
ag-test-001470,0,0.06221828887940816,0.01580085583699801,0,0.2579146929389598
ag-test-001471,0,0.24421680410329474,0.20240766836848692,0,0.2579146929389598
ag-test-001472,0,0.05076253087819447,0.13754051230763015,0,0.2579146929389598
ag-test-001473,1,0.6544546508028577,0.6188372054096121,1,0.2579146929389598
ag-test-001474,0,0.013543571281463607,0.008839699025042348,0,0.2579146929389598
ag-test-001475,0,0.0007765327510115309,0.0012274274702147032,0,0.2579146929389598
ag-test-001476,0,0.004429661031979481,0.005287923261435863,0,0.2579146929389598
ag-test-001477,0,0.001971726513092041,0.0011806032252624488,0,0.2579146929389598
ag-test-001478,0,0.00030726599145681056,0.0003045043041768899,0,0.2579146929389598
ag-test-001479,0,0.49458386690425576,0.4294068824083694,1,0.2579146929389598
ag-test-001480,1,0.33997740388399617,0.524051887601376,1,0.2579146929389598
ag-test-001481,0,0.09420455064723321,0.13263030232863554,0,0.2579146929389598
ag-test-001482,0,0.009133548032665285,0.006322273825531984,0,0.2579146929389598
ag-test-001483,0,0.023246652871956906,0.06155101387925493,0,0.2579146929389598
ag-test-001484,0,0.00033211526957279227,0.00034893027357812425,0,0.2579146929389598
ag-test-001485,0,0.006174633424383791,0.009371700330411348,0,0.2579146929389598
ag-test-001486,0,0.005171727615887731,0.0035307015325104986,0,0.2579146929389598
ag-test-001487,0,0.00937997291405215,0.013659654099030758,0,0.2579146929389598
ag-test-001488,0,0.09705916564613978,0.17752772000498657,0,0.2579146929389598
ag-test-001489,0,0.04739853189728846,0.035155426864932594,0,0.2579146929389598
ag-test-001490,0,0.03598860807683584,0.03853260340600748,0,0.2579146929389598
ag-test-001491,0,0.010238537306275303,0.013503328881102354,0,0.2579146929389598
ag-test-001492,0,0.014148688208258056,0.015477269410772081,0,0.2579146929389598
ag-test-001493,0,0.001353427798576867,0.0022190657392350656,0,0.2579146929389598
ag-test-001494,0,0.03594597020034364,0.022004141527214603,0,0.2579146929389598
ag-test-001495,0,0.38340181743917623,0.5682628976369793,1,0.2579146929389598
ag-test-001496,0,0.004259083705620143,0.004439338918523253,0,0.2579146929389598
ag-test-001497,1,0.3293981675776192,0.17888173685844175,0,0.2579146929389598
ag-test-001498,0,0.2636187892096317,0.29321584627997443,1,0.2579146929389598
ag-test-001499,0,0.0012569183846379308,0.0013723638651507517,0,0.2579146929389598
ag-test-001500,0,0.003827757893445876,0.008628444892026734,0,0.2579146929389598
ag-test-001501,1,0.1418059789626116,0.21218507453604735,0,0.2579146929389598
ag-test-001502,0,0.003760463285560879,0.0026110346047477835,0,0.2579146929389598
ag-test-001503,0,0.09329563957936553,0.12735930564594228,0,0.2579146929389598
ag-test-001504,0,0.3424035186025896,0.26982416108388646,1,0.2579146929389598
ag-test-001505,0,0.04076707201279258,0.026395786203421364,0,0.2579146929389598
ag-test-001506,0,0.002299397371893377,0.0016950824336298392,0,0.2579146929389598
ag-test-001507,0,0.04441544793853178,0.06663676681444897,0,0.2579146929389598
ag-test-001508,0,0.4908541090034814,0.23530855551626195,0,0.2579146929389598
ag-test-001509,0,0.0013551687016675805,0.0008515550014537557,0,0.2579146929389598
ag-test-001510,0,0.0476169768056656,0.025636552837825805,0,0.2579146929389598
ag-test-001511,0,0.09858296316884842,0.09830256345002489,0,0.2579146929389598
ag-test-001512,0,0.4870079499088126,0.46330309133101727,1,0.2579146929389598
ag-test-001513,0,0.012619112455399867,0.015884350131803483,0,0.2579146929389598
ag-test-001514,0,0.0002259633859372554,0.0002013927887904656,0,0.2579146929389598
ag-test-001515,0,0.0019195713546255636,0.0029679920818760897,0,0.2579146929389598
ag-test-001516,0,0.0025957575541242653,0.006083447987255555,0,0.2579146929389598
ag-test-001517,0,0.03716192192093493,0.05196392146404119,0,0.2579146929389598
ag-test-001518,0,0.0035422569036346824,0.003242178864283753,0,0.2579146929389598
ag-test-001519,0,0.007277013670790561,0.006163744659723536,0,0.2579146929389598
ag-test-001520,0,0.004610684399072743,0.007025803610673375,0,0.2579146929389598
ag-test-001521,0,0.001854459293489941,0.004947652886956127,0,0.2579146929389598
ag-test-001522,0,0.03768383453597203,0.043745343261228094,0,0.2579146929389598
ag-test-001523,0,0.6161626448571211,0.634360212123965,1,0.2579146929389598
ag-test-001524,1,0.6775953685006454,0.6005793305192362,1,0.2579146929389598
ag-test-001525,1,0.5840938651893086,0.4212547270842609,1,0.2579146929389598
ag-test-001526,0,0.006566446050133624,0.0006883845184608227,0,0.2579146929389598
ag-test-001527,0,0.0022232584743959835,0.0016700163613955577,0,0.2579146929389598
ag-test-001528,0,0.020318945952884512,0.01727061048765568,0,0.2579146929389598
ag-test-001529,0,0.2936862068833337,0.03166369013811056,0,0.2579146929389598
ag-test-001530,0,0.0384238558788099,0.02474365281691399,0,0.2579146929389598
ag-test-001531,0,0.008851018759893671,0.009464404572239153,0,0.2579146929389598
ag-test-001532,0,0.01579397037282242,0.01561941441262373,0,0.2579146929389598
ag-test-001533,0,0.010047135334818434,0.006133009776228966,0,0.2579146929389598
ag-test-001534,0,0.009747743500498542,0.009252897430824728,0,0.2579146929389598
ag-test-001535,0,0.0025700981185900933,0.003013768189688491,0,0.2579146929389598
ag-test-001536,0,0.144107913845377,0.14383873868825545,0,0.2579146929389598
ag-test-001537,0,0.006981433343409851,0.007668358553412092,0,0.2579146929389598
ag-test-001538,0,0.00047529948768687845,0.0004687674091428575,0,0.2579146929389598
ag-test-001539,0,0.00034116702424466234,0.00034738602460838714,0,0.2579146929389598
ag-test-001540,0,0.0008210746907173053,0.00019905120796465085,0,0.2579146929389598
ag-test-001541,0,0.04501358083961577,0.05787159791743452,0,0.2579146929389598
ag-test-001542,0,0.5767533348963412,0.45966940941723927,1,0.2579146929389598
ag-test-001543,0,0.052246098494899786,0.0879614677263693,0,0.2579146929389598
ag-test-001544,0,0.14737413857686912,0.10066279034402982,0,0.2579146929389598
ag-test-001545,0,0.00020778222017788945,0.00015313886595681484,0,0.2579146929389598
ag-test-001546,0,0.014827635374088426,0.023790028911623795,0,0.2579146929389598
ag-test-001547,1,0.68766596660392,0.7064274161292391,1,0.2579146929389598
ag-test-001548,0,0.011987285516510272,0.006674207165672824,0,0.2579146929389598
ag-test-001549,1,0.5013594315696676,0.32468798196976767,1,0.2579146929389598
ag-test-001550,0,0.00776617864908587,0.00431476466736597,0,0.2579146929389598
ag-test-001551,0,0.0031337130147117242,0.003307999634633804,0,0.2579146929389598
ag-test-001552,0,0.009985684861417498,0.00929723807387401,0,0.2579146929389598
ag-test-001553,0,0.02557900499550387,0.032777584762232234,0,0.2579146929389598
ag-test-001554,0,0.005304955024978606,0.0007504449017790079,0,0.2579146929389598
ag-test-001555,1,0.5233510050307164,0.5503818214840768,1,0.2579146929389598
ag-test-001556,0,0.009829504544839576,0.0068194636505590185,0,0.2579146929389598
ag-test-001557,0,0.0029262540359170745,0.0044041180601021475,0,0.2579146929389598
ag-test-001558,0,0.0002956403858502118,0.00014918925096704327,0,0.2579146929389598
ag-test-001559,0,0.002545980065334937,0.0012337196367504448,0,0.2579146929389598
ag-test-001560,0,0.2090066778060254,0.022831908766777202,0,0.2579146929389598
ag-test-001561,0,0.010011209589098041,0.007797872636679421,0,0.2579146929389598
ag-test-001562,0,0.019589724409099337,0.019886204540795576,0,0.2579146929389598
ag-test-001563,0,0.01244430230891524,0.009965864946871076,0,0.2579146929389598
ag-test-001564,0,0.010229304371755182,0.008833101237765673,0,0.2579146929389598
ag-test-001565,0,0.01106147544288755,0.0067068051012747765,0,0.2579146929389598
ag-test-001566,0,0.004111526910238579,0.0017577532417982335,0,0.2579146929389598
ag-test-001567,0,0.00040876600062933336,0.00036201087730006073,0,0.2579146929389598
ag-test-001568,1,0.4981978260165523,0.42517923360134763,1,0.2579146929389598
ag-test-001569,1,0.3691144266548775,0.2914237184105271,1,0.2579146929389598
ag-test-001570,0,0.5081270700479468,0.5906054774046595,1,0.2579146929389598
ag-test-001571,0,0.016201459994457663,0.014389723959296752,0,0.2579146929389598
ag-test-001572,0,0.00015999215721132541,0.0002061307036224058,0,0.2579146929389598
ag-test-001573,0,0.00631047521710647,0.00903693743420453,0,0.2579146929389598
ag-test-001574,1,0.38893448582443685,0.32931589494964997,1,0.2579146929389598
ag-test-001575,0,0.006300388386925258,0.010079525917651516,0,0.2579146929389598
ag-test-001576,0,0.013607183279698194,0.01778498771045632,0,0.2579146929389598
ag-test-001577,0,0.0017382958515947935,0.002445393657147188,0,0.2579146929389598
ag-test-001578,1,0.6731154689737396,0.6783779688520871,1,0.2579146929389598
ag-test-001579,0,0.03324302609045104,0.020466312768439954,0,0.2579146929389598
ag-test-001580,0,0.09082806125643408,0.05395575927625353,0,0.2579146929389598
ag-test-001581,0,0.0455502942837375,0.05041823153961297,0,0.2579146929389598
ag-test-001582,0,0.5833799656007292,0.5728053086715,1,0.2579146929389598
ag-test-001583,0,0.09413770303636365,0.07769604447254559,0,0.2579146929389598
ag-test-001584,0,0.018531961833475167,0.007457519661159742,0,0.2579146929389598
ag-test-001585,0,0.013701665611183024,0.009082466358381955,0,0.2579146929389598
ag-test-001586,0,0.004529229519191355,0.008240932074889677,0,0.2579146929389598
ag-test-001587,0,0.0029223427000321703,0.0035672457492945805,0,0.2579146929389598
ag-test-001588,0,0.0509543953469658,0.036795409443246066,0,0.2579146929389598
ag-test-001589,1,0.4127706974976346,0.11279513637401288,0,0.2579146929389598
ag-test-001590,0,0.014742833288593942,0.013682090068766,0,0.2579146929389598
ag-test-001591,0,0.0023648082746845797,0.0012427378916500056,0,0.2579146929389598
ag-test-001592,0,0.011065313021009935,0.012962845783777911,0,0.2579146929389598
ag-test-001593,0,0.021577398655695055,0.0182715275993351,0,0.2579146929389598
ag-test-001594,0,0.024445604613836755,0.039122760691475446,0,0.2579146929389598
ag-test-001595,0,0.015408685360349941,0.01851186880683594,0,0.2579146929389598
ag-test-001596,0,0.004464703221711031,0.003367233898977301,0,0.2579146929389598
ag-test-001597,0,0.09712984612947985,0.02320528230699492,0,0.2579146929389598
ag-test-001598,0,0.010791717582125507,0.0070052988131976985,0,0.2579146929389598
ag-test-001599,0,0.003919637591234195,0.0033135689057318144,0,0.2579146929389598
ag-test-001600,0,0.005249700077994179,0.00811789147124133,0,0.2579146929389598
ag-test-001601,1,0.3547002443070148,0.20087647329457295,0,0.2579146929389598
ag-test-001602,0,0.10642083197543763,0.060173047645387355,0,0.2579146929389598
ag-test-001603,0,0.3659848557761389,0.08331733058063964,0,0.2579146929389598
ag-test-001604,0,0.0004898646195822587,0.0005887621101220033,0,0.2579146929389598
ag-test-001605,0,0.021114810768582157,0.013829144144836323,0,0.2579146929389598
ag-test-001606,0,0.0818374615762452,0.058760310779075536,0,0.2579146929389598
ag-test-001607,0,0.001601352499429592,0.00247965310017868,0,0.2579146929389598
ag-test-001608,0,0.013059811629856448,0.015846269208032396,0,0.2579146929389598
ag-test-001609,0,0.0005207103283710354,0.00030575572746058423,0,0.2579146929389598
ag-test-001610,0,0.03214227675598528,0.032658535318939565,0,0.2579146929389598
ag-test-001611,0,0.029898675495684163,0.019752347557453934,0,0.2579146929389598
ag-test-001612,0,0.006208567367583123,0.006383505379389066,0,0.2579146929389598
ag-test-001613,0,0.026041412241017848,0.04065284861631024,0,0.2579146929389598
ag-test-001614,0,0.16887601522412196,0.1584817453177166,0,0.2579146929389598
ag-test-001615,0,0.4813613574301995,0.19365555151959818,0,0.2579146929389598
ag-test-001616,0,0.012164236476299464,0.015780770448401846,0,0.2579146929389598
ag-test-001617,1,0.1743226719857372,0.1939469923611516,0,0.2579146929389598
ag-test-001618,0,7.302217243982169e-05,0.00010394534082663888,0,0.2579146929389598
ag-test-001619,1,0.5965989383562443,0.6644465659867106,1,0.2579146929389598
ag-test-001620,0,0.00044418578724382595,0.0004337716355957038,0,0.2579146929389598
ag-test-001621,1,0.7375521272459855,0.7269474037214051,1,0.2579146929389598
ag-test-001622,0,0.004638027358944108,0.0037762295811252355,0,0.2579146929389598
ag-test-001623,0,0.049498939973728666,0.047882215145864854,0,0.2579146929389598
ag-test-001624,0,0.022432058883929264,0.02918075517839395,0,0.2579146929389598
ag-test-001625,0,0.01258178577028637,0.015264288415085587,0,0.2579146929389598
ag-test-001626,0,0.003369775176295509,0.0016282989659214475,0,0.2579146929389598
ag-test-001627,0,0.4853443595617684,0.15325317088625762,0,0.2579146929389598
ag-test-001628,0,7.56424198302863e-05,7.677311148126589e-05,0,0.2579146929389598
ag-test-001629,0,0.006979396110121309,0.057318555241560085,0,0.2579146929389598
ag-test-001630,0,0.0013265174887104375,0.001443269675509329,0,0.2579146929389598
ag-test-001631,0,0.005863196240931703,0.008568758236824434,0,0.2579146929389598
ag-test-001632,0,0.02379068777475973,0.02457645408180891,0,0.2579146929389598
ag-test-001633,0,0.05247537913148702,0.04854383895136003,0,0.2579146929389598
ag-test-001634,0,0.0005884546389788238,0.0004109390842855346,0,0.2579146929389598
ag-test-001635,0,0.004300901028913152,0.0035984238013105495,0,0.2579146929389598
ag-test-001636,0,0.2418771494542108,0.17984273523786345,0,0.2579146929389598
ag-test-001637,1,0.5957726867636054,0.3579606886432011,1,0.2579146929389598
ag-test-001638,0,0.016978145121146128,0.014118191824439678,0,0.2579146929389598
ag-test-001639,0,0.002040537008968601,0.0014594429774728536,0,0.2579146929389598
ag-test-001640,0,0.008651911534870908,0.005147549227049841,0,0.2579146929389598
ag-test-001641,0,0.06885777756189085,0.04778647593510086,0,0.2579146929389598
ag-test-001642,0,0.00665287459626328,0.01435402922472857,0,0.2579146929389598
ag-test-001643,0,0.0862671368706142,0.13654336757926003,0,0.2579146929389598
ag-test-001644,0,0.0009881202556992381,0.0015152175990224808,0,0.2579146929389598
ag-test-001645,0,0.3103665938676343,0.287978324098187,1,0.2579146929389598
ag-test-001646,0,0.008455150774002036,0.016163328664908334,0,0.2579146929389598
ag-test-001647,0,0.014023941521973884,0.042082294632354,0,0.2579146929389598
ag-test-001648,1,0.5461404388009968,0.34947615517065594,1,0.2579146929389598
ag-test-001649,0,0.007952877335155047,0.006579242709894532,0,0.2579146929389598
ag-test-001650,0,0.000816323218870757,0.0010289564164108103,0,0.2579146929389598
ag-test-001651,0,0.0011702713517401542,0.0010207586768771367,0,0.2579146929389598
ag-test-001652,0,0.0005517753095487524,0.000990485383708341,0,0.2579146929389598
ag-test-001653,0,0.005437662468256638,0.003433219037455384,0,0.2579146929389598
ag-test-001654,0,0.02423124398580837,0.01892894616896186,0,0.2579146929389598
ag-test-001655,0,0.02686984571850344,0.026696187540546205,0,0.2579146929389598
ag-test-001656,1,0.3279867582958985,0.25623452947824293,0,0.2579146929389598
ag-test-001657,0,0.007281865420838502,0.004519262002936604,0,0.2579146929389598
ag-test-001658,0,0.02674303931586638,0.030293433120127156,0,0.2579146929389598
ag-test-001659,0,0.0035865941687509067,0.003873057849177617,0,0.2579146929389598
ag-test-001660,0,0.0012592003065314613,0.001126424593611578,0,0.2579146929389598
ag-test-001661,0,0.0002910756421432332,0.00022784666088131528,0,0.2579146929389598
ag-test-001662,0,0.000594149962757494,0.0012586853756085751,0,0.2579146929389598
ag-test-001663,1,0.558588719351281,0.4963655626120009,1,0.2579146929389598
ag-test-001664,0,0.004090997390485312,0.005063108240748146,0,0.2579146929389598
ag-test-001665,0,0.0055953391837115654,0.0018619793119545116,0,0.2579146929389598
ag-test-001666,0,0.009378328720556642,0.00848500152796957,0,0.2579146929389598
ag-test-001667,0,0.000510497641285148,0.00037810634175738743,0,0.2579146929389598
ag-test-001668,0,0.001813421899646404,0.0017964823429082125,0,0.2579146929389598
ag-test-001669,0,0.015768822889923585,0.013086440803055634,0,0.2579146929389598
ag-test-001670,1,0.5667894413894523,0.2959030094356642,1,0.2579146929389598
ag-test-001671,1,0.6218751711717272,0.5011179986632746,1,0.2579146929389598
ag-test-001672,0,0.0004214840898153717,0.0014136178895163625,0,0.2579146929389598
ag-test-001673,0,0.10638731168304152,0.07304148827179328,0,0.2579146929389598
ag-test-001674,0,0.004141189019557183,0.002618519133631054,0,0.2579146929389598
ag-test-001675,0,0.00454813105306188,0.007296518125862996,0,0.2579146929389598
ag-test-001676,0,0.041652920351230624,0.0368982838385692,0,0.2579146929389598
ag-test-001677,0,0.0010560172684987185,0.0016464696266342527,0,0.2579146929389598
ag-test-001678,0,0.00474685337966917,0.006998713899169897,0,0.2579146929389598
ag-test-001679,1,0.49017200954143947,0.4379021299692006,1,0.2579146929389598
ag-test-001680,0,0.0012468882368529173,0.001059893875346949,0,0.2579146929389598
ag-test-001681,0,0.10203559486932035,0.026161262497924297,0,0.2579146929389598
ag-test-001682,0,0.0075645781978437715,0.014155954821392008,0,0.2579146929389598
ag-test-001683,0,0.0023176355374154296,0.0012615054275635514,0,0.2579146929389598
ag-test-001684,0,0.052233309915746956,0.03242902110632,0,0.2579146929389598
ag-test-001685,1,0.1753422742686719,0.10330980737974951,0,0.2579146929389598
ag-test-001686,0,0.026366747574690937,0.03137392516007615,0,0.2579146929389598
ag-test-001687,1,0.7336076597034068,0.7045807774725099,1,0.2579146929389598
ag-test-001688,0,0.047891395864589854,0.02204214184774391,0,0.2579146929389598
ag-test-001689,0,0.15823857743816908,0.08188689118379994,0,0.2579146929389598
ag-test-001690,1,0.335573665252992,0.09372976763716667,0,0.2579146929389598
ag-test-001691,0,0.0003072345812790706,0.00027687964263565785,0,0.2579146929389598
ag-test-001692,0,0.0013920185393117553,0.0024196608651474052,0,0.2579146929389598
ag-test-001693,0,0.09175979511585201,0.07556325907759705,0,0.2579146929389598
ag-test-001694,0,0.05837801240434854,0.021392913374271766,0,0.2579146929389598
ag-test-001695,0,0.038063425058011684,0.021873612929707312,0,0.2579146929389598
ag-test-001696,0,0.0250404772165047,0.023043220288962867,0,0.2579146929389598
ag-test-001697,0,0.03446516140871306,0.022676150201900634,0,0.2579146929389598
ag-test-001698,0,0.01226784719254653,0.038145117106928056,0,0.2579146929389598
ag-test-001699,1,0.6704108365031928,0.6434251787340955,1,0.2579146929389598
ag-test-001700,0,0.004464689197045868,0.005052579194637316,0,0.2579146929389598
ag-test-001701,0,0.03750874313158521,0.08311646240136401,0,0.2579146929389598
ag-test-001702,0,0.43736297773792615,0.21088697068701406,0,0.2579146929389598
ag-test-001703,0,0.008439303930267724,0.009610429741126419,0,0.2579146929389598
ag-test-001704,0,0.0008933581366452561,0.0008310437575518661,0,0.2579146929389598
ag-test-001705,0,0.0023182767356034594,0.002362408033663956,0,0.2579146929389598
ag-test-001706,0,0.20557627039506882,0.11894181626445342,0,0.2579146929389598
ag-test-001707,0,0.05271906480992153,0.04894926746018251,0,0.2579146929389598
ag-test-001708,0,0.01051620134777378,0.01794975410726196,0,0.2579146929389598
ag-test-001709,0,0.0005505500661312075,0.0004292440759799739,0,0.2579146929389598
ag-test-001710,0,0.43925069364072167,0.38909741528454517,1,0.2579146929389598
ag-test-001711,0,0.006717800915621371,0.0032150820133852467,0,0.2579146929389598
ag-test-001712,0,0.0019947933251065683,0.002495306654677609,0,0.2579146929389598
ag-test-001713,0,0.00010970172400621872,0.0001805981923133784,0,0.2579146929389598
ag-test-001714,0,0.027035053327824205,0.027080303158466365,0,0.2579146929389598
ag-test-001715,0,0.005516869900953286,0.006270244558341829,0,0.2579146929389598
ag-test-001716,0,0.01208344385849281,0.037657476736970584,0,0.2579146929389598
ag-test-001717,1,0.4553021107150713,0.5121280257861834,1,0.2579146929389598
ag-test-001718,0,0.014503170159747754,0.02793820957925646,0,0.2579146929389598
ag-test-001719,0,0.001988797435288999,0.0020615266949621895,0,0.2579146929389598
ag-test-001720,0,0.0002917404854324379,0.0005406059824801477,0,0.2579146929389598
ag-test-001721,0,0.002838648617524976,0.002952703063838515,0,0.2579146929389598
ag-test-001722,0,0.0070737551430455755,0.004906695895329425,0,0.2579146929389598
ag-test-001723,0,0.4018078427646078,0.3628843545818605,1,0.2579146929389598
ag-test-001724,0,0.0015442149147044284,0.001552584751104052,0,0.2579146929389598
ag-test-001725,0,0.19466210446822443,0.16639630371198533,0,0.2579146929389598
ag-test-001726,0,0.009925566666686076,0.005652109259869895,0,0.2579146929389598
ag-test-001727,0,7.239364561942746e-05,6.567131697404368e-05,0,0.2579146929389598
ag-test-001728,0,0.002590990978609983,0.004172944931892727,0,0.2579146929389598
ag-test-001729,0,0.013561518969435317,0.008984032233753892,0,0.2579146929389598
ag-test-001730,1,0.47990111784105804,0.4037610682989947,1,0.2579146929389598
ag-test-001731,0,0.049004980902896546,0.01686653821788989,0,0.2579146929389598
ag-test-001732,1,0.29624757602124396,0.4936663412148859,1,0.2579146929389598
ag-test-001733,0,0.022320861125063977,0.019973020474969506,0,0.2579146929389598
ag-test-001734,0,0.002385416329344911,0.0026633716914759276,0,0.2579146929389598
ag-test-001735,0,0.004830412530132215,0.004957448208915979,0,0.2579146929389598
ag-test-001736,0,0.045888326786212574,0.036272096420456465,0,0.2579146929389598
ag-test-001737,0,0.06775509601142414,0.04661487064756635,0,0.2579146929389598
ag-test-001738,0,0.003175379780243758,0.001667393326463609,0,0.2579146929389598
ag-test-001739,0,0.008190130796368107,0.00928073495354302,0,0.2579146929389598
ag-test-001740,0,0.004770118879064522,0.004106227788621573,0,0.2579146929389598
ag-test-001741,0,0.0051071800461123945,0.00610315450623537,0,0.2579146929389598
ag-test-001742,1,0.7164238386034483,0.5853872365225266,1,0.2579146929389598
ag-test-001743,0,0.004058008022517354,0.005945197626139303,0,0.2579146929389598
ag-test-001744,0,0.01273764868337513,0.01635388135876999,0,0.2579146929389598
ag-test-001745,0,0.002920010274871635,0.0032025523157065195,0,0.2579146929389598
ag-test-001746,0,0.000502091136090077,0.0007579951952443697,0,0.2579146929389598
ag-test-001747,1,0.518471351180381,0.2823733276071579,1,0.2579146929389598
ag-test-001748,0,0.582124317068064,0.5483196139643332,1,0.2579146929389598
ag-test-001749,0,0.0148088202866694,0.016240624182928706,0,0.2579146929389598
ag-test-001750,0,0.0016270559873228947,0.0017986614723564016,0,0.2579146929389598
ag-test-001751,0,0.018472475787729103,0.0231042157225658,0,0.2579146929389598
ag-test-001752,0,0.05737316555538998,0.022790148857942522,0,0.2579146929389598
ag-test-001753,0,0.02172139490300622,0.014130049967488704,0,0.2579146929389598
ag-test-001754,0,0.28082056558334456,0.2874513969374427,1,0.2579146929389598
ag-test-001755,0,0.006495276590273131,0.004221089729581967,0,0.2579146929389598
ag-test-001756,0,0.008041941222581103,0.007129909464494982,0,0.2579146929389598
ag-test-001757,0,0.00620293310274318,0.007266615498812988,0,0.2579146929389598
ag-test-001758,0,0.03312771131567304,0.020036890971305458,0,0.2579146929389598
ag-test-001759,0,0.011881772619172613,0.00997823607256938,0,0.2579146929389598
ag-test-001760,0,0.0003581261382263961,0.0007764654905799894,0,0.2579146929389598
ag-test-001761,0,0.049967623627515494,0.10954214844423084,0,0.2579146929389598
ag-test-001762,0,0.3144214843980596,0.030325802180840102,0,0.2579146929389598
ag-test-001763,0,0.00014926622205899882,0.00016633056249202568,0,0.2579146929389598
ag-test-001764,0,0.040913213970802616,0.054359441836130534,0,0.2579146929389598
ag-test-001765,0,0.0011387091879734392,0.001168390112983564,0,0.2579146929389598
ag-test-001766,0,0.008677884448137956,0.011474376807151156,0,0.2579146929389598
ag-test-001767,0,0.03351435466895171,0.03210247910203795,0,0.2579146929389598
ag-test-001768,0,0.00012616398758995504,0.0009389733215600814,0,0.2579146929389598
ag-test-001769,0,0.0026034005044660697,0.003513954502232041,0,0.2579146929389598
ag-test-001770,0,0.06772256995577478,0.050536990574134556,0,0.2579146929389598
ag-test-001771,0,0.012071960921251677,0.013430780891211866,0,0.2579146929389598
ag-test-001772,0,0.007332424469245258,0.015171236104827027,0,0.2579146929389598
ag-test-001773,1,0.24037489448827282,0.11403398939944427,0,0.2579146929389598
ag-test-001774,0,0.01126222902860945,0.014743256049218209,0,0.2579146929389598
ag-test-001775,0,0.012715046589492473,0.013113365591356565,0,0.2579146929389598
ag-test-001776,0,0.5102986051150363,0.34372789707988777,1,0.2579146929389598
ag-test-001777,0,0.013735728914868687,0.022354154923677746,0,0.2579146929389598
ag-test-001778,0,0.0059345131106251035,0.008995749781106645,0,0.2579146929389598
ag-test-001779,0,0.001333858146021656,0.0015311733394609568,0,0.2579146929389598
ag-test-001780,0,0.0006606076320520031,0.0004962249138459589,0,0.2579146929389598
ag-test-001781,0,0.0024912712783827285,0.00609247238842811,0,0.2579146929389598
ag-test-001782,1,0.38960948992384997,0.32208230119995285,1,0.2579146929389598
ag-test-001783,0,0.00282861552742414,0.0038700144895248627,0,0.2579146929389598
ag-test-001784,0,0.014800480001524697,0.019591172891344977,0,0.2579146929389598
ag-test-001785,0,0.0034097727824365202,0.0055778625871614335,0,0.2579146929389598
ag-test-001786,0,0.00010232754471091943,0.00024868850019891256,0,0.2579146929389598
ag-test-001787,0,0.3380602631709891,0.03004358847737877,0,0.2579146929389598
ag-test-001788,0,0.044307304168728044,0.04828931383972098,0,0.2579146929389598
ag-test-001789,0,0.00040246147651892524,0.00023875576527733114,0,0.2579146929389598
ag-test-001790,0,0.0013192857424880204,0.0012678722178346869,0,0.2579146929389598
ag-test-001791,0,0.04545299013438182,0.028420127766252908,0,0.2579146929389598
ag-test-001792,0,0.07726842682733641,0.04871098306502742,0,0.2579146929389598
ag-test-001793,0,0.02273385189729428,0.10132224562321272,0,0.2579146929389598
ag-test-001794,0,0.0009708968930651936,0.0009156770686003449,0,0.2579146929389598
ag-test-001795,0,0.05681370570747,0.02426873518475329,0,0.2579146929389598
ag-test-001796,1,0.7372993549469973,0.6948854217210757,1,0.2579146929389598
ag-test-001797,0,0.0008277851354724549,0.0025844756824863007,0,0.2579146929389598
ag-test-001798,0,0.009227275125520967,0.005737482030938607,0,0.2579146929389598
ag-test-001799,0,0.02863779265972055,0.030017566450426615,0,0.2579146929389598
ag-test-001800,1,0.6840406599279619,0.5729513801538981,1,0.2579146929389598
ag-test-001801,0,0.0020664130710731747,0.0010654444714374997,0,0.2579146929389598
ag-test-001802,0,0.004890584379574671,0.00475021624830846,0,0.2579146929389598
ag-test-001803,0,0.002247921175346709,0.004773558114599069,0,0.2579146929389598
ag-test-001804,0,0.3690748229067992,0.3862027969887311,1,0.2579146929389598
ag-test-001805,0,0.0225476152943338,0.022014822476435096,0,0.2579146929389598
ag-test-001806,0,0.0037323345943377937,0.0025574018842603437,0,0.2579146929389598
ag-test-001807,0,0.8017099755978773,0.6929756830076162,1,0.2579146929389598
ag-test-001808,0,0.19627062479483662,0.1474271322004595,0,0.2579146929389598
ag-test-001809,0,0.005289915112630162,0.0022806101614311117,0,0.2579146929389598
ag-test-001810,1,0.6313402939385434,0.3931827561161613,1,0.2579146929389598
ag-test-001811,0,0.35834675396063037,0.2657876328023891,1,0.2579146929389598
ag-test-001812,0,0.11756499699407287,0.2917563789038264,1,0.2579146929389598
ag-test-001813,1,0.15628350965111398,0.2606611938102333,1,0.2579146929389598
ag-test-001814,0,0.027957969890732997,0.022163304458187576,0,0.2579146929389598
ag-test-001815,0,0.041236327634637186,0.036706781928918304,0,0.2579146929389598
ag-test-001816,0,0.017835153133278575,0.01459889539111878,0,0.2579146929389598
ag-test-001817,0,0.007055447499159511,0.010925968965074171,0,0.2579146929389598
ag-test-001818,0,0.0006122020053684595,0.0008984838554388511,0,0.2579146929389598
ag-test-001819,0,0.0014030659091740169,0.00103466884026655,0,0.2579146929389598
ag-test-001820,0,0.00012087691775010546,0.00020114209264192386,0,0.2579146929389598
ag-test-001821,0,0.006987727100013557,0.008772350938521209,0,0.2579146929389598
ag-test-001822,0,0.005772794899255764,0.009927791631659579,0,0.2579146929389598
ag-test-001823,0,0.021519891446717725,0.032365595310519676,0,0.2579146929389598
ag-test-001824,0,0.00021682604480506636,0.00020480925175822472,0,0.2579146929389598
ag-test-001825,0,0.0006125938741795184,0.0004984736298269026,0,0.2579146929389598
ag-test-001826,0,0.0017268772355898245,0.001351540339308462,0,0.2579146929389598
ag-test-001827,0,0.034236669400414275,0.03267435640382125,0,0.2579146929389598
ag-test-001828,0,0.002577729668674308,0.004603682140245008,0,0.2579146929389598
ag-test-001829,0,0.11611440573811502,0.09973351289880378,0,0.2579146929389598
ag-test-001830,0,0.006414413496032887,0.001682181097645484,0,0.2579146929389598
ag-test-001831,0,0.0091335087601838,0.0093718962887254,0,0.2579146929389598
ag-test-001832,0,0.008483042463528169,0.042436804590587636,0,0.2579146929389598
ag-test-001833,0,0.015177392799322136,0.01318592752504587,0,0.2579146929389598
ag-test-001834,0,0.040148756087006646,0.0198328045154955,0,0.2579146929389598
ag-test-001835,0,0.0008204657352220224,0.0019775117002855925,0,0.2579146929389598
ag-test-001836,0,0.024858324776260644,0.021342447480641312,0,0.2579146929389598
ag-test-001837,0,0.11134782319509226,0.09337260737663673,0,0.2579146929389598
ag-test-001838,0,0.0010028146776779633,0.0017807517479140197,0,0.2579146929389598
ag-test-001839,0,0.004145545932432576,0.0021991121754020766,0,0.2579146929389598
ag-test-001840,0,0.010957986567981708,0.018829829792554504,0,0.2579146929389598
ag-test-001841,1,0.1068889754730442,0.27169473512138276,1,0.2579146929389598
ag-test-001842,0,0.004908241799510416,0.005086527171002278,0,0.2579146929389598
ag-test-001843,1,0.5984963137483139,0.5814314796317278,1,0.2579146929389598
ag-test-001844,0,0.0024812533849602734,0.0017971151333763021,0,0.2579146929389598
ag-test-001845,0,0.0004848272720625022,0.0009218476253600636,0,0.2579146929389598
ag-test-001846,0,0.03233738836223666,0.04094784434270097,0,0.2579146929389598
ag-test-001847,0,0.001219096757731122,0.0015361534732778966,0,0.2579146929389598
ag-test-001848,0,0.5279242020580205,0.08835608954473204,0,0.2579146929389598
ag-test-001849,0,0.02205739747532719,0.016523719548849142,0,0.2579146929389598
ag-test-001850,0,0.0008655374308415285,0.0007379152595935787,0,0.2579146929389598
ag-test-001851,1,0.787152194063901,0.6362653652021517,1,0.2579146929389598
ag-test-001852,0,0.0017058494098362575,0.0019556758954945917,0,0.2579146929389598
ag-test-001853,0,0.03114324016518159,0.02193831243430078,0,0.2579146929389598
ag-test-001854,0,0.0004787716788530147,0.0002667914488291236,0,0.2579146929389598
ag-test-001855,0,0.0006762183206802043,0.0007666286757371186,0,0.2579146929389598
ag-test-001856,0,0.0028461155084386134,0.003608925986089203,0,0.2579146929389598
ag-test-001857,1,0.7650427015801112,0.7121211755942967,1,0.2579146929389598
ag-test-001858,0,0.0015450795068785864,0.0017909856889410786,0,0.2579146929389598
ag-test-001859,0,0.0009209362817773214,0.0009022639031807754,0,0.2579146929389598
ag-test-001860,0,0.2908659580700758,0.28842863066248753,1,0.2579146929389598
ag-test-001861,0,0.01736342652780563,0.014940737872794662,0,0.2579146929389598
ag-test-001862,0,0.011184185909737335,0.011137475699499784,0,0.2579146929389598
ag-test-001863,0,0.005114607219360429,0.0016698197333708672,0,0.2579146929389598
ag-test-001864,0,0.33078098966595054,0.2520170571146875,0,0.2579146929389598
ag-test-001865,0,7.889123046934414e-05,7.742358385618179e-05,0,0.2579146929389598
ag-test-001866,0,0.006691467487665236,0.010438107064370905,0,0.2579146929389598
ag-test-001867,0,0.0048991166345435325,0.008467986549323094,0,0.2579146929389598
ag-test-001868,0,0.03290691871960182,0.025466135223311422,0,0.2579146929389598
ag-test-001869,0,0.00673118669326381,0.004694010201119487,0,0.2579146929389598
ag-test-001870,1,0.6150457037196596,0.7247208205148019,1,0.2579146929389598
ag-test-001871,0,0.06267689280043681,0.09383829647867546,0,0.2579146929389598
ag-test-001872,0,0.04715041327302711,0.08583847832678451,0,0.2579146929389598
ag-test-001873,0,0.03732666324252177,0.02260360952669947,0,0.2579146929389598
ag-test-001874,0,0.0013974829667008325,0.002214771112279713,0,0.2579146929389598
ag-test-001875,0,0.03430270942334349,0.02327676197518373,0,0.2579146929389598
ag-test-001876,0,0.02422204849218609,0.014558294840147859,0,0.2579146929389598
ag-test-001877,0,0.005204433891550305,0.003690315344540926,0,0.2579146929389598
ag-test-001878,0,0.002838648617524976,0.002952703063838515,0,0.2579146929389598
ag-test-001879,0,0.12628789822021233,0.1981245378075163,0,0.2579146929389598
ag-test-001880,0,0.14295309550571192,0.1634827649520819,0,0.2579146929389598
ag-test-001881,0,0.0015296999296667954,0.0005329160573432519,0,0.2579146929389598
ag-test-001882,0,0.006263951649914986,0.005594932768521676,0,0.2579146929389598
ag-test-001883,0,0.5616423194172256,0.14992612278465473,0,0.2579146929389598
ag-test-001884,0,0.008829380313628758,0.03518036232184946,0,0.2579146929389598
ag-test-001885,0,0.00029817235545329254,0.0005733474601630981,0,0.2579146929389598
ag-test-001886,0,0.006781062068733072,0.004128108610608038,0,0.2579146929389598
ag-test-001887,0,0.055143601825220434,0.03662967394748188,0,0.2579146929389598
ag-test-001888,0,0.027141148620029202,0.019542478302231974,0,0.2579146929389598
ag-test-001889,0,0.007280465090794246,0.007721449730405828,0,0.2579146929389598
ag-test-001890,0,0.060718279515188586,0.03576163303282129,0,0.2579146929389598
ag-test-001891,0,0.017754193709935674,0.022075965576822024,0,0.2579146929389598
ag-test-001892,0,0.0009889149042641987,0.0005939987084749858,0,0.2579146929389598
ag-test-001893,0,0.026329347834533518,0.08164055191209829,0,0.2579146929389598
ag-test-001894,0,0.0853172445799173,0.04637406171167059,0,0.2579146929389598
ag-test-001895,0,0.09052661434117201,0.050034899552033635,0,0.2579146929389598
ag-test-001896,0,0.0005063299795327483,0.00022713844798464007,0,0.2579146929389598
ag-test-001897,1,0.6352346368819615,0.4820862544175178,1,0.2579146929389598
ag-test-001898,0,0.028429188738930865,0.049684048263146985,0,0.2579146929389598
ag-test-001899,0,0.5994885405692367,0.5982417753032292,1,0.2579146929389598
ag-test-001900,1,0.7069714059817446,0.35233422637909795,1,0.2579146929389598
ag-test-001901,0,0.04205135132362894,0.020460023145459957,0,0.2579146929389598
ag-test-001902,0,0.001436544766880417,0.002932645258771658,0,0.2579146929389598
ag-test-001903,0,0.0743022808806351,0.017608972390874483,0,0.2579146929389598
ag-test-001904,0,0.0383161075464802,0.01789714188106285,0,0.2579146929389598
ag-test-001905,0,0.00027453736998733606,0.00028047283409391143,0,0.2579146929389598
ag-test-001906,0,0.4865452900393147,0.42693460036971725,1,0.2579146929389598
ag-test-001907,0,0.0031940561029579558,0.0041449986269940405,0,0.2579146929389598
ag-test-001908,0,0.0011038665683740204,0.00362350037338634,0,0.2579146929389598
ag-test-001909,0,0.1314216468213419,0.15646467930927405,0,0.2579146929389598
ag-test-001910,1,0.7671864185148132,0.5937281433834033,1,0.2579146929389598
ag-test-001911,1,0.10606932187559966,0.13062661275422574,0,0.2579146929389598
ag-test-001912,0,0.00013856944698576379,0.00025800258855792095,0,0.2579146929389598
ag-test-001913,0,0.0042453852485387945,0.00542628627911234,0,0.2579146929389598
ag-test-001914,0,0.007864056929803395,0.006156873275899552,0,0.2579146929389598
ag-test-001915,0,0.006544455397614537,0.009025981372584497,0,0.2579146929389598
ag-test-001916,0,0.01378977826661456,0.014179445670094883,0,0.2579146929389598
ag-test-001917,1,0.2591836656278028,0.28829103912818127,1,0.2579146929389598
ag-test-001918,0,0.00042634777048982156,0.0009987097251120977,0,0.2579146929389598
ag-test-001919,0,0.0005463920957944651,0.0006528709621433087,0,0.2579146929389598
ag-test-001920,0,0.536943429231094,0.6124997372491083,1,0.2579146929389598
ag-test-001921,1,0.35619607511025697,0.11348604988293103,0,0.2579146929389598
ag-test-001922,0,0.02348151585920748,0.1113291238663658,0,0.2579146929389598
ag-test-001923,0,0.000798792330227722,0.0008578571004736898,0,0.2579146929389598
ag-test-001924,0,0.002720522187488277,0.007037482311850683,0,0.2579146929389598
ag-test-001925,0,0.004775084448431611,0.004692609251259231,0,0.2579146929389598
ag-test-001926,0,0.30327329675218684,0.36412857695707546,1,0.2579146929389598
ag-test-001927,0,0.152130346731307,0.15744001688422005,0,0.2579146929389598
ag-test-001928,1,0.5321570830295984,0.4628524880310698,1,0.2579146929389598
ag-test-001929,1,0.5088411998154737,0.459363691036688,1,0.2579146929389598
ag-test-001930,0,0.012794436341279258,0.007106029045406256,0,0.2579146929389598
ag-test-001931,0,0.048951809694069766,0.028213955130186208,0,0.2579146929389598
ag-test-001932,0,0.02284820162697595,0.007220410312997377,0,0.2579146929389598
ag-test-001933,0,0.016923770134097342,0.014960070888003848,0,0.2579146929389598
ag-test-001934,0,0.00604936193896067,0.010221492373086564,0,0.2579146929389598
ag-test-001935,0,0.011203854097698335,0.005606550381366848,0,0.2579146929389598
ag-test-001936,0,0.03733794586692704,0.09445011614834674,0,0.2579146929389598
ag-test-001937,0,0.0010501045485611735,0.0010181709889948037,0,0.2579146929389598
ag-test-001938,0,0.09766922407361454,0.020001816797694465,0,0.2579146929389598
ag-test-001939,0,0.029582274124335867,0.031018907939758558,0,0.2579146929389598
ag-test-001940,0,0.012166141332972879,0.013935418301549134,0,0.2579146929389598
ag-test-001941,0,0.00020124314893708913,0.00015167458831454365,0,0.2579146929389598
ag-test-001942,0,0.09168564923320345,0.04235364983433938,0,0.2579146929389598
ag-test-001943,0,0.0020773051451122367,0.0011156600957843092,0,0.2579146929389598
ag-test-001944,0,0.00035925203978920894,0.0011010382387744158,0,0.2579146929389598
ag-test-001945,0,0.019503669473979735,0.016422436999887307,0,0.2579146929389598
ag-test-001946,0,0.0006540987658931537,0.0011490405635505567,0,0.2579146929389598
ag-test-001947,0,0.0059230184014009936,0.006336281707303419,0,0.2579146929389598
ag-test-001948,0,0.03716230612036528,0.08780971551387538,0,0.2579146929389598
ag-test-001949,0,0.004459149415120623,0.0020016480619435323,0,0.2579146929389598
ag-test-001950,0,0.004411700070830501,0.0013845764616817271,0,0.2579146929389598
ag-test-001951,0,0.0026132161770371235,0.0023408111601226182,0,0.2579146929389598
ag-test-001952,0,0.0007736607461789016,0.0003829288796320239,0,0.2579146929389598
ag-test-001953,1,0.14342010757847984,0.12908305856114174,0,0.2579146929389598
ag-test-001954,0,0.011742325528520316,0.005679958267509089,0,0.2579146929389598
ag-test-001955,0,0.1333959353663641,0.09465133973189907,0,0.2579146929389598
ag-test-001956,0,0.0005840079458962503,0.0006539437554969133,0,0.2579146929389598
ag-test-001957,0,0.2158172929657758,0.24202812718734287,0,0.2579146929389598
ag-test-001958,0,0.003024778087242414,0.004500131001587013,0,0.2579146929389598
ag-test-001959,0,0.6332858566005597,0.1467927583320873,0,0.2579146929389598
ag-test-001960,0,0.0006210060403504465,0.00036627246360745576,0,0.2579146929389598
ag-test-001961,0,0.023196674266759247,0.01784058926773907,0,0.2579146929389598
ag-test-001962,0,0.15788166674935028,0.07245263408016304,0,0.2579146929389598
ag-test-001963,0,0.0016862748169888993,0.00182492725886878,0,0.2579146929389598
ag-test-001964,0,0.020493384096226478,0.044555158888184496,0,0.2579146929389598
ag-test-001965,0,0.416751118406384,0.37415093352223455,1,0.2579146929389598
ag-test-001966,0,0.035683711817412755,0.02416781975545765,0,0.2579146929389598
ag-test-001967,0,0.0061630197437148,0.009713269779485289,0,0.2579146929389598
ag-test-001968,0,0.0007057532494240907,0.0007382929412263517,0,0.2579146929389598
ag-test-001969,0,0.0071686983652421345,0.007560252015992635,0,0.2579146929389598
ag-test-001970,0,0.00027149590844830054,0.0005988547158275299,0,0.2579146929389598
ag-test-001971,0,0.020163218910042805,0.022921761559393017,0,0.2579146929389598
ag-test-001972,0,0.0028819843053590486,0.002812764185288243,0,0.2579146929389598
ag-test-001973,0,0.06421657606929719,0.01882982832686926,0,0.2579146929389598
ag-test-001974,0,0.016933397728911496,0.01761873096796623,0,0.2579146929389598
ag-test-001975,0,0.0004349040336706054,0.000784898983552077,0,0.2579146929389598
ag-test-001976,1,0.3838418784077581,0.26093189931537786,1,0.2579146929389598
ag-test-001977,0,0.0010590567223647497,0.001173924185546548,0,0.2579146929389598
ag-test-001978,0,0.0009766940829992457,0.0006353170412985421,0,0.2579146929389598
ag-test-001979,0,9.550260591823791e-05,0.00013788435484629057,0,0.2579146929389598
ag-test-001980,0,0.0016432136222706243,0.0021457331068509998,0,0.2579146929389598
ag-test-001981,0,0.0005331206863423791,0.0010385623273747196,0,0.2579146929389598
ag-test-001982,0,0.0034644159762173485,0.00416349826405569,0,0.2579146929389598
ag-test-001983,0,0.04451784071813575,0.03384385820272751,0,0.2579146929389598
ag-test-001984,0,0.03461645214541502,0.029857282175649907,0,0.2579146929389598
ag-test-001985,0,0.00418993363684046,0.0067763195812284,0,0.2579146929389598
ag-test-001986,0,0.0037369102446538024,0.0028566147971460375,0,0.2579146929389598
ag-test-001987,0,0.37250406103258676,0.13339417850556606,0,0.2579146929389598
ag-test-001988,0,0.005389334707918044,0.0035870597573104917,0,0.2579146929389598
ag-test-001989,0,0.030648750100559376,0.03322326338110928,0,0.2579146929389598
ag-test-001990,1,0.6594497936153982,0.648015798439456,1,0.2579146929389598
ag-test-001991,1,0.3699420045288964,0.40316875576836175,1,0.2579146929389598
ag-test-001992,0,0.013798792160040515,0.020482763509737927,0,0.2579146929389598
ag-test-001993,0,0.05464059172382097,0.06050425425866755,0,0.2579146929389598
ag-test-001994,1,0.7347035649219127,0.6802712910484712,1,0.2579146929389598
ag-test-001995,0,0.004300809837649386,0.0052817653805998606,0,0.2579146929389598
ag-test-001996,0,0.028402070344570707,0.022192547284344832,0,0.2579146929389598
ag-test-001997,0,0.02189527615800492,0.028509768827914058,0,0.2579146929389598
ag-test-001998,0,0.024925875760096684,0.03391653004585435,0,0.2579146929389598
ag-test-001999,0,0.015096555806888262,0.015318035606130835,0,0.2579146929389598
ag-test-002000,0,0.07278190996026457,0.030547962823935224,0,0.2579146929389598
ag-test-002001,0,0.046474257098734484,0.042598532778603614,0,0.2579146929389598
ag-test-002002,0,0.017734599742285636,0.009414411038141968,0,0.2579146929389598
ag-test-002003,0,0.04048247172197052,0.03962718780229756,0,0.2579146929389598
ag-test-002004,0,0.0020045959373169325,0.0020317981743288487,0,0.2579146929389598
ag-test-002005,0,0.002208026908297091,0.0024332429890406952,0,0.2579146929389598
ag-test-002006,0,0.00512944965190519,0.003481739894040946,0,0.2579146929389598
ag-test-002007,0,0.0003290020435990485,0.00029810800546569197,0,0.2579146929389598
ag-test-002008,0,0.0007789990049277011,0.0007108264479614849,0,0.2579146929389598
ag-test-002009,0,0.47700370494923416,0.37543336027829305,1,0.2579146929389598
ag-test-002010,0,0.0032036630467450517,0.004113341770545798,0,0.2579146929389598
ag-test-002011,0,7.855706831020298e-05,6.997369654633725e-05,0,0.2579146929389598
ag-test-002012,0,0.031260525603302454,0.021476782779314987,0,0.2579146929389598
ag-test-002013,1,0.6894954107099895,0.7766488336698139,1,0.2579146929389598
ag-test-002014,0,0.006351263640333931,0.0060571716644138305,0,0.2579146929389598
ag-test-002015,1,0.3948861013103394,0.4490661210744919,1,0.2579146929389598
ag-test-002016,0,0.00042036455100637464,0.0003540461118851092,0,0.2579146929389598
ag-test-002017,0,0.010475447742118563,0.01433292253358416,0,0.2579146929389598
ag-test-002018,1,0.5303878637429085,0.34712199697323554,1,0.2579146929389598
ag-test-002019,0,0.06672294920106057,0.01991989305736486,0,0.2579146929389598
ag-test-002020,0,0.0013183897705335921,0.0010786067065655556,0,0.2579146929389598
ag-test-002021,1,0.48557435986210706,0.3266617224087244,1,0.2579146929389598
ag-test-002022,0,0.05498239631908325,0.04832750604165465,0,0.2579146929389598
ag-test-002023,0,0.021732237123368935,0.011822130906926909,0,0.2579146929389598
ag-test-002024,0,0.00164163326784185,0.003096716746438444,0,0.2579146929389598
ag-test-002025,1,0.21169988054995353,0.22100933764220482,0,0.2579146929389598
ag-test-002026,0,0.0012376632970438365,0.0009864379083960755,0,0.2579146929389598
ag-test-002027,0,0.1469349891741777,0.12132641611619886,0,0.2579146929389598
ag-test-002028,0,0.04010859021397137,0.03510929754601454,0,0.2579146929389598
ag-test-002029,0,0.0033966233430826856,0.005086224445520139,0,0.2579146929389598
ag-test-002030,1,0.13953672039871604,0.22129464332645504,0,0.2579146929389598
ag-test-002031,0,0.000994671380966785,0.001104258324944679,0,0.2579146929389598
ag-test-002032,0,0.07078729137779513,0.05903378629848606,0,0.2579146929389598
ag-test-002033,0,0.003556398506668103,0.0039209364654827624,0,0.2579146929389598
ag-test-002034,0,0.02882629944589547,0.02866766504666223,0,0.2579146929389598
ag-test-002035,0,0.021310987619880463,0.008636703115960636,0,0.2579146929389598
ag-test-002036,0,0.015736278618077307,0.03174025558622412,0,0.2579146929389598
ag-test-002037,0,0.03607764426390705,0.031557463539302326,0,0.2579146929389598
ag-test-002038,0,0.006112834338398931,0.009013238801816818,0,0.2579146929389598
ag-test-002039,0,0.0059449039611491365,0.006832635038784824,0,0.2579146929389598
ag-test-002040,0,0.05376547565110789,0.05454495317811894,0,0.2579146929389598
ag-test-002041,1,0.6781510193679979,0.636274727470383,1,0.2579146929389598
ag-test-002042,0,0.000391564088070613,0.0010521799280892913,0,0.2579146929389598
ag-test-002043,0,0.005109750775544814,0.00612783511030411,0,0.2579146929389598
ag-test-002044,0,0.7872192219445822,0.6447755715571969,1,0.2579146929389598
ag-test-002045,0,0.0004046801700796179,0.0009191468213766623,0,0.2579146929389598
ag-test-002046,0,0.15866858984249496,0.054292350312263885,0,0.2579146929389598
ag-test-002047,0,0.000950256915404334,0.0008528891333913275,0,0.2579146929389598
ag-test-002048,0,0.00028269044255269663,0.0006237148456103697,0,0.2579146929389598
ag-test-002049,0,0.02379068777475973,0.02457645408180891,0,0.2579146929389598
ag-test-002050,0,0.00290298448540502,0.003794322159688082,0,0.2579146929389598
ag-test-002051,0,0.002289808724996113,0.0018176640187625953,0,0.2579146929389598
ag-test-002052,0,0.00018715630098828172,0.0001973559878057727,0,0.2579146929389598
ag-test-002053,0,0.013588595374949506,0.011279894619683874,0,0.2579146929389598
ag-test-002054,0,0.022716100405993443,0.022937075087948403,0,0.2579146929389598
ag-test-002055,0,0.0008803193406139761,0.00027391857115807445,0,0.2579146929389598
ag-test-002056,0,0.044335976870029346,0.029351757738425494,0,0.2579146929389598
ag-test-002057,0,0.020608945126881786,0.021493669041097365,0,0.2579146929389598
ag-test-002058,0,0.8001724643476079,0.7010212442094517,1,0.2579146929389598
ag-test-002059,0,0.03822141991268097,0.01517731908003186,0,0.2579146929389598
ag-test-002060,0,0.006615281687760528,0.006470213624412735,0,0.2579146929389598
ag-test-002061,0,0.007508998066003723,0.010770762079787497,0,0.2579146929389598
ag-test-002062,0,0.6571231381231638,0.6636945511684704,1,0.2579146929389598
ag-test-002063,0,0.006773452463951219,0.007472322071694888,0,0.2579146929389598
ag-test-002064,0,0.0005547901771920394,0.001946721122668755,0,0.2579146929389598
ag-test-002065,0,0.0603255498865449,0.009606956418760313,0,0.2579146929389598
ag-test-002066,0,0.03468886560578764,0.03489295339158728,0,0.2579146929389598
ag-test-002067,0,0.030206154337258644,0.03333471955434027,0,0.2579146929389598
ag-test-002068,0,0.02225317203890363,0.007993981393342888,0,0.2579146929389598
ag-test-002069,0,0.014925475707467476,0.012193435346697451,0,0.2579146929389598
ag-test-002070,0,0.10512021035478045,0.02493213512910071,0,0.2579146929389598
ag-test-002071,0,0.0010125123110968936,0.0008392008771721847,0,0.2579146929389598
ag-test-002072,0,0.060231310812612855,0.0424830410021229,0,0.2579146929389598
ag-test-002073,1,0.45670089230921385,0.3251979768540696,1,0.2579146929389598
ag-test-002074,0,0.001960099627705555,0.003410072840355511,0,0.2579146929389598
ag-test-002075,0,0.09643943397582302,0.05773253595380472,0,0.2579146929389598
ag-test-002076,0,0.010059246697678879,0.01007875853466274,0,0.2579146929389598
ag-test-002077,0,0.0006985524076372807,0.0008111921027475499,0,0.2579146929389598
ag-test-002078,0,0.1233385283983075,0.2041623840339224,0,0.2579146929389598
ag-test-002079,0,0.004099257319134403,0.0034543145701659574,0,0.2579146929389598
ag-test-002080,0,0.0019048049201819328,0.0016610047410508817,0,0.2579146929389598
ag-test-002081,0,0.018552065900475926,0.011435532749887142,0,0.2579146929389598
ag-test-002082,1,0.6821224838192725,0.6360670225855051,1,0.2579146929389598
ag-test-002083,0,0.08887139988394735,0.054288785998712466,0,0.2579146929389598
ag-test-002084,0,0.018649516804737053,0.017956660998221182,0,0.2579146929389598
ag-test-002085,0,0.0192222634695305,0.015369858178911192,0,0.2579146929389598
ag-test-002086,1,0.10606013947009434,0.05811922907680942,0,0.2579146929389598
ag-test-002087,0,0.03800214323304319,0.030221159245486462,0,0.2579146929389598
ag-test-002088,0,0.022220824803941167,0.012513010791635982,0,0.2579146929389598
ag-test-002089,0,0.0033813157750023216,0.005313039829495426,0,0.2579146929389598
ag-test-002090,0,0.002169757036975621,0.0019953416691574086,0,0.2579146929389598
ag-test-002091,0,0.09335671352756975,0.06605988721216435,0,0.2579146929389598
ag-test-002092,0,0.0028516175464168196,0.0016108143454677724,0,0.2579146929389598
ag-test-002093,0,0.00400131496017132,0.006513743693150142,0,0.2579146929389598
ag-test-002094,0,0.08962520928452938,0.033140787943780746,0,0.2579146929389598
ag-test-002095,0,0.00069595322631215,0.0006137214080911827,0,0.2579146929389598
ag-test-002096,0,0.010881243290917561,0.02280441297703643,0,0.2579146929389598
ag-test-002097,0,0.003186860697516911,0.004791568601298774,0,0.2579146929389598
ag-test-002098,0,0.0041266320049614,0.00756382306168416,0,0.2579146929389598
ag-test-002099,0,0.06340227011237817,0.04214876889536981,0,0.2579146929389598
ag-test-002100,0,0.008720322898896645,0.010183244359716449,0,0.2579146929389598
ag-test-002101,0,0.20860692628724517,0.29864234314050464,1,0.2579146929389598
ag-test-002102,0,0.09771297236056713,0.07087961722041153,0,0.2579146929389598
ag-test-002103,0,0.008587904373841377,0.00632713106507644,0,0.2579146929389598
ag-test-002104,0,0.0006389819148530861,0.0005116456152144937,0,0.2579146929389598
ag-test-002105,0,0.09465510128979802,0.14416093914946446,0,0.2579146929389598
ag-test-002106,0,0.009629205526540265,0.020202022133630506,0,0.2579146929389598
ag-test-002107,0,0.0714574389193216,0.07404131304897314,0,0.2579146929389598
ag-test-002108,0,0.019983575356685563,0.01032483737537385,0,0.2579146929389598
ag-test-002109,0,0.02531001907886628,0.023295433511337182,0,0.2579146929389598
ag-test-002110,0,0.007490153276896824,0.007607771329927922,0,0.2579146929389598
ag-test-002111,0,0.019989299984385298,0.011950720952633966,0,0.2579146929389598
ag-test-002112,0,0.0039009819288601394,0.005213668864256792,0,0.2579146929389598
ag-test-002113,1,0.5228051420665056,0.4462728603087477,1,0.2579146929389598
ag-test-002114,0,0.03392619543114248,0.0518438861782736,0,0.2579146929389598
ag-test-002115,0,0.001900441419989723,0.001994362252852112,0,0.2579146929389598
ag-test-002116,0,0.004032729566316274,0.0029869920060061283,0,0.2579146929389598
ag-test-002117,0,0.019982407696480024,0.045948907682033344,0,0.2579146929389598
ag-test-002118,1,0.5432498534192338,0.5052204392007746,1,0.2579146929389598
ag-test-002119,0,0.6579884849538633,0.4750771688923652,1,0.2579146929389598
ag-test-002120,0,0.001344419322391554,0.0027749974637393325,0,0.2579146929389598
ag-test-002121,0,0.003964479807499677,0.002796246148965134,0,0.2579146929389598
ag-test-002122,0,0.10511901445776739,0.06664699586924185,0,0.2579146929389598
ag-test-002123,0,0.048194003087154054,0.04384345802837484,0,0.2579146929389598
ag-test-002124,0,0.2429927763831019,0.07650237081771175,0,0.2579146929389598
ag-test-002125,0,0.5214051605544257,0.31689147641063553,1,0.2579146929389598
ag-test-002126,0,0.00033400271096190303,0.0009987830931352216,0,0.2579146929389598
ag-test-002127,0,0.02587267862463349,0.015086521059833694,0,0.2579146929389598
ag-test-002128,0,0.15258852646658083,0.18133119588265062,0,0.2579146929389598
ag-test-002129,0,0.0008899937983412203,0.0007961763649344167,0,0.2579146929389598
ag-test-002130,0,0.07116198022934464,0.04879958939277863,0,0.2579146929389598
ag-test-002131,0,0.011556091608696003,0.004168140266486609,0,0.2579146929389598
ag-test-002132,0,0.00905527778799137,0.005593475335629474,0,0.2579146929389598
ag-test-002133,1,0.2897351106070984,0.16197850033318523,0,0.2579146929389598
ag-test-002134,0,0.0027444327250229156,0.0033532208846270128,0,0.2579146929389598
ag-test-002135,0,0.014737161300882961,0.007124302461338194,0,0.2579146929389598
ag-test-002136,0,0.0473050794481457,0.11327142033567265,0,0.2579146929389598
ag-test-002137,0,0.05909838991319389,0.09974835177750506,0,0.2579146929389598
ag-test-002138,1,0.14352022290096794,0.1903089239735573,0,0.2579146929389598
ag-test-002139,0,0.0020466416452994867,0.0017604514429738257,0,0.2579146929389598
ag-test-002140,0,0.0002264333230690213,0.0003227622567727661,0,0.2579146929389598
ag-test-002141,0,0.0029366275341369827,0.003689641410764158,0,0.2579146929389598
ag-test-002142,0,0.0024224161312387787,0.0027084790464531666,0,0.2579146929389598
ag-test-002143,0,0.03271536957174352,0.0317985224076325,0,0.2579146929389598
ag-test-002144,0,0.012951726792446846,0.012003961966416666,0,0.2579146929389598
ag-test-002145,0,0.006228788221376551,0.01843542348587245,0,0.2579146929389598
ag-test-002146,1,0.7710493392454104,0.6757862466476695,1,0.2579146929389598
ag-test-002147,0,0.27846952075071574,0.11211550876728615,0,0.2579146929389598
ag-test-002148,0,0.03295400723458478,0.021626310649317887,0,0.2579146929389598
ag-test-002149,1,0.48398237305359304,0.43650046478793847,1,0.2579146929389598
ag-test-002150,0,0.012708782157748413,0.012334389615164101,0,0.2579146929389598
ag-test-002151,0,0.00823186747898869,0.010929784135595092,0,0.2579146929389598
ag-test-002152,0,0.46409926294455095,0.5565317022119846,1,0.2579146929389598
ag-test-002153,0,0.3619532001880638,0.2472360959772515,0,0.2579146929389598
ag-test-002154,1,0.19092971474582018,0.038180502764591506,0,0.2579146929389598
ag-test-002155,1,0.5424434847568387,0.5295653420843026,1,0.2579146929389598
ag-test-002156,0,0.010394572705992224,0.009771191194979427,0,0.2579146929389598
ag-test-002157,0,0.0006013740750438923,0.0013123711137010515,0,0.2579146929389598
ag-test-002158,0,0.009022452132578221,0.009854358181299153,0,0.2579146929389598
ag-test-002159,0,0.05193580868885632,0.08015597591800029,0,0.2579146929389598
ag-test-002160,1,0.7187912138564482,0.7391573803002746,1,0.2579146929389598
ag-test-002161,1,0.4611709529641893,0.3904584981339412,1,0.2579146929389598
ag-test-002162,0,0.03530482155824202,0.026335599972803436,0,0.2579146929389598
ag-test-002163,0,0.028051666434015986,0.006339818057518463,0,0.2579146929389598
ag-test-002164,0,0.01775723122680757,0.030454925438002482,0,0.2579146929389598
ag-test-002165,0,0.012562743451771916,0.019047700662325057,0,0.2579146929389598
ag-test-002166,0,0.00039658423765376094,0.00041159835024496926,0,0.2579146929389598
ag-test-002167,1,0.17293399054170805,0.05870637973749489,0,0.2579146929389598
ag-test-002168,0,0.0028458419899991725,0.0021482488917990996,0,0.2579146929389598
ag-test-002169,0,0.00025171097565120565,0.00017067607314330394,0,0.2579146929389598
ag-test-002170,0,0.01176675573990627,0.008757972783525707,0,0.2579146929389598
ag-test-002171,0,0.1339313504207415,0.12016787212222119,0,0.2579146929389598
ag-test-002172,0,0.0007997658233869858,0.0005409577011593506,0,0.2579146929389598
ag-test-002173,0,0.03732666324252177,0.02260360952669947,0,0.2579146929389598
ag-test-002174,0,0.07710016328960322,0.08639540011861888,0,0.2579146929389598
ag-test-002175,1,0.5378548542497712,0.5017904380772563,1,0.2579146929389598
ag-test-002176,0,0.016607594690456133,0.01779268140797029,0,0.2579146929389598
ag-test-002177,1,0.016512141227316018,0.022618706093736164,0,0.2579146929389598
ag-test-002178,0,0.09881282415353523,0.06149231021014255,0,0.2579146929389598
ag-test-002179,0,0.0002446608199817027,0.00018971325348007348,0,0.2579146929389598
ag-test-002180,0,0.0319487273923145,0.02507344044084625,0,0.2579146929389598
ag-test-002181,0,0.028507168249107418,0.08885303839018992,0,0.2579146929389598
ag-test-002182,0,0.04360877944064654,0.0754678979640622,0,0.2579146929389598
ag-test-002183,0,0.04766574605924604,0.04595297604759784,0,0.2579146929389598
ag-test-002184,0,0.005172583782625271,0.008000808099073059,0,0.2579146929389598
ag-test-002185,0,0.0006995307867729623,0.0007234908100858843,0,0.2579146929389598
ag-test-002186,1,0.47211769393533165,0.2766074623969593,1,0.2579146929389598
ag-test-002187,0,0.0013987086535305455,0.0017776083344754306,0,0.2579146929389598
ag-test-002188,0,0.001068224962706005,0.0011160190459851465,0,0.2579146929389598
ag-test-002189,0,0.004948186386443035,0.003965492370749864,0,0.2579146929389598
ag-test-002190,0,0.029590174044623576,0.02963149691403446,0,0.2579146929389598
ag-test-002191,0,0.014278898601314665,0.024307543157765208,0,0.2579146929389598
ag-test-002192,0,0.00021305649849570035,0.0007969815948301699,0,0.2579146929389598
ag-test-002193,0,0.024918627032991667,0.02113418297648531,0,0.2579146929389598
ag-test-002194,1,0.7628481924920523,0.7219948826741651,1,0.2579146929389598
ag-test-002195,0,0.10927084669283767,0.08063072687458799,0,0.2579146929389598
ag-test-002196,0,0.08726790049602674,0.030181960795731155,0,0.2579146929389598
ag-test-002197,0,0.00045632737887507923,0.0012989745540422618,0,0.2579146929389598
ag-test-002198,0,0.0005905810890495627,0.0007526387317018153,0,0.2579146929389598
ag-test-002199,0,0.036968931334628766,0.0345989103812413,0,0.2579146929389598
ag-test-002200,0,0.006158580183044145,0.008899374950873147,0,0.2579146929389598
ag-test-002201,0,0.010223110079693105,0.0114365165313378,0,0.2579146929389598
ag-test-002202,0,0.32096181348658326,0.38943523054083384,1,0.2579146929389598
ag-test-002203,0,0.049318217373234226,0.04116330312586641,0,0.2579146929389598
ag-test-002204,0,0.00021535089815335638,0.00037817710348548797,0,0.2579146929389598
ag-test-002205,0,0.008959858319612705,0.0021463627160084905,0,0.2579146929389598
ag-test-002206,0,0.002514398374102782,0.002105864214729271,0,0.2579146929389598
ag-test-002207,0,0.2782036105173022,0.3672776172629008,1,0.2579146929389598
ag-test-002208,0,0.18241914166942985,0.18743805909451802,0,0.2579146929389598
ag-test-002209,0,0.0031392717272177365,0.0021590283791732257,0,0.2579146929389598
ag-test-002210,0,0.01105761237452131,0.011696510605064539,0,0.2579146929389598
ag-test-002211,0,0.025794138549565675,0.022366250985060065,0,0.2579146929389598
ag-test-002212,0,0.0025672039543654774,0.008737723843721765,0,0.2579146929389598
ag-test-002213,0,0.008191665582336067,0.010710286961773473,0,0.2579146929389598
ag-test-002214,0,0.03601455348389553,0.05097679825802418,0,0.2579146929389598
ag-test-002215,0,0.001593417357513368,0.0020823362759738026,0,0.2579146929389598
ag-test-002216,0,0.006907975625534331,0.006056917316752882,0,0.2579146929389598
ag-test-002217,0,0.00646485763647352,0.007786914156263575,0,0.2579146929389598
ag-test-002218,0,0.05679898688883957,0.039278863115787155,0,0.2579146929389598
ag-test-002219,0,0.0039037580806084897,0.0025651104205872324,0,0.2579146929389598
ag-test-002220,0,0.0025670547704752366,0.0030895460285531367,0,0.2579146929389598
ag-test-002221,0,0.02535815061831509,0.019943514159221645,0,0.2579146929389598
ag-test-002222,0,0.20998321964591496,0.12385103542387575,0,0.2579146929389598
ag-test-002223,0,0.002006086550241247,0.0012047803296648372,0,0.2579146929389598
ag-test-002224,1,0.44119762938553714,0.6512447039628053,1,0.2579146929389598
ag-test-002225,0,0.0013202929591426868,0.0012294386130879745,0,0.2579146929389598
ag-test-002226,0,0.011220882108938741,0.01637980629010279,0,0.2579146929389598
ag-test-002227,0,0.021481127775108053,0.024201694186035717,0,0.2579146929389598
ag-test-002228,0,0.04305325320653892,0.04259163881977679,0,0.2579146929389598
ag-test-002229,0,0.0013575777062151434,0.0011588715726510031,0,0.2579146929389598
ag-test-002230,1,0.23513949784006508,0.42433858334044516,1,0.2579146929389598
ag-test-002231,1,0.6194390342801255,0.4104611944589507,1,0.2579146929389598
ag-test-002232,0,0.0004610129415969375,0.0004857917061852549,0,0.2579146929389598
ag-test-002233,0,0.0049720988313050555,0.007045625739649388,0,0.2579146929389598
ag-test-002234,0,0.012780525702774092,0.019077821404554458,0,0.2579146929389598
ag-test-002235,0,0.002375022306226405,0.00227161304076122,0,0.2579146929389598
ag-test-002236,0,0.009198701774236071,0.009310737755728715,0,0.2579146929389598
ag-test-002237,0,0.05227788509230076,0.0477538183343133,0,0.2579146929389598
ag-test-002238,0,0.019156965411128483,0.036811876024316126,0,0.2579146929389598
ag-test-002239,0,0.03442407671329486,0.028064955048111805,0,0.2579146929389598
ag-test-002240,0,0.06489011433462366,0.05962624968693107,0,0.2579146929389598
ag-test-002241,0,0.004767058108636514,0.005275265690227709,0,0.2579146929389598
ag-test-002242,0,0.0021073649583791365,0.0016611051477805035,0,0.2579146929389598
ag-test-002243,0,0.00886712795595969,0.03619865075428137,0,0.2579146929389598
ag-test-002244,0,0.019653875683489905,0.008561864396220968,0,0.2579146929389598
ag-test-002245,0,0.0009324076100558059,0.0006761616280089938,0,0.2579146929389598
ag-test-002246,0,0.0006288602998982435,0.0010832127674252636,0,0.2579146929389598
ag-test-002247,0,0.0021253534996172932,0.0038442555907552433,0,0.2579146929389598
ag-test-002248,0,0.014679273118004781,0.016411358478221352,0,0.2579146929389598
ag-test-002249,0,0.00013889758210766846,0.00021510320309400065,0,0.2579146929389598
ag-test-002250,0,0.041970324474706784,0.03562032735209259,0,0.2579146929389598
ag-test-002251,0,0.0199561985893457,0.03521415154932369,0,0.2579146929389598
ag-test-002252,0,0.003780394410184331,0.004820817595833706,0,0.2579146929389598
ag-test-002253,0,0.04589384817191841,0.045559424300273134,0,0.2579146929389598
ag-test-002254,0,0.039252285413151664,0.03980476879831538,0,0.2579146929389598
ag-test-002255,0,0.0015277207490325027,0.0011039853156592095,0,0.2579146929389598
ag-test-002256,0,0.0012944121006645685,0.0008575853330725485,0,0.2579146929389598
ag-test-002257,0,0.052236332737169114,0.036259259087183304,0,0.2579146929389598
ag-test-002258,0,0.00027339241653057085,0.0006936954870207256,0,0.2579146929389598
ag-test-002259,0,0.012429641456821891,0.008241676765049026,0,0.2579146929389598
ag-test-002260,0,0.02481391933455495,0.033833048843888686,0,0.2579146929389598
ag-test-002261,0,0.006808671183035334,0.005293614978470767,0,0.2579146929389598
ag-test-002262,0,0.003832358576566658,0.004461238717269577,0,0.2579146929389598
ag-test-002263,0,0.0019489105571579063,0.003072263371937143,0,0.2579146929389598
ag-test-002264,0,0.0008876532975184986,0.0007928368783762098,0,0.2579146929389598
ag-test-002265,0,0.002171584598567495,0.0022566027797812764,0,0.2579146929389598
ag-test-002266,0,0.0005569648221922881,0.0006161946505174397,0,0.2579146929389598
ag-test-002267,0,0.01896047052931739,0.0518844514919071,0,0.2579146929389598
ag-test-002268,0,0.0036707022673568095,0.004087575096262294,0,0.2579146929389598
ag-test-002269,0,0.015841911842108918,0.017343274691696494,0,0.2579146929389598
ag-test-002270,0,0.008982975226994764,0.008832785671163019,0,0.2579146929389598
ag-test-002271,0,0.00848600264263985,0.007335450001412406,0,0.2579146929389598
ag-test-002272,0,0.009556700274996098,0.008888024416063,0,0.2579146929389598
ag-test-002273,0,0.6599974971919683,0.335291033182779,1,0.2579146929389598
ag-test-002274,0,0.012851171531028749,0.009228786100536079,0,0.2579146929389598
ag-test-002275,0,0.0008503616143833905,0.00023202965681059503,0,0.2579146929389598
ag-test-002276,0,0.021898662849242016,0.03533106304468191,0,0.2579146929389598
ag-test-002277,0,0.019930537555841395,0.08697383738089533,0,0.2579146929389598
ag-test-002278,0,0.009412994297857434,0.010573679195834466,0,0.2579146929389598
ag-test-002279,0,0.003477687634187522,0.0037253232899285686,0,0.2579146929389598
ag-test-002280,0,0.3346121592579839,0.32182099821563137,1,0.2579146929389598
ag-test-002281,0,0.015590835783291089,0.01187685308247095,0,0.2579146929389598
ag-test-002282,0,0.0024338928473469565,0.0025969355102039684,0,0.2579146929389598
ag-test-002283,0,0.0009052019807511109,0.0017703921306356505,0,0.2579146929389598
ag-test-002284,0,0.0008360221768322121,0.0011141651319082771,0,0.2579146929389598
ag-test-002285,0,0.03339741604135704,0.0293936098643443,0,0.2579146929389598
ag-test-002286,0,0.001348419501750355,0.0009360283705305978,0,0.2579146929389598
ag-test-002287,0,0.775102457127515,0.48895462166553416,1,0.2579146929389598
ag-test-002288,0,0.010027821069410393,0.02135490435620118,0,0.2579146929389598
ag-test-002289,0,0.14686989601159514,0.08270823812962876,0,0.2579146929389598
ag-test-002290,0,0.035564282244075374,0.026144674365826612,0,0.2579146929389598
ag-test-002291,0,0.004611554916611008,0.00238281296499372,0,0.2579146929389598
ag-test-002292,0,0.0003310289714408718,0.00018166392929241763,0,0.2579146929389598
