pair_id,label,clean_probability,probability,prediction,threshold
ag-test-000000,0,0.00014377102780411914,0.00010869379785779625,0,0.330892319712408
ag-test-000001,0,0.021808047811402633,0.01757994454797885,0,0.330892319712408
ag-test-000002,0,0.005733743671128663,0.0056582288491201895,0,0.330892319712408
ag-test-000003,0,0.0004185406063530121,0.00048615187028435336,0,0.330892319712408
ag-test-000004,0,0.003414464790767699,0.002507119914824387,0,0.330892319712408
ag-test-000005,0,0.019755506170777256,0.019547390825556312,0,0.330892319712408
ag-test-000006,0,0.0001962509348152198,0.00020330660549771918,0,0.330892319712408
ag-test-000007,0,0.0014527252103323988,0.0014574003577221216,0,0.330892319712408
ag-test-000008,0,0.0019178380700972115,0.0020619743918231914,0,0.330892319712408
ag-test-000009,0,0.00034859005699919423,0.0004855411472342976,0,0.330892319712408
ag-test-000010,0,0.0012477732546718725,0.0013378111284265864,0,0.330892319712408
ag-test-000011,0,0.004762740695779359,0.0074745873678102506,0,0.330892319712408
ag-test-000012,0,0.03657975508306428,0.029581751943790712,0,0.330892319712408
ag-test-000013,0,0.0019484997449447463,0.0013497187863147227,0,0.330892319712408
ag-test-000014,0,0.0007014648521877859,0.0008380783825338083,0,0.330892319712408
ag-test-000015,0,0.00022584534705471623,0.00026031056832040797,0,0.330892319712408
ag-test-000016,0,0.0018244040512966529,0.001871645964168958,0,0.330892319712408
ag-test-000017,0,0.0008742463791415692,0.0010328807677340616,0,0.330892319712408
ag-test-000018,0,0.013895283497701154,0.01222764374422288,0,0.330892319712408
ag-test-000019,0,0.0004983455916404913,0.00046903871223768476,0,0.330892319712408
ag-test-000020,0,0.0023577581423028355,0.0017426588651745793,0,0.330892319712408
ag-test-000021,0,0.0156212736031684,0.011100385377464729,0,0.330892319712408
ag-test-000022,0,0.0007566454054559286,0.0007092978171447086,0,0.330892319712408
ag-test-000023,1,0.8769676946729562,0.8717173653525546,1,0.330892319712408
ag-test-000024,0,0.0001921782088050489,0.00019877341033713728,0,0.330892319712408
ag-test-000025,1,0.7253140773534029,0.7737839143561387,1,0.330892319712408
ag-test-000026,0,0.06512125185078649,0.056463882111357805,0,0.330892319712408
ag-test-000027,0,0.0005588556412284109,0.0009975853540332388,0,0.330892319712408
ag-test-000028,1,0.9113039603228154,0.898994273344445,1,0.330892319712408
ag-test-000029,0,0.05051550235012758,0.03259952155080208,0,0.330892319712408
ag-test-000030,0,0.0035456557200192976,0.0033830295310560273,0,0.330892319712408
ag-test-000031,0,0.003850980409847855,0.005023678535431166,0,0.330892319712408
ag-test-000032,0,0.00017345095777001034,0.0001587574714626961,0,0.330892319712408
ag-test-000033,0,0.013030610172271407,0.014044664221645011,0,0.330892319712408
ag-test-000034,1,0.9069046501228208,0.904943475244017,1,0.330892319712408
ag-test-000035,0,0.018987715899137145,0.018751724802356935,0,0.330892319712408
ag-test-000036,0,0.0012228639707283669,0.0013673240726114638,0,0.330892319712408
ag-test-000037,0,9.017659870652934e-05,6.91900393290872e-05,0,0.330892319712408
ag-test-000038,0,0.00043947717287879767,0.0004043427653978354,0,0.330892319712408
ag-test-000039,0,0.006540307758903752,0.006298660689354637,0,0.330892319712408
ag-test-000040,0,0.00032438958437949674,0.00030366064391092385,0,0.330892319712408
ag-test-000041,1,0.46515403874351186,0.4656321119609199,1,0.330892319712408
ag-test-000042,0,0.03331674229812426,0.026368326809253564,0,0.330892319712408
ag-test-000043,0,0.004721920406322899,0.004718926331508815,0,0.330892319712408
ag-test-000044,0,0.07605878373405278,0.019714018719675562,0,0.330892319712408
ag-test-000045,0,0.01805436398259041,0.017679755970031748,0,0.330892319712408
ag-test-000046,1,0.07451009550835869,0.05738418461095869,0,0.330892319712408
ag-test-000047,0,0.023571148265054215,0.03043908717321316,0,0.330892319712408
ag-test-000048,0,0.014931367826190747,0.008024978867200282,0,0.330892319712408
ag-test-000049,0,0.005207377726290438,0.005184641614583818,0,0.330892319712408
ag-test-000050,0,0.0008653865796485577,0.0007334069408156879,0,0.330892319712408
ag-test-000051,0,0.021045078760478564,0.011929939153954024,0,0.330892319712408
ag-test-000052,0,0.00020162955671168217,0.0001860497926868602,0,0.330892319712408
ag-test-000053,0,0.0038711595633042525,0.0029519225595575397,0,0.330892319712408
ag-test-000054,0,0.004286566794770267,0.002862969882996761,0,0.330892319712408
ag-test-000055,0,0.0004923626072894232,0.0003918818924349102,0,0.330892319712408
ag-test-000056,0,0.022728491951174528,0.021401173348223126,0,0.330892319712408
ag-test-000057,0,0.005927668496568884,0.006410897365849195,0,0.330892319712408
ag-test-000058,0,0.0009123818848607157,0.0008143145781403479,0,0.330892319712408
ag-test-000059,0,0.003123265801479032,0.003997268408814922,0,0.330892319712408
ag-test-000060,0,0.0002102485256515797,0.00020238235166721193,0,0.330892319712408
ag-test-000061,0,0.8635497912408789,0.8137545651104698,1,0.330892319712408
ag-test-000062,0,0.00018726897092017093,0.0002550752587319126,0,0.330892319712408
ag-test-000063,0,0.008276274030834158,0.007268355496035914,0,0.330892319712408
ag-test-000064,0,0.5671080494981894,0.5816801178839918,1,0.330892319712408
ag-test-000065,0,0.037840431188590394,0.03283092977388365,0,0.330892319712408
ag-test-000066,1,0.27979793435726313,0.2838858839533354,0,0.330892319712408
ag-test-000067,1,0.6528167256781794,0.6598245275010621,1,0.330892319712408
ag-test-000068,0,0.00030804300589595715,0.00029940892064881535,0,0.330892319712408
ag-test-000069,1,0.2652326437905131,0.2583837638354843,0,0.330892319712408
ag-test-000070,0,8.901358151826084e-05,0.0001118559207263738,0,0.330892319712408
ag-test-000071,0,0.008555536114764591,0.005002374496609436,0,0.330892319712408
ag-test-000072,0,1.2524865852070222e-05,1.674155342004521e-05,0,0.330892319712408
ag-test-000073,0,0.010593847562491843,0.014759009593728325,0,0.330892319712408
ag-test-000074,0,0.005116242530983445,0.004134761866398159,0,0.330892319712408
ag-test-000075,0,0.0034618253687040495,0.003686089184282547,0,0.330892319712408
ag-test-000076,0,0.0633515995335104,0.061398653762634633,0,0.330892319712408
ag-test-000077,0,0.0005155016095773311,0.0005698026673336773,0,0.330892319712408
ag-test-000078,0,0.031646584057224994,0.026574912358827776,0,0.330892319712408
ag-test-000079,0,0.01741054476453736,0.0127608288930341,0,0.330892319712408
ag-test-000080,0,7.98018521276899e-05,0.00010107531166439666,0,0.330892319712408
ag-test-000081,0,0.005339716898928937,0.004799844915109472,0,0.330892319712408
ag-test-000082,0,0.0035704744115519333,0.004415291922105829,0,0.330892319712408
ag-test-000083,0,0.00022210150854843076,0.00019423353529519053,0,0.330892319712408
ag-test-000084,0,0.37290519477879663,0.40668022954891675,1,0.330892319712408
ag-test-000085,0,0.347124387237826,0.37324508912089444,1,0.330892319712408
ag-test-000086,0,0.49900047823320554,0.49205183424469034,1,0.330892319712408
ag-test-000087,0,0.0461416645405355,0.02020079858643158,0,0.330892319712408
ag-test-000088,0,0.00864952735275464,0.0046498554163582895,0,0.330892319712408
ag-test-000089,0,0.003482300199897102,0.0028218096359483814,0,0.330892319712408
ag-test-000090,0,0.07984233938091086,0.09106157104534307,0,0.330892319712408
ag-test-000091,0,0.021824041098268666,0.021773214776915364,0,0.330892319712408
ag-test-000092,0,0.001315467870315099,0.0010692597417464734,0,0.330892319712408
ag-test-000093,0,0.01875794245091493,0.019338474682932347,0,0.330892319712408
ag-test-000094,0,0.010191253551683252,0.006507507760318782,0,0.330892319712408
ag-test-000095,0,0.0019150186337788698,0.00203459400233186,0,0.330892319712408
ag-test-000096,0,0.0019422346316938664,0.001480434434166526,0,0.330892319712408
ag-test-000097,0,0.004840633928054434,0.0037031717307867786,0,0.330892319712408
ag-test-000098,0,0.012628831758825447,0.005441271977526221,0,0.330892319712408
ag-test-000099,0,0.03755056707215619,0.02767930470004801,0,0.330892319712408
ag-test-000100,0,0.0035476687261360995,0.004585359621199191,0,0.330892319712408
ag-test-000101,1,0.46555251755610827,0.4766223489151488,1,0.330892319712408
ag-test-000102,0,0.0004972479459411055,0.0005002376485954147,0,0.330892319712408
ag-test-000103,0,0.0015870259109695244,0.0017510037381568068,0,0.330892319712408
ag-test-000104,0,0.07419164941343251,0.06532940080438479,0,0.330892319712408
ag-test-000105,1,0.7947113738503345,0.7896137891819643,1,0.330892319712408
ag-test-000106,0,0.05478249870781262,0.03543031439418738,0,0.330892319712408
ag-test-000107,0,0.00013712098873179638,0.00012762582237350344,0,0.330892319712408
ag-test-000108,0,4.370987020463266e-05,4.3201248868942444e-05,0,0.330892319712408
ag-test-000109,0,0.0243892509854093,0.021644230338474513,0,0.330892319712408
ag-test-000110,0,0.0013110936715709457,0.001076934680982158,0,0.330892319712408
ag-test-000111,0,0.010079556136369813,0.007424385476583156,0,0.330892319712408
ag-test-000112,0,0.0004779463320892028,0.00030667303371097773,0,0.330892319712408
ag-test-000113,0,0.0004849014046425738,0.000511477651849785,0,0.330892319712408
ag-test-000114,1,0.8517521577900435,0.8505239721311713,1,0.330892319712408
ag-test-000115,0,0.0037618534054598336,0.0031541164814849892,0,0.330892319712408
ag-test-000116,0,0.05144693720914829,0.047259144886620565,0,0.330892319712408
ag-test-000117,0,0.003667923080694982,0.0022916833205253707,0,0.330892319712408
ag-test-000118,0,0.004650386127000176,0.0035669435640279493,0,0.330892319712408
ag-test-000119,0,0.02518448443457472,0.017891731051679474,0,0.330892319712408
ag-test-000120,0,0.0013002709416646194,0.0009796837893155988,0,0.330892319712408
ag-test-000121,1,0.6758616151993749,0.6166786846305331,1,0.330892319712408
ag-test-000122,1,0.6656517983395432,0.6885609215064358,1,0.330892319712408
ag-test-000123,0,0.07520486703556638,0.06575385791814348,0,0.330892319712408
ag-test-000124,0,0.0002382828203571456,0.00018597739473729074,0,0.330892319712408
ag-test-000125,0,0.010272123625222254,0.00646196324619494,0,0.330892319712408
ag-test-000126,0,0.024424551640413315,0.017571737385161247,0,0.330892319712408
ag-test-000127,0,0.00039651176361807524,0.0004034375387884827,0,0.330892319712408
ag-test-000128,0,0.002224418848783135,0.0023234445308399454,0,0.330892319712408
ag-test-000129,0,0.010793192936151426,0.011367882450246615,0,0.330892319712408
ag-test-000130,0,0.01329786539120855,0.011818560337589193,0,0.330892319712408
ag-test-000131,0,0.08032768350312919,0.07661673246052829,0,0.330892319712408
ag-test-000132,1,0.5215675444266131,0.6111205274263114,1,0.330892319712408
ag-test-000133,0,0.04551092411796302,0.039473121187866896,0,0.330892319712408
ag-test-000134,1,0.5452974498558185,0.3784551961016925,1,0.330892319712408
ag-test-000135,0,0.0016461160958262816,0.0015950967557837223,0,0.330892319712408
ag-test-000136,1,0.19304318800688175,0.05753469874540127,0,0.330892319712408
ag-test-000137,0,0.5809454599220879,0.5859300079546881,1,0.330892319712408
ag-test-000138,0,0.3353363548729589,0.306010725453638,0,0.330892319712408
ag-test-000139,0,0.0062867062346556825,0.008689993687724284,0,0.330892319712408
ag-test-000140,0,0.4435079775602577,0.414109349807698,1,0.330892319712408
ag-test-000141,0,0.6311391866659738,0.6763076080626214,1,0.330892319712408
ag-test-000142,0,0.0002268699277233012,0.00022168091686954722,0,0.330892319712408
ag-test-000143,0,0.0037719136542486366,0.004236852694095614,0,0.330892319712408
ag-test-000144,0,0.007836259552601362,0.006937355032537084,0,0.330892319712408
ag-test-000145,0,0.0037027376832520255,0.004833050834629344,0,0.330892319712408
ag-test-000146,0,0.03408831901687472,0.02380508591058298,0,0.330892319712408
ag-test-000147,0,0.05753149725224462,0.0588879477522062,0,0.330892319712408
ag-test-000148,0,0.0025333485687598456,0.0023413355785478545,0,0.330892319712408
ag-test-000149,0,0.021848807666298233,0.011683929725427967,0,0.330892319712408
ag-test-000150,0,3.0989444310833e-05,2.9845673860115518e-05,0,0.330892319712408
ag-test-000151,0,0.000920888864665028,0.0007598431133644636,0,0.330892319712408
ag-test-000152,0,0.009639506788926989,0.009945783243108084,0,0.330892319712408
ag-test-000153,0,0.02055607198034894,0.01437308902102861,0,0.330892319712408
ag-test-000154,0,0.07037136659371707,0.0686714408849951,0,0.330892319712408
ag-test-000155,0,0.00461381853671952,0.004101890700113826,0,0.330892319712408
ag-test-000156,0,3.0845245144334215e-05,3.124283630194424e-05,0,0.330892319712408
ag-test-000157,0,0.003457633530612818,0.0029281334819365678,0,0.330892319712408
ag-test-000158,0,0.002809933842717784,0.004275059335406408,0,0.330892319712408
ag-test-000159,0,0.1333507619150347,0.09195459324261149,0,0.330892319712408
ag-test-000160,0,0.011461875552786016,0.010054671375718449,0,0.330892319712408
ag-test-000161,0,0.008847669121903273,0.007602366219337354,0,0.330892319712408
ag-test-000162,0,6.390993324293452e-05,5.638985485627241e-05,0,0.330892319712408
ag-test-000163,1,0.5420415300596155,0.5318936982217053,1,0.330892319712408
ag-test-000164,0,0.008302464170632925,0.0062722397643965614,0,0.330892319712408
ag-test-000165,0,0.0032713199364025848,0.002961380341000296,0,0.330892319712408
ag-test-000166,0,0.0032206577802357797,0.0022361738395633535,0,0.330892319712408
ag-test-000167,0,0.006542285749779446,0.005246437298187585,0,0.330892319712408
ag-test-000168,1,0.6839749339886959,0.6404874409687887,1,0.330892319712408
ag-test-000169,0,0.01964910158568046,0.014123200893941928,0,0.330892319712408
ag-test-000170,0,0.008319033000701187,0.005659176643515494,0,0.330892319712408
ag-test-000171,0,0.010864991359395228,0.014369717160506194,0,0.330892319712408
ag-test-000172,0,0.0007546835404288716,0.0008620968271400329,0,0.330892319712408
ag-test-000173,0,0.013934446981859411,0.012906444880866204,0,0.330892319712408
ag-test-000174,0,0.001454894213588906,0.0009760572609739782,0,0.330892319712408
ag-test-000175,0,0.028533452146188663,0.028840144599108136,0,0.330892319712408
ag-test-000176,0,0.00039093787556178865,0.00023420928224723883,0,0.330892319712408
ag-test-000177,0,0.2038431808832109,0.16798963856101856,0,0.330892319712408
ag-test-000178,0,0.01183473446008507,0.011033191148717468,0,0.330892319712408
ag-test-000179,0,0.0017523476078804767,0.001894348622032391,0,0.330892319712408
ag-test-000180,1,0.46805816031161224,0.44703165270670486,1,0.330892319712408
ag-test-000181,0,0.03661027931985098,0.042570428488714986,0,0.330892319712408
ag-test-000182,0,0.00030948589125523413,0.0003646790416883025,0,0.330892319712408
ag-test-000183,0,0.7567294853969191,0.7675810202765747,1,0.330892319712408
ag-test-000184,0,0.005854152863509467,0.006316718426978213,0,0.330892319712408
ag-test-000185,0,9.818910643255678e-05,0.00011032984091114537,0,0.330892319712408
ag-test-000186,0,0.011519125552712067,0.009700512385694183,0,0.330892319712408
ag-test-000187,0,0.014104691353496089,0.01341814394572328,0,0.330892319712408
ag-test-000188,0,0.008412560332378374,0.009762810022644114,0,0.330892319712408
ag-test-000189,0,0.0022941198664483526,0.0019404975516621905,0,0.330892319712408
ag-test-000190,1,0.5971029642148001,0.5689547467296925,1,0.330892319712408
ag-test-000191,0,0.2521577008578457,0.20394256670228672,0,0.330892319712408
ag-test-000192,0,0.022791870924261676,0.02270455437446991,0,0.330892319712408
ag-test-000193,0,0.0009071116580798885,0.0009345509200286359,0,0.330892319712408
ag-test-000194,0,0.04531635297268763,0.035503263776386865,0,0.330892319712408
ag-test-000195,1,0.9087491408847469,0.8867188368428881,1,0.330892319712408
ag-test-000196,0,0.0011820077031161355,0.001065091675703232,0,0.330892319712408
ag-test-000197,0,0.0008344321961471136,0.0009479464945242148,0,0.330892319712408
ag-test-000198,0,0.0011298631462285777,0.000979642114948204,0,0.330892319712408
ag-test-000199,0,0.397789307489455,0.3868330225068532,1,0.330892319712408
ag-test-000200,0,0.0007706740524625292,0.0005702557898968307,0,0.330892319712408
ag-test-000201,0,0.043066329048175506,0.034560292421430376,0,0.330892319712408
ag-test-000202,0,0.01616779718398085,0.01336126787235362,0,0.330892319712408
ag-test-000203,0,0.0004281995245657416,0.00037036919654876213,0,0.330892319712408
ag-test-000204,0,0.01829917171548289,0.024146376388115856,0,0.330892319712408
ag-test-000205,0,0.0003041988502961419,0.00023557955124118944,0,0.330892319712408
ag-test-000206,1,0.22143752812577067,0.18970906013483102,0,0.330892319712408
ag-test-000207,0,0.0013314280582656178,0.0009678941818101549,0,0.330892319712408
ag-test-000208,0,0.0002034947985066754,8.067736671953674e-05,0,0.330892319712408
ag-test-000209,0,0.0025787441440690505,0.0017720003902732433,0,0.330892319712408
ag-test-000210,0,0.006357898319797282,0.007342683807997182,0,0.330892319712408
ag-test-000211,0,4.391144696240212e-05,4.883550470734199e-05,0,0.330892319712408
ag-test-000212,0,0.001462659738393594,0.0009930138875673233,0,0.330892319712408
ag-test-000213,0,0.02693212126391637,0.018570170366231313,0,0.330892319712408
ag-test-000214,0,0.06711220019679084,0.04268160927682556,0,0.330892319712408
ag-test-000215,0,0.003593988880375233,0.0036241522684216957,0,0.330892319712408
ag-test-000216,1,0.5849220408734572,0.6352037317306906,1,0.330892319712408
ag-test-000217,0,0.0007027624885961799,0.00041781876389504935,0,0.330892319712408
ag-test-000218,0,0.07349970567495806,0.06428936495647979,0,0.330892319712408
ag-test-000219,0,0.053059000928218594,0.037793464216381155,0,0.330892319712408
ag-test-000220,0,0.04107413540102159,0.025557763869263856,0,0.330892319712408
ag-test-000221,0,0.013124107033562555,0.009397479174410656,0,0.330892319712408
ag-test-000222,0,0.0009899985672643466,0.0005968498363340891,0,0.330892319712408
ag-test-000223,0,0.4681369171789924,0.46426235645901254,1,0.330892319712408
ag-test-000224,0,0.22409070589288235,0.25950246859864784,0,0.330892319712408
ag-test-000225,0,0.00010550345015840148,0.00018952488258717706,0,0.330892319712408
ag-test-000226,0,0.0013447670867302829,0.001465076604632218,0,0.330892319712408
ag-test-000227,0,0.029461495244640916,0.01861697350651806,0,0.330892319712408
ag-test-000228,1,0.7879865203976325,0.7427931232031009,1,0.330892319712408
ag-test-000229,0,0.0006157402394402379,0.0006733588262943479,0,0.330892319712408
ag-test-000230,0,0.05010081979780751,0.0500738430406339,0,0.330892319712408
ag-test-000231,0,0.00013156803310700033,0.00014888583005546048,0,0.330892319712408
ag-test-000232,0,0.017281458871859407,0.015823999377740063,0,0.330892319712408
ag-test-000233,0,0.12399453223645414,0.07883259703233149,0,0.330892319712408
ag-test-000234,0,0.011262069106426532,0.010067758971200802,0,0.330892319712408
ag-test-000235,1,0.8652148094115293,0.8593316804623975,1,0.330892319712408
ag-test-000236,1,0.4994006942967975,0.5021297353624767,1,0.330892319712408
ag-test-000237,0,0.0016187593580071922,0.0017813252232411153,0,0.330892319712408
ag-test-000238,0,0.0013251650277080653,0.001494983260105028,0,0.330892319712408
ag-test-000239,0,0.03254976357291921,0.021276290057740635,0,0.330892319712408
ag-test-000240,1,0.8670846008573085,0.9060316439620928,1,0.330892319712408
ag-test-000241,0,0.04574042400056496,0.02672298348957202,0,0.330892319712408
ag-test-000242,0,0.010290899902648892,0.008972056443473658,0,0.330892319712408
ag-test-000243,0,0.0025481223752120735,0.00206973021322286,0,0.330892319712408
ag-test-000244,0,0.05448022508197992,0.07017191237991256,0,0.330892319712408
ag-test-000245,0,0.0001839650944467043,0.00016611357965864995,0,0.330892319712408
ag-test-000246,0,0.0014470015775541216,0.0010613407948656878,0,0.330892319712408
ag-test-000247,0,0.02633479984410019,0.01706068903600964,0,0.330892319712408
ag-test-000248,0,0.0005305370661558047,0.0005819479504443522,0,0.330892319712408
ag-test-000249,0,0.03743703787103073,0.027551593581597783,0,0.330892319712408
ag-test-000250,0,0.001690209135471149,0.001566962901165563,0,0.330892319712408
ag-test-000251,0,0.0009875560085143395,0.0009509243456322086,0,0.330892319712408
ag-test-000252,0,0.03437179437391256,0.030011015689125568,0,0.330892319712408
ag-test-000253,0,0.04350665197316218,0.025212854335194865,0,0.330892319712408
ag-test-000254,0,0.005679110371592093,0.003307086433168228,0,0.330892319712408
ag-test-000255,0,0.0030455769459805794,0.0028776823553199153,0,0.330892319712408
ag-test-000256,0,0.0028934648015179793,0.0020425543278152812,0,0.330892319712408
ag-test-000257,0,0.026319184175349022,0.01969161381778872,0,0.330892319712408
ag-test-000258,0,0.004689605451449799,0.002418828080147429,0,0.330892319712408
ag-test-000259,1,0.4244630312616214,0.32875665675977156,0,0.330892319712408
ag-test-000260,0,0.005338506346846233,0.007294112491297616,0,0.330892319712408
ag-test-000261,0,0.030157453484265916,0.03592721252700646,0,0.330892319712408
ag-test-000262,0,0.0013955386663850806,0.0011102088825016123,0,0.330892319712408
ag-test-000263,0,0.06951188564570254,0.05953141605510898,0,0.330892319712408
ag-test-000264,0,0.021833875798787154,0.018190921712675796,0,0.330892319712408
ag-test-000265,0,0.03067360498624287,0.024542213395010216,0,0.330892319712408
ag-test-000266,0,0.007435129051530548,0.005551678643868098,0,0.330892319712408
ag-test-000267,0,0.014197764659932308,0.011940357228878252,0,0.330892319712408
ag-test-000268,1,0.3602727740528313,0.3544248735720173,1,0.330892319712408
ag-test-000269,0,0.025605114771072787,0.022020022187090642,0,0.330892319712408
ag-test-000270,0,0.012528077529766085,0.01546497279845546,0,0.330892319712408
ag-test-000271,0,0.002597598345667361,0.0021061738742994417,0,0.330892319712408
ag-test-000272,1,0.7470842150892394,0.776959169575092,1,0.330892319712408
ag-test-000273,0,0.0039928018371645935,0.0027581633194617384,0,0.330892319712408
ag-test-000274,0,0.020207475288956746,0.021727520198761792,0,0.330892319712408
ag-test-000275,0,0.0029029584672614506,0.00249728557819323,0,0.330892319712408
ag-test-000276,1,0.6031404057402047,0.5866038663149421,1,0.330892319712408
ag-test-000277,0,0.0015199237424532157,0.0019516300324102598,0,0.330892319712408
ag-test-000278,0,0.035399918137498446,0.030710887319330218,0,0.330892319712408
ag-test-000279,0,0.008638191076120958,0.007516349138885265,0,0.330892319712408
ag-test-000280,0,0.0307413973924008,0.028567017429235828,0,0.330892319712408
ag-test-000281,0,0.887792559180599,0.8733227710137574,1,0.330892319712408
ag-test-000282,0,0.0435064250018479,0.011276778605867703,0,0.330892319712408
ag-test-000283,0,0.00014207358906281675,0.00014226461087022137,0,0.330892319712408
ag-test-000284,0,0.00011996437588361561,0.00015024199960426033,0,0.330892319712408
ag-test-000285,0,5.6627116498190745e-05,5.467649085197364e-05,0,0.330892319712408
ag-test-000286,0,0.032449949453324765,0.021829099285510876,0,0.330892319712408
ag-test-000287,0,0.007738299333582761,0.0068850199358268084,0,0.330892319712408
ag-test-000288,0,0.00018614449687191895,7.215588479574127e-05,0,0.330892319712408
ag-test-000289,0,0.0030356352910654648,0.0033465340328093117,0,0.330892319712408
ag-test-000290,0,0.012805692480513685,0.010076586217292838,0,0.330892319712408
ag-test-000291,1,0.03795576067691748,0.04116756673299862,0,0.330892319712408
ag-test-000292,0,0.01051560679668335,0.008767899070294285,0,0.330892319712408
ag-test-000293,0,0.028661549862935565,0.02450151327155194,0,0.330892319712408
ag-test-000294,1,0.7552266239811487,0.7628692970364238,1,0.330892319712408
ag-test-000295,1,0.22680259735659797,0.2957911364710236,0,0.330892319712408
ag-test-000296,0,0.011738685523195467,0.007186337599490704,0,0.330892319712408
ag-test-000297,0,0.4424203101930994,0.3979104250254641,1,0.330892319712408
ag-test-000298,0,9.650074264199624e-05,8.712706850279803e-05,0,0.330892319712408
ag-test-000299,0,0.0008742463791415692,0.0010328807677340616,0,0.330892319712408
ag-test-000300,0,0.7506823567899061,0.7515231150718978,1,0.330892319712408
ag-test-000301,0,0.0014936097863083389,0.0014908464187344203,0,0.330892319712408
ag-test-000302,0,0.06881611360767824,0.04315668694747817,0,0.330892319712408
ag-test-000303,0,0.1444230554347228,0.16614318238315004,0,0.330892319712408
ag-test-000304,0,0.0007635166029000491,0.0006586844677250035,0,0.330892319712408
ag-test-000305,0,0.059818866866799165,0.06384974925097169,0,0.330892319712408
ag-test-000306,0,0.00020919987729886582,0.0002134390822731456,0,0.330892319712408
ag-test-000307,0,0.002700231842544017,0.002549223837337138,0,0.330892319712408
ag-test-000308,0,0.00013054643521703713,0.0003063854035484775,0,0.330892319712408
ag-test-000309,0,0.0026757416201122217,0.0029805979972539775,0,0.330892319712408
ag-test-000310,0,0.21402795797111704,0.1971689456207348,0,0.330892319712408
ag-test-000311,0,0.0003005704439189202,0.0003566278718851337,0,0.330892319712408
ag-test-000312,0,0.0016359508619631816,0.001684250336478299,0,0.330892319712408
ag-test-000313,0,0.016184314544846732,0.014718299391939681,0,0.330892319712408
ag-test-000314,0,0.00622423301939006,0.005156103430105322,0,0.330892319712408
ag-test-000315,0,0.0005976748771055157,0.0004024851323760521,0,0.330892319712408
ag-test-000316,0,0.011428555402793231,0.009294553647937838,0,0.330892319712408
ag-test-000317,0,0.0010123837455148646,0.001934649692130362,0,0.330892319712408
ag-test-000318,0,0.0010998026139365127,0.0012826422376336695,0,0.330892319712408
ag-test-000319,0,0.001882945159571598,0.0019131523204433823,0,0.330892319712408
ag-test-000320,1,0.6786745141023157,0.6779112843918587,1,0.330892319712408
ag-test-000321,0,0.014713093181629871,0.0198031553377808,0,0.330892319712408
ag-test-000322,0,0.02087344380614092,0.015600600278104955,0,0.330892319712408
ag-test-000323,0,0.003848814746989992,0.004641151193156265,0,0.330892319712408
ag-test-000324,0,0.01721009925373319,0.017088312379897955,0,0.330892319712408
ag-test-000325,0,0.002361880455736246,0.00232964557536767,0,0.330892319712408
ag-test-000326,1,0.7951898369968067,0.7648954205384709,1,0.330892319712408
ag-test-000327,0,0.0007232166904123653,0.0007611541221459166,0,0.330892319712408
ag-test-000328,0,0.31579572477794227,0.3257048461305044,0,0.330892319712408
ag-test-000329,0,0.0027070641088862346,0.0015957162224636895,0,0.330892319712408
ag-test-000330,0,0.000464218264035064,0.00042217958086627686,0,0.330892319712408
ag-test-000331,0,0.0059752819286348095,0.003767587322241186,0,0.330892319712408
ag-test-000332,0,0.003105691856761327,0.002105483558803226,0,0.330892319712408
ag-test-000333,1,0.8914074854519994,0.8898503669348055,1,0.330892319712408
ag-test-000334,0,0.0035811440572655023,0.003947232834163065,0,0.330892319712408
ag-test-000335,0,0.0027798842267917406,0.002241949217651401,0,0.330892319712408
ag-test-000336,0,0.014634225213583806,0.013238072457728019,0,0.330892319712408
ag-test-000337,0,0.002157753536929227,0.002003164896426171,0,0.330892319712408
ag-test-000338,0,0.06365627276948134,0.053315448430727955,0,0.330892319712408
ag-test-000339,0,0.26411335590053103,0.24612899074970512,0,0.330892319712408
ag-test-000340,0,0.0039037982309722175,0.0019656760878832813,0,0.330892319712408
ag-test-000341,0,0.00094691588596618,0.00117739245555471,0,0.330892319712408
ag-test-000342,0,0.0003194356125532594,0.00035986551598121333,0,0.330892319712408
ag-test-000343,0,0.05010081979780751,0.0500738430406339,0,0.330892319712408
ag-test-000344,1,0.42548391462147417,0.36463686489185865,1,0.330892319712408
ag-test-000345,0,0.002030547863768533,0.0026765286962743464,0,0.330892319712408
ag-test-000346,1,0.32617457232477026,0.2599255497882015,0,0.330892319712408
ag-test-000347,0,0.0067690313638530215,0.0074803253409938975,0,0.330892319712408
ag-test-000348,0,0.015472076117326048,0.01336597273298339,0,0.330892319712408
ag-test-000349,0,0.05552579120611271,0.04573838517059505,0,0.330892319712408
ag-test-000350,0,0.0065498101703129604,0.005628202015161499,0,0.330892319712408
ag-test-000351,0,1.5076008505743747e-05,1.6122243233669455e-05,0,0.330892319712408
ag-test-000352,1,0.01202305983499041,0.013257023161110484,0,0.330892319712408
ag-test-000353,0,0.16101908526935207,0.14684270751460088,0,0.330892319712408
ag-test-000354,0,0.005296110190394656,0.006094029336820901,0,0.330892319712408
ag-test-000355,1,0.735559847790319,0.7492672143684753,1,0.330892319712408
ag-test-000356,0,0.01904507618968969,0.017804759703208276,0,0.330892319712408
ag-test-000357,0,0.08265969088676929,0.08509800259713197,0,0.330892319712408
ag-test-000358,0,0.08113705666433518,0.06355063838407657,0,0.330892319712408
ag-test-000359,0,0.020603025474344245,0.017944469009828143,0,0.330892319712408
ag-test-000360,0,0.000631407069484069,0.0007827675312670005,0,0.330892319712408
ag-test-000361,0,0.029021085595127886,0.03908382013342971,0,0.330892319712408
ag-test-000362,0,0.04793738884622047,0.04346736210257999,0,0.330892319712408
ag-test-000363,1,0.4238407499861804,0.44449859729082186,1,0.330892319712408
ag-test-000364,0,0.018101353061891364,0.015422846515805978,0,0.330892319712408
ag-test-000365,0,0.0001524064128168693,0.0001316392983151629,0,0.330892319712408
ag-test-000366,0,0.03255438916342189,0.028740070500467348,0,0.330892319712408
ag-test-000367,0,0.012088179769704317,0.009594095416980518,0,0.330892319712408
ag-test-000368,0,5.111150809701458e-05,5.965215735035209e-05,0,0.330892319712408
ag-test-000369,0,0.029549095065824697,0.042377618918036784,0,0.330892319712408
ag-test-000370,0,0.018285149692271706,0.020793555226668294,0,0.330892319712408
ag-test-000371,0,0.005431154805375862,0.004740142399578632,0,0.330892319712408
ag-test-000372,0,0.044694585424349134,0.030383218012844722,0,0.330892319712408
ag-test-000373,0,0.000338550163360972,0.00027839503751703323,0,0.330892319712408
ag-test-000374,0,0.0004387536545938884,0.0005416438766054211,0,0.330892319712408
ag-test-000375,0,0.00011558760597856605,0.00014167346460117487,0,0.330892319712408
ag-test-000376,0,0.030441009039918736,0.02441754289914103,0,0.330892319712408
ag-test-000377,0,0.02104219839229148,0.024949241513586778,0,0.330892319712408
ag-test-000378,0,0.0016038479781616895,0.0013155224179692605,0,0.330892319712408
ag-test-000379,0,0.00689952478204679,0.005534715963109858,0,0.330892319712408
ag-test-000380,0,0.0051310587062153735,0.0056954430227374305,0,0.330892319712408
ag-test-000381,0,0.0017286067551217919,0.00216380264465958,0,0.330892319712408
ag-test-000382,0,0.005803997682104729,0.00591734731554471,0,0.330892319712408
ag-test-000383,0,0.01772066399486874,0.009716052635786522,0,0.330892319712408
ag-test-000384,0,0.19709508692940209,0.29443915023821976,0,0.330892319712408
ag-test-000385,0,0.0052555894635651045,0.003810708853378142,0,0.330892319712408
ag-test-000386,0,0.001283151888026443,0.0015289088539296458,0,0.330892319712408
ag-test-000387,0,0.0011854998747617043,0.001327629711787891,0,0.330892319712408
ag-test-000388,0,0.10223048657245797,0.10193239514559325,0,0.330892319712408
ag-test-000389,0,0.12980033186966966,0.11967251367861619,0,0.330892319712408
ag-test-000390,0,0.0010809437432214694,0.0007807332315033417,0,0.330892319712408
ag-test-000391,0,0.029315024143400214,0.017288103674087466,0,0.330892319712408
ag-test-000392,0,0.01672713553417745,0.01948590132438114,0,0.330892319712408
ag-test-000393,0,0.00344032264081249,0.002089670399747361,0,0.330892319712408
ag-test-000394,0,0.001022420153548657,0.001093671643404415,0,0.330892319712408
ag-test-000395,0,0.01729864567033299,0.010856702837556815,0,0.330892319712408
ag-test-000396,0,0.009263412988212894,0.009379823783511033,0,0.330892319712408
ag-test-000397,0,0.019777229213116216,0.016156821294509533,0,0.330892319712408
ag-test-000398,0,0.0017348545586823646,0.0018395319399674846,0,0.330892319712408
ag-test-000399,1,0.2777527911641632,0.28339742356778513,0,0.330892319712408
ag-test-000400,0,0.01848769695747505,0.01436575400932733,0,0.330892319712408
ag-test-000401,0,0.004958402322332189,0.00525928993920078,0,0.330892319712408
ag-test-000402,0,0.04081224287352248,0.03098905230215872,0,0.330892319712408
ag-test-000403,0,0.0035997954511682796,0.004546743874433219,0,0.330892319712408
ag-test-000404,0,0.0036460216528193872,0.0029778682592359633,0,0.330892319712408
ag-test-000405,0,0.015100228554262216,0.01337102637950503,0,0.330892319712408
ag-test-000406,0,0.001367319141040506,0.001988684679550015,0,0.330892319712408
ag-test-000407,0,0.006161462284812727,0.006642689480513673,0,0.330892319712408
ag-test-000408,0,0.0002005903967080965,0.00016064336290546731,0,0.330892319712408
ag-test-000409,0,0.0016012661285266718,0.0016671085652968634,0,0.330892319712408
ag-test-000410,0,0.0010107065150626391,0.0005638362572888446,0,0.330892319712408
ag-test-000411,0,0.00017971514209833884,0.00023712476021749547,0,0.330892319712408
ag-test-000412,0,0.008629078803552218,0.01291287753481921,0,0.330892319712408
ag-test-000413,0,0.2885333325671539,0.3303260967698837,0,0.330892319712408
ag-test-000414,0,0.00016696957043090766,0.0001238039784349125,0,0.330892319712408
ag-test-000415,1,0.6471659004799432,0.6875330708159669,1,0.330892319712408
ag-test-000416,0,0.0028525447588493933,0.002847191092054923,0,0.330892319712408
ag-test-000417,0,0.008416807408250288,0.007155931458438091,0,0.330892319712408
ag-test-000418,0,0.6737466701757997,0.6837107160165437,1,0.330892319712408
ag-test-000419,1,0.10342196773005399,0.09257343513161262,0,0.330892319712408
ag-test-000420,0,0.0015414935646325383,0.0014398809502813423,0,0.330892319712408
ag-test-000421,1,0.4142357494220502,0.42477662102900937,1,0.330892319712408
ag-test-000422,0,0.006869471829939126,0.006116366291138155,0,0.330892319712408
ag-test-000423,0,0.0012756699127833182,0.000933877389015307,0,0.330892319712408
ag-test-000424,0,0.1846776788691541,0.3393288534745288,1,0.330892319712408
ag-test-000425,0,0.01213812097755048,0.007387358387224192,0,0.330892319712408
ag-test-000426,0,0.3867872914082116,0.38179238823064354,1,0.330892319712408
ag-test-000427,0,0.006955626775658283,0.006180226302702875,0,0.330892319712408
ag-test-000428,0,0.06575765052641137,0.05724964287826373,0,0.330892319712408
ag-test-000429,0,0.004314410077471036,0.005278657408586501,0,0.330892319712408
ag-test-000430,0,0.013455469224787905,0.013929519495472005,0,0.330892319712408
ag-test-000431,0,0.024773103695064035,0.02345860931418045,0,0.330892319712408
ag-test-000432,0,0.18210923688063088,0.1499061389977388,0,0.330892319712408
ag-test-000433,0,0.035654963866737686,0.028417945668686013,0,0.330892319712408
ag-test-000434,0,0.0002786287069520059,0.0002638020501548728,0,0.330892319712408
ag-test-000435,0,0.02437993351727097,0.026534372763913145,0,0.330892319712408
ag-test-000436,0,0.019491305268386376,0.01631720414203894,0,0.330892319712408
ag-test-000437,0,0.008913728662324509,0.007251134716168237,0,0.330892319712408
ag-test-000438,0,0.03217603713937395,0.0348254238231291,0,0.330892319712408
ag-test-000439,0,0.0002631702763768968,0.0003722901591987944,0,0.330892319712408
ag-test-000440,0,0.00013458068237561928,0.00012657652955106098,0,0.330892319712408
ag-test-000441,0,0.0015556774936389586,0.0014088911834250993,0,0.330892319712408
ag-test-000442,0,0.00024000096935115165,0.0002472815258454868,0,0.330892319712408
ag-test-000443,0,0.0002351290291095172,0.00019199396291418074,0,0.330892319712408
ag-test-000444,0,0.0023591724179221276,0.001762377447803767,0,0.330892319712408
ag-test-000445,0,0.022819072572328975,0.017270572251501186,0,0.330892319712408
ag-test-000446,0,0.002336928993909826,0.0028853473290635172,0,0.330892319712408
ag-test-000447,0,0.005735730629985792,0.0036526612878706563,0,0.330892319712408
ag-test-000448,0,0.0004204888074440966,0.0003069973556164729,0,0.330892319712408
ag-test-000449,0,0.0024695067018198464,0.002008328113797592,0,0.330892319712408
ag-test-000450,0,0.029622198746700752,0.021401749281283734,0,0.330892319712408
ag-test-000451,0,0.0018869461628474476,0.0016565396801545146,0,0.330892319712408
ag-test-000452,0,0.02545620779239862,0.03030142239246444,0,0.330892319712408
ag-test-000453,0,0.012873016241638228,0.007468846570636217,0,0.330892319712408
ag-test-000454,0,0.00048430139249617805,0.0005227425327992702,0,0.330892319712408
ag-test-000455,0,0.000809211833531856,0.001254976154334778,0,0.330892319712408
ag-test-000456,0,0.009817564706944778,0.008003893670761476,0,0.330892319712408
ag-test-000457,0,0.02315361833309082,0.019399175488559597,0,0.330892319712408
ag-test-000458,0,0.0011997873115915376,0.00104813176155966,0,0.330892319712408
ag-test-000459,0,0.0012138275734521033,0.0008999428713507672,0,0.330892319712408
ag-test-000460,0,0.013166330652212564,0.013388864656114831,0,0.330892319712408
ag-test-000461,1,0.27569033460016806,0.25911916728890677,0,0.330892319712408
ag-test-000462,0,0.03854153188132192,0.03504041260036493,0,0.330892319712408
ag-test-000463,0,0.0016123808179718902,0.0022869075768304978,0,0.330892319712408
ag-test-000464,0,0.008216611628231025,0.005147358560108681,0,0.330892319712408
ag-test-000465,1,0.5475587452225635,0.4967455933271911,1,0.330892319712408
ag-test-000466,0,0.00024203106649872927,0.00022645751454679672,0,0.330892319712408
ag-test-000467,0,0.02320103295161592,0.012965439180240892,0,0.330892319712408
ag-test-000468,0,0.047199193925459425,0.0510579123125515,0,0.330892319712408
ag-test-000469,0,0.016351664517360275,0.016421410825806296,0,0.330892319712408
ag-test-000470,0,0.00010852488135780333,5.595511458812607e-05,0,0.330892319712408
ag-test-000471,0,0.5779843314030747,0.544205317533645,1,0.330892319712408
ag-test-000472,0,0.000200773569024287,0.00016103818601252611,0,0.330892319712408
ag-test-000473,0,0.017231787162485874,0.011649177388984579,0,0.330892319712408
ag-test-000474,0,0.00043601270621820766,0.000424589541663904,0,0.330892319712408
ag-test-000475,0,0.032882626638221946,0.020569017345932833,0,0.330892319712408
ag-test-000476,0,0.0030957435199984464,0.0029238284364256615,0,0.330892319712408
ag-test-000477,0,0.0003615269158451086,0.00022693477495441813,0,0.330892319712408
ag-test-000478,0,0.03677162880899938,0.03639229999576154,0,0.330892319712408
ag-test-000479,0,0.03218134599376161,0.03541122025342849,0,0.330892319712408
ag-test-000480,0,0.004829778866129069,0.004609633439108311,0,0.330892319712408
ag-test-000481,0,0.0015815062595831003,0.0017900959920243175,0,0.330892319712408
ag-test-000482,0,0.050374317282742935,0.040443059637099106,0,0.330892319712408
ag-test-000483,0,0.004817715244798538,0.006083031366678596,0,0.330892319712408
ag-test-000484,0,0.47860572629514847,0.4760663622077555,1,0.330892319712408
ag-test-000485,0,0.001019565004491826,0.0010174456704078083,0,0.330892319712408
ag-test-000486,0,0.008914121527176619,0.009308469081086611,0,0.330892319712408
ag-test-000487,0,0.007038344077167751,0.013663867367092325,0,0.330892319712408
ag-test-000488,0,0.07870291726338627,0.06515856229846058,0,0.330892319712408
ag-test-000489,0,0.0002554784094054482,0.0002817069018133397,0,0.330892319712408
ag-test-000490,0,0.003302142407428908,0.002367006314391587,0,0.330892319712408
ag-test-000491,0,0.0012620273955997303,0.00122369994626963,0,0.330892319712408
ag-test-000492,0,0.0019872649066548214,0.0020018203897914427,0,0.330892319712408
ag-test-000493,1,0.6386337945972631,0.7099911229972407,1,0.330892319712408
ag-test-000494,0,0.5514774721330704,0.5341283848530785,1,0.330892319712408
ag-test-000495,0,0.28604757852895,0.21666011385388081,0,0.330892319712408
ag-test-000496,0,0.00012674395212701177,8.280997748634578e-05,0,0.330892319712408
ag-test-000497,0,0.007448818530226064,0.003892850693474492,0,0.330892319712408
ag-test-000498,0,0.002513953729371401,0.0019282408377758365,0,0.330892319712408
ag-test-000499,0,0.0005271530785854633,0.0006051027453663102,0,0.330892319712408
ag-test-000500,0,0.00012145861689218558,0.00010160225656048506,0,0.330892319712408
ag-test-000501,0,0.6358229101161792,0.6945604506238455,1,0.330892319712408
ag-test-000502,0,0.014825607627209008,0.01525752275650651,0,0.330892319712408
ag-test-000503,0,0.027375426133308105,0.024601443514144995,0,0.330892319712408
ag-test-000504,0,0.015741196976201997,0.011695066706178151,0,0.330892319712408
ag-test-000505,0,0.0003313377273074239,0.00037098634829060796,0,0.330892319712408
ag-test-000506,0,0.004408368954784439,0.0045816060159873774,0,0.330892319712408
ag-test-000507,0,0.022875848851568868,0.01773948978745744,0,0.330892319712408
ag-test-000508,0,0.16002698479575989,0.15709094552978556,0,0.330892319712408
ag-test-000509,0,0.013524187211991813,0.011333923850910345,0,0.330892319712408
ag-test-000510,0,0.012134904675152504,0.00996291414445253,0,0.330892319712408
ag-test-000511,0,0.0005222650512110355,0.0004893040603457608,0,0.330892319712408
ag-test-000512,0,0.0030765435278034487,0.0015965698308294592,0,0.330892319712408
ag-test-000513,0,0.004842687204370146,0.0038096513284902227,0,0.330892319712408
ag-test-000514,0,0.017232914941600334,0.019802385137466603,0,0.330892319712408
ag-test-000515,0,0.006038103918710466,0.005617944677848844,0,0.330892319712408
ag-test-000516,0,0.025129928462955604,0.027022263554002546,0,0.330892319712408
ag-test-000517,0,0.0029747217934120557,0.0025275017779509885,0,0.330892319712408
ag-test-000518,0,0.009562471567293998,0.007946424822600278,0,0.330892319712408
ag-test-000519,0,0.013260383173125164,0.009852345778246452,0,0.330892319712408
ag-test-000520,1,0.7095073775533377,0.7750259455937171,1,0.330892319712408
ag-test-000521,0,0.0003012110304157251,0.0005963641678272674,0,0.330892319712408
ag-test-000522,1,0.05722905203747097,0.07204513985302739,0,0.330892319712408
ag-test-000523,0,0.00030951854067752646,0.0003905564522332665,0,0.330892319712408
ag-test-000524,1,0.8376369665935305,0.8263882150363867,1,0.330892319712408
ag-test-000525,0,0.04329309972068696,0.043510061403443,0,0.330892319712408
ag-test-000526,0,0.004183020017922307,0.004076316659448704,0,0.330892319712408
ag-test-000527,0,0.42542451211296384,0.4115085167190592,1,0.330892319712408
ag-test-000528,1,0.18390198064924346,0.1856342330264089,0,0.330892319712408
ag-test-000529,0,0.015126836797366568,0.013365601833176933,0,0.330892319712408
ag-test-000530,0,0.855787088824033,0.8352347331970077,1,0.330892319712408
ag-test-000531,0,0.01193261381898115,0.008080020783170369,0,0.330892319712408
ag-test-000532,1,0.858608000354106,0.8638999438061131,1,0.330892319712408
ag-test-000533,1,0.7873648739993537,0.7479146015694688,1,0.330892319712408
ag-test-000534,0,0.011524655305473669,0.008547858735833018,0,0.330892319712408
ag-test-000535,0,0.013671744788023453,0.015852755952123387,0,0.330892319712408
ag-test-000536,0,2.0163620326585566e-05,2.062332423160957e-05,0,0.330892319712408
ag-test-000537,0,0.013581159172638338,0.011519114014391645,0,0.330892319712408
ag-test-000538,0,0.0009717787910024043,0.0018774788410090082,0,0.330892319712408
ag-test-000539,0,0.0004661309093627671,0.0004674245482170355,0,0.330892319712408
ag-test-000540,0,0.0005688872448085182,0.0008233225075964731,0,0.330892319712408
ag-test-000541,0,0.014756725391582145,0.012556587495278458,0,0.330892319712408
ag-test-000542,0,0.012818569137769714,0.009831440008919,0,0.330892319712408
ag-test-000543,0,0.0006258406296930683,0.0006954981971822846,0,0.330892319712408
ag-test-000544,0,0.17264300563224538,0.14974783350252627,0,0.330892319712408
ag-test-000545,0,0.00032566204805104524,0.00035558366150249495,0,0.330892319712408
ag-test-000546,0,0.00020678033270815413,0.00020780587733090907,0,0.330892319712408
ag-test-000547,0,3.095163653313841e-05,3.071517397363215e-05,0,0.330892319712408
ag-test-000548,0,0.029210630894088756,0.02461470120648421,0,0.330892319712408
ag-test-000549,1,0.22148423255431388,0.18885843864063093,0,0.330892319712408
ag-test-000550,1,0.3090605896329344,0.2898425924577678,0,0.330892319712408
ag-test-000551,0,0.0036197074409461405,0.0039967488083134965,0,0.330892319712408
ag-test-000552,0,2.6724861899202654e-05,2.3800605148061716e-05,0,0.330892319712408
ag-test-000553,0,0.02197183641270811,0.016849578275261172,0,0.330892319712408
ag-test-000554,0,0.11794227105593524,0.1425565425813589,0,0.330892319712408
ag-test-000555,0,0.00686387992921593,0.005228075576434023,0,0.330892319712408
ag-test-000556,0,0.041516547146115045,0.03765634155627004,0,0.330892319712408
ag-test-000557,0,0.00030878546312583234,0.0002472204521947878,0,0.330892319712408
ag-test-000558,0,0.007434221331901871,0.0062119219685174325,0,0.330892319712408
ag-test-000559,0,0.040285730098905466,0.02983569364729993,0,0.330892319712408
ag-test-000560,0,0.0023193222172602397,0.0017422143076371278,0,0.330892319712408
ag-test-000561,1,0.23240363193754207,0.27689929813065606,0,0.330892319712408
ag-test-000562,1,0.24438252520612688,0.22551209602616942,0,0.330892319712408
ag-test-000563,0,0.002191438059627452,0.001958843258609319,0,0.330892319712408
ag-test-000564,0,0.004829933852441863,0.005282839993533875,0,0.330892319712408
ag-test-000565,0,0.007324880145626203,0.00623067732847999,0,0.330892319712408
ag-test-000566,0,0.002716959185605914,0.003381522703390794,0,0.330892319712408
ag-test-000567,0,0.008422820800240479,0.007887866207551166,0,0.330892319712408
ag-test-000568,1,0.771863760540346,0.7629229730864283,1,0.330892319712408
ag-test-000569,0,0.0015629388535691935,0.0015629388535691935,0,0.330892319712408
ag-test-000570,0,0.00030067038948555666,0.0003355877361366725,0,0.330892319712408
ag-test-000571,0,0.00030326872016367586,0.0002762976371352778,0,0.330892319712408
ag-test-000572,0,0.00023258411530211116,0.00025854892003843454,0,0.330892319712408
ag-test-000573,0,0.00025345166229693596,0.0003208069500291368,0,0.330892319712408
ag-test-000574,0,0.2038238555886161,0.18004385528361347,0,0.330892319712408
ag-test-000575,0,0.043066329048175506,0.034560292421430376,0,0.330892319712408
ag-test-000576,0,0.020199605824583272,0.012916583495707446,0,0.330892319712408
ag-test-000577,0,0.014184063723264962,0.013779498792235416,0,0.330892319712408
ag-test-000578,0,0.0036521162016165515,0.0035983674075498436,0,0.330892319712408
ag-test-000579,0,0.05477862808397598,0.03833726079892997,0,0.330892319712408
ag-test-000580,0,0.0021963847447311036,0.0024036625522527843,0,0.330892319712408
ag-test-000581,1,0.051588015308562545,0.05713926251236783,0,0.330892319712408
ag-test-000582,0,3.04875145649764e-05,2.1004214629326374e-05,0,0.330892319712408
ag-test-000583,0,0.0025243899767395358,0.0018717392658954535,0,0.330892319712408
ag-test-000584,0,0.0009579010444169892,0.0009323209874940607,0,0.330892319712408
ag-test-000585,0,0.0009894383884047936,0.0006249676261773467,0,0.330892319712408
ag-test-000586,0,0.014219516883858297,0.01028317510975804,0,0.330892319712408
ag-test-000587,0,0.010966301513555463,0.01086789596856207,0,0.330892319712408
ag-test-000588,0,0.09122457499616446,0.04589393301207083,0,0.330892319712408
ag-test-000589,0,0.001276722545740799,0.0014642269121189972,0,0.330892319712408
ag-test-000590,0,0.007467864880419704,0.005758083986714808,0,0.330892319712408
ag-test-000591,0,0.02204298411784651,0.017180620321866055,0,0.330892319712408
ag-test-000592,0,0.05430528599853648,0.046523727660279096,0,0.330892319712408
ag-test-000593,0,0.001759448461633519,0.002242570060400418,0,0.330892319712408
ag-test-000594,0,0.0010661852430031182,0.0010971827381461596,0,0.330892319712408
ag-test-000595,0,0.00011182054723465914,9.41431082904687e-05,0,0.330892319712408
ag-test-000596,0,0.007341065749863456,0.005068778852536395,0,0.330892319712408
ag-test-000597,1,0.5730554290887708,0.5963377660588632,1,0.330892319712408
ag-test-000598,0,0.028476616058689428,0.026669140530085504,0,0.330892319712408
ag-test-000599,0,0.04823925887800844,0.03060795072319327,0,0.330892319712408
ag-test-000600,0,0.333438906779036,0.22185222367677943,0,0.330892319712408
ag-test-000601,0,0.35935491434986133,0.37995301837490736,1,0.330892319712408
ag-test-000602,1,0.44299835472010046,0.533869655030969,1,0.330892319712408
ag-test-000603,1,0.662278411473875,0.6789102940536954,1,0.330892319712408
ag-test-000604,0,0.04222924003081078,0.060619098402276646,0,0.330892319712408
ag-test-000605,0,0.02055607198034894,0.01437308902102861,0,0.330892319712408
ag-test-000606,0,0.00785027210329678,0.012850514384279577,0,0.330892319712408
ag-test-000607,1,0.5041176377539228,0.6425670335459953,1,0.330892319712408
ag-test-000608,0,0.009696425610253074,0.005919351617526244,0,0.330892319712408
ag-test-000609,0,0.011133504069285023,0.01046473909769582,0,0.330892319712408
ag-test-000610,0,0.011659110534084286,0.011449977942624466,0,0.330892319712408
ag-test-000611,0,0.0034727628660298905,0.0033789010267451145,0,0.330892319712408
ag-test-000612,0,0.09206603574838251,0.10787284303462728,0,0.330892319712408
ag-test-000613,0,0.004073542134006703,0.004544488380249595,0,0.330892319712408
ag-test-000614,1,0.13444092067145863,0.07986435294928396,0,0.330892319712408
ag-test-000615,0,0.0029394257006663134,0.003958321845581899,0,0.330892319712408
ag-test-000616,0,0.7035122445098575,0.6964735229454321,1,0.330892319712408
ag-test-000617,0,0.0028899090782543023,0.002463331702122693,0,0.330892319712408
ag-test-000618,0,0.006064924170201491,0.008021281583187387,0,0.330892319712408
ag-test-000619,0,0.016518672367956247,0.013767689713790277,0,0.330892319712408
ag-test-000620,0,0.07725657837437992,0.059556508800808136,0,0.330892319712408
ag-test-000621,0,0.015010098681191181,0.01005282730943116,0,0.330892319712408
ag-test-000622,0,0.0004113001185719475,0.0005301058440170008,0,0.330892319712408
ag-test-000623,0,0.012304622093118948,0.00949831798995316,0,0.330892319712408
ag-test-000624,0,0.00039156445834538525,0.00044197458060389247,0,0.330892319712408
ag-test-000625,0,0.00012792962797377627,0.00011832043827735475,0,0.330892319712408
ag-test-000626,0,0.004128434771923947,0.004086877667127282,0,0.330892319712408
ag-test-000627,0,0.00010018567245596663,0.0001260433136948978,0,0.330892319712408
ag-test-000628,0,0.05415576325149267,0.057118337926345505,0,0.330892319712408
ag-test-000629,0,0.030771631097621814,0.02017393776685309,0,0.330892319712408
ag-test-000630,0,0.0019126085210747828,0.001508472958499188,0,0.330892319712408
ag-test-000631,0,0.006290163217038181,0.007276389010421538,0,0.330892319712408
ag-test-000632,0,0.0036125700659173938,0.0033259775237914663,0,0.330892319712408
ag-test-000633,0,0.008370771701424267,0.006759101036219546,0,0.330892319712408
ag-test-000634,0,0.07629667137004152,0.07274826894973686,0,0.330892319712408
ag-test-000635,0,0.004272315863653418,0.003334074055282317,0,0.330892319712408
ag-test-000636,0,0.002725991578325989,0.002357461427869634,0,0.330892319712408
ag-test-000637,0,0.021784506517023117,0.01880884676850275,0,0.330892319712408
ag-test-000638,0,0.0011342580849617856,0.0012672636653412177,0,0.330892319712408
ag-test-000639,0,0.05127554771716489,0.046995471939558504,0,0.330892319712408
ag-test-000640,0,0.00834871517535523,0.0064558178290284466,0,0.330892319712408
ag-test-000641,0,0.08203959633037286,0.1055921142020966,0,0.330892319712408
ag-test-000642,1,0.6998974393957006,0.6404975159477908,1,0.330892319712408
ag-test-000643,0,0.013014188268272345,0.008097153451082624,0,0.330892319712408
ag-test-000644,0,0.0007759235773535312,0.0008513379372563276,0,0.330892319712408
ag-test-000645,0,0.0014684615677359241,0.0011295072534988693,0,0.330892319712408
ag-test-000646,0,0.00012156849308165981,0.00011095220628363283,0,0.330892319712408
ag-test-000647,0,0.01876278035086339,0.018788465050723124,0,0.330892319712408
ag-test-000648,0,0.0058622481615397005,0.004245011225653537,0,0.330892319712408
ag-test-000649,0,0.0026091523239207197,0.0027859393540083065,0,0.330892319712408
ag-test-000650,0,0.041680211121358134,0.03088494670706047,0,0.330892319712408
ag-test-000651,0,2.145697456450038e-05,2.3507483822333028e-05,0,0.330892319712408
ag-test-000652,0,0.009644766617922918,0.010591272321623641,0,0.330892319712408
ag-test-000653,0,0.00012977369784237483,0.00011585069049010099,0,0.330892319712408
ag-test-000654,0,0.0001736698877338435,0.0003166843129282769,0,0.330892319712408
ag-test-000655,0,0.0011702067798697875,0.0009516681367388236,0,0.330892319712408
ag-test-000656,0,0.012803781621103958,0.008811486745469053,0,0.330892319712408
ag-test-000657,1,0.5102662325042361,0.4862115160801512,1,0.330892319712408
ag-test-000658,0,0.053980758877066146,0.04229559154356437,0,0.330892319712408
ag-test-000659,0,0.010693347649319899,0.007428255176140817,0,0.330892319712408
ag-test-000660,1,0.6580888565474587,0.5729948302935641,1,0.330892319712408
ag-test-000661,0,0.0001984271139844283,0.00020919255504672977,0,0.330892319712408
ag-test-000662,0,0.005736267757803931,0.004199530496553782,0,0.330892319712408
ag-test-000663,0,0.010335202832361282,0.01128814381759347,0,0.330892319712408
ag-test-000664,0,0.0003989400691812271,0.0004938915521407561,0,0.330892319712408
ag-test-000665,0,0.018010860734722422,0.014707139401742399,0,0.330892319712408
ag-test-000666,0,0.0009423511581379721,0.0008951797240419716,0,0.330892319712408
ag-test-000667,0,0.03140503184072425,0.013982230378216453,0,0.330892319712408
ag-test-000668,0,0.08492222606220493,0.03572337184973166,0,0.330892319712408
ag-test-000669,0,0.000541433451477706,0.00040406890194447516,0,0.330892319712408
ag-test-000670,0,0.14411555822609268,0.16791771342161238,0,0.330892319712408
ag-test-000671,0,1.2128942637948492e-05,1.3566290195170835e-05,0,0.330892319712408
ag-test-000672,0,0.0018243479886157763,0.0013265037593094388,0,0.330892319712408
ag-test-000673,0,0.01976600370417413,0.019212317910178058,0,0.330892319712408
ag-test-000674,0,0.005883377773764206,0.005369417502334125,0,0.330892319712408
ag-test-000675,0,0.01668075572902282,0.011800265224244287,0,0.330892319712408
ag-test-000676,0,0.002585637308153904,0.0022751241855070523,0,0.330892319712408
ag-test-000677,1,0.7372468724769595,0.7368610172885675,1,0.330892319712408
ag-test-000678,0,0.6800505131370843,0.6776606304908437,1,0.330892319712408
ag-test-000679,1,0.2758819172555244,0.22446256051007404,0,0.330892319712408
ag-test-000680,0,0.024027204536076395,0.01883940925041046,0,0.330892319712408
ag-test-000681,0,0.01716805826582439,0.01270797633935518,0,0.330892319712408
ag-test-000682,0,0.001988144287236769,0.0015183196145874156,0,0.330892319712408
ag-test-000683,0,0.0002670200110171053,0.00021095653244558748,0,0.330892319712408
ag-test-000684,0,0.0002470639772925186,0.00030495052961961223,0,0.330892319712408
ag-test-000685,0,0.003917479215782702,0.002633599020742252,0,0.330892319712408
ag-test-000686,0,0.0025326865432465885,0.005618970869591356,0,0.330892319712408
ag-test-000687,0,0.0006492010323878501,0.0007012485265256375,0,0.330892319712408
ag-test-000688,0,0.00028847440135408505,0.00018885981099460032,0,0.330892319712408
ag-test-000689,0,0.03251067612310176,0.03386165918241062,0,0.330892319712408
ag-test-000690,0,0.2429292197921376,0.2301611879708595,0,0.330892319712408
ag-test-000691,0,0.0023989430982789463,0.002258445441393832,0,0.330892319712408
ag-test-000692,0,0.003539657899932516,0.0038349727617981665,0,0.330892319712408
ag-test-000693,0,0.00885808057902559,0.010575034041838929,0,0.330892319712408
ag-test-000694,0,0.13276972737197057,0.1239135922827033,0,0.330892319712408
ag-test-000695,1,0.37611603742277305,0.3518646145460729,1,0.330892319712408
ag-test-000696,0,3.808559748339476e-05,3.709371139692456e-05,0,0.330892319712408
ag-test-000697,0,0.006217457457833673,0.004269736783379505,0,0.330892319712408
ag-test-000698,0,2.4478725436341035e-05,2.1702209126663205e-05,0,0.330892319712408
ag-test-000699,0,0.00256298421894888,0.0021109075792434128,0,0.330892319712408
ag-test-000700,0,0.0006365535415735085,0.00045630466503899066,0,0.330892319712408
ag-test-000701,0,0.5171194511043931,0.4626978367041798,1,0.330892319712408
ag-test-000702,0,0.03301729381701475,0.04255350794064659,0,0.330892319712408
ag-test-000703,0,0.0003969703298623636,0.0004244232396814744,0,0.330892319712408
ag-test-000704,0,0.02206170071563162,0.018059156292002804,0,0.330892319712408
ag-test-000705,0,0.06371202399610457,0.04966347721445469,0,0.330892319712408
ag-test-000706,0,0.0017299033311926838,0.0016031300860570156,0,0.330892319712408
ag-test-000707,0,0.22444388641496912,0.1596158054285675,0,0.330892319712408
ag-test-000708,0,0.05760338077832944,0.05696555736668769,0,0.330892319712408
ag-test-000709,0,0.00158515572203856,0.002160089720542481,0,0.330892319712408
ag-test-000710,0,0.0030086008280653686,0.0037206683903953522,0,0.330892319712408
ag-test-000711,0,0.012357090223512711,0.012812450387826704,0,0.330892319712408
ag-test-000712,0,0.005933767434136568,0.00420240954553211,0,0.330892319712408
ag-test-000713,0,0.00909476513449147,0.005374832414820704,0,0.330892319712408
ag-test-000714,0,0.02151806666927889,0.018898616029926173,0,0.330892319712408
ag-test-000715,0,0.02764322207373304,0.022934635152550554,0,0.330892319712408
ag-test-000716,0,0.006231573546384157,0.005449140192168713,0,0.330892319712408
ag-test-000717,0,0.014271041298044485,0.014451911509270313,0,0.330892319712408
ag-test-000718,0,0.0029912419209097802,0.0021240615845779885,0,0.330892319712408
ag-test-000719,1,0.7612749557278977,0.7413786391801589,1,0.330892319712408
ag-test-000720,0,0.0013803525633529757,0.000956135148919143,0,0.330892319712408
ag-test-000721,0,0.006113993100131854,0.005271257279763083,0,0.330892319712408
ag-test-000722,0,0.0017796409716158944,0.001801008063442575,0,0.330892319712408
ag-test-000723,0,0.015026726994699572,0.015894521452648507,0,0.330892319712408
ag-test-000724,0,0.0004756537237219456,0.0003938741542346572,0,0.330892319712408
ag-test-000725,0,0.0057446454899112275,0.008317415471215216,0,0.330892319712408
ag-test-000726,1,0.8479531779894663,0.8307074949985169,1,0.330892319712408
ag-test-000727,0,0.07212184376854054,0.06123542566066193,0,0.330892319712408
ag-test-000728,0,7.620517129154489e-05,7.397119315087796e-05,0,0.330892319712408
ag-test-000729,0,0.024775188214679722,0.01585276662292734,0,0.330892319712408
ag-test-000730,0,3.889774982228216e-05,4.0739514018455984e-05,0,0.330892319712408
ag-test-000731,0,2.433886660442557e-05,2.6293190059761133e-05,0,0.330892319712408
ag-test-000732,0,0.0010463535153995612,0.0008947132001449214,0,0.330892319712408
ag-test-000733,0,0.00288223662599994,0.002902297089955151,0,0.330892319712408
ag-test-000734,0,0.11819736484395849,0.10252251034838412,0,0.330892319712408
ag-test-000735,0,0.01181673260405293,0.007438604969915186,0,0.330892319712408
ag-test-000736,0,0.0007808819502694024,0.0008573837115345415,0,0.330892319712408
ag-test-000737,0,0.00035035693104439996,0.00037038484159825313,0,0.330892319712408
ag-test-000738,0,0.007098292705839245,0.006463966603920361,0,0.330892319712408
ag-test-000739,0,0.010823363254478439,0.011921377241954533,0,0.330892319712408
ag-test-000740,0,0.0032928283299527195,0.0023234950744197244,0,0.330892319712408
ag-test-000741,1,0.8886274680243703,0.8924307084882436,1,0.330892319712408
ag-test-000742,0,0.0006318402128763914,0.0006543746365103901,0,0.330892319712408
ag-test-000743,0,0.000357160951789565,0.00025450148219155694,0,0.330892319712408
ag-test-000744,0,0.13607008806445178,0.1073102939972116,0,0.330892319712408
ag-test-000745,0,0.06908615226591358,0.03503656561506846,0,0.330892319712408
ag-test-000746,0,0.0002064108897999332,7.496636347482127e-05,0,0.330892319712408
ag-test-000747,0,0.011114590618717541,0.0095065798105767,0,0.330892319712408
ag-test-000748,0,0.002153959697742523,0.0017716374031030784,0,0.330892319712408
ag-test-000749,0,0.0002260825498777211,0.00030485057208445057,0,0.330892319712408
ag-test-000750,0,0.015280105748602715,0.010310749724657628,0,0.330892319712408
ag-test-000751,0,0.006465557022780706,0.004604284783029875,0,0.330892319712408
ag-test-000752,0,0.01166982404958199,0.00927147460567656,0,0.330892319712408
ag-test-000753,0,0.07936391682316622,0.06699425836184546,0,0.330892319712408
ag-test-000754,0,0.006293065779605885,0.004044238906202215,0,0.330892319712408
ag-test-000755,0,0.03177232559248153,0.040200840909187976,0,0.330892319712408
ag-test-000756,0,0.027513862896663913,0.019333049529680676,0,0.330892319712408
ag-test-000757,0,0.026374188881949753,0.03784952142960021,0,0.330892319712408
ag-test-000758,0,0.03093381155100081,0.023329143460951073,0,0.330892319712408
ag-test-000759,0,0.0038860240234367387,0.0035060989716840353,0,0.330892319712408
ag-test-000760,0,0.02932973341875482,0.03520492093092446,0,0.330892319712408
ag-test-000761,0,0.007920107029552962,0.007513822498722009,0,0.330892319712408
ag-test-000762,1,0.4686654020490288,0.46786560978810515,1,0.330892319712408
ag-test-000763,0,0.0009910963937025086,0.0009430485903201754,0,0.330892319712408
ag-test-000764,0,0.003060384831918527,0.0021638800773261155,0,0.330892319712408
ag-test-000765,0,0.017686661867762486,0.01805874227169756,0,0.330892319712408
ag-test-000766,0,0.027698947175711745,0.027464797388320528,0,0.330892319712408
ag-test-000767,0,0.0007489025129159582,0.0006973727223225641,0,0.330892319712408
ag-test-000768,0,0.0058519647568355555,0.00431794686299648,0,0.330892319712408
ag-test-000769,0,0.005535611370984486,0.007147354659777816,0,0.330892319712408
ag-test-000770,0,0.8621570131591559,0.8666328942768964,1,0.330892319712408
ag-test-000771,0,0.01920499352956217,0.013897970912254145,0,0.330892319712408
ag-test-000772,0,0.6382599509155603,0.6059569492500596,1,0.330892319712408
ag-test-000773,0,0.5320058150116689,0.5584565423096859,1,0.330892319712408
ag-test-000774,0,0.006236860735381786,0.004965101861299128,0,0.330892319712408
ag-test-000775,0,0.0012115930701468438,0.0010490977900289465,0,0.330892319712408
ag-test-000776,0,0.0019630919616826182,0.0011334016284164736,0,0.330892319712408
ag-test-000777,0,9.71868667652628e-05,8.907172578554047e-05,0,0.330892319712408
ag-test-000778,0,0.08737632939808547,0.07832121675283481,0,0.330892319712408
ag-test-000779,0,0.9564393126110998,0.9555587482143005,1,0.330892319712408
ag-test-000780,0,0.0010405094071483031,0.0011044673826494944,0,0.330892319712408
ag-test-000781,0,0.0002964362825901783,0.0003414561291084005,0,0.330892319712408
ag-test-000782,0,0.14220827562621954,0.09717180832239689,0,0.330892319712408
ag-test-000783,0,0.0017486520597745766,0.0015366508597033325,0,0.330892319712408
ag-test-000784,0,0.00011101311997007981,0.0001304596629997856,0,0.330892319712408
ag-test-000785,0,0.00978333328193384,0.0055922634181027235,0,0.330892319712408
ag-test-000786,0,0.06944578598711527,0.06828415590269103,0,0.330892319712408
ag-test-000787,0,0.00029167000054256095,0.00026482176484397287,0,0.330892319712408
ag-test-000788,0,0.004541140172720458,0.003388821043854713,0,0.330892319712408
ag-test-000789,0,0.5464999502331908,0.620273221580221,1,0.330892319712408
ag-test-000790,0,0.027603783011239294,0.02820317946339707,0,0.330892319712408
ag-test-000791,0,0.0015057574057367807,0.0011347686311571927,0,0.330892319712408
ag-test-000792,0,0.027815012686760506,0.018750624249434158,0,0.330892319712408
ag-test-000793,0,0.00015936062227184028,0.00017880791161468992,0,0.330892319712408
ag-test-000794,0,0.002139503684488782,0.0014283565687940247,0,0.330892319712408
ag-test-000795,1,0.6716464888251605,0.7093104023288385,1,0.330892319712408
ag-test-000796,0,0.011013435056960265,0.011269388485336575,0,0.330892319712408
ag-test-000797,0,0.047134007189285995,0.03231510385765211,0,0.330892319712408
ag-test-000798,0,0.0009253358040933648,0.0010174144007192654,0,0.330892319712408
ag-test-000799,1,0.8564359364494745,0.843238183736469,1,0.330892319712408
ag-test-000800,0,0.026352414656872606,0.02132294701324526,0,0.330892319712408
ag-test-000801,0,0.005688762172115154,0.005835149679510005,0,0.330892319712408
ag-test-000802,0,0.00025667006214783605,0.0003244620691549023,0,0.330892319712408
ag-test-000803,0,0.0014658487276571844,0.0010034460915533134,0,0.330892319712408
ag-test-000804,0,7.398123230552952e-05,6.466812363187625e-05,0,0.330892319712408
ag-test-000805,0,0.0004755169467844697,0.0007238124716490567,0,0.330892319712408
ag-test-000806,0,0.00418934125685737,0.005341975428529765,0,0.330892319712408
ag-test-000807,1,0.8662077400456136,0.8586634200247119,1,0.330892319712408
ag-test-000808,0,0.13699994580441036,0.13924108823510523,0,0.330892319712408
ag-test-000809,0,0.0059021258146750785,0.005807749233066838,0,0.330892319712408
ag-test-000810,0,0.13017352015320588,0.09216175294401607,0,0.330892319712408
ag-test-000811,0,0.0660541877639097,0.04779771155562367,0,0.330892319712408
ag-test-000812,0,0.028187888968850827,0.02711691547181521,0,0.330892319712408
ag-test-000813,0,0.028927520608104808,0.025857274770079517,0,0.330892319712408
ag-test-000814,0,0.0012063310111684,0.0011349981141772097,0,0.330892319712408
ag-test-000815,0,0.00012159527377830094,0.0001212757409678208,0,0.330892319712408
ag-test-000816,0,0.00036253887246074214,0.0003418610949953431,0,0.330892319712408
ag-test-000817,0,0.004684389875408679,0.0036341550843574945,0,0.330892319712408
ag-test-000818,0,0.015308371907908506,0.013539279488714752,0,0.330892319712408
ag-test-000819,0,0.005974666089142256,0.005501384039835323,0,0.330892319712408
ag-test-000820,0,0.001637254170447708,0.0019817487124243667,0,0.330892319712408
ag-test-000821,0,0.0736051774255629,0.06072592587584602,0,0.330892319712408
ag-test-000822,0,0.09661237557533817,0.14816349149987176,0,0.330892319712408
ag-test-000823,0,0.00031076829911651135,0.0003324929552773748,0,0.330892319712408
ag-test-000824,0,0.0024463869790765118,0.00431437780785226,0,0.330892319712408
ag-test-000825,0,0.05552579120611271,0.04573838517059505,0,0.330892319712408
ag-test-000826,0,0.00017085804228398805,0.00018471613650685053,0,0.330892319712408
ag-test-000827,0,0.01116707582890616,0.009462010740342528,0,0.330892319712408
ag-test-000828,0,0.0004946398083305666,0.0004003735551724063,0,0.330892319712408
ag-test-000829,0,0.5017928528075715,0.5085440149495353,1,0.330892319712408
ag-test-000830,0,0.002996064201319011,0.003177268800372347,0,0.330892319712408
ag-test-000831,0,0.00027045711733208246,0.0002886105306875991,0,0.330892319712408
ag-test-000832,0,0.005123907818304238,0.006411702192875482,0,0.330892319712408
ag-test-000833,0,0.0012505263107701837,0.0011963074320928322,0,0.330892319712408
ag-test-000834,0,0.6993801746420594,0.7034808251942277,1,0.330892319712408
ag-test-000835,0,0.006242507846416602,0.006045406374167663,0,0.330892319712408
ag-test-000836,0,0.004297177401659807,0.005475901246299087,0,0.330892319712408
ag-test-000837,1,0.389819390185769,0.3703183560980433,1,0.330892319712408
ag-test-000838,0,0.005258103209192549,0.003811324085730172,0,0.330892319712408
ag-test-000839,0,0.03411913877024746,0.025621055069414825,0,0.330892319712408
ag-test-000840,0,0.008487511510401143,0.0071865992312379915,0,0.330892319712408
ag-test-000841,1,0.8538716282066129,0.8669019570549995,1,0.330892319712408
ag-test-000842,0,0.00016177015446208477,0.00022202095323006828,0,0.330892319712408
ag-test-000843,0,0.0012430460567043292,0.0011724578821616098,0,0.330892319712408
ag-test-000844,0,0.17490560409838002,0.10536431662883397,0,0.330892319712408
ag-test-000845,0,0.10371961086445114,0.08352064550447204,0,0.330892319712408
ag-test-000846,0,0.0028378557715854577,0.0020268860602655303,0,0.330892319712408
ag-test-000847,0,0.00699857743278325,0.007545331049919593,0,0.330892319712408
ag-test-000848,0,0.00016367668224208368,0.00022088813234346312,0,0.330892319712408
ag-test-000849,0,6.249123677591336e-05,7.849755166328102e-05,0,0.330892319712408
ag-test-000850,0,0.004941045099797501,0.0024573558061038703,0,0.330892319712408
ag-test-000851,0,0.27395700552718216,0.19464140501514815,0,0.330892319712408
ag-test-000852,0,0.001196795245370718,0.0010244139391739258,0,0.330892319712408
ag-test-000853,0,0.9514389163857084,0.94594028486807,1,0.330892319712408
ag-test-000854,0,0.5435131978949007,0.6150060269967274,1,0.330892319712408
ag-test-000855,0,0.05569061134156255,0.04659598539110579,0,0.330892319712408
ag-test-000856,0,0.11442477839012662,0.07078600643039425,0,0.330892319712408
ag-test-000857,0,0.003016516902583764,0.0028119048961554945,0,0.330892319712408
ag-test-000858,0,0.040500695623181295,0.032368894560282045,0,0.330892319712408
ag-test-000859,0,0.021895908294108476,0.019983305485579094,0,0.330892319712408
ag-test-000860,0,0.0009182013059008473,0.0007312678386636609,0,0.330892319712408
ag-test-000861,0,0.00043080271373546996,0.0005666611830471168,0,0.330892319712408
ag-test-000862,0,0.006078371804250845,0.00460232110398326,0,0.330892319712408
ag-test-000863,0,0.0028668220553650496,0.0027482299228484856,0,0.330892319712408
ag-test-000864,0,0.17453764231366609,0.18911538748401635,0,0.330892319712408
ag-test-000865,0,0.0002341081101817105,0.000287266923164861,0,0.330892319712408
ag-test-000866,0,0.0003370821187062094,0.00041371615288423057,0,0.330892319712408
ag-test-000867,0,0.0013599849315491552,0.0013606866639264046,0,0.330892319712408
ag-test-000868,0,0.0022476878926293463,0.0024833513811488442,0,0.330892319712408
ag-test-000869,0,0.0004139044157007524,0.00043343312476688155,0,0.330892319712408
ag-test-000870,0,1.7737216216993934e-05,1.7550243504623345e-05,0,0.330892319712408
ag-test-000871,0,0.5506299599761031,0.4938825705323219,1,0.330892319712408
ag-test-000872,0,0.872422073034913,0.900140048026994,1,0.330892319712408
ag-test-000873,0,0.0012151592098729803,0.0012141981335813954,0,0.330892319712408
ag-test-000874,0,0.03643614668680236,0.032814471801003865,0,0.330892319712408
ag-test-000875,0,0.02932973341875482,0.03520492093092446,0,0.330892319712408
ag-test-000876,0,0.025329001259796178,0.016986329953928153,0,0.330892319712408
ag-test-000877,0,2.6055561287809264e-05,2.950495132835352e-05,0,0.330892319712408
ag-test-000878,0,0.0036646144530385837,0.0029539820045248566,0,0.330892319712408
ag-test-000879,0,0.015960156098788647,0.01927379493476343,0,0.330892319712408
ag-test-000880,0,2.747833038657944e-05,3.72291593698303e-05,0,0.330892319712408
ag-test-000881,1,0.5106325902154624,0.46899185355205003,1,0.330892319712408
ag-test-000882,0,0.06255305694425385,0.047010700730108546,0,0.330892319712408
ag-test-000883,0,0.016948834894889967,0.01421094716286509,0,0.330892319712408
ag-test-000884,0,0.0021677216160093937,0.0020046228380050505,0,0.330892319712408
ag-test-000885,0,0.00029684612454942717,0.0003163182881822919,0,0.330892319712408
ag-test-000886,0,0.015741196976201997,0.011695066706178151,0,0.330892319712408
ag-test-000887,0,0.00596781183891236,0.004767021669570944,0,0.330892319712408
ag-test-000888,1,0.040692791596006035,0.03079599803212605,0,0.330892319712408
ag-test-000889,0,0.00395011089110184,0.003998307668983649,0,0.330892319712408
ag-test-000890,0,0.0030778843870978064,0.003133948462080027,0,0.330892319712408
ag-test-000891,0,0.02372494916397954,0.018699370260485727,0,0.330892319712408
ag-test-000892,1,0.85530789719425,0.8423210037852669,1,0.330892319712408
ag-test-000893,0,0.02129285014927967,0.014127268617818592,0,0.330892319712408
ag-test-000894,0,0.584686629591675,0.5627231404863358,1,0.330892319712408
ag-test-000895,0,0.8603768029740473,0.8650216156805829,1,0.330892319712408
ag-test-000896,1,0.5562556001405883,0.48457414361995443,1,0.330892319712408
ag-test-000897,0,0.002286167726292342,0.0017119976216632253,0,0.330892319712408
ag-test-000898,0,0.06512125185078649,0.056463882111357805,0,0.330892319712408
ag-test-000899,0,0.005703909643032155,0.005982045543780858,0,0.330892319712408
ag-test-000900,0,0.0006880094912183576,0.0009170132636026051,0,0.330892319712408
ag-test-000901,0,0.2070664119186702,0.15047633705326208,0,0.330892319712408
ag-test-000902,0,0.00019243312572816325,0.00019360435970250611,0,0.330892319712408
ag-test-000903,0,0.018382145642015277,0.017912000099604433,0,0.330892319712408
ag-test-000904,0,0.08100045917436886,0.0704524835784608,0,0.330892319712408
ag-test-000905,0,0.004795554745463162,0.003708048502700121,0,0.330892319712408
ag-test-000906,0,2.8745688597125707e-05,3.157279995322532e-05,0,0.330892319712408
ag-test-000907,1,0.1645252659614092,0.1023957570219433,0,0.330892319712408
ag-test-000908,0,0.031040088541063285,0.023219598365768,0,0.330892319712408
ag-test-000909,0,0.0010995804343988166,0.0008396187939650477,0,0.330892319712408
ag-test-000910,0,0.003086056493617837,0.0046902478890869,0,0.330892319712408
ag-test-000911,0,0.0023149376773856844,0.002971686462812585,0,0.330892319712408
ag-test-000912,1,0.5777429768572317,0.5460981768641082,1,0.330892319712408
ag-test-000913,0,0.0037539011072746558,0.004454402255959421,0,0.330892319712408
ag-test-000914,0,0.00011706422088724815,0.00013244607228557207,0,0.330892319712408
ag-test-000915,0,0.0003141662477224433,0.0003081033636089796,0,0.330892319712408
ag-test-000916,0,0.004908502215209767,0.003925049178634809,0,0.330892319712408
ag-test-000917,0,0.00025750348248356733,0.0003665917903946298,0,0.330892319712408
ag-test-000918,0,0.00023339305132651485,0.00021680295963964272,0,0.330892319712408
ag-test-000919,0,0.00026237181411662894,0.0002835166906496501,0,0.330892319712408
ag-test-000920,0,3.179597537962621e-05,5.0984358538267535e-05,0,0.330892319712408
ag-test-000921,0,7.430042305143124e-05,5.679038493581555e-05,0,0.330892319712408
ag-test-000922,0,0.01017037140375468,0.009131901572745965,0,0.330892319712408
ag-test-000923,0,0.05034702675591375,0.0397866964040656,0,0.330892319712408
ag-test-000924,0,0.00200592743880958,0.0012901663294146958,0,0.330892319712408
ag-test-000925,0,0.034710553122719444,0.036194742915115874,0,0.330892319712408
ag-test-000926,1,0.08521629435177559,0.09448773119417808,0,0.330892319712408
ag-test-000927,0,0.001230821153494047,0.0013651820478077631,0,0.330892319712408
ag-test-000928,0,0.2623211946496101,0.22086276836514884,0,0.330892319712408
ag-test-000929,0,0.007563535373889795,0.007203884118099915,0,0.330892319712408
ag-test-000930,0,0.003459078100434831,0.00297994676997834,0,0.330892319712408
ag-test-000931,0,0.0017563650893717973,0.0013540821660315834,0,0.330892319712408
ag-test-000932,0,0.00455509591784897,0.003979447996480342,0,0.330892319712408
ag-test-000933,1,0.8417378836414826,0.84443974806305,1,0.330892319712408
ag-test-000934,0,0.004206055718471574,0.0030641450729447183,0,0.330892319712408
ag-test-000935,0,0.0004653021481648014,0.0004878620641452608,0,0.330892319712408
ag-test-000936,0,0.03263613030985227,0.02610866558992187,0,0.330892319712408
ag-test-000937,0,0.01199947168216307,0.013566701260249333,0,0.330892319712408
ag-test-000938,0,0.005933332409983759,0.0061931066027344755,0,0.330892319712408
ag-test-000939,0,0.09401245600498297,0.057351748301041686,0,0.330892319712408
ag-test-000940,0,0.004752815877280822,0.004652327879667772,0,0.330892319712408
ag-test-000941,0,0.0003460977959510806,0.0003194404899802053,0,0.330892319712408
ag-test-000942,0,0.0009161507035511145,0.0009578595355642086,0,0.330892319712408
ag-test-000943,0,0.00027182503671221216,0.0002603784419278945,0,0.330892319712408
ag-test-000944,0,0.011645371979779011,0.009350886842558977,0,0.330892319712408
ag-test-000945,0,0.0008650716634597041,0.0008220144286418077,0,0.330892319712408
ag-test-000946,0,0.002442982829766784,0.0016666222087319705,0,0.330892319712408
ag-test-000947,0,0.22306072712479647,0.30244750906281614,0,0.330892319712408
ag-test-000948,0,0.00013330594963530075,0.000169930540060194,0,0.330892319712408
ag-test-000949,0,0.05941698706281341,0.06019165124955011,0,0.330892319712408
ag-test-000950,0,0.013292426463052249,0.010675507924614648,0,0.330892319712408
ag-test-000951,0,0.0015845799154906488,0.00118017706910955,0,0.330892319712408
ag-test-000952,0,0.03472227609940944,0.02257534564773359,0,0.330892319712408
ag-test-000953,0,0.018281738909631053,0.015761170433834317,0,0.330892319712408
ag-test-000954,0,0.009160770540298164,0.009090808328067596,0,0.330892319712408
ag-test-000955,0,0.004256627817725394,0.003933613437494138,0,0.330892319712408
ag-test-000956,0,0.023937249602262678,0.02083741660535888,0,0.330892319712408
ag-test-000957,0,0.04614579256694669,0.03140285779076654,0,0.330892319712408
ag-test-000958,0,0.8176864480696274,0.7689533339921601,1,0.330892319712408
ag-test-000959,0,0.18299372486559715,0.16577011187541418,0,0.330892319712408
ag-test-000960,0,0.005504515816248686,0.005006161157600717,0,0.330892319712408
ag-test-000961,1,0.8188840569279966,0.8190838865559731,1,0.330892319712408
ag-test-000962,1,0.5562047026630144,0.5222856568038401,1,0.330892319712408
ag-test-000963,0,0.0003081676056509298,0.000309259147760004,0,0.330892319712408
ag-test-000964,0,0.00026645170655013775,0.00023111640276445253,0,0.330892319712408
ag-test-000965,0,0.0017350491756624677,0.0018918072858973662,0,0.330892319712408
ag-test-000966,0,0.7740407383608228,0.7847224609988235,1,0.330892319712408
ag-test-000967,0,0.04701963409384014,0.029328592760966533,0,0.330892319712408
ag-test-000968,0,0.0007759633072723077,0.0006197997346034955,0,0.330892319712408
ag-test-000969,0,0.14275806036633035,0.12673014033243568,0,0.330892319712408
ag-test-000970,0,0.011350304142456517,0.011433192114299436,0,0.330892319712408
ag-test-000971,0,0.04431737467020639,0.0305320145535011,0,0.330892319712408
ag-test-000972,0,0.011031883470981132,0.009604043660761325,0,0.330892319712408
ag-test-000973,1,0.6191996846921712,0.5533605791162262,1,0.330892319712408
ag-test-000974,0,0.12272066788428479,0.15882691419536524,0,0.330892319712408
ag-test-000975,0,0.0029151929128240577,0.0026046260963930755,0,0.330892319712408
ag-test-000976,0,6.160216247135706e-05,6.083862499862974e-05,0,0.330892319712408
ag-test-000977,0,0.016739044739360994,0.01852722785713086,0,0.330892319712408
ag-test-000978,0,0.0008504074351422316,0.0008000031234741319,0,0.330892319712408
ag-test-000979,0,0.019952730537881422,0.006873344995949003,0,0.330892319712408
ag-test-000980,0,0.00024347473946121026,0.00023736175955107937,0,0.330892319712408
ag-test-000981,0,0.0008366850244965481,0.0004382504505190232,0,0.330892319712408
ag-test-000982,0,0.003927146726679335,0.0038509952620436644,0,0.330892319712408
ag-test-000983,0,0.000680257723120991,0.0003600439495687223,0,0.330892319712408
ag-test-000984,0,0.03221204354702752,0.019628467331315756,0,0.330892319712408
ag-test-000985,1,0.8824887753561789,0.8618892211144327,1,0.330892319712408
ag-test-000986,0,0.0004795447428777039,0.0006319869406997252,0,0.330892319712408
ag-test-000987,0,0.00035426902417442434,0.00025623597861099823,0,0.330892319712408
ag-test-000988,1,0.48424778388258216,0.5210343975723579,1,0.330892319712408
ag-test-000989,0,0.03243978783615035,0.03919229712401521,0,0.330892319712408
ag-test-000990,1,0.8678822935504179,0.8737470900018798,1,0.330892319712408
ag-test-000991,0,0.004893441294212714,0.005009343303143614,0,0.330892319712408
ag-test-000992,0,0.015261040853164825,0.010330540070847067,0,0.330892319712408
ag-test-000993,0,0.0013698091653478082,0.001368107556026454,0,0.330892319712408
ag-test-000994,0,0.00045270767220680183,0.00034328985087415996,0,0.330892319712408
ag-test-000995,0,0.0005785780641658052,0.0005876885782408671,0,0.330892319712408
ag-test-000996,1,0.7632979028404611,0.7757251069464666,1,0.330892319712408
ag-test-000997,0,0.008028984205602342,0.006988674230132211,0,0.330892319712408
ag-test-000998,0,0.00541458997283434,0.005575463132540962,0,0.330892319712408
ag-test-000999,0,0.015258590266183718,0.011155514103824553,0,0.330892319712408
ag-test-001000,0,0.0016866822577935063,0.0014780867778912076,0,0.330892319712408
ag-test-001001,0,0.005039568222739669,0.00441333815251866,0,0.330892319712408
ag-test-001002,0,0.005253250163998983,0.005441413658148814,0,0.330892319712408
ag-test-001003,0,0.00024736883093186534,0.00047014353401106954,0,0.330892319712408
ag-test-001004,0,0.00011377866545514442,0.00010085414224512057,0,0.330892319712408
ag-test-001005,0,0.0012143271803631954,0.0011413034142765145,0,0.330892319712408
ag-test-001006,0,0.060437818553311116,0.04103219331861963,0,0.330892319712408
ag-test-001007,0,0.020756042542417082,0.017683980299893653,0,0.330892319712408
ag-test-001008,0,0.004568361230550861,0.004638485433749358,0,0.330892319712408
ag-test-001009,1,0.577107063550066,0.5764869879832943,1,0.330892319712408
ag-test-001010,0,0.000681449545049892,0.00045296390860011666,0,0.330892319712408
ag-test-001011,0,0.003744571335318286,0.003173377613473256,0,0.330892319712408
ag-test-001012,0,0.008599436635604293,0.007849993215687077,0,0.330892319712408
ag-test-001013,0,0.008761798152481218,0.009281532706258606,0,0.330892319712408
ag-test-001014,0,0.05785173391335004,0.060718707439534475,0,0.330892319712408
ag-test-001015,0,0.01807870511115986,0.015572063950154251,0,0.330892319712408
ag-test-001016,0,0.13826871004631822,0.2043232154730335,0,0.330892319712408
ag-test-001017,1,0.8788945838207919,0.8951787612198879,1,0.330892319712408
ag-test-001018,0,0.008247344559867876,0.006036522910751212,0,0.330892319712408
ag-test-001019,0,0.00034694842241283304,0.00039704347207516496,0,0.330892319712408
ag-test-001020,0,0.00014046824456463039,0.00017155957977097618,0,0.330892319712408
ag-test-001021,0,0.7467285926104502,0.7451125509697025,1,0.330892319712408
ag-test-001022,0,0.0011317343714332777,0.0010021554045941017,0,0.330892319712408
ag-test-001023,0,0.00033526011096186544,0.00036693325388266007,0,0.330892319712408
ag-test-001024,0,0.0006626212825094388,0.0006689956925419434,0,0.330892319712408
ag-test-001025,0,0.0010568956276080154,0.000961988788577449,0,0.330892319712408
ag-test-001026,0,0.14385871606049466,0.10365629537739693,0,0.330892319712408
ag-test-001027,0,0.037264874926334894,0.03205039382001217,0,0.330892319712408
ag-test-001028,0,0.010334627315545464,0.008690656547141745,0,0.330892319712408
ag-test-001029,0,0.2911183201048684,0.31750167878066277,0,0.330892319712408
ag-test-001030,0,0.04519536959154556,0.02927099358019035,0,0.330892319712408
ag-test-001031,0,0.001052022104200483,0.0009109337907948863,0,0.330892319712408
ag-test-001032,0,0.0011631362790537594,0.000796230780186625,0,0.330892319712408
ag-test-001033,0,1.9994192347708774e-05,4.115858965817932e-05,0,0.330892319712408
ag-test-001034,0,0.0009873824889406533,0.0009361571793419423,0,0.330892319712408
ag-test-001035,1,0.5954813661755249,0.5783003325083809,1,0.330892319712408
ag-test-001036,0,1.7938933083495577e-05,1.8937619378880333e-05,0,0.330892319712408
ag-test-001037,0,0.056363722039924534,0.03394370865039052,0,0.330892319712408
ag-test-001038,0,0.0022369895960891754,0.0022076880153704876,0,0.330892319712408
ag-test-001039,0,0.00011012524486346922,0.00010896212942424249,0,0.330892319712408
ag-test-001040,0,0.25522071251120876,0.3210048044633871,0,0.330892319712408
ag-test-001041,0,0.0002863250365953722,0.0003016173060847721,0,0.330892319712408
ag-test-001042,0,0.0008995434167712096,0.0008448180637747788,0,0.330892319712408
ag-test-001043,0,0.00696505831249032,0.006332803606015469,0,0.330892319712408
ag-test-001044,0,0.3885709290075666,0.39464532705136396,1,0.330892319712408
ag-test-001045,0,0.005947281437676066,0.006183074941022969,0,0.330892319712408
ag-test-001046,0,0.006399157536402466,0.028768940263407067,0,0.330892319712408
ag-test-001047,0,0.006676828332756507,0.006793989982667505,0,0.330892319712408
ag-test-001048,0,0.027940485896390838,0.0216115727559318,0,0.330892319712408
ag-test-001049,0,0.0035594520465378745,0.003536156847498044,0,0.330892319712408
ag-test-001050,0,0.0028421329105752136,0.0033918370464575413,0,0.330892319712408
ag-test-001051,0,0.038037168990884294,0.024619495997990636,0,0.330892319712408
ag-test-001052,0,0.0029502235335204623,0.003708898295361054,0,0.330892319712408
ag-test-001053,0,0.01213067692571214,0.011111897764308985,0,0.330892319712408
ag-test-001054,0,0.0006815780189256453,0.0003318595646270904,0,0.330892319712408
ag-test-001055,0,0.00026231278695417116,0.0002143234758876143,0,0.330892319712408
ag-test-001056,0,0.0008400062374814782,0.0008684168023988296,0,0.330892319712408
ag-test-001057,0,0.0017973776792948994,0.0014008096151073024,0,0.330892319712408
ag-test-001058,0,0.006830751845269855,0.006075991526404748,0,0.330892319712408
ag-test-001059,0,0.002004734003113953,0.0018810531795539103,0,0.330892319712408
ag-test-001060,1,0.7183856723140123,0.7088464365341346,1,0.330892319712408
ag-test-001061,0,0.001305504248723713,0.0015160748838016563,0,0.330892319712408
ag-test-001062,0,0.042837967336207365,0.0315853641161993,0,0.330892319712408
ag-test-001063,0,0.0017637157805248046,0.0019315363203764408,0,0.330892319712408
ag-test-001064,0,0.003145046064325421,0.002114784224294871,0,0.330892319712408
ag-test-001065,0,0.06531437120954692,0.05500147658518379,0,0.330892319712408
ag-test-001066,0,0.012849303976536653,0.00993407871115257,0,0.330892319712408
ag-test-001067,0,0.0032966629990054683,0.0039625116033141835,0,0.330892319712408
ag-test-001068,0,0.0006373976190981443,0.0010401374345460866,0,0.330892319712408
ag-test-001069,0,0.0014617728036614174,0.0009547599738652098,0,0.330892319712408
ag-test-001070,0,0.0003295417988059185,0.00036533125123042605,0,0.330892319712408
ag-test-001071,0,0.0010061742190120896,0.0008890206123776512,0,0.330892319712408
ag-test-001072,0,0.04067256460929258,0.026677358485487346,0,0.330892319712408
ag-test-001073,0,0.13828273833305377,0.12595240905147304,0,0.330892319712408
ag-test-001074,0,0.03255438916342189,0.028740070500467348,0,0.330892319712408
ag-test-001075,0,0.019415768844873855,0.014715221881869668,0,0.330892319712408
ag-test-001076,0,0.03672291921999594,0.03849946535470487,0,0.330892319712408
ag-test-001077,0,0.001906450749465962,0.0018188677674053865,0,0.330892319712408
ag-test-001078,0,0.0022757639999154903,0.002452977017077359,0,0.330892319712408
ag-test-001079,0,0.04756911023592424,0.052548808837906365,0,0.330892319712408
ag-test-001080,0,0.006518214069416737,0.0035333810885480616,0,0.330892319712408
ag-test-001081,0,0.0056853434561431266,0.0066067722269557904,0,0.330892319712408
ag-test-001082,0,0.0017980299541457071,0.002096108671034035,0,0.330892319712408
ag-test-001083,0,0.8238482132186203,0.8623023495123001,1,0.330892319712408
ag-test-001084,0,0.004648558304189758,0.00357704967599318,0,0.330892319712408
ag-test-001085,0,0.001106414762670092,0.0008045718194017539,0,0.330892319712408
ag-test-001086,0,0.056304270836668634,0.03335169680349585,0,0.330892319712408
ag-test-001087,1,0.930880429341768,0.9275151506565759,1,0.330892319712408
ag-test-001088,0,0.002010465069693803,0.001564310938976521,0,0.330892319712408
ag-test-001089,0,0.0030125785328707286,0.00187656134374158,0,0.330892319712408
ag-test-001090,0,0.0008866054140732358,0.0009378308761971312,0,0.330892319712408
ag-test-001091,0,0.007367040617115651,0.00976952360963223,0,0.330892319712408
ag-test-001092,0,0.0012995211800492731,0.0014163530826601313,0,0.330892319712408
ag-test-001093,1,0.77950157604224,0.8269479753503535,1,0.330892319712408
ag-test-001094,0,0.0006767369261265352,0.0005617833223378691,0,0.330892319712408
ag-test-001095,0,0.000847258074377402,0.0010509691005485423,0,0.330892319712408
ag-test-001096,0,0.0016735249229098686,0.001100320091049563,0,0.330892319712408
ag-test-001097,0,0.03863851545475441,0.03299282772433297,0,0.330892319712408
ag-test-001098,0,0.0012544263777578976,0.001269822362100896,0,0.330892319712408
ag-test-001099,1,0.3696829537286711,0.3330465190301948,1,0.330892319712408
ag-test-001100,0,0.0013783674120032723,0.0010421539911443008,0,0.330892319712408
ag-test-001101,0,0.0071333243387061524,0.005058813634062972,0,0.330892319712408
ag-test-001102,0,0.026918212975332256,0.028043257399195044,0,0.330892319712408
ag-test-001103,0,0.12296812982595132,0.15591891671241387,0,0.330892319712408
ag-test-001104,0,0.0015439716985613597,0.002067764307205274,0,0.330892319712408
ag-test-001105,0,0.0006928039979513046,0.001107087420008534,0,0.330892319712408
ag-test-001106,0,0.03156531720446286,0.025787347719589383,0,0.330892319712408
ag-test-001107,0,0.0006437680123592588,0.0006845867565900516,0,0.330892319712408
ag-test-001108,0,0.001151680175509475,0.001233939302759638,0,0.330892319712408
ag-test-001109,0,0.0003022845315158362,0.00021903043811815354,0,0.330892319712408
ag-test-001110,0,0.0009989516829297404,0.0007844882368776968,0,0.330892319712408
ag-test-001111,1,0.6115605511003012,0.6287122352917384,1,0.330892319712408
ag-test-001112,0,0.0044232158753193945,0.0033194024297677365,0,0.330892319712408
ag-test-001113,0,0.00012087198996277998,0.00013828306807119758,0,0.330892319712408
ag-test-001114,0,0.5464999502331908,0.620273221580221,1,0.330892319712408
ag-test-001115,0,0.019122936155254466,0.02611106868006799,0,0.330892319712408
ag-test-001116,0,0.014022475299053623,0.010376381968477988,0,0.330892319712408
ag-test-001117,1,0.2551577795381979,0.222431768550957,0,0.330892319712408
ag-test-001118,0,0.0001984271139844283,0.00020919255504672977,0,0.330892319712408
ag-test-001119,0,0.0007212786800727884,0.0005491794981912899,0,0.330892319712408
ag-test-001120,0,0.03033344137800226,0.03738729325368571,0,0.330892319712408
ag-test-001121,0,0.00015779888389091194,9.669541268181227e-05,0,0.330892319712408
ag-test-001122,0,0.07662417004068843,0.07975623073386148,0,0.330892319712408
ag-test-001123,0,0.010798863735281633,0.010306670078011356,0,0.330892319712408
ag-test-001124,0,0.007061277835864873,0.006251263742342528,0,0.330892319712408
ag-test-001125,0,0.0056985081652028615,0.004078451492561181,0,0.330892319712408
ag-test-001126,0,0.09584337204781061,0.08502638790802156,0,0.330892319712408
ag-test-001127,1,0.6573574506563342,0.7229957385654737,1,0.330892319712408
ag-test-001128,0,0.0010895948735889069,0.0007342153250738204,0,0.330892319712408
ag-test-001129,0,0.04459805866883614,0.049807905003039034,0,0.330892319712408
ag-test-001130,0,0.017764503102973905,0.015855038610953186,0,0.330892319712408
ag-test-001131,0,0.019557979322387686,0.009185817551684577,0,0.330892319712408
ag-test-001132,0,0.0038230589714615755,0.0034084088073863357,0,0.330892319712408
ag-test-001133,0,0.0004879789113466877,0.0004082377769004419,0,0.330892319712408
ag-test-001134,0,0.001391299646243542,0.0012999326270255042,0,0.330892319712408
ag-test-001135,0,0.000265020440869603,0.00027292311087314124,0,0.330892319712408
ag-test-001136,0,0.07748880983966852,0.05453131435273556,0,0.330892319712408
ag-test-001137,0,0.0025285508720787712,0.002127715077240683,0,0.330892319712408
ag-test-001138,0,0.0002455533332749049,0.00022818155633997364,0,0.330892319712408
ag-test-001139,0,0.00024234655350097978,0.0002995489670491353,0,0.330892319712408
ag-test-001140,0,0.06904714396877867,0.055917160801739925,0,0.330892319712408
ag-test-001141,0,0.00017577940106538927,0.00023211340213662016,0,0.330892319712408
ag-test-001142,0,0.18885960870066,0.13722827305020333,0,0.330892319712408
ag-test-001143,0,0.0021572812183637768,0.0016175873413797927,0,0.330892319712408
ag-test-001144,0,0.3352680277388216,0.326948264487822,0,0.330892319712408
ag-test-001145,0,0.0013456766022542574,0.0013769334773157055,0,0.330892319712408
ag-test-001146,1,0.7130887753574413,0.7510459791112009,1,0.330892319712408
ag-test-001147,0,0.5098247109508469,0.514234957905054,1,0.330892319712408
ag-test-001148,0,0.00030166245726084736,0.00047350417496051566,0,0.330892319712408
ag-test-001149,0,0.06292258300265607,0.057281044695140844,0,0.330892319712408
ag-test-001150,0,0.0004553744078953261,0.000452530986576344,0,0.330892319712408
ag-test-001151,0,0.041058143490086484,0.03269459895994857,0,0.330892319712408
ag-test-001152,0,0.006101916121817079,0.005820051705221681,0,0.330892319712408
ag-test-001153,0,0.003600084207367095,0.0038001127750240836,0,0.330892319712408
ag-test-001154,0,0.025893371289663913,0.027089055433369442,0,0.330892319712408
ag-test-001155,1,0.7065160912799098,0.7473009183655097,1,0.330892319712408
ag-test-001156,0,0.019308977590060963,0.02054322206999468,0,0.330892319712408
ag-test-001157,0,0.0031224487334706734,0.0029814946877890105,0,0.330892319712408
ag-test-001158,0,0.002025856988935604,0.0020334352153712127,0,0.330892319712408
ag-test-001159,0,0.0005043034941233827,0.0004779986400608544,0,0.330892319712408
ag-test-001160,0,5.426166764276436e-05,8.968804360436805e-05,0,0.330892319712408
ag-test-001161,0,0.08410117011535648,0.05184443562485867,0,0.330892319712408
ag-test-001162,0,0.06852842383766274,0.053348456759675526,0,0.330892319712408
ag-test-001163,0,0.7506605464011268,0.7727286531665541,1,0.330892319712408
ag-test-001164,1,0.37209894747160027,0.3543999517909638,1,0.330892319712408
ag-test-001165,1,0.22651745778441254,0.2278466555499074,0,0.330892319712408
ag-test-001166,0,0.009334119269061456,0.009217083652010514,0,0.330892319712408
ag-test-001167,0,0.0009066126378199278,0.0009240116251198398,0,0.330892319712408
ag-test-001168,1,0.715927122870809,0.7497727559555596,1,0.330892319712408
ag-test-001169,0,0.0112581139436932,0.008567328839545588,0,0.330892319712408
ag-test-001170,0,0.49339149310766467,0.4923086085867956,1,0.330892319712408
ag-test-001171,0,0.00032146982866028694,0.00042654342212885367,0,0.330892319712408
ag-test-001172,0,0.009698590334741559,0.010720484118243005,0,0.330892319712408
ag-test-001173,0,0.4906188690849704,0.41746585271967607,1,0.330892319712408
ag-test-001174,1,0.5481020326894787,0.5621316428728772,1,0.330892319712408
ag-test-001175,0,0.03451340390339159,0.03901414929381769,0,0.330892319712408
ag-test-001176,0,0.0008750501710389862,0.0008923080711016106,0,0.330892319712408
ag-test-001177,0,0.013394201458923363,0.013068235761846472,0,0.330892319712408
ag-test-001178,1,0.6057464603999834,0.595910424754338,1,0.330892319712408
ag-test-001179,0,0.00024563144293637427,0.0002987196962159145,0,0.330892319712408
ag-test-001180,0,0.03265195061926328,0.01802621140805504,0,0.330892319712408
ag-test-001181,1,0.6396307165447513,0.5547738546401336,1,0.330892319712408
ag-test-001182,0,0.0129130968467268,0.012919637686120769,0,0.330892319712408
ag-test-001183,0,0.04573433734609232,0.036235759186848765,0,0.330892319712408
ag-test-001184,1,0.4029210527218347,0.4283716570129361,1,0.330892319712408
ag-test-001185,0,0.0010230172238702587,0.0009281828024762754,0,0.330892319712408
ag-test-001186,0,0.00020286752341713165,0.0002132274947346453,0,0.330892319712408
ag-test-001187,0,0.011243362691597654,0.008801684917001786,0,0.330892319712408
ag-test-001188,0,0.0025220846996867035,0.0024824652709486833,0,0.330892319712408
ag-test-001189,0,0.01419362770030573,0.012394210011340447,0,0.330892319712408
ag-test-001190,0,0.001931423057227127,0.0013827587749006272,0,0.330892319712408
ag-test-001191,0,0.044426188114318164,0.020553592853761255,0,0.330892319712408
ag-test-001192,0,0.015028252161142988,0.009503931119976203,0,0.330892319712408
ag-test-001193,0,0.0002879239776797982,0.0003552810092941587,0,0.330892319712408
ag-test-001194,0,6.154693765213458e-05,5.541083164594892e-05,0,0.330892319712408
ag-test-001195,0,0.02109701448117018,0.022959882755993446,0,0.330892319712408
ag-test-001196,0,0.05161688833144179,0.05592455542017455,0,0.330892319712408
ag-test-001197,0,0.0005335420824183811,0.000617554166969044,0,0.330892319712408
ag-test-001198,0,0.0007260841624138712,0.000717814598977703,0,0.330892319712408
ag-test-001199,0,0.050013969183765904,0.031634611712952856,0,0.330892319712408
ag-test-001200,0,0.03676943036334365,0.03420836570177848,0,0.330892319712408
ag-test-001201,1,0.5749757144308582,0.6160960492926167,1,0.330892319712408
ag-test-001202,0,0.08123546479450658,0.07609413637478196,0,0.330892319712408
ag-test-001203,0,0.03299205855067336,0.022893396618920314,0,0.330892319712408
ag-test-001204,0,0.08180994082871963,0.05893560752685573,0,0.330892319712408
ag-test-001205,0,0.0006509327183672517,0.0005059734097984102,0,0.330892319712408
ag-test-001206,1,0.2045771363309307,0.2866228754018269,0,0.330892319712408
ag-test-001207,1,0.762001013751225,0.7699052636502581,1,0.330892319712408
ag-test-001208,0,0.8318843033035592,0.8327615329225402,1,0.330892319712408
ag-test-001209,0,0.11792188194407496,0.09096606910432241,0,0.330892319712408
ag-test-001210,0,0.014046758708585159,0.011111446579559819,0,0.330892319712408
ag-test-001211,0,0.0005168343514729878,0.0004653401269694138,0,0.330892319712408
ag-test-001212,0,0.0018681681684997445,0.0021094613944632593,0,0.330892319712408
ag-test-001213,0,0.000155009021548813,0.00018539418928002722,0,0.330892319712408
ag-test-001214,0,0.0714308801487585,0.049516018559527405,0,0.330892319712408
ag-test-001215,0,0.12324140869935844,0.07310093546848331,0,0.330892319712408
ag-test-001216,0,0.0002878574780095545,0.00035190835971061525,0,0.330892319712408
ag-test-001217,0,0.008455994510256708,0.006590495110600427,0,0.330892319712408
ag-test-001218,1,0.7241048668620071,0.7299592451267551,1,0.330892319712408
ag-test-001219,0,0.02303970216570047,0.022976171844245677,0,0.330892319712408
ag-test-001220,0,5.0307263850437095e-05,7.870146172088885e-05,0,0.330892319712408
ag-test-001221,0,0.043120578550535374,0.04106772620778907,0,0.330892319712408
ag-test-001222,0,0.033625230934951386,0.029055043401901116,0,0.330892319712408
ag-test-001223,0,0.005798097657259213,0.005264557712199993,0,0.330892319712408
ag-test-001224,0,0.011855371321833987,0.01231918998006196,0,0.330892319712408
ag-test-001225,0,0.020674848018807753,0.018508099177844534,0,0.330892319712408
ag-test-001226,0,0.0016196672774942194,0.001195009464391798,0,0.330892319712408
ag-test-001227,0,0.0004428248468343813,0.0002747202438946841,0,0.330892319712408
ag-test-001228,0,0.026238501424298878,0.022274418279718104,0,0.330892319712408
ag-test-001229,0,0.00024715536320279026,0.0001530506478427108,0,0.330892319712408
ag-test-001230,0,0.03151209937186687,0.03533663945911597,0,0.330892319712408
ag-test-001231,0,0.0012007626241737326,0.0008962436111073178,0,0.330892319712408
ag-test-001232,0,0.03034479696600325,0.019374278958457416,0,0.330892319712408
ag-test-001233,0,0.049447050291670167,0.04123076766921527,0,0.330892319712408
ag-test-001234,0,0.001585474537173734,0.0019098693378201935,0,0.330892319712408
ag-test-001235,0,0.014625783441667713,0.0165164062007916,0,0.330892319712408
ag-test-001236,1,0.7060834077045633,0.6686613583126455,1,0.330892319712408
ag-test-001237,0,0.014569047159618303,0.010916371454158079,0,0.330892319712408
ag-test-001238,1,0.8030615097407274,0.824267696998739,1,0.330892319712408
ag-test-001239,0,0.04462371907346766,0.016622104648367764,0,0.330892319712408
ag-test-001240,0,0.019410019980323476,0.02952786127043654,0,0.330892319712408
ag-test-001241,0,0.03686157513401744,0.034908103204234917,0,0.330892319712408
ag-test-001242,0,0.007995208169811946,0.008975952549709757,0,0.330892319712408
ag-test-001243,0,0.005180601193756147,0.0035224427129708015,0,0.330892319712408
ag-test-001244,0,0.005417470799503288,0.004346930098985921,0,0.330892319712408
ag-test-001245,0,0.0019446597953401154,0.001718533543203018,0,0.330892319712408
ag-test-001246,0,0.0049415815355947626,0.005133284022960534,0,0.330892319712408
ag-test-001247,1,0.5164267752493115,0.532405651160659,1,0.330892319712408
ag-test-001248,1,0.8937421038253055,0.8940848725417615,1,0.330892319712408
ag-test-001249,0,0.2082950341870782,0.13874414136810853,0,0.330892319712408
ag-test-001250,0,0.00014710968416901338,0.00014289680375691654,0,0.330892319712408
ag-test-001251,0,0.01179786475074549,0.009028384975796043,0,0.330892319712408
ag-test-001252,0,0.0033002930940715515,0.0023931026699609117,0,0.330892319712408
ag-test-001253,0,0.0002965670517760046,0.0003144302521256027,0,0.330892319712408
ag-test-001254,0,0.03173287689313345,0.030946738996517398,0,0.330892319712408
ag-test-001255,0,0.5298184924355119,0.5208342382944641,1,0.330892319712408
ag-test-001256,0,0.000731795061458067,0.0008105545255019474,0,0.330892319712408
ag-test-001257,0,0.0016391837135282645,0.0018741060320805684,0,0.330892319712408
ag-test-001258,0,0.03427256501264958,0.02918969532358664,0,0.330892319712408
ag-test-001259,0,0.0032489246641416937,0.003180629731761129,0,0.330892319712408
ag-test-001260,1,0.320873883259685,0.2621991236962959,0,0.330892319712408
ag-test-001261,0,2.5256618261093106e-05,2.7523486031058093e-05,0,0.330892319712408
ag-test-001262,0,0.0024933712904452185,0.0026519973768622646,0,0.330892319712408
ag-test-001263,1,0.8737402185410406,0.8769768692332351,1,0.330892319712408
ag-test-001264,1,0.6533162506308504,0.5897904281138133,1,0.330892319712408
ag-test-001265,0,0.007461233277579202,0.005306545704195701,0,0.330892319712408
ag-test-001266,0,0.05771879805818671,0.04232652601971078,0,0.330892319712408
ag-test-001267,0,0.001589013919206856,0.0015861291492547,0,0.330892319712408
ag-test-001268,0,0.07747184507466348,0.06275792442122202,0,0.330892319712408
ag-test-001269,0,0.001155054629780195,0.0009859433567984428,0,0.330892319712408
ag-test-001270,0,0.0001742274623195878,0.0001474069648852191,0,0.330892319712408
ag-test-001271,0,0.0003835541163472783,0.0004667414980817598,0,0.330892319712408
ag-test-001272,0,0.03650376750026483,0.02855306490918983,0,0.330892319712408
ag-test-001273,0,0.0001324017932818675,7.591888136170104e-05,0,0.330892319712408
ag-test-001274,0,0.0009095117574981981,0.0008331412515835727,0,0.330892319712408
ag-test-001275,0,0.00042528411772276405,0.0004643938423115602,0,0.330892319712408
ag-test-001276,0,0.0009678410210999433,0.0011639787708935298,0,0.330892319712408
ag-test-001277,0,0.05832686297297542,0.03378843523746976,0,0.330892319712408
ag-test-001278,0,0.022199818891056027,0.01793113387625063,0,0.330892319712408
ag-test-001279,0,0.0015672138584116885,0.0015761258939401143,0,0.330892319712408
ag-test-001280,0,2.255694887098016e-05,2.5628715567557295e-05,0,0.330892319712408
ag-test-001281,1,0.849878158225838,0.8528974385116008,1,0.330892319712408
ag-test-001282,0,0.08761412514083868,0.06014617389663092,0,0.330892319712408
ag-test-001283,0,0.0008710967717615598,0.0009028727654804365,0,0.330892319712408
ag-test-001284,0,0.013968901565530835,0.008403534181562524,0,0.330892319712408
ag-test-001285,0,0.004549172257738788,0.0069801738341358196,0,0.330892319712408
ag-test-001286,0,0.22561682568574376,0.1497913078757673,0,0.330892319712408
ag-test-001287,0,0.0018682035954216089,0.0013648702854756212,0,0.330892319712408
ag-test-001288,0,0.022089093558802318,0.025221813354739442,0,0.330892319712408
ag-test-001289,0,0.003441077415887743,0.0050359329772608485,0,0.330892319712408
ag-test-001290,0,0.048993395756449516,0.0474009747833153,0,0.330892319712408
ag-test-001291,0,0.004858601334092979,0.00424022714536997,0,0.330892319712408
ag-test-001292,0,0.48797943010015793,0.5085056348351119,1,0.330892319712408
ag-test-001293,0,0.00025559658152283734,0.00022387006992244724,0,0.330892319712408
ag-test-001294,0,0.011361378583557492,0.010655605366942766,0,0.330892319712408
ag-test-001295,0,0.0020931569687213753,0.0027913840931411225,0,0.330892319712408
ag-test-001296,0,0.07859493854050094,0.077998847594232,0,0.330892319712408
ag-test-001297,0,0.003644328884332588,0.0033201522460934454,0,0.330892319712408
ag-test-001298,0,0.0026598584571646557,0.003212091372304965,0,0.330892319712408
ag-test-001299,0,0.000673959688294777,0.0009649100260401542,0,0.330892319712408
ag-test-001300,0,0.00227586592106784,0.0019290477306393413,0,0.330892319712408
ag-test-001301,0,0.0003165764354855599,0.0003966620509362997,0,0.330892319712408
ag-test-001302,0,0.002008928561697688,0.0014828815822316333,0,0.330892319712408
ag-test-001303,0,0.06587598725348352,0.048903572051452175,0,0.330892319712408
ag-test-001304,0,0.009941789627331664,0.008450798328175788,0,0.330892319712408
ag-test-001305,0,0.01103396296050488,0.010819701027181263,0,0.330892319712408
ag-test-001306,0,0.004097630245646941,0.0036607559340923585,0,0.330892319712408
ag-test-001307,0,0.008734413853112848,0.008134105525456794,0,0.330892319712408
ag-test-001308,0,0.007577678539725381,0.005190060490293808,0,0.330892319712408
ag-test-001309,0,0.7670028569552181,0.7079949438870962,1,0.330892319712408
ag-test-001310,0,0.00025471014286061457,0.00022970411309804572,0,0.330892319712408
ag-test-001311,0,0.0030207423759197115,0.0030558533189882775,0,0.330892319712408
ag-test-001312,0,0.09044042030716185,0.11751170428741595,0,0.330892319712408
ag-test-001313,0,0.4838494519809781,0.4349625574419079,1,0.330892319712408
ag-test-001314,0,0.016530745744478614,0.014832864691772455,0,0.330892319712408
ag-test-001315,0,0.3604795126629119,0.31366804442691576,0,0.330892319712408
ag-test-001316,0,0.00012835418454129317,0.00013497025190718233,0,0.330892319712408
ag-test-001317,0,0.007006893254202471,0.0073517186737821405,0,0.330892319712408
ag-test-001318,0,0.0016864266808945356,0.001896937063080325,0,0.330892319712408
ag-test-001319,0,0.002119058763609883,0.0021923602149918568,0,0.330892319712408
ag-test-001320,0,0.00023539865842833076,0.0002534884530834418,0,0.330892319712408
ag-test-001321,0,0.8669231740043851,0.9332282671070748,1,0.330892319712408
ag-test-001322,1,0.26430994039309874,0.21812490627569875,0,0.330892319712408
ag-test-001323,0,0.06361045540431676,0.07175401879486329,0,0.330892319712408
ag-test-001324,0,9.321545254851741e-05,0.00010409119538126903,0,0.330892319712408
ag-test-001325,0,0.2331856151632337,0.1940009644872115,0,0.330892319712408
ag-test-001326,0,0.00045999867151629665,0.0007516765364214708,0,0.330892319712408
ag-test-001327,0,0.002706848328237199,0.0019851271979296004,0,0.330892319712408
ag-test-001328,0,0.17121669488407706,0.13654618908245805,0,0.330892319712408
ag-test-001329,0,0.0019218676871841326,0.002366010845464324,0,0.330892319712408
ag-test-001330,0,0.04614579256694669,0.03140285779076654,0,0.330892319712408
ag-test-001331,0,0.06926281490595054,0.0604309906711569,0,0.330892319712408
ag-test-001332,0,0.0009561348477179252,0.0011309843741765257,0,0.330892319712408
ag-test-001333,0,0.00018910413419695885,0.0002515642810077666,0,0.330892319712408
ag-test-001334,0,0.007256452996442729,0.007501595323443929,0,0.330892319712408
ag-test-001335,0,0.054827522814027044,0.04111530990392077,0,0.330892319712408
ag-test-001336,0,0.034528714969437255,0.02808001748239597,0,0.330892319712408
ag-test-001337,0,0.03549742320068473,0.030429131155105635,0,0.330892319712408
ag-test-001338,0,0.0007700392758804339,0.0005768932765652835,0,0.330892319712408
ag-test-001339,0,7.06648734763195e-05,8.447243321064048e-05,0,0.330892319712408
ag-test-001340,0,0.02225093889267893,0.01491503525439565,0,0.330892319712408
ag-test-001341,1,0.1285603534302789,0.12020528399947622,0,0.330892319712408
ag-test-001342,0,0.01050144505209264,0.007821125160230105,0,0.330892319712408
ag-test-001343,0,0.39777338482467534,0.4046522104899543,1,0.330892319712408
ag-test-001344,0,0.02194813113440368,0.01579414915160984,0,0.330892319712408
ag-test-001345,0,0.015617231979305818,0.013008439182848247,0,0.330892319712408
ag-test-001346,0,0.0010700703206122939,0.0013992465565865774,0,0.330892319712408
ag-test-001347,0,0.003492090217928687,0.0036918320061720875,0,0.330892319712408
ag-test-001348,1,0.1435318505339685,0.13168722538051783,0,0.330892319712408
ag-test-001349,0,0.000258853921633603,0.0002673726286138916,0,0.330892319712408
ag-test-001350,1,0.796861808662619,0.7907147718643224,1,0.330892319712408
ag-test-001351,1,0.3683045227311726,0.37951305294698,1,0.330892319712408
ag-test-001352,0,0.004812015930611884,0.005043964828452485,0,0.330892319712408
ag-test-001353,0,0.7996882434629271,0.8207294458248687,1,0.330892319712408
ag-test-001354,0,0.08924873089193029,0.10078929639189686,0,0.330892319712408
ag-test-001355,0,0.0004487216888890833,0.0004387821513886835,0,0.330892319712408
ag-test-001356,0,0.048156846869377684,0.04128664635493447,0,0.330892319712408
ag-test-001357,0,0.0006468419080005102,0.0006102377945610251,0,0.330892319712408
ag-test-001358,1,0.053675562698916775,0.0755789192524803,0,0.330892319712408
ag-test-001359,0,0.008812617522834814,0.005604597213587138,0,0.330892319712408
ag-test-001360,1,0.7546072249875629,0.7674908708596245,1,0.330892319712408
ag-test-001361,0,0.014391497892173807,0.011552545980357737,0,0.330892319712408
ag-test-001362,0,0.014980687513376872,0.01083268941333303,0,0.330892319712408
ag-test-001363,0,0.0017769615246362488,0.001370579609682071,0,0.330892319712408
ag-test-001364,0,0.0037693924701223563,0.003710827101152665,0,0.330892319712408
ag-test-001365,0,0.00046398438730813925,0.0003426688648478975,0,0.330892319712408
ag-test-001366,0,0.001487849154904021,0.0016806883490391856,0,0.330892319712408
ag-test-001367,0,0.006081849642730545,0.005434713493747471,0,0.330892319712408
ag-test-001368,0,0.013487857827956572,0.010968027796149785,0,0.330892319712408
ag-test-001369,0,0.727062359652316,0.7341621279502185,1,0.330892319712408
ag-test-001370,0,0.004479029415408298,0.00298996681309322,0,0.330892319712408
ag-test-001371,0,0.04562061257715231,0.03223791448104045,0,0.330892319712408
ag-test-001372,0,0.0038728931840730364,0.00401041188759933,0,0.330892319712408
ag-test-001373,0,0.19543105494831647,0.21019345267948378,0,0.330892319712408
ag-test-001374,0,0.01632056362815614,0.010190221698875611,0,0.330892319712408
ag-test-001375,0,0.209821984462555,0.23512374172010356,0,0.330892319712408
ag-test-001376,0,0.006897875063131917,0.005109847930155767,0,0.330892319712408
ag-test-001377,0,0.0291182367318202,0.03187912721915137,0,0.330892319712408
ag-test-001378,0,5.8789938089020894e-05,7.663151393946852e-05,0,0.330892319712408
ag-test-001379,0,0.0013837133186430522,0.001835146623007232,0,0.330892319712408
ag-test-001380,0,0.006190307165302502,0.006472696708265482,0,0.330892319712408
ag-test-001381,0,0.021115793833584817,0.013176541312044645,0,0.330892319712408
ag-test-001382,0,0.0012748417288034571,0.001386594649595347,0,0.330892319712408
ag-test-001383,0,0.013324575055742378,0.01514783821135384,0,0.330892319712408
ag-test-001384,1,0.4942269700570572,0.5150494044495105,1,0.330892319712408
ag-test-001385,0,0.009248479816959752,0.00701002779194226,0,0.330892319712408
ag-test-001386,0,0.04431737467020639,0.0305320145535011,0,0.330892319712408
ag-test-001387,0,0.0008050500509497048,0.0008268487531895325,0,0.330892319712408
ag-test-001388,0,0.0076969611140640945,0.004302506071794506,0,0.330892319712408
ag-test-001389,0,0.014059531392478002,0.011933680942326849,0,0.330892319712408
ag-test-001390,1,0.42444258766935195,0.45644310638137603,1,0.330892319712408
ag-test-001391,0,0.009975037654375392,0.007904617589441028,0,0.330892319712408
ag-test-001392,0,0.04681325261872839,0.03879240840944297,0,0.330892319712408
ag-test-001393,1,0.8599833872875727,0.8754123992522963,1,0.330892319712408
ag-test-001394,0,1.6389801392048884e-05,1.3032283855622343e-05,0,0.330892319712408
ag-test-001395,0,0.08072647105013893,0.08106386890833948,0,0.330892319712408
ag-test-001396,0,0.02874604811472683,0.03232284894528579,0,0.330892319712408
ag-test-001397,0,0.01030531586743912,0.008140384040225582,0,0.330892319712408
ag-test-001398,1,0.7841977740192732,0.7824765967822079,1,0.330892319712408
ag-test-001399,0,0.00013301239649318218,0.0001408297739769248,0,0.330892319712408
ag-test-001400,0,0.8604802432194171,0.8399725391072097,1,0.330892319712408
ag-test-001401,0,0.003917157044378099,0.0025818812124571533,0,0.330892319712408
ag-test-001402,0,0.01264595082829038,0.011622371455581483,0,0.330892319712408
ag-test-001403,0,0.002363712823362301,0.002033343637791589,0,0.330892319712408
ag-test-001404,0,0.0013087205890700735,0.001305110104892571,0,0.330892319712408
ag-test-001405,1,0.2407785596069113,0.18080529657176875,0,0.330892319712408
ag-test-001406,1,0.5456880011964199,0.5518286056686967,1,0.330892319712408
ag-test-001407,0,0.515064385466514,0.5127339469618076,1,0.330892319712408
ag-test-001408,0,0.0285736396126808,0.022738070333795213,0,0.330892319712408
ag-test-001409,0,0.004628923502589068,0.00400347689688037,0,0.330892319712408
ag-test-001410,0,0.005152547556105474,0.004487502132855606,0,0.330892319712408
ag-test-001411,0,0.00039287958976615703,0.000320337660914428,0,0.330892319712408
ag-test-001412,0,5.246127235944722e-05,3.9246385033729065e-05,0,0.330892319712408
ag-test-001413,0,0.006860486762783796,0.005620141413527374,0,0.330892319712408
ag-test-001414,0,0.0006783316083981715,0.0009438736363209905,0,0.330892319712408
ag-test-001415,1,0.6406646072342134,0.6545558451082196,1,0.330892319712408
ag-test-001416,0,0.046782996472706416,0.03922085469590158,0,0.330892319712408
ag-test-001417,0,0.018060227131877174,0.01421229483290718,0,0.330892319712408
ag-test-001418,0,0.03472518148816207,0.03406797019427889,0,0.330892319712408
ag-test-001419,0,0.004600294983124212,0.003552979962509897,0,0.330892319712408
ag-test-001420,0,0.0038119714962556173,0.0037495334168288837,0,0.330892319712408
ag-test-001421,0,0.0016468527247071884,0.0014657872288964889,0,0.330892319712408
ag-test-001422,0,7.882700459243205e-05,8.568129679624837e-05,0,0.330892319712408
ag-test-001423,0,0.010079556136369813,0.007424385476583156,0,0.330892319712408
ag-test-001424,0,0.011502862207444313,0.009102703785462058,0,0.330892319712408
ag-test-001425,0,0.011039638376743379,0.009129391219277725,0,0.330892319712408
ag-test-001426,0,0.00568883874632559,0.005413045337426938,0,0.330892319712408
ag-test-001427,0,0.00936385727236871,0.012115667782574932,0,0.330892319712408
ag-test-001428,0,0.1515357884344628,0.12915430144378354,0,0.330892319712408
ag-test-001429,0,0.07110844311493604,0.07643206558123328,0,0.330892319712408
ag-test-001430,1,0.3634598980728155,0.4352713749351667,1,0.330892319712408
ag-test-001431,0,0.003100254042060106,0.0025345771848285163,0,0.330892319712408
ag-test-001432,0,0.025905306616794365,0.02496396655508941,0,0.330892319712408
ag-test-001433,0,0.000408389009089257,0.0005465195866391016,0,0.330892319712408
ag-test-001434,0,0.0006896793932713845,0.0008025398846389563,0,0.330892319712408
ag-test-001435,1,0.7282133654055867,0.6337662779899371,1,0.330892319712408
ag-test-001436,1,0.14181135825230426,0.16706648572628188,0,0.330892319712408
ag-test-001437,0,0.0005467828419119023,0.0005174739070063447,0,0.330892319712408
ag-test-001438,0,0.012257956388775457,0.01198558843025171,0,0.330892319712408
ag-test-001439,0,0.001217891599491713,0.001168140543017727,0,0.330892319712408
ag-test-001440,0,0.003917364612382003,0.0021200223862528275,0,0.330892319712408
ag-test-001441,0,0.7320784533793182,0.6990515803791572,1,0.330892319712408
ag-test-001442,1,0.5394705870558664,0.4985923250199129,1,0.330892319712408
ag-test-001443,0,0.007178066745226636,0.0033763042252910112,0,0.330892319712408
ag-test-001444,0,0.07677852296449944,0.05612182821350293,0,0.330892319712408
ag-test-001445,0,0.00148602341800067,0.0015305641525071856,0,0.330892319712408
ag-test-001446,0,0.002753681221634324,0.002463910164935313,0,0.330892319712408
ag-test-001447,0,0.006701156297155819,0.005751965481088717,0,0.330892319712408
ag-test-001448,0,0.052158271361052756,0.06691884699126169,0,0.330892319712408
ag-test-001449,0,0.005321200253935468,0.004207837998899022,0,0.330892319712408
ag-test-001450,0,0.0019406603441989873,0.0025252119124115333,0,0.330892319712408
ag-test-001451,0,0.006452326675195878,0.00561701859001991,0,0.330892319712408
ag-test-001452,0,0.004204664981281336,0.0020593247030129764,0,0.330892319712408
ag-test-001453,0,0.4530882525122379,0.37196085896312986,1,0.330892319712408
ag-test-001454,0,0.00032845821591397307,0.00036749950438685696,0,0.330892319712408
ag-test-001455,1,0.5834117477151515,0.6091419238247032,1,0.330892319712408
ag-test-001456,0,0.0113542033519463,0.010549834501473168,0,0.330892319712408
ag-test-001457,0,0.02068578479399454,0.015006553745614689,0,0.330892319712408
ag-test-001458,0,0.01701448069328295,0.022006654728780762,0,0.330892319712408
ag-test-001459,0,0.10527372053185234,0.1197458710476201,0,0.330892319712408
ag-test-001460,0,0.0004268040695500449,0.00042011739600445716,0,0.330892319712408
ag-test-001461,0,0.0020881195416661653,0.002421867695766693,0,0.330892319712408
ag-test-001462,0,0.01582710157418554,0.012489659051033377,0,0.330892319712408
ag-test-001463,0,0.002490546690263471,0.0020390167687149596,0,0.330892319712408
ag-test-001464,0,0.003670597186288643,0.003378085294014561,0,0.330892319712408
ag-test-001465,0,9.602310678059681e-05,0.00010494568949904126,0,0.330892319712408
ag-test-001466,0,0.001424822915821448,0.001465019991352545,0,0.330892319712408
ag-test-001467,0,0.10624811351789049,0.07853242809051114,0,0.330892319712408
ag-test-001468,0,0.3327847531699543,0.32458844607154497,0,0.330892319712408
ag-test-001469,1,0.029699462182025765,0.026643008905965763,0,0.330892319712408
ag-test-001470,0,0.034952943206893475,0.023685815350769225,0,0.330892319712408
ag-test-001471,0,0.2071832184240764,0.11023978189164642,0,0.330892319712408
ag-test-001472,0,0.026733298599113643,0.02067173194197282,0,0.330892319712408
ag-test-001473,1,0.7380426194504385,0.7864091130073284,1,0.330892319712408
ag-test-001474,0,0.0044829060571262135,0.004971698136469252,0,0.330892319712408
ag-test-001475,0,0.00039897156131051096,0.0004823871222353064,0,0.330892319712408
ag-test-001476,0,0.0036126558905897146,0.002920663365835418,0,0.330892319712408
ag-test-001477,0,0.0007981419062928537,0.00047251270774753855,0,0.330892319712408
ag-test-001478,0,0.00012522124384551782,0.0001578359370260714,0,0.330892319712408
ag-test-001479,0,0.5790829228450002,0.6053293574965616,1,0.330892319712408
ag-test-001480,1,0.3543456963513372,0.4373989335319279,1,0.330892319712408
ag-test-001481,0,0.05337905296719086,0.05182430074046148,0,0.330892319712408
ag-test-001482,0,0.008466282304568527,0.007606185024760487,0,0.330892319712408
ag-test-001483,0,0.007275621356150816,0.007060282905808645,0,0.330892319712408
ag-test-001484,0,0.0003884502454244296,0.00033792290602584527,0,0.330892319712408
ag-test-001485,0,0.0019473274485421125,0.0021634857933475636,0,0.330892319712408
ag-test-001486,0,0.005016325017854411,0.003083610569570557,0,0.330892319712408
ag-test-001487,0,0.010911446688216175,0.010050391462403193,0,0.330892319712408
ag-test-001488,0,0.057064800397244285,0.06615939952256918,0,0.330892319712408
ag-test-001489,0,0.0457847423395823,0.04284906038532685,0,0.330892319712408
ag-test-001490,0,0.047347112203361526,0.04399246642802831,0,0.330892319712408
ag-test-001491,0,0.0043504673097626585,0.006291097636946945,0,0.330892319712408
ag-test-001492,0,0.007886631832980646,0.008450538895428086,0,0.330892319712408
ag-test-001493,0,0.0004528440450569431,0.0005700766659292391,0,0.330892319712408
ag-test-001494,0,0.03251067612310176,0.03386165918241062,0,0.330892319712408
ag-test-001495,0,0.3796977799633929,0.4109696782132725,1,0.330892319712408
ag-test-001496,0,0.0023095675072464738,0.00206065315248925,0,0.330892319712408
ag-test-001497,1,0.36709097504558413,0.3302388336504065,0,0.330892319712408
ag-test-001498,0,0.19765761754402225,0.1340757385598175,0,0.330892319712408
ag-test-001499,0,0.0009768995219414257,0.0007821296176747252,0,0.330892319712408
ag-test-001500,0,0.005662567018683801,0.005553615980031864,0,0.330892319712408
ag-test-001501,1,0.2557550677753269,0.1688141840169513,0,0.330892319712408
ag-test-001502,0,0.004184784514397552,0.0034846091635840288,0,0.330892319712408
ag-test-001503,0,0.08176931470073938,0.0944844722759819,0,0.330892319712408
ag-test-001504,0,0.34159892703225614,0.3973694482133293,1,0.330892319712408
ag-test-001505,0,0.025272978003501204,0.017509277276381602,0,0.330892319712408
ag-test-001506,0,0.0012686345111343044,0.0013866875536472575,0,0.330892319712408
ag-test-001507,0,0.013066810393825831,0.012040397766118004,0,0.330892319712408
ag-test-001508,0,0.6199242014115435,0.6269802281714534,1,0.330892319712408
ag-test-001509,0,0.0005551416437337353,0.0005798376493529199,0,0.330892319712408
ag-test-001510,0,0.09578637579688243,0.07569386540520727,0,0.330892319712408
ag-test-001511,0,0.05521748813401811,0.04807607149296097,0,0.330892319712408
ag-test-001512,0,0.5160670601902518,0.5210761533363454,1,0.330892319712408
ag-test-001513,0,0.006039441257137005,0.004343245920564067,0,0.330892319712408
ag-test-001514,0,5.3136017896498805e-05,6.667428630258852e-05,0,0.330892319712408
ag-test-001515,0,0.0007453327427872642,0.0008473819668806768,0,0.330892319712408
ag-test-001516,0,0.0013347041918341696,0.0015066970880107775,0,0.330892319712408
ag-test-001517,0,0.011059590034067498,0.010724369192056276,0,0.330892319712408
ag-test-001518,0,0.0036578595693777327,0.002186314075323367,0,0.330892319712408
ag-test-001519,0,0.0027433900594572543,0.0029538201666844104,0,0.330892319712408
ag-test-001520,0,0.0036932114075289815,0.007006083601562077,0,0.330892319712408
ag-test-001521,0,0.00028291690196443215,0.0004917538364518706,0,0.330892319712408
ag-test-001522,0,0.0123417025891445,0.011295831884095723,0,0.330892319712408
ag-test-001523,0,0.7369379503585464,0.7466126827753141,1,0.330892319712408
ag-test-001524,1,0.7999813011290887,0.8455882741234354,1,0.330892319712408
ag-test-001525,1,0.6513392346842086,0.6586562745720348,1,0.330892319712408
ag-test-001526,0,0.003961782206353407,0.0033104966468147545,0,0.330892319712408
ag-test-001527,0,0.0009432810420956386,0.000994372108045283,0,0.330892319712408
ag-test-001528,0,0.045246495059554984,0.03508375058221446,0,0.330892319712408
ag-test-001529,0,0.42542451211296384,0.4115085167190592,1,0.330892319712408
ag-test-001530,0,0.03333309938314959,0.023309423046081024,0,0.330892319712408
ag-test-001531,0,0.006518220009892085,0.005111603774619366,0,0.330892319712408
ag-test-001532,0,0.005421337249758938,0.007847573814194144,0,0.330892319712408
ag-test-001533,0,0.009613373823188021,0.006349851556156557,0,0.330892319712408
ag-test-001534,0,0.0020422606368382494,0.001751266862162608,0,0.330892319712408
ag-test-001535,0,0.0015217527144093224,0.0018972887240994907,0,0.330892319712408
ag-test-001536,0,0.09496564140064169,0.07553797622427869,0,0.330892319712408
ag-test-001537,0,0.0015251156378455174,0.0012904221589816994,0,0.330892319712408
ag-test-001538,0,0.0002351699638985209,0.0002302272772372046,0,0.330892319712408
ag-test-001539,0,0.00031917191903431586,0.00030281603541577965,0,0.330892319712408
ag-test-001540,0,0.0005643491615234185,0.0006278503489496743,0,0.330892319712408
ag-test-001541,0,0.02071913561546533,0.017093696202680156,0,0.330892319712408
ag-test-001542,0,0.6046131288708226,0.6078779453027108,1,0.330892319712408
ag-test-001543,0,0.026538441460908137,0.0219799336343753,0,0.330892319712408
ag-test-001544,0,0.14431901893680296,0.14784551018760894,0,0.330892319712408
ag-test-001545,0,0.000156732415062302,0.00015473508413794512,0,0.330892319712408
ag-test-001546,0,0.007229492110064545,0.004944284809546715,0,0.330892319712408
ag-test-001547,1,0.7935598452511404,0.7490133791146456,1,0.330892319712408
ag-test-001548,0,0.006519008346679053,0.005856320654243032,0,0.330892319712408
ag-test-001549,1,0.5510818346758325,0.5140358166848426,1,0.330892319712408
ag-test-001550,0,0.004726669793749068,0.0052970633985385445,0,0.330892319712408
ag-test-001551,0,0.0034668015968979974,0.00281632837817963,0,0.330892319712408
ag-test-001552,0,0.0024754117839423198,0.0016854154017453247,0,0.330892319712408
ag-test-001553,0,0.011938142647513016,0.007364418106544169,0,0.330892319712408
ag-test-001554,0,0.0015286523802696187,0.00094276265388449,0,0.330892319712408
ag-test-001555,1,0.5997939892105489,0.6254511768045454,1,0.330892319712408
ag-test-001556,0,0.0031524673474809914,0.002213124207645931,0,0.330892319712408
ag-test-001557,0,0.0018867397372252794,0.0008742338082266939,0,0.330892319712408
ag-test-001558,0,0.0001533791212537895,8.295334328685466e-05,0,0.330892319712408
ag-test-001559,0,0.002872641584060135,0.001434391116729811,0,0.330892319712408
ag-test-001560,0,0.30916084357681956,0.38292355979789916,1,0.330892319712408
ag-test-001561,0,0.01286258145720964,0.009228349136953829,0,0.330892319712408
ag-test-001562,0,0.010693085366329574,0.01041711530239962,0,0.330892319712408
ag-test-001563,0,0.014977266959648907,0.0109551604345022,0,0.330892319712408
ag-test-001564,0,0.0022977956856378204,0.0017724776468149546,0,0.330892319712408
ag-test-001565,0,0.009702469224204244,0.018360648759422088,0,0.330892319712408
ag-test-001566,0,0.0012370465481341976,0.0012614488743235672,0,0.330892319712408
ag-test-001567,0,0.00016557973839476954,0.0002031927862330983,0,0.330892319712408
ag-test-001568,1,0.5398555851821684,0.5358644691786721,1,0.330892319712408
ag-test-001569,1,0.4209758709941129,0.41895004593341306,1,0.330892319712408
ag-test-001570,0,0.5892539367680135,0.6353512669255513,1,0.330892319712408
ag-test-001571,0,0.004556890779013614,0.004481434649473219,0,0.330892319712408
ag-test-001572,0,0.00012826858246985147,0.0001512346125656221,0,0.330892319712408
ag-test-001573,0,0.008037610002106847,0.006140755417240932,0,0.330892319712408
ag-test-001574,1,0.44183614562654927,0.4164797511738218,1,0.330892319712408
ag-test-001575,0,0.0039891990877742416,0.003625296093158857,0,0.330892319712408
ag-test-001576,0,0.011505761549575808,0.011840149370083878,0,0.330892319712408
ag-test-001577,0,0.001601226445238777,0.0017802924767489378,0,0.330892319712408
ag-test-001578,1,0.7636764744296682,0.8316789214921015,1,0.330892319712408
ag-test-001579,0,0.07086321848796748,0.047458872851261026,0,0.330892319712408
ag-test-001580,0,0.09000144897165391,0.07831345361216233,0,0.330892319712408
ag-test-001581,0,0.02882528796837224,0.023626608756244102,0,0.330892319712408
ag-test-001582,0,0.7301780829282974,0.8147545688520819,1,0.330892319712408
ag-test-001583,0,0.07707585103989954,0.0694667673786601,0,0.330892319712408
ag-test-001584,0,0.007282122502637995,0.003583945203087213,0,0.330892319712408
ag-test-001585,0,0.004199565795702907,0.003503838744113784,0,0.330892319712408
ag-test-001586,0,0.003204376993107709,0.0026002243565153506,0,0.330892319712408
ag-test-001587,0,0.000616916318040988,0.00046132615531782085,0,0.330892319712408
ag-test-001588,0,0.024886956812022076,0.030885180320674523,0,0.330892319712408
ag-test-001589,1,0.4352537400788267,0.4138123201872923,1,0.330892319712408
ag-test-001590,0,0.018707073368300863,0.01562653715855503,0,0.330892319712408
ag-test-001591,0,0.0023825582959388935,0.001201986499893409,0,0.330892319712408
ag-test-001592,0,0.0033862446273014582,0.0023586348780817484,0,0.330892319712408
ag-test-001593,0,0.008895722496338573,0.006415062008594399,0,0.330892319712408
ag-test-001594,0,0.021768722916826827,0.017300065557146943,0,0.330892319712408
ag-test-001595,0,0.004595330449841295,0.0032439548790433636,0,0.330892319712408
ag-test-001596,0,0.0029453414378869886,0.002761540283245682,0,0.330892319712408
ag-test-001597,0,0.09501453089364863,0.10267023456330097,0,0.330892319712408
ag-test-001598,0,0.008062728045315043,0.008138969696702044,0,0.330892319712408
ag-test-001599,0,0.006427302862074923,0.006903151758709028,0,0.330892319712408
ag-test-001600,0,0.008672512690811908,0.0068980533646249755,0,0.330892319712408
ag-test-001601,1,0.31940038536303983,0.2770488597626324,0,0.330892319712408
ag-test-001602,0,0.08382771113961043,0.08934527841305367,0,0.330892319712408
ag-test-001603,0,0.40283822935799773,0.3993789181230643,1,0.330892319712408
ag-test-001604,0,0.0004288329333448376,0.0004294621516410721,0,0.330892319712408
ag-test-001605,0,0.011055715339119414,0.010002932675140594,0,0.330892319712408
ag-test-001606,0,0.03574276839580065,0.026585323312878894,0,0.330892319712408
ag-test-001607,0,0.0015367123937899715,0.0013932408081085627,0,0.330892319712408
ag-test-001608,0,0.00341566398854401,0.0030857834422223303,0,0.330892319712408
ag-test-001609,0,0.0001938389261584653,0.00013997776549774219,0,0.330892319712408
ag-test-001610,0,0.010597604661369997,0.008868172089431197,0,0.330892319712408
ag-test-001611,0,0.04341227950520443,0.04457428604536348,0,0.330892319712408
ag-test-001612,0,0.005223019232286403,0.0034547594868066917,0,0.330892319712408
ag-test-001613,0,0.01967355468462643,0.016799793238678022,0,0.330892319712408
ag-test-001614,0,0.25686571751004866,0.22469015076546806,0,0.330892319712408
ag-test-001615,0,0.5231615697870547,0.4592507413493687,1,0.330892319712408
ag-test-001616,0,0.016895243506463167,0.014113080088089397,0,0.330892319712408
ag-test-001617,1,0.3147322087293876,0.3274459652125083,0,0.330892319712408
ag-test-001618,0,1.4001906125032926e-05,1.5463983953685224e-05,0,0.330892319712408
ag-test-001619,1,0.706246059288402,0.7409286951452331,1,0.330892319712408
ag-test-001620,0,0.0004068225524676444,0.00041273718520729117,0,0.330892319712408
ag-test-001621,1,0.8342344261485086,0.8399237191024339,1,0.330892319712408
ag-test-001622,0,0.0037021454452518168,0.0030978491088965335,0,0.330892319712408
ag-test-001623,0,0.03551298419850411,0.021606399484306225,0,0.330892319712408
ag-test-001624,0,0.008877574093937834,0.005943285280533144,0,0.330892319712408
ag-test-001625,0,0.00560466177464664,0.006896734871065595,0,0.330892319712408
ag-test-001626,0,0.0032625316819700338,0.002115173177262677,0,0.330892319712408
ag-test-001627,0,0.5627072049649287,0.5401447026580491,1,0.330892319712408
ag-test-001628,0,1.757524493146132e-05,1.981281305115729e-05,0,0.330892319712408
ag-test-001629,0,0.0022030080677278682,0.0020663948121873747,0,0.330892319712408
ag-test-001630,0,0.00036436135709824383,0.00042096112696793814,0,0.330892319712408
ag-test-001631,0,0.0033623737132320503,0.0031040893746916527,0,0.330892319712408
ag-test-001632,0,0.02075748164241949,0.01765311485792094,0,0.330892319712408
ag-test-001633,0,0.03176256649155464,0.023098280471679136,0,0.330892319712408
ag-test-001634,0,0.00012079146972272869,0.00016125160734633268,0,0.330892319712408
ag-test-001635,0,0.004135668686209528,0.0036390654629508573,0,0.330892319712408
ag-test-001636,0,0.23937378536893486,0.18706470224501204,0,0.330892319712408
ag-test-001637,1,0.7338852482237688,0.6806703477795958,1,0.330892319712408
ag-test-001638,0,0.024223781677448784,0.013377483794142674,0,0.330892319712408
ag-test-001639,0,0.001059813385909246,0.0008804969492963938,0,0.330892319712408
ag-test-001640,0,0.004448397942640741,0.004108938843763821,0,0.330892319712408
ag-test-001641,0,0.05031427451634323,0.03756138850488754,0,0.330892319712408
ag-test-001642,0,0.0014796002394177558,0.0012733962256017066,0,0.330892319712408
ag-test-001643,0,0.041506951091018714,0.03239668868761143,0,0.330892319712408
ag-test-001644,0,0.00041407948320510617,0.0005738680037940275,0,0.330892319712408
ag-test-001645,0,0.25304262773571917,0.24271115368147297,0,0.330892319712408
ag-test-001646,0,0.003389424195618777,0.0035414025293672652,0,0.330892319712408
ag-test-001647,0,0.010596326474081121,0.006532290182786237,0,0.330892319712408
ag-test-001648,1,0.6896213625745661,0.6588670549569474,1,0.330892319712408
ag-test-001649,0,0.0052742267400793935,0.004371179045686573,0,0.330892319712408
ag-test-001650,0,0.00048479330352686767,0.000493736065286213,0,0.330892319712408
ag-test-001651,0,0.0004554019812139909,0.00027419539439447,0,0.330892319712408
ag-test-001652,0,0.0002972158133329366,0.00031732994705068184,0,0.330892319712408
ag-test-001653,0,0.0034390658762314236,0.0033602952038584697,0,0.330892319712408
ag-test-001654,0,0.023196344154015665,0.01409554447375296,0,0.330892319712408
ag-test-001655,0,0.015143425423170364,0.014923910775826468,0,0.330892319712408
ag-test-001656,1,0.25992757986239323,0.28530545761156306,0,0.330892319712408
ag-test-001657,0,0.006758269736600629,0.006250596920154477,0,0.330892319712408
ag-test-001658,0,0.019386265531108865,0.024638771998118234,0,0.330892319712408
ag-test-001659,0,0.000927955022069652,0.0006072162395505148,0,0.330892319712408
ag-test-001660,0,0.000665227806713303,0.000753436887323918,0,0.330892319712408
ag-test-001661,0,0.00023377953673296324,0.00026164916112123726,0,0.330892319712408
ag-test-001662,0,0.00030082697194734126,0.00032280150384580454,0,0.330892319712408
ag-test-001663,1,0.6638479271138442,0.6766197891320441,1,0.330892319712408
ag-test-001664,0,0.0065428690332451815,0.004901448685545306,0,0.330892319712408
ag-test-001665,0,0.0073912092409198745,0.0033994020219678847,0,0.330892319712408
ag-test-001666,0,0.008585266694443148,0.01011428189081109,0,0.330892319712408
ag-test-001667,0,0.00029583908584965464,0.00031465278052606886,0,0.330892319712408
ag-test-001668,0,0.001074394789730954,0.00086443735743236,0,0.330892319712408
ag-test-001669,0,0.003398049916089132,0.0023729068222077365,0,0.330892319712408
ag-test-001670,1,0.6564996452794116,0.5526396515725047,1,0.330892319712408
ag-test-001671,1,0.7200986664520566,0.7414322140603515,1,0.330892319712408
ag-test-001672,0,0.00020839248358557787,0.00020524915871278067,0,0.330892319712408
ag-test-001673,0,0.05672378188038665,0.04461204388439954,0,0.330892319712408
ag-test-001674,0,0.0026168304829362553,0.0015843793216672984,0,0.330892319712408
ag-test-001675,0,0.0012767609287529388,0.0015116149975007301,0,0.330892319712408
ag-test-001676,0,0.03459897938866959,0.03213981575140951,0,0.330892319712408
ag-test-001677,0,0.0005759673883610426,0.0005664406310381668,0,0.330892319712408
ag-test-001678,0,0.004142848449118627,0.00392138998957778,0,0.330892319712408
ag-test-001679,1,0.5924327868823002,0.5467901936295325,1,0.330892319712408
ag-test-001680,0,0.0005652620819879329,0.00039807799049071754,0,0.330892319712408
ag-test-001681,0,0.09133351866231379,0.07880097248707749,0,0.330892319712408
ag-test-001682,0,0.004703025111346009,0.005309032669950855,0,0.330892319712408
ag-test-001683,0,0.0010766946642773493,0.0012976881411951504,0,0.330892319712408
ag-test-001684,0,0.03210260192410449,0.0272888735998207,0,0.330892319712408
ag-test-001685,1,0.2077462594851531,0.21776601727083048,0,0.330892319712408
ag-test-001686,0,0.014518337285649493,0.013875893176727343,0,0.330892319712408
ag-test-001687,1,0.8451045190643626,0.8312420085281337,1,0.330892319712408
ag-test-001688,0,0.031832950901017114,0.02358946236120723,0,0.330892319712408
ag-test-001689,0,0.07818978478009751,0.0724233315437758,0,0.330892319712408
ag-test-001690,1,0.378363270243515,0.5295774047620455,1,0.330892319712408
ag-test-001691,0,0.0003388260305050045,0.0002859585659684878,0,0.330892319712408
ag-test-001692,0,0.0007263006894705882,0.0006810342304689402,0,0.330892319712408
ag-test-001693,0,0.06359475244996877,0.06141043640041968,0,0.330892319712408
ag-test-001694,0,0.048940236328860964,0.03151135148658851,0,0.330892319712408
ag-test-001695,0,0.030632917626454925,0.02811374163195181,0,0.330892319712408
ag-test-001696,0,0.036219038257555305,0.025546295947188914,0,0.330892319712408
ag-test-001697,0,0.015639941723629997,0.012551398994500714,0,0.330892319712408
ag-test-001698,0,0.00819546275939086,0.005745148019880168,0,0.330892319712408
ag-test-001699,1,0.7821913695752815,0.7854720107527486,1,0.330892319712408
ag-test-001700,0,0.005479093955981882,0.0046321227637649235,0,0.330892319712408
ag-test-001701,0,0.03165544568080764,0.028382678218064665,0,0.330892319712408
ag-test-001702,0,0.4137880524253696,0.38922754998298364,1,0.330892319712408
ag-test-001703,0,0.003528285230562703,0.002859061676757854,0,0.330892319712408
ag-test-001704,0,0.0005314475225205785,0.000550618369997047,0,0.330892319712408
ag-test-001705,0,0.00209989020184934,0.0024819813321084625,0,0.330892319712408
ag-test-001706,0,0.12120986621794858,0.12741913649150383,0,0.330892319712408
ag-test-001707,0,0.03078205398369865,0.026161911036827804,0,0.330892319712408
ag-test-001708,0,0.002610083472709636,0.0018772893725242114,0,0.330892319712408
ag-test-001709,0,0.0003089501710192882,0.000272955405026807,0,0.330892319712408
ag-test-001710,0,0.6311329759082819,0.6219661788554447,1,0.330892319712408
ag-test-001711,0,0.0040822561569014894,0.002565862776953472,0,0.330892319712408
ag-test-001712,0,0.0008332698864757933,0.000727666747756401,0,0.330892319712408
ag-test-001713,0,2.61824705643444e-05,3.579659202846163e-05,0,0.330892319712408
ag-test-001714,0,0.02022335226156797,0.02115193391055451,0,0.330892319712408
ag-test-001715,0,0.0035119758232732795,0.003062464571130221,0,0.330892319712408
ag-test-001716,0,0.006764676815941327,0.008323287931415803,0,0.330892319712408
ag-test-001717,1,0.5057463595183977,0.4932577664032536,1,0.330892319712408
ag-test-001718,0,0.006527791045372391,0.005354292480250075,0,0.330892319712408
ag-test-001719,0,0.0029480225395025123,0.0028433745718779435,0,0.330892319712408
ag-test-001720,0,0.00011492580037238652,9.415971037955184e-05,0,0.330892319712408
ag-test-001721,0,0.0018083622374974427,0.0020755345098122666,0,0.330892319712408
ag-test-001722,0,0.007677503368459788,0.004768588585665274,0,0.330892319712408
ag-test-001723,0,0.36534966440706684,0.37182358967669854,1,0.330892319712408
ag-test-001724,0,0.0009133485672640326,0.0008211086079611286,0,0.330892319712408
ag-test-001725,0,0.18010890339242547,0.16839401717759606,0,0.330892319712408
ag-test-001726,0,0.010191253551683252,0.006507507760318782,0,0.330892319712408
ag-test-001727,0,2.0797950696538614e-05,1.7429253006987653e-05,0,0.330892319712408
ag-test-001728,0,0.0010240019233733143,0.0019772115614318055,0,0.330892319712408
ag-test-001729,0,0.01395704459366058,0.011179876304729804,0,0.330892319712408
ag-test-001730,1,0.6655771517979342,0.690190454753408,1,0.330892319712408
ag-test-001731,0,0.04409578042853207,0.042470258276942986,0,0.330892319712408
ag-test-001732,1,0.29730198678356906,0.32499813537603334,0,0.330892319712408
ag-test-001733,0,0.008843111532794152,0.006255656442713667,0,0.330892319712408
ag-test-001734,0,0.001110807589888275,0.0012077329120441314,0,0.330892319712408
ag-test-001735,0,0.001196795245370718,0.0010244139391739258,0,0.330892319712408
ag-test-001736,0,0.01288133969216542,0.014626599358399326,0,0.330892319712408
ag-test-001737,0,0.03016751878321109,0.0271375554262196,0,0.330892319712408
ag-test-001738,0,0.0019974563055639243,0.002913258307362881,0,0.330892319712408
ag-test-001739,0,0.00232973442188254,0.002125584957868901,0,0.330892319712408
ag-test-001740,0,0.006912901512254009,0.005036192725201626,0,0.330892319712408
ag-test-001741,0,0.0012292287924754385,0.001002123596425361,0,0.330892319712408
ag-test-001742,1,0.8463657948497783,0.8310645886934914,1,0.330892319712408
ag-test-001743,0,0.0009253367523341796,0.0010825586676842009,0,0.330892319712408
ag-test-001744,0,0.002935680012370443,0.0022311152630210083,0,0.330892319712408
ag-test-001745,0,0.0005949111971736178,0.0007145787480690296,0,0.330892319712408
ag-test-001746,0,0.0002316150790028596,0.00037083458144047965,0,0.330892319712408
ag-test-001747,1,0.5918747656439453,0.6080922511892508,1,0.330892319712408
ag-test-001748,0,0.6308945161251045,0.5696117158041517,1,0.330892319712408
ag-test-001749,0,0.013718169763484485,0.01080842889410112,0,0.330892319712408
ag-test-001750,0,0.0009043772628919856,0.001214097384506495,0,0.330892319712408
ag-test-001751,0,0.01555663833945944,0.01572437269750665,0,0.330892319712408
ag-test-001752,0,0.09026765108803644,0.07912635552165896,0,0.330892319712408
ag-test-001753,0,0.029893036856795608,0.019879422213712025,0,0.330892319712408
ag-test-001754,0,0.1996510089655409,0.16060063353043688,0,0.330892319712408
ag-test-001755,0,0.005016607296583731,0.0035733807875866575,0,0.330892319712408
ag-test-001756,0,0.00479623279190148,0.004076194420857796,0,0.330892319712408
ag-test-001757,0,0.0012092304841193344,0.0009753111735544333,0,0.330892319712408
ag-test-001758,0,0.024699140428338335,0.02473818126611792,0,0.330892319712408
ag-test-001759,0,0.0037931123383357864,0.0036113437284598414,0,0.330892319712408
ag-test-001760,0,0.00021617958652513216,0.0002322508846357049,0,0.330892319712408
ag-test-001761,0,0.059310940069817596,0.04580286352240219,0,0.330892319712408
ag-test-001762,0,0.46500688891313874,0.48888807005898677,1,0.330892319712408
ag-test-001763,0,6.965521828841254e-05,8.027519326992738e-05,0,0.330892319712408
ag-test-001764,0,0.02292078791521358,0.019769364363768353,0,0.330892319712408
ag-test-001765,0,0.0017140358901973558,0.0017417845404592933,0,0.330892319712408
ag-test-001766,0,0.004799427302001863,0.005328465782008559,0,0.330892319712408
ag-test-001767,0,0.020890620863797386,0.01614722077686516,0,0.330892319712408
ag-test-001768,0,4.078125728161013e-05,4.578383961714859e-05,0,0.330892319712408
ag-test-001769,0,0.0018004235158299937,0.00184125049695445,0,0.330892319712408
ag-test-001770,0,0.056866198708703145,0.03289153838240318,0,0.330892319712408
ag-test-001771,0,0.0056534352533960715,0.005216901356469175,0,0.330892319712408
ag-test-001772,0,0.0016358866714635937,0.0012185974772535033,0,0.330892319712408
ag-test-001773,1,0.19304318800688175,0.05753469874540127,0,0.330892319712408
ag-test-001774,0,0.003934881095803264,0.003974618985427166,0,0.330892319712408
ag-test-001775,0,0.005480920666756543,0.0033361712644053615,0,0.330892319712408
ag-test-001776,0,0.5666222969001179,0.549204781470823,1,0.330892319712408
ag-test-001777,0,0.004416184392482764,0.004634107607763078,0,0.330892319712408
ag-test-001778,0,0.001244404196533607,0.00104664105437255,0,0.330892319712408
ag-test-001779,0,0.0007145631222456693,0.0007330769565576384,0,0.330892319712408
ag-test-001780,0,0.00031905413803658426,0.0004536189203975879,0,0.330892319712408
ag-test-001781,0,0.00124669705957946,0.001086718776461232,0,0.330892319712408
ag-test-001782,1,0.45095680079089506,0.3763380667413775,1,0.330892319712408
ag-test-001783,0,0.003503257270131696,0.0049138618962275395,0,0.330892319712408
ag-test-001784,0,0.005017139789154329,0.00411131820982656,0,0.330892319712408
ag-test-001785,0,0.004524511487613626,0.005278784687955644,0,0.330892319712408
ag-test-001786,0,2.916989756279821e-05,2.7263721353304366e-05,0,0.330892319712408
ag-test-001787,0,0.5119998611507581,0.5126261959734019,1,0.330892319712408
ag-test-001788,0,0.010966118521776189,0.008657921146459734,0,0.330892319712408
ag-test-001789,0,0.00022058644136632033,0.0001862595054818559,0,0.330892319712408
ag-test-001790,0,0.0007189358843017206,0.0009345618588362248,0,0.330892319712408
ag-test-001791,0,0.03867039831196728,0.042475253482784976,0,0.330892319712408
ag-test-001792,0,0.026687779045522372,0.028750068324272415,0,0.330892319712408
ag-test-001793,0,0.007469708219101502,0.004317178784186005,0,0.330892319712408
ag-test-001794,0,0.001145859781361189,0.0012820231213865336,0,0.330892319712408
ag-test-001795,0,0.029707059373080585,0.029542911559594518,0,0.330892319712408
ag-test-001796,1,0.8442378088428462,0.8275669531057852,1,0.330892319712408
ag-test-001797,0,0.00025017030192887624,0.0002732765148004321,0,0.330892319712408
ag-test-001798,0,0.005326685892299573,0.004765608058509362,0,0.330892319712408
ag-test-001799,0,0.016079516177948647,0.016044648873322492,0,0.330892319712408
ag-test-001800,1,0.8348412394840142,0.8765476539483396,1,0.330892319712408
ag-test-001801,0,0.0010374513824831465,0.0009915156002633383,0,0.330892319712408
ag-test-001802,0,0.003396828035421536,0.0035094613603812845,0,0.330892319712408
ag-test-001803,0,0.0008988327187037423,0.0010519306298110147,0,0.330892319712408
ag-test-001804,0,0.2890657791413223,0.2309702238541465,0,0.330892319712408
ag-test-001805,0,0.005051856692429744,0.0034829287843613217,0,0.330892319712408
ag-test-001806,0,0.002753531862670916,0.0028139002325533197,0,0.330892319712408
ag-test-001807,0,0.8772333494576307,0.8685789964551762,1,0.330892319712408
ag-test-001808,0,0.14956462143786078,0.13378329244257012,0,0.330892319712408
ag-test-001809,0,0.002645145683349873,0.004031319141219726,0,0.330892319712408
ag-test-001810,1,0.6900231189064769,0.716459079342582,1,0.330892319712408
ag-test-001811,0,0.35396978929552625,0.3438090676969505,1,0.330892319712408
ag-test-001812,0,0.06330940717998045,0.0712860459342073,0,0.330892319712408
ag-test-001813,1,0.1731416000397416,0.19412048696423878,0,0.330892319712408
ag-test-001814,0,0.04769486360580318,0.04166206808957124,0,0.330892319712408
ag-test-001815,0,0.04928764057528946,0.04534839115782292,0,0.330892319712408
ag-test-001816,0,0.01341783693294179,0.008424655403260352,0,0.330892319712408
ag-test-001817,0,0.0047756098115747814,0.004359029795444649,0,0.330892319712408
ag-test-001818,0,0.00025855643689164185,0.0002975795185389993,0,0.330892319712408
ag-test-001819,0,0.0009001550422114879,0.0007274422468879607,0,0.330892319712408
ag-test-001820,0,3.350410358176528e-05,5.51140519377535e-05,0,0.330892319712408
ag-test-001821,0,0.0016142724050840947,0.0014054732296951418,0,0.330892319712408
ag-test-001822,0,0.0072484064089852465,0.007457211734279249,0,0.330892319712408
ag-test-001823,0,0.01583895122944183,0.012359591892818385,0,0.330892319712408
ag-test-001824,0,5.518089183359083e-05,5.712577382099675e-05,0,0.330892319712408
ag-test-001825,0,0.000270109410379477,0.00036986419025929006,0,0.330892319712408
ag-test-001826,0,0.0005330507451138704,0.0005048539384207258,0,0.330892319712408
ag-test-001827,0,0.0073283677614070074,0.0077156209024837365,0,0.330892319712408
ag-test-001828,0,0.0007492542310928719,0.0007302991669195746,0,0.330892319712408
ag-test-001829,0,0.1847710059215716,0.17222286687602514,0,0.330892319712408
ag-test-001830,0,0.002820951895888147,0.0022978862612133798,0,0.330892319712408
ag-test-001831,0,0.006012553272207605,0.00472798295299022,0,0.330892319712408
ag-test-001832,0,0.005614185475835444,0.010727684759755256,0,0.330892319712408
ag-test-001833,0,0.003966409752571089,0.002986398313772921,0,0.330892319712408
ag-test-001834,0,0.03185209062968088,0.021003893994027408,0,0.330892319712408
ag-test-001835,0,0.00014677543928500334,0.00025739758496209404,0,0.330892319712408
ag-test-001836,0,0.01688606433067561,0.01449310515296417,0,0.330892319712408
ag-test-001837,0,0.08492222606220493,0.03572337184973166,0,0.330892319712408
ag-test-001838,0,0.0005447130356517634,0.0005792331833502008,0,0.330892319712408
ag-test-001839,0,0.005086438700035175,0.003016349835594923,0,0.330892319712408
ag-test-001840,0,0.006096452218002095,0.0064347758922389765,0,0.330892319712408
ag-test-001841,1,0.07457688156577313,0.07166840593221895,0,0.330892319712408
ag-test-001842,0,0.0029309109760059042,0.0020739071699989817,0,0.330892319712408
ag-test-001843,1,0.6961252750826861,0.7244349335149083,1,0.330892319712408
ag-test-001844,0,0.0017506934056425005,0.00177177380910392,0,0.330892319712408
ag-test-001845,0,0.0004551450357963994,0.0004745864243000546,0,0.330892319712408
ag-test-001846,0,0.03226497107012154,0.027165234472611845,0,0.330892319712408
ag-test-001847,0,0.0014321243180593234,0.0015112035346662048,0,0.330892319712408
ag-test-001848,0,0.5941052213734784,0.6121805042582964,1,0.330892319712408
ag-test-001849,0,0.01109907407837145,0.009953488238146265,0,0.330892319712408
ag-test-001850,0,0.0005007979330676187,0.0005407849179196293,0,0.330892319712408
ag-test-001851,1,0.8675901809846063,0.8727184959499199,1,0.330892319712408
ag-test-001852,0,0.0006544633235049365,0.0007870418928089958,0,0.330892319712408
ag-test-001853,0,0.019620229316300124,0.01755745634291166,0,0.330892319712408
ag-test-001854,0,0.0001008909845598296,5.6801100007575294e-05,0,0.330892319712408
ag-test-001855,0,0.00018848191343413817,0.00018576110659705957,0,0.330892319712408
ag-test-001856,0,0.0018790656793213497,0.0018979403315475107,0,0.330892319712408
ag-test-001857,1,0.8512086316682829,0.8514129844647895,1,0.330892319712408
ag-test-001858,0,0.0008710967717615598,0.0009028727654804365,0,0.330892319712408
ag-test-001859,0,0.0005259789031456652,0.0005100250033914206,0,0.330892319712408
ag-test-001860,0,0.28809202125272804,0.2636197821650944,0,0.330892319712408
ag-test-001861,0,0.005423244564091608,0.005423571868419014,0,0.330892319712408
ag-test-001862,0,0.0031906236960792915,0.0029359443253043445,0,0.330892319712408
ag-test-001863,0,0.0014218110505593573,0.0018504761460761533,0,0.330892319712408
ag-test-001864,0,0.32174674866813263,0.2829255784765538,0,0.330892319712408
ag-test-001865,0,3.069936819528785e-05,3.6389393648844546e-05,0,0.330892319712408
ag-test-001866,0,0.002841547919549539,0.0023418442836296532,0,0.330892319712408
ag-test-001867,0,0.0011495431070528514,0.0010517577715278015,0,0.330892319712408
ag-test-001868,0,0.027564644911561548,0.020582314744321806,0,0.330892319712408
ag-test-001869,0,0.0019317743908371563,0.0014814049324322514,0,0.330892319712408
ag-test-001870,1,0.7371873049994168,0.75017351206184,1,0.330892319712408
ag-test-001871,0,0.04370345651578219,0.040817374699929646,0,0.330892319712408
ag-test-001872,0,0.029165829708794493,0.024787832118067565,0,0.330892319712408
ag-test-001873,0,0.02777230985719263,0.022401696098208697,0,0.330892319712408
ag-test-001874,0,0.0008628200279658641,0.0008495630168037648,0,0.330892319712408
ag-test-001875,0,0.020015671539342725,0.012915788626412213,0,0.330892319712408
ag-test-001876,0,0.00820947571248923,0.004284993261871398,0,0.330892319712408
ag-test-001877,0,0.0024264654042029043,0.0019282076592548525,0,0.330892319712408
ag-test-001878,0,0.0018083622374974427,0.0020755345098122666,0,0.330892319712408
ag-test-001879,0,0.09759807014915049,0.07861412292419298,0,0.330892319712408
ag-test-001880,0,0.10486066946470339,0.11466535789393127,0,0.330892319712408
ag-test-001881,0,0.0017728290551657028,0.0038834604853289602,0,0.330892319712408
ag-test-001882,0,0.0018614612069329575,0.001757248672788211,0,0.330892319712408
ag-test-001883,0,0.6721424550033808,0.7748302418892444,1,0.330892319712408
ag-test-001884,0,0.008343765741412571,0.006299880016115376,0,0.330892319712408
ag-test-001885,0,0.0001223900868918488,0.00011234537089665109,0,0.330892319712408
ag-test-001886,0,0.001893286529231241,0.0016040650450436773,0,0.330892319712408
ag-test-001887,0,0.03796225298274573,0.04534123325526411,0,0.330892319712408
ag-test-001888,0,0.020377076019983925,0.019293320418277013,0,0.330892319712408
ag-test-001889,0,0.006444405010496942,0.004160743961463886,0,0.330892319712408
ag-test-001890,0,0.06274744955599587,0.06033812584301122,0,0.330892319712408
ag-test-001891,0,0.020871869916364905,0.0217441202411628,0,0.330892319712408
ag-test-001892,0,0.0011161210709570654,0.0006842171411454759,0,0.330892319712408
ag-test-001893,0,0.007023652117143862,0.007419140887276509,0,0.330892319712408
ag-test-001894,0,0.06217367620327907,0.07668775100255107,0,0.330892319712408
ag-test-001895,0,0.10263727662831322,0.110059864959023,0,0.330892319712408
ag-test-001896,0,0.0004579237524053582,0.0004913322106074988,0,0.330892319712408
ag-test-001897,1,0.7219305928233372,0.7221877474544687,1,0.330892319712408
ag-test-001898,0,0.028246516285414042,0.026548943042220795,0,0.330892319712408
ag-test-001899,0,0.6202307008587665,0.6665640493362585,1,0.330892319712408
ag-test-001900,1,0.8141619874587873,0.8512057671873415,1,0.330892319712408
ag-test-001901,0,0.03652982944685782,0.02400217666147775,0,0.330892319712408
ag-test-001902,0,0.001063293916451487,0.0009504676240857926,0,0.330892319712408
ag-test-001903,0,0.047423539985722,0.03530152986574403,0,0.330892319712408
ag-test-001904,0,0.05661759215899892,0.05247575017330942,0,0.330892319712408
ag-test-001905,0,4.437128904862436e-05,4.4629995246580504e-05,0,0.330892319712408
ag-test-001906,0,0.6043898099071134,0.6624770217062088,1,0.330892319712408
ag-test-001907,0,0.001575930730808001,0.0015612383682341445,0,0.330892319712408
ag-test-001908,0,0.0005426054871394288,0.00042522983263112237,0,0.330892319712408
ag-test-001909,0,0.09721533027176725,0.08277701703457097,0,0.330892319712408
ag-test-001910,1,0.8931380078937452,0.8959229995946234,1,0.330892319712408
ag-test-001911,1,0.07654739227081575,0.042958575795480555,0,0.330892319712408
ag-test-001912,0,5.2776447361538145e-05,4.982083423028171e-05,0,0.330892319712408
ag-test-001913,0,0.004267033487759255,0.00357494457478429,0,0.330892319712408
ag-test-001914,0,0.004892524301807724,0.004156212081127006,0,0.330892319712408
ag-test-001915,0,0.0025471182608766893,0.0025528499548708654,0,0.330892319712408
ag-test-001916,0,0.00850628268637321,0.0066355100864705155,0,0.330892319712408
ag-test-001917,1,0.22721499455939864,0.19133544541000855,0,0.330892319712408
ag-test-001918,0,0.00032989352141276577,0.00033629924286780754,0,0.330892319712408
ag-test-001919,0,0.00040980348663888124,0.00043928343959025027,0,0.330892319712408
ag-test-001920,0,0.5959631036739814,0.4752463764656481,1,0.330892319712408
ag-test-001921,1,0.5404056940170905,0.5233823547899851,1,0.330892319712408
ag-test-001922,0,0.01427280586295439,0.014290624013850159,0,0.330892319712408
ag-test-001923,0,0.0005042937774107842,0.0005267969114008877,0,0.330892319712408
ag-test-001924,0,0.0011968117336254604,0.0012667307964591109,0,0.330892319712408
ag-test-001925,0,0.003551306113814119,0.0025413837563333604,0,0.330892319712408
ag-test-001926,0,0.22477668221560976,0.22453005854968722,0,0.330892319712408
ag-test-001927,0,0.11285984122187433,0.0971602415783987,0,0.330892319712408
ag-test-001928,1,0.6225709087550148,0.5295073442053166,1,0.330892319712408
ag-test-001929,1,0.5465608914260522,0.5132231470409222,1,0.330892319712408
ag-test-001930,0,0.00974266016296091,0.009693484223376219,0,0.330892319712408
ag-test-001931,0,0.046531910282220125,0.033708005812935926,0,0.330892319712408
ag-test-001932,0,0.017073825016484218,0.015416315534844108,0,0.330892319712408
ag-test-001933,0,0.007341135358390244,0.006620512310795922,0,0.330892319712408
ag-test-001934,0,0.0034059882369322737,0.003025749233463976,0,0.330892319712408
ag-test-001935,0,0.003086541211242723,0.0027119616420628397,0,0.330892319712408
ag-test-001936,0,0.019690577416108142,0.014099459664703893,0,0.330892319712408
ag-test-001937,0,0.0005918621507673394,0.0009869263043424414,0,0.330892319712408
ag-test-001938,0,0.09863455396755051,0.08136882983104766,0,0.330892319712408
ag-test-001939,0,0.02189986127627567,0.018794092430888282,0,0.330892319712408
ag-test-001940,0,0.0054631703175211654,0.004904907963143065,0,0.330892319712408
ag-test-001941,0,0.00015469511254071744,0.0001542534078684862,0,0.330892319712408
ag-test-001942,0,0.05437519195673611,0.058299433912480755,0,0.330892319712408
ag-test-001943,0,0.0016223586986094383,0.001722056051798256,0,0.330892319712408
ag-test-001944,0,0.00018170520015947417,0.00027507733115194894,0,0.330892319712408
ag-test-001945,0,0.0067236120907880155,0.006286042446848203,0,0.330892319712408
ag-test-001946,0,0.0004076006976811273,0.00042347042566184476,0,0.330892319712408
ag-test-001947,0,0.004438484045402988,0.005283356104703505,0,0.330892319712408
ag-test-001948,0,0.014803874708154932,0.00879528542877386,0,0.330892319712408
ag-test-001949,0,0.0017715377438181894,0.0019080812368184336,0,0.330892319712408
ag-test-001950,0,0.0019288366480180441,0.001318231785600523,0,0.330892319712408
ag-test-001951,0,0.0007892907041863971,0.0009801317746589288,0,0.330892319712408
ag-test-001952,0,0.00038918017783334715,0.0003162456800454749,0,0.330892319712408
ag-test-001953,1,0.15346044460597275,0.14845439804151309,0,0.330892319712408
ag-test-001954,0,0.008886607281103185,0.012765620645798097,0,0.330892319712408
ag-test-001955,0,0.037640905785863335,0.026940097558115796,0,0.330892319712408
ag-test-001956,0,0.0005131855843565957,0.0005023698235916339,0,0.330892319712408
ag-test-001957,0,0.16023990045170236,0.13649661574659858,0,0.330892319712408
ag-test-001958,0,0.0018664722555768452,0.0014659429077643364,0,0.330892319712408
ag-test-001959,0,0.749009504143136,0.7185555622512585,1,0.330892319712408
ag-test-001960,0,0.0003720666497406431,0.00023331494091549733,0,0.330892319712408
ag-test-001961,0,0.010407788554991176,0.007107189382127278,0,0.330892319712408
ag-test-001962,0,0.08296887541840925,0.051036245726289994,0,0.330892319712408
ag-test-001963,0,0.000994799937635433,0.0009492591397137527,0,0.330892319712408
ag-test-001964,0,0.015778950884047675,0.013639746084861966,0,0.330892319712408
ag-test-001965,0,0.3842197904622673,0.3636331847382758,1,0.330892319712408
ag-test-001966,0,0.026127374209060545,0.018579902229520558,0,0.330892319712408
ag-test-001967,0,0.003633647125809728,0.0033494114558364992,0,0.330892319712408
ag-test-001968,0,0.00029378723769848654,0.00030451894769459504,0,0.330892319712408
ag-test-001969,0,0.0011810202540190801,0.0010247016290885892,0,0.330892319712408
ag-test-001970,0,0.00010609328105015578,7.159069063977075e-05,0,0.330892319712408
ag-test-001971,0,0.015527034382494607,0.01641645240849038,0,0.330892319712408
ag-test-001972,0,0.001326656197860467,0.0020688419507201867,0,0.330892319712408
ag-test-001973,0,0.03800402127940085,0.07556678041047597,0,0.330892319712408
ag-test-001974,0,0.0161625754773344,0.015409280512848117,0,0.330892319712408
ag-test-001975,0,0.00012742697019778952,0.00013397825697567531,0,0.330892319712408
ag-test-001976,1,0.531752388504227,0.5558955721329396,1,0.330892319712408
ag-test-001977,0,0.00040289944868314605,0.00045282207760663853,0,0.330892319712408
ag-test-001978,0,0.0009307042489320411,0.0007686286468845093,0,0.330892319712408
ag-test-001979,0,1.9884112292908294e-05,1.973458346243677e-05,0,0.330892319712408
ag-test-001980,0,0.001095629322375389,0.0010576517238919901,0,0.330892319712408
ag-test-001981,0,0.0001176688435127307,0.00010854923698106056,0,0.330892319712408
ag-test-001982,0,0.0028713202771542615,0.0026042211841033258,0,0.330892319712408
ag-test-001983,0,0.03680792467569515,0.02884324642871515,0,0.330892319712408
ag-test-001984,0,0.08289288324488782,0.04468667298263002,0,0.330892319712408
ag-test-001985,0,0.0023461898469694657,0.002942511634320959,0,0.330892319712408
ag-test-001986,0,0.004139867992831133,0.003613946968304408,0,0.330892319712408
ag-test-001987,0,0.41178834355970795,0.4251578118101786,1,0.330892319712408
ag-test-001988,0,0.004357034611836639,0.005940463085807929,0,0.330892319712408
ag-test-001989,0,0.016900976176568574,0.01637423869724392,0,0.330892319712408
ag-test-001990,1,0.7409932686246101,0.6908389444372175,1,0.330892319712408
ag-test-001991,1,0.33944434258287565,0.2908548483892526,0,0.330892319712408
ag-test-001992,0,0.009638259117926366,0.006819889461019885,0,0.330892319712408
ag-test-001993,0,0.03659830278614322,0.028994636005385564,0,0.330892319712408
ag-test-001994,1,0.8411483543213722,0.8287705212954609,1,0.330892319712408
ag-test-001995,0,0.0008117733435042751,0.0006584284380138233,0,0.330892319712408
ag-test-001996,0,0.011671435035056587,0.008070010990324486,0,0.330892319712408
ag-test-001997,0,0.015363950550470637,0.01444248916982273,0,0.330892319712408
ag-test-001998,0,0.016417500598065304,0.014370643603827343,0,0.330892319712408
ag-test-001999,0,0.005620631226496042,0.004870845843894372,0,0.330892319712408
ag-test-002000,0,0.07958874942714347,0.08945978280942708,0,0.330892319712408
ag-test-002001,0,0.03492685722730105,0.027826748738847204,0,0.330892319712408
ag-test-002002,0,0.013710941170813538,0.014470643146588035,0,0.330892319712408
ag-test-002003,0,0.022328303239829744,0.02066238882078433,0,0.330892319712408
ag-test-002004,0,0.0024854988939511094,0.002298883453873667,0,0.330892319712408
ag-test-002005,0,0.0032091200640566725,0.0033327760534451697,0,0.330892319712408
ag-test-002006,0,0.002555841561075692,0.0025893524333224075,0,0.330892319712408
ag-test-002007,0,0.00030859361595340294,0.0003964412593761636,0,0.330892319712408
ag-test-002008,0,0.0004451848762259905,0.0004062684001702957,0,0.330892319712408
ag-test-002009,0,0.49638025492232984,0.49799924451992766,1,0.330892319712408
ag-test-002010,0,0.001456671185319756,0.001121793199299458,0,0.330892319712408
ag-test-002011,0,1.3704871067061203e-05,1.3575042253645732e-05,0,0.330892319712408
ag-test-002012,0,0.026631480767912157,0.02139954310815168,0,0.330892319712408
ag-test-002013,1,0.8071907371603716,0.8411146929808824,1,0.330892319712408
ag-test-002014,0,0.003776991798709652,0.0031057798031425767,0,0.330892319712408
ag-test-002015,1,0.40515575047001745,0.3801602151400736,1,0.330892319712408
ag-test-002016,0,0.000291940144709902,0.0003610691206466483,0,0.330892319712408
ag-test-002017,0,0.007547260211759874,0.00754143300130505,0,0.330892319712408
ag-test-002018,1,0.6109544381785059,0.5940760426830237,1,0.330892319712408
ag-test-002019,0,0.04614579256694669,0.03140285779076654,0,0.330892319712408
ag-test-002020,0,0.0005751788035105251,0.00036435567855244824,0,0.330892319712408
ag-test-002021,1,0.5271849907397114,0.5400584480468666,1,0.330892319712408
ag-test-002022,0,0.044334623543385195,0.04575016687548367,0,0.330892319712408
ag-test-002023,0,0.013167353955055437,0.01248342602705621,0,0.330892319712408
ag-test-002024,0,0.0015663535100179076,0.001284139462686809,0,0.330892319712408
ag-test-002025,1,0.1943416736941293,0.17778042459756394,0,0.330892319712408
ag-test-002026,0,0.0006948845676721728,0.0007137579438101117,0,0.330892319712408
ag-test-002027,0,0.24143981489225994,0.12471203442923365,0,0.330892319712408
ag-test-002028,0,0.02011121007749298,0.01861965331639828,0,0.330892319712408
ag-test-002029,0,0.0025327492079969525,0.002235480542375627,0,0.330892319712408
ag-test-002030,1,0.06913296511226776,0.07758887138372669,0,0.330892319712408
ag-test-002031,0,0.0007915811202873417,0.0007824956072108924,0,0.330892319712408
ag-test-002032,0,0.023272668052308088,0.022395085059183466,0,0.330892319712408
ag-test-002033,0,0.0018381752308419153,0.0017299318069627975,0,0.330892319712408
ag-test-002034,0,0.01700756122095113,0.0140986733472966,0,0.330892319712408
ag-test-002035,0,0.01659676992548304,0.01392679635330224,0,0.330892319712408
ag-test-002036,0,0.00656314462999072,0.007134019229580503,0,0.330892319712408
ag-test-002037,0,0.01832897121112501,0.012465140392997603,0,0.330892319712408
ag-test-002038,0,0.003350405786417996,0.002903406510602512,0,0.330892319712408
ag-test-002039,0,0.0028305455689501755,0.003326163696122308,0,0.330892319712408
ag-test-002040,0,0.03426201073495108,0.02887418224932882,0,0.330892319712408
ag-test-002041,1,0.7993800063986358,0.8046717002525251,1,0.330892319712408
ag-test-002042,0,0.0001652549557112697,0.00035660855329995323,0,0.330892319712408
ag-test-002043,0,0.0020047710775688912,0.001707538926596247,0,0.330892319712408
ag-test-002044,0,0.8582185923721477,0.863337996287959,1,0.330892319712408
ag-test-002045,0,0.00032632638776264924,0.00035033773985041465,0,0.330892319712408
ag-test-002046,0,0.07286394384911539,0.07488766969061386,0,0.330892319712408
ag-test-002047,0,0.0010649042776056873,0.0011413021338306279,0,0.330892319712408
ag-test-002048,0,0.0002637276650028853,0.00030710881682331146,0,0.330892319712408
ag-test-002049,0,0.02075748164241949,0.01765311485792094,0,0.330892319712408
ag-test-002050,0,0.0016606215013679215,0.0027552975177957966,0,0.330892319712408
ag-test-002051,0,0.0005987592001383246,0.0005673444813588886,0,0.330892319712408
ag-test-002052,0,4.293654191180647e-05,4.5760842356128734e-05,0,0.330892319712408
ag-test-002053,0,0.006736126393219212,0.003656335438631632,0,0.330892319712408
ag-test-002054,0,0.008874676852042915,0.005764783308915139,0,0.330892319712408
ag-test-002055,0,0.0005888766600545823,0.0004952399391073733,0,0.330892319712408
ag-test-002056,0,0.03096295901606909,0.01990607921726056,0,0.330892319712408
ag-test-002057,0,0.009729950067261918,0.009419454589806614,0,0.330892319712408
ag-test-002058,0,0.8624732420344466,0.8484764496099767,1,0.330892319712408
ag-test-002059,0,0.021744254652723848,0.018425614442893572,0,0.330892319712408
ag-test-002060,0,0.004636826948090394,0.0026527500099112066,0,0.330892319712408
ag-test-002061,0,0.008853240428009036,0.007644654325894538,0,0.330892319712408
ag-test-002062,0,0.7437334136013856,0.7020141304912575,1,0.330892319712408
ag-test-002063,0,0.0016021449543218208,0.001395828866598505,0,0.330892319712408
ag-test-002064,0,0.00043274978874504596,0.0004890307038696043,0,0.330892319712408
ag-test-002065,0,0.055738079928630065,0.0456267977091137,0,0.330892319712408
ag-test-002066,0,0.016107046515674572,0.014282835755886597,0,0.330892319712408
ag-test-002067,0,0.020836662802202244,0.015303482295295852,0,0.330892319712408
ag-test-002068,0,0.013234506520384914,0.01131664888000419,0,0.330892319712408
ag-test-002069,0,0.003528316084081939,0.0029229092731245837,0,0.330892319712408
ag-test-002070,0,0.09922962843591872,0.09062917975548676,0,0.330892319712408
ag-test-002071,0,0.00031945338373519827,0.0003770515466074066,0,0.330892319712408
ag-test-002072,0,0.01840392997204444,0.016474966254648657,0,0.330892319712408
ag-test-002073,1,0.537236218448705,0.5873201689422086,1,0.330892319712408
ag-test-002074,0,0.0013448079761254363,0.0013776633510644524,0,0.330892319712408
ag-test-002075,0,0.05538674988368298,0.052276084424165224,0,0.330892319712408
ag-test-002076,0,0.002360897435137763,0.0021623025958863846,0,0.330892319712408
ag-test-002077,0,0.0003160749874080563,0.00028055460978803894,0,0.330892319712408
ag-test-002078,0,0.0843926083039683,0.07407741176691139,0,0.330892319712408
ag-test-002079,0,0.0014754023962868699,0.001208621436986475,0,0.330892319712408
ag-test-002080,0,0.002331019161953221,0.001724166199554599,0,0.330892319712408
ag-test-002081,0,0.005969572618921883,0.006423205188200821,0,0.330892319712408
ag-test-002082,1,0.7732369935052741,0.7732369935052741,1,0.330892319712408
ag-test-002083,0,0.04334127507458331,0.04586510589054256,0,0.330892319712408
ag-test-002084,0,0.00763872407742685,0.005447339025793707,0,0.330892319712408
ag-test-002085,0,0.024788402432065974,0.020975041233662787,0,0.330892319712408
ag-test-002086,1,0.10549067734912981,0.1363906810582712,0,0.330892319712408
ag-test-002087,0,0.03256204185116387,0.029439762749881394,0,0.330892319712408
ag-test-002088,0,0.008935817637033404,0.008444029645497264,0,0.330892319712408
ag-test-002089,0,0.0019782887320078154,0.0015982658614653643,0,0.330892319712408
ag-test-002090,0,0.0019977071291534436,0.002255011031016047,0,0.330892319712408
ag-test-002091,0,0.09729405453779055,0.08388853986411654,0,0.330892319712408
ag-test-002092,0,0.0013654920007513216,0.0011904465576892773,0,0.330892319712408
ag-test-002093,0,0.001831488936556674,0.002109032916262552,0,0.330892319712408
ag-test-002094,0,0.054654629099667965,0.04982177828117556,0,0.330892319712408
ag-test-002095,0,0.0004117313553089442,0.0004372174226603752,0,0.330892319712408
ag-test-002096,0,0.004494175656115272,0.0034395572688560817,0,0.330892319712408
ag-test-002097,0,0.0026681974048740295,0.0028422325930587463,0,0.330892319712408
ag-test-002098,0,0.0010434322058307044,0.0008377922633030746,0,0.330892319712408
ag-test-002099,0,0.04830210185003515,0.05644443213588067,0,0.330892319712408
ag-test-002100,0,0.001825401097425092,0.0015882283597357617,0,0.330892319712408
ag-test-002101,0,0.11678611813878591,0.10558576614438035,0,0.330892319712408
ag-test-002102,0,0.05820946308560103,0.05333624342742229,0,0.330892319712408
ag-test-002103,0,0.012052193672053612,0.008601642515579341,0,0.330892319712408
ag-test-002104,0,0.00024098811729258293,0.00024892928789181125,0,0.330892319712408
ag-test-002105,0,0.04499633869001535,0.0437890057341732,0,0.330892319712408
ag-test-002106,0,0.005122536287830711,0.0048533588397771206,0,0.330892319712408
ag-test-002107,0,0.047003040120755936,0.05195350039644177,0,0.330892319712408
ag-test-002108,0,0.010469582988632958,0.009672190572939731,0,0.330892319712408
ag-test-002109,0,0.008131805499281702,0.007425484499644008,0,0.330892319712408
ag-test-002110,0,0.00648346475076931,0.008038496394249847,0,0.330892319712408
ag-test-002111,0,0.007196347649810464,0.006189691679091057,0,0.330892319712408
ag-test-002112,0,0.002215287406028941,0.0029304252678917174,0,0.330892319712408
ag-test-002113,1,0.6287423251810441,0.6141299987296619,1,0.330892319712408
ag-test-002114,0,0.027802991793632537,0.02199061256723452,0,0.330892319712408
ag-test-002115,0,0.0009531551882647497,0.00054441437964246,0,0.330892319712408
ag-test-002116,0,0.005193206503092764,0.004474526084378085,0,0.330892319712408
ag-test-002117,0,0.014630797601373919,0.012090663425485308,0,0.330892319712408
ag-test-002118,1,0.6625150642950101,0.6638922164115199,1,0.330892319712408
ag-test-002119,0,0.7977141762558984,0.8157293186398273,1,0.330892319712408
ag-test-002120,0,0.0006202693046503068,0.0009192809853218617,0,0.330892319712408
ag-test-002121,0,0.00479737952978645,0.0041864215981962365,0,0.330892319712408
ag-test-002122,0,0.08601927154188152,0.07392441015051879,0,0.330892319712408
ag-test-002123,0,0.02984129956138549,0.019885547002779284,0,0.330892319712408
ag-test-002124,0,0.2172338641119318,0.13092070613687337,0,0.330892319712408
ag-test-002125,0,0.5607412047287722,0.43142929452990625,1,0.330892319712408
ag-test-002126,0,0.00020149586310080862,0.00021279938338013418,0,0.330892319712408
ag-test-002127,0,0.02019450110331713,0.012436250510710909,0,0.330892319712408
ag-test-002128,0,0.08846230861129932,0.10956156464446738,0,0.330892319712408
ag-test-002129,0,0.0006697274541735674,0.0003463677382318085,0,0.330892319712408
ag-test-002130,0,0.060151363528304615,0.07805588524982393,0,0.330892319712408
ag-test-002131,0,0.005396374025028451,0.004720447370214127,0,0.330892319712408
ag-test-002132,0,0.0047692771246326746,0.004630243113294548,0,0.330892319712408
ag-test-002133,1,0.3648206428135149,0.3663033438409788,1,0.330892319712408
ag-test-002134,0,0.0016909275841565157,0.0030909263993964997,0,0.330892319712408
ag-test-002135,0,0.014980687513376872,0.01083268941333303,0,0.330892319712408
ag-test-002136,0,0.025958412221847988,0.026413221445353612,0,0.330892319712408
ag-test-002137,0,0.03818523478352836,0.016452978476101252,0,0.330892319712408
ag-test-002138,1,0.08878254110766502,0.09213517285547897,0,0.330892319712408
ag-test-002139,0,0.0010909124346237362,0.001075482778805048,0,0.330892319712408
ag-test-002140,0,0.0001971839351262292,0.00019114525135507097,0,0.330892319712408
ag-test-002141,0,0.001138934322572306,0.000994929183392918,0,0.330892319712408
ag-test-002142,0,0.0004947513447507742,0.0003574952632733042,0,0.330892319712408
ag-test-002143,0,0.02596651128231141,0.03027988462601493,0,0.330892319712408
ag-test-002144,0,0.0037024716903361265,0.004452500550487652,0,0.330892319712408
ag-test-002145,0,0.0025097327916245274,0.0023822800704477254,0,0.330892319712408
ag-test-002146,1,0.8804929352891734,0.8807089579352904,1,0.330892319712408
ag-test-002147,0,0.3571543105496137,0.351162430548367,1,0.330892319712408
ag-test-002148,0,0.023701343516727445,0.02186895055187853,0,0.330892319712408
ag-test-002149,1,0.6136533343531928,0.6811024642379949,1,0.330892319712408
ag-test-002150,0,0.005615829738352674,0.0035368896182329385,0,0.330892319712408
ag-test-002151,0,0.0015258765200561934,0.0010712845806725583,0,0.330892319712408
ag-test-002152,0,0.6184025157002339,0.716238417069857,1,0.330892319712408
ag-test-002153,0,0.36319054589296856,0.35513037192446073,1,0.330892319712408
ag-test-002154,1,0.16867585495339937,0.1778659974283367,0,0.330892319712408
ag-test-002155,1,0.6621008046808522,0.6615546938185234,1,0.330892319712408
ag-test-002156,0,0.010482711760599736,0.008339502308354526,0,0.330892319712408
ag-test-002157,0,0.00047332795780598253,0.0007076619660683103,0,0.330892319712408
ag-test-002158,0,0.0021728746924479596,0.0020491928721330698,0,0.330892319712408
ag-test-002159,0,0.05506174860668737,0.07001045561126992,0,0.330892319712408
ag-test-002160,1,0.8112862838873409,0.757863481352657,1,0.330892319712408
ag-test-002161,1,0.4757056602765555,0.4868264290745341,1,0.330892319712408
ag-test-002162,0,0.02390581794466859,0.02187452163762849,0,0.330892319712408
ag-test-002163,0,0.019820401622818215,0.013253882405832626,0,0.330892319712408
ag-test-002164,0,0.011766286473381451,0.012603505512374012,0,0.330892319712408
ag-test-002165,0,0.009134379509036098,0.010358256295886551,0,0.330892319712408
ag-test-002166,0,0.0004945487250020753,0.0004570047459411906,0,0.330892319712408
ag-test-002167,1,0.2707073269360088,0.30457510449098985,0,0.330892319712408
ag-test-002168,0,0.0020002795729066303,0.0020144941907326687,0,0.330892319712408
ag-test-002169,0,9.56722236657628e-05,0.00012006694381729167,0,0.330892319712408
ag-test-002170,0,0.004319011537008269,0.0023979080853719194,0,0.330892319712408
ag-test-002171,0,0.12485829901273435,0.10403454239813915,0,0.330892319712408
ag-test-002172,0,0.0006073315510596436,0.0005359137931375494,0,0.330892319712408
ag-test-002173,0,0.02777230985719263,0.022401696098208697,0,0.330892319712408
ag-test-002174,0,0.031585584493794595,0.026439727001867933,0,0.330892319712408
ag-test-002175,1,0.6739474708633487,0.8057551533207385,1,0.330892319712408
ag-test-002176,0,0.007229409233894514,0.004978484325092273,0,0.330892319712408
ag-test-002177,1,0.01064879495478292,0.014493609719070863,0,0.330892319712408
ag-test-002178,0,0.05161949461051206,0.029410412722938012,0,0.330892319712408
ag-test-002179,0,0.00020875532997278635,0.00015901325473787912,0,0.330892319712408
ag-test-002180,0,0.014358430486223709,0.010368339709067767,0,0.330892319712408
ag-test-002181,0,0.01942766743374265,0.012908947782495444,0,0.330892319712408
ag-test-002182,0,0.019896063500974125,0.015000482767411536,0,0.330892319712408
ag-test-002183,0,0.027751224057258325,0.02391202550913341,0,0.330892319712408
ag-test-002184,0,0.001877539006395927,0.001456267962134994,0,0.330892319712408
ag-test-002185,0,0.0002596941015376923,0.00030996733846997386,0,0.330892319712408
ag-test-002186,1,0.5384958494458161,0.43150602292382406,1,0.330892319712408
ag-test-002187,0,0.000973926699240854,0.0011143629915279956,0,0.330892319712408
ag-test-002188,0,0.0006011314489584866,0.00040525086703444544,0,0.330892319712408
ag-test-002189,0,0.0010926351081852173,0.0008418254175123913,0,0.330892319712408
ag-test-002190,0,0.009534733095108086,0.009674390796520061,0,0.330892319712408
ag-test-002191,0,0.005682681257359473,0.003692178997216027,0,0.330892319712408
ag-test-002192,0,7.819146834212142e-05,8.694160216612132e-05,0,0.330892319712408
ag-test-002193,0,0.014197875738304023,0.010416607136221782,0,0.330892319712408
ag-test-002194,1,0.857608519817064,0.8742034491803179,1,0.330892319712408
ag-test-002195,0,0.04952927428277038,0.0371367418982642,0,0.330892319712408
ag-test-002196,0,0.0745439711053366,0.05220093969899618,0,0.330892319712408
ag-test-002197,0,0.00020770446157321822,0.0001910795343945594,0,0.330892319712408
ag-test-002198,0,0.00040346106790760866,0.0005277080604655107,0,0.330892319712408
ag-test-002199,0,0.03137255155856587,0.02227448221631035,0,0.330892319712408
ag-test-002200,0,0.0015016801791853669,0.0015631151143851675,0,0.330892319712408
ag-test-002201,0,0.010143118714536499,0.006441232947001605,0,0.330892319712408
ag-test-002202,0,0.2872621197434908,0.25843504862005834,0,0.330892319712408
ag-test-002203,0,0.030105955840088093,0.03728242519434292,0,0.330892319712408
ag-test-002204,0,0.0001620559243280539,0.00017511729647518468,0,0.330892319712408
ag-test-002205,0,0.0049087098707086335,0.0038994971779911865,0,0.330892319712408
ag-test-002206,0,0.0013705084497627345,0.0009131901758161032,0,0.330892319712408
ag-test-002207,0,0.2105710537987723,0.24074045607228517,0,0.330892319712408
ag-test-002208,0,0.10619723697340853,0.10641836447697853,0,0.330892319712408
ag-test-002209,0,0.0040865466682501825,0.004959448258607105,0,0.330892319712408
ag-test-002210,0,0.01012654997622985,0.01036935866912975,0,0.330892319712408
ag-test-002211,0,0.017364882022106603,0.019307119244555433,0,0.330892319712408
ag-test-002212,0,0.0008808892085137306,0.0008428246714555902,0,0.330892319712408
ag-test-002213,0,0.0068269905395791,0.0053468489277857835,0,0.330892319712408
ag-test-002214,0,0.009252076179197863,0.008954930012609112,0,0.330892319712408
ag-test-002215,0,0.0011748957768356121,0.0009888667027267341,0,0.330892319712408
ag-test-002216,0,0.0035846568887503627,0.0030561315406015415,0,0.330892319712408
ag-test-002217,0,0.0016286178582875215,0.0018138051031273217,0,0.330892319712408
ag-test-002218,0,0.013698141468675833,0.010733594409934306,0,0.330892319712408
ag-test-002219,0,0.0020339770392365153,0.0014252698963900965,0,0.330892319712408
ag-test-002220,0,0.0035651646171514003,0.003336112889143814,0,0.330892319712408
ag-test-002221,0,0.010150565231122548,0.005858536203125302,0,0.330892319712408
ag-test-002222,0,0.22344891825666047,0.23556927996487867,0,0.330892319712408
ag-test-002223,0,0.0012990535100360454,0.0010046676131178092,0,0.330892319712408
ag-test-002224,1,0.5303137890863945,0.5696822438561236,1,0.330892319712408
ag-test-002225,0,0.00044971031088450334,0.00047476959437000124,0,0.330892319712408
ag-test-002226,0,0.005534973426313206,0.005119750198038105,0,0.330892319712408
ag-test-002227,0,0.013680583523325192,0.01223030757715826,0,0.330892319712408
ag-test-002228,0,0.02947202657359699,0.01931008529532424,0,0.330892319712408
ag-test-002229,0,0.000338226475285388,0.00039028252310376624,0,0.330892319712408
ag-test-002230,1,0.3123915949343548,0.25948924904085563,0,0.330892319712408
ag-test-002231,1,0.768382375738155,0.734859876945033,1,0.330892319712408
ag-test-002232,0,0.0003194356125532594,0.00035986551598121333,0,0.330892319712408
ag-test-002233,0,0.0010696684470010574,0.0008893855185560491,0,0.330892319712408
ag-test-002234,0,0.0030647250938121073,0.002873940901531234,0,0.330892319712408
ag-test-002235,0,0.0015798920725073552,0.001531549633074624,0,0.330892319712408
ag-test-002236,0,0.005371506884042627,0.0050161000948215914,0,0.330892319712408
ag-test-002237,0,0.026425094316721198,0.02071556929368277,0,0.330892319712408
ag-test-002238,0,0.018624021271871953,0.0068700006952629985,0,0.330892319712408
ag-test-002239,0,0.05845566164755267,0.05339140478512231,0,0.330892319712408
ag-test-002240,0,0.03948248341258334,0.041734845756255495,0,0.330892319712408
ag-test-002241,0,0.00398429147419897,0.004567579917957547,0,0.330892319712408
ag-test-002242,0,0.002594020726282316,0.002480624836925497,0,0.330892319712408
ag-test-002243,0,0.00453637240287485,0.0039047435081774585,0,0.330892319712408
ag-test-002244,0,0.01231436956926988,0.011250887727400976,0,0.330892319712408
ag-test-002245,0,0.0003947890090885079,0.0003294633868693942,0,0.330892319712408
ag-test-002246,0,0.0004336785183000247,0.0004640671790325056,0,0.330892319712408
ag-test-002247,0,0.0012177270923285628,0.0011783242085944112,0,0.330892319712408
ag-test-002248,0,0.005703231178034956,0.0037767981367701686,0,0.330892319712408
ag-test-002249,0,2.1734254962420523e-05,3.1227019770652276e-05,0,0.330892319712408
ag-test-002250,0,0.017195481843911193,0.018805935806004283,0,0.330892319712408
ag-test-002251,0,0.013159766721122042,0.013355762614444176,0,0.330892319712408
ag-test-002252,0,0.001126448898675784,0.0007727109057813743,0,0.330892319712408
ag-test-002253,0,0.033138033922643195,0.024883985273236413,0,0.330892319712408
ag-test-002254,0,0.00831298351261233,0.005633004373660935,0,0.330892319712408
ag-test-002255,0,0.0008520402947656648,0.0009412268163058598,0,0.330892319712408
ag-test-002256,0,0.0005392165925696175,0.00047433418407374776,0,0.330892319712408
ag-test-002257,0,0.03445929102759979,0.034175272663992715,0,0.330892319712408
ag-test-002258,0,0.00010667910963856652,7.856301844977579e-05,0,0.330892319712408
ag-test-002259,0,0.0041671461441158035,0.0032377854919998167,0,0.330892319712408
ag-test-002260,0,0.008759364693439305,0.007141377925457463,0,0.330892319712408
ag-test-002261,0,0.00426314553090319,0.003512612798458823,0,0.330892319712408
ag-test-002262,0,0.005786347545153208,0.005210631962301962,0,0.330892319712408
ag-test-002263,0,0.0009152076555750459,0.0007537927565319112,0,0.330892319712408
ag-test-002264,0,0.00029306530365023,0.0001947294561978772,0,0.330892319712408
ag-test-002265,0,0.0027530488106774077,0.0032605115940662994,0,0.330892319712408
ag-test-002266,0,0.00022763831221538972,0.0003003163652421756,0,0.330892319712408
ag-test-002267,0,0.015426999434026057,0.013426130219312769,0,0.330892319712408
ag-test-002268,0,0.0040543259915982255,0.0031080993584661804,0,0.330892319712408
ag-test-002269,0,0.007479268097925251,0.006308971065356356,0,0.330892319712408
ag-test-002270,0,0.0019549867921408804,0.0014746016625783096,0,0.330892319712408
ag-test-002271,0,0.007159171794573313,0.004598289017447606,0,0.330892319712408
ag-test-002272,0,0.002872492952993274,0.002197440307432279,0,0.330892319712408
ag-test-002273,0,0.7320364339309429,0.723277195379409,1,0.330892319712408
ag-test-002274,0,0.007237560728463152,0.004554103958203854,0,0.330892319712408
ag-test-002275,0,0.0005172254078382883,0.00024677219077095836,0,0.330892319712408
ag-test-002276,0,0.010376981971196434,0.008923263674982349,0,0.330892319712408
ag-test-002277,0,0.011570832882303225,0.010567882827544638,0,0.330892319712408
ag-test-002278,0,0.01016981423179845,0.009156171194396113,0,0.330892319712408
ag-test-002279,0,0.0017715094466692408,0.0016642263989044687,0,0.330892319712408
ag-test-002280,0,0.5431885961310541,0.5780808560020622,1,0.330892319712408
ag-test-002281,0,0.006608842096032725,0.00507738312145921,0,0.330892319712408
ag-test-002282,0,0.0027059762277395487,0.0023461931474292805,0,0.330892319712408
ag-test-002283,0,0.0004580586742439254,0.0003731066613553468,0,0.330892319712408
ag-test-002284,0,0.000797685325379368,0.0008627030273509023,0,0.330892319712408
ag-test-002285,0,0.032889887608822055,0.03925809682374483,0,0.330892319712408
ag-test-002286,0,0.0007182502849995336,0.0005752256769653852,0,0.330892319712408
ag-test-002287,0,0.8564479803516135,0.826778859527581,1,0.330892319712408
ag-test-002288,0,0.006389667750292159,0.003740229167549613,0,0.330892319712408
ag-test-002289,0,0.13159807906853488,0.10836904325612703,0,0.330892319712408
ag-test-002290,0,0.014784946953406037,0.004700420587317855,0,0.330892319712408
ag-test-002291,0,0.002424698543437748,0.003202704114266573,0,0.330892319712408
ag-test-002292,0,0.00012555865276128316,0.00010844883303553471,0,0.330892319712408
