pair_id,label,cache_key,request_alias,H1_choice
da-test-000000,0,381774174e96675c757a80c3bfcccd1d898bff95cbc6fb35af4d5da505b7489a,jev-1.13,0.0
da-test-000001,0,a350dfb0ce0535eec3c949f7429d8d24b0ebf37fba9ae9e00826999583f44c5e,jev-1.13,0.05
da-test-000002,0,c74bc50d3a6140628b0b687852d6f51d341fb78467bb91a16ac2d51ab7494001,jev-1.13,0.0
da-test-000003,0,19d262eb536c94eafb4d0af785733fe92fcd94913c22c7ecf77042da78e20bbc,jev-1.13,0.0
da-test-000004,0,df4b34093f5037df92ed1db6b952fd9ea429fe165416a3b29fd84de4017f6a99,jev-1.13,0.0
da-test-000005,0,b10d583aaea65081e9064f704454b10141eb768c8479b7b8abd66e1224372f6c,jev-1.13,0.0
da-test-000006,0,c83bdaedd200031664be847b2f5317d7d82711a680efd61aba0d8e31f86dd94b,jev-1.13,0.0
da-test-000007,0,4a7cfa278e3c826ad587e94aadd58e9bb52351c87a28dbc38e06769a7539b35d,jev-1.13,0.0
da-test-000008,0,01fe6f8f3a4862c8c127005fdd058293933c51d6603309ce16821091daa6ff61,jev-1.13,0.0
da-test-000009,0,785edbcbf906a404723c317c7738753ef946c10d8eb113040e64e045880f1866,jev-1.13,0.0
da-test-000010,1,3484b7d65b5124f08d60f0921eca9dcf14fc403177037c79201a8a4d3a0fc0e1,jev-1.13,1.0
da-test-000011,0,f2e0cfd60baecf2d6e4e3f134ef698163ff5a7e34ae5a1dbc96da1c6e51b73c3,jev-1.13,0.0
da-test-000012,0,bc6391f998cc25d964bf271b85aa2fde94d766202e6a1665c45cd1ed1abcffe2,jev-1.13,0.0
da-test-000013,1,e44565e01f9614eb865482c029aee577781f1567fcf0ef03bfde1af8e9e929ac,jev-1.13,1.0
da-test-000014,1,f06784a4ce5b4ad75d736251361958d944b7ba30c4f33145b06140fd8ca6cd98,jev-1.13,1.0
da-test-000015,0,b4a633331b3fae6ae8f89040de3100aa1cee9e218f3654e90b30812c05709c6e,jev-1.13,0.0
da-test-000016,0,2b7d966311c0f92d8cd328116da07c9ecb8d3b38cd52b543e061444a32fdff4a,jev-1.13,0.0
da-test-000017,0,1480992009bb3011910fce26e867be97623e90104bbc51def88c961bdc153ffe,jev-1.13,0.0
da-test-000018,0,32563c3ff1aed3397323016d40f42890fe7f6feeb7d7e0b59090f1b87115780f,jev-1.13,0.0
da-test-000019,0,5603a2ecb48a62f904ad1d482422942b74bf762a1ab846c8f5fa7c537d3aaec0,jev-1.13,0.29
da-test-000020,0,91f67d481d796f18f81bec9254d7d07cf3119121c02fc89d1d2820be746b6d4a,jev-1.13,0.0
da-test-000021,1,41b5ce0b5f29f92c4d2d0ee7e12b78ef7be6a04d3dd30c4502f95a9d63bb9da5,jev-1.13,1.0
da-test-000022,0,c2122b73c17cb2b35ba5fc822af287838ff29dbcc2d92e9a37bb9c2a04ed5f4a,jev-1.13,0.0
da-test-000023,1,b1cd6d98f152fb60d84e9002e8646ce855e7193acaafcb983f0e4693466eb5eb,jev-1.13,0.84
da-test-000024,1,f9fdd475747c41556d530ef8d38437a7aacff26d2f144b656a6d15366152536c,jev-1.13,1.0
da-test-000025,0,aa322a2c5ab5b7f5b12bf004753189ef9ca22a3f2e64e182b00f1af99d7bd41d,jev-1.13,0.0
da-test-000026,0,15b5a8fdbd5b6bf5c14e4525ed01d487e7e17d2f0e5e3acbf256d496a2a82df6,jev-1.13,0.04
da-test-000027,1,bd20b05bf5913b8b32eda564cd964925cd8e770177243fab095d5177419a44ca,jev-1.13,0.87
da-test-000028,0,f5e1e3fa5546d7b54534ce6e6f37f08f3cbc01632ef743e2cc1c69be2c2bb584,jev-1.13,0.0
da-test-000029,1,0ede7efbd14e31c5584912d94cec6e06e896fffed47e6336f1fd337153e64caa,jev-1.13,1.0
da-test-000030,0,2ef8abeab30bb88186dcf082073b9043642c3b38c7654c3fd2c4e05301f52889,jev-1.13,0.0
da-test-000031,0,3994b059a91c021fb29fd9b9e5e20f8d8bfa81eab507d85cbcd00d41bc7ea943,jev-1.13,0.0
da-test-000032,1,060892de8dd5268608b1956f84a0dd9cdc39225d2521b838c7d1fc9f0ef2d8af,jev-1.13,1.0
da-test-000033,0,ce0464073b1916140d039aeed85de8929f45382e20333eff5b8dfe43db54357f,jev-1.13,0.0
da-test-000034,0,691c49a3c9e3eceb2da616ca5e10f72a0e37529efe61dbeed3eab42b9f54ddd7,jev-1.13,0.0
da-test-000035,0,c8a7b7b8bb426e79143225eb0d99c717aad982d667eead6b683948f788ff1bff,jev-1.13,0.0
da-test-000036,0,14b9e622ca3c2ffe7efb094280bf9eddb828c8fc341b9f0f0939500d6b7dd2e2,jev-1.13,0.0
da-test-000037,0,6b16133b671e86059682c4054e5e5605328bcdc2a77877de9ab6e30bb61a23d5,jev-1.13,0.0
da-test-000038,1,f1e3a19735f58dd8d803c1f31dc364a6d2f539a62bfe574bec3b42e911f7d921,jev-1.13,0.99
da-test-000039,0,00f3a0127e689bf18ee9fc7fa769eeaa8571072d91af1d99027301f5dfed7226,jev-1.13,0.0
da-test-000040,1,dd40dbe3ac1f3652ff06f2cad210c563dd358bcb205553a87719c751feec058e,jev-1.13,0.98
da-test-000041,0,55a96d0e020904d746ae428adb876b3b8679f31eb0dc312f5fc3994007aa40b0,jev-1.13,0.0
da-test-000042,1,0b1caf46ef6d17647e186f4f67a9feaddfdf6307a2d8d989d20f8be9a1d426b0,jev-1.13,0.66
da-test-000043,0,3e170e2d23be63dd63e24e24112cb3ec3978f8fbd29b93aca6424b61b723a447,jev-1.13,0.0
da-test-000044,1,731f34a9cffbf705036aac72d59534f454b731a681742da20013f8d462a29d55,jev-1.13,0.75
da-test-000045,0,36f0dabf080b1b74ce65c84d54ae7d6aa54c28e23dfc6ddbb6ad79d8f7b894ff,jev-1.13,0.0
da-test-000046,0,60201683f9084f8ce71bcd0fbaf9eb24365bbad107bdf005bef3f80173448c37,jev-1.13,0.0
da-test-000047,0,35003bb76d77fbdfd27e0cb2baee19dff493062dab3543a42495dd434a2dbd96,jev-1.13,0.0
da-test-000048,0,af66858643b63a20e2796473658e587b08d35b88edb865eb6703bea5fb0819da,jev-1.13,0.0
da-test-000049,0,5c0b9f3dc8cf4b558685fda872d7c263a03a2f7f0f8ecdccfbcbbf7bd68338d3,jev-1.13,0.0
da-test-000050,0,1a0fc95c01513546d7cfd030725144959cb89043082b03e6192aff5d2535df07,jev-1.13,0.0
da-test-000051,0,f640522de1442179b2e1d6a38d866401fbc22bab9b7cac8cf9f908f9d246b782,jev-1.13,0.0
da-test-000052,0,83b61429b8656fa78e403ef1d9f2220668609916cee165c8deea0a20644184f6,jev-1.13,0.0
da-test-000053,0,3038ed3259842f2775950b6dfd6099ef4a07e4d20fd8ec104944369f5b65ec5f,jev-1.13,0.0
da-test-000054,0,dbfc74879b231d5880f6db86ecae30f4395c235fd56d25c2379fcb25ff539d2f,jev-1.13,0.0
da-test-000055,0,7904e69a3fb6273a08818e8de0ab66423def9b5c72e53cc1c56bbcaff00a93ac,jev-1.13,0.0
da-test-000056,0,dad3286c2faeab790f93fc0b28da3b5c619a5734a1dd8dc20aa0b5a6bd53eb57,jev-1.13,0.0
da-test-000057,0,2e1cbfa76cb593bd6990cc99a38ae0f9fa126ae0e6b37aa7e95b623bfda56b01,jev-1.13,0.0
da-test-000058,0,65c42c58f9cb3ea0b3c637bd9efdcacc69e917878be596605537d989574706e4,jev-1.13,0.0
da-test-000059,1,a0336ba01e4ad0983d59751c20ba95cf21931721019130c1d05b8cbfba69f10b,jev-1.13,0.89
da-test-000060,0,34bf1fcca1b9755305f05697ba507a2701519f4e02ddcd95b4d937c27e1b9b21,jev-1.13,0.0
da-test-000061,1,937c5eac95afe9f2031fb98704c6be43a64b285f1a2843458604e80062bb88d7,jev-1.13,0.85
da-test-000062,0,c288a62df117f64d719e653b703e60ea82531fb25df2f1eb5f24aebe92e9ee25,jev-1.13,0.0
da-test-000063,0,01926a714510e63f6317572763fb14a24314b589563ee7f787f9e9fb67a87497,jev-1.13,0.0
da-test-000064,0,1de2bd08954d833454dd8a01c75b1f622019ccdf3d7f6eb62c78fdf0083107f3,jev-1.13,0.0
da-test-000065,0,43ae22ee8565618afd28dd193bd6474cb902739435dd3abd1e5c9be71b9a7a75,jev-1.13,0.02
da-test-000066,0,e5e1c35b48b5d07e6ec81e6e75484b2a3f4343ec52e734b6b509df298e7a2425,jev-1.13,0.0
da-test-000067,1,4b6bb5bc91ad6d1dadd842f571d02b65293d450bb5d7114755a0b93dfc3cc2d7,jev-1.13,1.0
da-test-000068,0,59754b24320971fb8ab48c15c24276290c1f4557e60a4b05c2ee00e8a4a255d8,jev-1.13,0.99
da-test-000069,0,df75fbd7c8b9aacb0d14f9e0df367809e5cae0668c8c7f45354a37ca20986c13,jev-1.13,0.0
da-test-000070,0,e46e1abdc2213ba53a8aaabfde58ff529e6b915092311b55447d02060dbefd37,jev-1.13,0.0
da-test-000071,0,9bbcbc6250b598ea96a0f8b4b32b46c1ff845beabe3855040cc239c0439ce1d9,jev-1.13,0.0
da-test-000072,0,4f66627a9f01628150b4279ef0a49e8f2302e95bffd2ef184b8e4fdba66ec0b3,jev-1.13,0.0
da-test-000073,0,946e839ed1854d4a3593cc13d9fdebba3d52a542aa4bc2efc2c2049832c4b7d9,jev-1.13,0.0
da-test-000074,0,2af42d4913341d9221ed5a08f546ee2ccb930016e03153a3c9aa05070eb640a2,jev-1.13,0.0
da-test-000075,0,b7ab8d93e35872b3c284dae7d066e2d14544f04d51c5ef9e4c99611746996df7,jev-1.13,0.0
da-test-000076,0,48080e002572d44002aced98986252cd3255d53b9eb52e668f61fd6555e7d3e5,jev-1.13,0.0
da-test-000077,0,8df3f2a233b658865503e8157a5e2d4fac5bba038c56ec05ca833b66ab99c0b3,jev-1.13,0.0
da-test-000078,0,8b80498f0beeb6426d0f30cd60ca03b66fb25800a16c017bef02522433d60bce,jev-1.13,0.0
da-test-000079,0,9a141f59dad4fb1a3f220deb0c66c855551fc091f5e837880bb3555b261b6ee0,jev-1.13,0.0
da-test-000080,1,1cab724a3dc7ebeb3315e99d76140062fba1dc9e8acc795e23147afedadf182a,jev-1.13,0.78
da-test-000081,0,8a6290e2d0f37e3e11b0066008ddc77224e78a701627f37f2c7c77c95d1e63cb,jev-1.13,0.0
da-test-000082,0,64bc14ce67b1663817bb564a92ed0b229294a0c8a20fc2616403796b019279e3,jev-1.13,0.01
da-test-000083,0,01ac00d4618febc4ba2813539d663b8bb2399da47e1cca9f37ab9017c1485c42,jev-1.13,0.05
da-test-000084,0,a541865200e50d1239c31527581443246f87b5540474ae89ad7ed2e9705f9264,jev-1.13,0.0
da-test-000085,1,95f243270a3f545f29aca13ca29d2bd6d5ec9a18dde39b99bdd6751e12eeac87,jev-1.13,1.0
da-test-000086,0,87e214bb7ca8810b277dd1b6eee6e2c659cd90be602df584f7ba8cff140ac31b,jev-1.13,0.0
da-test-000087,0,12cec54b970950f650a742ba18f1b2c0845ffda433ffcd3d8ce3d7f937380bc0,jev-1.13,0.0
da-test-000088,0,a9fd9c3789324e0a752e8738c962dbb0b5458cd6a0195974a7ea42be5c0e41ae,jev-1.13,0.0
da-test-000089,0,4b1bea071321995dcf152b3e56a864f876ea2e550224bafb97871a3bfdab01ee,jev-1.13,0.0
da-test-000090,0,c014b8a0d10a0c5c4d0450e79a3ff8b32e2f4bc4cf5d41aec21fdadcaa9dd37c,jev-1.13,0.0
da-test-000091,0,b3bf6dfb29c11577e31b7cf3e898fa36ea9619e409926ca2cf6b1c1307297d6c,jev-1.13,0.0
da-test-000092,0,7acc10c06d2c221fe9bef3d5c4234640f3523cc43b2a13cdb66db2fa3e87a5a5,jev-1.13,0.0
da-test-000093,0,b78be3c55d2efbf226ab0663448f8ab0d418ee35e40fff34d055fd2c9ba0e337,jev-1.13,0.0
da-test-000094,0,297f69d7f7ed76ec2b4af74651b3060a087439571db08079535dc603ca73cbcb,jev-1.13,0.04
da-test-000095,0,9f8d1860d31e170c4e208a558b5ecc599d6d87441a5be513c6a0ed970944f881,jev-1.13,0.0
da-test-000096,0,74cd537944da6e7c2028cd54d13b539133681c42a565b3049fc077b9c8a6d1c0,jev-1.13,0.0
da-test-000097,0,da48b52fd7650b63408b61ccaa30d547f417f5425f482c5c560bac1a8695e8ad,jev-1.13,0.0
da-test-000098,0,dfaddd3838e88d6d4430881c3ad26b1ec60eb110765745745926f9e43df6e4d6,jev-1.13,0.0
da-test-000099,0,583fa71d144ca90337e9e2f2b9580a75282080bdade0c7523b5e2161a9617f5d,jev-1.13,0.0
da-test-000100,0,6a659da670f4d75038f00f01ac29bd62199023d42160eb33dd18234abd7c83d0,jev-1.13,0.0
da-test-000101,0,ce89628f5af6e838c5a0991aef8f3a394c00c81e577f7200051ad56514a7a41d,jev-1.13,0.0
da-test-000102,0,cbb754ba444ff967e58f13d932521251d1d9b5cea6dccc500e9aa3526e0869de,jev-1.13,0.0
da-test-000103,0,6feb3f9be9418974c97c2787ca188021415393c49e9e6c1abd624ab508129a50,jev-1.13,0.0
da-test-000104,0,f8e11243c24c57c13ec53b3a7ecd017535b9f49ef4cb5d6bf5d15b58431778b6,jev-1.13,0.0
da-test-000105,1,674c3315d816760877623aa36b6743b15b21506b1e89782b78e96dffbd9191d9,jev-1.13,1.0
da-test-000106,1,2d5d38c0af83a701f93431020a7858c093f501ac14a96c929603f80422790b9a,jev-1.13,0.83
da-test-000107,0,2a62f84fbdb937e8dc8b5518ef471b81a971a34db6d7c73425f7e054e7122d07,jev-1.13,0.0
da-test-000108,0,f99ec75d0cefcc241de844098c76cd392dbed17b566fdc71e7124c3a177156d0,jev-1.13,0.0
da-test-000109,1,95b3434207de62e1682f0935a7db15c1d4f5ff1dc61be214cb4968aa830df35a,jev-1.13,0.74
da-test-000110,0,303834b129637dfd70315d8e8039d414038e7f68bab90fbaff954ca10d81c455,jev-1.13,0.0
da-test-000111,0,2c0819ef2df87323ffe03b67cf5eafbf685feda2a5940d5910e0db6d01da4372,jev-1.13,0.0
da-test-000112,0,7a92c24e93f6d89eb393116864635a106bb8fdc13f51947faa7d3d10b804856a,jev-1.13,0.0
da-test-000113,0,e900bf89868e35f10c538c1996fe71f43cb014438401c06315d619026b7b731b,jev-1.13,0.0
da-test-000114,1,c7f69bf3db07490e97b7271ae49625ebd36d30be474fa0fb28b89f8c10b7347f,jev-1.13,0.99
da-test-000115,0,61cd9896d1067d4cdbe2f606202d20d0120f1c0ede777e10f0bef1a31d265d5f,jev-1.13,0.0
da-test-000116,0,1d0aef9319afaa2fbeaa7b4f0ab6320d5cf169567dc65dea6a03c737ba80eaf2,jev-1.13,0.0
da-test-000117,0,92aa87f6fcffddf62dcb88af23e7407dba3e628c751645eda21be7ef571572c0,jev-1.13,0.0
da-test-000118,1,a556c7cc83d7a96a20560b16991f74ccae46303ea42d20d74a5d0eda868942c3,jev-1.13,0.83
da-test-000119,0,cf5d36aa47a9948fc37f6e2513d09c98e35a53e215336f7eb9d87cdc13a80426,jev-1.13,0.0
da-test-000120,1,32d2e8d3ce5ec8f469e7329cb2461fd29ada803107a0689778b8443ddd5f87d0,jev-1.13,1.0
da-test-000121,0,f7ac72a2a7388078b1262a6205400243b3f2fd1e0be7b022d04842fdac437ca7,jev-1.13,0.0
da-test-000122,0,c809005aadae0bc6360d5b2be340d09ab37aaaacc6b9cd419cccc2ce78798cfb,jev-1.13,0.0
da-test-000123,1,30d8fdda81d1b8a7ba74c84994a2497d7400da13e7c7271ad1c597276ea71055,jev-1.13,1.0
da-test-000124,1,311390236d0b9b0fed324575794a67a424f329400fe1741c274bd438f71a3824,jev-1.13,0.72
da-test-000125,0,4392a24f8d392192ebea20c4926813580c5b0f44c986d955748c33c5831cac86,jev-1.13,0.01
da-test-000126,0,6c77763d7492edc462599af9b738a7d0a4a4ffa8f7e8a5a341514393a515fdf0,jev-1.13,0.0
da-test-000127,0,0ddaab4573f9e1d4eccdc01257a0c91df92856cec10495eb40cb2c92b5285a2c,jev-1.13,0.0
da-test-000128,0,8a37db4fa08369c579f82b79c2ab887efafa5a142b8e6a9908993155573978fa,jev-1.13,0.0
da-test-000129,0,2d295f63355ba480b677e02c02534df6ed193850c970ab3eb79d6535903930c0,jev-1.13,0.0
da-test-000130,0,833ce5f188b6f164137bdd0ccc109ad29a0d5eae08809dffd61a48afcd327e5a,jev-1.13,0.0
da-test-000131,0,ca95aaf15c46d85274c3e7895c99e6219956b4186e699e3820210fcb453cbe8a,jev-1.13,0.0
da-test-000132,0,2bbd976b764bca3c53bc2e7928664e4d5cbe606d798a852b77a3c78fca1f3891,jev-1.13,0.0
da-test-000133,1,0f048a28f47cd4fae9eeccabff248a90ea2d87e2f9bc6ae97efe17787d72a7f2,jev-1.13,0.98
da-test-000134,0,c3e4e316af7e82101bdb2a59028f521f8a7ca29a092d6f6a7c5a8c7910b9a0c0,jev-1.13,0.0
da-test-000135,0,41d23d94678494649405827585083f835a6d841622f47524268b60d044ee5228,jev-1.13,0.0
da-test-000136,0,93f6220b006b2c7fba4871dde2ed402b70481ecb682702632fe0e38fdc12bde2,jev-1.13,0.0
da-test-000137,1,175db09c273e4f3664709cdf669edd8e9b69f7e8e01ca65ead88dc171148d9e5,jev-1.13,0.8
da-test-000138,0,5f0c459464668d173a2620efb500f89f4a33631b0e24a17781da00c98efc423c,jev-1.13,0.0
da-test-000139,0,297d2c2bcc2729809dfb45d5895032858f44a49a33a0ab085f588b08f01dfb18,jev-1.13,0.0
da-test-000140,0,d37b002776b94985b8d3e25e2110ecc0d7130ffd2a51f1b31eda60ca62762637,jev-1.13,0.08
da-test-000141,1,d0ad217b8d8d9fbc8fd07e434e892b329e788778fa66ff6f20d212b1447e63a6,jev-1.13,1.0
da-test-000142,0,48cdd63571d455f80817e57383254629c525ae78ae292de5d8331e0eeae9c54f,jev-1.13,0.0
da-test-000143,0,fbc588a5eb858c2cb10ebefd1a627bc9d9d80f5cfa3dcf201f28a8c4d69ee191,jev-1.13,0.0
da-test-000144,0,d7c98099de2d28fa64463332877ded5201611eb901401f07e3c108933f1aafe9,jev-1.13,0.0
da-test-000145,0,597cb910a2bfcaf256db33270e75f8e771167ac81711fc03d62f759dab03d488,jev-1.13,0.0
da-test-000146,1,049383202fde25071b74c53b0c6c363aac90664cc1fbbd03ae06862fb4424506,jev-1.13,0.92
da-test-000147,0,e304f8c3dce76debfa415b504bd760f3ffc365c3731be79c4d974ff9106f2fca,jev-1.13,0.0
da-test-000148,0,0892f7c4f6d8f731cfed048b39280bed3336cff5c39080161ad2d509cf66b5a7,jev-1.13,0.0
da-test-000149,1,ca69328a6d9203490605ffb972afab003408333571bd72f8f3a3903b7fa9036c,jev-1.13,1.0
da-test-000150,0,9de41aea3a79d4cc52982ccf8a1c6c6829a81afcce09fe97eec579f62a81fa23,jev-1.13,0.0
da-test-000151,0,da6d81aca6c5c101c03c65624ea66d2cc9e07a43b8e56f035670d0d00e138b27,jev-1.13,0.0
da-test-000152,0,1be9c72ac1f10133bd19dbeec455666b46e15a9aacdfdb87c59176fc8e5b2e59,jev-1.13,0.0
da-test-000153,0,12fe200f8da0b91ef997a69a2d60f8e76a82f347f10545448fff964b75df7dfe,jev-1.13,0.09
da-test-000154,0,22037c62f72adb0e8551651fb2c8cb1d8c7014a1dc582dd0dcfb0af9363c2d5f,jev-1.13,0.0
da-test-000155,0,a35196cc34b4920a1d5b66d0c093dacb045b0c94324eaf854fdbd9f4c80d8b13,jev-1.13,0.0
da-test-000156,0,6adad9a070a6f84712717994dc53e6e54eddff2cc225cf95fdcd62d841418afd,jev-1.13,0.0
da-test-000157,0,9f78e67df6ec6840a8e4ddd5030bf11f10c6e392513452f89d9c32acd2f80cf0,jev-1.13,0.0
da-test-000158,0,b980aeae33ff1a109a3f12d0f2b3967c5e5aee9e139ebbd4d57d5e064cc5d6b5,jev-1.13,0.0
da-test-000159,0,ab7bd8e569809d6e54ada2d772757351d19b68058438ae61631ab6dd691e07a9,jev-1.13,0.0
da-test-000160,0,61ee26afaf7681584a2c8f29b44797b2abade31c826c72ec9aec5aeeeaeabe53,jev-1.13,0.0
da-test-000161,0,291baf656362908c6a23874dd4946114fd1017ddec810886841b5cd1c1f77e93,jev-1.13,0.0
da-test-000162,0,d7d514bf2d9f17c2c826caab649dab3aa4220766965e32ca2e0168257a7be986,jev-1.13,0.01
da-test-000163,1,973d21cab9cf414885560865df78019b127ff0b7fcaf417d8d8edfaa0964fff9,jev-1.13,0.82
da-test-000164,0,50e967d2feeae5fbb8f362aef867c136eb30a77c1f6ff0c86d2a4df12fd7a600,jev-1.13,0.01
da-test-000165,0,73c2e2968ce19e3f755331b4101dfbbf541a157c004c0b4c7cd6c88dd5bc1b44,jev-1.13,0.0
da-test-000166,0,2dafb5331f4802462d6994245ff952ed5ac3b5b9f9594806feb4d589ef2e6bf4,jev-1.13,0.01
da-test-000167,0,beb1bcb704d6fa2b5b35239371cd68dc501ad2f2132b36e307d92bd11bbb4fe7,jev-1.13,0.0
da-test-000168,0,364980531e0424853e2aaf9c61e03333bd54ae09d39ad3d9aba48660e8f35cfb,jev-1.13,0.0
da-test-000169,0,2c2bd11dfd97b53ec5b1f9f9f6080a34f17c75e131b3d09c69e2b271bfc6818e,jev-1.13,0.0
da-test-000170,0,93737f7d2856e62bab71cd2d626064ac35ab5bd702cd7041c08162e3a422b428,jev-1.13,0.0
da-test-000171,1,cca7a4995cafc8ce40f3ea0388758659082568185a333931c1e223ae32e95124,jev-1.13,1.0
da-test-000172,0,a18b9a6c39045ca570b64ea577ce18210f2843c4ad3dbefaf88e1530cb42e559,jev-1.13,0.02
da-test-000173,0,4eee1cac1ea30ea9cf8458a0b7dfd24238b068a55a0f84b7bdd473b403bd69db,jev-1.13,0.0
da-test-000174,0,701374307d918c0e8c2f263d0be9dc45ee6c00d1c33da4348797fdc24afba58b,jev-1.13,0.0
da-test-000175,0,9f276a01be24e3c9e77c034037344a4128ae789b99130f16d720926a0418011a,jev-1.13,0.0
da-test-000176,0,8f343a65830247b23d9bb22ef9f2c778d9010d0faec28a5baa46f81fd17a9d5f,jev-1.13,0.0
da-test-000177,1,a1a05f983a68b23b0ee3fbe3f6abe108a78484a27150c9e9d7bddb02f8e34d2f,jev-1.13,0.87
da-test-000178,0,1254b276d727aee273177a9349f8d0fae01fae169008d073cce4d896d634ae05,jev-1.13,0.0
da-test-000179,0,cc031317f237ac7e0aa499e7b2fe9591f1d8b0f24e8ac9667c3a7b12840d88b9,jev-1.13,0.0
da-test-000180,0,7cab93b7bf358db61956383769359dba94702f59c5d1a0279c863032cc2971f6,jev-1.13,0.09
da-test-000181,0,334a7180b8fa6824e8e7f6999ef64af6c0ae734df90ec1405be1b3e9c54a46c3,jev-1.13,0.0
da-test-000182,1,949a4206288cf594d1f7badaec03867c0000399684bafdd284c36a4410904a84,jev-1.13,0.99
da-test-000183,0,5380a220873c9727e74f8d1cef8f81f20969c26d9a036e1c3ac0ee30e48eb974,jev-1.13,0.0
da-test-000184,1,5f16c97d5f06fd019617bd6fdf6fa0bf6eb7da6b4024dc08c91fc84071ef0dad,jev-1.13,0.85
da-test-000185,1,72f8943b4126acf019e0f46761a4870a0321e912434bb0d7aadcb701e1ca0060,jev-1.13,1.0
da-test-000186,0,b5de2e836cac6da853b4580a88209d813f2b795b93fc551b55a3a10f0aae5479,jev-1.13,0.08
da-test-000187,1,9a668f71c16312cd8f5ea05fd6236159a6700d39e0c405ef91cadd1c87785948,jev-1.13,1.0
da-test-000188,0,e10b32c9bf59ca6a7e661f62a426fe5fe7699aae12720ebbc888d44899919a09,jev-1.13,0.0
da-test-000189,0,3c020ed641d40d33d37b7f9369f8fca7f21f893af2c51528ffa77fd73fd5b157,jev-1.13,0.0
da-test-000190,0,58425b8a2faf46ee67711f3da51321e44c4615abdcbbeaa25c19a83e2e389398,jev-1.13,0.0
da-test-000191,0,137f3e53d8205fe5ab8f20f42ab9869e0924b79a85e0e2aa1bf7ddf1362dd208,jev-1.13,0.0
da-test-000192,0,63ac9509e76928378924bbd3aeaaeea3ef25c8292a198d5355288357c4d8e469,jev-1.13,0.0
da-test-000193,1,503f3787338995673b48352408f5b2e65b560455ff6e27af598c1ac8102db8bc,jev-1.13,0.79
da-test-000194,0,e697c053078cf2167d56b39967036c5719a9ec27353deb61562523ed252fb84c,jev-1.13,0.0
da-test-000195,0,65f89b602eee2db334adf14e63aed7d94fe4aa073b142aabb76fe5e162d85a56,jev-1.13,0.0
da-test-000196,0,7d25b26db5e55b0342db0f28d63d50587ac3f952cc190e8c21ce4a0324f76c6b,jev-1.13,0.0
da-test-000197,0,3191ef87c8a73df28743e7e40bc9da85c4d89d651c3123519374a7a00bff6f81,jev-1.13,0.0
da-test-000198,0,0112e9ec5aca41e0fcce11c93eae6b60fe428f3afdcf52e16896b93017604872,jev-1.13,0.0
da-test-000199,0,0898b560e2f96359acd8d7b7a53c6aa8ac426a2be5d98e33e28c5bb4d3c93058,jev-1.13,0.01
da-test-000200,0,87828f3309409fbdf4b782eb86c95479f12fc9d08df136242bd75cdbcf7d988a,jev-1.13,0.0
da-test-000201,0,b161995afb810e4366e2cf262be55ee4e8758bad00dd585884fcc88337e09df7,jev-1.13,0.0
da-test-000202,0,9642b89236791fdce24d9e25adcfd435b5ae15d5614545edbebec2994a1fb2af,jev-1.13,0.0
da-test-000203,0,fb7d48ce22632a095a3460d7824037f3094c30cdce9d812ab9dbcee486862b11,jev-1.13,0.0
da-test-000204,0,843c211db0d5847c1f98b63e5f4e0e1826f9dde10a89849ed8a0855721e37f28,jev-1.13,0.0
da-test-000205,0,84e0d9908e696d3513deaa6f09d6ff88fc8fdf88f4baf1327a84699b6e7807cb,jev-1.13,0.0
da-test-000206,0,03aa9af6e3b9db4b17863c3990c85fb3653229f67a163c04849ba879fe3c54db,jev-1.13,0.02
da-test-000207,0,560d4ffad8a9f0383ebe7c810e66b3828abce20133fef955ac46b28c4e39f005,jev-1.13,0.0
da-test-000208,0,720aea5b92fa2611ecf61ace8912cb75e17b4c0a96bc15c90d963f5fddc334fa,jev-1.13,0.0
da-test-000209,1,348944ede3e436872bfaeb6dd512d31a9a9aca41b967a7aaa0e045108084ef7d,jev-1.13,0.58
da-test-000210,0,fdbea35ed0415e66bd78bdb12c8df83c56e98990e92ac4b8a3ae4af4f1b3a897,jev-1.13,0.06
da-test-000211,0,926dc511d1186f4d337f9a3d507a01547768bbe483d8f0c3c7cfa913eae57e52,jev-1.13,0.0
da-test-000212,0,47d7ad731187dc40e667d3702271149889c5faa6c448689e5a4ed09ec832d5f4,jev-1.13,0.01
da-test-000213,1,25ddcb1df92c940267603989522088a6849f167817f646f2c497185190f80457,jev-1.13,1.0
da-test-000214,0,a7f27f2eb07e53ff2552c14b89e2c1b981c5ebc2689e6cc24ee4a58964961282,jev-1.13,0.0
da-test-000215,1,6f8c6d3e66d562e83b31e95760c1271712761997f11ea243910428b63901f550,jev-1.13,0.73
da-test-000216,0,e1ecba543f297798f9f36e011c0b6235b2ad2b4ad566d0ae786d6f6974447108,jev-1.13,0.0
da-test-000217,0,f0c08371f88df88b50df4b5ee80fa1f28dbddcbd1049f543c3eff8bf825c88cb,jev-1.13,0.01
da-test-000218,0,cbd964a50a0aea74836e4b8eeedf480ab6cf36ae368ae3c76533fe97f3c6181d,jev-1.13,0.0
da-test-000219,0,94ff38fd689ba373510a000f339e717cf68358417f1d0acf462a83b5c88aaa5a,jev-1.13,0.01
da-test-000220,1,673ceed585fff66d3075b8cc84b52affbf7213628f06e6969f151d6e8d0638b8,jev-1.13,0.87
da-test-000221,0,8d383f2a641d2d878f41815e7acbd43596db3970a9c19d720b3b2b5a48aac944,jev-1.13,0.0
da-test-000222,1,e7bdf33d238a5c89e85ad6e0274a571dee727a1d17e0e5f9b3a0d047640e587f,jev-1.13,0.94
da-test-000223,0,11e9d255763c7d158b0660c2b8155249026ef1f99be75c51dd3f50c229c064df,jev-1.13,0.0
da-test-000224,0,a192a9533a5aa983d3242f63e1e5791cd3711cd1960b4426e4c12b02e1168ad2,jev-1.13,0.0
da-test-000225,0,262482a5c549d25e4cfd0f6128f57c454e0c6aa42c0a3cf3077c2e198a13fc3b,jev-1.13,0.0
da-test-000226,0,dd476f9cb31c8f13dda09250c6f961aa6fce69464c7f15e000cbb421962bbcf6,jev-1.13,0.13
da-test-000227,1,6f119c7045194292c9b09a1c1e01ad774e269ee91f6e2bc7b7ad53fb0af15b12,jev-1.13,0.89
da-test-000228,0,4faab0aeeb18df0f220db9a16d4cd4113860a1662d7da8232b8f347a7fd2a88e,jev-1.13,0.0
da-test-000229,0,3751af0aa48c1e93d6babf663ccaf482ab1f86aea70e89093ad2c4052ff02ff2,jev-1.13,0.0
da-test-000230,0,f0053cffbd775bc2ad8a7a66bd541b9ad46a14df811bfaa098893206da1df9cf,jev-1.13,0.0
da-test-000231,0,51d0cc26f8c4397b6e1b0d9eac4b2068dc4f057b2306bf354bd1a44652bb2704,jev-1.13,0.0
da-test-000232,0,3374752e7b0fcb857f5107655280cd2651796f7c3e747d8ccac76af3d3ba63d6,jev-1.13,0.01
da-test-000233,1,cb365cb6621708a159be2702da58cad9c4dfe85bf6fcfbee9bb105780fec712f,jev-1.13,1.0
da-test-000234,0,cad62fe237ab1bc8caae4e1c574f4d89dcb05fc64ec8ed4be7cc492342c7a83c,jev-1.13,0.0
da-test-000235,0,c3956de01f370175501ff925ef01ea531c1a5ea6518e399f05d8e6e023567a6c,jev-1.13,0.0
da-test-000236,0,a169d4ca0433f882a5f93c8b790b7d9dc0aa050645f6e7d6edca575f36fbba4f,jev-1.13,0.0
da-test-000237,0,f4d52f44de6d10258b2c03802eb5b6aa043638c492c312bace3d9ef635d53199,jev-1.13,0.03
da-test-000238,0,968606bb1b1202391a25186499fd0f39e6ceb79766a1d8a94dfe6b27aad60f08,jev-1.13,0.0
da-test-000239,1,2f4c666b782260bfc03d8e27ff7e7ce9b03d7ffc5119298c50b68e47e5c15532,jev-1.13,1.0
da-test-000240,0,3b9c03c60d72d7596ed0ae3ad707bbcd2c6fb1673f809e8d9977d93c7a62cafb,jev-1.13,0.0
da-test-000241,0,c5bd981c6cf32f3f690d03cb4dac5d6052f74c58d77e01234d83da5eebfe4603,jev-1.13,0.0
da-test-000242,0,0e7ada67d391eddbdc2e9f93d9fe4d2e7787c5751fa2be6ea53bd3f9c323e43a,jev-1.13,0.0
da-test-000243,0,3f5bc8192dd2bc49088a97e87bb97a3274c8918ba3739cb0fe7f90570b546911,jev-1.13,0.0
da-test-000244,0,872410b4f7c0c5cc8431b0a54d7be0b343ec1345aefd3a09e848f15020a4146c,jev-1.13,0.0
da-test-000245,0,c3cfb0d5362cd5726e74494628d2983ba301d654d9aee9d5769c21d63f3aa3da,jev-1.13,0.0
da-test-000246,0,9b74a1adbbf63fd3432537dbc1759c892f5ec0e871373e94347b3f466f3ae27b,jev-1.13,0.0
da-test-000247,0,2be137b0d80a42987f84807536d952083644c33ee999e0de00943ab46476ac10,jev-1.13,0.0
da-test-000248,0,ff59a8b9d89aaa7300993e89958e57659725166d22948aaa19f22ccfbbd9f177,jev-1.13,0.0
da-test-000249,0,49c6d14b57a2cdd904a637994bb6e0c4a22dc6d0384c78a155466d0ec727d916,jev-1.13,0.0
da-test-000250,0,0dd9ee686fe7518d8659fcc824b77d44a3ed718df5e294ec36a78c9617b6588e,jev-1.13,0.0
da-test-000251,0,11b30788a5f194b096601eb6a7eeba56c1459062684fe724222c5aaa0cc1f337,jev-1.13,0.0
da-test-000252,0,60b0139a6a8ed823b6644e5061d90fa7802188bd9278666f01b98d7214340764,jev-1.13,0.0
da-test-000253,0,038e433cc15fd0798be393815b0bbde4e633432c43606af42d28e47a7775a276,jev-1.13,0.31
da-test-000254,0,abe808a087ca2fc0883402a3534e1b126a6ed4ab36725e107ba584c9a89dd98d,jev-1.13,0.0
da-test-000255,0,f002a1d588cefe48ba3bfc3a2835297530c69951c405ab284a56720f004574b4,jev-1.13,0.0
da-test-000256,1,880288d186d96ea4f59fd3cfae11381b37afd9be6fcc39dfd6731b3adb5186fa,jev-1.13,0.99
da-test-000257,0,b9cd910aed3303f22211ecae3afd05d382d247ce74c3bd22f457443db378a028,jev-1.13,0.0
da-test-000258,0,a71bf9c492a336b79437e3ffdf39ecedac3ad2cc9eae651b56f117d269deeaff,jev-1.13,0.0
da-test-000259,0,02381cd2e23ccd998a0b37e9e2f7bd703e341e306d372a78d557de5871461221,jev-1.13,0.0
da-test-000260,0,bc3b02ce3adc46af15cc672046f689914e248b4ef50fb46f736908ad2ff116ae,jev-1.13,0.0
da-test-000261,0,5cd387315b92469442403098da7adba3cdfb2e5bba8344b67bee51efd99ec4a0,jev-1.13,0.0
da-test-000262,0,38b92d84ea8de8196822de0f485f9249a49df28522975517a81f54471474ea3d,jev-1.13,0.0
da-test-000263,0,5c94af64fdc8d72209686fb210de51c3caf229ad2f7c78345d53e11952cd883c,jev-1.13,0.0
da-test-000264,0,aeeb4d956a5458a2f8aa2e6edc85a4b6e52af73047a85395947dcfc554c4fab7,jev-1.13,0.0
da-test-000265,1,2257b70d09272a16a7549e9920d55e85319a2cd1b0f27d44a38a7ce54b30c293,jev-1.13,1.0
da-test-000266,0,c932b85fc8bdaf59fabc3709cee5bcbed95904dcb647bd341a54f619111b9bf0,jev-1.13,0.0
da-test-000267,0,9e11746851097ba595c9d2989a498d11df8ec1e4f6a67b0e90da000da569b321,jev-1.13,0.0
da-test-000268,0,78577d25ba926b62dc98e7518a3df7612363a1f31dbac81eff4650d9871070b8,jev-1.13,0.01
da-test-000269,1,98a8d0db72c63eaf38852d4ee879c32b426ee804c9c495a301d5efe409ae51f2,jev-1.13,0.89
da-test-000270,0,c89e8ee2de3c277d9106017c46bd458734f820d46168dae96ed8855d8cfcd68e,jev-1.13,0.0
da-test-000271,0,e0aa317555b0ae58746e498342567ff1761484b1ac58391ecfa4494e9eab9cd3,jev-1.13,0.0
da-test-000272,1,f1be36301549078858505fc52d9525c739e3dd6f40d2fc579fda82fb7c9297cf,jev-1.13,1.0
da-test-000273,0,bf5666387bb207e97ccd48e3eaf5a2550edff4b20c62f9a531410d7d8e574f2b,jev-1.13,0.0
da-test-000274,0,7d121f0ef63ffa6d68ecc4353d9c01cedd35d040786ea80173477fd7b09fb49f,jev-1.13,0.0
da-test-000275,0,c71133461fa7a80a16561a3642516cafb8efcc25f7ad0e9bcb6d99ea72dfa188,jev-1.13,0.0
da-test-000276,0,c80ee3ae7223aab9552de4d4dc4a322cf58cea5354f5484cec895eadade2ba8b,jev-1.13,0.0
da-test-000277,0,c5493718c0e7153f234952d2050b8eb01d95847c4eea6817c692267a125431f1,jev-1.13,0.0
da-test-000278,0,d6114d119ca6f61bce1290ca15b14640b66df7291f91b3f7e9ecb424be2889a8,jev-1.13,0.0
da-test-000279,0,b86408ee4bbbc0d555005b53aedfa317144925a796327ffaca6ddef2b26c0531,jev-1.13,0.0
da-test-000280,0,563ef27066bdb3b44f893f3d17ba4c4b26a376fa7bab21f6dadb71565c353f90,jev-1.13,0.0
da-test-000281,1,b65d5a78bd90732a102488319f97b998a2d1c640bb7f75167b857cc1fc5ae4b9,jev-1.13,0.82
da-test-000282,0,eb0a937e291e07dfc3ef3133dee4ec7ee438b2290b17916454df85bf19379815,jev-1.13,0.0
da-test-000283,0,fce77b0e4eb53f7cdcee470e943ac41757bbf252a317f90310ab45392781404a,jev-1.13,0.0
da-test-000284,1,5590b22e446f3c2a9a01864de20a584126eb6d21a5948051cebe4403aea3ec01,jev-1.13,0.6
da-test-000285,1,afead8ab804d96a756d42544b4ebd9c5d0025eddb78b657f8d37bfe7f81bcf5b,jev-1.13,0.86
da-test-000286,1,4c8bc60e3a0793ecd2654ca1524c98f3a107784f03f262b395aeb3d6d3ce59e1,jev-1.13,0.89
da-test-000287,1,0c4030027f3a06f08749d4556987b3fa6b1b9f7bf6272cf38f51a35330c81a8e,jev-1.13,1.0
da-test-000288,0,85e8f9895c36eceb9c790a90f304384d60acf28bfb0b59db06aff7af9a118058,jev-1.13,0.0
da-test-000289,0,7d8601cb846964e930d0a38d89e29778829d0781fca6233197620930fc3cfa89,jev-1.13,0.0
da-test-000290,0,aa21f4cc6a5348ff18ad66a5d56bc4bb77d4e63130e06f6e6c8056b029f04b42,jev-1.13,0.18
da-test-000291,0,3405732536f505f5b91a03e0e25d71cb4ec53601bf84a1da908a224b7136449a,jev-1.13,0.0
da-test-000292,0,a87a6e3206bc55df92b6397de9f3f8d1d09baba43d0f9e4b7e92f9547604acbc,jev-1.13,0.0
da-test-000293,0,6f0da563890ed3fef5337e529c48cbbf8f942edc3306289e2ddd38cc975434b6,jev-1.13,0.0
da-test-000294,0,caf100ea8b12dc370c7fe78a76cc964cb8c434aca734f92999f116309b66f09f,jev-1.13,0.0
da-test-000295,0,7154ce58e9cb8b5bbcbc5640c9e63ba70ebfc4efde9d5b338f2f63e69878b5ec,jev-1.13,0.0
da-test-000296,0,e89f12d1e796122bb2ac1cdc2f89d397b41c8f3471852ae3abddeb63c028a17e,jev-1.13,0.0
da-test-000297,0,a3059b08017844a3e1afc304ac395056d581153e4585a9822179da27776947a4,jev-1.13,0.0
da-test-000298,0,b31143fb0a19d823d858d957af58f0db64577ad0cb00179385a3573948659e05,jev-1.13,0.0
da-test-000299,1,0614f63257a7662d2363f68170e53078d863cb94140e595f70b4de211661856f,jev-1.13,0.82
da-test-000300,0,96f006f6ffb7ea9c466a79b8e062e5fb63876ae6412cd6f673bc06335c59ed0c,jev-1.13,0.0
da-test-000301,0,09c498f83c55197ccb90889bbcbf97477b832ee0874fb4e894a9283589101cda,jev-1.13,0.01
da-test-000302,0,8cce2fc5bd542a3eb4acec0f6208197bc189aabe2159f81ae5e779506c98dde7,jev-1.13,0.0
da-test-000303,0,4f2bd85edeaeee488ac85492cf4ca74282c4e583f7b6ee4963d6ce381719a50f,jev-1.13,0.0
da-test-000304,0,b0601fc4122da3a933b1a4e23a8be65692f104d7b0e5623af0e4cd0f4960e3db,jev-1.13,0.0
da-test-000305,0,04858f62cd784c8f10323c2d5d4602ed637b5c15e1f5217f6c187bd70e2cff52,jev-1.13,0.0
da-test-000306,0,9693fb8a435012dc8645a58a78de25f0f9745b3455c303bd5b1cf78d55bc73cb,jev-1.13,0.0
da-test-000307,0,8b3f01f8b402399f6120a57267b67b09f08fede6c6d0cd48797a5410662b93e2,jev-1.13,0.0
da-test-000308,0,15c002654e5774cf5b39350c822d0a94ec083e1aa943c3da193aef9c1e24880e,jev-1.13,0.0
da-test-000309,0,3fae4a0be2e0dd72e0e767abf241e8a94d4f4b75400444011f80eeae881371fc,jev-1.13,0.0
da-test-000310,0,ed1ab4e6af615cd945d87143e58ce2a15878d029eddbe0c44e295f9b773d2fea,jev-1.13,0.0
da-test-000311,1,6cdc18eb330ae3b4ef22a49a340fd230f081ae92e927c8dae16d5a0988133a3b,jev-1.13,0.82
da-test-000312,0,1e53d36120203a0728c8d5d680025eac807c2011298a5791ecf377789b8a544a,jev-1.13,0.0
da-test-000313,0,8552aa4d4fef7680e2246a4445be21c3ea13f77bd12dba37e8b4669516c2b2fb,jev-1.13,0.0
da-test-000314,0,e4ddde806f5b6c001c43f5b0cc8fdc16f96460116a23a46afda4e0540424a4bb,jev-1.13,0.0
da-test-000315,0,58eb6a2e4e9ae60776c970cf249f2719f0022fcd6313012b62eaeee363b6f7a8,jev-1.13,0.0
da-test-000316,0,9d10c2ffe4babbaa9b75cb121228d2b329f726bdbf1b5ab2255459042b019178,jev-1.13,0.0
da-test-000317,0,dd9182aef9818199696dacfa96b886896c39d163860ad0cd7f83642d5d63b935,jev-1.13,0.0
da-test-000318,1,7d6d1619533a9ff7b5ac389f77c8ed548f27097a90c8d86fa78682045ac2cc8a,jev-1.13,0.86
da-test-000319,0,4d395c94183c7123b4cd963d1609cb83460ee192f9cd8dc1e87a2cef2d8e464d,jev-1.13,0.0
da-test-000320,0,e3df608e2e19417860eddd6128efe58efc6df577e61bfd333553988f3261e28e,jev-1.13,0.0
da-test-000321,1,9049311d734cdaad221ec388c6ab0fe5ca4d76395103305595c0dff591d01c1b,jev-1.13,1.0
da-test-000322,0,3d6c1d2a73d4a3a7db65d9d5e0a802e7e16a3565c2bb0f2025e49b4b7a4097ee,jev-1.13,0.0
da-test-000323,0,015f8170da4446a5b003ec54f7185a70b669e5c5441323c982cd6eeacbc7aab5,jev-1.13,0.0
da-test-000324,0,b46141d8f1250b96c47f21b494bd6b0c20ad7057d3543ba5a385b9f7a69aa8d3,jev-1.13,0.0
da-test-000325,0,b0b9aa2e3596147f3b66ad64d53f4992ddae9b2cd6a6a30b292df2a60eb51e06,jev-1.13,0.0
da-test-000326,0,eecf169ce0ccc087611c06653733f0e1d74db586ad31450167b910929dd7872d,jev-1.13,0.0
da-test-000327,0,e2d40901dbd3dbf24f34249fe4832cd37d24a44f2bad89cb482209a4c04ef599,jev-1.13,0.0
da-test-000328,0,827d0e352b635684e8d6b5d37f610350f64a93b2c4c9eec2b53ce9c2a312be36,jev-1.13,0.0
da-test-000329,0,2020adfb3c187e56c3c064a5cb01001149c92532d1275e77b8abed839874c26b,jev-1.13,0.0
da-test-000330,0,8a68a59ca7a642f1f2c49a5961cbd28aa1acca1cf21ccc06bdf3f54b51625214,jev-1.13,0.0
da-test-000331,0,cebd352eedc26cd1ab48301f7c45d57f444ffde382a6b9244b0b412998f3f800,jev-1.13,0.0
da-test-000332,0,d69f0ebe1169ce17434363764531de193bf5a557d4d50fdbfb3418344c23a25e,jev-1.13,0.0
da-test-000333,0,493bb5571b7eb1527dcf168a3f4a425c3f9baf95c823e9ca9a2b9977adcef52f,jev-1.13,0.0
da-test-000334,1,0b0e7e7ab78041a127078ec0ed5bb65b42a66da38c409ed70525f6fec991f4c1,jev-1.13,1.0
da-test-000335,0,58545ad8cc4acb5fd00a6e3f7d456b6c0b3a6d0475fcd3a9c4abcb18572fa2ed,jev-1.13,0.0
da-test-000336,0,c2724db7b1f9c917ad8f23b67e212bdc55416bf6dd9669f33eef68ad85d677a4,jev-1.13,0.0
da-test-000337,0,1cd64f7bb32211b3cd23d08770af492a1f2c7594c8f462b812fb48f181321e61,jev-1.13,0.0
da-test-000338,0,4bf19d7614b83b563833954b9f3691e71af14c17dab8503adc100c8b0671ebeb,jev-1.13,0.0
da-test-000339,0,6deacd864c9c55f0c2c092c73f1f95b7a22bb60125d321670336884b5b1bc87c,jev-1.13,0.0
da-test-000340,0,213e9f8f43caf01b4cdda05c0fa6727377b3e0d48c6955b3ba337876dd744f45,jev-1.13,0.0
da-test-000341,0,115ef6492c1c22d4add7f49a99ba75ebbe9ff434bb4ecbffb2953ea242571305,jev-1.13,0.0
da-test-000342,0,b7a3151fc9b9b212683e0f56f13da6028eda7d8d43b0604191b5a51a0966e94f,jev-1.13,0.0
da-test-000343,0,99ff1f498d93d07996f820f209509556de92bbe020290a9dd8b4c79eeeab14e5,jev-1.13,0.0
da-test-000344,0,93feef4c64e199ce7812639d188fb33493bb3764aebc5cce09f6cb0d30e95a5f,jev-1.13,0.0
da-test-000345,0,803f56d4d2a5fca7a2f050538d4ef184f5c6dc2dba008fd5a7a9d2adf06d8423,jev-1.13,0.0
da-test-000346,0,0f69cdc446860be3acc6324ab50b765d2a1322fcb472c2ed85ad679853024c7d,jev-1.13,0.64
da-test-000347,0,c48c35a574a9173dbf86d0f90b39e88fe4eb16b8c4cf967b0e3b3b6a4d0624fc,jev-1.13,0.0
da-test-000348,0,437abf16a48c5213ba8d7b1b72ff2930133ec770e6a3a6c494fc11655d7b8d8f,jev-1.13,0.01
da-test-000349,0,11b761e722e61ce3745a456ed21aa96669562a2dd1e1c0fd9cae9fce16c4d054,jev-1.13,0.0
da-test-000350,0,0e10fd8575e18649274c6659f6670395d550bbedfea49edaf3637f5b7844d986,jev-1.13,0.0
da-test-000351,1,25ae6c6aea45d3d4d7f9b3d16358d541450cecbc03edb943250ca912fdda6794,jev-1.13,0.77
da-test-000352,0,cce70357aa0c0e0c1494dfcf7fca8a0b6e4d03a2dd5f044c25247ef566e851c1,jev-1.13,0.0
da-test-000353,1,30569bbe7c84fbe1bcbc9916dbf7d3e087683590031f142c400bccc0c4eef554,jev-1.13,1.0
da-test-000354,0,5dcbed01e79bdd1c1ae6441055cff6e1d576c9f252b77566809ef2ea1650303d,jev-1.13,0.0
da-test-000355,0,02f044db9d47177ab6c06bab2b98522ed220fa1d439cb281df60e17709075639,jev-1.13,0.0
da-test-000356,0,af5cdf0c32a8fe95fc4853da13c39448355c39e7af5c48d15f05e645b226011e,jev-1.13,0.09
da-test-000357,1,1ecea989c81cd0d71856f410b57f2c126773d60052481ba9e46898557898a657,jev-1.13,0.91
da-test-000358,0,61cbd9aa76bcd7a4cf63ebdd0d7bda3ab0f6a67250a04fb6a1f3703f1d6c61fd,jev-1.13,0.0
da-test-000359,0,d9ce70e3c067044a7ad39a1243ee1e0119175b59169bc85f6a7a214d6e78f756,jev-1.13,0.0
da-test-000360,0,3a8b690824051009023df763079f076c566dfc8b599b85e1fac2633178026778,jev-1.13,0.0
da-test-000361,0,b1b7e2063e1abcb8d56d38aa459274444dadc10ae3c92fce9191244e3ad817e1,jev-1.13,0.0
da-test-000362,0,4621dd22a65344841a2597be6562a855f8fdca9bfc3c082def36b83107be4b49,jev-1.13,0.0
da-test-000363,0,cb5cc3cdad2f89e40bb97edab82f62a24dff67b987e7afde690611613663deee,jev-1.13,0.01
da-test-000364,0,2371bf1cd4305941b4f7f70963795d4f3421a63638fc1344dcb352b3728d5216,jev-1.13,0.0
da-test-000365,0,9fd24f7dd47799be0c72fd8b641632261722c94d4aeca8024c959fa48da4bed4,jev-1.13,0.0
da-test-000366,0,85420ee3179008475af00df08e7eae3eaea7543864efb75a22e19ab8d0792336,jev-1.13,0.0
da-test-000367,0,a57600756454aa7e78a3e24b6a30f32b558ea281b280dea42822619d93f9e01e,jev-1.13,0.0
da-test-000368,0,381559ec415fc6164e940d6b483898a9d487779d39efca4bc3483bb324ea81bb,jev-1.13,0.0
da-test-000369,0,e75c55f1efcc4aec14453ec3a4d1640c82415cec8f13005b703756955e04e7a0,jev-1.13,0.0
da-test-000370,0,8afcd28283627c6dc9bb948ffe38076fcba0af92e0a2bc6d3646119be4bcf401,jev-1.13,0.0
da-test-000371,0,cd9e4509d06ee075401492e4d2ecab2579e39e9bf44b993cf00a9f9650776cd5,jev-1.13,0.0
da-test-000372,0,a5d92e44eb1fc62f76a565f49324ecfc4b621cdf0a3af9961bd1a7fafacb9c28,jev-1.13,0.0
da-test-000373,0,b0327cc2a927e79855edf03175a18aea4dc02a8b159267081b691b0596798c01,jev-1.13,0.0
da-test-000374,0,6ec6ac35ec592d69089ea968d7f73f2940df30ef90b0baa6a29543453e2fb041,jev-1.13,0.0
da-test-000375,0,82aeacc943a3c529c5673d2c9061a10b6726f7f7e5c35c3d3a818509fe3f7205,jev-1.13,0.0
da-test-000376,0,9c6e0bb4ebd933d6d90665d6eff88c29207d92e18d68816dbcd94865db41c870,jev-1.13,0.0
da-test-000377,0,5d516da3e5a79fb57830f32af265693f1713a298872dce108d3de61cc94e76b8,jev-1.13,0.0
da-test-000378,0,bcf3a3966dbe92bb1d452bb7b407bec99d2b8ce69a3785cc0126876a96938411,jev-1.13,0.0
da-test-000379,0,118bd1dd80b4a5442733904882e47210903fc13e58984e9487ca21438e1ae0b6,jev-1.13,0.0
da-test-000380,1,3b55c4841dd6226d3c7e7ad8b06c1913d6d24d5944fdb24b8d8f2dde09fde4c3,jev-1.13,1.0
da-test-000381,1,4a07a18940a9cce9bda7643606d7292283cf26dc2baa5863762312271f08b017,jev-1.13,0.77
da-test-000382,1,d7221f44e957fe6cd097ab420012cce18905adfa937e4a674d2f9114cc337898,jev-1.13,1.0
da-test-000383,1,9b0d91943649b48b49bb8958b5bcc4deb24a040e9d989a84b2b3286bb8b29e4f,jev-1.13,1.0
da-test-000384,0,fa2254c06bbf831bfce055fc1ca5122574540f5a61fdcd18e5131a33f1d21dbe,jev-1.13,0.0
da-test-000385,0,cfc0bab51a87e1bf58a3f3c58e84f774fab2f89580a04ec66fc38d2925df1f8e,jev-1.13,0.0
da-test-000386,1,68347aee068f8ddb77e928be0361940e9757c6cf2b4dbc78d7abdd099ef98a2d,jev-1.13,1.0
da-test-000387,1,38a5e83e59c4e47098d13bf84a852caac712224815d2e1788d332dc2fc52a249,jev-1.13,1.0
da-test-000388,0,e9c1e442c9bfc36731a7b1df22bea0a54e545311535ec3b8744e7013c01bb496,jev-1.13,0.0
da-test-000389,0,34c314ba2ba29f4f916e9c3f878b79a91d08827c936e37ecd622efc9a5944b81,jev-1.13,0.0
da-test-000390,0,1c7c27223e0bc66a9755798205760e1e3d299fd4ff723d94a2609709318aca43,jev-1.13,0.0
da-test-000391,0,62912604842c9d994312d98d80000fc26376fef40c299464ccc879804a219e04,jev-1.13,0.0
da-test-000392,1,9056c56adef5f3ccef099b5be78d17373712895f4807705c7c16f494b857110e,jev-1.13,1.0
da-test-000393,0,a6c8c681050091a470ff4885420c9b5a47d76b531a0b5e4ce60c4d6c08054d32,jev-1.13,0.0
da-test-000394,0,bbd29788c301b0ae5bf425e164f4c22d422ec5d61104000c24866809d0f8c8ad,jev-1.13,0.04
da-test-000395,1,1bdcf05e54f2e9b08456cab4acccf09cd36ca1cc4c4f6865720ea669f900f536,jev-1.13,0.99
da-test-000396,0,0e07e4f55a446f3dae04c916a1eeac6744f6f6dd3d90d024d2ea9e75b69a43d7,jev-1.13,0.0
da-test-000397,1,b8a40f2693aa916b6d02eed28bfe1c4afb82b31ebcd58e4d8a24bb63d6c2a982,jev-1.13,1.0
da-test-000398,0,907c600902e0db6c04850d0f0c5be1fc472b97288a853b6986c1d465b8280fd1,jev-1.13,0.0
da-test-000399,1,bb396440d043279c7d8b8b13938d7d2223bde586cb574f6e0234ae02440108fb,jev-1.13,0.83
da-test-000400,1,89402117bce01c19047cbfb2637062bc105564312f3007a5aecc4f19b1ba1268,jev-1.13,1.0
da-test-000401,0,492875c36f9412798de1b45b8b1842a4bbc83e046cc72f7db2ba5a39bf41c498,jev-1.13,0.0
da-test-000402,0,f5afe345cd136d46253598c84bea72e2e43df381f59cf5783939bf9a9a7331f5,jev-1.13,0.0
da-test-000403,0,8b390e0f02d08487ac9ee30e5358245899e88e37d92706eee0c0a25bd6f0c652,jev-1.13,0.0
da-test-000404,1,8d64e263675001868317392a9b80981cd24dbd3889b7bfc543d2660ed758e3d5,jev-1.13,1.0
da-test-000405,0,91562de13a49475880a9f6c4413ae9bdc9a524d841fddecc81675a8d99ed5056,jev-1.13,0.0
da-test-000406,1,5a58f307fd0c63b9bfb51038aa4ad85a1c14f473369ad966dfdfc7aa4725df46,jev-1.13,0.79
da-test-000407,0,e912d57e586b1c484954f6382014a21ae4a8c3637634fc229c5115cee5feec1c,jev-1.13,0.0
da-test-000408,0,60052cd0bfe5cd63b0e582ce1d95090742828674b4ab528dfe486a95078a4bee,jev-1.13,0.0
da-test-000409,0,a4f04d916611070f1f894842a603a881ea601b2fddf1cc773ce03a4e64c41c48,jev-1.13,0.0
da-test-000410,0,6dd3eed7c9f2c1923ad0dcb4090a515f3b1752a55b7301d84833ea21e0d84360,jev-1.13,0.0
da-test-000411,1,fa38bcb1008f2e1cb8f2830336ef7065ce392f71bcb3d982ee084805800a0e71,jev-1.13,1.0
da-test-000412,0,af1377716bce7361e61fac8b5d9d7b59d6991d136f6ebfd17f8be9ddb0b3c625,jev-1.13,0.0
da-test-000413,0,77d15ead6adfbf23b8f19309c54587d097bedb3f38ba680731ada824ac34ef46,jev-1.13,0.01
da-test-000414,0,4224efbdbfa442c97174d24fb52ff0cf5a2f383c8f3a4175aa797580dea5a31b,jev-1.13,0.0
da-test-000415,1,6959d2eb23ccbc5fbd8e5b929e749653e1b87d55dfdd5d06a33525e31487dc84,jev-1.13,1.0
da-test-000416,0,81fa1351b4305cf269959f12121d9ba2f7724e00f7d1c09bc01673865f26e25c,jev-1.13,0.0
da-test-000417,0,25ac5ddf8541f5295cc7c7cb8d9a5bd3f70a0c07e941ec308abce4a3a7227e71,jev-1.13,0.0
da-test-000418,0,8369f230debce56eb542427e6d0b751a5bf05ca67668afafad62b04c4e8b05f3,jev-1.13,0.0
da-test-000419,0,a2bfc3c971fcf3720a6aa171ba643cd26103237d35657655e8760f04dbcd525b,jev-1.13,0.0
da-test-000420,0,e5800cf00d7bddee13725561493ec0a3e09d429f7e27eaab42f3c3d9bebd02a1,jev-1.13,0.0
da-test-000421,0,c7c5ee3de96f3a3feb456e55a58d5cfadf729f7075ef7a9ed09f5cfcf5ee2be4,jev-1.13,0.0
da-test-000422,0,19a42fc8febafe8372df23341838c1cd15868e915e4f21584d9b38f6d4e38b3a,jev-1.13,0.0
da-test-000423,0,bae86bd0f293e5e0a7a8a40ffd363ca051fa05f4cd93269b324fc649709daf75,jev-1.13,0.01
da-test-000424,0,9e48c8ee7d3f205ba297c172120dca7e2507b909210c6550fee009d202381148,jev-1.13,0.08
da-test-000425,0,7fc58b0a67d5729650ae43bc82ce6c31a19ce0bf15d5ce9e6e7976fc3b0b3701,jev-1.13,0.0
da-test-000426,0,df502437c06428f16ee7a85c9968066e27186b03b30392cb474b3aaa040d309b,jev-1.13,0.0
da-test-000427,1,e5733bd82f24e018e5cacd33cb41daa0d67a80bcc1ba4cfce0f4afa35641f198,jev-1.13,0.9
da-test-000428,0,a6df73d823d4c36d43d1d546234d29ab7e023e97b8e257b261c133c908e1fbf9,jev-1.13,0.0
da-test-000429,0,30a1473dfaf728efaf79c2a9a915d16e7d683ba26fb2fe3606c344d51917e9fc,jev-1.13,0.0
da-test-000430,0,06afd9f99f5e687cd49b01fd78c8c5eb9e44c41963509c4e5baa4304fe429a9e,jev-1.13,0.0
da-test-000431,0,db37af71349adbaf485ff0e3ee6858fe621543dab2626917b1b28cb784fb46c6,jev-1.13,0.0
da-test-000432,0,28a10c28956044d258a470b67f50c9ffc01c552c48a0a5e45e0d27a1e82bf653,jev-1.13,0.0
da-test-000433,0,e8d975979a40ce54941e9cd149fb65076d28603ea20c0e4fe735786509fa030b,jev-1.13,0.0
da-test-000434,0,9fa2ef3b80a555b3ded13c05923febf87221bd047367bd166ceae794872f1fa4,jev-1.13,0.0
da-test-000435,0,6d3ff88a8510b537c4645c858d5a2ca3dd6c0bba390d6b9c82caf3c26514d786,jev-1.13,0.0
da-test-000436,0,4a36884c8e7c12af23ea8023a0caa1eddb9232c1233f5d278b186531af275bb9,jev-1.13,0.0
da-test-000437,0,2c7a162ef2269020aa8bb0cacba00ee82921b2793c6ece7c5a1b1765e41449d1,jev-1.13,0.0
da-test-000438,1,a2293294d43f058e1ba495ed2b25fec2b37ce534af836ddabed5d83569398f41,jev-1.13,0.86
da-test-000439,0,9bc229114efcb3d810d6bc8738c4c66fbf6d52263ebd86784126c08f270f2264,jev-1.13,0.0
da-test-000440,0,cf489b041d798bbbf16703c109787d6c598c93f5ea347e74222a31620fab95d7,jev-1.13,0.0
da-test-000441,0,4128d6499766d7f86eb15c07e775129b9a4bdf0195402870edc6e675431c3e53,jev-1.13,0.0
da-test-000442,0,307db48834a6fda4bb904d42bf0c2a61f0060eebed7c0b62f07832d9817a2b5c,jev-1.13,0.0
da-test-000443,1,28a3e071f656e14d43c231c8aaf4d1b935f4ed5e29a1232e2d5e6192aaef99b5,jev-1.13,0.83
da-test-000444,0,d824bba3b6a6393f56c133fb7612e347807c3dd0d7e81ffecb7132e25e0077e8,jev-1.13,0.0
da-test-000445,0,d262edcaefe2ad239d41c98afe9a8ade70e9a82e1c4332073326a8c491fda5c1,jev-1.13,0.0
da-test-000446,0,25ac5ddf8541f5295cc7c7cb8d9a5bd3f70a0c07e941ec308abce4a3a7227e71,jev-1.13,0.0
da-test-000447,0,533db016a50c55f9bf2845c04b7447022a7a36d87f3e563b9e5314ba8d5a92b9,jev-1.13,0.0
da-test-000448,0,eae8e97b044446377947a4c1ea8550991d8dad2ea7b0bd9629bdb502702c7f9f,jev-1.13,0.0
da-test-000449,0,6eb5fce96554cf10fc37dc359ddb79898003c4ef8e8463defa10cef4ec6a9c2b,jev-1.13,0.0
da-test-000450,1,34ed8d4e725e5188ac1f5e532db138d9c39eebc1d622c8ea5e16c237831bcc21,jev-1.13,0.85
da-test-000451,0,c15ce00b9f43f54beb94fc5a6fc2ae61d4628b8107a2fffa8679e2ce19d342da,jev-1.13,0.0
da-test-000452,0,d2df9c88b6e74f3e365042a17e41882e69e507b1b443d2554aaaf0a1911bd48b,jev-1.13,0.0
da-test-000453,0,654c2031489ebc27ce447fc7c3d4664a460c3989e9e4b69827d507889423a22c,jev-1.13,0.01
da-test-000454,0,5c5f67e8ba81be2d3bcfb813b3fc54def0bd64b804f54d1bfeba696ff2251855,jev-1.13,0.0
da-test-000455,1,cb7cdad3c73dec69608044526867efbcbb701e657a5087264bf621bbb0c56a51,jev-1.13,0.92
da-test-000456,0,cf247bd96592c70bbe287d21a954afb947b5ba4f00d25725fc16e7261cf285ef,jev-1.13,0.0
da-test-000457,0,d4b4d6d13414c6e832b3171ac3758c97091b7431b247f6ff34536f9262d645d0,jev-1.13,0.0
da-test-000458,0,f1ea13bc1584a7b343939a20afdda7298a77b1674a79ad178934ef311ed11b73,jev-1.13,0.0
da-test-000459,1,52e4db3b60c4435e244d6fdc2a4aad8ac1cc4f501b5904f96a4a0fdb986cd00f,jev-1.13,0.89
da-test-000460,0,ac2505f46eb999762a650b05de4deda754fe5eadb14b165390e2d2e354b9e2e2,jev-1.13,0.08
da-test-000461,0,289fe5daf9108416f31bacf43c6504d1f827684ecb58ff8afbd86c9ceaeeab0f,jev-1.13,0.0
da-test-000462,0,ad1dd0a3239c051f42f0bc6ec9e4340e807d880ec1146f56d2cf31c602363001,jev-1.13,0.0
da-test-000463,0,5c44c0ea42060349cb963c118636d1db353b7cd4799071b9ebcc87948acbd8c3,jev-1.13,0.05
da-test-000464,1,21ca275a222377458cc23c050effc9cb886fc5bf6e3b6a72b3ed5de4d5c9852d,jev-1.13,0.7
da-test-000465,0,b44f4caa59fe0627c4cb50ea520df81550d6f056c8568f004287ee6b3baedc1c,jev-1.13,0.0
da-test-000466,0,d9866771954c277753819637256c4a639f8ca5bf2454d8c6286e8aaf0a7b3691,jev-1.13,0.0
da-test-000467,1,c1cba443c8855aece6154f5f41e37211665be9bebaccf566ad7527fddb16fa5b,jev-1.13,1.0
da-test-000468,1,78edb8a8d03179fb5e8b114660cbc5e3d3a37898228ffa55c42bdeff8615ba15,jev-1.13,0.6900000000000001
da-test-000469,0,0bb2d845800911816e6b97da995fee356d0078d14f2797d8358e028b9f290144,jev-1.13,0.0
da-test-000470,0,d7119c3f6c35dc3f690fdc12f80a56eef63eda116a792a82cf3e0d61bcce2d23,jev-1.13,0.02
da-test-000471,0,b0c0e5de02da5a312df6a457fe51b363d8588cbdda252b86bc7d471a82c037d7,jev-1.13,0.0
da-test-000472,0,798910a45f33cf165defc02874fffe479cfc04307a4c818f7f49b6db0c48c556,jev-1.13,0.0
da-test-000473,1,57e06c966f206a634899b0729a8d31c60c7ad2111238647dfbbccaef281ef667,jev-1.13,0.99
da-test-000474,0,eb69b8258ee5ea60e615dd39a16d5d3582f60c1df0bd074ab7dcdcefc2543a45,jev-1.13,0.0
da-test-000475,0,8b8e5f7c0370f4347d8c9c4496953405a30c5cf01180e2ec80c0dd40559280f0,jev-1.13,0.0
da-test-000476,1,ab994c853d71f4f27df173b8923034f65f79f10430dd993aff5b431eada3b475,jev-1.13,0.99
da-test-000477,0,74f67d2099a70ddce037ab7f976f636881f35e1352c8b34457382bf83a1cf3bc,jev-1.13,0.0
da-test-000478,1,f666f59269192f013ec5dfb839d35231c6199cc9686396d7ce52ab931b75a8e2,jev-1.13,0.65
da-test-000479,0,25a9748a1f4d6fc8bc18c03160ec1100daba9b65d2cfd7824835c3a2c6754ea9,jev-1.13,0.0
da-test-000480,0,8aca34d352b6cf5a1551f6425114654043c10db4304a7de04fdd08425df019ff,jev-1.13,0.0
da-test-000481,1,2ad1c1c8aad65d00ded74782cf0f09926b5d086ef9845020b57e16b438dc475c,jev-1.13,0.99
da-test-000482,0,b225fa2029db85ee67d0faa51444a70ad802f519ad141b9e5cf47c42e43e2c3d,jev-1.13,0.0
da-test-000483,0,5ffcd42be5f63ffece4806e203194e15a95986c5767d5bdac305d2ab70cd71a0,jev-1.13,0.0
da-test-000484,0,bcb5f52cfe217d417323ca7baba3eba4e6462a0e0f16679763406f2818be299a,jev-1.13,0.0
da-test-000485,0,feea50aa8c537ecc1d7bd6a5fb59c7351260d752894916d6f0ccb689117fa4c0,jev-1.13,0.0
da-test-000486,1,b548d0b6013e70e34018fc3145dd6f95eaaa974411246d4ac1a36b217065e3a8,jev-1.13,1.0
da-test-000487,0,af8cdc42f6f66f6e48ac443ad25a13d0ddcf3d51aa29473af316bd438549161f,jev-1.13,0.0
da-test-000488,0,c34805c5468a58e662b91de9bb1b80abfabf7cb30babd7154556beeb69bfe0b4,jev-1.13,0.0
da-test-000489,1,745f83125f50042c894cd18a085c22034bd09dddd8e7981c05afb5fd2142a7e5,jev-1.13,1.0
da-test-000490,0,73337c5433e092ecf40a42fd003c6cf85a67783d64739e932882c2809b111a13,jev-1.13,0.0
da-test-000491,0,0babbdf93b54cb91ffa3aeda221fb734d6b31c23d31862341f59897cd1150860,jev-1.13,0.0
da-test-000492,0,4abb7a9526a1f698d11e1c8995bb66bd144da7c4d0be38b5991e0a30013d3c4b,jev-1.13,0.0
da-test-000493,0,fde8bb8d11baf4e5da0dc86714b073c6a016953c12b3e679c36c4536ba78fe39,jev-1.13,0.0
da-test-000494,0,ae715b9113bf5a88afc52c7424f9b724c26b681fdcc616127898290fd5e28cda,jev-1.13,0.0
da-test-000495,0,37abc9f8986b9b3b1d6b6876a755fc028bda7daa212dccee6d2e45164aab6d0c,jev-1.13,0.0
da-test-000496,0,b7b1f34ab47602df1e509656802a4ce3b57fc0206d5455c09ac50d3dc0c3f469,jev-1.13,0.0
da-test-000497,0,063add1b96a66e068bc031b031e5c3c770128206453d1450e4b1d8cbe0a88d34,jev-1.13,0.0
da-test-000498,0,81695a95737f899032a8da3c083048208757f990e59b51697b5f2c325a0ba5f0,jev-1.13,0.0
da-test-000499,0,cc2f57dd5873f6e004b656fa4812b5afa37b6de049c540228183095ef50a25b1,jev-1.13,0.0
da-test-000500,0,00586563c7e588af3fc41ab12eb55a2d14941a0c035becf392fbaf36fe0268b3,jev-1.13,0.0
da-test-000501,0,4f1b6b6b94c1008eefe17f2cb667f17e4e9593dd6da68233f816bf72b40f5555,jev-1.13,0.0
da-test-000502,0,762c7eea38f923f14ed8ef76b3c9e8c30268da37ba312f9e6133758258f1f050,jev-1.13,0.0
da-test-000503,0,fb3d694e6e9e1bb39506fb6ce28aba28925fe1769436b07446bd66056fc8619f,jev-1.13,0.0
da-test-000504,0,38f19f4caa8c91cfe837879d13ea551fe495ce780bce928d563576f6891737e9,jev-1.13,0.0
da-test-000505,0,eb1feb26712f4552e54e63b4651ddc5cbb3fb37b7ebaed22b9080ee116886cf5,jev-1.13,0.01
da-test-000506,1,969b66ac5328a1115a72eda37a7e72949383789ae947664e406c37213658e1f9,jev-1.13,0.99
da-test-000507,0,f1f179259eff0bd07fa3f5efa1a9382d87b321ac0f580d2217f99f65a522d736,jev-1.13,0.0
da-test-000508,0,a9c6d5f1cf9c6b9dfe0204b6628fbf176b294da00a57759a34f27539cfed8950,jev-1.13,0.0
da-test-000509,0,f3a0b452aba9f2506910fe37d7881295574f79702ea079b9626906782b3fbeeb,jev-1.13,0.0
da-test-000510,0,3d76b7ece47fb742abeffb72d4475f6697b2518ae9a5aa961aa3a65ee594e320,jev-1.13,0.0
da-test-000511,0,4c84e35bb0440db1a93a379ab936c51a544a832ca4b327ce53e7308596510acf,jev-1.13,0.0
da-test-000512,0,fce8a31d441d2cff8ee55970938cb258c1c5707b91949f28f15c37f5f80afbfa,jev-1.13,0.0
da-test-000513,0,a4b0ff9ec5fd15548246251903a78dfea92055254c28c9137f1769dd2ab374b4,jev-1.13,0.0
da-test-000514,1,c4613a4c4898c7fca678cd1276d3cb2efc3033d73670720f1dd6fdae4016c5d9,jev-1.13,0.86
da-test-000515,1,4e9f4c937861da5af553ea47b90bca3758569515ac400dba426160e2d9279d29,jev-1.13,0.9299999999999999
da-test-000516,0,6bee6702604e9a4212feeca2fc1ea82f2c4ff8d99c98bc8ea6af74b5b23355b7,jev-1.13,0.0
da-test-000517,0,48d4a1f0eef12ece0a2237896929da65e675b65e945fc0c64fbe4ef0547ee99b,jev-1.13,0.0
da-test-000518,1,56d1a6d8a6660d35c313ad102ecb96eff6d52b2aac424d4bdbb2331e7d58fa6d,jev-1.13,0.99
da-test-000519,0,8dad1f9b509faa67ab0e2a48b96c835bf5ea80c07d37afb744441f9de8aadacc,jev-1.13,0.0
da-test-000520,1,9a1678e01f962103e69c37e7292abe01493c19376b7f988e531f7ea2811ae796,jev-1.13,0.93
da-test-000521,0,9a72150c7bd3a365605a0b086219bc40a852629843b38a83b847262eb9d2adab,jev-1.13,0.0
da-test-000522,0,a0ed88b619889b70bd3473025211fb2b061444d2e0dc8ba50a90dade4d5f996d,jev-1.13,0.0
da-test-000523,0,1fc696e64feb270a9a6b2b6dcc4e9a04201e55fd717af3fc1c1fc550f783b591,jev-1.13,0.0
da-test-000524,0,c849ffca9101b468645548f5c842af034bb50dfc51326554231da8a23472f139,jev-1.13,0.0
da-test-000525,1,0453ab59b7c0e61bfe92f7e7ad7587ea2f043bd292b16bd74805e0f7a1a9680d,jev-1.13,1.0
da-test-000526,0,536da7f5495d62563a5201d76441b99aa2bd79285b71f1e804b81032a30d05f5,jev-1.13,0.0
da-test-000527,1,8b867d974a2ab33c1c7ec11cfb4cefb98686f4cee2e79c9fbe74c764ee57970f,jev-1.13,0.99
da-test-000528,1,029d35fdd4e4992cf8c53cb6805d20d9e705dc240a1d3e0762d17c2c54a9a595,jev-1.13,1.0
da-test-000529,0,860f4e57949da014b53b8410c6309ba59d734525b0c3526bd5e3e1de5982ab7c,jev-1.13,0.0
da-test-000530,0,2074725bf13fdf2ef0bee5cb2ab20f41fd78afb78e8d2118ac3de44d5825aba8,jev-1.13,0.0
da-test-000531,0,33f19d56bf9825f3b4009bd05624dfdcbc9569d9f7a5ba682daf51f6371af1db,jev-1.13,0.0
da-test-000532,0,99371c2b4559d0dba69a4bfc9c0102cee80e2424f8a1f4f8fe0bba27ccdad864,jev-1.13,0.0
da-test-000533,1,b00a52bab9e21240121fbda7eed82881e52e29711a8661081618d5f1d0285052,jev-1.13,0.74
da-test-000534,0,79485aca677cd4c9e5d362651ef8feec0b7175df9f6f3bc42711393b68418f4e,jev-1.13,0.0
da-test-000535,0,f4f73061cd9138ade0b9250e2a2fcdb1f89eb904caa08048cec14e69cea586da,jev-1.13,0.0
da-test-000536,0,ab752b465e6a423fef064479c7da305d9522657f3553d12f94153a081bd11e1d,jev-1.13,0.0
da-test-000537,1,fd4fdc8e0109fe5c343f8fffdc3869da0e3e32a6e8c5053332d6d195c31c14f6,jev-1.13,0.9
da-test-000538,0,a0641d5690485ab29c62755ca33f8621ae938e9354d5760125a99b1e69439937,jev-1.13,0.0
da-test-000539,0,66543dba7912ce04ed9781e9113846f735e1dd70f606bdf3a586f3d55ca35cfd,jev-1.13,0.0
da-test-000540,0,a95484051373c3fcdc5884449534c51d437d26826a682715b5980bc8c190e6eb,jev-1.13,0.08
da-test-000541,0,0120487d0bffab907f277b9d0fe9a2957a24edc876a3578a1593a6bb5e707067,jev-1.13,0.0
da-test-000542,0,0fc0b89c4a5645735fad949e92011229bdccada217bfc0877c3c85e1143b6f10,jev-1.13,0.0
da-test-000543,0,3ee1c43039add068ac70ac9cdeed005b45692858fee117567f86f1659817a8cc,jev-1.13,0.01
da-test-000544,0,d87fc020cf2bc5acf6d5548821071418423e292bdb0c044d1c31280c285fd3f5,jev-1.13,0.01
da-test-000545,0,9485cd53cd84b716840000cf6096dfe0a4af8bd91a7143de131225906a4aeb69,jev-1.13,0.0
da-test-000546,0,d31696f4fa7eda61f25fd0e5fef3fb2c1ac18085f84bbe554cd5b7cd768e3533,jev-1.13,0.0
da-test-000547,0,a0a74c8fc2d64cdcd0c33dc7623b054a766bd5afae1a83cbff6d11350c505271,jev-1.13,0.93
da-test-000548,0,4aca44075b0d9fde9dfe9f407888cccd21844f3ef64b7f7921d719c53456b0cb,jev-1.13,0.0
da-test-000549,0,79a608a8b7ca7e1798518ce64d77318066279284a013d7ec4c701bb5986445db,jev-1.13,0.0
da-test-000550,0,5e9321951f5587da7e9c148511fbcc48fe206d4ec1f5fe1514046576c1bf99ef,jev-1.13,0.0
da-test-000551,0,d11aeb2272d491dc068be4237aadb49e252501c47059f1066c7918a3595f7569,jev-1.13,0.0
da-test-000552,0,cd137e470ad1a8d6f3b97f39e621d8dd391bb8b2593d32adf04651a008360636,jev-1.13,0.02
da-test-000553,0,8b9f227cefcfd4931e0dde3f751311d26e215242aad8e5b0f1ba848f51acc6f2,jev-1.13,0.0
da-test-000554,0,9fe3e26be6beabd6e63a661c2a014d7cf2b7b760408ee5a0bf8fad4d14452ec7,jev-1.13,0.0
da-test-000555,0,0dd40ff1a2cec0d944dd94abb5c6d9f2b91d97354f3befb3d6bd70927d54016f,jev-1.13,0.0
da-test-000556,0,0befb40ea28aa3468af6360b4912cfef058f80d9c5e0cbbe49c79f506fcd5a39,jev-1.13,0.0
da-test-000557,0,34e5bb0b5a6159612270e4496820ad1f22be3e49ad077cfc7cdddda38e3b4eb8,jev-1.13,0.02
da-test-000558,0,ea789196838e37a2feccba0c13fb257bf76815c98c1752a40b0a14448afbd69c,jev-1.13,0.0
da-test-000559,0,5bf49b646d4b833d7ef6ef7b25e8ad5d7a8b6b3ea0d228cba66fd5398c99aaea,jev-1.13,0.0
da-test-000560,0,cf9a1aadcd997583670abbc43b0ea25195b41854a475e4675c9dfcd3e0e52d8a,jev-1.13,0.04
da-test-000561,0,c895f036469283b153cec08c847f7fa2956861c1005b34741229404b897d1155,jev-1.13,0.0
da-test-000562,0,e3bc5a72dd5b3e0f08bd7ce466f4bcde173435d6953fc05077e216fea6dd8630,jev-1.13,0.0
da-test-000563,0,24cd85bc9bf7834dadeae80e87256d77f8f72ad82cc80bee3682203096ebaee5,jev-1.13,0.0
da-test-000564,1,ee05efbc7cd74a4efcf6b91a35fdfeb77d080355871ab3355c7ef2e0a24ae602,jev-1.13,0.99
da-test-000565,1,83b9c0a82747ce0e4d8c59551b98201321cd799cfeaa4a283fa3187dee8017ca,jev-1.13,0.9299999999999999
da-test-000566,0,8256638a1016796fe1b6b6da31dc4dd73ae0a5d10c07f557fe83ffae6827d785,jev-1.13,0.0
da-test-000567,1,2ca118d7e330b90eed852fcb4146bcd0319bd0d2eac3a70645d479933251c9ad,jev-1.13,0.71
da-test-000568,0,66121344bd89c6c6bc0e98379ad6982eb680a493680fef4d6de0c8d709f4e47c,jev-1.13,0.0
da-test-000569,1,a7f1140bb73074858de077668f7f9a574b8251496eb64fd3a777314ad1bc691b,jev-1.13,1.0
da-test-000570,0,161428347daf30ae862e804b4ff999acdc7ff854ca9e17b6f6c1fcff02d07750,jev-1.13,0.0
da-test-000571,1,3fd2329df3f791461da1f0685acec2abba94918a9dfce035d9a2f4c46413f5c5,jev-1.13,0.81
da-test-000572,0,da659ad2b987358afe499feb19e43f951308b82df363807196e11b3b4ef7855b,jev-1.13,0.0
da-test-000573,0,539a351d39492d5a90c91d0da1e851c914e3bb48cfb4d9839cf844a1ac11b04b,jev-1.13,0.0
da-test-000574,0,9462a7a0997b9e85a68b934a71e06d588bf7581212ac0e75db885d49e080e332,jev-1.13,0.0
da-test-000575,1,80c12f8c2521f589e8ca2290720a19be69c96aa53fbaeaaaa1992fe2f238d896,jev-1.13,1.0
da-test-000576,1,56254a2ea70ffc2ca7c639a44d1879f7fa8da6e503fc3a8124abb4eb93545f2f,jev-1.13,1.0
da-test-000577,0,36a5158f7a0c44bb91c96cb51fd52ba1494821e2b2877b5eaa762ca0ba6b0524,jev-1.13,0.0
da-test-000578,1,87f539989d6171d82dc420cf67271cda6d17b6cceb3ca6a3899ba8c91a763866,jev-1.13,1.0
da-test-000579,0,88274d1d819402267f432af9937eac85a377acc8a4d3d6ddd5387c05200aa251,jev-1.13,0.0
da-test-000580,0,91a95c8e0c2cc029e232b61d6a2d7d2c6b9766ef470ea0d4cc18ad486c6630dc,jev-1.13,0.0
da-test-000581,1,53325dfa7a465492cc311684f68e9bcd48feea9670723ba7443d5c17cee0c651,jev-1.13,0.99
da-test-000582,0,b7ab5e9643eb2647977e0e552206bdb8cc17af66b00090c4e4470f4459795087,jev-1.13,0.0
da-test-000583,0,12cc24e502f3bdbaf3ef2e8b26fe1504fa96750146ee7d2aa243ac8b38d0636b,jev-1.13,0.0
da-test-000584,0,ab06bd198c0836ce673c78e8009baa0cd8d747695bb580b0d62af6397879f082,jev-1.13,0.0
da-test-000585,0,6384c261cba34d259c0cc36ddad69f9c15469240df29d5b8efa16829c7d5f1d7,jev-1.13,0.0
da-test-000586,0,77fe7fbcb46463c5409fe243786f0edbb3d85a6aff7db5d521f2a8d5a34d898b,jev-1.13,0.0
da-test-000587,0,891fd17af4fab8664c3d528c3ff609ade237622032a2a51acf898d758c187438,jev-1.13,0.0
da-test-000588,0,2770e21bd2c1e62538cd12d9a94a63e0cc2b51bbcebcc0d585876ef3d0134c85,jev-1.13,0.0
da-test-000589,0,8b1c40d2a619a6d5f2fdcf9f4fe73070eada77253b420cceecad2b4c32b138e9,jev-1.13,0.0
da-test-000590,0,29da46fa816a8b78e3d4a486f071c499dccd3fa40d1c633593f4bc3f75302ad5,jev-1.13,0.0
da-test-000591,1,2368e4e28d7ed6893fbe35b44b23db0365b205e24e712cd95586f480ce681bba,jev-1.13,1.0
da-test-000592,0,92e83de71e5e03af1e023172064a4b4d2ed63616e048a41ecfcb0d1f61a7f621,jev-1.13,0.0
da-test-000593,0,24423e17ba025b56f1df86cfbc52aad00f77f12ba6a86463d6fac5887a98ae6a,jev-1.13,0.0
da-test-000594,0,13512e3b918563f0506220613940076062725d72bb4cadbf51d9707b5596a985,jev-1.13,0.0
da-test-000595,0,ed88e477a3397e206d2e955366f772fb3c7022adbf60f977279142afe28343b5,jev-1.13,0.0
da-test-000596,0,bbf106ec5496f4b901689fc98b73ac0e9af57b83913f66f7e9da49284ddb0887,jev-1.13,0.0
da-test-000597,0,798a947ccea7146c8bd742194fd339cd8ebd1829d648466482ab81c2f623aefd,jev-1.13,0.0
da-test-000598,0,cedae42cd6895dff12428d8445dbfb55bbf1405efb939778ba8becff5e789b34,jev-1.13,0.0
da-test-000599,0,07d1ea7706843b854c788bc90cfb1424f4883729f89294b2447b4738cac2e9b7,jev-1.13,0.0
da-test-000600,0,5b608fb101fb6c6c516c8f9b1c84fa90a420ea21ba50d7c65aa696186e102d5d,jev-1.13,0.0
da-test-000601,1,bc04945d4a5fcb21aab414dbd179b4a777037e910269660c284ffdc128b53d00,jev-1.13,0.72
da-test-000602,1,54fd0d2fa8970ae947e9b4a93ad5efacaf143f595c0278aed45679fdcd3e7603,jev-1.13,0.66
da-test-000603,1,bd167e0781aa3a1715172c5928b98e7e265fff54059de3a77694bde9a3ec316d,jev-1.13,1.0
da-test-000604,0,3577994ce81d53c55e1ed799637c27d073bf6f07ea999f574afd807c3e1da794,jev-1.13,0.0
da-test-000605,0,99a4c0ea3782bda6f4a56c5a52a0587319f88dd7423c0aed86e504e235f378aa,jev-1.13,0.0
da-test-000606,1,04daa97ada759b4818010e86713d0bb74d02e108bc4c74dcafba8a2c6113067b,jev-1.13,1.0
da-test-000607,0,38eefdde489cf708cdb25ed8941eddd9237e98bb9035fb4e7df39b75c346c1bf,jev-1.13,0.0
da-test-000608,0,f20573647a929332c09168ab3afa0368cb15efeaf998b5ff3fcd8ab42523e6fc,jev-1.13,0.92
da-test-000609,1,aaa23b3d1be075250322e27512a5158b56d5ba216e39a25f980352eb616163a7,jev-1.13,0.99
da-test-000610,1,448ae7afd671e4d3959758b416a8681ba6aaced2245ef7bf85681ab18131f0a9,jev-1.13,0.99
da-test-000611,0,60f9c631c8338d53acc4772d3fb4365e07de9b7db3bcbd5c5b87aed03498deae,jev-1.13,0.0
da-test-000612,1,de3a10374de4128026c3a81843bc06dc6f217b07bfcd87c0f806bc5ec92777b3,jev-1.13,1.0
da-test-000613,1,04a9e2afb8ec55ac60196debde19e46545106a30f35062f91f0d3f9eb91d3be6,jev-1.13,0.87
da-test-000614,1,265666e1c6c19063edd5b7606f66ac614676b210ab199d4e3e87bca75ed51794,jev-1.13,1.0
da-test-000615,1,37d3acb3d28c6ac17cc82adb2fbaa7873300cb3888b4d652f9e32f4284218487,jev-1.13,1.0
da-test-000616,0,08c616a2b9037e0888ac23b8b97f214b46253622b324d0e09e553f107a955afc,jev-1.13,0.0
da-test-000617,0,49a0786149b91a7fcb3009251b5c1afd5f54e6827f804824dc875388e0c0a93e,jev-1.13,0.0
da-test-000618,0,48e1104e41f710b984dcfcb347d5930e26d39b138fa9ef6c6092238d34bd76df,jev-1.13,0.0
da-test-000619,1,ded480a0f6a7c10836dbbe4c09a418196474476c49e487a88b41786f793ce626,jev-1.13,0.65
da-test-000620,0,4b1c650a5433588cee172ad1f7f5b2359f0b03a394db7e2babc89eb53c03589c,jev-1.13,0.0
da-test-000621,1,ced233d981c38ccb2fc33b38a317eb813436e7c07c0f3c2a81e27c2a18195658,jev-1.13,1.0
da-test-000622,1,297d1acfae267768d0d6aec0bdc227f9f52504d80ed6ba139304544b2a3ecacc,jev-1.13,0.86
da-test-000623,0,3f0ca48929ee7865821e09a821ba6efcbc229962f76389c3aa6e26ded032b986,jev-1.13,0.0
da-test-000624,0,48c62ba6f968f7dc4c7333b6f5e02dd39af0494793a251264205e416c0c7e882,jev-1.13,0.0
da-test-000625,0,419a2f0a418712442d3347257f48da3a99c49a9a07ff45d7e5502eb155ffa2de,jev-1.13,0.01
da-test-000626,1,0a81862ee01b1d5baac8f841db696ab451468ec7be0d3f590305920da6dc003f,jev-1.13,0.8
da-test-000627,0,ecd76ba7329470c8ee037ded9328110262dcc65109dcef8333d19f530b994901,jev-1.13,0.0
da-test-000628,0,c09858410782dcc4061982209f3adfb5e13932615b7f5f6fcd7f6213b4012433,jev-1.13,0.0
da-test-000629,0,1fe835b021e7e0d3c1cbd90221e2e44a944b8471f794d23db45deb76f56f4287,jev-1.13,0.0
da-test-000630,0,eefed3c6cbaaa040dda9e2d53199654af339edbf3b8e2072d3cf29e2cc79986b,jev-1.13,0.03
da-test-000631,0,31339f3aa685609dedcccef4b5a91bf0d37725eef4a160db6f88789da458e573,jev-1.13,0.0
da-test-000632,0,4d914f7c6146d68d80a5e78638fbece316dc90b0d4e18b5e4cca6ba00a35fb7a,jev-1.13,0.0
da-test-000633,0,ad1ee78b1cd8f1cd1fcd09e1927abf0db1a8c290d929b2e54afa42d9f48a113f,jev-1.13,0.0
da-test-000634,0,8864c58d0a9512b3c85c7948d5a391e2e9bc5115084b028859693904cf177448,jev-1.13,0.0
da-test-000635,0,6e9b6e994354729aaf832cac3309f0082f361c43607da859394ac999b87045b3,jev-1.13,0.0
da-test-000636,0,82fd6c5beef204c78127fec70bfc67a7dde60fae1b56c2a0065807a80adb177a,jev-1.13,0.0
da-test-000637,1,f72273495087faed07e912cf37d15bb037a8f1449422863f4d10fbeff25340b7,jev-1.13,1.0
da-test-000638,0,4e064e548a8296e8bd538b3adfb87491d5af6cb819c131eb39663050ec705224,jev-1.13,0.0
da-test-000639,0,7521167e8ed69c33316b384ba2f453132b0db696ff66399e4da84fc9d7afb9db,jev-1.13,0.0
da-test-000640,0,356d7921afbd44f675652ca8cc2c0c20eda99d6daaf745de78b010af16b87521,jev-1.13,0.0
da-test-000641,0,fb27aa14333083c088b9cb4f7c70b6d4c98d26bd1cb3a24f265cab550f109905,jev-1.13,0.0
da-test-000642,1,796a099009e5ef0420fd12785cc96e1a5c01dc027a7c1f7fbe514d612ced8d3b,jev-1.13,0.98
da-test-000643,0,d8848c2d8f93230b72f9aa95de26d6898d9aa971b27d37031442a3e7bb2f56c6,jev-1.13,0.0
da-test-000644,1,9c6a4adbf011536633fd50e06fd0d88f7de9e63243095fc186bca68030f83d1b,jev-1.13,1.0
da-test-000645,0,c2c90eae455ca8c38af2f910a695d06b57653f56314313f10cfe95a86f598160,jev-1.13,0.0
da-test-000646,1,a8580b4a25a73c4fa1c60422e15e2e9cfe53664b18d81d75cff35c8f369b25af,jev-1.13,1.0
da-test-000647,0,3542cfe396e50560360fb16e7dd991323a4a9b19d02bb0680c3de5b7c527d16a,jev-1.13,0.0
da-test-000648,1,3808a2bf167c68a3d31dba4a8ddff99fefde0fc45c9629d5496fbfa20a23ea75,jev-1.13,0.97
da-test-000649,0,7128ed0b67ca2447ea2811b527a004d283b70197971b66dc9efd08d9e7cf06c1,jev-1.13,0.0
da-test-000650,0,11ae10191b273652c21a8b00e2a3c73dd750606c94d246cbfd8ee223515e0351,jev-1.13,0.0
da-test-000651,0,f246579bd3f9505f1348a2b742f064855cccaef8c506145c822c876ee2f0081e,jev-1.13,0.0
da-test-000652,1,8d7ddb520f22ba3b31717ff3b18d740f2bf47226940af8cb33e38e85e7df021e,jev-1.13,0.99
da-test-000653,0,75ee3d9aaec5c87aa0015fea0967518a127f0966c9f1211dbcc3c3e37c6c7e64,jev-1.13,0.0
da-test-000654,0,e924b1447bcefc6cab06b4a9e9f97729fc04479129f9d7e7e56b22fcb9d9bf21,jev-1.13,0.0
da-test-000655,0,4272e9e65846237bf9cc26bd96941e5f898a1f560cb1ad87b69e879d855ae45e,jev-1.13,0.0
da-test-000656,0,5e00c4dbba61d30fedfb617305528edaa07b785f4c728dea12b26ae6c7c4a75e,jev-1.13,0.0
da-test-000657,0,25b64814e772d74c7fb8953bcfb5142c43646d1fb7691a75c9f13f74d4c46d5c,jev-1.13,0.0
da-test-000658,0,3ed483404e8e902d96b952f034cdf844ca55bae88c5d9bb0a2eeadc28a7b04f5,jev-1.13,0.0
da-test-000659,0,df83c765e673ce1eefbe6f073fc0c09922b0f3761a9bdd2d2ac6b0e340096578,jev-1.13,0.0
da-test-000660,0,7bcf961ed0d1521c3544a5d99dfaf3ea1e276f145b6af9a227d6f949672c6e2b,jev-1.13,0.0
da-test-000661,1,9b9b276b7cca3dd75a59826e7a1719f1756a28d8462c790ac6c6ae91d31931f9,jev-1.13,0.93
da-test-000662,0,ded55e7be548bc6f6c2fb0644e2fdaf9fbea79fe22e753f54bd9d8e516d9fb1b,jev-1.13,0.0
da-test-000663,1,65768581f742c7e5ae3ddde5dfb6bee35906237ebe7fce4b56be386424d04270,jev-1.13,1.0
da-test-000664,1,816c83ca13af72997096610efdef916c9132c3a3077e0d559fadb46790ec1d9d,jev-1.13,0.8
da-test-000665,0,6b32180e6263bd4de9829f3fbc48518b1290abf3b805bc9dc596b7f239b5f9ef,jev-1.13,0.0
da-test-000666,0,bcc7b44b671f70b8d427fa66d294a916210aa292699ef30edbd0b4bc19cbecc7,jev-1.13,0.0
da-test-000667,0,11c8ca5d5037486a6e38c759b98eebc53c4bd9e327fbb96df28b16bfe42fc8bd,jev-1.13,0.0
da-test-000668,0,0c2d6bfb271ad87be25b8a8201461079b36b9921632d5106317dfce216e9a318,jev-1.13,0.0
da-test-000669,1,1f493bfebb705dbf7cc400c1b70d5ca729375e12887cb9b67912d414d85d713d,jev-1.13,0.99
da-test-000670,0,57ddec3e6ffbccf40897dc4017c2185f361e18ad1aa49b1f4f017c289a86b5f9,jev-1.13,0.0
da-test-000671,0,e898431030e36e1218026d129326b539f20a0fa8d9dba290b4c55d8369bb7d56,jev-1.13,0.0
da-test-000672,0,c7add2bc4c8ccbc3e1f3f19ab054dd2e25a838854d30ec011518467b8af7aad6,jev-1.13,0.0
da-test-000673,0,671ca8604ccbc56a7c8be5756fd5a1437ba674ec742d4910d56f5c177439ac73,jev-1.13,0.0
da-test-000674,1,8e4048d2889029640a7743fdc46ed21e3ba1ef29744ae98dfcf0587103036987,jev-1.13,1.0
da-test-000675,0,09465ee00a4bed87ed2a9d88eeca61e3c1002a047329601ec8ef98b9561d1050,jev-1.13,0.0
da-test-000676,1,8ca034d13739cfce46bbc848d35e6065431cc7259404eb75c5b2e638b3a191ba,jev-1.13,1.0
da-test-000677,0,01b245218dd025b74c929927a8e632303d52d972f7dc51747dd7d9957f6b458e,jev-1.13,0.0
da-test-000678,0,3dc6a4121cce63ef7aaa1af6fbc23af96e9738d1d18c77f3ce6160ace7f788df,jev-1.13,0.0
da-test-000679,0,69f3f8809d94ff9d502467293d60729513bfa684ea4203f6360501567df5a2c2,jev-1.13,0.0
da-test-000680,1,86497826836b876a67c58f76e558c7eacd36d803b6e60b5846a0335279230f5f,jev-1.13,0.91
da-test-000681,0,93f0029f34b0074f4e5cf5d34f6f27490dd36bd7997052b6aa68002f8cc0a576,jev-1.13,0.0
da-test-000682,0,d55739990a99d60b502540b223ee09586cf7ed3735ec93ff514f710c3d6f927d,jev-1.13,0.74
da-test-000683,0,b23f4453f97e84423572646c89f33757ac8577074d41333f395d07ca2a5948fd,jev-1.13,0.0
da-test-000684,0,c1fff77225dbd6625cc6712357dfcd6867549218cc4317a937c380cd99b84c77,jev-1.13,0.0
da-test-000685,0,71a87b24eae435448dc13d7a8a3c937163d5eb95804086a5b9693e0a106daa0e,jev-1.13,0.0
da-test-000686,1,1d65cd76d5b55f1073d152046f9bce33f3bc0b5b9cac92c3b7320c72d616449a,jev-1.13,1.0
da-test-000687,0,167a12647daf28036a1cc01265483fbe845381c648bb36457442f499b8006527,jev-1.13,0.0
da-test-000688,0,ee08499e977664d86c3d6ffa53f91120a1636281888b399d2424d9b022734b80,jev-1.13,0.0
da-test-000689,0,f422bbbddfdc3f2cda03d97b0c9697b53aeea525efa4669e221a1008feb559e2,jev-1.13,0.03
da-test-000690,0,5c4605be4a46182a1dedae9261c24861dfc6cd756d29f3915218c9dd325b73b0,jev-1.13,0.0
da-test-000691,0,68aca6f7e7b8bec58de5cb2e55fdc813654b93f16e8f325d24f179188da73e71,jev-1.13,0.0
da-test-000692,0,8e9aec7434e16d1997a9f5ae42c5ce0ca28068de3504e88235898bab691d8b0a,jev-1.13,0.0
da-test-000693,0,dbe1b661118faf3d7645a183dbc2dd2f6265398ccf0270d1513edccf6b3df1e1,jev-1.13,0.0
da-test-000694,1,0d62afce51c707c83c0c18396515d65658006b50c6b74f31737fab7365485685,jev-1.13,0.73
da-test-000695,0,cbaa27fc0542c6b22b8f36594282223f8f2248df9a02154787a35d8419af7ad6,jev-1.13,0.0
da-test-000696,0,ab627521e45880fbd17d1d168697a192cfe2e6a2da27aac4407b98fc569ac3b9,jev-1.13,0.0
da-test-000697,0,16b813fd043bda34baf529f3c071009de6d6590692a4351ecc2851247667e9d8,jev-1.13,0.0
da-test-000698,0,fe19435dac7eae5a7ae7f44027e324ee6d1cd6a6657e8844e21de7d7ef195992,jev-1.13,0.0
da-test-000699,1,3498fe7d381b7f41264a3479fda3b948cea89ea4ceb051c09e76fe4fd3441a6b,jev-1.13,1.0
da-test-000700,0,144e023fe4b70702e4d9cb5b278734972d6f090a3341a616eaef05ad1b94f600,jev-1.13,0.0
da-test-000701,0,bcbbe29cda60a06bb8017d0355cdb1e5afeb4e801f1fe11dc1bd03af40d79c28,jev-1.13,0.0
da-test-000702,1,093ee243bae382863c305bda2f5659944e4d6695c8103d00dcd1c262f58954d7,jev-1.13,1.0
da-test-000703,0,3d508d03ffca677084544d5d7d1509a099e9cc657b5328916beb58864cab32da,jev-1.13,0.0
da-test-000704,1,3b24233d201ee5153424d150ed512e7c88ee889558727a822d81c3e6a9de88de,jev-1.13,1.0
da-test-000705,0,fe09b31198001b2a0349e19a61656dfd65ffcfa080e0c07ebcca675a088bf95e,jev-1.13,0.0
da-test-000706,0,9fa99cbc8b31b19db986dae8e49acfc61279004a6d9a1d9359a30739936ad206,jev-1.13,0.0
da-test-000707,0,b71ff2d2aa1c9e8cd8d6ac3be389e89a6f3f64ada7ab9329c3ab0b23c33b4e12,jev-1.13,0.0
da-test-000708,0,d7e3f93c310acd0f0003ab9174a31ad18a88dd66f2ad7635250bb19c84d8eb87,jev-1.13,0.02
da-test-000709,0,766a6396503d596424d8a82823e2f5b205191088e046fea7ac3c3f431a8f28c9,jev-1.13,0.0
da-test-000710,0,f3e0d0e047724036154d9daad589069064da5f3f14d16532b08578d771dbdc8b,jev-1.13,0.0
da-test-000711,0,ed14cb77b7d4cad68f9371705a94fd1111b435955a4814111b9706e56453a0a0,jev-1.13,0.0
da-test-000712,0,c589f096c883b2a9a43fc61b09c49e5b1018a7de19ba0e581e5893f79833b304,jev-1.13,0.0
da-test-000713,0,f52691cd1fc29f1ca54a328fb81d8ea4b1cb9468dd788359ba442b8ce267bf5a,jev-1.13,0.0
da-test-000714,0,4b1c9ca6f0774bede3c28398121783ffc9afc61d2814577b3c0696589ed9a643,jev-1.13,0.0
da-test-000715,0,c050ea229901ffabe93f2b5e75b5b02c72bd1708839f5540a0df2bf114ac551f,jev-1.13,0.0
da-test-000716,0,84410791fe99855b8cda982ac61fb6f7bd9823dd5a67dd1059dbe8dc181d86d2,jev-1.13,0.0
da-test-000717,1,cac41f153b5fc81a8b1e3b9cd968f45ea2b56b1c348e1036aa6eb1c312ed4101,jev-1.13,0.99
da-test-000718,0,9031669de60cbdbc9623fd70dc0b07f4ca2fcbeec7a0eaf1ed275106ca805c34,jev-1.13,0.0
da-test-000719,0,36453f39a1305012aed74f6e2573ce9f77dc73df9bbac211d3877ca08ac191c7,jev-1.13,0.0
da-test-000720,0,a0736aedec97c35512aaf275a64097463a05cbab954daa7ea27fde1c219187b4,jev-1.13,0.09
da-test-000721,0,d5f3167e587883117e21fea5abcc7ec07a0a3d7509dee8d6dd2e2d40559c975f,jev-1.13,0.0
da-test-000722,1,543f1f70f13440f956d85ca86661a67a33cb838147d68f720ad1b5da84999ca5,jev-1.13,0.81
da-test-000723,0,e770313d26c09f686e8d5b9ee4529fa602f96392c8e4fcbf527118ce76ea085b,jev-1.13,0.0
da-test-000724,0,fd570f9d1c8c0b6208c12bf0a2deb0987b05a5b2e56c5c7c5c474d30844669a0,jev-1.13,0.0
da-test-000725,0,6c04c13f4b646cb3375f773eb7b60c88d00e387cf4367dc49bc1127c87f22aa1,jev-1.13,0.0
da-test-000726,0,b7ecc88c8e137e7b7f859e3066181dab7d60f431e2509f41c157f5da23c004e0,jev-1.13,0.04
da-test-000727,0,8036d1ce0163759a7568b6b88a15fa530c3cc46a68c31c123ca269c9626770c0,jev-1.13,0.0
da-test-000728,0,832b74e9b66e9f134f968457e136d1bcda9efe7134da19dd1331ae23f729a317,jev-1.13,0.0
da-test-000729,0,2bd12348260da8612eecf29ad5f97dc3b93a8f6b39f9b9589440bb20bff74f1b,jev-1.13,0.0
da-test-000730,0,d87375af0085a09ad3d2a1dbd5b4f9d390a5bd7aca7423e4dbdef14f39819f92,jev-1.13,0.0
da-test-000731,0,286c92aa4255b06e6f324c36086724bfde29ad62b3bdb14ba541e6936c0c795f,jev-1.13,0.0
da-test-000732,0,6e5b220ddb3d85acce39e43bf4291e837095db1d27382ec736c3ce110ba9b0d2,jev-1.13,0.0
da-test-000733,0,4f5aad516c052bdd0c1291679ae2bbad57861b8cab870cd0e432dd8b1973bca3,jev-1.13,0.0
da-test-000734,0,1800e774ec14451636901bb05511482f5b39ec6ee1aa4dd88b1ae2677745ec95,jev-1.13,0.0
da-test-000735,1,450f6a124f6d0208bc9221772d3a9b6770b2c7aac27487669f00781aa26fb3ae,jev-1.13,1.0
da-test-000736,0,cb3b8203a625634a23d3749d89780a62e93b112da78ae0efc038b59c5d75189e,jev-1.13,0.01
da-test-000737,1,9beb071225852d77bba321c4cdbe6c6b8312443624d7345401b71ccd72857766,jev-1.13,1.0
da-test-000738,0,cf819046a116efe594597ff6e666a009c88161609e1f8a224f9a9320dac66601,jev-1.13,0.0
da-test-000739,1,d97d6ef516de3fe291fab035b28b949196579330e6f8f06aefb17e2f97170e99,jev-1.13,0.92
da-test-000740,0,4f0cb877228fda36292413ea05a0b68dd4c61f36339d6f69d59379e6336e4154,jev-1.13,0.0
da-test-000741,0,f52b2d80f9de5bda71aa4794bc1f05cdbe85670565bd2edacc2cd1f5c789c97b,jev-1.13,0.0
da-test-000742,0,66ad14ac2010c45663e59cab22f5ddf80d4c99a4db1c71e8f7597a4c6bdf47f8,jev-1.13,0.0
da-test-000743,0,88eac2871df557cc17657316119ed9e1cf2aef13d611c0138134cda343a3fcc8,jev-1.13,0.0
da-test-000744,0,a177a9f8347a596ae99a146324a0867cdbf950d032b4574a9d97995d7f7063f7,jev-1.13,0.0
da-test-000745,0,9e6fe8d637fc9e51b460fc31a416d3674e2b429a13df094783430d1a63cb1460,jev-1.13,0.0
da-test-000746,0,5ceca1ea7355b74d39abaf4db33b2d5d2ebc1c3c26aad585af50b3e68698f450,jev-1.13,0.0
da-test-000747,0,d6fc3bc0f9af724f36cb5dfd8f1f4ba6a9b22f1b296c6dace7ae474fe52a47c6,jev-1.13,0.0
da-test-000748,0,4e13fc5b023ae23c2f3fd0d28333589e097cee4958fcfadcbca51f29a59f88e8,jev-1.13,0.0
da-test-000749,0,7e43aae459d45d9f2e8130c996eb49bb1236718ba6e291890a558ad8a20c94f0,jev-1.13,0.0
da-test-000750,0,9ee99d313625900ace5006835cca3108fafa5335fa28185506abb0b9b3c94161,jev-1.13,0.05
da-test-000751,0,2255a7c21b853f4ab59c067566a911e9f301b1e4d0e68f7c7a8956133b296dcd,jev-1.13,0.0
da-test-000752,0,98ee5a423aea021932841b530381f064ebaf387fe141c10e7c20483c4a083431,jev-1.13,0.01
da-test-000753,0,39e18db3c975509be2e484e546ffb3f262570b763176c3127e3cf66abcaea9f9,jev-1.13,0.0
da-test-000754,1,5aaa7e2ae486649f23e7a04178046a53223f3958e92e6407e9b01f9c47607cab,jev-1.13,1.0
da-test-000755,0,eaac5bdc0432036fd41d9e2ba0bf813edcd0f061df0530579600ec8b6bbd4b7f,jev-1.13,0.0
da-test-000756,0,7ca7a69e2549b549db94c039283a2f418f51a3a3c75439884aa4e229bb7d410d,jev-1.13,0.0
da-test-000757,0,13808434a90d70f24d224bc5946d3f8e3e6a2471a4942721370b8b773deefe6b,jev-1.13,0.0
da-test-000758,0,499764ea5410012a24420cee807b078ad7359acf0b4ec20c65b468e070811528,jev-1.13,0.0
da-test-000759,0,aba35dbb1bd4930bf81079b887d8b2376a2c2c9654ae5ead04428655e998a6f1,jev-1.13,0.0
da-test-000760,0,46c93e8c49ebdf68530c46c3ef0e186335a8e07f1e0e9bb8a93807d1c48f883e,jev-1.13,0.0
da-test-000761,1,cfdef3d31a5db0023ad9fd951822ef93972f8289f0512d80441ae4891e57e696,jev-1.13,1.0
da-test-000762,0,217c2d8d7d2004602e51ecf5eeb051d5c3aff145e18b9e8a85980ca362d5bb2e,jev-1.13,0.0
da-test-000763,0,c42f76dc372632cb52797e953184aeea728f49d5e67f76d0e9ab448a62210ed7,jev-1.13,0.0
da-test-000764,0,b23bc2003fb316641fac592da59e9054add7b792ae6a0ed8c96fbace9a5d7e44,jev-1.13,0.0
da-test-000765,0,f7907d7587297470d4e0200418e4467cc3552876074331e6948131542d01ccdd,jev-1.13,0.07
da-test-000766,0,123071d9a863116f6b94b5a2c74dcd9f41c8f61d2ea432f01213ba5c68f760f8,jev-1.13,0.0
da-test-000767,1,88410298300b7d638463bafb35c7ee46a541c03c132268624e20928505b1e7b0,jev-1.13,0.83
da-test-000768,0,73bcc6cb015255b8524919f2738a7e18f3c5fc87cb73639bf2f1d3eba71dcae9,jev-1.13,0.0
da-test-000769,0,053af94a69a2c228a6cb32cce7de71a0ff75177308b7f9f834d82cdf1177b360,jev-1.13,0.0
da-test-000770,0,732141787ca4fbc76756b38ef176e8ad1c2d5a6250fd8c56d2baf89490585075,jev-1.13,0.0
da-test-000771,1,dc1fe97e555e4ac926c9f14ac0080b1b66b705cb9ee4afd419e7ea10311d196b,jev-1.13,0.92
da-test-000772,1,44d522eda92ac39f35eb4c5133438007adce4f69d9674bad71106290ccef1ccf,jev-1.13,1.0
da-test-000773,0,5b1b17308e756ebb6941695b88ba1454f3f12e6b3624abc00caaa41430d93ffa,jev-1.13,0.02
da-test-000774,0,2346b13ebf47d0d18af381450f6d6cddd9f5c91a2e0967de821a0a43619d7fa9,jev-1.13,0.0
da-test-000775,0,0071ba22abfeb2c59f959358ebd94d352deb394d604a33faf6a3056e2db8cf76,jev-1.13,0.0
da-test-000776,0,f381213c6fd9734e0802e68702ecb9cc1b225cc949ebcef0aff6350b405f8d9e,jev-1.13,0.0
da-test-000777,0,6cc11f14643196337faa5c563eebc6efc7f79a6070f20f0af511af52dd8389b7,jev-1.13,0.0
da-test-000778,1,ddf33639654b22858ead32bc737129110f9db8a6af98f30937807457d9e8580c,jev-1.13,1.0
da-test-000779,0,a0ed8e0755c66b191327ca1cc4d0b6d2a7805b8ed6ad123941d232d5fb9dc016,jev-1.13,0.02
da-test-000780,0,ac2c5d8dc576991c8f174a804474afdc5a1608681a0b05b4d235e8f2b2742957,jev-1.13,0.04
da-test-000781,0,a0aa4428cce480ec01995eec9c4806b70d7caceeb00281cf281b1bb89f588fe3,jev-1.13,0.01
da-test-000782,0,6acae964f2b62523fc76768defd1573e434db8c22623dd989f81629c8df45df6,jev-1.13,0.0
da-test-000783,1,59709be092ead0fba43d813117d5f0efadd527667c802981ddabe8c247680e8a,jev-1.13,1.0
da-test-000784,1,2892283d1ffb50cabfca8fac820491bec2c043af8b7c31b3401b9fe20961edc5,jev-1.13,1.0
da-test-000785,0,e0938d9180613f4e13af4832f69399df16886af92d6d5d37bddcea082cfec844,jev-1.13,0.0
da-test-000786,0,dadff75f2e38b6e5c76dd05d2b9a6a92d94699f8000b25c0c79a467e370e0883,jev-1.13,0.0
da-test-000787,1,49e05475e9d34bd45e2253c407c92bb80ed34586a061b972912362bbca8fd7f6,jev-1.13,0.76
da-test-000788,0,cccbb79689fe3d8914017bd920624ebdd3562da10a1d20f52c21f3e5aaee5f93,jev-1.13,0.0
da-test-000789,0,16d3dd6fb6bd279c6fcfda1178947abcebdfc47440cd3ab3fea9d26d9969c507,jev-1.13,0.0
da-test-000790,0,ac26c01206677947da2790311562490ba48f4032e1d5bc8930a68a24963ad7db,jev-1.13,0.0
da-test-000791,0,325654fd5a1e61edce5ac2e10a64b7fedb434e2ae1a5706e78ca3fc5f2ee2f1e,jev-1.13,0.0
da-test-000792,0,0f630cd63ef7ae0ed2980de9202a4f2dc56ca5ef87fc402fafb86af5b2cb4978,jev-1.13,0.0
da-test-000793,0,4ec2a367617943e5a5f8c6b1be7ace362cc4c4b03a7ee2d3681a8bb6a826e069,jev-1.13,0.0
da-test-000794,0,4ae7c95f671a5a1c58e0dd47e03922e94f39cd054cad91610be687275e0c0d16,jev-1.13,0.0
da-test-000795,0,596e2cb16ab4ab61323484410cf32e99443c7f0e3ff24ff661c7f9df9754bde8,jev-1.13,0.0
da-test-000796,0,1ddb3715b8e6aeb35bf06deec677b59244038da385797f9adf2928d7e06ccbf8,jev-1.13,0.0
da-test-000797,0,ad31ad2534bbc363dec8ec4c3e626845bd64ef73d46293dc804c196fc8bff8e8,jev-1.13,0.08
da-test-000798,0,afeb67f56ed176d91e93aadb35fe69ba23a987b3b6b79578931ff0abd01c3dba,jev-1.13,0.0
da-test-000799,0,a9db7006cbff0842797a05469f32da998902e93e8a89e85ce22b550e2374868d,jev-1.13,0.0
da-test-000800,0,8d61989bc820312ac4667b5add39684f2c99b83d647b7a0ae1836cb52aaceb90,jev-1.13,0.0
da-test-000801,0,54251b71705963c3b2c5ca9490ed478d32c39870b31ddfd9cf894f4b129ec7b2,jev-1.13,0.0
da-test-000802,0,fd6d148634f9031ec4da453151d33fc3f761cfd9dc2d0a72a82df17c6b4bca72,jev-1.13,0.0
da-test-000803,0,b281138b5a00730060c7459d8894b37fc09c4be020f1976c25eabe8f8ecf38ce,jev-1.13,0.0
da-test-000804,0,2bacd9edc8ef157b6e2c3055a34696be5284c9a5e0e76f2df49fe57124eb4125,jev-1.13,0.0
da-test-000805,0,9c93b9d55b73d512106449f406550cb9aa10bffdf8e3551cc82818da644ea972,jev-1.13,0.01
da-test-000806,0,297e9a016320fd858b5dd200670ab5eebeb7a36ad3568bae7c9ed9ecbbb1da0f,jev-1.13,0.0
da-test-000807,0,7ba64873a13764d05c4e58f4039e75915a34f52d14828ff19435afa99af525fe,jev-1.13,0.04
da-test-000808,0,0255938977336a34bfe7c78b98e2bf3cb5a92e05da47ed23b7fcc2a23e9ee718,jev-1.13,0.0
da-test-000809,0,78845d9fe36c1193337fddc6ce477a61f824527d747cd1ebdcd3ff9666c46216,jev-1.13,0.0
da-test-000810,0,0917e172d25970d5e970c04c60c32fafbabe8f42d042f89b77ff51c1d17ee164,jev-1.13,0.0
da-test-000811,0,79a162587490c9fc6d513474bff0d65c219eddfd53eaa3e51d6f3e43ade63b98,jev-1.13,0.0
da-test-000812,1,fbbeb0a8d50e691d1eb1eaff5937c88967db1732d164629eb1bb21a12f220511,jev-1.13,1.0
da-test-000813,0,0f0f0acaa9bc34db49c552274ec2f172a412a2c7bacc980acf2b24762492d46c,jev-1.13,0.01
da-test-000814,0,41d8ace8559c4e14f7bad5622cbeb1738edd38c920bc8316563c9c7f2479b25c,jev-1.13,0.0
da-test-000815,0,c59f7ac7eb769090a1b7314f70b9440605dc623c146a45e1d2c76da674bdfb20,jev-1.13,0.0
da-test-000816,0,86b5375c980230899a924601aedad336f6c557e84b914ee2bce75f74a7f3989e,jev-1.13,0.0
da-test-000817,1,f3e77483c836724604f027131823efc8066f43c89a640ca64bd26d87b5664e2f,jev-1.13,1.0
da-test-000818,0,e345b250aa582978c493863f241ea17c426b159abe82ef929abc11619d82fd1a,jev-1.13,0.0
da-test-000819,0,1cc38a966604f5f8bfac12bcc79ff2d863bc2ab1e135ecb5261b1b804b789923,jev-1.13,0.0
da-test-000820,0,805d93fed5177b4d87cf80762e202a46cf163962a924d7e08dbed529608a4d18,jev-1.13,0.0
da-test-000821,1,702157e1df9a426be302a9581a22440bf41deab1ad9c5bdede634adfc6a7ea89,jev-1.13,0.98
da-test-000822,0,c34805c5468a58e662b91de9bb1b80abfabf7cb30babd7154556beeb69bfe0b4,jev-1.13,0.0
da-test-000823,0,1f2ab69e6fd9c6548a6d1e1755a99ec97f59ecdd0f09d3696eab180e73ae344c,jev-1.13,0.03
da-test-000824,1,92f2c4580f9b067927daf7bc3bf000e3f26b3ae90cdc0736ad0c676c99de4838,jev-1.13,0.68
da-test-000825,0,4655c0ea9bfae9c3089ed6e6a1f3af6e279673bc376e5ea7abedf7188592ac1e,jev-1.13,0.0
da-test-000826,0,88212dd17317fc7f81ebe23c3c3c320be462a57be76f006c97b8a1904f40e3a9,jev-1.13,0.0
da-test-000827,0,2e79feb184ee8c0231faab2e643a1ba91fa40442e7b53e30565d34755213bab2,jev-1.13,0.0
da-test-000828,0,c112c798b3ee51ebb3e3fc931bad9df53d21b28981597a5d67b31ccf44cb0882,jev-1.13,0.8
da-test-000829,1,a4f966348d5aead2b54c32b7bbdd0b0b64e87c094c47e6a7432860131ac7228b,jev-1.13,0.99
da-test-000830,0,d6bf4cbb092718eaf5782ca1a89aa24cd575f9011c825578c8643af0571f1c22,jev-1.13,0.0
da-test-000831,0,b9137606a3891ac0189c0448135ab1bbb7a38d890a44e999e6407d34368bbced,jev-1.13,0.0
da-test-000832,0,33328489fbe8aceb9c796f139ccd351cba36c833784826f88418a01901348863,jev-1.13,0.01
da-test-000833,1,d1fc8e81f05212c127e4340363eaaea6219fdac84195cdb85d2770828426d43c,jev-1.13,0.84
da-test-000834,1,ee1439ee87a2d27b070906bfd3aac4dd522147f438964fa187d722c930792807,jev-1.13,1.0
da-test-000835,1,9fe584af2c2ce7422017d8789976d813309161becdf958d7fdcbcd4fe1b2b4d7,jev-1.13,0.89
da-test-000836,0,99fc9a7638723150d07d6bf3e7ce5a5fe650e11db138000b54c6dd5ad25d6c36,jev-1.13,0.0
da-test-000837,1,6492fa90d926b4523c072dcb625eac71c553b6ade24dbc9239769f978c98b3ad,jev-1.13,0.94
da-test-000838,0,f0d8ef273d93b0a8e511e109e7c0b0dbd1c245875e517711251656bb36706df0,jev-1.13,0.0
da-test-000839,1,6f1e5a4fe73f56799bda5d63b7c05443045e178c7afedfff093db923e0002eab,jev-1.13,1.0
da-test-000840,0,197c61e98b77265021ca41737d54b04bf70d57b0d1b64b6ef27bb79ae0cc9693,jev-1.13,0.0
da-test-000841,0,e068f0e7225289fd32dc5c91e91284f35dbb4fd9c5acc45a199314e904a5fc6d,jev-1.13,0.11
da-test-000842,0,b5dc709cfc74f822b7e81ec1b0b0685081715d185ba21fbe108974740970b71c,jev-1.13,0.0
da-test-000843,1,52c0da19028608d78e39ef657f9f1c0c7957f702f5a894cac6c0542a93687095,jev-1.13,0.71
da-test-000844,0,aa0f907ff7ce1bb8e35a8cb26b42100589cdde00fa68b86741d916fa5d32a3b8,jev-1.13,0.0
da-test-000845,0,e1aaaea1ff2e9224edf2ac94290731da16ae3a089ab63d0cb6889a3ad0435427,jev-1.13,0.0
da-test-000846,1,b3233a0de6f7aff784b138ad24deeabd49c27e5c579eb1aefbe1f000967df61c,jev-1.13,0.9400000000000001
da-test-000847,0,6e6e0c84720b873303776313421837cbee2c432dc913c776ee221df9e169a396,jev-1.13,0.0
da-test-000848,1,f1dae9d1ed23b1ebbf45a18abcb3ff961fd1eae419317e5d657077e9feee4ec0,jev-1.13,0.99
da-test-000849,1,a7599f9ac6f1e29a8735b547aaf974d2e747443270f54a8b4d3d290a4fc21df1,jev-1.13,0.99
da-test-000850,1,c97b3d7d875ccfde1dc3c5a124d92fb6d8c92ab877e352d2d42eccea8cb5c43d,jev-1.13,1.0
da-test-000851,0,57f2c1d9a884db32e21c5f884db55fc6998888fabe2716b60723ca18d5f34276,jev-1.13,0.0
da-test-000852,0,f967b20ac1dcde95eecffea49678a80fbea4473bf02e7339179d23a63fc48b85,jev-1.13,0.0
da-test-000853,0,3de28142e6fb927da31a5f258af0aa59f34fb509ddb61c77111a1b8018818c60,jev-1.13,0.0
da-test-000854,1,035b60a88885375af1493919323b3820ed43c7e718c2c90fe7fe80a6fa5c378c,jev-1.13,0.99
da-test-000855,0,792976ba84ffe4749fdb54fce5b684cbf91c29e594b0b16f110ad047fcc3f573,jev-1.13,0.0
da-test-000856,0,b3b797562e773a5be2e4b9749dd31c94db60114bc32746daadcec21ef153aceb,jev-1.13,0.0
da-test-000857,1,9ca1f6ef248f3d6770ecce72bc21bdb131a1284a646a466b7b850096eaca6322,jev-1.13,0.99
da-test-000858,1,1731ccec0ae2f022369d0727ff15524ddbfea519ab3c5d68108f65bd15c97f15,jev-1.13,0.83
da-test-000859,1,7a1a68c0f7cc73759c50eff99f7a47506117480dbd9caab3d6959ea4c5920895,jev-1.13,1.0
da-test-000860,0,85abbd9aca3964bb8ee7ccb6054a766ae31ab0bbac28f95d7177acc55ef1f6cd,jev-1.13,0.0
da-test-000861,0,8f1c721cee015d0a76159158e68ce8a3666c8d9bdf5953e47deaf41a541426d6,jev-1.13,0.0
da-test-000862,0,60d0c88a8dba76fbaace1bf0d8e7f73c39fc04b02b459a17775830099783a9a9,jev-1.13,0.0
da-test-000863,0,80295ef89d91c437a65c2f7557f6b569de4750eb5349136a5f52155ce00da606,jev-1.13,0.0
da-test-000864,0,05181b653b1526b88ff58810cff0e66d399cef5894b17e3c6f94cc2df14e5179,jev-1.13,0.0
da-test-000865,0,e93163b1e820f2e7f83d595fe77aa59add28a858892dccbb08a5735beb55037c,jev-1.13,0.0
da-test-000866,0,f98bbf73e79ae444f84199daba654695a2497622a6e4001dfa900b98683ffcd2,jev-1.13,0.02
da-test-000867,0,9fa224d0ec7d0648cfb658308faea9142d505a5b0a9917299414932457c0e67a,jev-1.13,0.0
da-test-000868,0,e6f9ea5c88efb6f30077c81ebe474485ad77951e14e62b7c48849c7b7d5a8085,jev-1.13,0.0
da-test-000869,0,dff9d4226538b26c61882b94ab5b72ad71aa312e1fb53610e53ac6a369b00ad3,jev-1.13,0.1
da-test-000870,1,d130eae1d3520f6fb0707641d0c4296e1ebff26f1976d47e3ca5e7e245fac88e,jev-1.13,1.0
da-test-000871,0,824cbd6d7c4c0e1066ab546db7005c515a231505a3d1b330b8a5fbad32083291,jev-1.13,0.0
da-test-000872,0,16f8eb5f2cdc01d08bb49fe94eb1412a88a0ff6c375a96a97b372f5e1756b913,jev-1.13,0.0
da-test-000873,0,feaf1a7c92998cfc5a3ad363b15cfc683f908fb28865a53f1ecc2dea7647d17c,jev-1.13,0.0
da-test-000874,0,c2965a8eea913946d39157e749daa58321bc6607a479e4236188877a5063791b,jev-1.13,0.0
da-test-000875,0,374dc658bd21bc5eb52947ea8f9a721dd82d275903a2a778ac9a3eb097dda00f,jev-1.13,0.0
da-test-000876,0,d75e34e2c0d08b8fceadbc92a4dedc5b8dec09baedff6308f317630ce32366bd,jev-1.13,0.0
da-test-000877,0,2e5943ea087ad08b5b4dbd097f537704e6e801b4e7b78e21e32b5538a4c7fb5d,jev-1.13,0.0
da-test-000878,0,93036d41d97e1dfcd41f02ab63c81e561865cf62f51bd6efac05d65f7be38cb4,jev-1.13,0.14
da-test-000879,0,c6780f670c26fc4e42922b51907e880c7688457b803d20df525baed6f9346c19,jev-1.13,0.0
da-test-000880,0,74c10c7900b16a6d05d02e9bbc6ccfc3054c37cb84581d6cf44aa39c242f53c1,jev-1.13,0.0
da-test-000881,1,48fb032fb15770d799df6898aa0b71b53b78cb0027a2f233307690730fd0ac50,jev-1.13,0.99
da-test-000882,0,4463d361234da817966ae51f5f1646c8193d4c83419a4a722aac4372485c9150,jev-1.13,0.0
da-test-000883,0,c34805c5468a58e662b91de9bb1b80abfabf7cb30babd7154556beeb69bfe0b4,jev-1.13,0.0
da-test-000884,0,b32177f546e5ad12b9925d07ec8dde1b800864727db884885a8a6a2c93885754,jev-1.13,0.0
da-test-000885,1,7da96998377b172c8b98957bc2747456cd02ff445205a87b7141a1592fc5b2cc,jev-1.13,1.0
da-test-000886,1,cb91362e362e5571aa5e3fb3b3650cfd1fc4d57410c882f0ee2f76ea640566b2,jev-1.13,0.89
da-test-000887,0,e82cb9e57ba5a1e1237c8329531224befe82b0830e0eb3e7b1cc27d2f284c1bb,jev-1.13,0.0
da-test-000888,0,14dfa8e79e243ed6130ebf4d3bccba460a7478f159dc9c7f434ab40fcdaf6df4,jev-1.13,0.0
da-test-000889,1,d0c432dc6b553754ba3a9b19089fddbd2046c0ac36086d0da26c1c7abf92d15c,jev-1.13,0.85
da-test-000890,0,cfaebbdb8acf2a851d38ef700703fa866b9a634ae269e3543aed895cb56908aa,jev-1.13,0.0
da-test-000891,0,a4555fcbe8347aae22848f2d0cef39ab2d791214db8c3afb19aca40924b3c5d8,jev-1.13,0.0
da-test-000892,0,593bf208be8f5384988f06ab9bf9b9ce62108ddd62c9436165886496d91fe3e7,jev-1.13,0.0
da-test-000893,0,53925b6ee4b7733018dc0819a266698e7e3a01ddc5b3dfbb65bdd764bf00efba,jev-1.13,0.0
da-test-000894,0,6120a50af9ffa3a97bb9fc5d723c2484033196a9ac4d0da38f96721bc586899f,jev-1.13,0.0
da-test-000895,0,1f6befc1db4900104f1c99964de582be7ca76a7e7f917c750f045485e6361650,jev-1.13,0.0
da-test-000896,0,08ecd3d69de48ccfab545dc5a57d2d059c16528d78ede49ac2ca767b1404dec1,jev-1.13,0.0
da-test-000897,0,2319b078483f2e28f940e28b277dd3df2c622f06fa58bb2b5ac14c40f108d3c7,jev-1.13,0.0
da-test-000898,0,b98fdf40de6c697ca5a593521c006fc567e69a51acc8d83d4b236661c663c20d,jev-1.13,0.0
da-test-000899,0,bf85840d68bd9c785ff10e3d84365a6b0a2d1408961c34d330201d3d82e58735,jev-1.13,0.0
da-test-000900,1,f1ef04ebb9e5a7dd6fa232b0afb9f1c28e10f860dadf9158ce37cba8acbd9df0,jev-1.13,0.99
da-test-000901,1,e7f52626bc7026c342f049869b1f3158c85bc6dfa2fbe457d2a16d4181ee90f1,jev-1.13,0.99
da-test-000902,1,3e35b6a3fce608c1ab620458cfc5e6ef5ffd1c4dae02ac64aa5d17e7cebc1be2,jev-1.13,0.96
da-test-000903,0,59673bf8b4a1ada2b60a8b6eebbb3a1514634ceeea627b6ff91a8c3c8dc77f38,jev-1.13,0.0
da-test-000904,0,d751c742ddc50487ff2645bcc6bf0fdfa07b6bfd591cb1ae036ed11272d4435d,jev-1.13,0.0
da-test-000905,0,54d23c9b7d1eea70d52e1b7d3a1b72986136392ee328db1b7410f89bdc48b081,jev-1.13,0.0
da-test-000906,0,e57923f7cb74a2710402fd05a3210d8f93035dce35c283c0ec955994ac553bfc,jev-1.13,0.0
da-test-000907,0,4e312dab14edbf9aec2440f96761b113d5cc7544cd3f094d921cb7f99076f6fc,jev-1.13,0.0
da-test-000908,0,788b4f2a736432007a59481853813298aa72a8954e0b7dd155bfcc684c36fd1c,jev-1.13,0.0
da-test-000909,0,a7cb924deb795b169409b1b0316d9813960b9bca49dabc52ae187f676127bd61,jev-1.13,0.02
da-test-000910,0,6499ca9f9fa114cfdedb79afa34b411dce81a77653f8537db6c15c6c8d9ef4ed,jev-1.13,0.0
da-test-000911,0,dc2e38b5d808a86705797163686a285acdc9b9beacee249d4dc2446edc39e0b1,jev-1.13,0.0
da-test-000912,0,c41ddbc554c08fb491495eb9da9e573447cd76822684850cb3b762859aaf7c5c,jev-1.13,0.0
da-test-000913,0,5111426e594caca5762cb1e5ef91df9c95158f85eca8758fa1d524542d33853e,jev-1.13,0.0
da-test-000914,0,a21919d59f2fd041542cc6af77c4397522684860c5d302cb4cfa3d04a4a24d46,jev-1.13,0.0
da-test-000915,0,ddafa0daba5213caea2de45e15a0feed8bc47f5963aac6c6e286dc34cc6b9bc8,jev-1.13,0.0
da-test-000916,0,a7be054af580dcd4072d6a22d38ff54c728c17048b4e197f8efd618f1b646cbe,jev-1.13,0.0
da-test-000917,0,8936134117f78ea59eb515780311f66cde28a133f4ab4e4ab9ca7b970d1ac076,jev-1.13,0.0
da-test-000918,0,5ead156fd7b68e06ad60b837a4ad03dac821e34010f8de16ea75d6661dd8b703,jev-1.13,0.0
da-test-000919,0,b3e5bb64513ec45019744d09311549540eea5fa5c580e7023bedfca485497b11,jev-1.13,0.0
da-test-000920,0,287d472483ec009fc4f717c7b1fafc9e00e88964beb75d543e951f38d6060701,jev-1.13,0.0
da-test-000921,0,152614e58767baaf80f8d3b046452f93f880da7f757c1000eddcae6e0fb3a19f,jev-1.13,0.0
da-test-000922,0,ac4e4b06ee5b589a35e7c99477b885017a3a66939b29aa9f7c25d9d42b16529c,jev-1.13,0.0
da-test-000923,0,c828b310602e3afde2616543367c9c2f1a2869c0c15399f1a3f81b719d23eb52,jev-1.13,0.0
da-test-000924,0,fd2698efe5bf8228174cd44592e10ebdac07ea26bfa2c35bc059a551a28fb7b8,jev-1.13,0.0
da-test-000925,0,2107a4ab3816528a6449a8034b9960e02d46a62fc43b379f2a9e0a4429381e89,jev-1.13,0.0
da-test-000926,0,bd2b5c69e22a2c77c612549fa1b85b65762d5cca4029c31252c7c9e0483c1a14,jev-1.13,0.0
da-test-000927,0,da4a91c72d11d904b49e58b229ab76b3606ccb320c83cf7aa8f787a62ac6dc1e,jev-1.13,0.01
da-test-000928,0,fd3309cdf3ef5b53fc9938bf928a8ef75d4fe48d1727cda4dc764812ccdae339,jev-1.13,0.0
da-test-000929,0,cbb7e098a9aa09dadf56b56e08650e5b1b4058fc9cad52fd99cc97c64fdfa73a,jev-1.13,0.0
da-test-000930,0,7df7d714cb81f6e8d866cf4a93676800d9194ae165daa7029b1a0d92c2303ad8,jev-1.13,0.0
da-test-000931,0,eac3716d9e775ecd0488a63c5bf258e0a07fc06a8c0261d996a7466bc45bee33,jev-1.13,0.0
da-test-000932,0,00fbbcbf0f045d45fffd077c16c5696beb013c4ecafe831ee300d0845f960ef6,jev-1.13,0.0
da-test-000933,0,ff7d9133ea27ebc617b5efcfcfcdbd6577717f4e9fc4ebfc588b732bb491eaf6,jev-1.13,0.0
da-test-000934,0,da66d746701b10cbe415dca9060f44b1ddbf17c004150b9284b92d6ba3959be2,jev-1.13,0.0
da-test-000935,0,7eac600dcf7c1842aa207ca2c5f04dd095a4807c2ff434131be5184b07c56326,jev-1.13,0.0
da-test-000936,0,ba92a3d609df4381e27fb1f7d3ccde2f84ca53fb98740c4f421bc22ef0f41275,jev-1.13,0.0
da-test-000937,0,268889d4a4b0154ca9306aceb52e021ef3d7dc2bc0bbe1b259a2596a382728d6,jev-1.13,0.0
da-test-000938,0,eb94b5dc365c8ec8c6045b04aa02b8dd07e41c1ff2991a2d082d19d48b3dd1ae,jev-1.13,0.0
da-test-000939,0,b4db6757dbd2b7fac4b4c7e8f5fb6712623c670d8fb237c64f067572f4591c68,jev-1.13,0.0
da-test-000940,0,0e2ece061b3a44cb37f5f293d4284af6d5eacf32a089289bda2248a80cba8bf4,jev-1.13,0.0
da-test-000941,0,c36320aa0c4eff9a5d65ea218df429b1c33b4fdd30f18dff36c6c9cf8b2aa575,jev-1.13,0.0
da-test-000942,0,34e5af2740ce75138d1f24b685fab5c6a3bb71167910f3aef7d49468e65deb4c,jev-1.13,0.01
da-test-000943,1,806c8c3b1e053729f2a406713b5d0ce7bb5ddd5261db936acfc89cff1c05e2e0,jev-1.13,0.94
da-test-000944,0,944bfbeec582aec80a167aee756c97f282ead31df172b1cedae2c59c88ee187a,jev-1.13,0.0
da-test-000945,0,8cc62707459630aaf800c44779927b86e176add15d2311eb5362a3e82748b36d,jev-1.13,0.0
da-test-000946,0,79925ab71bef62955046a20a84bf1969ba23c52a6b29ccedec1252542ccf07b5,jev-1.13,0.0
da-test-000947,0,9662dde0f6b635ed7c2356125bd990e253ae03248c4774db3671d7d3033f5f6b,jev-1.13,0.0
da-test-000948,0,780d2c5812e121c14d49f7e2440b8dab7f67ba94bd4ee11a6506f1931fe30454,jev-1.13,0.0
da-test-000949,0,8e794d73d2f28f7a7a27fe2ad0ee8768603e5d7c88ecb349055600ab2dea9083,jev-1.13,0.0
da-test-000950,0,c17a9a8c49b6a850d2cfa5fde9caffabe7004a01643b9d45434d660816154d93,jev-1.13,0.0
da-test-000951,0,267c35f636efa3e11b6531afcc68fc21d99c5c802e98ad0cc86097bc7ba3d8bb,jev-1.13,0.0
da-test-000952,0,b402532bde7559003726f31690ae98363ba96d8685a978629e5ee37752d9d348,jev-1.13,0.0
da-test-000953,0,206634cde7b7752d63871bfeda25a7b7a06e41f5dea6ddc7546deeb9059f3710,jev-1.13,0.0
da-test-000954,0,628a147dba90a4fffd0c2c8b2682e44ba980b545adf3c05ad1911ac3e7cf1eb5,jev-1.13,0.0
da-test-000955,0,82dca4f28550f91ee94228809bd5a6b8f253861f5b105d526749f5a76575c183,jev-1.13,0.0
da-test-000956,1,f9ae6c1dc483e1fa438a0b525bbd641f4961a7f0e3625b4a9d507171b7f10589,jev-1.13,0.17
da-test-000957,0,5460b875d5fd7416ec67a0256acdc2d18532b66ce9bcc06cdc83c9a1f9188b10,jev-1.13,0.0
da-test-000958,0,d6b0cc593535206dba7dc76f4ec18d226ffd0241f9ac60af5831012797537a9c,jev-1.13,0.0
da-test-000959,0,02016263f4a20c018ba9853ef00e3b6b19efd6586f605b017229c538bc671982,jev-1.13,0.0
da-test-000960,0,72245d5940eb9e76ea85424d78bdfeb7a0f9d590bb2ad6a06a7f939c71aa852e,jev-1.13,0.0
da-test-000961,0,2f0b427f6d3dba69326ce921c8f2c8c42f42d9316a0adfb5cdde982014b7868a,jev-1.13,0.0
da-test-000962,0,bca8c58f5f66f1e76d77e5918889f74fdc40354c6128db90da6bab17fe636d29,jev-1.13,0.0
da-test-000963,0,90a15a134799d1f67409fb256ec27aa3a8ca7bc8c78b0a7311186498b0465689,jev-1.13,0.01
da-test-000964,0,42506a616b42394dd8c986ecc36501a38a8dc93901961cc91678a5aea2bab215,jev-1.13,0.06
da-test-000965,1,7d4aca364a95c3e61224d5e5fcf6738d0599c0f81c395b156d90bbef3566e91f,jev-1.13,1.0
da-test-000966,0,1815f68cd3abda4793a71b50fb8353b1496218f371acda485a3b139bc8bb7afb,jev-1.13,0.0
da-test-000967,0,7abf1e047782a8587a8ab368fdd4124020e690764ec622309217d4f03a092798,jev-1.13,0.0
da-test-000968,0,10b137b996772eb2b5245ea1635c0c6b86903e71c072b7d9d2cc47826f60995f,jev-1.13,0.0
da-test-000969,1,91e4f49c2fe17511e0bff52d655b911d221e1688db07ae192b0619b6272a42c2,jev-1.13,1.0
da-test-000970,0,d8a9efdd170255f174ca87d53fd6451a993fa49418baf8eeea337404940ba446,jev-1.13,0.0
da-test-000971,1,27afd806269d55e0e067f832291036a94b05b2eef90f5de22431e07fad5b8ab8,jev-1.13,1.0
da-test-000972,0,b2e821e83f466839e102de8b9d811444b6178e32664e7c1294fd631e4fb233dc,jev-1.13,0.0
da-test-000973,0,69c12ee4f6db30b499ca9fa2466e1f2d736dbfa4a031bc940e27b95840ba92b0,jev-1.13,0.0
da-test-000974,0,9bc32021fdf913f7abcc9645e52f8fbd560e1cf329c962a41871a0234d374b13,jev-1.13,0.0
da-test-000975,0,77c1dc4e18cee26da1addf61e58d433c2075ec8bfda179579708b81301bc82a0,jev-1.13,0.0
da-test-000976,0,feae2beadb60db68ba21a8fb165301dad5f9f9ffe27e53883a55e1c25aa643e8,jev-1.13,0.0
da-test-000977,0,e666c7038aee9647d42c420abfd067bb9deb2f3b949814ac78dd653d1df7e72b,jev-1.13,0.0
da-test-000978,0,ecfd06eaf4131b6260151a11a6c0bca47861f41f625ea49ff7525efaa52f6500,jev-1.13,0.0
da-test-000979,0,9cacd228458d85a4025a20d035cbde59de29a9b9146980f199f39a4073b46b49,jev-1.13,0.0
da-test-000980,0,44316a33b599a984752bfd500e0aa8d0e03cce22d9707460f0b2ec9e1933d169,jev-1.13,0.0
da-test-000981,0,34c0b51aae8ed75fd400265b8bbeb20ebcf118d6f8e4e29bdfb00a0b7b6e9d11,jev-1.13,0.0
da-test-000982,0,44f660b173d1f8760577770fddeb2606ff1f9af0ce6e650b9c45379451b6f610,jev-1.13,0.0
da-test-000983,0,66b2c172da39cba3bc21109290c13c6263db9c48df5a74fe30801a2380928765,jev-1.13,0.0
da-test-000984,0,7ef06705a7a4ac18680a1a64cd4856b79376b7afb343fca12d0e98a570f7fe21,jev-1.13,0.0
da-test-000985,0,3c49c001f1825e96a80a5c4eb55ff1438c39f0a6ffa25be2572746fe4ad75ea9,jev-1.13,0.0
da-test-000986,1,f42d06a2ff98a5297f732d1f390fbbaa8133a0c33956572de6b9a15867f5ab9b,jev-1.13,0.95
da-test-000987,0,2a70058a4d770e027c9553c5e15422b794fc51e1fe74fe972c2d87911a4aefb8,jev-1.13,0.0
da-test-000988,0,38dfd40d7c459631dcc7a6b792552e6fd7c3f681cd8b56318d16af78e3462603,jev-1.13,0.0
da-test-000989,0,7e42c9d3984103222d42294d443576046181d527b84993a9859b3f37e7f23b65,jev-1.13,0.0
da-test-000990,0,18d8c523c7f918d6ec64b9d0a43400068fb1168b4239589c71a2fe1773594567,jev-1.13,0.0
da-test-000991,0,e137a66a8abfdfed16ad425679094d023e3cca65cbf88cee668095d53611904a,jev-1.13,0.0
da-test-000992,0,3e52c564efbb49c1ba7abef7a2da9195c0bcfbf9cb6e6a64ceb2ecf0d957ccfc,jev-1.13,0.0
da-test-000993,0,1f16646678cd20231bcfd09ff2abe0e83c70802767dd2cd6954651a8c4e49561,jev-1.13,0.0
da-test-000994,0,a141138adab4a830b6ccac0861f621538bf47e2044dc839aa1ec20ee5f996991,jev-1.13,0.0
da-test-000995,0,73ad907f7339d329d6f357bf5dd77a37a4873ee52c35da4c3b3e7e1abb5d4d7a,jev-1.13,0.0
da-test-000996,0,2adc8487ffa8bbe51304aabcfd361d3e0a428456b41a25ddc6326a4fbbcb7731,jev-1.13,0.0
da-test-000997,1,3f541259fb6bf40f317d0f6ff5b3338f5dcfc91fb6e0d557165b79fe6104ea9f,jev-1.13,0.98
da-test-000998,1,c8075a23bcd81fa7865cafab4effcb3b3f8b46b414d46fef245b4a78e8b84329,jev-1.13,1.0
da-test-000999,0,5a94ba2db287632b2984b4793ff070545aa9895e56fcc4419b4bf25e6dd3fa61,jev-1.13,0.0
da-test-001000,0,6e1387c423bd78186825122c354a025d32bd67ea9cc585730ea93f7d93e2648b,jev-1.13,0.0
da-test-001001,0,13e518064f4e48d0d3fbdb853b3b9b5cf45974c1c9ab13f150e43cd56d3b43ca,jev-1.13,0.0
da-test-001002,0,000c998aa5a7fa6700e1560ed1d6f428d146455539fb9288f3dc64cfc1014a2d,jev-1.13,0.0
da-test-001003,0,62a79e04ee9f33075d46e33df3595e1e90103251f2553ebf660d1b49fcddbf61,jev-1.13,0.0
da-test-001004,0,189233ed85fb755f77aa425e8f20b58831c2da7b60f44965b51b2baa4cb7b306,jev-1.13,0.0
da-test-001005,0,a332687ff435462d64a55c7612c27bd751d82ec1b2ab44bc718c811adef6a5a0,jev-1.13,0.01
da-test-001006,0,04de3da764cced38d36e49182ac000a7a3fc859f8e067276041607c18513e34e,jev-1.13,0.19
da-test-001007,0,fb965b489acfef1691cbae13fa80c2118f0bd6f64a2d9b630a3ac406b14e83b8,jev-1.13,0.0
da-test-001008,1,b43ee1ec6d969647f5ac0eb9ead6712cb9e1fb67542e01eefeb8de0d04ffd5aa,jev-1.13,1.0
da-test-001009,0,4a121deb1d3f3a1792dbed0bdc1e61d4ac0349b81dcb4d4e604615db4719342a,jev-1.13,0.0
da-test-001010,0,9452c1080e687f10c3d9e3dee0a1d795034d38f6984f179a7ea047a2986c9119,jev-1.13,0.0
da-test-001011,0,8fee51cf7b0b9f29bdd6d34b8e161f5bcc362bc3d2ad1b7db98a3c05eb3d425b,jev-1.13,0.0
da-test-001012,0,dc67b4a42ac60a9c8d1f5487a6766157936160027ff196579332b4760ac52f0c,jev-1.13,0.0
da-test-001013,0,7221312f9dfa76e17d93857c864e73e7c610cca0f4822ccad99b13c9336277a7,jev-1.13,0.0
da-test-001014,1,84d109b0678a1a66c33d71483dc8673b97bb489b5edff054eb1e860fea6ee86c,jev-1.13,1.0
da-test-001015,0,9632fb61cf35e616e59397947e2e610bf220a6a11a0732561b11a201076b09f9,jev-1.13,0.0
da-test-001016,0,8336c80ecfae3be1573aeb8378fbe35f9e2c8826be1750a56460c9ae9b7376b0,jev-1.13,0.0
da-test-001017,0,3747061548cde3ed8bac523d01f10c9dc3c23ef853f022c26ba168899a3b7435,jev-1.13,0.0
da-test-001018,0,c14097735d3305fd5ef8e5dbedc5a1ae07ba6d187f1b778f83d6f5bfc0d60f45,jev-1.13,0.0
da-test-001019,1,6573aef631e344f86c3d2c1270ac955289166f0d8f8f2de6ca1e3f1bceabf62c,jev-1.13,0.88
da-test-001020,0,7d8e7f290d6b6606b9f7d655a73d49fd45c619e46fd3bab248c3de08c163d9df,jev-1.13,0.0
da-test-001021,0,6430a25347c15cbac09f948483c1254d4bdbb7d1a83ef2066fe236cafa337bf2,jev-1.13,0.03
da-test-001022,0,2206076dfb7966f1e39a51c06ca7d12bf37bb4893065d7b7df57a4ed1662ba22,jev-1.13,0.0
da-test-001023,0,5eb4e417f053b41526719680fa2eb45a4c64f6fdde1da6fee0176e01755ab625,jev-1.13,0.0
da-test-001024,0,1fbf64db3b7f9f429c83f158726db27ba53a40364088491a319f976018251c20,jev-1.13,0.17
da-test-001025,0,ea50e601fa0c641641dca80c49796a581918179469df88407240bd360d6a3c95,jev-1.13,0.0
da-test-001026,1,060665e145ca5368c4d8949d45168d95fa96cc689ebb1f451a31e2c961d99c32,jev-1.13,0.57
da-test-001027,0,cf00fa01df23bf4e527d13f08ed9987698f38b4e170394a8be9511427a04bf36,jev-1.13,0.0
da-test-001028,0,7949b0fccf07678d5db9ce591a850b986c828e44274629bbfba26c7785c242a4,jev-1.13,0.0
da-test-001029,0,3385053339fc013372d913c35d8c1472ec11f1bf8306ff0bb16248cb52738d20,jev-1.13,0.0
da-test-001030,0,105d0139c9d0ffa26c1d6990650d2988631c2ceca0dfb0c585eada28259e75c6,jev-1.13,0.0
da-test-001031,0,8cafe74032c60f29465e8347b34b4af5ee9f438e51848fa315d4b760d9b835c5,jev-1.13,0.0
da-test-001032,1,cbc76a5fc93625b6823ad81b06a40ad004a333e3fb0af7839bd97461119334a5,jev-1.13,0.85
da-test-001033,0,72fd2a628dedbad58753ce5f47c3a76d1d3bc890c5f9318cf30501a76b19cd1c,jev-1.13,0.0
da-test-001034,0,fcbea9c6d21487a53fd10f9bd17626d042cd0cda2cd1ec2154c32823cd20cdb0,jev-1.13,0.0
da-test-001035,1,e3281c1437d8c4fefc01b9aea9431d020500de02eec9a28eda099dc3a234ff38,jev-1.13,1.0
da-test-001036,0,cc803ccab6af19aac1186370108c715d652b86235d79933258c826c5b8124624,jev-1.13,0.0
da-test-001037,0,ca995c47256251d39ebeb66d467d43b4d29492a1c480f5f21b81aa60477bc2a5,jev-1.13,0.0
da-test-001038,0,674707af7e5288a67812a86f62d5256068a24a1b2bd26620a11578854e12782b,jev-1.13,0.0
da-test-001039,0,9f0bf5ababdf0a327c4904657466a44e1fbcbc2adc7fb6af776f519ed99ae71a,jev-1.13,0.0
da-test-001040,0,04ba18601d101977cd8824f8f0004aff77d1865b4aaea8ded828832ba95acc68,jev-1.13,0.0
da-test-001041,0,f4b9c6f8e05e442da2146cd1e9f3f65ae880b428a7ba459ea34eaa88ad46f611,jev-1.13,0.0
da-test-001042,1,5d9762967369d669386bc3c254e27a7194865b0a0d86d6e7de9e391e977d661f,jev-1.13,1.0
da-test-001043,1,1c85031df3ad4f99fdaaa7e06c5f42195e6a49e14b18fb83c09d4a0d41979633,jev-1.13,1.0
da-test-001044,0,739542b2da547ecb25a4b13a23a6b6d8843b504e69f644f6ef68013946cb7532,jev-1.13,0.02
da-test-001045,0,52f97531eec1dce17c4c7623905e6999b73ceb9d72d9e090b6c5d5049af03333,jev-1.13,0.0
da-test-001046,0,be6dd6b688dfcd494c0632de0ec10b76bc158c1bcc003311c42ab4f2372c6e70,jev-1.13,0.0
da-test-001047,0,57ce92fd0c78e88a2d3f7c61b7c5a07d6fb50d2fdd13e2b0651234a45d14f013,jev-1.13,0.0
da-test-001048,0,7f2a69d7cccc5888d71ad357523f9179c4925ede2f88a6d20adfaf3c88206914,jev-1.13,0.0
da-test-001049,0,d08cee9b5c6e8348f7750ed6083eefe755681c15f95c1ed40218dcf31f552919,jev-1.13,0.0
da-test-001050,0,a5e8ed4f90471d7fe50f477db02ac6d29de35c0610639784a81fc55f749fbb2e,jev-1.13,0.0
da-test-001051,1,84a84c3ce79906cfd62e268de9459a0003186f1da45bad86b3750eac2deb9e22,jev-1.13,0.84
da-test-001052,0,149d04e3e7cba17f6b99420b5886b0597f67495826bfcd26671fface33b88761,jev-1.13,0.0
da-test-001053,0,86cf187ee7c5e352bc1a35b8da3e8ad9bb61ddb11f17cf2d99bfcb5a6244cc62,jev-1.13,0.0
da-test-001054,1,9952219c681ddeff2be52dd6fcc8b770fb79fb27d2be1a144c4e6f67d9db3189,jev-1.13,1.0
da-test-001055,0,812bd2ace868c1ba3d882906f7b3f9b164a2c8bae615e832399928c8a70afc29,jev-1.13,0.0
da-test-001056,0,fdcb5a2ff1e8162454fff61d99ff34d1813428dbb21938339ea24748bcf4bdff,jev-1.13,0.0
da-test-001057,0,03355e4f4b4db49b8d7293b09cba5dbdbf4afa533ea3d193378d3ad743023895,jev-1.13,0.0
da-test-001058,0,55fda46cb11633f5c30d554fc21abb95fc6dafcfdf8943948200a87f42b0ea6e,jev-1.13,0.02
da-test-001059,0,d44a2562d5bda8d917990cbca05b345bf21075f1f62a2d671c1dac095ca497a4,jev-1.13,0.0
da-test-001060,1,55c50324d25d4eb6e2c0568c6ad0cbc6483badd1fb02feedeb3e154a3589e9c9,jev-1.13,0.91
da-test-001061,0,ecc9151ceb9b15bb4cb950a2d1e72129e8ad39106f7b2e4a5da573f74094d5f0,jev-1.13,0.0
da-test-001062,0,452594e647639a974d3731b62dce470ff7a3697f796f9e018002e1a9658c89e6,jev-1.13,0.0
da-test-001063,0,9f1f70be77b12efe0444ad3b6cb9fb1a2f61a35ad03ece31035406276fdca8c9,jev-1.13,0.0
da-test-001064,0,0f82e68bd6878a670e448ae1df2a0f6f737e1ebd38ccdfeecaa5871c39887855,jev-1.13,0.04
da-test-001065,0,9c49fdb366db23782628ee9810c233924fcee0aef0127a87a5478febfca78acf,jev-1.13,0.0
da-test-001066,0,a7cb924deb795b169409b1b0316d9813960b9bca49dabc52ae187f676127bd61,jev-1.13,0.02
da-test-001067,0,1a75d93d20d83e38d6c0cb993cceb5459c68dbcab2dc30d94b8145dc17e33fb1,jev-1.13,0.0
da-test-001068,1,b131164a1a8232cbfe52c73468f84c2768e784d661712f09a158b05216c80581,jev-1.13,1.0
da-test-001069,0,1074af987709735754fb365b46656f4cc01ccf628ac10b67051cbfb616a3c487,jev-1.13,0.0
da-test-001070,0,31d4511f28df358f44bb5c8c11a3d298ea052c573a0314b19fadb274020e8326,jev-1.13,0.0
da-test-001071,0,6c2b1a1c0874964e410a7b35caaa5bee58705192bce4756fe32daa21b9a00a9a,jev-1.13,0.0
da-test-001072,0,3daad89994a86446b700dd4281830054f0673444beed6a543f3680fdff39c63d,jev-1.13,0.0
da-test-001073,0,66bddb0ae2807e9ace9d658eb6b04cad248569caedf98a68108a6b9f74459986,jev-1.13,0.07
da-test-001074,0,8f4434667b81b368a13f1d0d124c6b0346c8cc7fa419497b67081343238ca1bb,jev-1.13,0.04
da-test-001075,0,73b68a684a1b51abbf6592eab391dd90443e85dcfbc341c066521719b80e09d6,jev-1.13,0.0
da-test-001076,0,a653b214f7630d142f07677416eab437e1b426086df887537956cdbd0f4e7bc8,jev-1.13,0.0
da-test-001077,0,8dd80415c4786c328b977fc6dd05de110da54be4b09bed7b8282f102f5152caa,jev-1.13,0.0
da-test-001078,1,770082fa0d9d22de2ad2294b2efb85223c26357edbaa8f10c3c1509d601447be,jev-1.13,1.0
da-test-001079,0,72c894109906b6e5ded5ad06abd5b6c31239b57266fa47ea4c22a83e94985f8f,jev-1.13,0.0
da-test-001080,0,08f49363e5918eebdf3c33a26c37cc356d34dc308829ce2f163714a261d409bc,jev-1.13,0.0
da-test-001081,0,af8c84b159b594efd5e5bc61d50b4b53b8108b7e73de1433abb45e6c852eaf13,jev-1.13,0.0
da-test-001082,0,9629e633507d1a19add0eb516beae8f91002acfda5eee20500fc164530274e5d,jev-1.13,0.0
da-test-001083,1,74d207948f452fe2b11ed69064e37649609dd3468bae570105935849366d0262,jev-1.13,0.99
da-test-001084,0,6c9a9e07bfc663b6edd1db2b10667c7e256305f6a0f269b8e58bf63d04abd7a4,jev-1.13,0.0
da-test-001085,0,0e9feee5a0683d7c36695aae695a5b53d136e6b35c349273ae5b61fdd5feaed8,jev-1.13,0.0
da-test-001086,0,96304826b656335408077cfb94af3b32479a0b1bb5b985e217db2ad218caf702,jev-1.13,0.0
da-test-001087,0,9dcd228acb62c83d051b1d5dc59ed3d2980b067dae0c53cf49844328f88c13dd,jev-1.13,0.0
da-test-001088,0,ff6861f5be141c47d7c27bd9aa0178d1bdd8105e72e428931c923f96e3eed027,jev-1.13,0.0
da-test-001089,0,45de63e6e68ce406bcd3fa4f0c8b53fe838ade801dd1d2cffc722beb72d2f86d,jev-1.13,0.0
da-test-001090,1,993cb5701e501107bd1e58232805e95bc25de0ac465430ae5cf15d714d0d1f7a,jev-1.13,0.85
da-test-001091,1,a9c952afbcbd25d8536e728c71e35e8aee4997f7d96854a77bb0193d67e08c39,jev-1.13,0.9
da-test-001092,0,fb7d8b68f3c26a474b756ea68d087ad606420221704c822812d1c72f6983d705,jev-1.13,0.0
da-test-001093,0,33a176ec914408ae53bfdb17df9b7aa9ef76fae671e56cf52cd87518d651a6c7,jev-1.13,0.0
da-test-001094,0,6b784235babd2d7ef3e5f408cd5fb149e05e21e1d6a90aeabae84ccbae1193ff,jev-1.13,0.0
da-test-001095,0,b045446018d0660cebb0c4de8c1cf2386dd96f747001bfa322c29e6041cfc53c,jev-1.13,0.0
da-test-001096,0,a14ff90d74ad4799a041142f9908d392cda15c5988a26b7a949f69545d6cbac4,jev-1.13,0.0
da-test-001097,0,3a0ada832574eaf96fcda710e2a4e7e7f3730c3d7bc8965e9a5af24ae326ab75,jev-1.13,0.0
da-test-001098,0,528372da73c75858c4624eeb6924f5f9d298a12d1ebde4ce264c7d2be5239224,jev-1.13,0.0
da-test-001099,0,845295092a5e5917e9fd92c0d852c7796e1d2f964d4c6998350974c9e048188c,jev-1.13,0.0
da-test-001100,1,4a4fc34995a2149f7bb745c92f959836528fa6b678e21038fc08636c39c898fb,jev-1.13,1.0
da-test-001101,0,460660d3d0b2f31a607a1b3105c4e3c8e1276f547f13f20884434e3c7d5e2ea9,jev-1.13,0.0
da-test-001102,0,512334d34e8ee69f6270f800747881e7ecfceba2253e8249a0c27c9742e68818,jev-1.13,0.0
da-test-001103,0,1ab28d1655b4ac494bc7e7699bf2eddbf366d752d196025baff32982ddd3236f,jev-1.13,0.0
da-test-001104,0,306ad615d15eba0102634f02cf9056d83e1b5f4183657ffcc8f2f4c80a24ccf7,jev-1.13,0.0
da-test-001105,0,a1876299992ff3e9e1ced83da41dbbfa144e86d47093fe4d2cdd26b9e8edf6df,jev-1.13,0.0
da-test-001106,0,19434f942baf8f5d3e22c78bcda203d51dbba48511ee036718bb93f0aa951789,jev-1.13,0.0
da-test-001107,1,2f2331216fc39a4d62824b68a119a1ae678779343a6285c97d09583c2493b09e,jev-1.13,0.85
da-test-001108,0,bd282f5fd595be550ce9e3158d67fe97f1df1a5125a38a1aa3e0023386d6070e,jev-1.13,0.0
da-test-001109,0,d7fb5e6b05367faa389f766a5c7c17769aaa4c72b0c058fd58a6b85bb2d85cd3,jev-1.13,0.0
da-test-001110,0,38e8aaa20b446ac7d69a2c6c8b4ccb1aa372291d53fde17ffd416b75d798998d,jev-1.13,0.0
da-test-001111,0,e8b0322d462e88be36dab222dd9da9ef223c521f536e7f26ad5de46edda15f01,jev-1.13,0.26
da-test-001112,0,b0cc180574bd1d808b807fae88860487f96a55a3014bc014a75d36ba2084848a,jev-1.13,0.0
da-test-001113,0,d6584f5eb5352c8b94584f2ae653d6652b2ab3f8de391c753265ac196d6a4210,jev-1.13,0.0
da-test-001114,0,cffc862eebab806a528e23059ef08a1d5dcda7b067b03e3a8e2c9f2dd303c1a1,jev-1.13,0.0
da-test-001115,0,684d6c8641e5750bd73cd2d86228d628469ca657ee7f664b31e5a609f414aa23,jev-1.13,0.0
da-test-001116,0,d2a0f8bacd8ad32551e6ca4667141a84372ca354ced19750b0e32a36b9c2418b,jev-1.13,0.0
da-test-001117,0,9bd32c058d353451b2c2b4964891b96d4a0ab82cc5a04bcb86131f2f24fa0b83,jev-1.13,0.0
da-test-001118,0,255d693055e3ac734b4e224d35ddd273c0bc1bccf068967202a5f9504c3b08ad,jev-1.13,0.08
da-test-001119,0,412b33fc9668b189d752ef79ba3a2a681d970a74b80e8f963717a4829f36bfc7,jev-1.13,0.0
da-test-001120,0,ba53592c299eef37fd049c1fa8d30276b6399ca4ad017758fd0cb2f526b19e9e,jev-1.13,0.0
da-test-001121,1,77e043025b5de5046e5a04a37421506850fc620961058be3334a3f372d82dd23,jev-1.13,1.0
da-test-001122,0,eb65facba79214f4189f97c770a6cc688b3082b3c99bdb2e31e19bd162514e67,jev-1.13,0.0
da-test-001123,0,fc9f0e62c549429f3d531dbded164209b009b66647304285b30b239bcbf1c528,jev-1.13,0.0
da-test-001124,0,19c83047fca8ddd01e1c93ee9f2760b03dfbf9ef02cf23c4dc55ccac7d9576cd,jev-1.13,0.0
da-test-001125,1,bfc9ee92a1b75d21b561083f5e56a9dee1740af5a61639a9ceb1f6c705d1771a,jev-1.13,1.0
da-test-001126,0,2e8dabd5874bcd77d331d38f13aa671628446cf0f2a8bae895166f9669ee478b,jev-1.13,0.0
da-test-001127,0,ef47f78fc7238ff09b5d5c84545b51a63c9d4b48277008b2719a5edd03e3a1b5,jev-1.13,0.0
da-test-001128,0,0ed95559335d879279063c608291900b44614f6bf8755b3d10bd31e1dab08ce5,jev-1.13,0.09
da-test-001129,0,8a16b7465f8eef97172632ac6af3711c3b6b5560269b61a6feec2e1621b73600,jev-1.13,0.0
da-test-001130,0,e80e4c27f3b484357a6177532a31ba2e99a89ae412c2a23b4af76d9f1f98cb26,jev-1.13,0.0
da-test-001131,0,b2e983644f9151820e0e2a1bb64dbafdc8c88cefe187ec436ba498561b58cc9e,jev-1.13,0.0
da-test-001132,0,ac32f8697a28d391f7cd65ca8c800b2ea422b3d123081dc73495b000d2651635,jev-1.13,0.0
da-test-001133,0,b12ded6d217f5182861fe4d5e7abf0af86d75861cc37c8197938c391aee06fd8,jev-1.13,0.02
da-test-001134,0,3e2e9832760d61643e18e64c332dd06807a21b7b1164eae384d1138975d197a8,jev-1.13,0.0
da-test-001135,0,4e528c51fa1ca230932031362a61c7a32b6ab5555c919a85a57476608bab3d9d,jev-1.13,0.0
da-test-001136,0,1b153e9e02fc1b8ac9603b32635d6d1d5583ee7e74e5717f2b6b05e541230281,jev-1.13,0.0
da-test-001137,0,9fe50825f03c13281caef8d0e8b91de9f6142357f91934c389073c507b909c43,jev-1.13,0.0
da-test-001138,1,5275273ad4cba2e5f132152f88af99daa3ad7b444e18830df740eb3e2bd23b52,jev-1.13,1.0
da-test-001139,0,6f03ee2757b7247ab49ae1b0340abefab559027646bf3d84876c6bb3c225280c,jev-1.13,0.0
da-test-001140,1,39e453b6bcf3551c324e1b379777d7f2d14bc0e4a1ac0882a038fe7e61053b82,jev-1.13,0.89
da-test-001141,0,9448e855fd79b49b28e521bad92fcfa4115d6837fe3f61a4644dcb500f7af0dd,jev-1.13,0.0
da-test-001142,0,f9a8c2bd205c94f5b4cef0bb4c7a0535f35cd011d8f3ac6476153e9e1d0155fd,jev-1.13,0.0
da-test-001143,0,da9ef6d0d7c771a0a32fa09c5a33fd40b8fae73d0a6d2d8da79fb2068729272a,jev-1.13,0.0
da-test-001144,0,b0e4723fe5673e9ca7366980ef5d5266ae2f6a877e2c0ffbdfb6de394aa72dac,jev-1.13,0.0
da-test-001145,0,1cbe53ab33beb5ebf6687546d92e50cf7b214b9c0f8ba7c10c80ee521517bff2,jev-1.13,0.0
da-test-001146,1,995ee9a914a388115d41daf5e3a2122481d1eac73edb3369c48d989f8c8e9ac6,jev-1.13,0.84
da-test-001147,0,297251b4d1294f7bb4dbd07039a9704cc4122e27453ef1da17b4dfe159b77f91,jev-1.13,0.0
da-test-001148,0,538d4d04a17887b07887844c238385b6ca4487e4f584ad879242a685e9afa759,jev-1.13,0.96
da-test-001149,0,6fa9cb0cb1a7a1ab761abb2e47510818e2f8eced4f1ef453e9a1ad17bb02ec70,jev-1.13,0.0
da-test-001150,0,54d7f661002fb44e3d9220c2bd17915501ac57bd18f09dd9292b27b1f0a397fb,jev-1.13,0.0
da-test-001151,0,dde2e4c4df7b4d06c8df9a9f8f6612c6a93d5f1ec730881cb011d77c414c1341,jev-1.13,0.0
da-test-001152,1,f7a5812ada16f3008f31716c10ce3f4d75c49520e69eeaeb495e4d281f606a68,jev-1.13,1.0
da-test-001153,0,21f97946895082f3cb477ecb10925827924ed167d1fc1ff058eb56f05b9d6fcb,jev-1.13,0.0
da-test-001154,1,386b452655aad2c576bc180cf30503b5788836a91358f6e43035161fdc022ffc,jev-1.13,1.0
da-test-001155,0,9da1a129a6bc9ab93c1250f1434a31c08a3604302cc1b92f77897901b8319453,jev-1.13,0.0
da-test-001156,0,995412867336a94231088419603a4074f89d8b5b7194c93c65b5e3a2442273cd,jev-1.13,0.0
da-test-001157,0,5f91aa8da25cbaa376deca2e99a2fe9c0e9823555aa0370db74976a1acd22cfc,jev-1.13,0.0
da-test-001158,0,d84b990a77fe293069f1a09ee30164be61cbeba0fd91ab63eebc5f2cf61fc04f,jev-1.13,0.0
da-test-001159,1,2a05072f50bcb4d14cbd3bdbfd3f55b51471f1102708c355cd40cdae12e4d511,jev-1.13,0.84
da-test-001160,0,e40de85ec9c2167346f5cfa9658327af91f3110ba08a4d9b44583ebd30a34e59,jev-1.13,0.0
da-test-001161,0,e45b4a3effb77c39004fe8b2d01a23b1e4450a3b4f84f5ab0a38d55744b0f780,jev-1.13,0.0
da-test-001162,0,44699082527de1bdc2458c2de347e949c70dc655bef3f80632d96b5f1e89d4e9,jev-1.13,0.0
da-test-001163,0,35a78c1a0471bc0f2932309108ba6330e203c5a8e16e64fe33595580d0bc9b89,jev-1.13,0.0
da-test-001164,0,6c11d44befa1680ee41f7dda2cbc5cd5d00ec9c9c3214a648a5cbfd7f2460edd,jev-1.13,0.0
da-test-001165,0,a97e03b65bafa8df2501580a32ecdc96bf2c07260385024a2b7d3c9e892bd71f,jev-1.13,0.0
da-test-001166,0,6500fdb87cf6e634f758abed4338f480073f0c780a0dc7a1e08eace517f27e92,jev-1.13,0.0
da-test-001167,0,6081cdbb9d9f2cb2606024d5f40338f7090021c5f525c020c5cde59c74fedfd0,jev-1.13,0.0
da-test-001168,0,7801e8b135f9b77e77e0a01fc0bfef3802459f1623c6a3a0c9c9f2ac78b67370,jev-1.13,0.01
da-test-001169,1,8664de9144ebceac347607613a4cfd370f8d26af9353b46d8b9163e0c76f7663,jev-1.13,1.0
da-test-001170,0,b7f9da895056a0f56cd561f3d3aa8edc021175b21464fca2bc061d249f1f581d,jev-1.13,0.0
da-test-001171,0,546a633b8525481d5f7b6dce6cf333ee9e8ca799ff90330277d35cf706b8e2f6,jev-1.13,0.0
da-test-001172,0,792d0d3d86d6f2836839b92c07e8555c76d57afb7537d9b7d1e99f9a6b64b8ab,jev-1.13,0.05
da-test-001173,1,59cccdcb2eff2307b4d436f986fbe1988a75e416e4769ba3877746090c06aca6,jev-1.13,0.97
da-test-001174,0,9283e076c14b6770dff1015c04d369d7b4d71233f1e4ab71c4f94c661f37c647,jev-1.13,0.0
da-test-001175,1,1049f427d44b7fb7b6e3cf3474cd505bbb477e0e4d6cb0768571517b32d6cea2,jev-1.13,1.0
da-test-001176,0,8b9b46246b5d04a9dfc4da2b6cd14a144588aefdd2c9792b5d30fea76bf85147,jev-1.13,0.0
da-test-001177,0,a3196b23b2edd01e0f5348828e76c1bfb2b820eada1d053cb45e7b8eee395a6a,jev-1.13,0.03
da-test-001178,0,27ce7a13c6406a8d5a5761fc309187d80497c88abc7a15ec971101becbb177fa,jev-1.13,0.0
da-test-001179,0,2d50f79e81d3bbeb1734adca4b05082da5f2396344224c13208aa2ebe1d27695,jev-1.13,0.0
da-test-001180,0,2207cba319ca018e022a10419a29762e11075b40cf33b2213aa48acf80ad8c0a,jev-1.13,0.0
da-test-001181,0,499e2ef2caea05eb01f15ed827a405f81774d5f2ad6f61a593703c479aa5746e,jev-1.13,0.0
da-test-001182,0,77053675717c7fa7be0b03a8e652adeffa6fbf8ccb1e0de5e9a8d15b5e050cb7,jev-1.13,0.0
da-test-001183,0,0a3cd1220f0707dcdaab8f29e2e090f8d097138672b89a60914091a33a4b30dc,jev-1.13,0.0
da-test-001184,0,258579ba70b300d2bfd76685e3e0fa08f1dce5e49797b0ba9a60708575051535,jev-1.13,0.0
da-test-001185,0,d4c0770d2b6c5175cbb06e44e4171d7e2630cd79fb8e1eda4ca42d3cdcbebc42,jev-1.13,0.01
da-test-001186,0,ad859770b3dca39e4a13479326ec2b043450c7e8f2ce9d334bc7b4fb2357993c,jev-1.13,0.16
da-test-001187,0,a58984e0a72f436a7f3b05e46340b6d672a2a64b2136a2f12928cb4b6633a3dc,jev-1.13,0.02
da-test-001188,0,edc4fff6dd1bc06d7066bebff25c849accf54510a3b9d55da20d26440383a419,jev-1.13,0.04
da-test-001189,1,cc62764182216045b54bdfec3fcfc72c07386fc83254fd40f8ce350627033ccb,jev-1.13,1.0
da-test-001190,0,238a8e06061eae521908b61965986613f74c55f5164336e48a5f8952c70698b8,jev-1.13,0.0
da-test-001191,1,3fe70afc8ab0fcddb37966975145297f83de00ca65814f290894d39046b58c12,jev-1.13,0.89
da-test-001192,0,f3166537d7131a3ea134d16df4bb0f90e41bfacf11bceaae34962f919f4db1cc,jev-1.13,0.0
da-test-001193,0,ceff834d58ce53b7511ec2051fc42ac34389caae479313856c9ebd1608c93c09,jev-1.13,0.0
da-test-001194,0,e40660668501163b0339702acd39b492031d8886a58ca1cd59ac2f14f7836ed2,jev-1.13,0.0
da-test-001195,0,780ebff008a79349eeb3f17dc46931d56f451da949dc47ee9ac5fd8f45d60783,jev-1.13,0.0
da-test-001196,0,cccf97f3c0907389ec3de4b8bff3f1b1082de09e8c1d8d0b20ccac5af657688b,jev-1.13,0.0
da-test-001197,0,7a8444a8f42dd9189f13ca9905ee231a97784f472ebe60caa01798445d71a261,jev-1.13,0.0
da-test-001198,1,d738024e74cd45613167aa9bbcb55c573e1ce2df7ae94ef4d29b4ce746184f12,jev-1.13,0.99
da-test-001199,0,664001d3bd0c87e3c2c78571a8779d44744724b7644c44985fdaabc599a15493,jev-1.13,0.0
da-test-001200,0,ec17e6bcce32ca494d2d5e8ae1c5db556613206e95ba1347ce2cdb381a0cea9e,jev-1.13,0.0
da-test-001201,0,3655161ff47a9a399bd0f0aa63361a7502a5c3aa80969ca15f693370349fba01,jev-1.13,0.0
da-test-001202,0,881f13176c9cbb74069f9aeaca95f1d9de958b0ea83a2163e7184663dc16eef5,jev-1.13,0.0
da-test-001203,0,87b582fdd514696129a41b4f85a9b3aa70e59f0b844f28f95936ecc9c7c1c1aa,jev-1.13,0.0
da-test-001204,0,5c73247ed7d5d08b6bae0b823cf623d7fcc4858186cc2da14ded4909e0e4adc1,jev-1.13,0.0
da-test-001205,0,d829372acdda14e41c73bba12571f803a9d0728f06e348435f33265cf72234c8,jev-1.13,0.0
da-test-001206,0,b8bae04c45dae5cebd3ec5166cf05001c7b72696061120a4dbd5efdc82f98707,jev-1.13,0.0
da-test-001207,0,3abbd186538e2c6169dd4c8017826cc358fc3b8f6415518bf0cc031c8a036265,jev-1.13,0.03
da-test-001208,0,6ecb5cb175171e3afd5e2869433eebc9786b32694db740b603d68f28dc868ce5,jev-1.13,0.0
da-test-001209,0,e787fa442a2227b644a7f1cfa2180fc5765c94117901da75965f0fa9cac502e2,jev-1.13,0.0
da-test-001210,0,bcb2852b2bfc934e7bf813b31dbd54b5bf2a96e98fdd1953c041f67cbe5c83e2,jev-1.13,0.0
da-test-001211,0,822661e83c25694e518c005c71a4e31dcc78911fbb756003250b2f77c8f347e8,jev-1.13,0.0
da-test-001212,0,bbfe4cf02a905d2edf226e41465122964e2fad2bfe7c1683ea5301da0627784e,jev-1.13,0.0
da-test-001213,0,1f9f35acf72abebf394c29683492700140c8d28a57bd27636d8513a83cb70d9a,jev-1.13,0.0
da-test-001214,1,15d7baeebac5966b00b8b230ac2e8ebc538073093cca9a3adfc1dd120169cc27,jev-1.13,1.0
da-test-001215,0,2d33f04a1dc5b6b334ea721e0d722a03a86a029c1844843d70991507cd536c7d,jev-1.13,0.0
da-test-001216,0,b3a3d754417102af12e1a02b439dd736c5931fdd25705546d64cca7b352c3734,jev-1.13,0.0
da-test-001217,0,529c76d38f423207fa79481384d999f9aad544e7e18ba0a5001faed1d190e2ac,jev-1.13,0.0
da-test-001218,0,9a763f2562f1b83c363b1fae41b2a4a7d392d04bb17cf3995d114629ed223783,jev-1.13,0.0
da-test-001219,0,e25229df72c0646e692632d8d9500237ca0afaef79955da08571e2442904859d,jev-1.13,0.0
da-test-001220,0,c7a054e6176532c292de932e42cb607fdbda01108ae7491c7a835656b904c169,jev-1.13,0.0
da-test-001221,0,d90b57eb9c5fcb174a2f4ff49ffdbf44af90375c789d1d84199970b522ad949b,jev-1.13,0.0
da-test-001222,0,771b4641a1b9389424c63c91b97bc9ca85d33b09896fc0fc1e76fe82c2ad3ff9,jev-1.13,0.0
da-test-001223,1,4e655523ca45757f961b353f1b8828761c51c630d77edd4376961c7c7ffeb844,jev-1.13,0.82
da-test-001224,1,8fd1dd197d6a66bd51dc1185437ca19a964459d59e3429d2d35a21061b50bc67,jev-1.13,1.0
da-test-001225,0,416c408f3df5fde14fc8b60ae92f8757c8499120daf3c3838d9d325bfa4e287a,jev-1.13,0.0
da-test-001226,0,ae77dd1c522ca72fe2606767314af4a2afece29b607833de0c661fbf584dc11c,jev-1.13,0.0
da-test-001227,0,a9b8427bbe0fb1fe8009632e05057d5ada4160d83728bd79624eb09edadffd59,jev-1.13,0.0
da-test-001228,0,86447bb29cddd9174d1617539e99b8cc9e26b725752f47228691ecdf7e4477ab,jev-1.13,0.0
da-test-001229,1,8a2a47e7990a7e399f628d5a4eb9906029e95f83f083dc056f92246af0040e23,jev-1.13,0.68
da-test-001230,0,e78cf3253cd0785f851e52e3a9bb9c7963527bd30647602c1200fa028b074c17,jev-1.13,0.0
da-test-001231,0,ee3be2184eebdcf2e7a7bad5173555c37168d8b5029dd0e4fec109511ca812bd,jev-1.13,0.0
da-test-001232,0,767c5006ad3b3a7d35c44d17d93ff96f303b5f7a787ade09a95e5a1a9f9164a8,jev-1.13,0.0
da-test-001233,0,b7599061bf9305d40c6a83d6c85ff5dabb80ff8dc11f10646f281717a3da7926,jev-1.13,0.0
da-test-001234,0,b7c742c7593aa5c44cf64cd60f99ce8850acc5a78c4b27ed1d17ec5ea96853b6,jev-1.13,0.0
da-test-001235,0,4b065f6fef4c68a194efd38870e6c1bceb6e16b59a434e054fcedd74540c44d3,jev-1.13,0.0
da-test-001236,0,d800b69d120f7fdae688a26543bd1cb728913333a79d87d6af75250b1064df70,jev-1.13,0.01
da-test-001237,0,7f7f0535d4a67ecfdea53dda3cb84645d612ee620848f2b5e8a0641461d085a7,jev-1.13,0.0
da-test-001238,0,ee06e3973dc3086e60c829ffdef78151ea557ddbaf947b8efd380265b62275f2,jev-1.13,0.0
da-test-001239,1,665da7fd8544ad7ee335b82352d57f2e0f4e736f7c20d431c6e0191806394426,jev-1.13,0.79
da-test-001240,0,de19fe50ae87d255fc0026e66b692fbb2f34ad76248786d7170ca5628e63b9cd,jev-1.13,0.0
da-test-001241,0,7ba64873a13764d05c4e58f4039e75915a34f52d14828ff19435afa99af525fe,jev-1.13,0.04
da-test-001242,0,41482be178007a3a2a75ad0fd0f64a40ee01e434d36e5c72a0e8bc0cc9c422f0,jev-1.13,0.0
da-test-001243,0,fc3fe0b6dbb4028a4b5c1b6f0d882936527a1b231d90cfc386e8eadd37b90704,jev-1.13,0.0
da-test-001244,1,98f0ab93416abf82716b6e93af0ee53333c90ae6008e0551b82189076b530e22,jev-1.13,0.95
da-test-001245,0,ae4f49756458b766671f76c6704db64327cab41f176fd89195538bf2419f86cd,jev-1.13,0.0
da-test-001246,0,70095a1bb6f4096730132b6b0d5cb37d939e51e3d7cf78b6c24be2b3105483d6,jev-1.13,0.0
da-test-001247,0,27883a698fd7b0501227be41dd44b32d194b94022721932ca10f3954f91ab812,jev-1.13,0.74
da-test-001248,0,4492fcbe746ebf467a6fa41e1c7f54394fc0a0b1b0b3e13d77b22e3d24bc4a62,jev-1.13,0.0
da-test-001249,0,ead1b045d8413c969de1206284838ad04974062c89ae2f54476c642b6acf8dd1,jev-1.13,0.0
da-test-001250,0,e16e20658fd0d9a428bef6bbba2028164be1e2a33fdfaab36bb6535dddb1f28b,jev-1.13,0.0
da-test-001251,0,3dbbaecf6567cf586ba28d3537a27a50e46678f82758f1f532ebb0e23e4b4594,jev-1.13,0.0
da-test-001252,0,a146d0b3cc038a360674f790bbc50773bb4d7000cd86e0352e9b5b19a67db1c3,jev-1.13,0.0
da-test-001253,0,8689b7c5e28d03ea82aed7e8648a0d6373e89fffe69b5e222ed162f357ba0954,jev-1.13,0.0
da-test-001254,0,dc4d98b443b435a421923beb24853c21c2b9aa10f7b88b133b621e41161b612c,jev-1.13,0.0
da-test-001255,0,76293a1ddb85ff4120211d92192d59241ce9331f644398cda3d1a71578099a82,jev-1.13,0.0
da-test-001256,0,7f2d7a928e53211edba6d153ec18df661a187b884615ac2c722162f2664561e7,jev-1.13,0.0
da-test-001257,0,3286c6eb69d7545b7be5950b46e7e93b260939f0f00fcabf8582b27bb3ea53cd,jev-1.13,0.0
da-test-001258,0,6c23cf788b11c0f0e4cfdafc020a2036768fad63e5b510718aa83106551b33a2,jev-1.13,0.0
da-test-001259,0,962121ca0e865d6bd2a012f8614264e2f5b827d9148f00cdfb3e9f29911d74e7,jev-1.13,0.0
da-test-001260,0,d95ebfc867766cda25813391873cec6487d17fe60ced829611132fc32a0f9b8f,jev-1.13,0.0
da-test-001261,0,219eda7b2d2550d351b447a14352c0636d5867cc25e66626da594eb05162f843,jev-1.13,0.01
da-test-001262,0,5cc75c9066707287898b15b65557a5b0d2952d50454ddb0dc0003aba5c5831a8,jev-1.13,0.0
da-test-001263,0,7b81a87480d245b7b5d190f586c4980b3a948a31325481f2ee6e1ec397709634,jev-1.13,0.0
da-test-001264,0,30424a44947e7c74a208dea223fda6c31e84b1523a030722a049f6a7888e9b01,jev-1.13,0.0
da-test-001265,0,fb8bf5e4999ecf0cc9570dd08618a4f099e429c9285517f356784163e6fcb4c0,jev-1.13,0.0
da-test-001266,0,ecc149d2e08db8a41c152c6543283fe916a8bed9ec05dacb6e33488f58516c52,jev-1.13,0.0
da-test-001267,1,d6a39e55ead4d8634f2a5393e30e1127ee44b0b0c952af832eb6d4e139a0c775,jev-1.13,0.99
da-test-001268,0,df7ce50b006de137d773f747c696bb832f099dfb79ead23735cd6b58015798e7,jev-1.13,0.0
da-test-001269,0,51931ef4cedb4102f2e85ec3c2d364907fc473fe5cf3517fc87093c351d655f2,jev-1.13,0.0
da-test-001270,0,2024f9b970084c40e2ff797987d02a2d95002dcef0ed286ca458261a27226c8b,jev-1.13,0.0
da-test-001271,0,6bea6831434675c02f667cb4c4ce97adf75c3d03a8aee7e98b8d771cb1105f9f,jev-1.13,0.0
da-test-001272,0,9a0a14e372707ff9480c79d16124e4334f3ac1ea7f49955b4dcbdade3c9da13c,jev-1.13,0.0
da-test-001273,0,74de84d68dfe594f3c279731be3fadc9f8c67b033a2d156a94ab49f57a513ae3,jev-1.13,0.0
da-test-001274,0,51f02ffffe983ff89965358f2a074f0fcd0de8cab8defa6252b0ff6c15f78b21,jev-1.13,0.0
da-test-001275,0,f5907e086f8f088c994911a8bf38f58fbc5cb5177cb6cc2625c86277030a1d4f,jev-1.13,0.0
da-test-001276,0,6ba08ff168f449d422ca150744855a5f096767e58f9e2027ba536e8993cd6f2e,jev-1.13,0.0
da-test-001277,0,030c86a9c2e2f616898652622d8b5f713353814d644801c521714782a44440dc,jev-1.13,0.0
da-test-001278,0,47e571eadc9b62933417f521d2017623c4d8ba99b0d10f0408b4bf7c7b3346e8,jev-1.13,0.0
da-test-001279,0,8e16fe3c7fb37452ba045b1c11ceeb73f8a059a0c6deffda6e1923ecc3d3f862,jev-1.13,0.0
da-test-001280,0,f89caa971196375ce6dc615870d604bff2e050c1c63072ecc128432eb4465037,jev-1.13,0.0
da-test-001281,1,f1399aa7bf2cf3f161a810a9a90b80aec7e20749457ae4d8bf96a98fc68de245,jev-1.13,1.0
da-test-001282,0,de98eff47dc23adf836245662be8dafb149301dcd92010306e2908c46b327917,jev-1.13,0.0
da-test-001283,1,451c872c171d9c31384d1c9356a09574dac373b3a3a723785707c72203873f6a,jev-1.13,0.99
da-test-001284,0,846c04223e7261a3e9791038603bad05ff26148400a02cd6a68ea4098eab3ccf,jev-1.13,0.0
da-test-001285,0,7b204ad882c895044f02c40f45ada47a44a1c3292b214b16d10b0a6ae4ff8fa9,jev-1.13,0.0
da-test-001286,1,35058fdbc8fd11695c5649d6f46a3c2c18954671ced351740965f70956e76d25,jev-1.13,1.0
da-test-001287,0,46a0a267e63e1a839c10b5b156d62f62f5c1d76abb582e1a3bfc3ea7d1869de4,jev-1.13,0.0
da-test-001288,0,6f2f5d31d1b0f21fc4824c881cf633017ac917936cd8dd4d618e581109230385,jev-1.13,0.0
da-test-001289,0,621a446921e0f6489bac59390bd727685d59d2719cb771d1e886bac05b743000,jev-1.13,0.0
da-test-001290,0,c3440038576299256762cba6b2211a80bc7abbbd5c14f654295b25fb0e0ea87a,jev-1.13,0.0
da-test-001291,0,b08723fd178ffa2feb1cf05c947e8ad98e36b3b2780f98121caf39ff95032e77,jev-1.13,0.0
da-test-001292,0,7cd1329dd4f87fdb164646bfd5713a46b3fc5bd36fa382cf6f5073102273a491,jev-1.13,0.01
da-test-001293,0,8e73e5806926441797a6b83e769d3c2f0823fe60017ef798d2e7a49b48ee1187,jev-1.13,0.09
da-test-001294,0,f4c77d77539403c86125e50d2dcac8bd9d500ee6cd671f4bcaac24e466631532,jev-1.13,0.0
da-test-001295,0,0789aae94826af18e34e285a3ccf55d2e28cb1981b17fd0264734a8693281d89,jev-1.13,0.0
da-test-001296,0,cf0d8e139f567092ada1e8ec890f64bdbc77bd587b7b9e5bf1565ea17c1e45da,jev-1.13,0.0
da-test-001297,0,59754b24320971fb8ab48c15c24276290c1f4557e60a4b05c2ee00e8a4a255d8,jev-1.13,0.99
da-test-001298,0,6302f4a17ea456ad18a17dce7fdf75b8bb01ba05be6732993324d5b3ee9599a6,jev-1.13,0.0
da-test-001299,0,a3cdd6b82858093f6183a2cf34abf14af1554101d6818c7219dfa6d69147420a,jev-1.13,0.0
da-test-001300,0,9ae27e5ef15d41b99b58e51cccc883fb7f31409e98ce3cba157ec9ab8826806e,jev-1.13,0.0
da-test-001301,0,366dc0fa21543aaac0b4526337b0f24c3b7513a437f079a9c533b8192460ac78,jev-1.13,0.0
da-test-001302,0,a27818d28bbaf62527117f5d1ee507a2f721011995a594fdb3fa551115793871,jev-1.13,0.03
da-test-001303,0,c65e09ba67bcb5ba48f36c651956015f8e9834f84cee1aba192f1ff684ec019a,jev-1.13,0.0
da-test-001304,0,cfd9ff2ea817246a5285c5a383a10a8b9645c2a0ffb3e6f42e403c3d0c0f2446,jev-1.13,0.0
da-test-001305,0,e82daac4f15a4bab6f47f0645c9a50081a9b5cf9954665a51bac31ce0d7c2cb1,jev-1.13,0.0
da-test-001306,0,11854301455f032ec421164bfe79a4ac228a60b63c17a3c659254c073733ddbe,jev-1.13,0.0
da-test-001307,0,56e0c94d737470fa90929d63540bd7be214544556e4530eac154d25a1cf486b1,jev-1.13,0.0
da-test-001308,0,ad805eb691d124083b07d715161e9dcdd80deba9135d9d0a080596236f90fc0e,jev-1.13,0.0
da-test-001309,0,8593f3e7994cee090c86a1766bd1d9993b4582ace9699a23a9c87e3d4a781084,jev-1.13,0.09
da-test-001310,0,f4068c966fb446683afd13ee9529c0985ef5e61c75a53261feed26c667352c0c,jev-1.13,0.0
da-test-001311,1,86d7f38f3e653ed98714daeeb2828fadb84d370b61ea721b9daf6c3a229f60af,jev-1.13,0.52
da-test-001312,0,1072f755dc88f0803c0c84c1889a51abe38d45484b05951fce1553e41ac3fc49,jev-1.13,0.0
da-test-001313,0,19f9a244456ad931091944de53a1d0c18584b6af12da1d1425ea69f34b0859f5,jev-1.13,0.0
da-test-001314,0,2cd56fe699871f25af84c76b26bf66343053722a7ec01f5d4f0aab617f702967,jev-1.13,0.0
da-test-001315,0,412886d10e93e5c1884b183668f8bab8aedc9a8d8bdc3b3295dcec9222933e0b,jev-1.13,0.0
da-test-001316,0,c0524dbc8117b34cfabb167cd97bffd2c321aa2ec9e7941d089739dec9a81ea1,jev-1.13,0.0
da-test-001317,1,b0f34223bef9d8b9c7da99a790dcc796569a2928d9a5f2f035a3fba0a310b739,jev-1.13,1.0
da-test-001318,0,b3185ed1f5dc453d78c8e0af18a7af6724793172e840bcfca79eac8da987d8e8,jev-1.13,0.0
da-test-001319,0,e65c70f8889fe703e27d167862af20c667633ad25fc20a489fc85d5b74106d79,jev-1.13,0.0
da-test-001320,0,03863e62b9d3c51a034b2ab2cc8ba13c9b268917bd1b1dbce5ce0a9d3ffe10ef,jev-1.13,0.0
da-test-001321,0,fd57ccdf0f166894a03eff07b4838187da0f892fe79b830edac434db4b7af696,jev-1.13,0.0
da-test-001322,0,248ad9e3170754d94b33189b2aaaa1c9447da0b27b16a69367198e0e4af2d4a9,jev-1.13,0.0
da-test-001323,1,109c3247d3e1fe56f9e53a61d9f7cc0bab881f0d8e6c821e1ce2d68a2995a841,jev-1.13,0.83
da-test-001324,1,386c51cb8ac00a3d4a17839d47f9994873f2513b10686c143890fa6aab22c8fb,jev-1.13,1.0
da-test-001325,0,6f84f203afcf76488fc6da08f5b852f292e259f08460ae86a39aa4f8e7945300,jev-1.13,0.07
da-test-001326,1,70eb83e7e9433123d1b0fae36dad72e353acf56b2c8fc6e86c3ccb6758ba77da,jev-1.13,0.86
da-test-001327,0,ad643b6dcb820cb8f28c3abe6154519091d5844b2f0b6061e30ef01d95aad7b8,jev-1.13,0.0
da-test-001328,0,ab7cdf46846b25cf505290fddfe264e8ae44b0c0764adeb85dd7b78a6eea5dad,jev-1.13,0.0
da-test-001329,1,2cfb6f04f7b0eb60a80e3e2b457a777557b62230ff1c1b240a6ef511cb992b3e,jev-1.13,0.87
da-test-001330,0,e907791080fec4809ef94de26d400d4bc0d2cd42a3176caa7923e795fc350100,jev-1.13,0.0
da-test-001331,1,4611a97a66fa7d0e7dff67ee420ef41b953f39113994298a368fcacc3f9758c9,jev-1.13,0.86
da-test-001332,0,0adbfcd9baca4bf875f762f3c914810acc24da43aded097dd4041a5cc4c48f35,jev-1.13,0.0
da-test-001333,0,f2ec04fdcd5439c134fdb7458753a68c9627528dd0a7637fe27d0ea829717d7b,jev-1.13,0.0
da-test-001334,0,6e08e6c9322e65e519c696f9ac6962e536fe90ccc54d3ee18fc64f6190397a6e,jev-1.13,0.0
da-test-001335,0,6619c9f044de1a5d38e6ee73ba529ada7f4d7842faeff2ffe773ba5cf1b3f455,jev-1.13,0.0
da-test-001336,1,49d25ac84afa1d96e17a1998aa9193ffc426de0ec442d1f9e0b54202c8bfe94a,jev-1.13,1.0
da-test-001337,1,e717886fac74d59a4a34dc3b9ac18ecfdca4809e7d3804ffd6e59610c7fbc0af,jev-1.13,0.87
da-test-001338,0,7f2ce274218834b30f53c13c6452ab76d0937a52d7ce1e57ad79a77ae57916cf,jev-1.13,0.0
da-test-001339,0,413b506c7fd391286d561e47885fb9db57d4f80e4737b7c9331b40693a7dc136,jev-1.13,0.0
da-test-001340,1,1f4169502bdf1f5be2cfeb2e8f66705154fa850c67bdf0f04e3f5b7cbb7581a9,jev-1.13,1.0
da-test-001341,1,a3a6b73fc5322a8c5539c26fd56bfbb6ac72265a762387f37030ba10d0ccced5,jev-1.13,0.85
da-test-001342,0,7345318ab712bcb16ebae600098378fde130c67f317b8aea9b0c026dab0881d0,jev-1.13,0.0
da-test-001343,0,867c4f1cfd99dcb80ae1eae4f75a5f854471e96620e051667ed1549b72b35c16,jev-1.13,0.0
da-test-001344,1,ce4b685b7ddecd4e65bbe5a457c5e1129c8533f3db52daf05eb0f75a982cf235,jev-1.13,0.88
da-test-001345,0,69ab471e37f2620370ef1ee5d493cd8d7eb25eed21ca5f6bf61722e1ad7af327,jev-1.13,0.0
da-test-001346,0,73536b3120b3c129620861c1d16c57339c2b39a632fc7995d11e12c2f21df7be,jev-1.13,0.0
da-test-001347,0,c4fc0ec0264db693ee09062d82e372efdf2186b4edb21c48bbd0cc28491bc563,jev-1.13,0.0
da-test-001348,0,45f7e46098fb4b5ba45c1332d438380094576e2c2387c5251a8146d0f6b9d22a,jev-1.13,0.0
da-test-001349,0,c07a310e9efed4170c33499a19a171a6d8e62f83d082f8aebe895952c9a3bc80,jev-1.13,0.0
da-test-001350,1,7b3fb42bcaf7291085a68f11bee51d9b07779726f784db8dcf1c07113072207d,jev-1.13,1.0
da-test-001351,0,094d64c0e3bc0d85a45987e86d76cb6b0676bc12a545ec24ee7b25adb857bf6c,jev-1.13,0.0
da-test-001352,0,2f2e585a6113012b05437ea1073b1b1af08627c1eda488a26ab7d95f33fba3d3,jev-1.13,0.0
da-test-001353,0,6ddfc7954298b2d5b6561b4680a8fdefd6d2151d7a0020885ac051bf2be9654b,jev-1.13,0.0
da-test-001354,0,d3c3e55c1a509cd968519ce9e0c410f2d6ad1fc91cb511b1ce5effd503a03e77,jev-1.13,0.0
da-test-001355,0,0664c29be79427dd759d3a959a44eda7200758e0a8c83c08a40a7d84d1e205e8,jev-1.13,0.0
da-test-001356,0,2b104a3b9cb2f2c3f947f7d1cf80eeae7330c6852fd1a1517f930d43c9033019,jev-1.13,0.0
da-test-001357,0,a8c32f6d18b024ca590bff25c8d2bc3aca9a7c96673eab28df98301df391e9d8,jev-1.13,0.0
da-test-001358,0,40ce64070cbbf93d5c3fb3a263c35d3a06f8069b866e01fbf0354176035ff0a6,jev-1.13,0.02
da-test-001359,0,395289fff32210851b13d8a0bca8fcfd24b6083ad52938af28a23716237dc206,jev-1.13,0.0
da-test-001360,0,8074af6ea3dbb41696124460da9e3b946eac151b75fc008222cbd23f44721cf0,jev-1.13,0.0
da-test-001361,0,94fe15e12c02338253cf04e88ff470332baddb6cd7b1a03dad046c7a6a9f3d1b,jev-1.13,0.0
da-test-001362,0,8da9dbb8f189dd467f87fb2be73aac7149132ded3c1f03399cc346c1104bf6f6,jev-1.13,0.0
da-test-001363,0,0dea42e2054b66ec41e92a52e944add9ecabdf7a6ba70fa458bfc5d08b8e0e68,jev-1.13,0.0
da-test-001364,0,8bdd5446326484ed92f85065614ba634fd31fc1478db272cea7f322a6d5df930,jev-1.13,0.26
da-test-001365,0,bc978992a762e2f03603680f65ddb7c8b9178e639cd4be0cc9ac17a2b5f6b7e7,jev-1.13,0.0
da-test-001366,0,f6055be296012fba7ce7655d246f7e105776e29c26f442d0495c8913c9e523a7,jev-1.13,0.78
da-test-001367,1,82922123045bb4e3548b773cb630a613ffa28014abaecd6d22b8838e9672040c,jev-1.13,1.0
da-test-001368,0,7f154100a3c6589b02584bc014b5349d16db35f5dbf5677bf1280cc3a9df72d6,jev-1.13,0.0
da-test-001369,0,dc535d3dc884cdce8a62c1cf153c5864c0e5ca3cf0543bb9179f021584543a40,jev-1.13,0.0
da-test-001370,0,acd2cbd8f1b2c4d0d252f65ebfe599f34007aadb6b85196cd3bd0a67e81ef2b2,jev-1.13,0.0
da-test-001371,0,b85407a675ac8343d8e6c25835c72adc9dab4df4ca9cfe513a21c924f81ad0eb,jev-1.13,0.0
da-test-001372,0,6742e5051769d55758215d2b28298eac59169f3254a75939b089531e64a825ab,jev-1.13,0.0
da-test-001373,0,f93c5c4bb3927ca737c0728e674ce1788e1f7af85f5bc5349be1722c01981f07,jev-1.13,0.0
da-test-001374,0,9473943e23a117379f420cf7ea66bb98c13214bbd5a0836b4e82ae3be9e3c9c5,jev-1.13,0.0
da-test-001375,0,6e0b6522170e2ebcc5ded091a8cf21f75ccd824df0b50064d6a944c2bed591f4,jev-1.13,0.0
da-test-001376,0,238a8e06061eae521908b61965986613f74c55f5164336e48a5f8952c70698b8,jev-1.13,0.0
da-test-001377,0,f8caef212588a643c5fb26725aa9aef8311b031aa8e17f9a304dbebbd583b868,jev-1.13,0.0
da-test-001378,1,d82caff92b16974ac6b7f4b0c1c287f866120fa3646d9514462a55da0231a073,jev-1.13,1.0
da-test-001379,0,489f45574d962d5b73f37021cc722d8628c9f0abf9fa1a1c8daa7f9888647e96,jev-1.13,0.0
da-test-001380,0,cd3d30ac61f33a026461f9afe70b36b900e25a05ed39be1254bda21980a71d1c,jev-1.13,0.0
da-test-001381,0,0f1231c46579664c3ed251eedbbb64a6988f6c44cce09563747e9d0b4915f252,jev-1.13,0.0
da-test-001382,0,1e9789dfb048c2280af261768e8dcb81c76770a85525350a8c5e48abad73e80b,jev-1.13,0.0
da-test-001383,0,17a44366fa5bf4f32b5de4238cc64afe865cc452c50edd9ef57b9692841107c2,jev-1.13,0.0
da-test-001384,0,2439f73f93d96b2282b4e4b34532915eb15ee2dc1f3ac55e333dd6956daf587e,jev-1.13,0.01
da-test-001385,0,9864ff1657af01bb8323bb987e9d97dcaa8819dff7ff708b39e8c4ce9c5b64cf,jev-1.13,0.0
da-test-001386,0,94b294d888bce262362fe325d59d3b42eac320eeb485f1f47bbe6df671a83877,jev-1.13,0.0
da-test-001387,0,8bed008e1490c2f5d713a02bf3766650ad361c8c3b2057427839cf072c9159c6,jev-1.13,0.0
da-test-001388,1,d6f4cb2cba33d84c94793cf8d7ab009db50cc5cb83d72a2eb6ab795d5b615691,jev-1.13,1.0
da-test-001389,0,bd29c170c4caf31686066920dcd3a6f173f1188a41bb182512ebf3e57df5bad9,jev-1.13,0.0
da-test-001390,0,3ca08371da60f7ac057bf88ce5a8003e6aabc0f0ab323569b6232f6caeaccee0,jev-1.13,0.0
da-test-001391,0,ec9570e89d333fe11f584f54ff34e9afb668b87e64783bcd1f0a9332731542ec,jev-1.13,0.0
da-test-001392,0,09b48fc121f34efb81d39796b53f04ecda1d4019302516f1b9a047517b32bdc5,jev-1.13,0.0
da-test-001393,0,b86fb67f836382b3ab9214d81ec94817e78557cd53b01fb6a8569040dd9709f9,jev-1.13,0.02
da-test-001394,0,e3c6ec30e2564174fa716a802a5af89185b0cc7494e7cfa1474b88760094d529,jev-1.13,0.0
da-test-001395,0,cc1941403483dd74b5b25b822240653ca8e64a75a776faeda5f92dc8807824f2,jev-1.13,0.0
da-test-001396,0,79cd76014a49604f459d78b4b6d11a9e0e326a77a4f6a9f0525e7c502c6dadac,jev-1.13,0.0
da-test-001397,0,312870cc377fd85cf248459c85bf33b723b67e093608f52b913b85e9cc93af84,jev-1.13,0.01
da-test-001398,0,052c7a3a3db8e7c57c5302c63c02dad68fb4d5e0da2f19dee8e1397890c68b9c,jev-1.13,0.0
da-test-001399,1,3968d784abbf82061e1f82e6721f90cd75e89cc1abc337bb155aeab21d9dd5ee,jev-1.13,0.93
da-test-001400,1,d869f1adfd6dbe7d7d7c91d71954722a1d13ce6d12c771fef56ef22e418501f0,jev-1.13,1.0
da-test-001401,0,26e54f448b913788d57feff8b30cf2d8b31e9e418b29c9f6fadd93f7f29bbb05,jev-1.13,0.0
da-test-001402,0,3de5a12710a20cc63528a16dfa038b4abe3c242c1bcd6b67d45924929684740b,jev-1.13,0.0
da-test-001403,0,03353eddf9e0c79522768396b9440be621a5a0853ef297e617b41a3ac0838e14,jev-1.13,0.0
da-test-001404,0,159fd293089846c2144162c5c0a8e6f4e73a65722d8782b9754462268f6f58ce,jev-1.13,0.0
da-test-001405,0,5525910ef8de181a6882954a89b15051051c50744f0b9f9e9e0e0066dd0a1c14,jev-1.13,0.0
da-test-001406,0,f0054503b2cff8b9a384e9484912d4f7480827318aea0c0ebb88f89fc5006205,jev-1.13,0.0
da-test-001407,0,fb7f8fed8402f6ef0124b2a0339ad138392d5db782c20cbe8b2a6e4164173adc,jev-1.13,0.0
da-test-001408,0,b4892acbd42b108026afdceaee203f363776eafcb3c710a2f71678284588a541,jev-1.13,0.0
da-test-001409,0,ea0661a0d0e0d91f6eda23234c66843d6b3ac5148729745945d51de707a17f28,jev-1.13,0.0
da-test-001410,0,5d52a7fc6658381c1b3d9890989dc54ffe0a82956cd96d6df4cbc8cc84284a60,jev-1.13,0.0
da-test-001411,0,e157f0596e7cdaffb48be86b3b07e5c562ec96fdcdc2bfc9c8720fe641f8616e,jev-1.13,0.0
da-test-001412,0,bd7f287cecfc4881081974838820442d8521ef41c2ee555941409f7f6cacd5aa,jev-1.13,0.0
da-test-001413,0,47f05fea6253ffb6d787654350fcb9d729fc52726770cb454ce8ff9c51676c82,jev-1.13,0.02
da-test-001414,0,43719938047496680f38129c7c94f299ed0103a0bae5ef3b8f1e6a9d3a1a0206,jev-1.13,0.0
da-test-001415,0,d61885510b671436f0973c5ed7eda66aabf6919af5789e24dad3d0da33d77644,jev-1.13,0.0
da-test-001416,1,b75475f8660c8ddfea9a543fb15efba33e35bd4abef4140736fde1ad51663064,jev-1.13,0.81
da-test-001417,0,5db9d25b5400b5c26ab5664aad9da11628f5c80384e4ae6d71437b2d48a80ea6,jev-1.13,0.0
da-test-001418,0,1301c7034bb924f862c5908210d0aecd5e27f52cc53820bc7775af831eed1784,jev-1.13,0.0
da-test-001419,0,703ec21781c0e3b0e5f99758b8c7205ce0d07e57c9e352fc2f38aa2443eba666,jev-1.13,0.0
da-test-001420,0,49dd8b18568c77c1a521420d9ae26c1bc6456d57f8fc525455e7a703f44d16da,jev-1.13,0.0
da-test-001421,1,0bab9c28bbd4542eab6ede504653f1037a1e524139235e0efe4765e1f68d475a,jev-1.13,1.0
da-test-001422,0,d4ef73156c6d490cb97260e9f96e4714d885c9f9184b16ea770286271cc50afb,jev-1.13,0.85
da-test-001423,0,140467dab896618130e330f611ccc31d0b39940aade1c2533168e2c548d888c5,jev-1.13,0.0
da-test-001424,0,62314a839f0463a038c716f676dfb4fffe25ee507ca90dba8985e2d24aae9aea,jev-1.13,0.0
da-test-001425,0,376a8d8a722bbd405c4819e4fd77d768f15cb49fc0f1650830c8a90461d3f3f5,jev-1.13,0.0
da-test-001426,0,430ce59d09c6330aa8a0ebd7fe6b08ff59ac3d875f38f06297241859df61f470,jev-1.13,0.06
da-test-001427,1,4c04a2412283ddd88673baf0860ab32f84294ab6165b182cffe1c3d519dfe725,jev-1.13,0.99
da-test-001428,1,9e8d401d63d234f89b2426f4369e47258756e410ac808ec75ebc0d21d92944f2,jev-1.13,1.0
da-test-001429,0,3020f56cf2e7dc43ecf6a0088afeb461776a1e00320c1cc6fb71917e0b8bc98a,jev-1.13,0.0
da-test-001430,0,be993da90646dadb72a7c530dca4699520ed9204f709bb8589d51a19802f6eac,jev-1.13,0.0
da-test-001431,0,167ad389735d11ba9f574ff2e79e4e68e04d711fb4d1452bacac0e13b0f2f42c,jev-1.13,0.0
da-test-001432,0,6360531b65badce45820ab7c96485106d84cb0a35b71bd15bacb6d9aa7204f86,jev-1.13,0.0
da-test-001433,0,890209fd0148969bf827ccffc17fa8897a30dfb87d2f1de955962b6729b60347,jev-1.13,0.0
da-test-001434,0,dd5d6682fb7c73e19ad800998c49e72810fa30ffef28cb05312356f036381b47,jev-1.13,0.0
da-test-001435,1,b313e272599ed5bb6a5798a02e194a2c47b2e584d778d2f3fad8ba6097eb1d7c,jev-1.13,1.0
da-test-001436,0,af72b96e0c4ecc3f19869ab2fc08cfb6175951124cd9e25652e7da8beadf38c2,jev-1.13,0.0
da-test-001437,0,e1be277ea46c6f30c7cfede31fb4f784a0cab942deaaca538c5c6a08cb3270ad,jev-1.13,0.0
da-test-001438,0,17b05ec7234a743314b17895b98c026df7cb5210ed1b05cec5ed13b32667d3bf,jev-1.13,0.0
da-test-001439,0,fd1091078dd9ea1e3a6a0c5594bbb32db8347d40d5bc90f6be8e98ba985107f4,jev-1.13,0.0
da-test-001440,0,4dd52ed3deb45bc5b48a7c285840c559738d27857301cf20fb8fa8611229fed0,jev-1.13,0.0
da-test-001441,0,abcad73de85f0e74f49575bc5c61f4461a52790ed2b9d54c7bdc9dd51d996d30,jev-1.13,0.0
da-test-001442,0,c76602911f1f152a3aeb46c88e20597776e64069fe1cc9d48d243f651b62dd3f,jev-1.13,0.0
da-test-001443,0,ec6097e3f05faa2f167c1f0b209afc10ba49be97f2a85e758d21e284c9091d30,jev-1.13,0.0
da-test-001444,0,af89956e1fce3f216868e3b8ad53158fa0a02719c9c70ec451cfa26db84096f8,jev-1.13,0.01
da-test-001445,0,61a11b7984d8da3045d13516cf307c6f63c50be89c11f394fb24915a81318cd5,jev-1.13,0.0
da-test-001446,0,5378bf026ba38f46f76a820d03944b14da52e88bc6c5da03aa2f6d3dd201ca7d,jev-1.13,0.0
da-test-001447,1,f2d14b00c1a15a4751b8546ecfdb64d75f1efcaa695a2686f18e9cce85543292,jev-1.13,1.0
da-test-001448,0,6896f71b86dd0cfc58ba21a2519302f966aae887d3f10dc845934969c78ba07f,jev-1.13,0.0
da-test-001449,0,ee2d8a07c9df7cae7fcfb5ef956e8c6d3c410c70927b6b7f7aedded1893ece0d,jev-1.13,0.0
da-test-001450,0,a5b9b2d209cc3ca4521e699aae0ad284264c89f52a839230c9afc4fee182c29b,jev-1.13,0.0
da-test-001451,0,558df89180b7f716eebadcc9e3f144a78c531480ffccb0b3f5323bb3a85ef855,jev-1.13,0.0
da-test-001452,1,f5d8fdcd557fb917d18d789669b5d7537a458771b6202a62294e6652cf5a9b00,jev-1.13,1.0
da-test-001453,0,51092cf0b965c04da011cc7771d86e40628fb9746b7327c76521226d4bb74409,jev-1.13,0.0
da-test-001454,0,49df62a0e7922ae1504412d71e5ffb318ff34f32d23ac1c8f199093156366683,jev-1.13,0.0
da-test-001455,1,532f22abab2d5f6aaf46bbe6281b56b224da44deed711a4f36f457887d227eef,jev-1.13,1.0
da-test-001456,0,85925ff8ed81a5810055152d33cd6f1f9ac8e8195998d935ae1a49889e019538,jev-1.13,0.0
da-test-001457,1,f8487e599d48d2a5d421228d60099297a866db3bca20d8e460e981a52e6807b7,jev-1.13,0.74
da-test-001458,0,f8dd7edf1009be7d44f687a6951abeafa583543851bf1bdc4b92866cc7c0d2b3,jev-1.13,0.0
da-test-001459,0,12e428e2284ebe63a9bf66a004ca3d3e8a9924961306a4e5e3de0de90e89a5f2,jev-1.13,0.0
da-test-001460,0,6a7240dff93b217a97ce393fe054015d077527dd133ba2f1be64d84165d5afb9,jev-1.13,0.0
da-test-001461,1,921172f99178fc0096ebb44019733875da62a63d8eea7b85f3f032120a342884,jev-1.13,1.0
da-test-001462,0,254d5799d4a81680c62ee82533b611ae5921b9716c49f9ffe15f6d7182d78dfc,jev-1.13,0.0
da-test-001463,0,295125f7e18437dd9c638cfc178133bf3cecbf33160e459428a738fa53942ebc,jev-1.13,0.0
da-test-001464,0,f7860c224ea186be43286241091d70eb5c2a8f01af4d05664bfc689fb86cd517,jev-1.13,0.0
da-test-001465,0,050f4f9ccc4980ce00b9be7bd6ff80c431a1f9e44040622073439815a3b6a8b5,jev-1.13,0.0
da-test-001466,0,22f2170195183ce279e8bc97ce46bd83201e9c333a06a95c003cce071ef4fb55,jev-1.13,0.06
da-test-001467,0,744ed8e70bf17a274cf05db22a59c83ed0de0856ea13a6a5dba7333d10a6306b,jev-1.13,0.0
da-test-001468,0,ff4a8f6d0637809f2bc7163351f6f744a4fcb4d6ed3848bdc45e3d5883464245,jev-1.13,0.0
da-test-001469,1,cef9e7e2ad697e76915056a430d4e777fc2cbb7a8c4b5a15e0743c926312eef6,jev-1.13,1.0
da-test-001470,0,b6ca2c8e7316a94ec4cd637d5ba884dd355c502a064fe316342c205b275cad7b,jev-1.13,0.0
da-test-001471,0,230be9d69f5cc4f423507b9fbdfddb345b2d08f426552f262c0dc2ea9ec1038b,jev-1.13,0.0
da-test-001472,0,c68656efc8ee510e961e8fcbb9d6f37291e2b80262e963ed77839d8eb7958f7a,jev-1.13,0.01
da-test-001473,0,6d7e5ad6332e1a61af19fd8d9b393fbfcba9cac29b93c0fc05708601986a17f7,jev-1.13,0.0
da-test-001474,0,1212a71fa8c21d7b03273d7112969c70db5ffaa7294475d38da56b1195378295,jev-1.13,0.0
da-test-001475,0,27a4e4a95fdd2842c956f074923546da18a4bcc978cc12cfcee26a12709989fe,jev-1.13,0.0
da-test-001476,0,a7c5fcb2e2a693cfd34e412df5403bd0959c098e297a92a3203b8a3f3357713b,jev-1.13,0.0
da-test-001477,0,dc1c845b837189d1216a7f614511d269e79f413a7203fdd9795632bf7c2b0da6,jev-1.13,0.0
da-test-001478,1,550d8c058d85e058260e0799a49154d9745c6ed5499c281853cdfd1272a0c8ef,jev-1.13,1.0
da-test-001479,0,82855ce9cfcdd32da82693d74e052397eb221a8fc582d5c9da75e6870c6ceb02,jev-1.13,0.0
da-test-001480,0,5a1c6a2ee8a3e7a49ff77f2e06b593cfaa64fabe4b54e5854d41cd30e7713add,jev-1.13,0.0
da-test-001481,1,844bd0f1e4a2e1b3298e0a3492851e95a18ca522f781ebeccc4014a8f5d1beff,jev-1.13,1.0
da-test-001482,1,e2e06b814f309ab2665d6f8817e04e583bd76f73ccb245cc5278f78854ef92ea,jev-1.13,1.0
da-test-001483,0,6a3fa38f87af9afe27beeeb23bbfbaca96ef738189c757d146fe233ce1356d03,jev-1.13,0.0
da-test-001484,0,48727434e6b809e686b86d2de940a30614fc771e921641a679f375d217e94a66,jev-1.13,0.0
da-test-001485,0,82bc0d88992697ea949af73ef75d69db8d55592639488b66c7dcf5c732508ec3,jev-1.13,0.0
da-test-001486,0,2d65f72f90f8977d60e7a36633d8fff5a82a5b696949fb54820b56e696417779,jev-1.13,0.0
da-test-001487,0,dcfb524187f24131401c5e083fa4c1e61cfdc87f70385eb7869281837b52b694,jev-1.13,0.0
da-test-001488,1,a1dd18f6d5fa3fb7672b044d59341d226edc443f9ed228fbed317b6820b3032a,jev-1.13,0.93
da-test-001489,0,6351c22007b4b42a79f8f654e742dfb54ba39ca26fbc769753b5ffa0a40caee0,jev-1.13,0.0
da-test-001490,0,1b8d1705946650b15333ea37a83f1e63519964df97335670dbb61e448cf92c97,jev-1.13,0.0
da-test-001491,0,6cd51f28a420f36e013e4a00410fdd334dae04ed64989e27ed52a1ad73cd05ea,jev-1.13,0.0
da-test-001492,0,1e81065dfea4b8126deed0307fc8522c0b200ffe01e249dd2ae95a8cac8df26e,jev-1.13,0.0
da-test-001493,0,61a2bd7788136810b445cc3e521f791e26ec58727dd2e254ebd765736528fa24,jev-1.13,0.0
da-test-001494,0,b2b39c000792355f3c9eac1f7423402aefa32f042eeb3fea7d349bc71114e03d,jev-1.13,0.0
da-test-001495,0,75f2f8ed02662aaf3105b1a4741c8663963a045d3d63fd6c635ebfd2e7431c58,jev-1.13,0.0
da-test-001496,0,b2002633921654b25958579468629c15e2ffc8a808fd4174a2ca0922e8edc383,jev-1.13,0.0
da-test-001497,0,ea49746af02813bed5b1a16e063ca1f956be2da165e6b9b0e36d9af354618726,jev-1.13,0.01
da-test-001498,0,84b46f83d706c1a3625cb15519dee97c40436b669931fb0b0af833bb4536c98e,jev-1.13,0.0
da-test-001499,0,03bbb18afdb4b136bc07b72f5ccc4cf7ad42b6cead81a4e452677e293cab887c,jev-1.13,0.0
da-test-001500,0,3f7371cd3cad627e4185326cc845bff23b8553e94ae356b6927d92370c55df5b,jev-1.13,0.0
da-test-001501,0,41391622e19a3c7f207974de88d20090beec238972e9c48597229a15bde23937,jev-1.13,0.0
da-test-001502,0,ecfb4ae0a600c848dd38be4f15bbaa8d40e2d95293dcc4f8981757d600e67dca,jev-1.13,0.1
da-test-001503,0,0059a3895b7f1f936f5848e8889a69e496ee5149622474d825c2759c8afddec4,jev-1.13,0.0
da-test-001504,0,a52f90b42d1efeb623ca083cc053191c0b3c2b7e862b4e2cc3ab9f6b6ba7e810,jev-1.13,0.01
da-test-001505,0,68742e555f72accedeb79a1fa7f572c1da3a7469dbc6f57e8b0750bd16cbe93c,jev-1.13,0.0
da-test-001506,0,f613dd93f8d9216582c5763f1b5e10b27fc610029fcba07f28f54b195969878a,jev-1.13,0.0
da-test-001507,0,1651d884a8e9f2174de114a327aa908112d1a05f7d804af0ddb7039aac4156a7,jev-1.13,0.0
da-test-001508,0,917ebd8ffb59b5f19d90103b4b6e6f4c81c2c47e4d3df06757d93f3cff5e01f5,jev-1.13,0.0
da-test-001509,0,d642335b689e5a72a08fb90ebda0605e91de63f1e2f6dfe7022e421ffe8003f9,jev-1.13,0.01
da-test-001510,0,361158e51c5c7070a9b5596a2edb4c905613a47cbe6aa4f3a7fea20e1516f70a,jev-1.13,0.0
da-test-001511,1,4682b2988f7029c7dc4f51cfb2e711291a19983451c10a735ce21b5b4f425098,jev-1.13,0.87
da-test-001512,0,71dac8cd358a74346e364b9a795c07b7857e7a082708304d6b5a138c6954c6c5,jev-1.13,0.0
da-test-001513,0,892c28a76bd0c6ce0d05e9c2787e0c992780f8b5da23113d1efe6f744cedd001,jev-1.13,0.0
da-test-001514,0,08667d2195532c4af09aabf95f19ca113dbf26047a61b410ca89bb70559a4c5e,jev-1.13,0.0
da-test-001515,0,3d670e1fc91f74d3b4fb2f6f72ae575f4dd40af286a449ebdcba54afe777bec8,jev-1.13,0.1
da-test-001516,0,0ed95559335d879279063c608291900b44614f6bf8755b3d10bd31e1dab08ce5,jev-1.13,0.09
da-test-001517,1,9b05d67a5ca5dd946d44f6bd338250f5aca57a48c428337ef683da5af4d52785,jev-1.13,0.74
da-test-001518,0,3b463d563247ec324774cd72c08043ea3dfce038f3cad5cfc401f30e55ade7cd,jev-1.13,0.0
da-test-001519,0,8c87d3f30be17fc05a53d0dd39a4cc3c6f1013f6db28e05d518e916a6dc3a76b,jev-1.13,0.03
da-test-001520,0,cbb08e27adf528eafd352485c8ffd19b64e1d616fc4331e1ba0e5823a79e120f,jev-1.13,0.0
da-test-001521,0,a73465376d0dbbcf78321285855f3835f1e2178ceddac066ff5b82308f3943a3,jev-1.13,0.0
da-test-001522,0,9e0c3ea4c1b9b91e6d0a0c6e6378ed06007df69fa1fc8953973c9aa67a10eb0f,jev-1.13,0.04
da-test-001523,0,980bf80915559b8492dc10e3381b124749de9b910e7d8340ab76cb173efe2c98,jev-1.13,0.0
da-test-001524,0,b51abe2e656327ec33f9ca15e6de3a0aad45cef9cf33be200536d852660ff76a,jev-1.13,0.0
da-test-001525,0,fdf03c20d9829b28b2e0803d8faaf515f370690e81f626f0cf199be4cab32f90,jev-1.13,0.0
da-test-001526,0,84852b60337264c9ef95cecf84e2adb9cac16bf9aabc9372724da23fc2a7773e,jev-1.13,0.0
da-test-001527,0,4780c05f87d702c9f2c80ee196350de2deda7d1cfb47f1434a3ecf0a0789f83c,jev-1.13,0.0
da-test-001528,1,c013efc1e9e23b3f43504f9c7115106582dfe61879df29ff23b4e5d56a3f325c,jev-1.13,1.0
da-test-001529,0,e194e06b513eb2875ceb1a54d284f53ded6411ef032b448da425788a4602b86f,jev-1.13,0.0
da-test-001530,0,71780b97bacd7a0c0c3f7da35c30ceaa4510ffe854d01ef3b7b35eb3d0631fed,jev-1.13,0.69
da-test-001531,0,672f5428493516250a29234471b74352ac469f95c57ae498ba592bf87eff93c3,jev-1.13,0.0
da-test-001532,0,ad69cbbc135cef0caa73571f51df04e349382cd51eee88cccd291cb5bba5f406,jev-1.13,0.0
da-test-001533,1,b45558e676d479696eaffb0f78979d337e6a5e541c1f70a6a9a94e6d44d8e4a4,jev-1.13,0.87
da-test-001534,0,59ac948c23f2cf553fe490d19dd9a3473af5e89f4abd178607b6b1399383bc74,jev-1.13,0.0
da-test-001535,0,3006ac002816a112df863ce1bd3e57a7f5d32b4fa9fddea40b6550d477af8f71,jev-1.13,0.0
da-test-001536,0,1aa37d315a345adf7c47b3965a1b6c19a5f9aa41f898e97d7b842d1e883c0fe1,jev-1.13,0.0
da-test-001537,0,40bef40dedcae9bb74430455c8bba326f48983974fa40abccd03c4e2f175cab2,jev-1.13,0.0
da-test-001538,1,bd8544971a92aa003d26b7b03335625f13741519c4fe2953817ee3e562463e4a,jev-1.13,0.87
da-test-001539,0,727d2ac185172139df80caf07f77594dd86799652ba624100c22cd75e6d435cc,jev-1.13,0.0
da-test-001540,1,0c96083189b5c26a0b54ebf043fcd9a81b27feffe1d25ae022aeb73186ea39c0,jev-1.13,1.0
da-test-001541,0,855c6a3bb66a9e3cf74560f6c4f9744dd444a3f8c606f7fa59532c3738f3337b,jev-1.13,0.0
da-test-001542,0,e06df0c1c01d371911a67b23e7021f4a3f4a5666777a26fbf547e40b4377ad41,jev-1.13,0.0
da-test-001543,0,9bab8e81e497b3c7f43c02775d4a85338e1d1c5c51571cac615a24609a95b280,jev-1.13,0.0
da-test-001544,0,2354170d827d4c4b4c5bce3d6a753c0b2181edaeb581a5fd33025e37c2eb9acd,jev-1.13,0.0
da-test-001545,0,170c6a66861075bc6a9bc7079e567b4f6ff18692b0a49895341f5d3b1c41fc4b,jev-1.13,0.0
da-test-001546,1,90c45bfd51b46b0e261fa78b4e5f0514547a780dbb73d6655aa945aace2f7db7,jev-1.13,0.99
da-test-001547,0,caa0a4b2f957d79a74e71722c114d4c203c70083ee75624e76c90c9ca273b3dc,jev-1.13,0.0
da-test-001548,1,71e60ab4967b6f343219523d93899b78883ebdd5c30ab516452e854b3ddab558,jev-1.13,0.9
da-test-001549,0,76dd523f3380e91f8b6c9af4f4af7dc91a4a195914ae327220202ffcafc70df4,jev-1.13,0.0
da-test-001550,0,02b0886cce6eafd94ee18e7b86b011b14c6d0e3b398df55b53204bce5a610426,jev-1.13,0.0
da-test-001551,1,130ada9e49b6b2cd545a56536d9af97005c02e6dda2424cc87d3721e81ffc842,jev-1.13,0.86
da-test-001552,0,06ac358ab48bf4f7b86b02eb14963c53b597e32b0f9d7adc8cd8243048e1ec4d,jev-1.13,0.0
da-test-001553,0,a9e14a09ca49cb6a9f6f744976efab39b09bef0b3fd9a554f3e8c62e3872d955,jev-1.13,0.0
da-test-001554,0,034b8ef88aa2c1fdfd867a2f5bfb24bd6bd3c8605f3605e257bdab0cae633144,jev-1.13,0.0
da-test-001555,0,f19145a99dff6d40bda387b6d6088bdae5ebfe2b9a999e8f944cd3bd3defb07e,jev-1.13,0.03
da-test-001556,0,429555d318e25cb257953b829fa566354183d061ee5d1a468bfa50988a5ec544,jev-1.13,0.0
da-test-001557,0,a5eadb7124b9d60af061600d1122c81f77ee0d33adf6ce1808fc4552a0b659f3,jev-1.13,0.0
da-test-001558,0,0bda47b2414017c2aa49c1017931c3a2af483802f842ddabee68e074f56d94b7,jev-1.13,0.0
da-test-001559,1,af483ec9a29acf73050ea4592f888e91fbced88c04119e4b4fa525fce0841a42,jev-1.13,0.96
da-test-001560,0,8a5e6102b7172770525fad340c1b132e37a2c833663ef9eaf4fcbde723de124e,jev-1.13,0.0
da-test-001561,0,383c198112895109ee7641ef2bed3299054aece0714f77b394f5e2e279869daa,jev-1.13,0.0
da-test-001562,0,53a4fca38dfd6fb84f1e5d1f6bb6a16488ab38c7133de4cc5634525b9c722129,jev-1.13,0.0
da-test-001563,1,b0472c1b20bbb776e887ab719a5b558e6c2dd5bb910839510a642b8dc6d8ea3c,jev-1.13,1.0
da-test-001564,0,5d510c8a525af5d2038c6170821341fef5341f54c6f1c0403b904e18ccbc5761,jev-1.13,0.0
da-test-001565,0,5630e5840f126df36a2e518bd01b0a979198b6fa222a743373fa9263e4054dac,jev-1.13,0.0
da-test-001566,0,98b64dc69856976db014561786fa03a401b601dbc9fbea2daa3b21e8826d6c6b,jev-1.13,0.0
da-test-001567,0,f3d603d0451650ce783a5be2af02d81b8384251abcbf0e2fb6393520d7dc9013,jev-1.13,0.0
da-test-001568,0,adcbf31530f7509e1295ac062c189675e5712d7525c81108d8a97f42ece8bd89,jev-1.13,0.0
da-test-001569,0,7fef917595f5408796a4663f4d4eba7a526c4581e55e03603869253e878c0cba,jev-1.13,0.0
da-test-001570,1,5a9f47aecc88933511b3a5f022075109ab4b52b6403a609d26beac463385d1a9,jev-1.13,0.99
da-test-001571,0,7a4632d68d811881675d6d462d9d44c9c0cf613b6d425b4fcd1fb6933d23cd7e,jev-1.13,0.0
da-test-001572,0,4f4bd5e2d34ef7e93f5c850593effd9c651b847aee7259ee02235497025ff4b1,jev-1.13,0.0
da-test-001573,0,12587297dc3245ab240cced8aa8fcd239ee9c744fd04fc04377b3ae49e5b860d,jev-1.13,0.0
da-test-001574,0,61892e701cacb2344a96f129b94990bb7ee5e350b25fa7ba35b3977ad05743a8,jev-1.13,0.0
da-test-001575,0,06e82389e491dcdf460eeabe17f797486d7bef1b56af7194be2ac4b71ad1af62,jev-1.13,0.0
da-test-001576,0,db62a1b475df13dab93c864a31c654fefab665da88236e615440f5960b1fc078,jev-1.13,0.0
da-test-001577,1,e822bf27bc46225deb1355bbf13a7a3588cc54f96398b15c57560282e6c12254,jev-1.13,0.58
da-test-001578,0,cc93b6bbefc1cfb60f2d3139cf46e8e584fcbce865e94a67327ed2e776fa99cc,jev-1.13,0.0
da-test-001579,0,c8635db378fc3f58d2c765f73a11a1e14e8d71105f8e7aa903d330820446e598,jev-1.13,0.0
da-test-001580,0,9b2643dd35fd0f5dc5a1e002170aa2af1436b248f471bb1949713ea7c63091bf,jev-1.13,0.0
da-test-001581,0,7cbe255717991054e6384501728c390bc8edebf97462007f2a5ca5c22ad4df3f,jev-1.13,0.0
da-test-001582,0,5b325a25aac189b0658bf36e113aec41183d3dec91d3f7c1fc377ef23e889aaa,jev-1.13,0.0
da-test-001583,1,b16fea88ae1c02de9061376ccbc976804bd006c27002795c55726df9f7098d79,jev-1.13,0.91
da-test-001584,0,2a3d4b4cdd2b5df34082013416184dee0e0d625c35c2561b48dd0bc992a19599,jev-1.13,0.0
da-test-001585,0,2e17b3a731a6b3177d8b6a5d89e5c126d9e2adbc4b547cada9ad457b5f8f8744,jev-1.13,0.03
da-test-001586,0,1892ada0feb947b2874c05782a85d2821cc50954a7642434bac8ee66868e085c,jev-1.13,0.0
da-test-001587,0,1fb66cff40d495ffd6716eca356895dcb79db58758b3952be119e44a4f0b265d,jev-1.13,0.0
da-test-001588,0,a41f6aa3bde67e5c69644a37257a5f2cf6690b84e7aa46cdd0a9f841eefb1d1f,jev-1.13,0.01
da-test-001589,0,0d094b101dd270c783d2e4d2833ee292ff7d9d59bfd25a302e2c9e833dc90ba2,jev-1.13,0.0
da-test-001590,0,c7773013bb8bf033f5343691bfcb7e54e475912f86f0d773d01c303093f067c1,jev-1.13,0.0
da-test-001591,0,cc00db247b2b127c23af0816ef589e56dcafed5ae37375eb70be2fd370b50633,jev-1.13,0.0
da-test-001592,0,535b2eb393071cc37e1d76017c35070afd99bb1c9bee6cd8e11ae6db778bb3ea,jev-1.13,0.0
da-test-001593,0,7a7be9dcd5548d18590d840fc70553aa3e28fcf138801c93584041ae4b7cc40f,jev-1.13,0.0
da-test-001594,0,de58f6efa5d58d806f3a50310e7ff333daf8c9ff1ae52af1478fbc819e1bf863,jev-1.13,0.06
da-test-001595,0,fd0115f4280c1b52a856c8d470edf3a09af0e77140d962818f79a280d0fece90,jev-1.13,0.0
da-test-001596,0,a0a74c8fc2d64cdcd0c33dc7623b054a766bd5afae1a83cbff6d11350c505271,jev-1.13,0.93
da-test-001597,0,5db4b8d5d39a04dfec1675e7e9e85989a807fdcd9fe1f53fecac22832522163b,jev-1.13,0.0
da-test-001598,1,b07f33cdbfb79f9419871fd65ff7acd01e4308755bb8c64a7b42d4d0e51f54b9,jev-1.13,0.74
da-test-001599,0,6cd58af9b250dbc8ee41cbbb8b9de5f8759ace9df0d074835cee26dbed2f0c53,jev-1.13,0.0
da-test-001600,0,4603b3c18a0221b12ab3842df45722c31c65245ca3ae00d9b6086b958cf1703c,jev-1.13,0.0
da-test-001601,0,72cafa98fe06d54784a225a3cab8bba637280c3915400c442ca5ea3987b53571,jev-1.13,0.0
da-test-001602,0,0ed95559335d879279063c608291900b44614f6bf8755b3d10bd31e1dab08ce5,jev-1.13,0.09
da-test-001603,0,ac7889e3907dc00745f2859ceca68988ba1c19b3c7e119eda5492783b0a77920,jev-1.13,0.0
da-test-001604,0,c1c1e38bd56c545c18158da1efa5f5ee10891b4b2ea327919b4d62d22c887d2e,jev-1.13,0.0
da-test-001605,1,8af9399142b750457a13cd23cfee569c317e66689018caab3992304b03473b35,jev-1.13,1.0
da-test-001606,0,1c49e72519b0a52e2bd54d5e815bd973c1a16bd65da32909bb57570696af9a26,jev-1.13,0.0
da-test-001607,0,f6a246c847ea5eae264feb6b2eb58561a2e67bbeeda40ee82475ff61b9bb764a,jev-1.13,0.0
da-test-001608,1,e357187c27cbefcd076cb72c7e1df6f2c7e21573028d0bc1c6f8c0502e8f1804,jev-1.13,1.0
da-test-001609,0,06f66df3179fec51303aceb532050be99c299b0eb3e0c551910a5790c994df9f,jev-1.13,0.0
da-test-001610,0,1b59407e1e65ce939c888224bd9885bb216ce36480bfe319bf818e9886c65828,jev-1.13,0.05
da-test-001611,1,b28771c682dbd4332c82f1bef2bf210d9c58dfd773976fcd5b2bfb6cc604eda9,jev-1.13,0.95
da-test-001612,0,153dacbb200bf67c0aa757d99b8de239ebd28a4c7ec88e0696f64a539dcf3a80,jev-1.13,0.0
da-test-001613,0,7f3adc5dc33d9f24c27c804ace8aaf141f5137705c9e38394f39311859eb5e77,jev-1.13,0.01
da-test-001614,0,eb6f648b3d35c2e799db28d3e2109ed754d27db3b3db9572d2a43872e33305bc,jev-1.13,0.01
da-test-001615,0,63931a88d7d7f4e6568d4545d15c3d356b8e4005bedaaf3d9beb00f50585a3a6,jev-1.13,0.0
da-test-001616,0,722faea1eab965ce664675192dacdcb16608cb30dd47920d81f4127603877cf9,jev-1.13,0.0
da-test-001617,0,2153d7ae324add429bff7978f6258fd31554564fbfe4f19a5d40a4e6a1ffd37f,jev-1.13,0.0
da-test-001618,0,93e835f3b1e96fea1ab345a80e77fe78c42ac354f3273acaa14fea6402d525a3,jev-1.13,0.0
da-test-001619,1,8d308c94479ff2f52dd1e6b0899c17ab5b932ef3bb5ca6799d18106d1a734436,jev-1.13,1.0
da-test-001620,0,a675e89326107ad1713521fd3ae44652587eaba4fa1069eb1e323a7a85bc4e9b,jev-1.13,0.0
da-test-001621,0,3a325a3118128a6fc8b7d8ad37a25de55f84d0460507765497b7bc39fb0707c5,jev-1.13,0.0
da-test-001622,1,aff17f767728c8ceee4665feb4e730c14e8407c2303604ab833607c310df0d6e,jev-1.13,1.0
da-test-001623,0,b590c2c2714f000884f485f7f2f9c128010b76e078eeafa42bb48ac065bc5af7,jev-1.13,0.01
da-test-001624,0,3dc6aa48347063275f827b8554cdfbb67ff99f40345643c958b2b8459e217f4c,jev-1.13,0.0
da-test-001625,0,5f823e8722bb457cacf86664fe102b5aeba30dc3fd08c22e2c18cfeb9e691de6,jev-1.13,0.0
da-test-001626,1,4a84b6771fbb8188b280311e70ce603a42f439ba69698bd1c95da08f6a4e040d,jev-1.13,0.79
da-test-001627,0,19754792a0e4fd4567854862f7de84fdb894439b8d072ca0821efb2ed17ab4f1,jev-1.13,0.0
da-test-001628,0,71d898273c196396a0cf008e9c044b10ef9d0d5ede3e1ca976b62eb91c8a62e1,jev-1.13,0.0
da-test-001629,0,1a9b62df70d2825d175b85f0d9c4c6013a48b077c0168b10fc7e2c61c47a7d3f,jev-1.13,0.0
da-test-001630,0,9e7926c34ae3ba809fdef4043086b50808220d48ad0aab0f4f0df7f0a7bceb23,jev-1.13,0.0
da-test-001631,0,2927e898989ba1b60aadcdd3c5ff15200eda1ec8e9f0d7ccbbe87cbacb864827,jev-1.13,0.0
da-test-001632,1,4b2a7ba948de2852fda6a44eeebce8ba7b3884b76b2dba2d72d3fe83b2b57232,jev-1.13,1.0
da-test-001633,1,dfe61d47ea124c29ec754df1073a772fc93b2fa8ad518bc26a8d38f404e915d5,jev-1.13,1.0
da-test-001634,0,28fac1003f08a76076b9368b80a7ee37fcd5a4e7e7d26dde91bad2bbb511cd9c,jev-1.13,0.0
da-test-001635,1,45711e6106bcbcb7c9c66f3e0a27135f7286b3e4688c67a057c604b5e2178205,jev-1.13,1.0
da-test-001636,0,809dba649bba4f3ccd7a71f5afa5e16c87c91bd90e09de6f265b79b2e8b9ae99,jev-1.13,0.0
da-test-001637,1,1f28175a95d8d7c1d18fb8f27a55826e0d8955c42b5c16d2197ad743ac1ccb42,jev-1.13,1.0
da-test-001638,0,a4eda3693abf09d79adb69c984541cd8e3d120a552d1c493e84c26b0dcfc0d88,jev-1.13,0.03
da-test-001639,0,565028d57cf9e413bdc3559394e917854b1650521f1e30771b8b7d8b05100f61,jev-1.13,0.0
da-test-001640,0,53f628b645fd807c16770b64738dcd70e8030c6f3f4173016181608cf17503b3,jev-1.13,0.0
da-test-001641,0,d53e9aad77eba81c94f04af5b97276fe2bdd41dd6f8ed44ac6ee7d1306676ed1,jev-1.13,0.0
da-test-001642,0,9bf0a9e8457e9914956732cf6c053fb22bd474c5c669eeb8706de35540a88744,jev-1.13,0.0
da-test-001643,0,9c6db2184a0b21eb9524bc00d661f19620a29adc54aaca84265863d33dba7248,jev-1.13,0.0
da-test-001644,0,2ca673e758fe807658c0d6c95fa7d9860f365584fe8b094527b20f1502095ad0,jev-1.13,0.0
da-test-001645,0,9563fe87957abc0b80043351a729068d89e78f9eef1245f746c431011ba8f91e,jev-1.13,0.0
da-test-001646,0,7793cc77fa7513b7877c236cd9584aeb54a0d73b71cc7a17808e892857acbac2,jev-1.13,0.0
da-test-001647,1,317394cc58d895c9943b496e09adf2b3a8c8af4a75e98dd8f5087a2edf0168b1,jev-1.13,0.86
da-test-001648,0,040ab4e37851c02c0679fe84dcc0f1b2129f8e4417faad49554453f0563d25a3,jev-1.13,0.01
da-test-001649,0,3f0aabd4a3d4e05d83dcdb308cf4a8e026a814fc8b21b1a3d852a07dfe8a04bd,jev-1.13,0.0
da-test-001650,0,863f6fa891fe2fa1fbf189eb2a40e5587d995e3e706d387fc8f3e5ad06f9c9b4,jev-1.13,0.0
da-test-001651,0,86bb620dba6fea764ae2d36d8ae88c63ae3d12669c12af996aae2eac84866d1b,jev-1.13,0.0
da-test-001652,0,d8cc5efc6be684ae1476dcc6d43696968a6181a98a05e01dc3dd50446420dde6,jev-1.13,0.0
da-test-001653,0,f13ac2e6a90f50641600c3f5f3622cb14c80df6b350983fc248758bdef4fb718,jev-1.13,0.0
da-test-001654,0,86897f0d166a01f0310c73f62cd36c132625a1c006442611961997c2a5e9812c,jev-1.13,0.0
da-test-001655,0,c6ef9cb1ebaaaf26a955a8171a9c60baa51dff4ef01ef076636b45a465423d38,jev-1.13,0.0
da-test-001656,0,fcf5134f89d5f9b83e6714e4fd1615b0f7d4aab41617cc52fd480482bf75b125,jev-1.13,0.0
da-test-001657,1,b349233842d5dd1437288e38c7943e125d7dd9d4d3fc893b9c300aeb1ba037c1,jev-1.13,1.0
da-test-001658,0,705a81247e47dd3d7a8ac1cb41a96609191656b999f21bd1583b206b71690d16,jev-1.13,0.0
da-test-001659,0,a60111086385914c688733f672339a89b2e2ae46ef4cabae5d7516599c9d7a31,jev-1.13,0.0
da-test-001660,0,7c6c819201562b6b52f572108a5bf0108aa782dff3d60e2ab0263526ff2a9b06,jev-1.13,0.0
da-test-001661,0,0e80d780db9f4e8b34ef35a7b64cba7e29b041d3813263bafe7162329dfd43ce,jev-1.13,0.0
da-test-001662,0,2a62482d32f7359ddd8281001b40136ea4682b68d24a41eb8608ad20b3b773e7,jev-1.13,0.0
da-test-001663,0,6ab6806cc6681795e66296375d185aa67b5fc2b4f6939476d184e38e0f3b5122,jev-1.13,0.0
da-test-001664,0,6eb76898451089823eb6ccf56784aa7b3aa2fb342ff5e6ac2fe5cd1e13d4f421,jev-1.13,0.0
da-test-001665,0,07c079564c856f4a33eee96a7331341a3b6cd41f87456e8a608f6e358030d900,jev-1.13,0.0
da-test-001666,0,1b37def20beb71798a9228f6f6fbc08059e2c26109aba032737d536fa5d698cf,jev-1.13,0.0
da-test-001667,0,2f2652d51b24fb8bc67a251c2189e147bbfa07e4e4ae5f68c53b59a9dae48141,jev-1.13,0.01
da-test-001668,0,f69391d94b9bb6fcf0c077566296b2d333b68822d697be156c0293c92559ef37,jev-1.13,0.0
da-test-001669,1,5b5bb8904d68f63a1b5030833dd96447fe460ec1c6fd49c150741811131695c9,jev-1.13,0.9
da-test-001670,1,92a3ba54603a0b63ca73e97f7fa5100073c389ea7d68f1788bf292a7b7a0f2d8,jev-1.13,0.99
da-test-001671,0,753551715ff535e0833d683f050c746752e4c6938284aab7e5d336077c9e21ed,jev-1.13,0.0
da-test-001672,0,20b27c5c738f7c6c41584b119abe406d29f6af3eeafc052490b359fe50312b2d,jev-1.13,0.0
da-test-001673,0,41ceca8034bc60c86dd8c65d6842163c1b7fec8ad7c4ba1181e7ead0563762e5,jev-1.13,0.0
da-test-001674,0,dfd1093a56cafa86dc9200fb628fc7a46dc4ab68108765fd182fcee7dbed07cd,jev-1.13,0.0
da-test-001675,1,70ed18538e7783710a4b4addee7753502926f4fb2e39da00eeec2c0e0077af5f,jev-1.13,0.69
da-test-001676,0,c4550a3b9044c79071219ed4f31f077119a7210308170a3e043ef95ce3cf8a9f,jev-1.13,0.0
da-test-001677,0,625c481787544eafa8d1ce13a675b32eb982e6487ce914a3640b7db6e5644115,jev-1.13,0.0
da-test-001678,0,1dd2e3cd6e246172fc65382a252f89eba0a411070b6275119f47d8fd6787c6d1,jev-1.13,0.0
da-test-001679,0,590bb2963b52bb81780c0c51787c640cdc75bd0428456f5b2dfc91aad6861aa0,jev-1.13,0.34
da-test-001680,0,97d7ba6037dfd7fae05999c15eefdccce4f1a2638c0b26336c17c1f95f9e348c,jev-1.13,0.0
da-test-001681,0,37a1fe303058de17a0349ea03b1656ee4123cee78c559d01b8bf86403adb7b98,jev-1.13,0.0
da-test-001682,0,feaa22aff4f9d18e33cc87737a76d26e63c4dfccebb90565df12067c76a2f077,jev-1.13,0.8
da-test-001683,1,bfb98132fa4463160dd9ecc889fea6d6d8baff3e651cd75c612fdee38f7981f8,jev-1.13,0.83
da-test-001684,1,c2fe182cf30424aa6b306e2998a4f63719c4fbba81afa643a867b92b8ffc9cb5,jev-1.13,0.87
da-test-001685,0,77390bcc4538636739eeed817a500bbed90cc424b9df3e218673a3f7da7d838b,jev-1.13,0.0
da-test-001686,0,babc5079ed490f48f76355eaeee6f9946c75d3e73da81fca6aa6a7c1131f4ca5,jev-1.13,0.0
da-test-001687,0,4c0fa1695b3e8032f287c8e1843485496d275b2d5ec0d557358f453d9d4dab70,jev-1.13,0.0
da-test-001688,0,7a894602b56af35e7406170cb9f5724b6094576968e236b1f26bb687782baee8,jev-1.13,0.0
da-test-001689,1,ea5691d71fd12375c93e9d9cfa90b0db74ec9340974581e92c0569e21061f934,jev-1.13,0.94
da-test-001690,0,1a5db71b8bb1553833d80e086ded25594b5345ff86211ae107d467c162b4bd97,jev-1.13,0.0
da-test-001691,0,ff60c704de7d9a8a991cb8d9b34eb5bf2e25ef855cb01bc115ee3cd7b5a9459c,jev-1.13,0.0
da-test-001692,0,790b9bc94a84230f790615856f3e476b74e71513d27696f4696c7593d3c9449f,jev-1.13,0.0
da-test-001693,1,805257345d833d66815a54f38799c20aba2a0df6aba8b7baa7f9399b85d98168,jev-1.13,0.6
da-test-001694,0,59f9c71dbf80879262a3a20fce80ef238ab560f539d4b5cfa2ff474f8eaa27eb,jev-1.13,0.0
da-test-001695,0,2e5b255ddb229e77135f843988eddb3b9705e0eaef431f1408a87e40954d5a28,jev-1.13,0.03
da-test-001696,0,99ff1f498d93d07996f820f209509556de92bbe020290a9dd8b4c79eeeab14e5,jev-1.13,0.0
da-test-001697,1,42d77849faa503d228f861a75bb3750855d4639e03dd957a4f391bc6e1d047df,jev-1.13,1.0
da-test-001698,0,835ed548e3bd840590f96c3a8cf2fdad43e8274dbce7529c016b4e9688acdb5a,jev-1.13,0.0
da-test-001699,0,3747d8ee732f415e51fb28545fff673c7c916d2a9ee1e18bef08249cad666084,jev-1.13,0.0
da-test-001700,0,3aa1ff876d54fc27826fe39f93486372e5efce58bc9ac06598d5353726faaf3d,jev-1.13,0.0
da-test-001701,0,85c8d0862bae7da729305e63b40df49a3451d254ae1aeda235c08294204997da,jev-1.13,0.0
da-test-001702,0,640a296c8a4f71ed1ca83697732b0bd9374740043135925faf0f11b0e1c0020b,jev-1.13,0.0
da-test-001703,0,753a1322979fbff5c3807f3c0115b3d51bff3615fc22cf1771a7a533597520f4,jev-1.13,0.0
da-test-001704,0,106793498fa0b0973ead273d7ca7ff5120f6fd213c9a2901d1530b56ef448f54,jev-1.13,0.0
da-test-001705,1,511172accb94ee4e5aa1eab62f6f6a6c4535592ea11a819ca7018bab2223373c,jev-1.13,1.0
da-test-001706,0,ce3b092d7e09bd8b87d055ef95598086a3cb8ab001a757bbe1c3f4290aa1f880,jev-1.13,0.09
da-test-001707,1,5f644a1773db0178254975e578cbde502563008ca554563eb381199277432812,jev-1.13,1.0
da-test-001708,0,aafd83cceead429324aa4cf13ef3260bd799db36df59583bbe636e345b9cbdad,jev-1.13,0.0
da-test-001709,0,17428005f237b1100cff847e8c4baca56806a88f19febb670a71b573c585c12f,jev-1.13,0.0
da-test-001710,0,9489f97cd6bed2f58e5d71db00d119dd92cf46a46b9a315fcada040db6b2c8d3,jev-1.13,0.0
da-test-001711,1,d8d49ca77bea40532eb7fee4f7c82231b9db05d7f6c57ae96d6cb7231ea8d774,jev-1.13,0.96
da-test-001712,0,8a042a8c1756bd3150788bb147166e8404a52edd81ecae23d9e27583c5fe8167,jev-1.13,0.0
da-test-001713,0,09773868ef20a35b4dc2ce8f727db8ef5ae0e18fa539d63284ce9defeb7a79ac,jev-1.13,0.0
da-test-001714,0,129d5c412b591dea600ec13481dbfef97cf3a2633e3f7e5df197f98b6c4e4e32,jev-1.13,0.0
da-test-001715,0,fa7ab3c7067ad32dfc7a7b16f29b6c98b847008649febd45bd04ad9af52bf5a6,jev-1.13,0.0
da-test-001716,0,5ea720b559bb05ddfe6515f611f90d67eabfce601fedc53836f5b19ba1d1c425,jev-1.13,0.0
da-test-001717,0,7d06c42b1cb378b0e5a549d08c6d558b86f88f5e9484a5cc39afeac38587d585,jev-1.13,0.0
da-test-001718,0,339589645933c58aa4761c8ecb466ff942cb5fc7e45516612a0125a5d6ad63f7,jev-1.13,0.0
da-test-001719,0,132def4ff386f551ab047e1b38fe0600746f860fecc1b69e6d16dfd1de669e06,jev-1.13,0.01
da-test-001720,0,b6ef055d4b4ceade4245cb9e8959999723c0684eaab842dbc489b7c3ac89096c,jev-1.13,0.0
da-test-001721,0,8c0a833e3d715cbe1fbc1fa1198f90cff04047d6020588380dbaeae76fad3dd7,jev-1.13,0.0
da-test-001722,0,719d9afba49c2f11c08a5e44cb89ec6d47d70085092431e96c6f22823d377649,jev-1.13,0.0
da-test-001723,0,74d38b8b4776dc03d7f943b13b48ef58d295c747eb29e07227f6c58908c18501,jev-1.13,0.0
da-test-001724,0,4604dd9e04c39feede7f52f6b400f1c36da1aaca81e3da98cce26939b19eec06,jev-1.13,0.41
da-test-001725,0,9ce4893a48976047fada4e9b83e0f46c4f48121b2221f713829297091d5c3ff5,jev-1.13,0.0
da-test-001726,0,f97b21032697307136512767b80c9c9d9c4f9f530ff94ba4843919d4e37c0a2f,jev-1.13,0.0
da-test-001727,0,e325ea75992065b3e1e2f627f09d5ec740e70ab259d5a4408a67e686be5571b6,jev-1.13,0.0
da-test-001728,0,451fc5fe46d141c157463aaf92bda76cfc6f6da21fe4dfdbbbde24b35450ae5e,jev-1.13,0.03
da-test-001729,0,0f82e68bd6878a670e448ae1df2a0f6f737e1ebd38ccdfeecaa5871c39887855,jev-1.13,0.04
da-test-001730,1,aa0e05a2d164c07a49228bfe6dd344f079aeb467d2f72e9cab64b9cbe9fa3463,jev-1.13,1.0
da-test-001731,0,f81327566699ac299af253635d9a17c26a60707ea2f07a9dc38acdc7766502be,jev-1.13,0.0
da-test-001732,0,645340b0d51339b0f1d94b3c0ed5eee4541cc5d06b49069b7efab56d920b9cd2,jev-1.13,0.05
da-test-001733,0,277f9f6f9c47362249729f4631d14547377fb02568603cefa01f36be052124f1,jev-1.13,0.0
da-test-001734,0,651206356f4c4ce258dd3fdb82d43e8d99c76e727c7e3652fa0e5334b4f14d9a,jev-1.13,0.0
da-test-001735,0,313bb89793e1b8a3e92e264191390a7866f78be899e6b2439c899eb79f056076,jev-1.13,0.0
da-test-001736,0,be555f2b9639edce55c567063e935af0b2fe16e502df402895300cbbf380c9b8,jev-1.13,0.0
da-test-001737,0,5522f2b45aeaf67f5f2dd5abf39a94b0afc0bbb63d111dc461f8a7ee0b968c87,jev-1.13,0.0
da-test-001738,0,c7f4301a3dd757b85a399aa13fead65ededad81ca8b384c6b624d927d558f09c,jev-1.13,0.0
da-test-001739,0,d16a45f28cb374c67d2e367afef76c75a1c8541ad4de2e6579d9493f7c488455,jev-1.13,0.0
da-test-001740,0,c485bb1bdab4fce23b0d987b7c38f4f7d5c576182cb695dcc83c620664c4a51a,jev-1.13,0.0
da-test-001741,0,d2fb696ea4bd9999a5f9c54be4e4aac083327cd4063806f7922ef628a443c94b,jev-1.13,0.0
da-test-001742,0,a192dddcd114116f9d40447cffbfa82d7ac16a8e4e5a72928a4e62e6327f4389,jev-1.13,0.0
da-test-001743,0,5483a4984107bee3d25a966f15a998acfa474682d9b064a51d667fc8056e997a,jev-1.13,0.0
da-test-001744,0,e30f763afda7d2adc8bdf01cb94345d3d2700017781f2d712c48c51573efdd21,jev-1.13,0.0
da-test-001745,1,5c88544e4a4924eab954ff734189094ff1af515f99e7ee00cf978e1044f1e43a,jev-1.13,0.97
da-test-001746,1,fd31fa78482b4a933097b60e2b4ea441782138488007701ece350af2e7f5bf7c,jev-1.13,1.0
da-test-001747,0,374816827a339829431cccffffb1dea370fd12e99fda518510fccd789c7b2eba,jev-1.13,0.0
da-test-001748,0,8065478b5c894e09b08332e4837ee111afa1bbbc58da562b6f40acec4ea45666,jev-1.13,0.0
da-test-001749,0,8addf005ae5b5233142252c24030bfd37b98c2787e54fa2d8a6aa9b37e2de795,jev-1.13,0.0
da-test-001750,0,1c52eca22da44cd81b0785a0fdd201c87755145aa6bb660a6cada53a9f0f63ac,jev-1.13,0.0
da-test-001751,0,215ec82ada905f18f0ea8e5f551917ffe5c8dbb4620e8bee075554c77dd4859c,jev-1.13,0.0
da-test-001752,1,391e1ef9558069e5c4360d4ddcb9f2e021c8073155d337d99bcfb8ca920b807c,jev-1.13,0.87
da-test-001753,0,266f3088da897bcd467b2d0818af1b7cc85890a1f1972efa72b60a05bafa82e2,jev-1.13,0.0
da-test-001754,1,9f1eed8f7a54a63037e81e93a812bff7941168f512f7fd12548e211c4ba59ca8,jev-1.13,0.98
da-test-001755,0,9093a3d5992d291eb3d082d198d48955c9948e9e931cdaf6523051ec2e265209,jev-1.13,0.0
da-test-001756,0,d934673a5ae97b5e42c7b8b9c931a75ff7397fe0793f4c85dc88a2e353555b07,jev-1.13,0.0
da-test-001757,0,e26c60d630044797ecc638827924d8ccd31199271833b5649f655453dfe47cfc,jev-1.13,0.02
da-test-001758,0,271481482d6362392e3f04386054ec687ba6ff3511d08783237bddcfaba83786,jev-1.13,0.0
da-test-001759,0,2a4234e7b5ac99a21d84b277badd93c94aac4218dcf3e2d1c2da29a7c677ba59,jev-1.13,0.0
da-test-001760,0,b2da2126ef21abb99a6168a5945e81a15a4129892f377ad9e33ad39537d57b50,jev-1.13,0.0
da-test-001761,1,ecd8bfabdb65ea790483a8cc323ad3f8a1c1fa2d9874172d35390568714c00fd,jev-1.13,0.99
da-test-001762,0,39b0a5958f5c2cac882077238c88a2f0f2ad0ebbddc305aae266b2c4f98c8f42,jev-1.13,0.0
da-test-001763,1,ea1c66c13163e8e8a9b6618588ce75d69a3d81277182830d2160d6244738237c,jev-1.13,1.0
da-test-001764,0,933a07d6cb7b7ae9e12a24d5699f4dd5d9e40afc6de1001d4ddcc280c18eb56e,jev-1.13,0.0
da-test-001765,0,a3b6f27400a88f076173c9d992506287aa3eca5c985b3a1614c2b0d193eb05f3,jev-1.13,0.0
da-test-001766,0,25f4332d381b433ebc2f16157b5b01906a121ba2c71eeabefda06b897431278a,jev-1.13,0.0
da-test-001767,0,d33c26712c3cb350435bbfeba4ee3498e835bd4d38286d16a4d9bda3ce28f032,jev-1.13,0.0
da-test-001768,0,4b26fedb63f9af7c8e479bc5aad34e2441fabb7c88d19d2fa3d9f87fd11b2036,jev-1.13,0.0
da-test-001769,0,4cd4bca83491396f853e5b03939f24d0cd534beb4fc3953293967ce492eaa585,jev-1.13,0.0
da-test-001770,1,5eb9edfd49ba7d4a107017a70691a53ae5ec68c73ba193cd30b0200f91b81f02,jev-1.13,0.95
da-test-001771,1,764b31cee0354c625671499ea9150e9b61165ce5a96dc92662118964cd75e50c,jev-1.13,1.0
da-test-001772,0,9376a0d53591a53e29935790df1cba05fe166c7025528f3ed45909aa69d47184,jev-1.13,0.0
da-test-001773,0,91e67c937bb9d376f8cee9ef34b7563782124231ecd6705eb36018edca9a7653,jev-1.13,0.0
da-test-001774,0,13cc4c48722139a0e89fe88b86e08031a6397bc969cc30e1b8f28086205f5a26,jev-1.13,0.0
da-test-001775,0,193d26005ab7809b590aae9ac1615e6cc357206bcc077a77903a64fbd880f432,jev-1.13,0.0
da-test-001776,1,f5d2a81b6c2c30176b09394c364ee7da78f3eccb89da6d240836e9fd2f72cf01,jev-1.13,0.83
da-test-001777,0,7ce2dfae523a90535de44e2c9119ab0466084ae3f0c2697c04f0c20abef8d4e1,jev-1.13,0.01
da-test-001778,0,4b37cd68823ef9ffc4f2399a2c05b43cd504fc08291d342f2509dbc1fbfc7a71,jev-1.13,0.0
da-test-001779,0,9ee4115881cfca0a7115769c8851f38119ba117eca87d60ace7511ddc9469293,jev-1.13,0.0
da-test-001780,0,1ddb93f441e8b862b469cc31f717e1343e2af77528d7a14501b2b498d7336384,jev-1.13,0.0
da-test-001781,0,b776b56f03ca13edb4d2024043042fe494e07047376804b7e5d28be25f49a79a,jev-1.13,0.0
da-test-001782,0,4e5198b185795b55b64fc6a856e8ce374656a3c289395006f1f09c3151d40997,jev-1.13,0.0
da-test-001783,0,05cebd4a4f7aa8ae3254f0110cae0d04e0352740a627b368cf90bc4205e4cf8c,jev-1.13,0.0
da-test-001784,1,f1bb220d0977a483c63fbc9c83cf2d3b7c33336ba3960c616064bcd8d181b1c6,jev-1.13,0.83
da-test-001785,1,0c01f7428ac2b4639299cd4ccfa627a152f9d8d1a442ffb542017d722390225f,jev-1.13,1.0
da-test-001786,0,ca489b02cde44580c4342e3873779703f97c0e491ee8a3bab63933e44c6ee5af,jev-1.13,0.0
da-test-001787,1,4911100e22adfb3a5f153e622e4ac7ce850a5119264eb4300a74611e3ed2ffbf,jev-1.13,0.89
da-test-001788,0,3a44997d5040525f379c72882e98f23b41a882f9e0e955dc16feff822a00c531,jev-1.13,0.0
da-test-001789,0,c2c03c870fef82969bf864294a79ce56d09cd0aad8117c0f86f1ccd54019ee25,jev-1.13,0.0
da-test-001790,0,167af7ad47e28933bb51c302c311e900a1f6a442fae5c2925ef798b1563e76c4,jev-1.13,0.0
da-test-001791,0,cf2fc00b0f96d0a8ac84678b880c015687d2c03e4a4a6592363ea512f9161d6f,jev-1.13,0.0
da-test-001792,0,6dd69bd2a7573cb51f13f9d8b276f25d5a282c16143b113073fc46baf29af372,jev-1.13,0.0
da-test-001793,0,188881483ca083fb37a0e49b2bfa1d7e99ac9b0b3d9302b05785063149cc0ed6,jev-1.13,0.0
da-test-001794,0,75c640d790d7a0fc1267ff286b636f981173f2255a9b9c1912a3ca9f4062b4fd,jev-1.13,0.0
da-test-001795,0,df034df43095cd318c2d873385267ae8616793aba77ecf01426b9ece1c409e24,jev-1.13,0.0
da-test-001796,0,d2cf71c994b005be2b33e69815bf87e7974d1fa98b54d106db3b0580c0c430ff,jev-1.13,0.0
da-test-001797,0,79677052dad7c9af46191d5aeaef5776a7698072f40594a13f234d6b2d152f94,jev-1.13,0.0
da-test-001798,0,0d0a4f1e125868ee1e0ca0e3baeb37ba8e419609ad1fe9b8a96dc07368b75344,jev-1.13,0.01
da-test-001799,0,fec4a87158a84619455fa653ceecb6bb3e965b97e43a08742135c36a92b82394,jev-1.13,0.0
da-test-001800,0,39b3ba558876021c2e1041645d852c9be8819fc26fc073f0500dc2c212af285e,jev-1.13,0.0
da-test-001801,1,ce19bd9550a70c12f12d196a60eed55c34ba2c263029587fd6b94f1c0dfa204b,jev-1.13,0.99
da-test-001802,0,13eaf2acd5214807b1e15a4ceb3c17250f23272cd94c3cbce5fe73bc7e4a89f1,jev-1.13,0.0
da-test-001803,0,7bfd7b9eb005487fbdd2eb58c5897b87445cf5ddfe408da1f82e215368b4066b,jev-1.13,0.0
da-test-001804,0,3de8a073b4ac243ad8bae5172c4e9cc014efa0ab70c84fac10ecc167bdf86a6c,jev-1.13,0.0
da-test-001805,0,8b2e15c950891c5f5d4679b795dc215d8d9559d96592e6be20091931881d6715,jev-1.13,0.0
da-test-001806,1,f3e838a937cd92c56a150537f2fdab9a8158eb5e31794893d20a8c9d4438d0d5,jev-1.13,0.92
da-test-001807,0,4f2b00a9355f7a910542aed2cbe62f595ffaed927a6e240c79a251b77a836365,jev-1.13,0.0
da-test-001808,0,431c5a8ae88d84a5ab4e907e92cffa8526d4bb83101a247b573ec07052ec9b84,jev-1.13,0.21
da-test-001809,0,91fd9c62dbd516eb6582f63eeb6e18c630074648ad9fe7717c7cc0e04d9d13e3,jev-1.13,0.0
da-test-001810,0,b340740a7a3e00bf0491d5880a72d951567b0e78b35d4d334720425c003f000c,jev-1.13,0.0
da-test-001811,0,4432cf63c6e1cfeb9f5fb182104ea4597b2509259defec27038c7fd70f8e4c48,jev-1.13,0.0
da-test-001812,0,e9383fa85a996135206fa3e56f1e584afbcb1642496823215a80a63df4639836,jev-1.13,0.0
da-test-001813,0,e013914b34c39bb6284ac4efead0c1c065c7194559ee2902fff4dc1907658f3f,jev-1.13,0.0
da-test-001814,0,01853e32f5ed8d7ce2b83cc882722fdd742e9a873a361eac57b7b7a7ca0172ad,jev-1.13,0.0
da-test-001815,1,0f227edbbd77b774e93a9c392423e010cac7437f7a1755f2d0605eb5f8108cc3,jev-1.13,0.86
da-test-001816,0,a5473c8730449022ab77a02eae39d377a3a22c434b369c1bb0b5e8a0ed8f6d46,jev-1.13,0.13
da-test-001817,0,c62fc43effb4cfb0e96044e31df03ae1ef8d3650372e8d845340db68de352951,jev-1.13,0.0
da-test-001818,0,9180d5ec6ba182eed566ab1a58a0893ea46e154fd1641883506cd0eb59572e69,jev-1.13,0.0
da-test-001819,1,e8e96405f76d64856337f34c67e0a4ccce63f1f14874f5f1f70f567bf0830e0a,jev-1.13,0.99
da-test-001820,0,989205b9016fd1bd08839e0d79effe8d25cd8331db437fe0de1ef9fafafc6841,jev-1.13,0.0
da-test-001821,0,5dabea93ea50f00f4cc7946f05d17aa05887207163434413be4abd564715b637,jev-1.13,0.01
da-test-001822,0,46651ccf2d22064514ea247ab2695fe0790efd7987bcd3a2d1e59e28275ecc19,jev-1.13,0.0
da-test-001823,1,501ee72553fd5eb10c784c82b3b3a2de44418ec3e920346a444c891b894d07fc,jev-1.13,1.0
da-test-001824,1,a434dcef21f4b0c11952d94221de9cda8ce39534a86959039b3ba8f7fe4fc3ce,jev-1.13,0.61
da-test-001825,0,d49f30b6d19788a17eb6a24187889abac118c51a75c57af81b4da05d1cd3dc93,jev-1.13,0.0
da-test-001826,0,c6eb7aee6e8908c1530460bdf8d0f13c795e55366de9df235e635b5cb3e4004e,jev-1.13,0.0
da-test-001827,1,cbeab684a718b6e913becd27bcf7409cea2229b27a3428af39ca42d5140f6f70,jev-1.13,1.0
da-test-001828,0,c22a3f85df476a9ff98d8976af9385b47707972c1a49a2ed4fbc914606a00142,jev-1.13,0.14
da-test-001829,0,dea474dd1386761f72e7ebabc04ccfc4242b2cdc6c09ada4461092173e02be98,jev-1.13,0.0
da-test-001830,1,b66c35fa650d8512ad004e4764795f8b4c598c1b6077104cf9221dd84e28791e,jev-1.13,0.67
da-test-001831,0,bd9cc53add5475b04ab1409d89efd2ced20543df181539d61c143176c9cb764e,jev-1.13,0.0
da-test-001832,0,6a673ea612bde3f76d70689d1ed995d7ed18ee50821b2dcb50aaae4125f12e5c,jev-1.13,0.0
da-test-001833,1,d053562d3eb1b0c959cae0c36f9fea2bc7dbceb31cc66df995c04cfa7509fa11,jev-1.13,0.85
da-test-001834,0,c3798b76f04eb698dc8f9d24680fa8695bc4e3f265d95fc5016c89e8000767d7,jev-1.13,0.0
da-test-001835,0,9da11a2d7c7dc34f19693ec3e31a43eb40df465d1e4f6cdfd73e1e99b92aca71,jev-1.13,0.0
da-test-001836,0,32ba8e681e81f835a41fff76e92c1993b08cd4fc32a02d8d934b4a20ee4280be,jev-1.13,0.0
da-test-001837,0,0e9f49804a4f07ae5def6b60abdc3662ac9ce394022e269443e098e3f0f088a8,jev-1.13,0.05
da-test-001838,0,49ebe30be9641a6376b74b2b0e6720554a1b4f6e3fbf1ce3b695abce11702388,jev-1.13,0.0
da-test-001839,0,2345226d9fae6a6d4e97701f352740bd0ee04d7acc53c75f4ce1b1176c5e5ed6,jev-1.13,0.0
da-test-001840,0,5c5b73a2b72d88b59781efda3a12b49a5671035b9bee929a271da70f46196f7d,jev-1.13,0.0
da-test-001841,0,73ca0d9fcecc9a6c785df480e48ed3846b574da5cb507cf767630136bb2fa699,jev-1.13,0.0
da-test-001842,0,efceda810e82c7321dc33ea12d1f06f62a7fdb646c46934a21681eed440893de,jev-1.13,0.0
da-test-001843,0,1d17b748fc0f62c09042b8a98a38df8264a8c0afe483063bb12077035198bafc,jev-1.13,0.0
da-test-001844,0,47dc5e14e6359b5659c3119bed6ac6b089fd7dd7f54ba1312223235176f193b6,jev-1.13,0.0
da-test-001845,1,fb10b2dcda3c6e626246eb42d1db0c8c74771152a1b0fc0f2cdb4080f8121a12,jev-1.13,1.0
da-test-001846,0,f8524792b1e4a3d6dcbb875c509d1df80f339db128d98d48b39686a14e21f684,jev-1.13,0.13
da-test-001847,0,7ba7d749bd63ba34c71e9c963c39f19674140644137ee6e579c4f6f7221e7dbe,jev-1.13,0.0
da-test-001848,0,1232b205b65861bc05d1da0962506e4bf25916a4f9df546b2ab10dd3aecad230,jev-1.13,0.0
da-test-001849,0,1c32eb927e8c392f7fcd93384282452a7423a2c6d1d12bb63990a31c07b330a7,jev-1.13,0.0
da-test-001850,0,6a1bc8db3c4ae4366672626194f2f557b4a65f00ca744a8f66d50ac83ba4a1e0,jev-1.13,0.0
da-test-001851,0,f005d58bf89fb65042172533d660013a00936a0ee2063da58b38a0c939e43234,jev-1.13,0.0
da-test-001852,0,c416d5e76ea10bc425f728418f1a3db7bf99387292bfe93653aab1afdbf7ae24,jev-1.13,0.08
da-test-001853,0,cac2a0c487717fb134dc1381fcd472dc265cde4d753806e4d7c950f1295df80c,jev-1.13,0.0
da-test-001854,0,cc8067d45ebae49a47cfa1f3fc618be60bc72509535728a19243d6f1300b326a,jev-1.13,0.01
da-test-001855,0,6265bf009e3763c985b25e506e87284501b7ccd6160a3428f8dc256eac76fab0,jev-1.13,0.0
da-test-001856,1,f01942a501024982cb31e719c3e7c3926cea84a45ebd11ce4c65fc40e0b8ee0a,jev-1.13,1.0
da-test-001857,0,8b992a6b7f3d08b2d9a62ac167d918fa2dae73a600dc5f3554240bbdb47b09b8,jev-1.13,0.0
da-test-001858,0,388fa837debfd44053dd3f49149ba19e51daa3b0b3b5fa061a11e3c8926754b3,jev-1.13,0.0
da-test-001859,0,ecebc48a4c6712bee51d42185ada02ff272e13ac54bc5cb29d925fc899512841,jev-1.13,0.0
da-test-001860,1,252c00ed4d24e86b5c4355b6281e07e253c9fdd2a1a9fcb000a9d042faec4a38,jev-1.13,1.0
da-test-001861,0,b7b90dcf114e03b7c6ed261919a17fdcfa3206def8aee6099720d80070845ab8,jev-1.13,0.0
da-test-001862,0,1217f639d14d145231358070646bf25edb75737a4b6b98279b24358c0629bafe,jev-1.13,0.0
da-test-001863,0,8b04be678da390cecf8cfa3f542df8b6ba5afb5da1a5d1c0a49cb1e75eeaef4a,jev-1.13,0.0
da-test-001864,0,d60de99210f36c652e8087de536e6cece8b16d670afee8d1b369f9974a6e7131,jev-1.13,0.03
da-test-001865,0,b1414d94c9c6f6400aa3030cac1ab603672c16bff2aaddf69d2edcf684bf95b2,jev-1.13,0.01
da-test-001866,0,c5f15d05230fb0d8e42b83f96f2506e5c69cca3bb1f3f125354595b7dba72412,jev-1.13,0.01
da-test-001867,0,fbc27b8c9447f755cf1d6d66f5da24178f27908c8497f8252e528ed41a50f4c8,jev-1.13,0.0
da-test-001868,1,ea7161cf6913efb91720ec0bd9b4ee3c29411fa57c93a4a23146d6e25398a792,jev-1.13,0.86
da-test-001869,0,f9c619974166b7466567374d083aa68bb05e11315d9fad1f847c83316bc180fe,jev-1.13,0.0
da-test-001870,0,59754b24320971fb8ab48c15c24276290c1f4557e60a4b05c2ee00e8a4a255d8,jev-1.13,0.99
da-test-001871,0,ada2afd048bee210d8ac00e2188a6d01929890e3ecfadc27631c14c6cf93ea59,jev-1.13,0.0
da-test-001872,0,625bcc437a9c6f6280e19fc6fc8028504c11c8a1cd495deef0e610695aa0013f,jev-1.13,0.0
da-test-001873,0,ca7b0f05256bb326233a15c976135680d98a1583e3fe5c947357eef28ded2d04,jev-1.13,0.0
da-test-001874,1,1c04a364a9dde0765399d0fdd40684bee3d7b77364addef9a888f37d5b3f9f91,jev-1.13,0.84
da-test-001875,0,1157c29b88525a0972dacc242eefb5820903a8359c438ef7a12a95378689ca20,jev-1.13,0.0
da-test-001876,0,718e17f03e7d55ffb0fc34c8120c11f9ccd40da316270db541d5ac8d1face1e2,jev-1.13,0.0
da-test-001877,0,3fc9792108cb7cdc836109f53948e96d75a2056eb17b15b11a8d2d3a6f6a6c31,jev-1.13,0.0
da-test-001878,0,6957fb48f1a016a680fd05f326a974b5e537abd65a08434f719a94eb3dbac729,jev-1.13,0.0
da-test-001879,0,36f400aa0fb3bf407f2bfc05496cdc4cc4905859bfad3a39adc57601abf1a64f,jev-1.13,0.0
da-test-001880,1,26b8c46c7545b402905d351ce66ba88f772581e4403296aa6569dd1b743d46a4,jev-1.13,1.0
da-test-001881,0,5fe37e2a9896327c16541f264420190e1563df39e42b788e49fd7ad067ee1d4b,jev-1.13,0.0
da-test-001882,0,a623171f6a707e07dfd7a48b54f79acf4b99439d9b3a77e5e578bb7557703fad,jev-1.13,0.0
da-test-001883,0,9261eed47ef9556068eae682f5ea4373d8163f85e0102a2217e9fcee7afa81d3,jev-1.13,0.0
da-test-001884,0,05419a1b4e87363d7a01cd9c2c21fdc6067e26392a54e3ac3fd66ebe975ebb7e,jev-1.13,0.0
da-test-001885,0,15e6aaee7e1b2b7264b3986b54922494d30a5fbb5c5db4edad7d273a148ad6ee,jev-1.13,0.0
da-test-001886,0,cae3adb2b4e310bf34e1f45e0fe9f9cf0fe3aae41e238f86966d6dd6e7d6c259,jev-1.13,0.01
da-test-001887,0,bebfbea3fc5a07387cee5ab428c139e25b4836b0b74bb4f646eeecab4c73d07d,jev-1.13,0.0
da-test-001888,1,969f40bdbc3e34746018dbbd350a5164e72582496319bffe2db50b1aa995d262,jev-1.13,1.0
da-test-001889,0,7e50e52f77af992be53238cfc08de94a9ce08c03589cd069a0a4e45c1e335b98,jev-1.13,0.0
da-test-001890,1,70e0c6d0a843968c566cd6f20f587b837c6b09caa82e33f3d9a7cd788cf9d09b,jev-1.13,1.0
da-test-001891,0,f8eff7ebcde7c9d9d8b922487ed4dd2c0a9e2f936dc0872f45bff7a9d644672a,jev-1.13,0.0
da-test-001892,0,23c52d63ec0a06614645f17a003ee9a726e04a0dae557d35372d8d10129852cc,jev-1.13,0.0
da-test-001893,0,e36bd4cd81c504baa2eef14a8291cf8ea37707980cd9a97f5e78da8731d61159,jev-1.13,0.0
da-test-001894,0,4842142baca6ddc7f22ce73e96165eba7610034bc175315bfd0f9ca4118d8d10,jev-1.13,0.0
da-test-001895,0,e06991858b2e185af0560707ef0c6800b078bc803acb647db2f682691d579865,jev-1.13,0.0
da-test-001896,0,c654bea262b35e13cc4e20967f3278da1678723f0f6758b434b86b78314d8c78,jev-1.13,0.0
da-test-001897,0,279519e1540b5e7f5a67278633da3ad7febc96f658425bd7e7e4f085dccfd55d,jev-1.13,0.0
da-test-001898,0,67f0b1d263d48846bc9f128a141b20d7aa869f13c0d4ba1c36e26b2d4ff3e049,jev-1.13,0.0
da-test-001899,0,49783819ab66d460a9e8e9186c58f66ff88dd82c61509db7ac3ca0f531046c10,jev-1.13,0.0
da-test-001900,0,b82b37de3653738c195dba7966caa56b03d9e499325879ff731cfe39c5acc977,jev-1.13,0.0
da-test-001901,0,254132b709b5053ee8f16b26d39b44ea373c1292c6dc5604679550a589c0c8c0,jev-1.13,0.0
da-test-001902,0,fe725d2a3bb121f76ef4ca4769cf31d1dbebfe72643c31bb835d48442c31213c,jev-1.13,0.0
da-test-001903,0,896dedfbf721d0b242421d02b53604116c7db0b4b7810c9244d1441ac220b3bb,jev-1.13,0.0
da-test-001904,0,7929a8f9e60fb4593f29e8b0b0113bf0cc47a9c6e935ea901ebea56e8947038d,jev-1.13,0.0
da-test-001905,0,fd33c9f483a22b7930b34f08ca618f5dde4ee3cb50d5cbd0c1d787fc1efc1363,jev-1.13,0.0
da-test-001906,0,982068535fcbca737f8769b6490a5e2ef509d9684ef83be3f45d9c2353e12f3b,jev-1.13,0.0
da-test-001907,0,5740e92a491e52500f5b6b2361f0acd8f5b7f3681e970505ade34f4b13964077,jev-1.13,0.0
da-test-001908,0,e3fa6af898804d601cb4cbf37ddd982b1b671044b04eae418e6a8c180f595b50,jev-1.13,0.0
da-test-001909,1,756365347186688eee9c2bc171ef05968acc933efa682a5ecb7c3be9a01fd006,jev-1.13,1.0
da-test-001910,1,c5ba6d8e7034fc77c6821ea5955b42000bfbec19eddf6ce424b04d69f85bfa95,jev-1.13,0.71
da-test-001911,0,5cda67b9ed13ada857d65ff64595a0c895361f93b70dafdbef9a2b8a1e31c33b,jev-1.13,0.0
da-test-001912,0,e2ea75812c8bc50322cb72f938dda298ae08b31b49e204f9a4f82efc5f88ed38,jev-1.13,0.0
da-test-001913,0,995716df242b5520c4d58d135c0413ae43e0f256bcbd0b4112bd9881a91c7e33,jev-1.13,0.0
da-test-001914,0,9c3704ee47455ea5e5137b20fd168fa1b73ebaefe44e12dfc7bec6983da3172a,jev-1.13,0.0
da-test-001915,1,c46287eedba5707827756a3be147f840e2d8bcb909003c80bae43574a084a433,jev-1.13,1.0
da-test-001916,0,53492bfb4612eaed9950be94129ae1515ae999378f426bd4e49b404aa13933e5,jev-1.13,0.0
da-test-001917,0,c4fa67633455c4d708b754f8809ca86c0128f72270c82caec460a8173a197bc9,jev-1.13,0.0
da-test-001918,0,efcbe971e86e0e429eaa26749c7f86bf47c31f486bf4f2585c5ae8636ced1249,jev-1.13,0.0
da-test-001919,0,cce6b64467ab4f7f3167d510305cf02cc38681d95be2b79c4019113b74dd8df8,jev-1.13,0.0
da-test-001920,0,860c2784f88edd5256291bee59b93f124d32b133f583f6b2c36b064baa9e1c47,jev-1.13,0.0
da-test-001921,0,107c873c79b57e83f1594aaa66251b4d1d372add14a88d59579cb8738c14f57d,jev-1.13,0.0
da-test-001922,1,091290146c681e7b0299ad27af1f26f07fde7b1b423767e2c423da81629bbcd1,jev-1.13,0.54
da-test-001923,0,a5ded7318f7e7806421c8073b154926b2d12ee04ceb553b81f50a14aad28404d,jev-1.13,0.0
da-test-001924,0,def35dd42bf69273b10166be44a09db56eb37c2ed7fc48fe9d2c387a279f3b16,jev-1.13,0.0
da-test-001925,0,2ba2b51cda192e343c45410408451c13aadbf398ddebbe286bbbd235ffbe3f54,jev-1.13,0.0
da-test-001926,0,3e4e08f3bbb33d89069b28fc3b23ed405727f60d054efbb9ead7829c4126e502,jev-1.13,0.0
da-test-001927,1,b4ba6d14c664247258b4b3502554035feddc9a642174267cb17a232472120efc,jev-1.13,1.0
da-test-001928,0,db8020a8cd0d3563a56e84d730e95afb0cbb9878993bd70432889c22aceed8b1,jev-1.13,0.0
da-test-001929,1,bde80badc67d86a41ebe6dd203ac1bd8cc98824aab32ff60fa253975cd3b2c8a,jev-1.13,0.83
da-test-001930,0,a655513723afc80e418b8f3b155ba3ec8b326478ad712dc5e51b3e54629aec0f,jev-1.13,0.0
da-test-001931,0,74cc8449e73479640af827a4ef8041a53eec6bd21fc20f6d5460770a4791198c,jev-1.13,0.0
da-test-001932,1,64ac919d0d42937a0284a33461ba82f12db6317b0b9dfbac5bcc2f69550b4752,jev-1.13,1.0
da-test-001933,0,e971d5cdf01331f064ac6d9dd8f2a26a84060c8d048af6b524fb2590f809de97,jev-1.13,0.0
da-test-001934,1,11290c39928b83b0b5d5f948cc03bfc3af702560ee640176bd6dd767660a0f5c,jev-1.13,0.85
da-test-001935,0,3cc5d484dcd342661a09ae69291682c69b74531d4abd9117f6b5a839d83b99a9,jev-1.13,0.0
da-test-001936,0,421a13924ece29eb0b8fa1bd53be330879d7e8a525ba9bb89baeed51bf428c2a,jev-1.13,0.0
da-test-001937,0,696ee73636aa44b7d17093512fb83703167741bcef8eb2000971deb02f7f7e4c,jev-1.13,0.0
da-test-001938,0,1740c681ec4f13316dd501c3fb052a2d3cabf8ba711789281d12ff71cee86cb7,jev-1.13,0.0
da-test-001939,0,39adfd540f3905cba59de0fe7e642608c6495bf6b7d32647a34c23ff42902427,jev-1.13,0.0
da-test-001940,0,cb25977e30df6fa1bfc2a0f659709ede4d1eb97a1d43a957d7c65eb9fc653d4e,jev-1.13,0.0
da-test-001941,0,203a7024b0fc4b6d912115dc9058d1b569abb69c5ce6579e83c2cb287393c5be,jev-1.13,0.0
da-test-001942,1,2a715095ec6d3335446ddfb4d39f135e1f45ee8d43d021cda997f5e36db150fa,jev-1.13,1.0
da-test-001943,0,e275f959cb1d6f2746c159c3deda1860f647ef7ecb7f99582628e0d826f6eaa2,jev-1.13,0.0
da-test-001944,1,4826b9eef0a5654ef1092789d1f8443f8294909aba4d7ae6f44254c9851deec3,jev-1.13,0.99
da-test-001945,0,6435bdc8fbc95569c8fa46270b5fb447f9487ca473fcdebca78ed5c9e75df239,jev-1.13,0.0
da-test-001946,1,55685de12ecc49f3dbb2ef166fbe0a4e58043ce849d6f42e9123be86f9d4c382,jev-1.13,0.9
da-test-001947,0,83d6c612f3745ceb4becdb7b5838510fa336513985afd6a22c13111164b006d2,jev-1.13,0.0
da-test-001948,0,33970089e9123c2a96ee3405c52eace0a2d783441ff295967da7ef1080bee2f5,jev-1.13,0.0
da-test-001949,0,fe813c9f275b32929837834e6bc6fb8923399cb6f10ab9e51b366ec3ea0625c0,jev-1.13,0.0
da-test-001950,0,491ba564ba34cb90f6b60ba1bed27cbca3fcab040d8faa460aeace0afa27af98,jev-1.13,0.0
da-test-001951,0,382de9e681a3416980c5eb349832b60f3e575ffd71042894b98f21eaa9c423f0,jev-1.13,0.0
da-test-001952,0,6162f91ef38d560f64ad0cc7ba2a89c02061d6b0aef201e8fbf0813e1ff168a5,jev-1.13,0.02
da-test-001953,0,4f60e7ce74a7f769cd970d843e7e2bcb457c0aadc575687de0e9627d69c326ee,jev-1.13,0.0
da-test-001954,1,9ea42f9df8f01d448d0bcd2116adb265de8205b69440ffbb03b82e65c0f1c846,jev-1.13,1.0
da-test-001955,0,7640b321a9111276007fae5152038c360e38be53ef704592ebc08ad2688e9be1,jev-1.13,0.0
da-test-001956,0,50c85bc023dd0fb25f4eaafc2aee2b9fce3b5b8ef8ba89fbe3027c89eecdc197,jev-1.13,0.0
da-test-001957,1,f34bbe8daebc49241adea6a7401bcd6f065079ab736f254a2c634c11aa0e6a93,jev-1.13,0.99
da-test-001958,1,2ac11db91b1b1696d046be122aab0a36049b8206b222ba6daa5b845158658a1b,jev-1.13,0.92
da-test-001959,1,78aef9597d05aff7cd9ca98cba181f94ae1086ba602db41225030e2ad9646198,jev-1.13,0.86
da-test-001960,0,22bf59ae67ac07009d3bbabf55824f3006cd3ab3220272f046657561dd66ff1b,jev-1.13,0.0
da-test-001961,0,46141739c53df1d15e27931caf905ae280ce02491ae602be10131cf927f37b72,jev-1.13,0.0
da-test-001962,0,5e538317c05d32aafa8d26762f4b37b8c4ac73474ad2ba6ebef3a862335ea27a,jev-1.13,0.0
da-test-001963,0,db327d99c8d8cfb6d87e8bb79238c78ce61dc5dd18d011a3c350e665758cd3e2,jev-1.13,0.0
da-test-001964,0,b750bce37abd5c81adf2acaf5a7b079ae0f760bb4696200a6d4c5dffacec8609,jev-1.13,0.0
da-test-001965,0,8dd2fba2d94020bfbdae5d87975e02283797ab533b387c53311744f1f9b3ec31,jev-1.13,0.0
da-test-001966,0,9decf663d8273b7eeb163c21298fc5a022297828553a261e8a7a7b7a0e52c961,jev-1.13,0.0
da-test-001967,0,f3c4a17ab60f4710ee7f54467c446d911f50e4c3b782b6727e6de84d21a97fe2,jev-1.13,0.01
da-test-001968,1,a435520647fb7cd1c30f402b41adb7255e9027ca80c04261fecb2d56eea120a4,jev-1.13,0.75
da-test-001969,1,9f90a72d33e7939c55fd06e02a57343d25257ed7f561a3587303d2cafdec3766,jev-1.13,1.0
da-test-001970,1,ad1d892a81b4a674c64508f0d626cd86bbf6212f3c71037fe97e8ed5f71b7675,jev-1.13,1.0
da-test-001971,0,19c34f6e303384c55f063dad2fe68b5a507e5ee255d8de4cae45dd236664199b,jev-1.13,0.0
da-test-001972,1,6215177cceb48104f1155c5c381a9582b1fdfcc8ee0ad33da499a34464fce5f2,jev-1.13,0.58
da-test-001973,0,f9367249e9d59a92a84658aaf946e798a2f763969caf90019862101f477ff74a,jev-1.13,0.01
da-test-001974,1,f1c6ad6d71ad58da01670936dc157f8e4eb56f2a52908efe4fd8e791336f17d4,jev-1.13,1.0
da-test-001975,0,98e1b19eb22e48fc6b279ec6a8a090c38956c2d8af607df16d538d2b327c8341,jev-1.13,0.0
da-test-001976,0,6e5ad4dcaf2e54d2ee96c6d3020dd748c7bd3c2bc1555f30150a160de4419791,jev-1.13,0.0
da-test-001977,0,42febf92fad01548c87f48cd24881c1b4493db61f60e877a3d8885035e9025c7,jev-1.13,0.0
da-test-001978,0,38447f57f1c5af356b495703943876355d349a244d86db19024f5005c411b1a0,jev-1.13,0.0
da-test-001979,0,6cf68ae6edd4a2bbd249efa04ef394e77840f747b0b92b75325ab00db9cf82b2,jev-1.13,0.0
da-test-001980,1,b9a2324ef1f5b68700ed2cd61d32934670c87451a7e81b869a0f0e298c465c82,jev-1.13,1.0
da-test-001981,1,0dacff391dfa070e59d4acda3f962ce96fbda89e472e12c09cf239c5a401d8dc,jev-1.13,1.0
da-test-001982,0,2690e300a6f2a9369821ca4a51a097a22fa4cc63b4e446690817faf61e1beff8,jev-1.13,0.0
da-test-001983,0,a6b0dca9cf9b4d1d43dd7755fd6e8e9029047161e27377db832315a2792e47f0,jev-1.13,0.57
da-test-001984,0,4860c6f52190eb8772f143095226a27a78e37ca664b22ad5039b93b80a9c5853,jev-1.13,0.0
da-test-001985,1,0fd8ab80aed07073ec0b3c47a49a998ae254093de286bb37b77658501ce67fa3,jev-1.13,1.0
da-test-001986,0,ee1ff2a9cbb570c276899e822923ac53dd9c178d6638ede68892b3f349a7df7b,jev-1.13,0.0
da-test-001987,0,c0287a84e8d4a651097e512781995774f2c1c8620fd5837c7a5f93e0d376706d,jev-1.13,0.0
da-test-001988,0,ec979e3cbcc6467a5d77ca5af6bd30bc9e48a55180dbe8b7286adbbd942c729d,jev-1.13,0.0
da-test-001989,0,02be0982b8f552018a323bfdfb8efb8ac544e44b3e590179c5f4c192b36865b3,jev-1.13,0.0
da-test-001990,0,2c8711bc6f71efd765355726880398d1b142d6a26e3e8806ae56ad917e5b035a,jev-1.13,0.0
da-test-001991,1,b41cfd3f45a0ee9ade038f1ae8d390d546d2a9f43080e782d8515d39756b7378,jev-1.13,1.0
da-test-001992,0,98a224c7802b24d5bb7c1524b8e9c26c0f9f91a4dcb524fda2c9abdf74bdd143,jev-1.13,0.01
da-test-001993,0,61658dad1fc89f86a32e060060dcccfd9a28d7205db148bd70c017a624a7a947,jev-1.13,0.0
da-test-001994,0,5c3559c9b38b8a79ed6960092df53853609f1044930ae4a906aaf1f47f94c576,jev-1.13,0.0
da-test-001995,0,060c44abc81c69c06c58057ae69f0c32d36d39910909d230ca316f8a072d1d08,jev-1.13,0.0
da-test-001996,0,1b3462f587b6189dda622483f535b9cc71dd42dc3abb9f569585dfdf7fe4b1c1,jev-1.13,0.0
da-test-001997,1,e65f6e150a8ad94396d4533c4233273f8afbff7fce839f8e8bcdbc9f151e105a,jev-1.13,1.0
da-test-001998,0,19c6ceb3b6e2f26cf9e3283fd6ecda4edb7e2ed4002e89c07040e40aaa3d4050,jev-1.13,0.0
da-test-001999,0,eeccd335c5838556ebcc133f334bdf99e1fa41eaa03d8bf76285406db2c1e1fd,jev-1.13,0.0
da-test-002000,0,f4136452802109d1fc9b14c12109464c01fb936fc8419aa167d00ee5b69acc52,jev-1.13,0.0
da-test-002001,0,3cc2e7ca5732d5472dc8ed131541567898b7081cce17f3bb2f7303b7a8cd9b41,jev-1.13,0.02
da-test-002002,0,11977db292b51bd6223800d362269cead71e2e2d8dff697c96813571a8cf2589,jev-1.13,0.0
da-test-002003,0,6088adf18c130d4a2835ceb947572350dab84d298aba0552954365eb93f37641,jev-1.13,0.0
da-test-002004,0,f2f3ea38c862ba8413a13f6167f1d6228fa18d1493c73f5b1f9e1e8789bc48eb,jev-1.13,0.01
da-test-002005,0,955a1088c338c5eb46eeb134632eddd3219a9c955bd9e9435a8cc8f035b68bee,jev-1.13,0.0
da-test-002006,0,9b65fa401a0fa88c3f0b526bcfd8ffe9c5a7c42266312f8e404961bc3364b929,jev-1.13,0.0
da-test-002007,0,4c5310322d53480b8b98064f25d77bf71e8b319ced16a2aac514b3bffe0a09f1,jev-1.13,0.0
da-test-002008,0,e7da8c37eda5830cbc544e6b483565c08adb073f5c1f2664234d9fffe96bd8a0,jev-1.13,0.0
da-test-002009,0,53a5d319133d560b2363219aefb92b90b2402275f4ae7b0724f136689f64c4bd,jev-1.13,0.0
da-test-002010,0,95d532aacf75b4fbd61e21ea7473ddcb41829abddec23532868e6067b6962f39,jev-1.13,0.01
da-test-002011,0,df94a02b1d9693d396dca638b45e194a514dfdc6c605a44b32e3eb178bf66cbf,jev-1.13,0.0
da-test-002012,0,6d762500c96d484cf6e96b41dde73611a364191cb5c3b7979495e457167e436d,jev-1.13,0.0
da-test-002013,0,9a0c1ea5251c18d1f4ebfc537134bc39c9d6ca00e89f97da7a130fbab873011c,jev-1.13,0.0
da-test-002014,0,ddd91811b204598d9ec81eaee12c6326a908ecdc3deb5588f5acbd2e2bbd0098,jev-1.13,0.0
da-test-002015,0,33c6616661a7b17faf1124fe3722f982e1961911a505eb3d535c5f605b936019,jev-1.13,0.0
da-test-002016,0,f54ad8ad89a7eac3b0bc40b5815eeeee1529bae6023c7c92eaa9d6233906a942,jev-1.13,0.0
da-test-002017,0,36e97bbbf52880f36f27b841ca8d22d53d1638cac3479d4345caf35d1e5e9b0f,jev-1.13,0.0
da-test-002018,0,32d2727fe1f9ea77083ed62a6addf4f3b0592f01e45ea8ad797a610a26c54562,jev-1.13,0.02
da-test-002019,0,0d9967b1a2bcc6c0e4e4c4f70d84b547168de1831c9af7fcd6936ecfa2a404e2,jev-1.13,0.03
da-test-002020,0,08e01b7900160104b1d9c7238ecfeaafe52453164cb1f52e20c87fa8216390ae,jev-1.13,0.0
da-test-002021,0,48c0db6fbc354962bdbcb640778a1d7afcbe4f08408973cf9c266c096a6efc2d,jev-1.13,0.0
da-test-002022,1,862de86b901d127b2c40f4e9f2b44b79caa0dc844e4421492432a8a9fb23f467,jev-1.13,0.8099999999999999
da-test-002023,0,533ae3b6419569b6b19f16bcc2cf3e723aa56de93b389aac95da99e46747c69d,jev-1.13,0.0
da-test-002024,0,061af4493949614aa62f301b1733182764cc01fc5df26164f84732032e6a7e69,jev-1.13,0.0
da-test-002025,1,c1fd94a543c449a66aa419f4705a43e8996f7e91fdd22c17b387a26c5f1b4f94,jev-1.13,1.0
da-test-002026,0,db94dc244c266a8db7aea28c1b26aeaa89f0be11b23196094c41b8bffa76ade3,jev-1.13,0.0
da-test-002027,1,6e7e570a0438023e9b82447b753149d010a5a18f1cc2824a2072dba24199ed6e,jev-1.13,0.99
da-test-002028,0,d9458bfd96e1a8a4f5145f7dd1107dadb1cb5b33129eb5f036311f11a982ec72,jev-1.13,0.0
da-test-002029,0,337ee1e2cb5d467791527bb3d9527198af0be178c93cd82eb03751a3e96c83d1,jev-1.13,0.0
da-test-002030,1,6d48aedace19c120f805a3a7ea73b4441b49c63a595d266d531e5b4b9f4e135c,jev-1.13,0.9
da-test-002031,0,7dd24dd43b2aa68ca3376cbe04ccc14dc1a757c06876ed4e6b3c3fe48caa62ca,jev-1.13,0.0
da-test-002032,0,52e4b04f3fdf376c53bda7b9d3226f5befae0f6fe155143777c04d6845ca2f74,jev-1.13,0.0
da-test-002033,0,67311cc5b372d13c27c994135a29715095071206626d8bc5e44baf478b4f4f11,jev-1.13,0.0
da-test-002034,1,5181741c863355e3b6525a2f39fee8f74d4da9bab1165c0c37d50c417d11f6ca,jev-1.13,0.7
da-test-002035,0,56fc5d835f30c8c6708448706e801e04fe6408e7b0847d05ed79d21e53314e7f,jev-1.13,0.0
da-test-002036,0,1d9c56e82f093c927a94b5172760b2524faadc8aa1fe6aa44969bcf837b7f14f,jev-1.13,0.0
da-test-002037,0,bc47e972a8167e505568bdd25f7b2dc413fe824a86751f853cd33347c6306a37,jev-1.13,0.0
da-test-002038,0,485637443f77c3b2034104574b3e5468cc0e5400b6bbab2637f0fa8565257708,jev-1.13,0.1
da-test-002039,0,2cb1ed6289a35ce2e589c0e17d3530a18f8ac2dcc9d7abb7c1c8b227d083a5e9,jev-1.13,0.0
da-test-002040,1,8db66d67038c36d77790aee0f803bed543113171d6ca061b57c4940413017014,jev-1.13,1.0
da-test-002041,0,e1f6eb3905a127835a39d6059c5ce16217bbaf73228503eb51270d56fbb35fec,jev-1.13,0.0
da-test-002042,0,9bbf8e5a0dec7eec1d31a168b81a4d2b7576d6bd507751e15ce18223142d7f74,jev-1.13,0.01
da-test-002043,0,3973fe46dca2ed430fe88d62d33f7459d48a6e60325d18c6034bc0ebbe8fc8c4,jev-1.13,0.0
da-test-002044,0,a2a4223957c60d256e9a0f36bffc10ee43b533a0a67860fd5f3dcb5c4f480801,jev-1.13,0.0
da-test-002045,1,36ac454d66aa34f8f0e96932739634ae3ae1beadc0d60113d57551a401f05725,jev-1.13,1.0
da-test-002046,0,e0d93a067920f74bcb4098f99ec99be024837f367104fc097839e34a9847f947,jev-1.13,0.0
da-test-002047,0,043fc20a28d336277cab07a2ff862df24a3ce7951371b1e43216d17e6a4016f9,jev-1.13,0.0
da-test-002048,0,ea396e6b7d8c803f0f4150d64fb7ae228c6573d3b9c92344be9d98625fdaa187,jev-1.13,0.0
da-test-002049,0,56dca5978a6228ba526c76f2b2edefcbeee899486e24814c85b9685341d21718,jev-1.13,0.43
da-test-002050,0,8951f82cc7710275868ee5f9912616165e529046249200197b2cd680fe204226,jev-1.13,0.0
da-test-002051,0,124a3c1009b7481aa5bdc36cbb2954d53a61d26f8b12b1ff8ff4dd405a34a14e,jev-1.13,0.0
da-test-002052,0,f8fe92b7dada741d977b7b26c187a395d3ec8aee41de8deaae5a46191b7f033e,jev-1.13,0.0
da-test-002053,0,6109a78204ae5eb4ae4a0c4f87ca9689a19af5aa773830995f38dfe5b8a01623,jev-1.13,0.0
da-test-002054,0,b3467abd9491fa12421f0fcc3eb8e50b0179e0de27868e988ee1957ba917c912,jev-1.13,0.03
da-test-002055,0,7cc43684a2eabf4081d9e97e4ae3006814e3aa3c5d08e53442cc3ddbb6e5d642,jev-1.13,0.0
da-test-002056,0,770aa2cf0dea0e58538c137a140d13d6909751354be03728bdcd5cb6dfd377c9,jev-1.13,0.0
da-test-002057,0,7a95eeb8d75fc8dc93f297b130960da6e6369189f4d9723988f93e4757ea6306,jev-1.13,0.0
da-test-002058,0,295f6df333eda8a04c91bf09084d8d8fa35258a5671794bd3c5633f73e4f223e,jev-1.13,0.01
da-test-002059,0,94a790386c2edbd7e7df7684e30819e816f97b514259e4184b1e074728da165b,jev-1.13,0.0
da-test-002060,0,3edb957698675022da6fe92f40b8726de57a1666e63398d9ad1f0264245bb2da,jev-1.13,0.0
da-test-002061,0,bd94514c090f77c7e66325348205165bd49c4d15476f83d40203f1afe2209fa8,jev-1.13,0.01
da-test-002062,0,9e8b36a0af385f1e9910bf77232c9dd0ba8d2e3de9fbe69a1c5a682bef7ebc43,jev-1.13,0.0
da-test-002063,0,765ccc13bfb0cd35dc0fb2210ecacdb6215dc7ec17256455ee924703019e739c,jev-1.13,0.0
da-test-002064,0,c9213c810af003b4b39c35a67b10e54b690e6ec42dc48156caf8e8291d3d16a8,jev-1.13,0.0
da-test-002065,0,6cf3253f655070a59fe1b94a103c74673cd9437358e68144176fe71ce1c984f7,jev-1.13,0.0
da-test-002066,0,59a76efbd7cc9768708489238f01dd30e75c5b80d5750950ad7c082de6e53bc6,jev-1.13,0.0
da-test-002067,0,865ec33c291b00f1428fbe7dc56d0b0bad8d802dd6c4291c2d84f405a1485f9d,jev-1.13,0.0
da-test-002068,1,4c237b00b0cf27ef0f4580f968afbfc1ee39e3878acecbca11802c1b5a6c66d7,jev-1.13,0.9
da-test-002069,0,9105b32d267ad9c82cf1ac02151fdc5f5d3d9044c9e4b56e94906e336f2abd69,jev-1.13,0.0
da-test-002070,0,4b465ca689ca00650bcbdd548cea37ae9a46e9630a89ac7c8fdc38a1897dbc26,jev-1.13,0.0
da-test-002071,0,aa63da26c8ade7db441c6324cf83626fd6af446090acbcb89e6a36e0d3e08c39,jev-1.13,0.0
da-test-002072,0,00037328ab0c154c286a4cbddaa42fb88485a9a6c894dcbcfa74630217350946,jev-1.13,0.09
da-test-002073,0,3c41d3336896b02324eacd08683856b1c9fa7c9ee822163925f75809ae6e3756,jev-1.13,0.09
da-test-002074,0,88d54812bf0e1ee81062bb845e7cf9d33ac4556d776b869f2f275790a806145d,jev-1.13,0.0
da-test-002075,0,c491b5718794c9cd98ee1c04117822f3ce171510b6ff5156bbd5f43d7a4ab40b,jev-1.13,0.0
da-test-002076,0,d6c29a4171793e173ffa4631fba1bb0fdc9507e754ef6f42e1300994d9a55c60,jev-1.13,0.0
da-test-002077,0,1fb37fc0811a604baa03a1e305c83d18b7664e233b846e2e96eb28ae3dcbc19b,jev-1.13,0.0
da-test-002078,0,f379543a6b28da5ea78eda474379f4eb96fa854a93dcea03714107fd3d16178c,jev-1.13,0.0
da-test-002079,1,d56e0d7e067172342d3c475af80c68664a188e1a71ab00c95b7879ccefc02296,jev-1.13,1.0
da-test-002080,0,98b307c7e2df795e32049682286b5e57348c32954ead26a179ebf5298054a6c1,jev-1.13,0.0
da-test-002081,0,cd859c2db517e046c4e92524d23565cbcbcc3190c923151f3f6acd867bc9b1bc,jev-1.13,0.0
da-test-002082,1,9f76a4b837edb5db8f2c3bce307d31617f7d7d5687c14061f156bbf840e035d8,jev-1.13,0.93
da-test-002083,0,e06ae247657ed69c7db0f6ed95778c9c884e8914f06fb5a803da1406353a653f,jev-1.13,0.0
da-test-002084,0,a9c68363f6e703ec2a712942e57b820d998954e730bf9ac2bcd2049cccb089ea,jev-1.13,0.0
da-test-002085,0,0fef59c08dd032aecb805271c865904a0beb0fc6434c0e79342b0552537f39a9,jev-1.13,0.0
da-test-002086,1,dfa3580a2b0f04b75437cdd72bca8bf34d4540f8ff7aa55605b4579b2e0287f1,jev-1.13,1.0
da-test-002087,0,f8e1762e918326e90f0c002bfbfdd9301f044d25ae2539d906e6e46ba977c53d,jev-1.13,0.0
da-test-002088,1,f01418c41165e5e6f1a89236985a3db56656d440946d516d8c1c83778ede1623,jev-1.13,1.0
da-test-002089,0,662a78767cafcce35935caa5257c9fe00ff3de783e56490f57e11fe3c5077edf,jev-1.13,0.0
da-test-002090,0,fadf71d5186462ba0f0febb3a3b93feefa0eff2a7c522fc1c04153131057dc8b,jev-1.13,0.0
da-test-002091,1,4cb1ae53d98923f89ef70b1cfcad21e430b19df2661af0fa2b0778ce998f5f9b,jev-1.13,1.0
da-test-002092,0,e35c746244b4e986d5a745d556989783f97b2749917a55f9dd96a48f83a9ce32,jev-1.13,0.0
da-test-002093,0,d3eddb0835c4218d96cc27dfa9cdec217e6d3a1b2e646ee55b6589cc82379319,jev-1.13,0.07
da-test-002094,0,2383b06eba0f8111398e5b05fe01be4bd0ae92434145b8cb348a5b58afa5609b,jev-1.13,0.0
da-test-002095,0,7feeb9c15737d009f8c9971e095443147654b9070c4a5cedb9f25a2f261f2a81,jev-1.13,0.0
da-test-002096,0,57a7711aa9e021a5c2d3e611348a1f161c9428c49ba808844f0502a865c75c56,jev-1.13,0.01
da-test-002097,0,71f5f45156e6b27a36c71858408cf0af37a5d7298bf0f51222df2f448147ca03,jev-1.13,0.0
da-test-002098,0,f9bc387f6f549c42fd93129609cbd008090328f92795cd0c52fce36ec75e7ace,jev-1.13,0.0
da-test-002099,0,379b4f44df0a8858b71c5603c2401988b9e78bc15b61a4bb5d160c9479e88197,jev-1.13,0.0
da-test-002100,0,930e35162cc0059fad94f0b08ee280fe11c6920f64553a9b956967320d614e33,jev-1.13,0.0
da-test-002101,0,d11dea45ce6b950993763ba73c7d1e3eec466d530cc164a86968dd44e496315f,jev-1.13,0.0
da-test-002102,0,88f065a537de76f735e1641b23e06c17ff39df3da6cfda1b6059c31ecf936691,jev-1.13,0.0
da-test-002103,0,1a4c5d0f47aa38a52abfeabee51e67d39364b9fbf13143bed33bbda02a8b2393,jev-1.13,0.01
da-test-002104,0,0844abb753e032d2bf29481afb96281269036119e3559332393f4045379211af,jev-1.13,0.0
da-test-002105,0,f8644d0c405442e1e02368040bab1a8dbadc0aa116fe0a8476dd971dec3b5c55,jev-1.13,0.0
da-test-002106,0,67596858b5f871e2657094ebf275210a805ece73fe3f400fa7353cf85766b0ad,jev-1.13,0.0
da-test-002107,0,58f22d05dae24e6169953494267ec241444d7d8ba2a30774e5517276ec0e0388,jev-1.13,0.0
da-test-002108,0,848bc421de96cd72b9ad003d75989e77d0b0c1c95a4ea483fd7c8aab4581dd2c,jev-1.13,0.0
da-test-002109,1,22670be1caaf1e662d0745fb5c995a2d4b4923606ef355216a827bf70978205a,jev-1.13,1.0
da-test-002110,0,17e36ef0b69691b3bc6a8cdea1b78ff361dc320a7e3a0c9744be10c0d5a9e017,jev-1.13,0.11
da-test-002111,1,4d4b677547b36ff089637317969d6172374dcaec93aae9a8a6f8822cf991d831,jev-1.13,1.0
da-test-002112,0,4cacd1953ae3567dc627106b9a6097cc98de2a3e529c3e4510b3a3f256c085f4,jev-1.13,0.0
da-test-002113,0,0e05da47cf08243da984b62cd14176740d5bee0a76b23df0ab7fe3789c3b3cf9,jev-1.13,0.0
da-test-002114,1,e101deefa476108ca0cdbbb8cee014b4e89d1ce1554c1b4a034467292b043fc3,jev-1.13,1.0
da-test-002115,0,d2d37c3a667c6352e0eab1579b43b1e2777fd5ebe790e15f4e34ce3266ff8fff,jev-1.13,0.03
da-test-002116,0,57096ddb4eb586cb025c4e458e8adf04cbc79ea8b9d89e01d3c327dd744a67a8,jev-1.13,0.0
da-test-002117,0,a6afb0d19f3a0ed388b630fbbd1f8d09e0faf016c6a748e9189b2b250980c0d8,jev-1.13,0.0
da-test-002118,0,18069722d811b258a0a1e2062117b947598fc7298882920873b540b26c0af528,jev-1.13,0.0
da-test-002119,0,0181621acacd8fbbedf2bd6708e35fbf254b409446ca7ffe25bf2c672735940a,jev-1.13,0.0
da-test-002120,1,20f525056914ef83c6a23b65900374ec1e5e58b15dc1a5f38d98fa7f24d94706,jev-1.13,0.76
da-test-002121,0,0b44576c306266470082cc7e0a1590a1d94cb0952194f997b685ab2129f88428,jev-1.13,0.0
da-test-002122,0,a1bc4be0300880d6df09afce85b85477a6ad3c4cfe7563bd5e4e93ffd51e163d,jev-1.13,0.0
da-test-002123,0,0332cc548cedff1b3950010f681b078497551eadb9c1b8a19a16e2f11714f7ed,jev-1.13,0.0
da-test-002124,0,fc1d23cbb4ad1b873bd9398c6e2cce3921c10b530e766a2ba6f1d7a5985e8b48,jev-1.13,0.01
da-test-002125,0,a80edb382d355d4eedbde8bc1ca1cf57c39e44e3090b48b74f9356e3a9d7f116,jev-1.13,0.04
da-test-002126,0,6d2bef330d35703a1bb08ff68341277424ef718b6d8f0e7c432277785f171b18,jev-1.13,0.0
da-test-002127,0,00aca84128b3bc2339ca6427597fcfccc1262241191c0be2e43a4cd4500be09e,jev-1.13,0.0
da-test-002128,1,ebc42bd19d884fdce7676c4c96c3ea4f71c371dd4051b161e95f31eefe327861,jev-1.13,0.99
da-test-002129,0,920f65a8250351f24b88f5138f203085d7a0f6705926010e28c44c45a45120cc,jev-1.13,0.0
da-test-002130,0,ea4f4e7f2fcc60bc6d677fd2046f63fbabe7ae5f264e03140244bca844f54948,jev-1.13,0.0
da-test-002131,0,cb1ff327479b8d11ef44c3fe2f2d23039c42e844f7e872a0593746039a3df159,jev-1.13,0.0
da-test-002132,1,e4f9ba2974779427d234873452d3932ed789df93191e88450257a4405a9501eb,jev-1.13,0.97
da-test-002133,0,32d21f0ffa49d2523e7c54f135207404044e3352fa778bd56d94f2cc583b000b,jev-1.13,0.0
da-test-002134,0,79a37cbbd59c863a2077aadbf6d337887320645e21946aa7ab20db4c6f9ec074,jev-1.13,0.0
da-test-002135,0,f72db37466ee940b18b5f848161b1747acbcafa64081363365e306ca05589c45,jev-1.13,0.0
da-test-002136,0,168c4b38dc03f7d7db57ec05371b108472863bee9290201848386820d58de36a,jev-1.13,0.0
da-test-002137,0,3455add32fa7dfec02e2565f3533ce899c9d833674950123802de352e836ba0a,jev-1.13,0.0
da-test-002138,0,5ee7c07c8856995cf03c9f814051ce1afcbe674bbcaecabca9cb3496e2831723,jev-1.13,0.0
da-test-002139,0,4a99400122a8f1f81dede9b8105678bf4c84184eaa95a30818d74d414a797570,jev-1.13,0.0
da-test-002140,1,e81886c09b314d63a489e3fcbb0a820f9694b49135ab19d248e149daf203c7d1,jev-1.13,0.82
da-test-002141,0,60394fdad6f1ae7d69b4de2f06a3b192eb9f63eb9a1461c5cb74368dc77cb8e3,jev-1.13,0.0
da-test-002142,1,bc4e15d8483fb75e142ec54d7eb61bb9f6796586944c60ac36fc470432e70554,jev-1.13,1.0
da-test-002143,0,b69ae48f37e8e9e29fdbe7a1ffe06784def6423c7cf4d992f429367f2a4cd6d8,jev-1.13,0.0
da-test-002144,0,41f6d85ccff1fbd567438cfe5e4a2679188d2d68b7f129190394608d524cee13,jev-1.13,0.0
da-test-002145,0,6db3678715980f9d887ec8057e3fda0e4d420d7b3378e0d63fbfc2849b027527,jev-1.13,0.0
da-test-002146,0,4bc0e776aa02210e6109a6309acfb6e9277dab6ec2fa5590c69b6b4709508c6e,jev-1.13,0.02
da-test-002147,0,c3bf28a34e9d4124bf3057da357d7aa3d1323802b85f527de3ba2270f3f42305,jev-1.13,0.0
da-test-002148,1,7a6bd424aeb11c1ab5fda6f17d6d0f6cbfbb7ef26fc2406d34a41ddf3c598088,jev-1.13,0.98
da-test-002149,0,1b3317bd1fe5c150ef23b9fd1406649914b318c3d4c15e08bdec8e198eaf49a6,jev-1.13,0.0
da-test-002150,0,69d0875e874df31bc698586dcf50ae4bd3854d5204e1bebdc6a6358d47813c61,jev-1.13,0.0
da-test-002151,0,39e6a8a2345bdeeff3aa7425661d50df86066671092fe64c71103cd5b8b94f95,jev-1.13,0.0
da-test-002152,1,173de16e2e8bd968368175006432290fbea1a0bddf39867b387b6fe54a55df5d,jev-1.13,1.0
da-test-002153,0,404cf6edbab467fc6cfd439e3f53b51d347fd7f7e11cfa351cbdaa68390d8700,jev-1.13,0.0
da-test-002154,0,55ed84bccaeba30e68591a5a8f268c590ff3763e5cda11a7cd23d4da84b8538d,jev-1.13,0.0
da-test-002155,0,951b6af562d472fd3e5a85bf0428490397cfef2c3ababad90eeb05a5a9cd0fe6,jev-1.13,0.0
da-test-002156,0,084cd1e8446a676e7ce4712d486b30db501af2053a351bb337146844bba8fd34,jev-1.13,0.0
da-test-002157,1,92a2fb00fa039f6bc376e317bafbbdcde4f042057983c3d92b008285e447909b,jev-1.13,0.93
da-test-002158,0,2b2c993fdb1a4dfa4e664b2c35e1e514c456d80baa2c4171a9e6cac767402efb,jev-1.13,0.0
da-test-002159,0,30705c6e0a01c59c46573bfac2d13d4f1d9aa89163cf2e9c5dfd091623ed6e85,jev-1.13,0.01
da-test-002160,0,5b5aa39138284197a9d0087db19b957e7549f8576d13ab880a92c6c3fd4a1d77,jev-1.13,0.0
da-test-002161,1,fa6ba3cfb9e837fe3490ead0d083dfc63dcc93227214ed0e9f2ddfe70ecfb880,jev-1.13,0.99
da-test-002162,0,496b4115c70f4303488cc37858b6e712afc693e218add3db896c4e6b3142a513,jev-1.13,0.0
da-test-002163,0,8bf24fed34248ee629576bf0824e57ae0f960ab3b154a53ef50536aee41be3fc,jev-1.13,0.0
da-test-002164,0,35422017d80aa56636482c8a8a8dd52fc55aeb71525b90f8480d82d6a2933413,jev-1.13,0.0
da-test-002165,0,604f4cbe572787af6fe130dcca88b2f658779b1decb06a65ad86421bbb5a4b9d,jev-1.13,0.0
da-test-002166,0,0316ea7c2187e2224ae6bcc6ee4303c216829cc6be26cb4eeeb3eb5ab31efd4f,jev-1.13,0.0
da-test-002167,0,2aceb146f42dd9c4befbbad6cde8fa5e44c242cb60c397c94f36e3ad5351a5db,jev-1.13,0.0
da-test-002168,0,eff60b5954b34c6b8698f1ce34c6d6e0cc139ee7947c8c3289a990333ba1323e,jev-1.13,0.0
da-test-002169,0,79ac88f61c60091dee972e0626b2ad39181af2a48f6ef07b598d2490151100dd,jev-1.13,0.0
da-test-002170,0,3f328d0518d42f068e4c8801841e8aca14f487f9476587777ece018a6fb68333,jev-1.13,0.0
da-test-002171,0,c712da43a9f3f66d8c334da338d4d6fd2948678957601e0494735d209656ea51,jev-1.13,0.0
da-test-002172,0,e3e98517fc026813726c0dd0bbb41a2fcb0a954c2cc546c6ec51d017f91e99ac,jev-1.13,0.0
da-test-002173,0,1980b88a52525f8db04c9f3b9584f382b99bbc265c9297ad44d068501cf33873,jev-1.13,0.0
da-test-002174,0,c527b5f8b4e883a5c6830ccf20dafca11b3aced9dc12a827565fb0c63b6f1dd3,jev-1.13,0.0
da-test-002175,0,d8c452afcf55b7f80145aff69292cc70923af71668f50a6161e38b8db1827e2e,jev-1.13,0.0
da-test-002176,0,d6acd1173a2d7518286566cb4851cc28c5d96a6c96eb8f94caa255be1c2d7875,jev-1.13,0.02
da-test-002177,1,c3b2c71b919d39ce9bf8b61e35878b9c2b9f25902a7da6cdc284a8a0b5f2c6ab,jev-1.13,0.97
da-test-002178,0,8704e59ecb1bdb206463ab136b310d0407fe058b7e6a54ad5b40824926d9d12f,jev-1.13,0.0
da-test-002179,1,c7034aca24b2929b03688ec517421bc83760a229fb06309015efe380f0920231,jev-1.13,0.99
da-test-002180,0,1d13120e9966ef19b5b272fe16fae482bfe3fcb87b4e02fbbcc36bba71980a25,jev-1.13,0.05
da-test-002181,1,445b12d46d02654ab8057a0f31ab9d95080e854da91dea4e59490c2a834b2efc,jev-1.13,0.8
da-test-002182,1,53c9bed74ed310b8de83c4dd10c410d3c66666d0c1190773dc146a0b76a3b8a7,jev-1.13,0.87
da-test-002183,0,afb76cd381bdced77ca3fcd587655af0bfccd76803fb2c5ce8a5563068d0a34e,jev-1.13,0.0
da-test-002184,1,dfd96736a9ca93f6646a08d8ec42565266aee351c45e7c0d50944ef3db511b61,jev-1.13,1.0
da-test-002185,0,6556a5ad9e858485553c0888e09075996111b581d570dcbe424559ff86e9b7bf,jev-1.13,0.0
da-test-002186,0,67e1beff625e0645e961c44f5e267cc4b44ffbae3c06970076318316c398b129,jev-1.13,0.0
da-test-002187,0,0edcf35608d56fa4a5280d8470a03c39ab8cfd3070f16a3bc8a567d9200a8010,jev-1.13,0.0
da-test-002188,0,420cd6f070e24d834146cc124d21139f1811d0416ce61cac246fbdb962fb99b4,jev-1.13,0.0
da-test-002189,0,cf5f4ae7ab4d4cb29a9a60a953ef1266a827fb190d0a1f0fcc94f7314f3528d6,jev-1.13,0.0
da-test-002190,0,ec0b4510f35bd168f3a608dddbc9e8458db8dd04df50d556834af7db0d0c7a33,jev-1.13,0.0
da-test-002191,0,ee99ada88d5d640c2af13addb30b8add37cb49a8e69753e8ee91525b7c3403e4,jev-1.13,0.0
da-test-002192,0,8b5ea21a28240025e9c6ba07fb3fb6787c0399345da5a7805f10e2655232873b,jev-1.13,0.0
da-test-002193,0,4390c44cd40f16fff1fcc1e81f396d3cdfc684bfbd349d19e6ac0911ad88dac2,jev-1.13,0.0
da-test-002194,0,a81bf23efd0f5e81ce3b62ab85aaa4bd579dc19a533e706550e568a05ef40d79,jev-1.13,0.0
da-test-002195,0,b38947b945dc08a6713e27e109cef8b112335efc6bb5eb9fe45ef64487ee79d2,jev-1.13,0.0
da-test-002196,0,7b9c0d7f2145356906cb66e1ecb64dc9d4030f95ec575251a8874b1b9acc7f65,jev-1.13,0.0
da-test-002197,0,7b066b117b778e92c84973778b16c2d4cf676a54b0d48af114732c18ae3ca0b0,jev-1.13,0.0
da-test-002198,0,81d829028be458fd7554e84395d2073808a7dd8bafb1e5ae2793ef030662ac2d,jev-1.13,0.0
da-test-002199,1,20b31903a69ccefd815eea167ef941d4754453a8f7a8ebb93b113000f24e5111,jev-1.13,0.88
da-test-002200,0,d8990a8603d9fb4047c59a2f8a932e9ec1a576fffa3c1271298f770c91193832,jev-1.13,0.0
da-test-002201,0,16f3fe02e6844b9e9f19f7433fa63dcd8041b4b0f6231587b4e18acc13d240e5,jev-1.13,0.0
da-test-002202,0,3911c1d5e74758d4bbf1c9234c1cd7f6b5c43fba208ff996b918e1fa65a44f8f,jev-1.13,0.0
da-test-002203,0,839d5a4cebc5f6ce2a5a524102908a5f6d6c83e8661c07bcc67f5d6323a45356,jev-1.13,0.0
da-test-002204,0,35b8031e6d6d267b3055cc9cfbd8a9c958a650a83d8552877b7d9e0e7596aba5,jev-1.13,0.08
da-test-002205,0,13a8c4ae7a6060c40f9684bf1e463e4ba52af8428b717bd1f16390accead9a19,jev-1.13,0.0
da-test-002206,0,70bbd4fff5d25607bfa790b33885c039a9563897ca53dd80e5e4fe50a639737d,jev-1.13,0.0
da-test-002207,0,a3fa634c0457071fab0c5e336f6da0acf3677941d738fb7e25fdd5b802afd413,jev-1.13,0.0
da-test-002208,0,4ea52725916145bb23abe201ef4cd0d61a5b4a1eed9b5ecdf3b23a82bc0a4da6,jev-1.13,0.01
da-test-002209,0,fbcc59dd41ba8e6e3de9f86e4466f3f7766a5cff3d83f418fcfa4356e830e188,jev-1.13,0.0
da-test-002210,0,ac5f5786f936f194ed581b43df466e53e91b1d28b68cac46fee2a25c8a5ec167,jev-1.13,0.0
da-test-002211,0,ac2e7dade1615ab59be7b425141190528709af508ff68f24524fc407977e9ed7,jev-1.13,0.0
da-test-002212,0,e9f4e83573d1ae3ed74899ef616a2bfc87ada5ede7d9c7be894741e58a1ad257,jev-1.13,0.0
da-test-002213,0,a7ff7a9dff2127b7ee7bf23f11855f3705b98ebf5438f0c48248b5b15e2d8711,jev-1.13,0.0
da-test-002214,1,0a86f52a75ce2fe608c4c1268d4a6e661d821d2959fef1dccb93373ad8080bf6,jev-1.13,1.0
da-test-002215,0,511c9f6d9441c3ce9e63c5bd30ce25f7e089fdc96e218ff8b99f04f860937d64,jev-1.13,0.5
da-test-002216,0,0295e29e3c778ee8e09116fa357ca623d291b82697996fdd2928060688365cef,jev-1.13,0.04
da-test-002217,0,7b89fbd167f65dd8e708737f8402f034b9d5ccfce6f76716ff31f340ddf3d81b,jev-1.13,0.0
da-test-002218,0,ce6b4a36d62d1d7c49f429761d8ec8feb08bacd8aa675614c507f9934b41be69,jev-1.13,0.0
da-test-002219,0,581e2e404e1e15f49bdc6b7b84b81e365405ed3ce98d9eb688ca25fa694e69f6,jev-1.13,0.0
da-test-002220,0,4d6e5b9ec04dc18150f774810c82c4e2e77162f2f6a363f4c1eabe3d41633724,jev-1.13,0.0
da-test-002221,0,1e7d4a8d93016095cbd36063e902f703f8662f0273a51749540ee154ee54fb88,jev-1.13,0.0
da-test-002222,1,db44fb152370526aa44f0e80580abdc1e20bbb42dd186f8f07e6632784ae256b,jev-1.13,0.95
da-test-002223,0,d14fccc3d3b48b12c682d4508771e7da80d85bb9354483cc14eefa9b91bb7c30,jev-1.13,0.0
da-test-002224,0,6477584529784bc34a1e62fc58c54ed685d85c85b156304083ae83bfc81f097d,jev-1.13,0.0
da-test-002225,0,05835f1c9f56c73696fbf93865085f2b7f1ed361ed3c96fdbd3b3e1f45b4eb7f,jev-1.13,0.0
da-test-002226,0,f7124ca81eeebb42394ff50920ad90e623760bb4e789ef218f5947037144166a,jev-1.13,0.0
da-test-002227,0,1b9427431b81d0d3972dd511b7356c4693fd97cb51d81fd71e48326164a56fdf,jev-1.13,0.01
da-test-002228,0,906189fb38f9dcbd0733cf47dab2467627f6607677bec697d6be732b449c75f9,jev-1.13,0.0
da-test-002229,0,be67294b284eaf67b6890f88d568b502d15d4d40fcbce1fa513d613cf674e3f9,jev-1.13,0.0
da-test-002230,0,c943ed6e89683a0d7ad361b4bac7584b7605ef40927fa25c1dfd9bf2d656b5d0,jev-1.13,0.0
da-test-002231,0,09465ee00a4bed87ed2a9d88eeca61e3c1002a047329601ec8ef98b9561d1050,jev-1.13,0.0
da-test-002232,0,839ac70eedadb994af3f4a940285c20515d1d752f07e8fc497c1d29d72f6f212,jev-1.13,0.0
da-test-002233,0,068f6644a98feb951d0235f133aaf8afe03df0c752e50ebb639246464d9994b0,jev-1.13,0.0
da-test-002234,0,7d7928531eda9207cc7aaa38409c69dad27efb9645d97eec094f667c376ae72a,jev-1.13,0.0
da-test-002235,0,f243acc88fe77313589d240b62a4870ac697d592afb650ead1f851a2b6a2bc89,jev-1.13,0.0
da-test-002236,1,3163405a270c58ed451c56e7f4a9f578759f1544f5af68815a97078c99fc00b0,jev-1.13,0.99
da-test-002237,0,773625bb19f771a0c382337a441f8f0a7b433d938457f51ae8cd93b27f4da110,jev-1.13,0.0
da-test-002238,0,c53b761ea1eb22e05df7ef04d6d2f76ba04ad43ec0d143e7b3511261ececcdf3,jev-1.13,0.0
da-test-002239,0,a82733421b79c1e51434a35ea679343b8f4c5b580452f81a00378775c4dc923c,jev-1.13,0.0
da-test-002240,0,0b7c921c7710bfb7a5e9e91db01679f6f0101831c6e815b013b3b616762db95f,jev-1.13,0.02
da-test-002241,0,1c727e40c1ac4851750d496a91c3a669b9a0b5ae25858f253967795fb17f2463,jev-1.13,0.0
da-test-002242,1,cf0049f105ed8ccb936d7dd12d276b66b51b4485056fa9ac648b309c1102a079,jev-1.13,1.0
da-test-002243,0,0844afbc5fe66ad302b503e647bc4d08b5cc0afceb6078fe221ba827f02770c2,jev-1.13,0.0
da-test-002244,0,a48d86447424e62a2e0b4678a7c49ecaeb1cc1e1692253a9f4ecbaaff32e60b2,jev-1.13,0.05
da-test-002245,1,879bf6ddb5bf4995439a52bd14861a77ed555760e2bdffef4ed1b9376ff74ce5,jev-1.13,0.95
da-test-002246,0,853be5810156ddf9fbe1c84831decf962307cfb0b831f95db3a1dc14a8d9dd04,jev-1.13,0.0
da-test-002247,0,bcc083b818f204148ba5d5670f4e8ddf35b6e0c2feb96ffcd25211b95713789c,jev-1.13,0.0
da-test-002248,0,38a9e27797620f4167e2980aa8e1b63afaeee1cd3494d99ecd18b6f709ff4439,jev-1.13,0.0
da-test-002249,0,db5289887ab29aab95d9a9f9268ef0807f7477143a63a4f6e556339038547c52,jev-1.13,0.0
da-test-002250,0,a6b7dc0809ff48078d9698cd310aab07173aac2bae7d01af4b3ee6581c9cfba2,jev-1.13,0.0
da-test-002251,0,7cb8e7f311900477bb237c2b85426a0018a1bb4ff03d00aea97842f387a2c4e0,jev-1.13,0.0
da-test-002252,0,a60111086385914c688733f672339a89b2e2ae46ef4cabae5d7516599c9d7a31,jev-1.13,0.0
da-test-002253,0,5f698bbce8dad2ad6ee586729829b390299fa3cf4a55298faf4e3a309aef942c,jev-1.13,0.0
da-test-002254,0,0063c9a615f88cd2791435e41fd6eed88c03023c4db556ada0f19017c2487b6b,jev-1.13,0.0
da-test-002255,0,87f7692d4f0b9566f8b40e3df2f5db26e12d9b43135ffc74275d8ea48c78c8a4,jev-1.13,0.0
da-test-002256,1,5e4f9d4fe4880c2cc1171ef27946347c904bed71e65825580e29704186876c3e,jev-1.13,1.0
da-test-002257,0,941a4712687bce94adeb77f3374f373014388d2288ced5ba8e5067a6717f713e,jev-1.13,0.0
da-test-002258,1,8033d1e8d9dccbf86dcea6408c6137441d63d9d686a9d12c3454f69e1cd9b6fb,jev-1.13,1.0
da-test-002259,1,3235d1df865d0253cd4671bfce7b23df796063bb9ab0a5528304b10b759b6aaa,jev-1.13,1.0
da-test-002260,0,0f3917a0deb91c1fdbf10122b9bd1b6b7bed11f8847826704c9c503aca31b7dc,jev-1.13,0.0
da-test-002261,0,aed116bb5b3ab675963d219cfa8e1f50ed3b1937795dbc4efab03d8ead2d7011,jev-1.13,0.0
da-test-002262,0,1b56f5ee24af7a0b83d8b7b02a1e01cf1f3f8d802b2bfdc9ebe2885bf92166fa,jev-1.13,0.0
da-test-002263,0,59754b24320971fb8ab48c15c24276290c1f4557e60a4b05c2ee00e8a4a255d8,jev-1.13,0.99
da-test-002264,0,fe4a71190a7a5518ef12b0feeef2f1cb88567ef8dbedf1ae612d70fbba18cf6e,jev-1.13,0.0
da-test-002265,0,9c57853d57be6cb93b46c7a8062e7b064ee132145f527b2cadcda7163e391e7f,jev-1.13,0.0
da-test-002266,0,c587ddecf61b9a6dbf5c6d37cc04123e5e91facfbd5e940e1bee198b50512886,jev-1.13,0.0
da-test-002267,0,ad9031634581ff6a5efbe16081cdc052fea68e39527da0c1373106e332306731,jev-1.13,0.0
da-test-002268,0,a16295e072132e8c83e64f21611f6d191989a1ea2eacb14a46aac76704bce6a4,jev-1.13,0.01
da-test-002269,0,fb00d7c2ab0802331c308f6e291498f9d49c61340e3fc30fe86672cc87e303cc,jev-1.13,0.0
da-test-002270,0,46ecaac06c0be5bb103ebd08f7e2cc178a4f312b8e74878fc578bd437414e58b,jev-1.13,0.0
da-test-002271,0,a623fffee06b5813d91d403a6f2b8a7438040c330e4ec5fa6317616179d2f97a,jev-1.13,0.0
da-test-002272,0,fa04073fc5c3895a7745e81c3e69048d6e2e67ef30faeb52575d6a2fbe8999a4,jev-1.13,0.0
da-test-002273,0,62b7b3ca1a0ff4d4b54128eeb640b128e6ab1970b6624af69fdab3913f03683a,jev-1.13,0.0
da-test-002274,0,b3f40aecd81fc606c1d9226b53d81becc79ff36591c2152d31b3debdd2d6ef8d,jev-1.13,0.97
da-test-002275,0,789c392f65da4700f5a902ed0219eeda9aedc0367249f6891229df4479b621fb,jev-1.13,0.0
da-test-002276,0,0d63f3873d4326b5be40421a3462ba0577db7691433d1abce699a69f709fbdd8,jev-1.13,0.0
da-test-002277,0,e5ea7d165bfe70a088b4a1bb8ecc431000ea48799cccfebb7e1be8dab12c9671,jev-1.13,0.0
da-test-002278,0,0476a25afae54ebe4c016b44f8b27a1fec20d0ed8d1ce33c9a7d596ad75d85c0,jev-1.13,0.0
da-test-002279,0,cd039e92ffa2dd7cca87962cdbddf105a5c0796437b24282e4e40e52ecffb05e,jev-1.13,0.0
da-test-002280,0,f8bdf378b7ad943d460abe078dfdf7f4d2fb84afd8ec233f082635a81ee064d9,jev-1.13,0.0
da-test-002281,1,ade0f5efc880a393c27bd694068f045debae41bf0a74a62a41dd54342acc9ccc,jev-1.13,0.81
da-test-002282,0,11f0c49f23c263356343872e4a7a4ee3df170ee66776ff2547f3892067acb99c,jev-1.13,0.2
da-test-002283,0,703d13fb86c4a52a93076b66af5bae0233e9ebac94ec5e5592233ff7ef2c76b1,jev-1.13,0.0
da-test-002284,1,af4dc958e41fe8c83bbb1555565de37fab38f60324a07ca277fca30fe04a1588,jev-1.13,1.0
da-test-002285,0,f4dca4b3869fe416024cc58c72a27527078b6d524588788d0ba9b14446122503,jev-1.13,0.0
da-test-002286,0,9991c0cfb5abbfb92eab76bffc95bd4b728c95b8523d1d82aa09210ff079ab86,jev-1.13,0.0
da-test-002287,0,67f9329c7cef3df06fb6ecde005c8c69ee57a6174a789bb6eaadccf53fdad85b,jev-1.13,0.0
da-test-002288,0,b3886a5bccf6e49f910f723a2a125a762a515d6acdfe7e05e41bc39cc4f96669,jev-1.13,0.0
da-test-002289,0,c18d4f18238e510d26c5762fc866a425d62d6272e4c21804f0244bcf26b6c91e,jev-1.13,0.0
da-test-002290,0,b63dc1a5385033cc7e795235dcc10a7cf79883f9ea0f5bb36b0706b1ee303c22,jev-1.13,0.0
da-test-002291,0,166146e2fd351f0f20492ffd2b63d7b488fd8e7ddc5095d8bde63718478b24d2,jev-1.13,0.0
da-test-002292,1,2258ec2dfdd789e81243b2f0510d54195ac99128bc0b309eea85dfffd698c9eb,jev-1.13,0.77
da-test-002293,0,11f0c49f23c263356343872e4a7a4ee3df170ee66776ff2547f3892067acb99c,jev-1.13,0.2
da-test-002294,0,ecc61c787c71be322895c3f5169712b481dc59ff61860d9219af95d3d627dafd,jev-1.13,0.0
da-test-002295,0,94db1a2e380ece9884902d0ec596897f0024b19300be352f82bfa7509a31dd80,jev-1.13,0.0
da-test-002296,0,219f63d4e1fb236ab82f3564dc9fd489d98caa574b51d6c2461310912115340a,jev-1.13,0.0
da-test-002297,0,342940288a7c633f65cdee4ad86508d442aa4a9e325702feef6e45bd5ef38c94,jev-1.13,0.0
da-test-002298,0,eb0eda182a7fe4eba87c8bc2e9d614f63688db8295a1a6d2708fbf50a68b2755,jev-1.13,0.0
da-test-002299,1,2a9632a379d10a183c540262d6f456280a98f3276fc24066094a9b9a06a1c1a2,jev-1.13,1.0
da-test-002300,0,021d55be06ee2c180af06accafba82f63f56da4fdf0547309ef26b000956d100,jev-1.13,0.0
da-test-002301,1,3d011f28ea1c75ae77ff66a9938425adea9005b1edf2103ed2d799647376dcbd,jev-1.13,1.0
da-test-002302,0,a151f21cb17de40468860f3603876b2e4006e7fc032020ede51ba8e81e054e56,jev-1.13,0.0
da-test-002303,1,614431ecf92b8d0d53c65fcb5ded5e00b4539873271cdb2ae3a7aa28da05c80c,jev-1.13,0.99
da-test-002304,0,38487d5d56272457d9186ba1dad1c9b8d1fc9dd994908020812014cf62f3dbfb,jev-1.13,0.0
da-test-002305,1,235b8a01f3dcf8361f946c02c4cdbdb7de52850c0b76b505ab6d29e65fe21db1,jev-1.13,0.74
da-test-002306,0,66ddc9137c90ca71466d851bd8a77cc244e4bc8b220446a7f8a171f30075f1c3,jev-1.13,0.0
da-test-002307,0,9d535a4e349eb43f514449e95d2ab764ab0f2c7244ef83a7ec48165a62b7485e,jev-1.13,0.0
da-test-002308,0,ac1e5bfcb4307ce811a8eafe244b513451e88741b43f7db746de4b46940fb96b,jev-1.13,0.0
da-test-002309,0,5fd3a88597fbfccf3409747353dbac8c30a8d22747901724d7b9fdb5315fd730,jev-1.13,0.0
da-test-002310,0,038679389552fae7d0342a74c6e43e0a3a9f041d40afba4a52c3b5cbc0dccc71,jev-1.13,0.0
da-test-002311,0,7e29643d1e80ec9df3de60779172fa0846570ebaea0953d2608b789abd4a8092,jev-1.13,0.0
da-test-002312,1,b5a636bedd9b67167c932f26cba37dfec0d9567f933d605842f799d17ae08974,jev-1.13,1.0
da-test-002313,0,513e821f082b73ca1a67cd6b5435eab37f9fc323eceeed19cf8e6dcedec8b56a,jev-1.13,0.0
da-test-002314,0,573b0ef325a4479bdacf31c2d344e4b15d7965ecb1339aee325bf19ea3c38515,jev-1.13,0.0
da-test-002315,0,ad13e77a297673f43e408a6b64d9b3b56f731bcc7909c58a0e0feb4e8b17db77,jev-1.13,0.0
da-test-002316,0,f46e23d9d93dd4b1b988cc6707936eb21c681b88212c2f3a3ee1304296106804,jev-1.13,0.0
da-test-002317,0,09465ee00a4bed87ed2a9d88eeca61e3c1002a047329601ec8ef98b9561d1050,jev-1.13,0.0
da-test-002318,0,e36d4446de958d8909cb9d5a3168dc4001c4154e3a0c4e761a889af3d4f1806a,jev-1.13,0.0
da-test-002319,0,471219123b4ff25743c627819445c5da2f94dfcf4c6ba789174232ef97fc0cc4,jev-1.13,0.0
da-test-002320,0,a0204ba1d3fb28b8eb16d3acd260c063e43c0663a374ecfa31de71a33f079674,jev-1.13,0.0
da-test-002321,1,4604ec27a3d586791ed7dff15d2a1ec2bc61fc95460e51357babff07d83407f3,jev-1.13,1.0
da-test-002322,1,94467f3890c96f510f93c00ea3b168a581966baf6886d734061c32aaf2403a44,jev-1.13,0.88
da-test-002323,0,e37f7a643166e5f070a61f9df966eb9406e548c3322b06da093b5c104cf427fe,jev-1.13,0.0
da-test-002324,0,2e713152c0bcdd2e7498aa960decd18fad22d8a30301e654e9759c4f46bf0363,jev-1.13,0.0
da-test-002325,0,022453999bfac070ffb31585ed756921c8a542021acdd90993fa2391c3a56152,jev-1.13,0.0
da-test-002326,0,a65f9a9eea5e9e085d4662cb02c2d2d54c168ce073ac1e2cb25364e720ef5de6,jev-1.13,0.0
da-test-002327,0,19360af7e11d5cbaa82b9070ba1928674094cf78ed6b70c1d9a69c80031e0e37,jev-1.13,0.0
da-test-002328,0,960286b7a486942a2145ec6ace198c76678c379ad25239e24f2e1eb384164d90,jev-1.13,0.01
da-test-002329,0,47fcb11f9990c25d4c6d9bc33c10afe53b5a0af5fa3b4cec9b5c5155502ce986,jev-1.13,0.01
da-test-002330,1,95fff8cca6489dfb0becb914df9042884adae3b33c5030b17d91c8c1b5e724df,jev-1.13,1.0
da-test-002331,1,aa3e8a423e7de619fc77cb6a016fc988bacf5ef70b6b7daf957061f55d709784,jev-1.13,1.0
da-test-002332,1,ba7bb3aedd21e9f46a3445d67b78b0f84f8acd9513bbce09fc4a6d2d623c94f5,jev-1.13,0.93
da-test-002333,1,16d8759f163a887fc22a0c656a1c3830e908a0d69b8f2808ef4322a4a202fd7b,jev-1.13,1.0
da-test-002334,0,734256f63601fc789a4e24b078536ebfbabee44aa0bd33207335878a69353345,jev-1.13,0.0
da-test-002335,0,86fa8b0950e10f1563d3d40843c7054342a69253e2763849d80300b3840b310f,jev-1.13,0.0
da-test-002336,0,ab00fda440748490ece3cfb2dc9b3c9cdbfc9d48fe8e5656ab693f85c4bd7aa9,jev-1.13,0.0
da-test-002337,1,74559ff344cff98f9ca8949b2f3d34236b5654ab7f56c78f71d5b2a2bc05ade5,jev-1.13,1.0
da-test-002338,0,46a801d3008092d954c421b9a48047fb8f1986629033ec751f75e45b5caa453b,jev-1.13,0.0
da-test-002339,0,77dd663de7db49f7c6720d54b0ee9a3cec37bd02fc372fb2f0c4c8a29079f10c,jev-1.13,0.0
da-test-002340,0,0f44d9c01fa1b78c74ac009b286ee125785c329a6d829aecf12b436ef3bf96d2,jev-1.13,0.0
da-test-002341,0,235db9edacd264ab5a732184551e8bc12d08ee3fde1b46df45c633f90895281c,jev-1.13,0.0
da-test-002342,0,2ed7f6ba12f3437012f3143d07740f1dafba5f7c1f76cb184d58aed9d9f57f43,jev-1.13,0.0
da-test-002343,0,43dfb98a66916d59c4e1f0188e918b7a2fbca9a885752cc1870877c381fefc39,jev-1.13,0.0
da-test-002344,0,031b7176fec0805672b6613092976e8726d2a82a4a7c7c3bb1edeb5b8f972c98,jev-1.13,0.0
da-test-002345,1,d393b9fd0986a132850631795668aa85444fda7a24c73f6c6ab9ee9ebefa1547,jev-1.13,0.87
da-test-002346,0,c34805c5468a58e662b91de9bb1b80abfabf7cb30babd7154556beeb69bfe0b4,jev-1.13,0.0
da-test-002347,0,3e3ffeef246b1a6ac8a1f8c02483ee55667b21f19a526ac6c7fc0e61c285ed77,jev-1.13,0.0
da-test-002348,0,c2ede467741ba9f78ce7eff7c3a282b33a13e82257fe86b5d18647c032d5cd60,jev-1.13,0.0
da-test-002349,0,15d333952443e5febe2886bbdf3a4127d7aa3639e4cb1ece981f4aae2c52c0ce,jev-1.13,0.08
da-test-002350,0,cf7b58435243a2efe14ab18a2455209ae1fc4f02c0769f61cd4349213490184a,jev-1.13,0.0
da-test-002351,0,fd642c5448593dd62c034c4b92779d23fa54f70932eab1d9f3fc61f9adef4d9c,jev-1.13,0.0
da-test-002352,1,c8eaa0c2456660bf75b98b9241aa33dd4204c4bdd153cebd32d16d2aa6b74a76,jev-1.13,0.93
da-test-002353,0,63ca9d300a73ee20585f7f5a1b06ce5a18534b7a91ba6d5491de1e971b1d2d1a,jev-1.13,0.0
da-test-002354,0,3552dbc8467f8b07aa881404691fb2c85b75badcac556a73dbffcdf84e7a86c3,jev-1.13,0.0
da-test-002355,0,fdde80413dc74cf3dfdf38f59aed4f6011a5770b96963caeedb7de87c3c7cf29,jev-1.13,0.0
da-test-002356,0,19fa1e9ceafb93a2f8bbdfc2bd1c6bd9e6447e94f65b4debaa0bb7dc182f6381,jev-1.13,0.0
da-test-002357,0,46561a7e8bfbefd7973b8c32519d11a28d1314194f0162d444d5f62632809edf,jev-1.13,0.0
da-test-002358,1,d9ff8bb90d533577b9b3b6e71a7e1c8f9300420678b7b7b1da93a2a63af93bc4,jev-1.13,1.0
da-test-002359,0,d26e2822eafa8c4519f5b24aa4e578eddd6d94401a730e3b44a1cf26ab77d8e5,jev-1.13,0.0
da-test-002360,0,43c09cbbbfd1f363700b809b53e07ce344f078b58ce97e3b12d0827507c8d0b8,jev-1.13,0.0
da-test-002361,0,07ec098b863270591a809c7f9cb6d9cb8dbbddf922e918fec33a8c939cf4a984,jev-1.13,0.0
da-test-002362,0,cf7660b51ccec39eba16f28e9f277e87825381904b1ca88381c7bb2dc751c398,jev-1.13,0.0
da-test-002363,0,e12c045546e06410ca7edc355fcc8615340966f60c27826bad7cdb552456cb83,jev-1.13,0.01
da-test-002364,0,e4e4b2dacaf88ae45f26a949b7053d2e355ff35a8c4f03ced591f8f1ab0e8eb2,jev-1.13,0.0
da-test-002365,0,f759c7f34f419499e9c8dce4d901dcc759039d364d32dd0f63757c61edc2875b,jev-1.13,0.0
da-test-002366,0,f75658d570a48afaac04de5a2c4970ce8e2262dac8e739395841ac3b88f70399,jev-1.13,0.0
da-test-002367,0,a7477c78dce10320df106fc89bcba86954fbd60d87ae290d8c3815ddef3d7c17,jev-1.13,0.08
da-test-002368,0,a83b3a936c71ee287482f325afea56f67e0719d972dfa329b66e9f558b5fc993,jev-1.13,0.0
da-test-002369,0,cb5b475dcf018d13f2848c1e17e53ecae3d752861342071ddc838aeb05ffefdc,jev-1.13,0.0
da-test-002370,0,b3cb87eb69d9fe1b87b6af97eddb2f5188cad228921b8e27298e6e0d10a4b3f5,jev-1.13,0.03
da-test-002371,1,8cba4fee84b1c247ee44f7747cca912bd3c9f17c1e740c16297b6636c0d2c197,jev-1.13,0.99
da-test-002372,0,8d7979d91266280e03c75ac3967eba3e2a0ce52f109662c71eccff286be9d263,jev-1.13,0.0
da-test-002373,1,d8d28ed99edc791fa4b002f4952692098d267a99de582b71df34cc3915b23fb0,jev-1.13,1.0
da-test-002374,0,cfd3ee72c734711247a91395fed3d5a5dfc02c076aa158dcee5786921c195ead,jev-1.13,0.17
da-test-002375,0,cd3fec96483143194a3173cb26ee74af689054baf11e546e2cdb8d4c44194e0b,jev-1.13,0.0
da-test-002376,0,07d9b0f449ebc466034c7c96a6e9d260193844175905aee333bd779a15fc2071,jev-1.13,0.0
da-test-002377,1,8de1fc021f6589413c67abeb515a9da06c440158db8f9ceb824e0a45b09e9c7c,jev-1.13,1.0
da-test-002378,0,10602e35b9d13f58d1116b69d566bb198ed2da5f565ee9063e01227d3fa3b557,jev-1.13,0.0
da-test-002379,0,cb6f89512fa53df0ad3b76b7ecaf070d9e40fee772db76a8745f864bfed4e996,jev-1.13,0.0
da-test-002380,0,99b211ddb488bdfabf2004ff9467cc3078a131c121f7ec09aeb49b8efb844d15,jev-1.13,0.0
da-test-002381,1,d190f5878a401408b69f75c9a0ba49dec9112ba7462eb4d75682aaa62a3f42cc,jev-1.13,0.84
da-test-002382,0,be7f0db0ffe92f3bdb38745a64c96b979909cf0fb28d2940ed5e15b0e47b7284,jev-1.13,0.0
da-test-002383,0,1c0767e75dc140afa7d7b4415b27176bf555c446bfc7869908485f920232b5f2,jev-1.13,0.0
da-test-002384,0,d760ad23065b47e5b76308c6eb378a1ba9793f23bc06d2c06039676b18358452,jev-1.13,0.0
da-test-002385,1,1a8bbdafca4e6f6a0450bf57a4015c5d5335e0285e7cc9b85fa28172c32739d1,jev-1.13,0.99
da-test-002386,1,f2a6a6cbed68515b0d18d26b7ba773c7dcc44eac2a8c013ba77a11d4131b1ee8,jev-1.13,1.0
da-test-002387,0,04a6f37170d34114d1237716a585fa456aedc1a25f75ef60dc82165b0b104d54,jev-1.13,0.0
da-test-002388,0,709e2e3e2def716db19e3e046d8b1031b93e453a8218adb69b7ffe020a13e3fc,jev-1.13,0.0
da-test-002389,0,7bacf733ad9a805aa3f25dbd2b36e27036ead9b811c60fd48120debf7559ec8a,jev-1.13,0.01
da-test-002390,0,c711670f2fa5121d9f67e0803a3ffc9d57d8bc327c9718d61000d22e09245ced,jev-1.13,0.02
da-test-002391,0,a325f4b6a905453915e800f41869f5536eb3d38e3a237e0698c552cf3195d18e,jev-1.13,0.0
da-test-002392,0,7192e243a9a7c695c324dda01c4fd86ac35f8c2369a5d70f7901551b06511e1c,jev-1.13,0.0
da-test-002393,0,c0b77c1f691c332494f9f685e00f8c8d73faa7869825ab3409d81b16de1ba636,jev-1.13,0.0
da-test-002394,0,5b510d5b090bb2a7a6f55253a2ffae7871138bf321b548b6636ab0e00e3b0477,jev-1.13,0.0
da-test-002395,0,c4d2e6ae1c6577c6cf32a9b7cafd7ef3423029f6d1676bfb6b284c9e1f044d62,jev-1.13,0.0
da-test-002396,0,ad558f46ce33fe695d19103c020d642c8fc5f5cb37f0d78265acd9eed3d9eebf,jev-1.13,0.0
da-test-002397,0,1400771eef76b472b5ca16088b0e335c5247efdb3d8b5cf6ba6d983fc4a60178,jev-1.13,0.0
da-test-002398,1,f1bb3a25decdfd552ceaf9438b7041f419b37424dd23c4997d0ee16b2d52ec6c,jev-1.13,0.93
da-test-002399,0,834fdde35087238f643aede33c3cee7bbcde68c708a594aa956ce51a49c49c91,jev-1.13,0.0
da-test-002400,0,3bb9b8a229846c3e48fc539c55bb660fbe22c194d468a7396040c0efbe1429f6,jev-1.13,0.0
da-test-002401,0,f1a86bfafd0e518b5c3db1e2b87ab77242509cee19815e817abfb3be2bc127d4,jev-1.13,0.0
da-test-002402,0,49d323e24daeb3cd68c980d5a43c156eb7c503e7cc20c8dac4bbb83234035332,jev-1.13,0.0
da-test-002403,1,f2bc481ed6b0f8f2bc82ebf5293ed29b6ad8e45193929afd33be4089790c7bf7,jev-1.13,0.98
da-test-002404,0,f331f0aa2e65c48ace5f3c877b61b0b8256d63e5718c2b9f583bef5e0a0c5d09,jev-1.13,0.0
da-test-002405,1,3cf216a289a823d0fdb8f4529beabb89ac0ea7da0401a3ad9598539cc9feb677,jev-1.13,1.0
da-test-002406,0,2ec07e3d0fe50e3dd8015f2e316fd05cc94ad47f9685bfd3f2e5a893b22ecf74,jev-1.13,0.0
da-test-002407,0,03d3ff944b18b36a657fe994bccce2e3383e9918b9b1450513836a376baed82d,jev-1.13,0.54
da-test-002408,0,0e8a902edf7dff41b6690ff9e7ad165f5433a3d41d3da36972b0192428c54740,jev-1.13,0.0
da-test-002409,0,490ec0ffad118b33e13eacf97422fb22a66baccd8d20894b2f75b7630fe43126,jev-1.13,0.0
da-test-002410,0,2e74ea65949ec9948a3037ac6f29415557f0c7168323a67dd7cf760a124e2497,jev-1.13,0.0
da-test-002411,0,db3b8983bb113cdfce0a24437c347eee8067acdb82d6a16eb84fa7d162458f51,jev-1.13,0.0
da-test-002412,0,c99283064f61b2730c635d5a9c77b071632f85b18c714647e011b9c81ad63884,jev-1.13,0.0
da-test-002413,0,fba1835be2d89d3bc358234244ad8aa6dad5a9bfb4c58d9e5ee405c3a332cc4f,jev-1.13,0.0
da-test-002414,0,1355b53f81b7df14db8a67ef042f1eb865d9f4832383274e9cb08d4f57df7f49,jev-1.13,0.0
da-test-002415,0,38148c3343e14d577acee12ecdf067e65500ba634aef7c9cd99a47389624ced0,jev-1.13,0.0
da-test-002416,1,434d876a082eb7ca326b9c576317d2912e3edb3410a01c1bcd64ede2285f1a96,jev-1.13,0.89
da-test-002417,1,666d8e4bdad8d19c28f7595f8a099fd1e452ac7332caa9f8231e3515705f3828,jev-1.13,1.0
da-test-002418,1,7cf2e9456a0dfc09a3274d576fb1a0b4ccef92de9626fd0e532f6c4cbc33da4e,jev-1.13,0.99
da-test-002419,0,e40e8587f815dea64facf4ad5497bae092d46c0be7bdc7be941ce8c00858184d,jev-1.13,0.0
da-test-002420,0,6e80ce40217c978375e5dbc2ad7c449dd719125060d7028a5836988fcbf31998,jev-1.13,0.0
da-test-002421,0,bffeef778abeaabb944d63abe4deefe7416023672a970a6bd6199aeeb37707c6,jev-1.13,0.0
da-test-002422,0,a2909c3a909cbefe5218257b37f32a0a515250637a94330e9d9fd5932bd40e5f,jev-1.13,0.0
da-test-002423,0,b6317ce61206f681ee4df2fcabcf66143b4b349a69fcf94e8ff3fcb99c3c12af,jev-1.13,0.0
da-test-002424,0,a257bef07eae022678fc4e7b71870e79bed98e6d6a28d47e5423fe4d8495b571,jev-1.13,0.0
da-test-002425,0,afbcca95d9febace906273780b33c9a39a3fb90fa8cd14375df2fa448bcde5e4,jev-1.13,0.0
da-test-002426,1,ec4ca1d7130526b687d47f7bf9abb21d4cf32784583f58464d5d42440e19ce46,jev-1.13,0.93
da-test-002427,0,c5220e4e59430f6cadcab2a49915643dfe845c71add2b41f9344310a3459310c,jev-1.13,0.0
da-test-002428,0,6055f98a46fcdc7e8702c58847241bb39126dbf3c40de440c8c89e8a937caab2,jev-1.13,0.0
da-test-002429,0,dad3510b76619828a94379a7aafcdc27b26a1a4267f5f45046357cd7a114cc76,jev-1.13,0.0
da-test-002430,1,493fe022959145c4c783fd5736bd74b8f987970d29efdb595d5215f223bc6b8e,jev-1.13,0.99
da-test-002431,0,c71996f78625574a5eb446dc1b385ba625c654cb48bbc5d923790e5bb370fee0,jev-1.13,0.0
da-test-002432,0,0b689f8139c3183a88e1491c2e51fbb4ba0d3a086b01f1d6da54b38381fec521,jev-1.13,0.0
da-test-002433,0,6e2cc9fdaa3cfac78661149d93e670e30c8ebcb6ca0496b0d0578c224677e2b1,jev-1.13,0.0
da-test-002434,1,3b4c771566d93f47b289bf81314467025518f74b46b46a76fdd235933819fa58,jev-1.13,1.0
da-test-002435,0,4fbae37be741b8039b10764a87aff221d6ea216e5fe9528ababb31e5787cac3f,jev-1.13,0.0
da-test-002436,1,e23b876838c3b337df806a5cbdb8416e7c64eb25fa81c9be5fc0c6c85fd5b2e9,jev-1.13,1.0
da-test-002437,0,ad9c24807362e12eff91a0c9e1593b8d7a0b10bf20647ebf773e97be3f4225f9,jev-1.13,0.08
da-test-002438,0,866451a1a1e2adcb4566a6a1c2b6b48c2bf80aca00daee025225a815c5cd9413,jev-1.13,0.0
da-test-002439,0,901156f75c5eabf5161eb7035c2e486ea0901377ac773e2e32b620558bb6eb57,jev-1.13,0.0
da-test-002440,0,df5a048bfb0eea6faba9982a108416a7bcfbc51b339899eb0c86618b227e3882,jev-1.13,0.0
da-test-002441,1,31b1a053c38ad4f69073294d265085d0e2d94ee069173e0f3b93d3161e025342,jev-1.13,0.99
da-test-002442,0,f7e718c05a29ffcb7096d5b5a52192b6e780ea919055d730d83bbb046d306d4c,jev-1.13,0.0
da-test-002443,0,78a31ce94fac66f1ac790f37a8d9cc0de372f9b857b786f5804693c643d7c704,jev-1.13,0.0
da-test-002444,0,ce8c4cfbe42415123b33480e7b80340d0706b9395b2dc0dc67ba8456cea7e876,jev-1.13,0.0
da-test-002445,0,53758ed4da0842a3387e46a8506c2c6b89da7af555c8641edc736440cecb1352,jev-1.13,0.02
da-test-002446,0,76f39366bb8f9e11a5be0773d1b851da805ad6eae81146bfc0c5ebb8cb62db66,jev-1.13,0.0
da-test-002447,0,3d501ae2362379e83ba36228c6804faebb32c5bd215cd026395042e1151c9dbd,jev-1.13,0.0
da-test-002448,0,2b1cf86dc20175305cfb280dfd2caa396da6cc178b0d1b98afafe795c546b38c,jev-1.13,0.0
da-test-002449,0,da25acba8deb2efcae70c9c67cd986f9b7f284a09c8c94d8012c1e3b6b8ad82e,jev-1.13,0.01
da-test-002450,0,752202f4728e0b6540d7b684fcaddc2269ff97b0603aabb21628968b11e0fbff,jev-1.13,0.0
da-test-002451,1,3978e0d7b3f65a90a9f981e706012155b24517fe3473db5aa4e0efcd9618eaa5,jev-1.13,1.0
da-test-002452,0,630aa3612a6eb3aab376fe36fc543b096fc257cabc5ca4038001dbd976af47f4,jev-1.13,0.0
da-test-002453,1,45303c5c9fe1c035f5497ad32cf4277581226baa0c49b6ea1f5c29dc0fb6c188,jev-1.13,0.85
da-test-002454,0,cfb335a59f99708c2f45d3f3ab7a66a21ef5bd5a78cf623af4aa7c863b8099c5,jev-1.13,0.0
da-test-002455,0,c9e63eaa0f328d25ff5fe0ba4660d2834128e32c4dd489b8425cd7d451bbaf46,jev-1.13,0.06
da-test-002456,0,40bb3c840fff8bb98faa6502f3bd6a3c3fa870fa198178c7d465d8b78a455fa0,jev-1.13,0.0
da-test-002457,0,cc6cccc665dbc2309a2af4fe8a16bf0994d87b8c69b8d019d0bec7206ea1a180,jev-1.13,0.0
da-test-002458,0,049e503b58de1add0c48cdc5fcd2275da016059f4ba49b8312651457233dd15f,jev-1.13,0.14
da-test-002459,0,70ae5c859621f36f8de06f941941ed5f5881b96c48ee4ad795f78df33e75f96d,jev-1.13,0.0
da-test-002460,0,56780c340818d8372fdf5e2dc914efa1443caba3453a0e0132a366915118eaa0,jev-1.13,0.0
da-test-002461,0,7481b62ba0366935c87d4f55932b6ccecf1536e26983c33a2b93e408ef415725,jev-1.13,0.0
da-test-002462,1,6899c6c5e7920fbdc7f486aec05980e60ff9de977e60cd08ba219f6a0ed42847,jev-1.13,1.0
da-test-002463,1,fe2ae052874843cc471714b93675fb66a3e221431df726cc7bb40a3089ebe2ec,jev-1.13,1.0
da-test-002464,0,791579bbaec974941754a774cc4b373a9ccd00ca95df924f3fa0fdf1970ff6da,jev-1.13,0.0
da-test-002465,0,f77faf3711715f1613c919d56241e91c4a5605a91f6a78d1e3d8e6911fcd60e5,jev-1.13,0.01
da-test-002466,1,66479f245cea2067238352f732afe1367c0d6e58d0b2822e6d4977e0dab2ff03,jev-1.13,1.0
da-test-002467,0,cf3d0034112f435dd1e33cc3e7ea376e5dfbf8381dcba7b173462bd81a5aa8dd,jev-1.13,0.0
da-test-002468,1,fe9fd1121a6dff8fef903271ba7547fb534871f16743fa44a225151c47f5f3ba,jev-1.13,1.0
da-test-002469,0,1fa603784c5bb1bea855e94958a11507b6deac0bd87191c30d4fe05d8a7dd851,jev-1.13,0.0
da-test-002470,0,8068b7a1b6b0797fbdb34610f7785cfc7537180424f95c14048e0770f4da9b3a,jev-1.13,0.0
da-test-002471,1,bb9dfebcff09c685a7892816345ab67df5f6fedbbd529220efb3b2c23c34cf31,jev-1.13,1.0
da-test-002472,0,0f477d047a70961418667627a3eb6179b00e834d70219d96920f3ce33e54f4c2,jev-1.13,0.0
