pair_id,label,probability,prediction,threshold
ab-test-000000,0,0.04143916392264188,0,0.1746750507503301
ab-test-000001,0,0.6025875557815721,1,0.1746750507503301
ab-test-000002,0,0.018623939346840965,0,0.1746750507503301
ab-test-000003,1,0.18638605532937463,1,0.1746750507503301
ab-test-000004,0,0.02735249230779445,0,0.1746750507503301
ab-test-000005,0,0.021523095815365788,0,0.1746750507503301
ab-test-000006,0,0.01278335194931278,0,0.1746750507503301
ab-test-000007,0,0.1661823850071317,0,0.1746750507503301
ab-test-000008,0,0.020203938822316286,0,0.1746750507503301
ab-test-000009,0,0.0059458146329093966,0,0.1746750507503301
ab-test-000010,0,0.009001612701311034,0,0.1746750507503301
ab-test-000011,0,0.006586043640203339,0,0.1746750507503301
ab-test-000012,0,0.02660348727466795,0,0.1746750507503301
ab-test-000013,0,0.10138092281576762,0,0.1746750507503301
ab-test-000014,0,0.01116410722951671,0,0.1746750507503301
ab-test-000015,0,0.2660971015653692,1,0.1746750507503301
ab-test-000016,0,0.04068112636349359,0,0.1746750507503301
ab-test-000017,0,0.009381115573538589,0,0.1746750507503301
ab-test-000018,0,0.021939781701084512,0,0.1746750507503301
ab-test-000019,0,0.01646947314647149,0,0.1746750507503301
ab-test-000020,0,0.025142673663878134,0,0.1746750507503301
ab-test-000021,0,0.08360572028354323,0,0.1746750507503301
ab-test-000022,0,0.008164252496220336,0,0.1746750507503301
ab-test-000023,0,0.0167474534938283,0,0.1746750507503301
ab-test-000024,0,0.055765340301444914,0,0.1746750507503301
ab-test-000025,0,0.01670783807314403,0,0.1746750507503301
ab-test-000026,1,0.7531672874327086,1,0.1746750507503301
ab-test-000027,0,0.025470533347846644,0,0.1746750507503301
ab-test-000028,0,0.012551929859959126,0,0.1746750507503301
ab-test-000029,0,0.7252227398805986,1,0.1746750507503301
ab-test-000030,0,0.05576403848841938,0,0.1746750507503301
ab-test-000031,0,0.03806999617272452,0,0.1746750507503301
ab-test-000032,0,0.00526868049887645,0,0.1746750507503301
ab-test-000033,0,0.09912682759473328,0,0.1746750507503301
ab-test-000034,0,0.20846564894008515,1,0.1746750507503301
ab-test-000035,0,0.011421261449801033,0,0.1746750507503301
ab-test-000036,0,0.08695574683761075,0,0.1746750507503301
ab-test-000037,0,0.08660689364740426,0,0.1746750507503301
ab-test-000038,0,0.03325160472629666,0,0.1746750507503301
ab-test-000039,0,0.0327030071362788,0,0.1746750507503301
ab-test-000040,0,0.016551050683935573,0,0.1746750507503301
ab-test-000041,0,0.2881664293154279,1,0.1746750507503301
ab-test-000042,0,0.054492754292614416,0,0.1746750507503301
ab-test-000043,0,0.0032676857425741977,0,0.1746750507503301
ab-test-000044,0,0.10620202405905972,0,0.1746750507503301
ab-test-000045,0,0.013279256118920805,0,0.1746750507503301
ab-test-000046,1,0.13121783949123383,0,0.1746750507503301
ab-test-000047,1,0.05332100049979906,0,0.1746750507503301
ab-test-000048,0,0.08932119028891516,0,0.1746750507503301
ab-test-000049,0,0.06011315086285245,0,0.1746750507503301
ab-test-000050,0,0.09471964631837781,0,0.1746750507503301
ab-test-000051,1,0.5489150696124476,1,0.1746750507503301
ab-test-000052,0,0.30206885833323516,1,0.1746750507503301
ab-test-000053,0,0.07950719096617719,0,0.1746750507503301
ab-test-000054,1,0.05704850155996378,0,0.1746750507503301
ab-test-000055,0,0.006754665689563041,0,0.1746750507503301
ab-test-000056,0,0.08209086523593431,0,0.1746750507503301
ab-test-000057,1,0.011353950826480835,0,0.1746750507503301
ab-test-000058,0,0.10120317912394802,0,0.1746750507503301
ab-test-000059,0,0.111208948483455,0,0.1746750507503301
ab-test-000060,0,0.4728097902025422,1,0.1746750507503301
ab-test-000061,0,0.04771008903123926,0,0.1746750507503301
ab-test-000062,0,0.13582453211555798,0,0.1746750507503301
ab-test-000063,0,0.057172728613738184,0,0.1746750507503301
ab-test-000064,0,0.04178314082880185,0,0.1746750507503301
ab-test-000065,0,0.05650376352057261,0,0.1746750507503301
ab-test-000066,0,0.06978964101322206,0,0.1746750507503301
ab-test-000067,0,0.02418256522123691,0,0.1746750507503301
ab-test-000068,0,0.008259213263340174,0,0.1746750507503301
ab-test-000069,0,0.3632154449572074,1,0.1746750507503301
ab-test-000070,0,0.08131990658401525,0,0.1746750507503301
ab-test-000071,0,0.018519775297750063,0,0.1746750507503301
ab-test-000072,0,0.06140267504128776,0,0.1746750507503301
ab-test-000073,0,0.029709768631697643,0,0.1746750507503301
ab-test-000074,0,0.01534264124420493,0,0.1746750507503301
ab-test-000075,0,0.017454089937755563,0,0.1746750507503301
ab-test-000076,0,0.30598706590470826,1,0.1746750507503301
ab-test-000077,0,0.025657255882651945,0,0.1746750507503301
ab-test-000078,0,0.019138553751270247,0,0.1746750507503301
ab-test-000079,0,0.0762072606211431,0,0.1746750507503301
ab-test-000080,0,0.3332239974535853,1,0.1746750507503301
ab-test-000081,1,0.36017858538713293,1,0.1746750507503301
ab-test-000082,0,0.09300744666431433,0,0.1746750507503301
ab-test-000083,0,0.1965957879715762,1,0.1746750507503301
ab-test-000084,0,0.02163936264378688,0,0.1746750507503301
ab-test-000085,0,0.029809138227333512,0,0.1746750507503301
ab-test-000086,0,0.021010271984107966,0,0.1746750507503301
ab-test-000087,0,0.01839791485883966,0,0.1746750507503301
ab-test-000088,0,0.0381779115077028,0,0.1746750507503301
ab-test-000089,0,0.07013669806870182,0,0.1746750507503301
ab-test-000090,0,0.046739605581145996,0,0.1746750507503301
ab-test-000091,0,0.005629179567651761,0,0.1746750507503301
ab-test-000092,0,0.004238680870823085,0,0.1746750507503301
ab-test-000093,0,0.021861356081315682,0,0.1746750507503301
ab-test-000094,0,0.013155733173071822,0,0.1746750507503301
ab-test-000095,0,0.054722673965574765,0,0.1746750507503301
ab-test-000096,0,0.06641550781223082,0,0.1746750507503301
ab-test-000097,0,0.2620716528805049,1,0.1746750507503301
ab-test-000098,0,0.14253169340353122,0,0.1746750507503301
ab-test-000099,0,0.021711907473497292,0,0.1746750507503301
ab-test-000100,0,0.017179526456653164,0,0.1746750507503301
ab-test-000101,0,0.11059726567506864,0,0.1746750507503301
ab-test-000102,1,0.1939745075945862,1,0.1746750507503301
ab-test-000103,0,0.015559808303124697,0,0.1746750507503301
ab-test-000104,0,0.03708193385928025,0,0.1746750507503301
ab-test-000105,0,0.3529197695573434,1,0.1746750507503301
ab-test-000106,0,0.1078221745601092,0,0.1746750507503301
ab-test-000107,0,0.03525028067395059,0,0.1746750507503301
ab-test-000108,0,0.011728608656411985,0,0.1746750507503301
ab-test-000109,0,0.05694485619925206,0,0.1746750507503301
ab-test-000110,0,0.04728008299833397,0,0.1746750507503301
ab-test-000111,0,0.016830210525260292,0,0.1746750507503301
ab-test-000112,1,0.23882140801177057,1,0.1746750507503301
ab-test-000113,0,0.018461441967248488,0,0.1746750507503301
ab-test-000114,0,0.12566035893801086,0,0.1746750507503301
ab-test-000115,0,0.16179811087898235,0,0.1746750507503301
ab-test-000116,0,0.0716855941606908,0,0.1746750507503301
ab-test-000117,0,0.14388121602450935,0,0.1746750507503301
ab-test-000118,0,0.02419213507810231,0,0.1746750507503301
ab-test-000119,0,0.006407307217805641,0,0.1746750507503301
ab-test-000120,0,0.010401870711271412,0,0.1746750507503301
ab-test-000121,0,0.02953840758067811,0,0.1746750507503301
ab-test-000122,0,0.00624164034378893,0,0.1746750507503301
ab-test-000123,0,0.040030050547475035,0,0.1746750507503301
ab-test-000124,1,0.09988766941613766,0,0.1746750507503301
ab-test-000125,0,0.04962093019569992,0,0.1746750507503301
ab-test-000126,1,0.32137527963891466,1,0.1746750507503301
ab-test-000127,1,0.0835914734880648,0,0.1746750507503301
ab-test-000128,0,0.20870103078609073,1,0.1746750507503301
ab-test-000129,0,0.17683796704819302,1,0.1746750507503301
ab-test-000130,0,0.003292203563980892,0,0.1746750507503301
ab-test-000131,0,0.006777046718936291,0,0.1746750507503301
ab-test-000132,1,0.3721363365548773,1,0.1746750507503301
ab-test-000133,0,0.039826242856789124,0,0.1746750507503301
ab-test-000134,0,0.07625128162043425,0,0.1746750507503301
ab-test-000135,0,0.10385129326693261,0,0.1746750507503301
ab-test-000136,0,0.019701507231349946,0,0.1746750507503301
ab-test-000137,0,0.009875504420957082,0,0.1746750507503301
ab-test-000138,0,0.05223412767157602,0,0.1746750507503301
ab-test-000139,0,0.012244860180577164,0,0.1746750507503301
ab-test-000140,0,0.012369344002248145,0,0.1746750507503301
ab-test-000141,0,0.10661077369729632,0,0.1746750507503301
ab-test-000142,0,0.021141815572731544,0,0.1746750507503301
ab-test-000143,0,0.01882498129897115,0,0.1746750507503301
ab-test-000144,0,0.02801094522716464,0,0.1746750507503301
ab-test-000145,0,0.010001232570228991,0,0.1746750507503301
ab-test-000146,0,0.04155827479015262,0,0.1746750507503301
ab-test-000147,0,0.26192082713881143,1,0.1746750507503301
ab-test-000148,0,0.05364388292270102,0,0.1746750507503301
ab-test-000149,0,0.06654629216171516,0,0.1746750507503301
ab-test-000150,0,0.04613443278410371,0,0.1746750507503301
ab-test-000151,1,0.7522068952350364,1,0.1746750507503301
ab-test-000152,0,0.21276154042643025,1,0.1746750507503301
ab-test-000153,1,0.1323718982912956,0,0.1746750507503301
ab-test-000154,0,0.12356777410878803,0,0.1746750507503301
ab-test-000155,1,0.1762910662766602,1,0.1746750507503301
ab-test-000156,0,0.017202465711063777,0,0.1746750507503301
ab-test-000157,0,0.02247314822850722,0,0.1746750507503301
ab-test-000158,0,0.006327920718701453,0,0.1746750507503301
ab-test-000159,0,0.052366425480638405,0,0.1746750507503301
ab-test-000160,1,0.1180240315136812,0,0.1746750507503301
ab-test-000161,0,0.007732242037372483,0,0.1746750507503301
ab-test-000162,0,0.022603936421256368,0,0.1746750507503301
ab-test-000163,1,0.17445665578995276,0,0.1746750507503301
ab-test-000164,0,0.024772755126651343,0,0.1746750507503301
ab-test-000165,0,0.019938033282993064,0,0.1746750507503301
ab-test-000166,0,0.6909973204747011,1,0.1746750507503301
ab-test-000167,0,0.07022492002759452,0,0.1746750507503301
ab-test-000168,0,0.16094475868914385,0,0.1746750507503301
ab-test-000169,0,0.11579927715147008,0,0.1746750507503301
ab-test-000170,0,0.019627702861332624,0,0.1746750507503301
ab-test-000171,0,0.08274779084661726,0,0.1746750507503301
ab-test-000172,0,0.03316106058839909,0,0.1746750507503301
ab-test-000173,0,0.0429465644398971,0,0.1746750507503301
ab-test-000174,0,0.027588477410297758,0,0.1746750507503301
ab-test-000175,0,0.00967405882226645,0,0.1746750507503301
ab-test-000176,0,0.09583759330111861,0,0.1746750507503301
ab-test-000177,0,0.02549467464265679,0,0.1746750507503301
ab-test-000178,1,0.27387805968491175,1,0.1746750507503301
ab-test-000179,0,0.14313360442310427,0,0.1746750507503301
ab-test-000180,0,0.03180120474313321,0,0.1746750507503301
ab-test-000181,1,0.1965934837262707,1,0.1746750507503301
ab-test-000182,0,0.019416940005516685,0,0.1746750507503301
ab-test-000183,0,0.06847961236780618,0,0.1746750507503301
ab-test-000184,1,0.16976075347643255,0,0.1746750507503301
ab-test-000185,0,0.03189888817140973,0,0.1746750507503301
ab-test-000186,1,0.6938253056500263,1,0.1746750507503301
ab-test-000187,0,0.11609808929636325,0,0.1746750507503301
ab-test-000188,0,0.02718595606822704,0,0.1746750507503301
ab-test-000189,0,0.11471160046129165,0,0.1746750507503301
ab-test-000190,0,0.02528856983812248,0,0.1746750507503301
ab-test-000191,0,0.02218486528245762,0,0.1746750507503301
ab-test-000192,0,0.028717944486692286,0,0.1746750507503301
ab-test-000193,0,0.024856163753585903,0,0.1746750507503301
ab-test-000194,0,0.033516268274576315,0,0.1746750507503301
ab-test-000195,0,0.07763949439534441,0,0.1746750507503301
ab-test-000196,0,0.12918516724161516,0,0.1746750507503301
ab-test-000197,0,0.005149203138445838,0,0.1746750507503301
ab-test-000198,0,0.1461888953501023,0,0.1746750507503301
ab-test-000199,0,0.00741405720167632,0,0.1746750507503301
ab-test-000200,0,0.014329681564325326,0,0.1746750507503301
ab-test-000201,1,0.047581192690469794,0,0.1746750507503301
ab-test-000202,0,0.0050135385479898155,0,0.1746750507503301
ab-test-000203,0,0.027626895986222134,0,0.1746750507503301
ab-test-000204,0,0.17075788435832,0,0.1746750507503301
ab-test-000205,1,0.8529244144473792,1,0.1746750507503301
ab-test-000206,0,0.055884697811526975,0,0.1746750507503301
ab-test-000207,0,0.08554884254494326,0,0.1746750507503301
ab-test-000208,1,0.4398876662857011,1,0.1746750507503301
ab-test-000209,0,0.05368683366796829,0,0.1746750507503301
ab-test-000210,0,0.01637100871303985,0,0.1746750507503301
ab-test-000211,0,0.07390970349354427,0,0.1746750507503301
ab-test-000212,0,0.00542157771986427,0,0.1746750507503301
ab-test-000213,0,0.3015500772959337,1,0.1746750507503301
ab-test-000214,1,0.2024669514952256,1,0.1746750507503301
ab-test-000215,0,0.031494897868200145,0,0.1746750507503301
ab-test-000216,0,0.010711095696624848,0,0.1746750507503301
ab-test-000217,0,0.01857703598753877,0,0.1746750507503301
ab-test-000218,0,0.0381320786363102,0,0.1746750507503301
ab-test-000219,0,0.01453058198580656,0,0.1746750507503301
ab-test-000220,0,0.006650152354072593,0,0.1746750507503301
ab-test-000221,0,0.01738264571678207,0,0.1746750507503301
ab-test-000222,0,0.03125810462828894,0,0.1746750507503301
ab-test-000223,0,0.0020993380455803816,0,0.1746750507503301
ab-test-000224,0,0.012992933346046804,0,0.1746750507503301
ab-test-000225,0,0.08403431701592057,0,0.1746750507503301
ab-test-000226,0,0.2784267627469097,1,0.1746750507503301
ab-test-000227,0,0.022903409151035226,0,0.1746750507503301
ab-test-000228,0,0.016170766896787682,0,0.1746750507503301
ab-test-000229,1,0.899110198294986,1,0.1746750507503301
ab-test-000230,0,0.019005511734872752,0,0.1746750507503301
ab-test-000231,0,0.012741755179362447,0,0.1746750507503301
ab-test-000232,0,0.02415817801993441,0,0.1746750507503301
ab-test-000233,0,0.09748362413090284,0,0.1746750507503301
ab-test-000234,0,0.11164229774121731,0,0.1746750507503301
ab-test-000235,0,0.061580736220528516,0,0.1746750507503301
ab-test-000236,0,0.05762443212154928,0,0.1746750507503301
ab-test-000237,1,0.42970307022509946,1,0.1746750507503301
ab-test-000238,0,0.014978785893247387,0,0.1746750507503301
ab-test-000239,0,0.014908277953941824,0,0.1746750507503301
ab-test-000240,0,0.020677898748186086,0,0.1746750507503301
ab-test-000241,0,0.018734950995181562,0,0.1746750507503301
ab-test-000242,0,0.1402638768744071,0,0.1746750507503301
ab-test-000243,0,0.037218536655403436,0,0.1746750507503301
ab-test-000244,0,0.003257837233712255,0,0.1746750507503301
ab-test-000245,1,0.13334710622217683,0,0.1746750507503301
ab-test-000246,0,0.08230583635766048,0,0.1746750507503301
ab-test-000247,0,0.12893093161769678,0,0.1746750507503301
ab-test-000248,0,0.08263958713008153,0,0.1746750507503301
ab-test-000249,0,0.017601980103603053,0,0.1746750507503301
ab-test-000250,0,0.004003930563690393,0,0.1746750507503301
ab-test-000251,0,0.11445533937809545,0,0.1746750507503301
ab-test-000252,0,0.0026402980161141123,0,0.1746750507503301
ab-test-000253,0,0.1339925825716572,0,0.1746750507503301
ab-test-000254,0,0.010540775217010719,0,0.1746750507503301
ab-test-000255,0,0.12402441166907566,0,0.1746750507503301
ab-test-000256,0,0.03571233382218027,0,0.1746750507503301
ab-test-000257,0,0.13043789583748874,0,0.1746750507503301
ab-test-000258,0,0.11395456158812524,0,0.1746750507503301
ab-test-000259,0,0.08956170463753692,0,0.1746750507503301
ab-test-000260,0,0.00933639089416699,0,0.1746750507503301
ab-test-000261,0,0.04034042601323287,0,0.1746750507503301
ab-test-000262,0,0.18890695559291026,1,0.1746750507503301
ab-test-000263,0,0.11578353103039667,0,0.1746750507503301
ab-test-000264,0,0.017124110095073516,0,0.1746750507503301
ab-test-000265,0,0.01235254100680821,0,0.1746750507503301
ab-test-000266,0,0.004199847364170745,0,0.1746750507503301
ab-test-000267,0,0.017906520488102276,0,0.1746750507503301
ab-test-000268,0,0.018080308516012535,0,0.1746750507503301
ab-test-000269,0,0.05421255734947474,0,0.1746750507503301
ab-test-000270,0,0.1335640993383121,0,0.1746750507503301
ab-test-000271,0,0.03619157622761937,0,0.1746750507503301
ab-test-000272,0,0.020901015360853425,0,0.1746750507503301
ab-test-000273,0,0.14153901362328275,0,0.1746750507503301
ab-test-000274,0,0.050404671066502746,0,0.1746750507503301
ab-test-000275,0,0.010846123749663402,0,0.1746750507503301
ab-test-000276,0,0.008471680833902802,0,0.1746750507503301
ab-test-000277,0,0.32082385839077415,1,0.1746750507503301
ab-test-000278,0,0.016685766615256815,0,0.1746750507503301
ab-test-000279,0,0.14295444271200072,0,0.1746750507503301
ab-test-000280,0,0.01309740825862525,0,0.1746750507503301
ab-test-000281,0,0.08092194785728511,0,0.1746750507503301
ab-test-000282,0,0.052641703161882644,0,0.1746750507503301
ab-test-000283,0,0.006425542532894934,0,0.1746750507503301
ab-test-000284,0,0.01574193541835049,0,0.1746750507503301
ab-test-000285,0,0.012623346284409604,0,0.1746750507503301
ab-test-000286,0,0.06959447715437411,0,0.1746750507503301
ab-test-000287,0,0.009113342112665032,0,0.1746750507503301
ab-test-000288,0,0.14794741043059406,0,0.1746750507503301
ab-test-000289,0,0.17598051772237666,1,0.1746750507503301
ab-test-000290,0,0.009569739845184493,0,0.1746750507503301
ab-test-000291,0,0.002227128676856904,0,0.1746750507503301
ab-test-000292,0,0.09240365932659217,0,0.1746750507503301
ab-test-000293,0,0.06178402447029176,0,0.1746750507503301
ab-test-000294,0,0.06139155833703822,0,0.1746750507503301
ab-test-000295,0,0.005825087693248364,0,0.1746750507503301
ab-test-000296,1,0.7612384873334777,1,0.1746750507503301
ab-test-000297,0,0.03340256286183895,0,0.1746750507503301
ab-test-000298,0,0.25739247091196404,1,0.1746750507503301
ab-test-000299,0,0.03695038845390025,0,0.1746750507503301
ab-test-000300,0,0.04163466908895901,0,0.1746750507503301
ab-test-000301,0,0.2324613309261281,1,0.1746750507503301
ab-test-000302,0,0.009425208685777953,0,0.1746750507503301
ab-test-000303,0,0.0385587893001244,0,0.1746750507503301
ab-test-000304,0,0.019886316883087375,0,0.1746750507503301
ab-test-000305,0,0.016386387638416343,0,0.1746750507503301
ab-test-000306,0,0.28530423564932234,1,0.1746750507503301
ab-test-000307,1,0.39414574952112336,1,0.1746750507503301
ab-test-000308,1,0.08191332021358769,0,0.1746750507503301
ab-test-000309,0,0.0528537757703697,0,0.1746750507503301
ab-test-000310,0,0.006956380613510928,0,0.1746750507503301
ab-test-000311,1,0.0400727809318057,0,0.1746750507503301
ab-test-000312,0,0.009624882847357793,0,0.1746750507503301
ab-test-000313,0,0.13828217241298926,0,0.1746750507503301
ab-test-000314,1,0.9131909550223348,1,0.1746750507503301
ab-test-000315,0,0.060567664781346876,0,0.1746750507503301
ab-test-000316,0,0.10169301665108425,0,0.1746750507503301
ab-test-000317,0,0.03636107189187354,0,0.1746750507503301
ab-test-000318,1,0.1415594817368413,0,0.1746750507503301
ab-test-000319,0,0.01927950811122348,0,0.1746750507503301
ab-test-000320,0,0.009044259728760001,0,0.1746750507503301
ab-test-000321,0,0.008466464730101557,0,0.1746750507503301
ab-test-000322,0,0.017377757591365887,0,0.1746750507503301
ab-test-000323,0,0.011332740549346238,0,0.1746750507503301
ab-test-000324,0,0.1018077340162341,0,0.1746750507503301
ab-test-000325,0,0.005955862666021022,0,0.1746750507503301
ab-test-000326,0,0.011896256032607364,0,0.1746750507503301
ab-test-000327,0,0.08779204948081895,0,0.1746750507503301
ab-test-000328,0,0.03421509539733227,0,0.1746750507503301
ab-test-000329,1,0.1502196051333899,0,0.1746750507503301
ab-test-000330,0,0.05181493051983137,0,0.1746750507503301
ab-test-000331,1,0.4914362364669995,1,0.1746750507503301
ab-test-000332,0,0.10071166703386257,0,0.1746750507503301
ab-test-000333,0,0.05462028203152126,0,0.1746750507503301
ab-test-000334,0,0.02189980814341304,0,0.1746750507503301
ab-test-000335,0,0.07790852125580375,0,0.1746750507503301
ab-test-000336,0,0.620440703442341,1,0.1746750507503301
ab-test-000337,1,0.2536741669026416,1,0.1746750507503301
ab-test-000338,0,0.04691652192606629,0,0.1746750507503301
ab-test-000339,0,0.05537908366143984,0,0.1746750507503301
ab-test-000340,0,0.012553880367594642,0,0.1746750507503301
ab-test-000341,0,0.14726041733658526,0,0.1746750507503301
ab-test-000342,0,0.022388546222952516,0,0.1746750507503301
ab-test-000343,0,0.18267632528484565,1,0.1746750507503301
ab-test-000344,0,0.025009773695266906,0,0.1746750507503301
ab-test-000345,0,0.10770813720942954,0,0.1746750507503301
ab-test-000346,1,0.18368761350098878,1,0.1746750507503301
ab-test-000347,0,0.051567246590927346,0,0.1746750507503301
ab-test-000348,0,0.004646212024005372,0,0.1746750507503301
ab-test-000349,0,0.2658187195869342,1,0.1746750507503301
ab-test-000350,0,0.009536137178255057,0,0.1746750507503301
ab-test-000351,0,0.19219339917961079,1,0.1746750507503301
ab-test-000352,0,0.023710057599159676,0,0.1746750507503301
ab-test-000353,0,0.013333292897126033,0,0.1746750507503301
ab-test-000354,0,0.025908198759704584,0,0.1746750507503301
ab-test-000355,0,0.010837531027080984,0,0.1746750507503301
ab-test-000356,0,0.16207552262919758,0,0.1746750507503301
ab-test-000357,0,0.41435275719100334,1,0.1746750507503301
ab-test-000358,0,0.02694771720737672,0,0.1746750507503301
ab-test-000359,0,0.010342715705483027,0,0.1746750507503301
ab-test-000360,0,0.029615147359058888,0,0.1746750507503301
ab-test-000361,0,0.11010174972733282,0,0.1746750507503301
ab-test-000362,0,0.1740340739346482,0,0.1746750507503301
ab-test-000363,0,0.011078764001295784,0,0.1746750507503301
ab-test-000364,0,0.021528237761582435,0,0.1746750507503301
ab-test-000365,1,0.1946380249223898,1,0.1746750507503301
ab-test-000366,0,0.005299685865394815,0,0.1746750507503301
ab-test-000367,0,0.009482399290062896,0,0.1746750507503301
ab-test-000368,0,0.054945192844169044,0,0.1746750507503301
ab-test-000369,0,0.16440788573231838,0,0.1746750507503301
ab-test-000370,0,0.11297990815666163,0,0.1746750507503301
ab-test-000371,1,0.4943287464319344,1,0.1746750507503301
ab-test-000372,0,0.01681358473241368,0,0.1746750507503301
ab-test-000373,0,0.053597550174244266,0,0.1746750507503301
ab-test-000374,0,0.07519992130061566,0,0.1746750507503301
ab-test-000375,0,0.03878831611927797,0,0.1746750507503301
ab-test-000376,0,0.0053345330593857826,0,0.1746750507503301
ab-test-000377,0,0.012480551039472775,0,0.1746750507503301
ab-test-000378,0,0.205737770589611,1,0.1746750507503301
ab-test-000379,1,0.6958950708794092,1,0.1746750507503301
ab-test-000380,0,0.09695583536958967,0,0.1746750507503301
ab-test-000381,0,0.03020664944852726,0,0.1746750507503301
ab-test-000382,0,0.02091339884458041,0,0.1746750507503301
ab-test-000383,0,0.03164953557923507,0,0.1746750507503301
ab-test-000384,1,0.19868257324472022,1,0.1746750507503301
ab-test-000385,0,0.004705238294767097,0,0.1746750507503301
ab-test-000386,0,0.0930373502830102,0,0.1746750507503301
ab-test-000387,0,0.06851232770737754,0,0.1746750507503301
ab-test-000388,0,0.03168544134165128,0,0.1746750507503301
ab-test-000389,1,0.28216584457859134,1,0.1746750507503301
ab-test-000390,0,0.07620961714761951,0,0.1746750507503301
ab-test-000391,0,0.17094862185571577,0,0.1746750507503301
ab-test-000392,0,0.01154041774333004,0,0.1746750507503301
ab-test-000393,0,0.024136048441642834,0,0.1746750507503301
ab-test-000394,0,0.05028753328540384,0,0.1746750507503301
ab-test-000395,0,0.02661343521823073,0,0.1746750507503301
ab-test-000396,0,0.19492042456574957,1,0.1746750507503301
ab-test-000397,0,0.02769765704524262,0,0.1746750507503301
ab-test-000398,0,0.1611696278756515,0,0.1746750507503301
ab-test-000399,1,0.33517140935816403,1,0.1746750507503301
ab-test-000400,0,0.012458275361406397,0,0.1746750507503301
ab-test-000401,1,0.14284496701828914,0,0.1746750507503301
ab-test-000402,1,0.28990579936071065,1,0.1746750507503301
ab-test-000403,0,0.07107337463837844,0,0.1746750507503301
ab-test-000404,1,0.7935284571916513,1,0.1746750507503301
ab-test-000405,0,0.010494675400369052,0,0.1746750507503301
ab-test-000406,0,0.09016324930964434,0,0.1746750507503301
ab-test-000407,0,0.09408269640002222,0,0.1746750507503301
ab-test-000408,0,0.01261084659037767,0,0.1746750507503301
ab-test-000409,0,0.6506167438713862,1,0.1746750507503301
ab-test-000410,0,0.511735008496873,1,0.1746750507503301
ab-test-000411,0,0.05195709395875656,0,0.1746750507503301
ab-test-000412,1,0.311515253455017,1,0.1746750507503301
ab-test-000413,0,0.1509896797988052,0,0.1746750507503301
ab-test-000414,0,0.10657955472672336,0,0.1746750507503301
ab-test-000415,0,0.0012605452934962976,0,0.1746750507503301
ab-test-000416,0,0.17115588516091623,0,0.1746750507503301
ab-test-000417,0,0.04413104726903068,0,0.1746750507503301
ab-test-000418,0,0.07438021674577862,0,0.1746750507503301
ab-test-000419,1,0.04040911644111486,0,0.1746750507503301
ab-test-000420,0,0.1135413989325809,0,0.1746750507503301
ab-test-000421,1,0.44741333911280384,1,0.1746750507503301
ab-test-000422,0,0.09681042039876732,0,0.1746750507503301
ab-test-000423,0,0.020445557390084725,0,0.1746750507503301
ab-test-000424,0,0.009490399974417646,0,0.1746750507503301
ab-test-000425,0,0.037608681272093054,0,0.1746750507503301
ab-test-000426,0,0.032094359921983055,0,0.1746750507503301
ab-test-000427,0,0.050495915300383463,0,0.1746750507503301
ab-test-000428,0,0.03707502968969288,0,0.1746750507503301
ab-test-000429,0,0.09256127638531558,0,0.1746750507503301
ab-test-000430,0,0.04231158707517394,0,0.1746750507503301
ab-test-000431,1,0.16065269903257534,0,0.1746750507503301
ab-test-000432,0,0.023381155864855584,0,0.1746750507503301
ab-test-000433,0,0.0830540964706836,0,0.1746750507503301
ab-test-000434,0,0.09854864243642426,0,0.1746750507503301
ab-test-000435,0,0.05011160568714276,0,0.1746750507503301
ab-test-000436,0,0.01604840579791718,0,0.1746750507503301
ab-test-000437,0,0.27687509885843803,1,0.1746750507503301
ab-test-000438,0,0.01932422287960079,0,0.1746750507503301
ab-test-000439,0,0.031050425318453236,0,0.1746750507503301
ab-test-000440,0,0.28943613924117245,1,0.1746750507503301
ab-test-000441,0,0.004100929449124999,0,0.1746750507503301
ab-test-000442,0,0.03729903204434552,0,0.1746750507503301
ab-test-000443,0,0.12868481350431982,0,0.1746750507503301
ab-test-000444,0,0.006285690046727,0,0.1746750507503301
ab-test-000445,0,0.012270802714688417,0,0.1746750507503301
ab-test-000446,0,0.01541890869647808,0,0.1746750507503301
ab-test-000447,0,0.014812228388930732,0,0.1746750507503301
ab-test-000448,0,0.025334946047532104,0,0.1746750507503301
ab-test-000449,0,0.007855205614337822,0,0.1746750507503301
ab-test-000450,0,0.13572265997021113,0,0.1746750507503301
ab-test-000451,0,0.12204568745149759,0,0.1746750507503301
ab-test-000452,0,0.06034345627336043,0,0.1746750507503301
ab-test-000453,0,0.05939001521602469,0,0.1746750507503301
ab-test-000454,0,0.016600324728526877,0,0.1746750507503301
ab-test-000455,0,0.09006638421390288,0,0.1746750507503301
ab-test-000456,0,0.02074844959287643,0,0.1746750507503301
ab-test-000457,0,0.009452129816642724,0,0.1746750507503301
ab-test-000458,0,0.08402170414704038,0,0.1746750507503301
ab-test-000459,0,0.13868934737120422,0,0.1746750507503301
ab-test-000460,0,0.03054889669734329,0,0.1746750507503301
ab-test-000461,0,0.05592302684107519,0,0.1746750507503301
ab-test-000462,0,0.10508981772426032,0,0.1746750507503301
ab-test-000463,0,0.015193623130365212,0,0.1746750507503301
ab-test-000464,0,0.035893190762641296,0,0.1746750507503301
ab-test-000465,0,0.016056015148077047,0,0.1746750507503301
ab-test-000466,0,0.07702625326170617,0,0.1746750507503301
ab-test-000467,0,0.025322308310173066,0,0.1746750507503301
ab-test-000468,0,0.014533286246117754,0,0.1746750507503301
ab-test-000469,0,0.015369762133656564,0,0.1746750507503301
ab-test-000470,0,0.016091842006855837,0,0.1746750507503301
ab-test-000471,0,0.08209681936446613,0,0.1746750507503301
ab-test-000472,0,0.04306096944575428,0,0.1746750507503301
ab-test-000473,0,0.030559976445849547,0,0.1746750507503301
ab-test-000474,1,0.2516360309449452,1,0.1746750507503301
ab-test-000475,0,0.00655027723888674,0,0.1746750507503301
ab-test-000476,0,0.03286370852628525,0,0.1746750507503301
ab-test-000477,0,0.13600825227730887,0,0.1746750507503301
ab-test-000478,0,0.016670824900900036,0,0.1746750507503301
ab-test-000479,0,0.058083337638962756,0,0.1746750507503301
ab-test-000480,0,0.07786594922372057,0,0.1746750507503301
ab-test-000481,0,0.04619297590017347,0,0.1746750507503301
ab-test-000482,0,0.2886717118528646,1,0.1746750507503301
ab-test-000483,0,0.012438669298068833,0,0.1746750507503301
ab-test-000484,0,0.013127536766114074,0,0.1746750507503301
ab-test-000485,0,0.026905758008418258,0,0.1746750507503301
ab-test-000486,0,0.003878887483080111,0,0.1746750507503301
ab-test-000487,0,0.12365127097732836,0,0.1746750507503301
ab-test-000488,0,0.0023000588396676685,0,0.1746750507503301
ab-test-000489,0,0.10542392579930014,0,0.1746750507503301
ab-test-000490,0,0.006261419034355144,0,0.1746750507503301
ab-test-000491,0,0.020054125236092422,0,0.1746750507503301
ab-test-000492,0,0.004238022992639278,0,0.1746750507503301
ab-test-000493,0,0.006747195116148973,0,0.1746750507503301
ab-test-000494,1,0.3204864070752446,1,0.1746750507503301
ab-test-000495,0,0.021196345881239267,0,0.1746750507503301
ab-test-000496,0,0.06717775347464584,0,0.1746750507503301
ab-test-000497,0,0.07891271339196285,0,0.1746750507503301
ab-test-000498,0,0.008388241966678707,0,0.1746750507503301
ab-test-000499,0,0.5917532924744553,1,0.1746750507503301
ab-test-000500,0,0.03009891554515998,0,0.1746750507503301
ab-test-000501,0,0.009316298328327187,0,0.1746750507503301
ab-test-000502,1,0.8467375430748,1,0.1746750507503301
ab-test-000503,0,0.2819350136872315,1,0.1746750507503301
ab-test-000504,1,0.008457359588347122,0,0.1746750507503301
ab-test-000505,0,0.028356475349413157,0,0.1746750507503301
ab-test-000506,0,0.0480300291468565,0,0.1746750507503301
ab-test-000507,0,0.013790534346554945,0,0.1746750507503301
ab-test-000508,1,0.11571521503153308,0,0.1746750507503301
ab-test-000509,0,0.07584051723630107,0,0.1746750507503301
ab-test-000510,0,0.09114980879294622,0,0.1746750507503301
ab-test-000511,0,0.01371615614982297,0,0.1746750507503301
ab-test-000512,0,0.0935687542946378,0,0.1746750507503301
ab-test-000513,0,0.08421926798352058,0,0.1746750507503301
ab-test-000514,0,0.01176618550974718,0,0.1746750507503301
ab-test-000515,0,0.2652617960118302,1,0.1746750507503301
ab-test-000516,0,0.5374843205199108,1,0.1746750507503301
ab-test-000517,0,0.021756307134901395,0,0.1746750507503301
ab-test-000518,0,0.03504499733613573,0,0.1746750507503301
ab-test-000519,1,0.22410169320209594,1,0.1746750507503301
ab-test-000520,0,0.017035238205819855,0,0.1746750507503301
ab-test-000521,0,0.008815894678711944,0,0.1746750507503301
ab-test-000522,0,0.23802598425251692,1,0.1746750507503301
ab-test-000523,1,0.703059352034589,1,0.1746750507503301
ab-test-000524,0,0.02803759493800517,0,0.1746750507503301
ab-test-000525,0,0.0331734203416141,0,0.1746750507503301
ab-test-000526,0,0.1063193249376262,0,0.1746750507503301
ab-test-000527,1,0.5976257065837685,1,0.1746750507503301
ab-test-000528,0,0.006479035525028927,0,0.1746750507503301
ab-test-000529,0,0.015367744351829244,0,0.1746750507503301
ab-test-000530,0,0.016594453373880182,0,0.1746750507503301
ab-test-000531,0,0.03924461057530419,0,0.1746750507503301
ab-test-000532,0,0.23505068158639603,1,0.1746750507503301
ab-test-000533,0,0.044467574726937575,0,0.1746750507503301
ab-test-000534,0,0.02414586437131275,0,0.1746750507503301
ab-test-000535,0,0.021644716369325346,0,0.1746750507503301
ab-test-000536,0,0.11938627489883492,0,0.1746750507503301
ab-test-000537,0,0.02542744908987447,0,0.1746750507503301
ab-test-000538,0,0.051655135509557665,0,0.1746750507503301
ab-test-000539,0,0.06501575997293539,0,0.1746750507503301
ab-test-000540,0,0.031249860837115683,0,0.1746750507503301
ab-test-000541,0,0.21086137945096173,1,0.1746750507503301
ab-test-000542,0,0.1893566513409126,1,0.1746750507503301
ab-test-000543,0,0.10457520951168889,0,0.1746750507503301
ab-test-000544,1,0.4394517641678428,1,0.1746750507503301
ab-test-000545,0,0.24555960010048558,1,0.1746750507503301
ab-test-000546,0,0.31637952694009275,1,0.1746750507503301
ab-test-000547,1,0.11801153315358309,0,0.1746750507503301
ab-test-000548,1,0.9306927033980712,1,0.1746750507503301
ab-test-000549,0,0.007189580377471361,0,0.1746750507503301
ab-test-000550,0,0.11439475546143581,0,0.1746750507503301
ab-test-000551,0,0.017268778683319462,0,0.1746750507503301
ab-test-000552,0,0.01772783927950382,0,0.1746750507503301
ab-test-000553,0,0.47632927810237685,1,0.1746750507503301
ab-test-000554,0,0.01887045644506288,0,0.1746750507503301
ab-test-000555,0,0.3455154921734175,1,0.1746750507503301
ab-test-000556,0,0.06314447542715279,0,0.1746750507503301
ab-test-000557,0,0.014973002132818842,0,0.1746750507503301
ab-test-000558,0,0.008781706851400414,0,0.1746750507503301
ab-test-000559,0,0.006157285737273096,0,0.1746750507503301
ab-test-000560,0,0.009872587798133884,0,0.1746750507503301
ab-test-000561,0,0.006945145139668751,0,0.1746750507503301
ab-test-000562,1,0.17163528767137837,0,0.1746750507503301
ab-test-000563,0,0.25899998801376706,1,0.1746750507503301
ab-test-000564,0,0.030155861651056423,0,0.1746750507503301
ab-test-000565,0,0.07963684285630497,0,0.1746750507503301
ab-test-000566,0,0.04545491190411905,0,0.1746750507503301
ab-test-000567,1,0.9693481181947672,1,0.1746750507503301
ab-test-000568,0,0.04989180493056884,0,0.1746750507503301
ab-test-000569,0,0.034901652386409354,0,0.1746750507503301
ab-test-000570,0,0.0057613238779889876,0,0.1746750507503301
ab-test-000571,0,0.030382793227696454,0,0.1746750507503301
ab-test-000572,0,0.02984264069399624,0,0.1746750507503301
ab-test-000573,0,0.014910366942152774,0,0.1746750507503301
ab-test-000574,0,0.09703216961025467,0,0.1746750507503301
ab-test-000575,0,0.03894171813024057,0,0.1746750507503301
ab-test-000576,0,0.0071601668331557865,0,0.1746750507503301
ab-test-000577,0,0.028709381216112016,0,0.1746750507503301
ab-test-000578,0,0.009306906872597236,0,0.1746750507503301
ab-test-000579,0,0.14463863528049242,0,0.1746750507503301
ab-test-000580,0,0.041155555952809064,0,0.1746750507503301
ab-test-000581,0,0.011688229032599902,0,0.1746750507503301
ab-test-000582,0,0.015731893151509663,0,0.1746750507503301
ab-test-000583,0,0.24853011777322917,1,0.1746750507503301
ab-test-000584,0,0.1660933942173225,0,0.1746750507503301
ab-test-000585,0,0.12454317305986307,0,0.1746750507503301
ab-test-000586,0,0.009650877915028454,0,0.1746750507503301
ab-test-000587,0,0.027771385423637177,0,0.1746750507503301
ab-test-000588,0,0.046769146932993284,0,0.1746750507503301
ab-test-000589,0,0.015040826519371834,0,0.1746750507503301
ab-test-000590,0,0.0611389539207057,0,0.1746750507503301
ab-test-000591,0,0.04163962147731235,0,0.1746750507503301
ab-test-000592,0,0.013062061619429199,0,0.1746750507503301
ab-test-000593,0,0.008126327327753898,0,0.1746750507503301
ab-test-000594,0,0.11810461284929885,0,0.1746750507503301
ab-test-000595,0,0.07424940323002702,0,0.1746750507503301
ab-test-000596,0,0.37564484402295967,1,0.1746750507503301
ab-test-000597,1,0.6806808289082661,1,0.1746750507503301
ab-test-000598,0,0.006089458970381517,0,0.1746750507503301
ab-test-000599,0,0.3146273799940233,1,0.1746750507503301
ab-test-000600,0,0.03881036976525581,0,0.1746750507503301
ab-test-000601,0,0.023500541885734135,0,0.1746750507503301
ab-test-000602,0,0.10026758679753313,0,0.1746750507503301
ab-test-000603,0,0.07284894624222948,0,0.1746750507503301
ab-test-000604,0,0.3552009254491876,1,0.1746750507503301
ab-test-000605,0,0.0836089907165418,0,0.1746750507503301
ab-test-000606,0,0.01618593653477671,0,0.1746750507503301
ab-test-000607,0,0.5584593084976218,1,0.1746750507503301
ab-test-000608,0,0.22960191874955954,1,0.1746750507503301
ab-test-000609,0,0.018784827868218636,0,0.1746750507503301
ab-test-000610,0,0.07234393802599565,0,0.1746750507503301
ab-test-000611,0,0.005849260067021139,0,0.1746750507503301
ab-test-000612,0,0.09959603753760075,0,0.1746750507503301
ab-test-000613,1,0.30203027526935416,1,0.1746750507503301
ab-test-000614,0,0.05031888187451405,0,0.1746750507503301
ab-test-000615,0,0.06149651181436178,0,0.1746750507503301
ab-test-000616,0,0.02293183242533779,0,0.1746750507503301
ab-test-000617,0,0.01967653298439178,0,0.1746750507503301
ab-test-000618,1,0.22382208813730287,1,0.1746750507503301
ab-test-000619,0,0.01585866904701708,0,0.1746750507503301
ab-test-000620,0,0.02521669828382271,0,0.1746750507503301
ab-test-000621,0,0.021435668502538686,0,0.1746750507503301
ab-test-000622,0,0.16115793894149916,0,0.1746750507503301
ab-test-000623,0,0.01681400025905598,0,0.1746750507503301
ab-test-000624,1,0.9054327137776158,1,0.1746750507503301
ab-test-000625,0,0.015242103031364428,0,0.1746750507503301
ab-test-000626,0,0.12979154766231182,0,0.1746750507503301
ab-test-000627,0,0.011576267251124902,0,0.1746750507503301
ab-test-000628,0,0.07924414121313188,0,0.1746750507503301
ab-test-000629,0,0.021686387060432535,0,0.1746750507503301
ab-test-000630,0,0.03821682964185003,0,0.1746750507503301
ab-test-000631,0,0.0821283101323887,0,0.1746750507503301
ab-test-000632,1,0.7477383767241931,1,0.1746750507503301
ab-test-000633,0,0.019385032671366147,0,0.1746750507503301
ab-test-000634,0,0.30455030097827357,1,0.1746750507503301
ab-test-000635,0,0.017772154707405733,0,0.1746750507503301
ab-test-000636,0,0.050028921317454005,0,0.1746750507503301
ab-test-000637,0,0.06310432761363167,0,0.1746750507503301
ab-test-000638,0,0.012956712736929424,0,0.1746750507503301
ab-test-000639,0,0.07832728837873237,0,0.1746750507503301
ab-test-000640,0,0.05048221774701782,0,0.1746750507503301
ab-test-000641,1,0.04690148649864094,0,0.1746750507503301
ab-test-000642,0,0.07449428997156314,0,0.1746750507503301
ab-test-000643,0,0.009380054103460796,0,0.1746750507503301
ab-test-000644,0,0.04511048018840861,0,0.1746750507503301
ab-test-000645,0,0.011681599571478093,0,0.1746750507503301
ab-test-000646,0,0.02247762855039079,0,0.1746750507503301
ab-test-000647,1,0.1751010084620843,1,0.1746750507503301
ab-test-000648,0,0.04414786167714124,0,0.1746750507503301
ab-test-000649,0,0.015515963497731215,0,0.1746750507503301
ab-test-000650,0,0.08209086523593431,0,0.1746750507503301
ab-test-000651,0,0.024295767311471313,0,0.1746750507503301
ab-test-000652,0,0.017198558209912694,0,0.1746750507503301
ab-test-000653,0,0.027622498206749616,0,0.1746750507503301
ab-test-000654,0,0.01131292760742604,0,0.1746750507503301
ab-test-000655,0,0.02257329889317837,0,0.1746750507503301
ab-test-000656,0,0.10188560828632698,0,0.1746750507503301
ab-test-000657,0,0.036840072103571465,0,0.1746750507503301
ab-test-000658,0,0.05079042986562048,0,0.1746750507503301
ab-test-000659,1,0.18293658437245142,1,0.1746750507503301
ab-test-000660,0,0.06789459711025508,0,0.1746750507503301
ab-test-000661,0,0.24429836452225964,1,0.1746750507503301
ab-test-000662,0,0.04000069247132372,0,0.1746750507503301
ab-test-000663,0,0.16029517697670637,0,0.1746750507503301
ab-test-000664,0,0.0635663273557272,0,0.1746750507503301
ab-test-000665,1,0.16937817349884288,0,0.1746750507503301
ab-test-000666,0,0.025424424274864136,0,0.1746750507503301
ab-test-000667,1,0.016675178758707443,0,0.1746750507503301
ab-test-000668,0,0.048190362947366165,0,0.1746750507503301
ab-test-000669,0,0.11515568819967636,0,0.1746750507503301
ab-test-000670,0,0.24208363245863201,1,0.1746750507503301
ab-test-000671,0,0.16481545662611063,0,0.1746750507503301
ab-test-000672,0,0.018022653626933657,0,0.1746750507503301
ab-test-000673,1,0.12295104350389365,0,0.1746750507503301
ab-test-000674,0,0.029992481618802008,0,0.1746750507503301
ab-test-000675,0,0.029576589593258106,0,0.1746750507503301
ab-test-000676,0,0.007239800136369699,0,0.1746750507503301
ab-test-000677,0,0.09828903258875635,0,0.1746750507503301
ab-test-000678,0,0.00911089255964013,0,0.1746750507503301
ab-test-000679,1,0.5139529332256909,1,0.1746750507503301
ab-test-000680,1,0.04016734442624442,0,0.1746750507503301
ab-test-000681,0,0.056610698336532914,0,0.1746750507503301
ab-test-000682,0,0.40921420090754806,1,0.1746750507503301
ab-test-000683,0,0.051545788408478246,0,0.1746750507503301
ab-test-000684,0,0.038679309418784245,0,0.1746750507503301
ab-test-000685,0,0.036596653189405144,0,0.1746750507503301
ab-test-000686,1,0.23583013632798863,1,0.1746750507503301
ab-test-000687,0,0.02973800200441611,0,0.1746750507503301
ab-test-000688,0,0.11390989577377077,0,0.1746750507503301
ab-test-000689,0,0.09697777841330588,0,0.1746750507503301
ab-test-000690,0,0.05590801039042695,0,0.1746750507503301
ab-test-000691,0,0.012429290336368973,0,0.1746750507503301
ab-test-000692,0,0.02891524440989227,0,0.1746750507503301
ab-test-000693,0,0.011230869424216798,0,0.1746750507503301
ab-test-000694,0,0.012881346946694095,0,0.1746750507503301
ab-test-000695,0,0.00907196348121618,0,0.1746750507503301
ab-test-000696,0,0.00783486676091875,0,0.1746750507503301
ab-test-000697,0,0.10017517555216289,0,0.1746750507503301
ab-test-000698,0,0.22933073270315318,1,0.1746750507503301
ab-test-000699,0,0.01525545294335486,0,0.1746750507503301
ab-test-000700,0,0.054907260506302305,0,0.1746750507503301
ab-test-000701,0,0.23004382036456072,1,0.1746750507503301
ab-test-000702,0,0.026247831658930694,0,0.1746750507503301
ab-test-000703,0,0.02653707043304755,0,0.1746750507503301
ab-test-000704,0,0.02131990732463755,0,0.1746750507503301
ab-test-000705,0,0.1668880512796697,0,0.1746750507503301
ab-test-000706,0,0.029818279881760498,0,0.1746750507503301
ab-test-000707,0,0.08761389303634369,0,0.1746750507503301
ab-test-000708,0,0.015160592292379016,0,0.1746750507503301
ab-test-000709,0,0.0635584348430509,0,0.1746750507503301
ab-test-000710,0,0.0351460417625439,0,0.1746750507503301
ab-test-000711,0,0.1491628939276761,0,0.1746750507503301
ab-test-000712,0,0.056070623833829894,0,0.1746750507503301
ab-test-000713,0,0.015783840791865913,0,0.1746750507503301
ab-test-000714,1,0.18803939729157515,1,0.1746750507503301
ab-test-000715,0,0.004913463079107908,0,0.1746750507503301
ab-test-000716,0,0.01591705888853311,0,0.1746750507503301
ab-test-000717,0,0.08768617090771304,0,0.1746750507503301
ab-test-000718,0,0.053120527958640175,0,0.1746750507503301
ab-test-000719,0,0.02735249230779445,0,0.1746750507503301
ab-test-000720,0,0.07453105544377164,0,0.1746750507503301
ab-test-000721,0,0.004213061353882473,0,0.1746750507503301
ab-test-000722,1,0.278562882646744,1,0.1746750507503301
ab-test-000723,0,0.11231440456517741,0,0.1746750507503301
ab-test-000724,1,0.8695883326048705,1,0.1746750507503301
ab-test-000725,1,0.10765842775191863,0,0.1746750507503301
ab-test-000726,0,0.019202501642342336,0,0.1746750507503301
ab-test-000727,0,0.38790952929236855,1,0.1746750507503301
ab-test-000728,0,0.026902275458672624,0,0.1746750507503301
ab-test-000729,0,0.01944308409038098,0,0.1746750507503301
ab-test-000730,0,0.02988762733035338,0,0.1746750507503301
ab-test-000731,0,0.07664724861160209,0,0.1746750507503301
ab-test-000732,0,0.034993250942552255,0,0.1746750507503301
ab-test-000733,0,0.07746591880520397,0,0.1746750507503301
ab-test-000734,0,0.05385757919991166,0,0.1746750507503301
ab-test-000735,1,0.3523936494863535,1,0.1746750507503301
ab-test-000736,0,0.01928631463021417,0,0.1746750507503301
ab-test-000737,0,0.05293589572906595,0,0.1746750507503301
ab-test-000738,0,0.04682067936610966,0,0.1746750507503301
ab-test-000739,0,0.0043464928523475116,0,0.1746750507503301
ab-test-000740,0,0.009346729540577041,0,0.1746750507503301
ab-test-000741,0,0.03372424247017,0,0.1746750507503301
ab-test-000742,0,0.0037863777965101196,0,0.1746750507503301
ab-test-000743,0,0.0482756536673357,0,0.1746750507503301
ab-test-000744,0,0.04936126179425407,0,0.1746750507503301
ab-test-000745,1,0.5792191811352432,1,0.1746750507503301
ab-test-000746,1,0.7493271057551124,1,0.1746750507503301
ab-test-000747,0,0.0407167307060527,0,0.1746750507503301
ab-test-000748,0,0.08346968814700406,0,0.1746750507503301
ab-test-000749,0,0.011417382762955473,0,0.1746750507503301
ab-test-000750,1,0.6002927907592975,1,0.1746750507503301
ab-test-000751,0,0.015532962095609861,0,0.1746750507503301
ab-test-000752,0,0.0030351789300428157,0,0.1746750507503301
ab-test-000753,0,0.0732027103257969,0,0.1746750507503301
ab-test-000754,0,0.07722273841990865,0,0.1746750507503301
ab-test-000755,0,0.04030490478656328,0,0.1746750507503301
ab-test-000756,0,0.0219940816770741,0,0.1746750507503301
ab-test-000757,0,0.0012087112534595282,0,0.1746750507503301
ab-test-000758,0,0.05161579443806094,0,0.1746750507503301
ab-test-000759,0,0.012000497681529878,0,0.1746750507503301
ab-test-000760,0,0.08716461191802058,0,0.1746750507503301
ab-test-000761,0,0.014583236215913519,0,0.1746750507503301
ab-test-000762,0,0.029315135356746853,0,0.1746750507503301
ab-test-000763,0,0.07880861419783038,0,0.1746750507503301
ab-test-000764,0,0.01775704206320076,0,0.1746750507503301
ab-test-000765,0,0.07566197979450587,0,0.1746750507503301
ab-test-000766,0,0.12825130999871379,0,0.1746750507503301
ab-test-000767,0,0.01713368970546843,0,0.1746750507503301
ab-test-000768,0,0.016847147427268467,0,0.1746750507503301
ab-test-000769,0,0.06116626527412811,0,0.1746750507503301
ab-test-000770,0,0.011545591114055417,0,0.1746750507503301
ab-test-000771,0,0.0571497402020747,0,0.1746750507503301
ab-test-000772,1,0.4222062108838129,1,0.1746750507503301
ab-test-000773,0,0.01452077542379156,0,0.1746750507503301
ab-test-000774,0,0.016708053630040676,0,0.1746750507503301
ab-test-000775,0,0.016071022817802417,0,0.1746750507503301
ab-test-000776,0,0.1674333512806531,0,0.1746750507503301
ab-test-000777,0,0.01184736453097383,0,0.1746750507503301
ab-test-000778,0,0.1623147061909311,0,0.1746750507503301
ab-test-000779,0,0.011511099950714258,0,0.1746750507503301
ab-test-000780,0,0.011463764351804453,0,0.1746750507503301
ab-test-000781,0,0.010794938116727902,0,0.1746750507503301
ab-test-000782,0,0.034251029219141034,0,0.1746750507503301
ab-test-000783,0,0.20218398963964768,1,0.1746750507503301
ab-test-000784,0,0.0234268123314641,0,0.1746750507503301
ab-test-000785,0,0.013878850014385281,0,0.1746750507503301
ab-test-000786,0,0.024146067188588142,0,0.1746750507503301
ab-test-000787,0,0.03913275319892092,0,0.1746750507503301
ab-test-000788,0,0.05244042670333569,0,0.1746750507503301
ab-test-000789,0,0.02473862591009731,0,0.1746750507503301
ab-test-000790,0,0.023909881367351223,0,0.1746750507503301
ab-test-000791,0,0.0059444798742899286,0,0.1746750507503301
ab-test-000792,0,0.01466650710086146,0,0.1746750507503301
ab-test-000793,0,0.03413053966705883,0,0.1746750507503301
ab-test-000794,1,0.2849968012195802,1,0.1746750507503301
ab-test-000795,0,0.0031290927942283363,0,0.1746750507503301
ab-test-000796,0,0.015517958606842287,0,0.1746750507503301
ab-test-000797,0,0.06719258565259092,0,0.1746750507503301
ab-test-000798,0,0.06134433867568235,0,0.1746750507503301
ab-test-000799,0,0.02190006608101695,0,0.1746750507503301
ab-test-000800,0,0.036987214753510904,0,0.1746750507503301
ab-test-000801,0,0.020263502828096844,0,0.1746750507503301
ab-test-000802,0,0.011429648789723428,0,0.1746750507503301
ab-test-000803,0,0.06796809736864039,0,0.1746750507503301
ab-test-000804,0,0.012418096596544874,0,0.1746750507503301
ab-test-000805,1,0.6738233063035693,1,0.1746750507503301
ab-test-000806,0,0.009050218957180018,0,0.1746750507503301
ab-test-000807,0,0.1897893568724102,1,0.1746750507503301
ab-test-000808,0,0.01407116532367025,0,0.1746750507503301
ab-test-000809,0,0.12146627398994984,0,0.1746750507503301
ab-test-000810,0,0.05585664005164544,0,0.1746750507503301
ab-test-000811,0,0.007913277439877305,0,0.1746750507503301
ab-test-000812,1,0.13831204560871543,0,0.1746750507503301
ab-test-000813,0,0.017002064307256134,0,0.1746750507503301
ab-test-000814,0,0.024697942976820774,0,0.1746750507503301
ab-test-000815,0,0.026176383261227017,0,0.1746750507503301
ab-test-000816,0,0.04533459116554493,0,0.1746750507503301
ab-test-000817,0,0.04137320598168637,0,0.1746750507503301
ab-test-000818,0,0.0571302199782008,0,0.1746750507503301
ab-test-000819,0,0.12203068229822818,0,0.1746750507503301
ab-test-000820,0,0.05339599095331412,0,0.1746750507503301
ab-test-000821,0,0.03950972304680762,0,0.1746750507503301
ab-test-000822,0,0.04489383905750807,0,0.1746750507503301
ab-test-000823,1,0.050270318714184095,0,0.1746750507503301
ab-test-000824,0,0.030558463722946873,0,0.1746750507503301
ab-test-000825,0,0.10019134453905026,0,0.1746750507503301
ab-test-000826,0,0.0377894148925072,0,0.1746750507503301
ab-test-000827,0,0.011074639128589926,0,0.1746750507503301
ab-test-000828,1,0.16794131078805521,0,0.1746750507503301
ab-test-000829,0,0.008292872098868342,0,0.1746750507503301
ab-test-000830,0,0.015573882202088742,0,0.1746750507503301
ab-test-000831,0,0.012073938503129107,0,0.1746750507503301
ab-test-000832,0,0.0912393504437969,0,0.1746750507503301
ab-test-000833,0,0.06519303519927164,0,0.1746750507503301
ab-test-000834,1,0.345687494162436,1,0.1746750507503301
ab-test-000835,0,0.38299162375855145,1,0.1746750507503301
ab-test-000836,0,0.15565549505561516,0,0.1746750507503301
ab-test-000837,0,0.012759149897052673,0,0.1746750507503301
ab-test-000838,0,0.12686988395670593,0,0.1746750507503301
ab-test-000839,1,0.7759783270530786,1,0.1746750507503301
ab-test-000840,0,0.008111978832489953,0,0.1746750507503301
ab-test-000841,0,0.055550997491315666,0,0.1746750507503301
ab-test-000842,0,0.018861728055262244,0,0.1746750507503301
ab-test-000843,0,0.014462227056725934,0,0.1746750507503301
ab-test-000844,0,0.02235150351125599,0,0.1746750507503301
ab-test-000845,0,0.028780623376648874,0,0.1746750507503301
ab-test-000846,0,0.251811678846975,1,0.1746750507503301
ab-test-000847,0,0.015089557829062083,0,0.1746750507503301
ab-test-000848,0,0.9120375494225744,1,0.1746750507503301
ab-test-000849,0,0.0369916367562185,0,0.1746750507503301
ab-test-000850,0,0.04855623098772049,0,0.1746750507503301
ab-test-000851,0,0.13671539296960455,0,0.1746750507503301
ab-test-000852,0,0.042855768966303276,0,0.1746750507503301
ab-test-000853,0,0.009780999684933907,0,0.1746750507503301
ab-test-000854,0,0.011450546323626527,0,0.1746750507503301
ab-test-000855,0,0.019986142791033203,0,0.1746750507503301
ab-test-000856,0,0.24302846669170844,1,0.1746750507503301
ab-test-000857,0,0.03483930079024872,0,0.1746750507503301
ab-test-000858,0,0.08601289434894867,0,0.1746750507503301
ab-test-000859,0,0.006238692605693417,0,0.1746750507503301
ab-test-000860,0,0.01370526250096822,0,0.1746750507503301
ab-test-000861,0,0.01104365798224203,0,0.1746750507503301
ab-test-000862,0,0.025838068756329782,0,0.1746750507503301
ab-test-000863,0,0.0233299329884133,0,0.1746750507503301
ab-test-000864,0,0.32881152489953097,1,0.1746750507503301
ab-test-000865,0,0.05617737264217022,0,0.1746750507503301
ab-test-000866,1,0.2783372929997504,1,0.1746750507503301
ab-test-000867,0,0.0036381741413352062,0,0.1746750507503301
ab-test-000868,0,0.026366553186483288,0,0.1746750507503301
ab-test-000869,0,0.0885987172101302,0,0.1746750507503301
ab-test-000870,0,0.14541814831475317,0,0.1746750507503301
ab-test-000871,0,0.014914387163565015,0,0.1746750507503301
ab-test-000872,1,0.10341923766043201,0,0.1746750507503301
ab-test-000873,0,0.023123385097829692,0,0.1746750507503301
ab-test-000874,0,0.011048413612054987,0,0.1746750507503301
ab-test-000875,0,0.0013700117676012065,0,0.1746750507503301
ab-test-000876,0,0.03436937194857411,0,0.1746750507503301
ab-test-000877,0,0.12408300442670758,0,0.1746750507503301
ab-test-000878,0,0.37750437304540446,1,0.1746750507503301
ab-test-000879,0,0.036663252543010366,0,0.1746750507503301
ab-test-000880,0,0.030703922623874287,0,0.1746750507503301
ab-test-000881,0,0.07021173772052135,0,0.1746750507503301
ab-test-000882,0,0.03103785674559109,0,0.1746750507503301
ab-test-000883,0,0.007154929208863612,0,0.1746750507503301
ab-test-000884,1,0.5512629954895717,1,0.1746750507503301
ab-test-000885,0,0.06430233210616644,0,0.1746750507503301
ab-test-000886,0,0.03067943846678621,0,0.1746750507503301
ab-test-000887,0,0.056085407577186046,0,0.1746750507503301
ab-test-000888,0,0.11904853098066422,0,0.1746750507503301
ab-test-000889,0,0.08222811691066888,0,0.1746750507503301
ab-test-000890,0,0.3946147466714769,1,0.1746750507503301
ab-test-000891,0,0.006194394028045356,0,0.1746750507503301
ab-test-000892,0,0.026589072698248107,0,0.1746750507503301
ab-test-000893,0,0.04672635510008695,0,0.1746750507503301
ab-test-000894,0,0.060158278815488055,0,0.1746750507503301
ab-test-000895,0,0.09991735907204444,0,0.1746750507503301
ab-test-000896,0,0.09183816843771121,0,0.1746750507503301
ab-test-000897,1,0.7459165487716666,1,0.1746750507503301
ab-test-000898,1,0.23016591014803506,1,0.1746750507503301
ab-test-000899,0,0.04163637865034236,0,0.1746750507503301
ab-test-000900,0,0.007946516685728627,0,0.1746750507503301
ab-test-000901,0,0.018496729536529602,0,0.1746750507503301
ab-test-000902,0,0.1015090036462322,0,0.1746750507503301
ab-test-000903,0,0.03791780377902009,0,0.1746750507503301
ab-test-000904,0,0.056844232830720175,0,0.1746750507503301
ab-test-000905,0,0.020093256342352175,0,0.1746750507503301
ab-test-000906,0,0.005948091782535087,0,0.1746750507503301
ab-test-000907,0,0.01868158715108738,0,0.1746750507503301
ab-test-000908,1,0.06180094789436435,0,0.1746750507503301
ab-test-000909,0,0.011340343738778154,0,0.1746750507503301
ab-test-000910,0,0.04565938443620842,0,0.1746750507503301
ab-test-000911,0,0.09699971864346098,0,0.1746750507503301
ab-test-000912,0,0.035040973418817276,0,0.1746750507503301
ab-test-000913,0,0.09063682775055004,0,0.1746750507503301
ab-test-000914,0,0.339690923926067,1,0.1746750507503301
ab-test-000915,0,0.027678921293503304,0,0.1746750507503301
ab-test-000916,0,0.09639700228176964,0,0.1746750507503301
ab-test-000917,0,0.0990015172233534,0,0.1746750507503301
ab-test-000918,0,0.024082232449618077,0,0.1746750507503301
ab-test-000919,1,0.014258325828553773,0,0.1746750507503301
ab-test-000920,0,0.02995977451731262,0,0.1746750507503301
ab-test-000921,0,0.1821997757297899,1,0.1746750507503301
ab-test-000922,1,0.6548924124131863,1,0.1746750507503301
ab-test-000923,0,0.007971182469377325,0,0.1746750507503301
ab-test-000924,0,0.0030512645315942683,0,0.1746750507503301
ab-test-000925,0,0.45578890992984766,1,0.1746750507503301
ab-test-000926,0,0.0473914479321639,0,0.1746750507503301
ab-test-000927,0,0.12673907703326814,0,0.1746750507503301
ab-test-000928,0,0.012277875666297624,0,0.1746750507503301
ab-test-000929,0,0.013312995009847653,0,0.1746750507503301
ab-test-000930,0,0.2158205791892298,1,0.1746750507503301
ab-test-000931,0,0.11853589597020944,0,0.1746750507503301
ab-test-000932,0,0.056271319944309804,0,0.1746750507503301
ab-test-000933,1,0.7418374699700889,1,0.1746750507503301
ab-test-000934,1,0.7408107405783911,1,0.1746750507503301
ab-test-000935,0,0.030019865511197466,0,0.1746750507503301
ab-test-000936,0,0.021591508061656012,0,0.1746750507503301
ab-test-000937,0,0.12747306568373917,0,0.1746750507503301
ab-test-000938,0,0.028743617428704633,0,0.1746750507503301
ab-test-000939,0,0.10212780921052021,0,0.1746750507503301
ab-test-000940,0,0.007358349077388788,0,0.1746750507503301
ab-test-000941,0,0.033706683059396246,0,0.1746750507503301
ab-test-000942,0,0.27068768234081847,1,0.1746750507503301
ab-test-000943,0,0.4967117202140168,1,0.1746750507503301
ab-test-000944,0,0.03661341098305268,0,0.1746750507503301
ab-test-000945,1,0.5133725998128198,1,0.1746750507503301
ab-test-000946,0,0.012937573902931978,0,0.1746750507503301
ab-test-000947,0,0.5906580443361401,1,0.1746750507503301
ab-test-000948,0,0.051234750724475524,0,0.1746750507503301
ab-test-000949,0,0.03814763147701382,0,0.1746750507503301
ab-test-000950,0,0.41263393438508933,1,0.1746750507503301
ab-test-000951,0,0.18951745232809283,1,0.1746750507503301
ab-test-000952,0,0.09458621484707297,0,0.1746750507503301
ab-test-000953,0,0.08388765280510872,0,0.1746750507503301
ab-test-000954,0,0.0046310476268389515,0,0.1746750507503301
ab-test-000955,0,0.018274455605830815,0,0.1746750507503301
ab-test-000956,0,0.4860450268772212,1,0.1746750507503301
ab-test-000957,0,0.03234398725541653,0,0.1746750507503301
ab-test-000958,0,0.009109812145933116,0,0.1746750507503301
ab-test-000959,0,0.014467224701949402,0,0.1746750507503301
ab-test-000960,0,0.04607081561717698,0,0.1746750507503301
ab-test-000961,0,0.09622926969406916,0,0.1746750507503301
ab-test-000962,0,0.03164953557923507,0,0.1746750507503301
ab-test-000963,0,0.07112452806280273,0,0.1746750507503301
ab-test-000964,0,0.08064600426461332,0,0.1746750507503301
ab-test-000965,0,0.12183101445565049,0,0.1746750507503301
ab-test-000966,0,0.06989311116986585,0,0.1746750507503301
ab-test-000967,0,0.013338744583127764,0,0.1746750507503301
ab-test-000968,0,0.0240287872145342,0,0.1746750507503301
ab-test-000969,0,0.014278742691890183,0,0.1746750507503301
ab-test-000970,1,0.05900577339359919,0,0.1746750507503301
ab-test-000971,0,0.011129275014712402,0,0.1746750507503301
ab-test-000972,0,0.006027654218136289,0,0.1746750507503301
ab-test-000973,0,0.031125347464345778,0,0.1746750507503301
ab-test-000974,0,0.016782271377947112,0,0.1746750507503301
ab-test-000975,0,0.04894108131201168,0,0.1746750507503301
ab-test-000976,0,0.5972391656570656,1,0.1746750507503301
ab-test-000977,0,0.07328374695493968,0,0.1746750507503301
ab-test-000978,0,0.35588942436781207,1,0.1746750507503301
ab-test-000979,0,0.008675818707613475,0,0.1746750507503301
ab-test-000980,0,0.010430304763927815,0,0.1746750507503301
ab-test-000981,1,0.27949656207021384,1,0.1746750507503301
ab-test-000982,0,0.08257220006752711,0,0.1746750507503301
ab-test-000983,0,0.04740691302214194,0,0.1746750507503301
ab-test-000984,0,0.035721764889508255,0,0.1746750507503301
ab-test-000985,0,0.014467781462264379,0,0.1746750507503301
ab-test-000986,0,0.4021468750408429,1,0.1746750507503301
ab-test-000987,0,0.09574819002141456,0,0.1746750507503301
ab-test-000988,0,0.046266769314027435,0,0.1746750507503301
ab-test-000989,0,0.07564838114680797,0,0.1746750507503301
ab-test-000990,0,0.14189452463398733,0,0.1746750507503301
ab-test-000991,0,0.1527805678440719,0,0.1746750507503301
ab-test-000992,0,0.08884461016962265,0,0.1746750507503301
ab-test-000993,0,0.1308798919074673,0,0.1746750507503301
ab-test-000994,0,0.3845690576374119,1,0.1746750507503301
ab-test-000995,0,0.14887937046984184,0,0.1746750507503301
ab-test-000996,0,0.02108314604854565,0,0.1746750507503301
ab-test-000997,0,0.021730612300371856,0,0.1746750507503301
ab-test-000998,0,0.3417919304186843,1,0.1746750507503301
ab-test-000999,0,0.15788895549296517,0,0.1746750507503301
ab-test-001000,0,0.09614997011264514,0,0.1746750507503301
ab-test-001001,0,0.03634163510580666,0,0.1746750507503301
ab-test-001002,0,0.025520641171770483,0,0.1746750507503301
ab-test-001003,0,0.1558226127496381,0,0.1746750507503301
ab-test-001004,1,0.1693114942247223,0,0.1746750507503301
ab-test-001005,0,0.029902436529333786,0,0.1746750507503301
ab-test-001006,0,0.07439009748720771,0,0.1746750507503301
ab-test-001007,0,0.030304085295035834,0,0.1746750507503301
ab-test-001008,0,0.03769597252039566,0,0.1746750507503301
ab-test-001009,0,0.2229233136826039,1,0.1746750507503301
ab-test-001010,0,0.0029312240138292017,0,0.1746750507503301
ab-test-001011,0,0.10912361188744617,0,0.1746750507503301
ab-test-001012,0,0.008862840578090121,0,0.1746750507503301
ab-test-001013,0,0.029364388650873693,0,0.1746750507503301
ab-test-001014,0,0.035633634772703204,0,0.1746750507503301
ab-test-001015,0,0.024017749269624952,0,0.1746750507503301
ab-test-001016,0,0.0470119762038962,0,0.1746750507503301
ab-test-001017,0,0.01413551014707928,0,0.1746750507503301
ab-test-001018,0,0.059660983333499756,0,0.1746750507503301
ab-test-001019,0,0.008872052175314254,0,0.1746750507503301
ab-test-001020,0,0.008695161986058204,0,0.1746750507503301
ab-test-001021,0,0.03443563709821098,0,0.1746750507503301
ab-test-001022,1,0.705421807703772,1,0.1746750507503301
ab-test-001023,0,0.0139188953375677,0,0.1746750507503301
ab-test-001024,0,0.06418131797756732,0,0.1746750507503301
ab-test-001025,0,0.038254110132529565,0,0.1746750507503301
ab-test-001026,0,0.25974068874003153,1,0.1746750507503301
ab-test-001027,0,0.1388721197151297,0,0.1746750507503301
ab-test-001028,0,0.012444214469460282,0,0.1746750507503301
ab-test-001029,0,0.07116044613887697,0,0.1746750507503301
ab-test-001030,0,0.02006828917520688,0,0.1746750507503301
ab-test-001031,1,0.5677138656469626,1,0.1746750507503301
ab-test-001032,0,0.08429386684441369,0,0.1746750507503301
ab-test-001033,0,0.06721210238223818,0,0.1746750507503301
ab-test-001034,0,0.046388274599581024,0,0.1746750507503301
ab-test-001035,0,0.21385509912618392,1,0.1746750507503301
ab-test-001036,1,0.45877240784817674,1,0.1746750507503301
ab-test-001037,0,0.19964311049781874,1,0.1746750507503301
ab-test-001038,0,0.024805929699008418,0,0.1746750507503301
ab-test-001039,0,0.009119834846133205,0,0.1746750507503301
ab-test-001040,0,0.25219148747133696,1,0.1746750507503301
ab-test-001041,0,0.007277698724660173,0,0.1746750507503301
ab-test-001042,0,0.07644772434255093,0,0.1746750507503301
ab-test-001043,0,0.01727680634074306,0,0.1746750507503301
ab-test-001044,0,0.47290581419784133,1,0.1746750507503301
ab-test-001045,0,0.016750210010494232,0,0.1746750507503301
ab-test-001046,0,0.027629273102966746,0,0.1746750507503301
ab-test-001047,0,0.04456036122317628,0,0.1746750507503301
ab-test-001048,0,0.018986501281689012,0,0.1746750507503301
ab-test-001049,0,0.004709343084938908,0,0.1746750507503301
ab-test-001050,0,0.15108806811834036,0,0.1746750507503301
ab-test-001051,0,0.24212735345682176,1,0.1746750507503301
ab-test-001052,0,0.07862880662243076,0,0.1746750507503301
ab-test-001053,0,0.08870756680678746,0,0.1746750507503301
ab-test-001054,0,0.011893149095150629,0,0.1746750507503301
ab-test-001055,0,0.009318736209569304,0,0.1746750507503301
ab-test-001056,0,0.017576824920677074,0,0.1746750507503301
ab-test-001057,0,0.01625848157122452,0,0.1746750507503301
ab-test-001058,0,0.02476296026696401,0,0.1746750507503301
ab-test-001059,0,0.011605083541485282,0,0.1746750507503301
ab-test-001060,0,0.46023227455455684,1,0.1746750507503301
ab-test-001061,0,0.07006064901015581,0,0.1746750507503301
ab-test-001062,0,0.011964932665541645,0,0.1746750507503301
ab-test-001063,0,0.019881945460920827,0,0.1746750507503301
ab-test-001064,0,0.06177905700644318,0,0.1746750507503301
ab-test-001065,0,0.019753088421711747,0,0.1746750507503301
ab-test-001066,0,0.01094911353887928,0,0.1746750507503301
ab-test-001067,0,0.44213455704786114,1,0.1746750507503301
ab-test-001068,0,0.10508981772426032,0,0.1746750507503301
ab-test-001069,0,0.029011735822382395,0,0.1746750507503301
ab-test-001070,0,0.027336651940886855,0,0.1746750507503301
ab-test-001071,0,0.05935805402595221,0,0.1746750507503301
ab-test-001072,0,0.3576163364742969,1,0.1746750507503301
ab-test-001073,0,0.024083285052716574,0,0.1746750507503301
ab-test-001074,0,0.01091903095641262,0,0.1746750507503301
ab-test-001075,0,0.030037259783575666,0,0.1746750507503301
ab-test-001076,0,0.061341431234185485,0,0.1746750507503301
ab-test-001077,0,0.10532904928173664,0,0.1746750507503301
ab-test-001078,0,0.005225724230767987,0,0.1746750507503301
ab-test-001079,0,0.1808821532965274,1,0.1746750507503301
ab-test-001080,0,0.1877220465512735,1,0.1746750507503301
ab-test-001081,1,0.30688417165158316,1,0.1746750507503301
ab-test-001082,0,0.031966105074904876,0,0.1746750507503301
ab-test-001083,0,0.005289730840301745,0,0.1746750507503301
ab-test-001084,0,0.00909751656925496,0,0.1746750507503301
ab-test-001085,0,0.07566197979450587,0,0.1746750507503301
ab-test-001086,0,0.017355263562897887,0,0.1746750507503301
ab-test-001087,0,0.09706361575136241,0,0.1746750507503301
ab-test-001088,0,0.060064025032131284,0,0.1746750507503301
ab-test-001089,0,0.015663808519260566,0,0.1746750507503301
ab-test-001090,0,0.0811131114419035,0,0.1746750507503301
ab-test-001091,0,0.07202125026912697,0,0.1746750507503301
ab-test-001092,0,0.14371396359638097,0,0.1746750507503301
ab-test-001093,0,0.01980014773714746,0,0.1746750507503301
ab-test-001094,0,0.1279080444726791,0,0.1746750507503301
ab-test-001095,0,0.09649471851367575,0,0.1746750507503301
ab-test-001096,0,0.01906454590677896,0,0.1746750507503301
ab-test-001097,0,0.011508646820635293,0,0.1746750507503301
ab-test-001098,0,0.18720799109993502,1,0.1746750507503301
ab-test-001099,0,0.004472736240280926,0,0.1746750507503301
ab-test-001100,1,0.2267078603370744,1,0.1746750507503301
ab-test-001101,0,0.08342876251734085,0,0.1746750507503301
ab-test-001102,0,0.055750897129276215,0,0.1746750507503301
ab-test-001103,1,0.8694578705232952,1,0.1746750507503301
ab-test-001104,1,0.03444568204895101,0,0.1746750507503301
ab-test-001105,0,0.01716567182388628,0,0.1746750507503301
ab-test-001106,0,0.030732662196632184,0,0.1746750507503301
ab-test-001107,1,0.07768509173441301,0,0.1746750507503301
ab-test-001108,0,0.03873143503951838,0,0.1746750507503301
ab-test-001109,0,0.01950964430690428,0,0.1746750507503301
ab-test-001110,0,0.17559066012309307,1,0.1746750507503301
ab-test-001111,0,0.011647079687809791,0,0.1746750507503301
ab-test-001112,0,0.07841775552193851,0,0.1746750507503301
ab-test-001113,0,0.02941877128899107,0,0.1746750507503301
ab-test-001114,0,0.16673881494320186,0,0.1746750507503301
ab-test-001115,0,0.030516088933265545,0,0.1746750507503301
ab-test-001116,0,0.4226990221410475,1,0.1746750507503301
ab-test-001117,1,0.3576123812824623,1,0.1746750507503301
ab-test-001118,0,0.02218661840945533,0,0.1746750507503301
ab-test-001119,0,0.222250795174827,1,0.1746750507503301
ab-test-001120,0,0.09389532714319404,0,0.1746750507503301
ab-test-001121,0,0.02268924546073058,0,0.1746750507503301
ab-test-001122,1,0.36844435246697005,1,0.1746750507503301
ab-test-001123,0,0.01661404883451297,0,0.1746750507503301
ab-test-001124,0,0.02970220608073681,0,0.1746750507503301
ab-test-001125,0,0.005021019845133126,0,0.1746750507503301
ab-test-001126,0,0.06331853478643483,0,0.1746750507503301
ab-test-001127,0,0.17534109250011384,1,0.1746750507503301
ab-test-001128,0,0.07403378614518503,0,0.1746750507503301
ab-test-001129,0,0.01970827478377186,0,0.1746750507503301
ab-test-001130,0,0.102399592585555,0,0.1746750507503301
ab-test-001131,1,0.7158122042940598,1,0.1746750507503301
ab-test-001132,0,0.007778814755055545,0,0.1746750507503301
ab-test-001133,0,0.006565083831958252,0,0.1746750507503301
ab-test-001134,0,0.0703219625288348,0,0.1746750507503301
ab-test-001135,0,0.25781256350557685,1,0.1746750507503301
ab-test-001136,0,0.11772105565148822,0,0.1746750507503301
ab-test-001137,0,0.039634059274217266,0,0.1746750507503301
ab-test-001138,0,0.11859718039905509,0,0.1746750507503301
ab-test-001139,0,0.11787029029829903,0,0.1746750507503301
ab-test-001140,0,0.09856662000316072,0,0.1746750507503301
ab-test-001141,0,0.030813173978349782,0,0.1746750507503301
ab-test-001142,0,0.24377524194124048,1,0.1746750507503301
ab-test-001143,1,0.14378763211764886,0,0.1746750507503301
ab-test-001144,0,0.0208932074779393,0,0.1746750507503301
ab-test-001145,0,0.027046010704981884,0,0.1746750507503301
ab-test-001146,0,0.2824591865467451,1,0.1746750507503301
ab-test-001147,0,0.04906066882572665,0,0.1746750507503301
ab-test-001148,1,0.8105700466407406,1,0.1746750507503301
ab-test-001149,0,0.023820148768704946,0,0.1746750507503301
ab-test-001150,0,0.06621605901421927,0,0.1746750507503301
ab-test-001151,0,0.012834560187262737,0,0.1746750507503301
ab-test-001152,0,0.24110090461284162,1,0.1746750507503301
ab-test-001153,0,0.14962441867840007,0,0.1746750507503301
ab-test-001154,0,0.7460024113329006,1,0.1746750507503301
ab-test-001155,0,0.033660607186589774,0,0.1746750507503301
ab-test-001156,1,0.19790255118943803,1,0.1746750507503301
ab-test-001157,0,0.08479901245392907,0,0.1746750507503301
ab-test-001158,0,0.02122798766968229,0,0.1746750507503301
ab-test-001159,0,0.3053223337005118,1,0.1746750507503301
ab-test-001160,0,0.006307405764095002,0,0.1746750507503301
ab-test-001161,0,0.21383969449073806,1,0.1746750507503301
ab-test-001162,0,0.07499441637015092,0,0.1746750507503301
ab-test-001163,0,0.8019416337583098,1,0.1746750507503301
ab-test-001164,0,0.0682623099716549,0,0.1746750507503301
ab-test-001165,0,0.18165787550141538,1,0.1746750507503301
ab-test-001166,0,0.18705147283434825,1,0.1746750507503301
ab-test-001167,0,0.018162191796048558,0,0.1746750507503301
ab-test-001168,0,0.008721482785928537,0,0.1746750507503301
ab-test-001169,0,0.08270542416929595,0,0.1746750507503301
ab-test-001170,0,0.1540441024845044,0,0.1746750507503301
ab-test-001171,1,0.09272009768600016,0,0.1746750507503301
ab-test-001172,1,0.4842733821263981,1,0.1746750507503301
ab-test-001173,0,0.03729385436301842,0,0.1746750507503301
ab-test-001174,1,0.16220987359858993,0,0.1746750507503301
ab-test-001175,0,0.01648046849704845,0,0.1746750507503301
ab-test-001176,0,0.04373565896659137,0,0.1746750507503301
ab-test-001177,0,0.00843082065599661,0,0.1746750507503301
ab-test-001178,0,0.24892737238045748,1,0.1746750507503301
ab-test-001179,0,0.07674755951243588,0,0.1746750507503301
ab-test-001180,0,0.3538441003868965,1,0.1746750507503301
ab-test-001181,0,0.028906356879099905,0,0.1746750507503301
ab-test-001182,0,0.638324939465417,1,0.1746750507503301
ab-test-001183,0,0.046368585558892596,0,0.1746750507503301
ab-test-001184,0,0.04979070592277798,0,0.1746750507503301
ab-test-001185,0,0.025552054818740247,0,0.1746750507503301
ab-test-001186,0,0.06383634609704139,0,0.1746750507503301
ab-test-001187,0,0.027820801552299622,0,0.1746750507503301
ab-test-001188,0,0.028649918853130663,0,0.1746750507503301
ab-test-001189,0,0.04738522010949294,0,0.1746750507503301
ab-test-001190,0,0.13098066572428932,0,0.1746750507503301
ab-test-001191,0,0.06545038435582755,0,0.1746750507503301
ab-test-001192,0,0.001559049304591779,0,0.1746750507503301
ab-test-001193,0,0.021060045306783366,0,0.1746750507503301
ab-test-001194,0,0.007938913636796548,0,0.1746750507503301
ab-test-001195,0,0.006699764803296964,0,0.1746750507503301
ab-test-001196,0,0.15749832402984607,0,0.1746750507503301
ab-test-001197,0,0.16229583142129214,0,0.1746750507503301
ab-test-001198,0,0.02830821120634195,0,0.1746750507503301
ab-test-001199,0,0.07380603965029861,0,0.1746750507503301
ab-test-001200,0,0.034360934224547134,0,0.1746750507503301
ab-test-001201,1,0.4431200970690982,1,0.1746750507503301
ab-test-001202,0,0.04700357491366243,0,0.1746750507503301
ab-test-001203,0,0.05530322186335361,0,0.1746750507503301
ab-test-001204,0,0.030401825047938896,0,0.1746750507503301
ab-test-001205,0,0.04821358825832455,0,0.1746750507503301
ab-test-001206,0,0.023853618605394453,0,0.1746750507503301
ab-test-001207,1,0.07705691465407098,0,0.1746750507503301
ab-test-001208,0,0.02114694014752619,0,0.1746750507503301
ab-test-001209,1,0.4505991276432513,1,0.1746750507503301
ab-test-001210,0,0.031295340792211586,0,0.1746750507503301
ab-test-001211,0,0.013200636195784697,0,0.1746750507503301
ab-test-001212,0,0.030613212174935706,0,0.1746750507503301
ab-test-001213,0,0.10229591003752216,0,0.1746750507503301
ab-test-001214,0,0.017137758680558328,0,0.1746750507503301
ab-test-001215,0,0.03847958894727805,0,0.1746750507503301
ab-test-001216,0,0.053668151512378345,0,0.1746750507503301
ab-test-001217,0,0.0046277316149460025,0,0.1746750507503301
ab-test-001218,0,0.1947046293205833,1,0.1746750507503301
ab-test-001219,0,0.37250309883037774,1,0.1746750507503301
ab-test-001220,0,0.319856601764717,1,0.1746750507503301
ab-test-001221,0,0.1771514521344027,1,0.1746750507503301
ab-test-001222,0,0.06495283655125658,0,0.1746750507503301
ab-test-001223,0,0.012027400878926923,0,0.1746750507503301
ab-test-001224,0,0.014967003110874396,0,0.1746750507503301
ab-test-001225,0,0.4385453027282491,1,0.1746750507503301
ab-test-001226,0,0.0031633942834049505,0,0.1746750507503301
ab-test-001227,0,0.010624814853259439,0,0.1746750507503301
ab-test-001228,1,0.13985767950789393,0,0.1746750507503301
ab-test-001229,0,0.010268275304438992,0,0.1746750507503301
ab-test-001230,0,0.013887896446668583,0,0.1746750507503301
ab-test-001231,0,0.09664301330955127,0,0.1746750507503301
ab-test-001232,0,0.022526159048483655,0,0.1746750507503301
ab-test-001233,0,0.9189773529978797,1,0.1746750507503301
ab-test-001234,0,0.062816331732124,0,0.1746750507503301
ab-test-001235,0,0.028166377500583865,0,0.1746750507503301
ab-test-001236,0,0.015805905466025283,0,0.1746750507503301
ab-test-001237,0,0.009089453033459791,0,0.1746750507503301
ab-test-001238,0,0.013215458723747802,0,0.1746750507503301
ab-test-001239,0,0.06975336137561312,0,0.1746750507503301
ab-test-001240,0,0.10014312620489003,0,0.1746750507503301
ab-test-001241,0,0.13550787872564118,0,0.1746750507503301
ab-test-001242,0,0.0027477485607988405,0,0.1746750507503301
ab-test-001243,0,0.26301295741634123,1,0.1746750507503301
ab-test-001244,0,0.013869379956110324,0,0.1746750507503301
ab-test-001245,0,0.05391714213194529,0,0.1746750507503301
ab-test-001246,0,0.005759510098405669,0,0.1746750507503301
ab-test-001247,0,0.9269855234007349,1,0.1746750507503301
ab-test-001248,0,0.07099279496053855,0,0.1746750507503301
ab-test-001249,1,0.9156559719266723,1,0.1746750507503301
ab-test-001250,0,0.022945212583794585,0,0.1746750507503301
ab-test-001251,0,0.17321360184929643,0,0.1746750507503301
ab-test-001252,0,0.043218592880978124,0,0.1746750507503301
ab-test-001253,0,0.209237520344712,1,0.1746750507503301
ab-test-001254,0,0.017847768135463984,0,0.1746750507503301
ab-test-001255,0,0.017225028851645795,0,0.1746750507503301
ab-test-001256,0,0.0197287369754078,0,0.1746750507503301
ab-test-001257,0,0.0900981242587525,0,0.1746750507503301
ab-test-001258,0,0.019551670009177496,0,0.1746750507503301
ab-test-001259,0,0.025865279105971653,0,0.1746750507503301
ab-test-001260,0,0.15650700771701653,0,0.1746750507503301
ab-test-001261,1,0.0807011770099689,0,0.1746750507503301
ab-test-001262,0,0.012877545912584708,0,0.1746750507503301
ab-test-001263,0,0.10595376547757941,0,0.1746750507503301
ab-test-001264,0,0.03510559285831996,0,0.1746750507503301
ab-test-001265,0,0.036106387811902986,0,0.1746750507503301
ab-test-001266,0,0.12126878845441344,0,0.1746750507503301
ab-test-001267,1,0.1545629536124493,0,0.1746750507503301
ab-test-001268,0,0.004107798015925254,0,0.1746750507503301
ab-test-001269,0,0.12941264574266848,0,0.1746750507503301
ab-test-001270,1,0.05136958970541694,0,0.1746750507503301
ab-test-001271,0,0.008550739685078381,0,0.1746750507503301
ab-test-001272,1,0.9650885493127367,1,0.1746750507503301
ab-test-001273,0,0.010595455031134975,0,0.1746750507503301
ab-test-001274,0,0.4799444401666047,1,0.1746750507503301
ab-test-001275,0,0.01799191322596217,0,0.1746750507503301
ab-test-001276,0,0.050471339686517916,0,0.1746750507503301
ab-test-001277,0,0.0038518483705792645,0,0.1746750507503301
ab-test-001278,0,0.034046596086384315,0,0.1746750507503301
ab-test-001279,0,0.04927225219141498,0,0.1746750507503301
ab-test-001280,0,0.005247909888297592,0,0.1746750507503301
ab-test-001281,0,0.01663582914162595,0,0.1746750507503301
ab-test-001282,0,0.021952749581815943,0,0.1746750507503301
ab-test-001283,0,0.01817366068599197,0,0.1746750507503301
ab-test-001284,0,0.03062498882128967,0,0.1746750507503301
ab-test-001285,0,0.039231621033067716,0,0.1746750507503301
ab-test-001286,0,0.28993983271401885,1,0.1746750507503301
ab-test-001287,0,0.030387049642123208,0,0.1746750507503301
ab-test-001288,0,0.30986996597793875,1,0.1746750507503301
ab-test-001289,1,0.7575243323216763,1,0.1746750507503301
ab-test-001290,0,0.029289682073594673,0,0.1746750507503301
ab-test-001291,0,0.0041584549049463486,0,0.1746750507503301
ab-test-001292,0,0.04852070656426236,0,0.1746750507503301
ab-test-001293,1,0.23607508087355947,1,0.1746750507503301
ab-test-001294,0,0.12845573777222363,0,0.1746750507503301
ab-test-001295,0,0.024817761157191604,0,0.1746750507503301
ab-test-001296,0,0.21816429880693847,1,0.1746750507503301
ab-test-001297,0,0.012830420478425763,0,0.1746750507503301
ab-test-001298,0,0.04697823676495148,0,0.1746750507503301
ab-test-001299,0,0.049575927305684095,0,0.1746750507503301
ab-test-001300,0,0.007498310294060756,0,0.1746750507503301
ab-test-001301,0,0.9250852738064176,1,0.1746750507503301
ab-test-001302,0,0.06382136626081603,0,0.1746750507503301
ab-test-001303,0,0.025488393522068234,0,0.1746750507503301
ab-test-001304,0,0.0281411100290054,0,0.1746750507503301
ab-test-001305,0,0.2768490037469816,1,0.1746750507503301
ab-test-001306,0,0.041233891779042166,0,0.1746750507503301
ab-test-001307,0,0.00745297117123213,0,0.1746750507503301
ab-test-001308,0,0.011250329542311506,0,0.1746750507503301
ab-test-001309,0,0.030495374503315128,0,0.1746750507503301
ab-test-001310,0,0.013844051044086581,0,0.1746750507503301
ab-test-001311,0,0.06911759243276984,0,0.1746750507503301
ab-test-001312,0,0.025197327659637846,0,0.1746750507503301
ab-test-001313,0,0.5701364802478438,1,0.1746750507503301
ab-test-001314,0,0.8807129438445984,1,0.1746750507503301
ab-test-001315,0,0.6320785185849646,1,0.1746750507503301
ab-test-001316,0,0.007757535918339557,0,0.1746750507503301
ab-test-001317,0,0.027009110374036756,0,0.1746750507503301
ab-test-001318,0,0.08899650016926121,0,0.1746750507503301
ab-test-001319,0,0.030394398918650742,0,0.1746750507503301
ab-test-001320,1,0.6575389182847116,1,0.1746750507503301
ab-test-001321,0,0.011498405571621939,0,0.1746750507503301
ab-test-001322,0,0.018321562967431787,0,0.1746750507503301
ab-test-001323,0,0.5958670388122572,1,0.1746750507503301
ab-test-001324,1,0.19409939948123803,1,0.1746750507503301
ab-test-001325,0,0.030601250048711972,0,0.1746750507503301
ab-test-001326,0,0.022013634475933436,0,0.1746750507503301
ab-test-001327,0,0.028319688089573643,0,0.1746750507503301
ab-test-001328,0,0.05223053177374818,0,0.1746750507503301
ab-test-001329,0,0.05789762622460697,0,0.1746750507503301
ab-test-001330,0,0.008194762771097258,0,0.1746750507503301
ab-test-001331,0,0.48008499007480426,1,0.1746750507503301
ab-test-001332,1,0.3106105217143043,1,0.1746750507503301
ab-test-001333,0,0.12583757258700898,0,0.1746750507503301
ab-test-001334,0,0.0469737655649388,0,0.1746750507503301
ab-test-001335,0,0.7149793086527,1,0.1746750507503301
ab-test-001336,0,0.2445051882857017,1,0.1746750507503301
ab-test-001337,0,0.011148971448733756,0,0.1746750507503301
ab-test-001338,0,0.05526815770733976,0,0.1746750507503301
ab-test-001339,0,0.013998602622872355,0,0.1746750507503301
ab-test-001340,0,0.03266297014100931,0,0.1746750507503301
ab-test-001341,1,0.4253061593833525,1,0.1746750507503301
ab-test-001342,0,0.015263535209982216,0,0.1746750507503301
ab-test-001343,0,0.008428065271707183,0,0.1746750507503301
ab-test-001344,0,0.0114961543256052,0,0.1746750507503301
ab-test-001345,0,0.021251656818574906,0,0.1746750507503301
ab-test-001346,0,0.04158494369028927,0,0.1746750507503301
ab-test-001347,0,0.008597904439218818,0,0.1746750507503301
ab-test-001348,0,0.06605574755095851,0,0.1746750507503301
ab-test-001349,0,0.0026572964997587495,0,0.1746750507503301
ab-test-001350,0,0.005088997690152339,0,0.1746750507503301
ab-test-001351,0,0.0027608272917229596,0,0.1746750507503301
ab-test-001352,0,0.0412146955235809,0,0.1746750507503301
ab-test-001353,0,0.10222334243701454,0,0.1746750507503301
ab-test-001354,0,0.00723261338077943,0,0.1746750507503301
ab-test-001355,0,0.10140363569191903,0,0.1746750507503301
ab-test-001356,0,0.004519779285809317,0,0.1746750507503301
ab-test-001357,0,0.1214031226629019,0,0.1746750507503301
ab-test-001358,0,0.019882694192364277,0,0.1746750507503301
ab-test-001359,0,0.011869826721004775,0,0.1746750507503301
ab-test-001360,0,0.006705499783978598,0,0.1746750507503301
ab-test-001361,0,0.009928751342921663,0,0.1746750507503301
ab-test-001362,0,0.1016641862185589,0,0.1746750507503301
ab-test-001363,0,0.908680375079889,1,0.1746750507503301
ab-test-001364,0,0.02435047613304951,0,0.1746750507503301
ab-test-001365,0,0.028371171700215712,0,0.1746750507503301
ab-test-001366,0,0.37772060643705574,1,0.1746750507503301
ab-test-001367,0,0.02854680555049723,0,0.1746750507503301
ab-test-001368,0,0.007471449299016493,0,0.1746750507503301
ab-test-001369,0,0.11139863035385533,0,0.1746750507503301
ab-test-001370,0,0.0887875790848158,0,0.1746750507503301
ab-test-001371,0,0.01961529966693663,0,0.1746750507503301
ab-test-001372,0,0.06212435323068215,0,0.1746750507503301
ab-test-001373,0,0.021950072463283725,0,0.1746750507503301
ab-test-001374,0,0.025339880881991583,0,0.1746750507503301
ab-test-001375,0,0.017849280397696454,0,0.1746750507503301
ab-test-001376,0,0.40596113635978587,1,0.1746750507503301
ab-test-001377,0,0.018653114511169307,0,0.1746750507503301
ab-test-001378,0,0.11221037269160591,0,0.1746750507503301
ab-test-001379,0,0.005830374945952041,0,0.1746750507503301
ab-test-001380,0,0.03332120894738288,0,0.1746750507503301
ab-test-001381,0,0.03248812125067137,0,0.1746750507503301
ab-test-001382,0,0.004591835342477471,0,0.1746750507503301
ab-test-001383,0,0.14720041112650045,0,0.1746750507503301
ab-test-001384,0,0.009971507760015201,0,0.1746750507503301
ab-test-001385,0,0.015064307181990526,0,0.1746750507503301
ab-test-001386,0,0.021760035226424543,0,0.1746750507503301
ab-test-001387,0,0.11271828625197411,0,0.1746750507503301
ab-test-001388,0,0.0031361144953824145,0,0.1746750507503301
ab-test-001389,0,0.08791037531632918,0,0.1746750507503301
ab-test-001390,0,0.06614197217523786,0,0.1746750507503301
ab-test-001391,0,0.017005184663882126,0,0.1746750507503301
ab-test-001392,0,0.3741682099357208,1,0.1746750507503301
ab-test-001393,0,0.019479381093211224,0,0.1746750507503301
ab-test-001394,1,0.744996680967415,1,0.1746750507503301
ab-test-001395,0,0.012724407678919854,0,0.1746750507503301
ab-test-001396,0,0.025579877950613873,0,0.1746750507503301
ab-test-001397,0,0.2851119556325084,1,0.1746750507503301
ab-test-001398,0,0.2217102714548521,1,0.1746750507503301
ab-test-001399,0,0.02526146811479262,0,0.1746750507503301
ab-test-001400,0,0.25057839922413894,1,0.1746750507503301
ab-test-001401,1,0.41366260381603437,1,0.1746750507503301
ab-test-001402,0,0.03242338599419714,0,0.1746750507503301
ab-test-001403,0,0.025656610560456407,0,0.1746750507503301
ab-test-001404,0,0.01874011770032963,0,0.1746750507503301
ab-test-001405,0,0.017548892411636395,0,0.1746750507503301
ab-test-001406,0,0.20455698572810177,1,0.1746750507503301
ab-test-001407,0,0.020140052991615434,0,0.1746750507503301
ab-test-001408,0,0.007612635510211254,0,0.1746750507503301
ab-test-001409,0,0.027631189783934428,0,0.1746750507503301
ab-test-001410,0,0.05525153887628142,0,0.1746750507503301
ab-test-001411,0,0.0988214339865803,0,0.1746750507503301
ab-test-001412,0,0.07643487854703711,0,0.1746750507503301
ab-test-001413,0,0.006820383963984165,0,0.1746750507503301
ab-test-001414,0,0.07072482877917972,0,0.1746750507503301
ab-test-001415,0,0.022191989772753662,0,0.1746750507503301
ab-test-001416,0,0.03632522066324841,0,0.1746750507503301
ab-test-001417,0,0.0076434312482882485,0,0.1746750507503301
ab-test-001418,1,0.26024134793990644,1,0.1746750507503301
ab-test-001419,0,0.018388751985690215,0,0.1746750507503301
ab-test-001420,0,0.03855109140848952,0,0.1746750507503301
ab-test-001421,0,0.017133185738773166,0,0.1746750507503301
ab-test-001422,0,0.02735249230779445,0,0.1746750507503301
ab-test-001423,0,0.017703118380499393,0,0.1746750507503301
ab-test-001424,0,0.04893166275380508,0,0.1746750507503301
ab-test-001425,0,0.10582404986140631,0,0.1746750507503301
ab-test-001426,1,0.25507326005542463,1,0.1746750507503301
ab-test-001427,0,0.05331702107495049,0,0.1746750507503301
ab-test-001428,0,0.35711878249611917,1,0.1746750507503301
ab-test-001429,0,0.018106528309916457,0,0.1746750507503301
ab-test-001430,0,0.044765517637155416,0,0.1746750507503301
ab-test-001431,0,0.04809616180453724,0,0.1746750507503301
ab-test-001432,0,0.009405271283068952,0,0.1746750507503301
ab-test-001433,0,0.038886149620442866,0,0.1746750507503301
ab-test-001434,1,0.0866763957073811,0,0.1746750507503301
ab-test-001435,0,0.049564895481003825,0,0.1746750507503301
ab-test-001436,0,0.029408948584675448,0,0.1746750507503301
ab-test-001437,0,0.01102742530783159,0,0.1746750507503301
ab-test-001438,0,0.18730605048810808,1,0.1746750507503301
ab-test-001439,0,0.013088294118847469,0,0.1746750507503301
ab-test-001440,0,0.05407514763482931,0,0.1746750507503301
ab-test-001441,0,0.12324933390816654,0,0.1746750507503301
ab-test-001442,0,0.07849730156533492,0,0.1746750507503301
ab-test-001443,0,0.12801186647374616,0,0.1746750507503301
ab-test-001444,0,0.023025224859294226,0,0.1746750507503301
ab-test-001445,0,0.035109596804485485,0,0.1746750507503301
ab-test-001446,0,0.033529007188791635,0,0.1746750507503301
ab-test-001447,0,0.051671367159983266,0,0.1746750507503301
ab-test-001448,0,0.015743733065217397,0,0.1746750507503301
ab-test-001449,0,0.008784944474228864,0,0.1746750507503301
ab-test-001450,0,0.01208527868282071,0,0.1746750507503301
ab-test-001451,1,0.7571982867998973,1,0.1746750507503301
ab-test-001452,0,0.006938903058255882,0,0.1746750507503301
ab-test-001453,1,0.8910955854651716,1,0.1746750507503301
ab-test-001454,0,0.09850070069324836,0,0.1746750507503301
ab-test-001455,0,0.019048485788407784,0,0.1746750507503301
ab-test-001456,0,0.03696621556778026,0,0.1746750507503301
ab-test-001457,0,0.034111100992455845,0,0.1746750507503301
ab-test-001458,0,0.08204527199109218,0,0.1746750507503301
ab-test-001459,1,0.22403516051620878,1,0.1746750507503301
ab-test-001460,0,0.1984490896922521,1,0.1746750507503301
ab-test-001461,0,0.00704452941002588,0,0.1746750507503301
ab-test-001462,0,0.05993948591905463,0,0.1746750507503301
ab-test-001463,0,0.006109188547559076,0,0.1746750507503301
ab-test-001464,0,0.004853361681519697,0,0.1746750507503301
ab-test-001465,0,0.18856855694115204,1,0.1746750507503301
ab-test-001466,0,0.5794517815061301,1,0.1746750507503301
ab-test-001467,0,0.04208770195529246,0,0.1746750507503301
ab-test-001468,1,0.3221083360487679,1,0.1746750507503301
ab-test-001469,1,0.1717418630685423,0,0.1746750507503301
ab-test-001470,0,0.03353316453748932,0,0.1746750507503301
ab-test-001471,1,0.6961530432733681,1,0.1746750507503301
ab-test-001472,0,0.011000208775689456,0,0.1746750507503301
ab-test-001473,0,0.01771247430626117,0,0.1746750507503301
ab-test-001474,0,0.03050770951844357,0,0.1746750507503301
ab-test-001475,0,0.32533065794272,1,0.1746750507503301
ab-test-001476,0,0.01831989060504051,0,0.1746750507503301
ab-test-001477,0,0.09038217158417829,0,0.1746750507503301
ab-test-001478,0,0.01676176513158783,0,0.1746750507503301
ab-test-001479,0,0.017734817074713,0,0.1746750507503301
ab-test-001480,0,0.02244390863631141,0,0.1746750507503301
ab-test-001481,0,0.1000872909351137,0,0.1746750507503301
ab-test-001482,0,0.09559936449129326,0,0.1746750507503301
ab-test-001483,0,0.04843776354641048,0,0.1746750507503301
ab-test-001484,0,0.01995366353746157,0,0.1746750507503301
ab-test-001485,0,0.015880983709070463,0,0.1746750507503301
ab-test-001486,0,0.07552493335401411,0,0.1746750507503301
ab-test-001487,0,0.5204508204502675,1,0.1746750507503301
ab-test-001488,0,0.05611413566234312,0,0.1746750507503301
ab-test-001489,0,0.10405845687096402,0,0.1746750507503301
ab-test-001490,1,0.739147614496651,1,0.1746750507503301
ab-test-001491,0,0.05039597745282574,0,0.1746750507503301
ab-test-001492,1,0.0539977286811131,0,0.1746750507503301
ab-test-001493,0,0.019797998229642958,0,0.1746750507503301
ab-test-001494,0,0.027368488513970387,0,0.1746750507503301
ab-test-001495,0,0.07832728837873237,0,0.1746750507503301
ab-test-001496,1,0.5424197288078828,1,0.1746750507503301
ab-test-001497,0,0.01429473119046823,0,0.1746750507503301
ab-test-001498,0,0.12716407216257428,0,0.1746750507503301
ab-test-001499,0,0.06737517306449525,0,0.1746750507503301
ab-test-001500,0,0.04002661018133721,0,0.1746750507503301
ab-test-001501,0,0.053765662381438276,0,0.1746750507503301
ab-test-001502,0,0.15471037293422088,0,0.1746750507503301
ab-test-001503,0,0.0804427543758419,0,0.1746750507503301
ab-test-001504,0,0.18819456896208753,1,0.1746750507503301
ab-test-001505,0,0.07036697866794385,0,0.1746750507503301
ab-test-001506,0,0.0177379993983957,0,0.1746750507503301
ab-test-001507,0,0.017135877403317203,0,0.1746750507503301
ab-test-001508,0,0.03911121103865498,0,0.1746750507503301
ab-test-001509,0,0.06686509317154629,0,0.1746750507503301
ab-test-001510,0,0.028105187411204834,0,0.1746750507503301
ab-test-001511,0,0.027167096148688525,0,0.1746750507503301
ab-test-001512,0,0.047952194321970926,0,0.1746750507503301
ab-test-001513,0,0.027736858476221524,0,0.1746750507503301
ab-test-001514,0,0.1658517451309969,0,0.1746750507503301
ab-test-001515,0,0.01533130902132419,0,0.1746750507503301
ab-test-001516,0,0.2159389647533108,1,0.1746750507503301
ab-test-001517,0,0.00954667836817109,0,0.1746750507503301
ab-test-001518,0,0.182063983860933,1,0.1746750507503301
ab-test-001519,0,0.02974436547225914,0,0.1746750507503301
ab-test-001520,0,0.03101000846065922,0,0.1746750507503301
ab-test-001521,0,0.3429241629007104,1,0.1746750507503301
ab-test-001522,0,0.12204568745149759,0,0.1746750507503301
ab-test-001523,0,0.009982828833353125,0,0.1746750507503301
ab-test-001524,0,0.05029510893428974,0,0.1746750507503301
ab-test-001525,0,0.08870631447458471,0,0.1746750507503301
ab-test-001526,1,0.544622267272633,1,0.1746750507503301
ab-test-001527,0,0.06687995806014999,0,0.1746750507503301
ab-test-001528,0,0.0032378359232486877,0,0.1746750507503301
ab-test-001529,0,0.050180881973089536,0,0.1746750507503301
ab-test-001530,0,0.58055087163514,1,0.1746750507503301
ab-test-001531,0,0.07606314094926167,0,0.1746750507503301
ab-test-001532,0,0.010453964577879072,0,0.1746750507503301
ab-test-001533,0,0.005017105297111789,0,0.1746750507503301
ab-test-001534,0,0.023783698979357858,0,0.1746750507503301
ab-test-001535,0,0.018839786336535325,0,0.1746750507503301
ab-test-001536,0,0.9026489043090661,1,0.1746750507503301
ab-test-001537,0,0.02343308647362864,0,0.1746750507503301
ab-test-001538,0,0.039714321102748765,0,0.1746750507503301
ab-test-001539,0,0.01446721197696947,0,0.1746750507503301
ab-test-001540,0,0.02882681489194507,0,0.1746750507503301
ab-test-001541,0,0.044731152204605745,0,0.1746750507503301
ab-test-001542,1,0.26201448599955235,1,0.1746750507503301
ab-test-001543,0,0.025052723113342036,0,0.1746750507503301
ab-test-001544,1,0.7062427697192151,1,0.1746750507503301
ab-test-001545,0,0.045733250376799435,0,0.1746750507503301
ab-test-001546,1,0.9100298028633919,1,0.1746750507503301
ab-test-001547,0,0.015524149758945132,0,0.1746750507503301
ab-test-001548,0,0.03486028301951555,0,0.1746750507503301
ab-test-001549,0,0.05114791271514623,0,0.1746750507503301
ab-test-001550,1,0.7050689678454651,1,0.1746750507503301
ab-test-001551,0,0.01090401765518375,0,0.1746750507503301
ab-test-001552,0,0.09460035012329614,0,0.1746750507503301
ab-test-001553,0,0.021724730169719212,0,0.1746750507503301
ab-test-001554,0,0.06914703696156245,0,0.1746750507503301
ab-test-001555,0,0.003696748096325171,0,0.1746750507503301
ab-test-001556,0,0.07420639746627637,0,0.1746750507503301
ab-test-001557,1,0.5111233805421795,1,0.1746750507503301
ab-test-001558,0,0.019463996927140605,0,0.1746750507503301
ab-test-001559,0,0.029633192969763432,0,0.1746750507503301
ab-test-001560,0,0.03566626997484014,0,0.1746750507503301
ab-test-001561,1,0.7467989820543407,1,0.1746750507503301
ab-test-001562,0,0.037450559642395374,0,0.1746750507503301
ab-test-001563,0,0.008079698499570482,0,0.1746750507503301
ab-test-001564,0,0.001341428114604389,0,0.1746750507503301
ab-test-001565,0,0.013756832661583361,0,0.1746750507503301
ab-test-001566,0,0.006820383963984165,0,0.1746750507503301
ab-test-001567,0,0.14013219819868877,0,0.1746750507503301
ab-test-001568,0,0.024146034375884966,0,0.1746750507503301
ab-test-001569,1,0.22634384024042292,1,0.1746750507503301
ab-test-001570,1,0.06982190378000455,0,0.1746750507503301
ab-test-001571,0,0.20634673568640516,1,0.1746750507503301
ab-test-001572,0,0.011926949945223564,0,0.1746750507503301
ab-test-001573,0,0.0789016227113363,0,0.1746750507503301
ab-test-001574,0,0.13830527473721593,0,0.1746750507503301
ab-test-001575,0,0.00741405720167632,0,0.1746750507503301
ab-test-001576,0,0.10554095578477778,0,0.1746750507503301
ab-test-001577,0,0.026206196656224062,0,0.1746750507503301
ab-test-001578,0,0.03291509744875943,0,0.1746750507503301
ab-test-001579,0,0.04388601237414368,0,0.1746750507503301
ab-test-001580,0,0.46286426677925996,1,0.1746750507503301
ab-test-001581,0,0.044133449359241614,0,0.1746750507503301
ab-test-001582,1,0.02750081779417581,0,0.1746750507503301
ab-test-001583,1,0.29666925523665527,1,0.1746750507503301
ab-test-001584,0,0.098152954181352,0,0.1746750507503301
ab-test-001585,0,0.019221161294373762,0,0.1746750507503301
ab-test-001586,0,0.10971399738664898,0,0.1746750507503301
ab-test-001587,0,0.15884850018731764,0,0.1746750507503301
ab-test-001588,1,0.350256296327129,1,0.1746750507503301
ab-test-001589,0,0.0064800368512644224,0,0.1746750507503301
ab-test-001590,0,0.017193159929736277,0,0.1746750507503301
ab-test-001591,0,0.008172378016301928,0,0.1746750507503301
ab-test-001592,0,0.29777112313503373,1,0.1746750507503301
ab-test-001593,0,0.050378550507658826,0,0.1746750507503301
ab-test-001594,0,0.36786987203800225,1,0.1746750507503301
ab-test-001595,0,0.039458684468338494,0,0.1746750507503301
ab-test-001596,1,0.6802055924706174,1,0.1746750507503301
ab-test-001597,1,0.2014688979982864,1,0.1746750507503301
ab-test-001598,0,0.0424105369356755,0,0.1746750507503301
ab-test-001599,0,0.08080663045805679,0,0.1746750507503301
ab-test-001600,0,0.009731473462671203,0,0.1746750507503301
ab-test-001601,1,0.969677736237526,1,0.1746750507503301
ab-test-001602,0,0.01448354744685671,0,0.1746750507503301
ab-test-001603,0,0.09361929921041388,0,0.1746750507503301
ab-test-001604,1,0.6740656055985068,1,0.1746750507503301
ab-test-001605,0,0.43655289158274757,1,0.1746750507503301
ab-test-001606,0,0.0903444470653608,0,0.1746750507503301
ab-test-001607,0,0.016314593947926198,0,0.1746750507503301
ab-test-001608,0,0.009254707187404494,0,0.1746750507503301
ab-test-001609,0,0.4095285004350338,1,0.1746750507503301
ab-test-001610,0,0.02944835510282235,0,0.1746750507503301
ab-test-001611,1,0.027096264213341187,0,0.1746750507503301
ab-test-001612,0,0.027556182989154448,0,0.1746750507503301
ab-test-001613,0,0.028521987495956715,0,0.1746750507503301
ab-test-001614,0,0.22956544266421156,1,0.1746750507503301
ab-test-001615,0,0.010290151611240422,0,0.1746750507503301
ab-test-001616,0,0.3627729529827517,1,0.1746750507503301
ab-test-001617,0,0.04564744261826209,0,0.1746750507503301
ab-test-001618,1,0.04738455565002461,0,0.1746750507503301
ab-test-001619,0,0.08436266362209915,0,0.1746750507503301
ab-test-001620,0,0.0018189351620795347,0,0.1746750507503301
ab-test-001621,0,0.00618030975321531,0,0.1746750507503301
ab-test-001622,1,0.021517141637388028,0,0.1746750507503301
ab-test-001623,0,0.06400757284395295,0,0.1746750507503301
ab-test-001624,1,0.10748761256336807,0,0.1746750507503301
ab-test-001625,0,0.0715612310082222,0,0.1746750507503301
ab-test-001626,0,0.0623592746023082,0,0.1746750507503301
ab-test-001627,0,0.024522686077059395,0,0.1746750507503301
ab-test-001628,0,0.023797444466035742,0,0.1746750507503301
ab-test-001629,0,0.042300391030196234,0,0.1746750507503301
ab-test-001630,0,0.034452341647340054,0,0.1746750507503301
ab-test-001631,0,0.007556281118208302,0,0.1746750507503301
ab-test-001632,0,0.014461639577585828,0,0.1746750507503301
ab-test-001633,0,0.0127998451247159,0,0.1746750507503301
ab-test-001634,0,0.02279494471850827,0,0.1746750507503301
ab-test-001635,0,0.17375739868419596,0,0.1746750507503301
ab-test-001636,0,0.014509390959024728,0,0.1746750507503301
ab-test-001637,1,0.26317653289782744,1,0.1746750507503301
ab-test-001638,0,0.007968817490956468,0,0.1746750507503301
ab-test-001639,1,0.01520825225934649,0,0.1746750507503301
ab-test-001640,0,0.19242738629872516,1,0.1746750507503301
ab-test-001641,0,0.026074458160143137,0,0.1746750507503301
ab-test-001642,0,0.0279343515098693,0,0.1746750507503301
ab-test-001643,0,0.10611503880134272,0,0.1746750507503301
ab-test-001644,0,0.05071233843990131,0,0.1746750507503301
ab-test-001645,0,0.01974707996808403,0,0.1746750507503301
ab-test-001646,0,0.08667725628891272,0,0.1746750507503301
ab-test-001647,0,0.100957530528871,0,0.1746750507503301
ab-test-001648,0,0.3858184404516026,1,0.1746750507503301
ab-test-001649,0,0.030942079213612753,0,0.1746750507503301
ab-test-001650,0,0.11810118152120876,0,0.1746750507503301
ab-test-001651,0,0.13291012362611704,0,0.1746750507503301
ab-test-001652,0,0.0639357447057425,0,0.1746750507503301
ab-test-001653,0,0.03420500030456359,0,0.1746750507503301
ab-test-001654,0,0.09927196516212973,0,0.1746750507503301
ab-test-001655,0,0.031416924089147494,0,0.1746750507503301
ab-test-001656,1,0.1676700988278805,0,0.1746750507503301
ab-test-001657,0,0.0324762803324546,0,0.1746750507503301
ab-test-001658,0,0.10587274137853613,0,0.1746750507503301
ab-test-001659,0,0.09026685561986106,0,0.1746750507503301
ab-test-001660,0,0.037311425247015535,0,0.1746750507503301
ab-test-001661,0,0.11161389221459145,0,0.1746750507503301
ab-test-001662,0,0.09313400930621646,0,0.1746750507503301
ab-test-001663,0,0.3358821729983798,1,0.1746750507503301
ab-test-001664,1,0.5500248748036225,1,0.1746750507503301
ab-test-001665,0,0.3650607944094983,1,0.1746750507503301
ab-test-001666,0,0.30764597611530387,1,0.1746750507503301
ab-test-001667,0,0.1009164747540737,0,0.1746750507503301
ab-test-001668,0,0.02824043901769132,0,0.1746750507503301
ab-test-001669,0,0.1919777076084235,1,0.1746750507503301
ab-test-001670,0,0.06379676350188966,0,0.1746750507503301
ab-test-001671,0,0.006029314210195093,0,0.1746750507503301
ab-test-001672,0,0.31143762671424025,1,0.1746750507503301
ab-test-001673,0,0.028359708335019287,0,0.1746750507503301
ab-test-001674,0,0.108752889800237,0,0.1746750507503301
ab-test-001675,0,0.08247535792210145,0,0.1746750507503301
ab-test-001676,0,0.007668694023084218,0,0.1746750507503301
ab-test-001677,0,0.04327295537736173,0,0.1746750507503301
ab-test-001678,0,0.027982628946439513,0,0.1746750507503301
ab-test-001679,0,0.008168831276593415,0,0.1746750507503301
ab-test-001680,0,0.021142185375410065,0,0.1746750507503301
ab-test-001681,0,0.08747831143737415,0,0.1746750507503301
ab-test-001682,0,0.01657312970732358,0,0.1746750507503301
ab-test-001683,0,0.07619021791351947,0,0.1746750507503301
ab-test-001684,0,0.0062091476625106695,0,0.1746750507503301
ab-test-001685,1,0.2850438740380464,1,0.1746750507503301
ab-test-001686,0,0.0453098979348837,0,0.1746750507503301
ab-test-001687,0,0.049535376802405016,0,0.1746750507503301
ab-test-001688,1,0.679219271761647,1,0.1746750507503301
ab-test-001689,1,0.21274953352041037,1,0.1746750507503301
ab-test-001690,0,0.007713298209179115,0,0.1746750507503301
ab-test-001691,0,0.30329112242941014,1,0.1746750507503301
ab-test-001692,0,0.0077500306000073335,0,0.1746750507503301
ab-test-001693,0,0.004515792311204215,0,0.1746750507503301
ab-test-001694,0,0.03587114635172314,0,0.1746750507503301
ab-test-001695,0,0.02830507399396312,0,0.1746750507503301
ab-test-001696,0,0.03303098651304279,0,0.1746750507503301
ab-test-001697,0,0.32701363005782186,1,0.1746750507503301
ab-test-001698,0,0.017435832141087418,0,0.1746750507503301
ab-test-001699,1,0.3979150659261825,1,0.1746750507503301
ab-test-001700,1,0.1540441024845044,0,0.1746750507503301
ab-test-001701,0,0.06471631962634228,0,0.1746750507503301
ab-test-001702,0,0.026926471039126435,0,0.1746750507503301
ab-test-001703,0,0.05841625268255804,0,0.1746750507503301
ab-test-001704,0,0.005604108138500032,0,0.1746750507503301
ab-test-001705,0,0.032794687078686026,0,0.1746750507503301
ab-test-001706,0,0.2579550722076507,1,0.1746750507503301
ab-test-001707,0,0.0011249651250254328,0,0.1746750507503301
ab-test-001708,0,0.007569970888321508,0,0.1746750507503301
ab-test-001709,0,0.012777519124299825,0,0.1746750507503301
ab-test-001710,0,0.02358828809657814,0,0.1746750507503301
ab-test-001711,0,0.08084128485641952,0,0.1746750507503301
ab-test-001712,0,0.0028756183081899765,0,0.1746750507503301
ab-test-001713,0,0.10533562149296083,0,0.1746750507503301
ab-test-001714,0,0.06149223619423213,0,0.1746750507503301
ab-test-001715,0,0.014174085978012917,0,0.1746750507503301
ab-test-001716,0,0.08570395984436173,0,0.1746750507503301
ab-test-001717,0,0.0134920654438977,0,0.1746750507503301
ab-test-001718,0,0.08015194574944799,0,0.1746750507503301
ab-test-001719,0,0.019032724169698038,0,0.1746750507503301
ab-test-001720,0,0.2904483441050208,1,0.1746750507503301
ab-test-001721,0,0.015029930891252239,0,0.1746750507503301
ab-test-001722,0,0.02655665077917547,0,0.1746750507503301
ab-test-001723,0,0.030566401811849293,0,0.1746750507503301
ab-test-001724,0,0.01944832738453097,0,0.1746750507503301
ab-test-001725,0,0.028400528881527023,0,0.1746750507503301
ab-test-001726,0,0.02241221342909849,0,0.1746750507503301
ab-test-001727,1,0.26385682620226747,1,0.1746750507503301
ab-test-001728,0,0.6395471106041786,1,0.1746750507503301
ab-test-001729,0,0.09939572705027208,0,0.1746750507503301
ab-test-001730,0,0.009690024351046279,0,0.1746750507503301
ab-test-001731,0,0.01493578087778861,0,0.1746750507503301
ab-test-001732,0,0.021093946791947486,0,0.1746750507503301
ab-test-001733,0,0.018854434081676415,0,0.1746750507503301
ab-test-001734,0,0.09507126121586333,0,0.1746750507503301
ab-test-001735,0,0.03391107056319847,0,0.1746750507503301
ab-test-001736,0,0.009887581470583408,0,0.1746750507503301
ab-test-001737,1,0.14612896512361093,0,0.1746750507503301
ab-test-001738,0,0.008167995092944606,0,0.1746750507503301
ab-test-001739,0,0.08350279407611882,0,0.1746750507503301
ab-test-001740,0,0.2590868509094184,1,0.1746750507503301
ab-test-001741,1,0.9600849595322227,1,0.1746750507503301
ab-test-001742,0,0.021721633388524682,0,0.1746750507503301
ab-test-001743,0,0.1587974073702857,0,0.1746750507503301
ab-test-001744,0,0.08171772433826284,0,0.1746750507503301
ab-test-001745,0,0.0062965493613607055,0,0.1746750507503301
ab-test-001746,0,0.062258741798019,0,0.1746750507503301
ab-test-001747,0,0.054931036082157984,0,0.1746750507503301
ab-test-001748,0,0.013017754136796775,0,0.1746750507503301
ab-test-001749,1,0.3182995735830138,1,0.1746750507503301
ab-test-001750,0,0.20379230525169334,1,0.1746750507503301
ab-test-001751,0,0.050452339914429246,0,0.1746750507503301
ab-test-001752,0,0.08908209936947009,0,0.1746750507503301
ab-test-001753,0,0.006998228105699353,0,0.1746750507503301
ab-test-001754,0,0.09723469878568844,0,0.1746750507503301
ab-test-001755,0,0.08227797001611727,0,0.1746750507503301
ab-test-001756,0,0.005001816049554465,0,0.1746750507503301
ab-test-001757,0,0.06479148125183833,0,0.1746750507503301
ab-test-001758,0,0.08379802164543079,0,0.1746750507503301
ab-test-001759,0,0.01825786163067964,0,0.1746750507503301
ab-test-001760,0,0.030211993653691302,0,0.1746750507503301
ab-test-001761,0,0.038917127345207116,0,0.1746750507503301
ab-test-001762,0,0.05537688439190013,0,0.1746750507503301
ab-test-001763,0,0.03135419745739807,0,0.1746750507503301
ab-test-001764,0,0.02410326100800571,0,0.1746750507503301
ab-test-001765,0,0.013957814006459845,0,0.1746750507503301
ab-test-001766,0,0.09488999985536924,0,0.1746750507503301
ab-test-001767,0,0.0174060660983554,0,0.1746750507503301
ab-test-001768,0,0.029887606718420917,0,0.1746750507503301
ab-test-001769,0,0.08436673467656824,0,0.1746750507503301
ab-test-001770,0,0.03024771590101784,0,0.1746750507503301
ab-test-001771,1,0.20954102877671502,1,0.1746750507503301
ab-test-001772,1,0.06117911543695502,0,0.1746750507503301
ab-test-001773,0,0.023746390481659514,0,0.1746750507503301
ab-test-001774,0,0.054482193537749864,0,0.1746750507503301
ab-test-001775,0,0.05628072213966997,0,0.1746750507503301
ab-test-001776,1,0.2813811988310194,1,0.1746750507503301
ab-test-001777,1,0.09802012058223142,0,0.1746750507503301
ab-test-001778,0,0.3042706100867518,1,0.1746750507503301
ab-test-001779,0,0.007045904830666332,0,0.1746750507503301
ab-test-001780,0,0.030429756439256522,0,0.1746750507503301
ab-test-001781,0,0.05492102082953475,0,0.1746750507503301
ab-test-001782,0,0.2101424103049737,1,0.1746750507503301
ab-test-001783,0,0.0795402989121117,0,0.1746750507503301
ab-test-001784,0,0.015622312548913256,0,0.1746750507503301
ab-test-001785,0,0.03474501233300018,0,0.1746750507503301
ab-test-001786,0,0.3402455514019451,1,0.1746750507503301
ab-test-001787,0,0.002366989367743685,0,0.1746750507503301
ab-test-001788,0,0.01855249227472701,0,0.1746750507503301
ab-test-001789,0,0.010429259431042262,0,0.1746750507503301
ab-test-001790,0,0.12183101445565049,0,0.1746750507503301
ab-test-001791,0,0.39699843288536574,1,0.1746750507503301
ab-test-001792,0,0.031865845504236164,0,0.1746750507503301
ab-test-001793,0,0.0631342422077269,0,0.1746750507503301
ab-test-001794,0,0.05713765767594181,0,0.1746750507503301
ab-test-001795,0,0.016709827055752743,0,0.1746750507503301
ab-test-001796,0,0.10262351611935872,0,0.1746750507503301
ab-test-001797,0,0.15135068816182812,0,0.1746750507503301
ab-test-001798,0,0.015116956933613718,0,0.1746750507503301
ab-test-001799,0,0.020597524034651846,0,0.1746750507503301
ab-test-001800,0,0.01866577167931303,0,0.1746750507503301
ab-test-001801,0,0.09431181132704265,0,0.1746750507503301
ab-test-001802,0,0.4566243593480782,1,0.1746750507503301
ab-test-001803,0,0.024392532437332182,0,0.1746750507503301
ab-test-001804,0,0.050050704928209205,0,0.1746750507503301
ab-test-001805,0,0.012363814309660798,0,0.1746750507503301
ab-test-001806,0,0.4797869051813271,1,0.1746750507503301
ab-test-001807,0,0.05573343878064583,0,0.1746750507503301
ab-test-001808,1,0.3833255871860199,1,0.1746750507503301
ab-test-001809,0,0.020010746934954762,0,0.1746750507503301
ab-test-001810,0,0.009112572090228354,0,0.1746750507503301
ab-test-001811,0,0.10211519448625762,0,0.1746750507503301
ab-test-001812,0,0.0284282517825214,0,0.1746750507503301
ab-test-001813,0,0.09775168861131242,0,0.1746750507503301
ab-test-001814,0,0.042475519701082105,0,0.1746750507503301
ab-test-001815,0,0.039941796334539044,0,0.1746750507503301
ab-test-001816,1,0.6240436288519774,1,0.1746750507503301
ab-test-001817,0,0.0030206523525083168,0,0.1746750507503301
ab-test-001818,0,0.047860643908776326,0,0.1746750507503301
ab-test-001819,0,0.024457837033880214,0,0.1746750507503301
ab-test-001820,1,0.27099949817497504,1,0.1746750507503301
ab-test-001821,0,0.11904853098066422,0,0.1746750507503301
ab-test-001822,0,0.3904712423920163,1,0.1746750507503301
ab-test-001823,1,0.10236162278180978,0,0.1746750507503301
ab-test-001824,0,0.015014427475339627,0,0.1746750507503301
ab-test-001825,0,0.016231788844600997,0,0.1746750507503301
ab-test-001826,0,0.041934282855545915,0,0.1746750507503301
ab-test-001827,0,0.047068879934045245,0,0.1746750507503301
ab-test-001828,0,0.03878634840678944,0,0.1746750507503301
ab-test-001829,0,0.06494705970930582,0,0.1746750507503301
ab-test-001830,1,0.725159672594794,1,0.1746750507503301
ab-test-001831,0,0.013185282670479897,0,0.1746750507503301
ab-test-001832,0,0.008980458915207901,0,0.1746750507503301
ab-test-001833,0,0.015482874652362576,0,0.1746750507503301
ab-test-001834,0,0.035120630194400954,0,0.1746750507503301
ab-test-001835,0,0.21241315399235713,1,0.1746750507503301
ab-test-001836,0,0.035956710027541146,0,0.1746750507503301
ab-test-001837,0,0.04764666277908263,0,0.1746750507503301
ab-test-001838,0,0.059855445682537964,0,0.1746750507503301
ab-test-001839,0,0.017416342956513304,0,0.1746750507503301
ab-test-001840,0,0.0818020615042622,0,0.1746750507503301
ab-test-001841,0,0.0937848495457137,0,0.1746750507503301
ab-test-001842,0,0.21086137945096173,1,0.1746750507503301
ab-test-001843,0,0.03044421998469979,0,0.1746750507503301
ab-test-001844,1,0.3427382615864748,1,0.1746750507503301
ab-test-001845,0,0.01697369733429135,0,0.1746750507503301
ab-test-001846,0,0.04254256328145626,0,0.1746750507503301
ab-test-001847,0,0.048996848720455934,0,0.1746750507503301
ab-test-001848,0,0.026589072698248107,0,0.1746750507503301
ab-test-001849,0,0.14610330091164714,0,0.1746750507503301
ab-test-001850,0,0.16280404512788532,0,0.1746750507503301
ab-test-001851,0,0.024557680770078433,0,0.1746750507503301
ab-test-001852,0,0.06553998371819016,0,0.1746750507503301
ab-test-001853,1,0.3180006395685215,1,0.1746750507503301
ab-test-001854,0,0.11849532319544266,0,0.1746750507503301
ab-test-001855,0,0.023485472287327232,0,0.1746750507503301
ab-test-001856,0,0.002129683626390405,0,0.1746750507503301
ab-test-001857,0,0.01496477498291585,0,0.1746750507503301
ab-test-001858,0,0.038520293481280006,0,0.1746750507503301
ab-test-001859,0,0.1329081813901486,0,0.1746750507503301
ab-test-001860,0,0.011709381587723696,0,0.1746750507503301
ab-test-001861,0,0.03789878944439586,0,0.1746750507503301
ab-test-001862,0,0.04926350999812684,0,0.1746750507503301
ab-test-001863,0,0.07189853794902694,0,0.1746750507503301
ab-test-001864,0,0.053878529838560445,0,0.1746750507503301
ab-test-001865,0,0.04216942728855393,0,0.1746750507503301
ab-test-001866,0,0.0632208133808648,0,0.1746750507503301
ab-test-001867,0,0.02404543244355935,0,0.1746750507503301
ab-test-001868,0,0.02063501673691456,0,0.1746750507503301
ab-test-001869,0,0.008588691064701745,0,0.1746750507503301
ab-test-001870,0,0.010720514959621497,0,0.1746750507503301
ab-test-001871,0,0.09169319740521431,0,0.1746750507503301
ab-test-001872,0,0.025462892167934417,0,0.1746750507503301
ab-test-001873,0,0.271599471392482,1,0.1746750507503301
ab-test-001874,0,0.06444638880040751,0,0.1746750507503301
ab-test-001875,0,0.0438735224377479,0,0.1746750507503301
ab-test-001876,0,0.03068964375929118,0,0.1746750507503301
ab-test-001877,0,0.4786271554591315,1,0.1746750507503301
ab-test-001878,0,0.15330326213343962,0,0.1746750507503301
ab-test-001879,0,0.01544626713208254,0,0.1746750507503301
ab-test-001880,0,0.05627452579226147,0,0.1746750507503301
ab-test-001881,0,0.002675150916191344,0,0.1746750507503301
ab-test-001882,0,0.12646187704149647,0,0.1746750507503301
ab-test-001883,1,0.5183088770881645,1,0.1746750507503301
ab-test-001884,0,0.08322175119938041,0,0.1746750507503301
ab-test-001885,0,0.11953129597031732,0,0.1746750507503301
ab-test-001886,0,0.0464103128484419,0,0.1746750507503301
ab-test-001887,1,0.20841770389675335,1,0.1746750507503301
ab-test-001888,0,0.03688713516615958,0,0.1746750507503301
ab-test-001889,0,0.2329863679952484,1,0.1746750507503301
ab-test-001890,0,0.00881413847053581,0,0.1746750507503301
ab-test-001891,0,0.11693682558001095,0,0.1746750507503301
ab-test-001892,0,0.018698919945781566,0,0.1746750507503301
ab-test-001893,1,0.07561093890173344,0,0.1746750507503301
ab-test-001894,0,0.09612675588596425,0,0.1746750507503301
ab-test-001895,1,0.07758290347275353,0,0.1746750507503301
ab-test-001896,0,0.02399006813803629,0,0.1746750507503301
ab-test-001897,0,0.008579203698416719,0,0.1746750507503301
ab-test-001898,0,0.05917925448915901,0,0.1746750507503301
ab-test-001899,0,0.01437117702782804,0,0.1746750507503301
ab-test-001900,0,0.007506560969657066,0,0.1746750507503301
ab-test-001901,0,0.010895642177876325,0,0.1746750507503301
ab-test-001902,0,0.016824535161134534,0,0.1746750507503301
ab-test-001903,0,0.009630486517890894,0,0.1746750507503301
ab-test-001904,1,0.045939134864107584,0,0.1746750507503301
ab-test-001905,0,0.08081238057483155,0,0.1746750507503301
ab-test-001906,0,0.0331092507737835,0,0.1746750507503301
ab-test-001907,0,0.014909136924061022,0,0.1746750507503301
ab-test-001908,0,0.0021189471538809383,0,0.1746750507503301
ab-test-001909,0,0.03624995793149408,0,0.1746750507503301
ab-test-001910,0,0.4128790420329118,1,0.1746750507503301
ab-test-001911,0,0.0339189631912203,0,0.1746750507503301
ab-test-001912,1,0.7055944049200381,1,0.1746750507503301
ab-test-001913,0,0.12004654055346214,0,0.1746750507503301
ab-test-001914,0,0.007898760465974165,0,0.1746750507503301
ab-test-001915,0,0.327905319426917,1,0.1746750507503301
