pair_id,label,probability,prediction,threshold
ab-test-000000,0,0.08517957452964979,0,0.13926983549114733
ab-test-000001,0,0.8751862465286603,1,0.13926983549114733
ab-test-000002,0,0.021792890492646263,0,0.13926983549114733
ab-test-000003,1,0.0705431581321545,0,0.13926983549114733
ab-test-000004,0,0.07249423435192802,0,0.13926983549114733
ab-test-000005,0,0.01092253994170464,0,0.13926983549114733
ab-test-000006,0,0.0028915334111762427,0,0.13926983549114733
ab-test-000007,0,0.048387836053472515,0,0.13926983549114733
ab-test-000008,0,0.009847793124626717,0,0.13926983549114733
ab-test-000009,0,0.006416078784182993,0,0.13926983549114733
ab-test-000010,0,0.0076035133546110524,0,0.13926983549114733
ab-test-000011,0,0.0020426335152806526,0,0.13926983549114733
ab-test-000012,0,0.06422968365268976,0,0.13926983549114733
ab-test-000013,0,0.06732566730863651,0,0.13926983549114733
ab-test-000014,0,0.012491847307251882,0,0.13926983549114733
ab-test-000015,0,0.16206909789454163,1,0.13926983549114733
ab-test-000016,0,0.012231781382240394,0,0.13926983549114733
ab-test-000017,0,0.0007611707087912923,0,0.13926983549114733
ab-test-000018,0,0.0016411615964880227,0,0.13926983549114733
ab-test-000019,0,0.012954828125873067,0,0.13926983549114733
ab-test-000020,0,0.003925479773610258,0,0.13926983549114733
ab-test-000021,0,0.15439952055142311,1,0.13926983549114733
ab-test-000022,0,0.007062634812146836,0,0.13926983549114733
ab-test-000023,0,0.004310418167822492,0,0.13926983549114733
ab-test-000024,0,0.009161710381727814,0,0.13926983549114733
ab-test-000025,0,0.027590194933216513,0,0.13926983549114733
ab-test-000026,1,0.6330146972169832,1,0.13926983549114733
ab-test-000027,0,0.0046944597267746906,0,0.13926983549114733
ab-test-000028,0,0.0008962224952304387,0,0.13926983549114733
ab-test-000029,0,0.6050971012654549,1,0.13926983549114733
ab-test-000030,0,0.08686017458675437,0,0.13926983549114733
ab-test-000031,0,0.040597687497685254,0,0.13926983549114733
ab-test-000032,0,0.009359444473861599,0,0.13926983549114733
ab-test-000033,0,0.03137971962104637,0,0.13926983549114733
ab-test-000034,0,0.13979693189338735,1,0.13926983549114733
ab-test-000035,0,0.006563019218772246,0,0.13926983549114733
ab-test-000036,0,0.06568077384996583,0,0.13926983549114733
ab-test-000037,0,0.05310391065467495,0,0.13926983549114733
ab-test-000038,0,0.018022393839745743,0,0.13926983549114733
ab-test-000039,0,0.04799980866685284,0,0.13926983549114733
ab-test-000040,0,0.023108203515364415,0,0.13926983549114733
ab-test-000041,0,0.1967269324518681,1,0.13926983549114733
ab-test-000042,0,0.025262160737129735,0,0.13926983549114733
ab-test-000043,0,0.00039895640797752796,0,0.13926983549114733
ab-test-000044,0,0.07269385290940521,0,0.13926983549114733
ab-test-000045,0,0.0003830651194867971,0,0.13926983549114733
ab-test-000046,1,0.2332173499952811,1,0.13926983549114733
ab-test-000047,1,0.002436277416327476,0,0.13926983549114733
ab-test-000048,0,0.04467975808253714,0,0.13926983549114733
ab-test-000049,0,0.006168439557612028,0,0.13926983549114733
ab-test-000050,0,0.03356929953503363,0,0.13926983549114733
ab-test-000051,1,0.48469364989423946,1,0.13926983549114733
ab-test-000052,0,0.17432380413120932,1,0.13926983549114733
ab-test-000053,0,0.0801361143473699,0,0.13926983549114733
ab-test-000054,1,0.017591959822124983,0,0.13926983549114733
ab-test-000055,0,0.004354215246105898,0,0.13926983549114733
ab-test-000056,0,0.19137996647779099,1,0.13926983549114733
ab-test-000057,1,0.033696271796087814,0,0.13926983549114733
ab-test-000058,0,0.009200746982061279,0,0.13926983549114733
ab-test-000059,0,0.09396508202506482,0,0.13926983549114733
ab-test-000060,0,0.8574153963417647,1,0.13926983549114733
ab-test-000061,0,0.003038918178396155,0,0.13926983549114733
ab-test-000062,0,0.14240882852799042,1,0.13926983549114733
ab-test-000063,0,0.1359443662954184,0,0.13926983549114733
ab-test-000064,0,0.028539950328422492,0,0.13926983549114733
ab-test-000065,0,0.13254051397146477,0,0.13926983549114733
ab-test-000066,0,0.009697707456849641,0,0.13926983549114733
ab-test-000067,0,0.01841606547134242,0,0.13926983549114733
ab-test-000068,0,0.009751717084106173,0,0.13926983549114733
ab-test-000069,0,0.04763500027989981,0,0.13926983549114733
ab-test-000070,0,0.001625975735687038,0,0.13926983549114733
ab-test-000071,0,0.05557961108934549,0,0.13926983549114733
ab-test-000072,0,0.05371944187724215,0,0.13926983549114733
ab-test-000073,0,0.03576265471902905,0,0.13926983549114733
ab-test-000074,0,0.007324109648744449,0,0.13926983549114733
ab-test-000075,0,0.012542259471700382,0,0.13926983549114733
ab-test-000076,0,0.5289785811103208,1,0.13926983549114733
ab-test-000077,0,0.05153501526545819,0,0.13926983549114733
ab-test-000078,0,0.012558452984165287,0,0.13926983549114733
ab-test-000079,0,0.02337063287896876,0,0.13926983549114733
ab-test-000080,0,0.23392062041760672,1,0.13926983549114733
ab-test-000081,1,0.5656872348329651,1,0.13926983549114733
ab-test-000082,0,0.03437958446734544,0,0.13926983549114733
ab-test-000083,0,0.11306446981080871,0,0.13926983549114733
ab-test-000084,0,0.002336866630624585,0,0.13926983549114733
ab-test-000085,0,0.050311243102636224,0,0.13926983549114733
ab-test-000086,0,0.00017899605268348968,0,0.13926983549114733
ab-test-000087,0,0.035242346668342056,0,0.13926983549114733
ab-test-000088,0,0.004387402156682494,0,0.13926983549114733
ab-test-000089,0,0.07948581023880395,0,0.13926983549114733
ab-test-000090,0,0.056889613730654646,0,0.13926983549114733
ab-test-000091,0,0.0022212449095828546,0,0.13926983549114733
ab-test-000092,0,0.0007564470244780934,0,0.13926983549114733
ab-test-000093,0,0.024119110359316454,0,0.13926983549114733
ab-test-000094,0,0.016029242319601948,0,0.13926983549114733
ab-test-000095,0,0.023053506735898475,0,0.13926983549114733
ab-test-000096,0,0.1426337615778189,1,0.13926983549114733
ab-test-000097,0,0.11164456177213251,0,0.13926983549114733
ab-test-000098,0,0.43097746472970383,1,0.13926983549114733
ab-test-000099,0,0.018727282965465282,0,0.13926983549114733
ab-test-000100,0,0.01617639762540515,0,0.13926983549114733
ab-test-000101,0,0.027217493252844883,0,0.13926983549114733
ab-test-000102,1,0.08248037472470128,0,0.13926983549114733
ab-test-000103,0,0.0029080467934537316,0,0.13926983549114733
ab-test-000104,0,0.0057930001903683,0,0.13926983549114733
ab-test-000105,0,0.2950031815734062,1,0.13926983549114733
ab-test-000106,0,0.08009046216244156,0,0.13926983549114733
ab-test-000107,0,0.06307432236487617,0,0.13926983549114733
ab-test-000108,0,0.006968944444311111,0,0.13926983549114733
ab-test-000109,0,0.22268938905184893,1,0.13926983549114733
ab-test-000110,0,0.007246150736860152,0,0.13926983549114733
ab-test-000111,0,0.020573971532596082,0,0.13926983549114733
ab-test-000112,1,0.48035705084945374,1,0.13926983549114733
ab-test-000113,0,0.01214266259921865,0,0.13926983549114733
ab-test-000114,0,0.05080454053192059,0,0.13926983549114733
ab-test-000115,0,0.48578022116533787,1,0.13926983549114733
ab-test-000116,0,0.2346407885283197,1,0.13926983549114733
ab-test-000117,0,0.09809322614793343,0,0.13926983549114733
ab-test-000118,0,0.11212357351931747,0,0.13926983549114733
ab-test-000119,0,0.003275162894358082,0,0.13926983549114733
ab-test-000120,0,0.012658346779034418,0,0.13926983549114733
ab-test-000121,0,0.016461579041820953,0,0.13926983549114733
ab-test-000122,0,0.002788840864993033,0,0.13926983549114733
ab-test-000123,0,0.21966223935346407,1,0.13926983549114733
ab-test-000124,1,0.18304439911759512,1,0.13926983549114733
ab-test-000125,0,0.027641987189344724,0,0.13926983549114733
ab-test-000126,1,0.16073118910259251,1,0.13926983549114733
ab-test-000127,1,0.23444726535605215,1,0.13926983549114733
ab-test-000128,0,0.07283644414216867,0,0.13926983549114733
ab-test-000129,0,0.3711111844930717,1,0.13926983549114733
ab-test-000130,0,0.0017456866732427916,0,0.13926983549114733
ab-test-000131,0,0.001712186213427236,0,0.13926983549114733
ab-test-000132,1,0.37247255742466234,1,0.13926983549114733
ab-test-000133,0,0.02358665219612143,0,0.13926983549114733
ab-test-000134,0,0.3159026823712735,1,0.13926983549114733
ab-test-000135,0,0.051991996511203446,0,0.13926983549114733
ab-test-000136,0,0.00743852364455241,0,0.13926983549114733
ab-test-000137,0,0.025731369523791642,0,0.13926983549114733
ab-test-000138,0,0.07155908200577137,0,0.13926983549114733
ab-test-000139,0,0.008737771962586363,0,0.13926983549114733
ab-test-000140,0,0.029243916379351614,0,0.13926983549114733
ab-test-000141,0,0.11651074543157736,0,0.13926983549114733
ab-test-000142,0,0.007972440876874293,0,0.13926983549114733
ab-test-000143,0,0.021231362770237825,0,0.13926983549114733
ab-test-000144,0,0.04250184792223706,0,0.13926983549114733
ab-test-000145,0,0.005509378054502124,0,0.13926983549114733
ab-test-000146,0,0.005994311320939452,0,0.13926983549114733
ab-test-000147,0,0.05691340379234957,0,0.13926983549114733
ab-test-000148,0,0.12834161490391024,0,0.13926983549114733
ab-test-000149,0,0.03209559551169205,0,0.13926983549114733
ab-test-000150,0,0.050817958564268934,0,0.13926983549114733
ab-test-000151,1,0.8821476923009246,1,0.13926983549114733
ab-test-000152,0,0.27413416252856326,1,0.13926983549114733
ab-test-000153,1,0.5483230920755688,1,0.13926983549114733
ab-test-000154,0,0.007820737169156938,0,0.13926983549114733
ab-test-000155,1,0.012602038965110434,0,0.13926983549114733
ab-test-000156,0,0.04253348985367275,0,0.13926983549114733
ab-test-000157,0,0.03970294156305857,0,0.13926983549114733
ab-test-000158,0,0.002456202288571997,0,0.13926983549114733
ab-test-000159,0,0.01658291053851371,0,0.13926983549114733
ab-test-000160,1,0.5854903852881362,1,0.13926983549114733
ab-test-000161,0,0.006747559168434824,0,0.13926983549114733
ab-test-000162,0,0.027291533440261934,0,0.13926983549114733
ab-test-000163,1,0.46968246790107165,1,0.13926983549114733
ab-test-000164,0,0.007508029366395926,0,0.13926983549114733
ab-test-000165,0,0.057833452641278656,0,0.13926983549114733
ab-test-000166,0,0.7445686853990701,1,0.13926983549114733
ab-test-000167,0,0.06257917017705414,0,0.13926983549114733
ab-test-000168,0,0.15716212964097265,1,0.13926983549114733
ab-test-000169,0,0.05593316639583146,0,0.13926983549114733
ab-test-000170,0,0.0005575444654956271,0,0.13926983549114733
ab-test-000171,0,0.09056579691233735,0,0.13926983549114733
ab-test-000172,0,0.07755472013454848,0,0.13926983549114733
ab-test-000173,0,0.007037470502266596,0,0.13926983549114733
ab-test-000174,0,0.018510107825618124,0,0.13926983549114733
ab-test-000175,0,0.011791628670044322,0,0.13926983549114733
ab-test-000176,0,0.00031650976979051093,0,0.13926983549114733
ab-test-000177,0,0.033911268068329586,0,0.13926983549114733
ab-test-000178,1,0.6301033605374411,1,0.13926983549114733
ab-test-000179,0,0.4519396717199645,1,0.13926983549114733
ab-test-000180,0,0.003421352954220944,0,0.13926983549114733
ab-test-000181,1,0.03775213610917147,0,0.13926983549114733
ab-test-000182,0,0.001991580484308922,0,0.13926983549114733
ab-test-000183,0,0.0413807620818115,0,0.13926983549114733
ab-test-000184,1,0.23968944053631372,1,0.13926983549114733
ab-test-000185,0,0.20464980618908665,1,0.13926983549114733
ab-test-000186,1,0.7823695211100631,1,0.13926983549114733
ab-test-000187,0,0.06028643901235372,0,0.13926983549114733
ab-test-000188,0,0.04124864068640959,0,0.13926983549114733
ab-test-000189,0,0.1193391473300211,0,0.13926983549114733
ab-test-000190,0,0.044560961179410996,0,0.13926983549114733
ab-test-000191,0,0.06842733700078867,0,0.13926983549114733
ab-test-000192,0,0.22366792932530694,1,0.13926983549114733
ab-test-000193,0,0.020478693853487984,0,0.13926983549114733
ab-test-000194,0,0.0348495862256354,0,0.13926983549114733
ab-test-000195,0,0.021310157869068844,0,0.13926983549114733
ab-test-000196,0,0.10425019885861957,0,0.13926983549114733
ab-test-000197,0,7.092055570711195e-05,0,0.13926983549114733
ab-test-000198,0,0.05618182261540871,0,0.13926983549114733
ab-test-000199,0,0.006129172074826374,0,0.13926983549114733
ab-test-000200,0,0.020579094081914218,0,0.13926983549114733
ab-test-000201,1,0.030106683623282674,0,0.13926983549114733
ab-test-000202,0,7.628407304778141e-05,0,0.13926983549114733
ab-test-000203,0,0.035035248273895994,0,0.13926983549114733
ab-test-000204,0,0.07808615491237612,0,0.13926983549114733
ab-test-000205,1,0.9741645766122399,1,0.13926983549114733
ab-test-000206,0,0.01100631287801141,0,0.13926983549114733
ab-test-000207,0,0.010490638639013559,0,0.13926983549114733
ab-test-000208,1,0.20329179356285249,1,0.13926983549114733
ab-test-000209,0,0.13378093256290755,0,0.13926983549114733
ab-test-000210,0,0.0026418146855249494,0,0.13926983549114733
ab-test-000211,0,0.07524880201121681,0,0.13926983549114733
ab-test-000212,0,0.008769741748176308,0,0.13926983549114733
ab-test-000213,0,0.40284512604190736,1,0.13926983549114733
ab-test-000214,1,0.32074122143449024,1,0.13926983549114733
ab-test-000215,0,0.0278340393023959,0,0.13926983549114733
ab-test-000216,0,0.007833159508413885,0,0.13926983549114733
ab-test-000217,0,0.007919996346411431,0,0.13926983549114733
ab-test-000218,0,0.004593010212108116,0,0.13926983549114733
ab-test-000219,0,0.0004405620914565485,0,0.13926983549114733
ab-test-000220,0,0.006087186261457251,0,0.13926983549114733
ab-test-000221,0,0.006151969385998339,0,0.13926983549114733
ab-test-000222,0,0.02281267608621923,0,0.13926983549114733
ab-test-000223,0,0.0023821134431346565,0,0.13926983549114733
ab-test-000224,0,0.016692105562590952,0,0.13926983549114733
ab-test-000225,0,0.07694714855643454,0,0.13926983549114733
ab-test-000226,0,0.26756639668814974,1,0.13926983549114733
ab-test-000227,0,0.023668697361532418,0,0.13926983549114733
ab-test-000228,0,0.013813154698361965,0,0.13926983549114733
ab-test-000229,1,0.9829131036680521,1,0.13926983549114733
ab-test-000230,0,0.022297882362849415,0,0.13926983549114733
ab-test-000231,0,0.01630238677227992,0,0.13926983549114733
ab-test-000232,0,0.024545779730629005,0,0.13926983549114733
ab-test-000233,0,0.04079926478898623,0,0.13926983549114733
ab-test-000234,0,0.08914821142459807,0,0.13926983549114733
ab-test-000235,0,0.09151232460075609,0,0.13926983549114733
ab-test-000236,0,0.20778080981347716,1,0.13926983549114733
ab-test-000237,1,0.5709730681990058,1,0.13926983549114733
ab-test-000238,0,0.005193427666948674,0,0.13926983549114733
ab-test-000239,0,0.0005322864215939182,0,0.13926983549114733
ab-test-000240,0,0.01580861284617068,0,0.13926983549114733
ab-test-000241,0,0.03599577712470244,0,0.13926983549114733
ab-test-000242,0,0.06126783897163082,0,0.13926983549114733
ab-test-000243,0,0.03406473098190394,0,0.13926983549114733
ab-test-000244,0,8.481748285431042e-06,0,0.13926983549114733
ab-test-000245,1,0.08738646889817066,0,0.13926983549114733
ab-test-000246,0,0.012376182808528955,0,0.13926983549114733
ab-test-000247,0,0.036711910124723954,0,0.13926983549114733
ab-test-000248,0,0.015897804533870467,0,0.13926983549114733
ab-test-000249,0,0.026133492898667773,0,0.13926983549114733
ab-test-000250,0,0.00030746803741305045,0,0.13926983549114733
ab-test-000251,0,0.09469080815045905,0,0.13926983549114733
ab-test-000252,0,3.1558454669918806e-05,0,0.13926983549114733
ab-test-000253,0,0.029544525731571375,0,0.13926983549114733
ab-test-000254,0,0.006977328843730187,0,0.13926983549114733
ab-test-000255,0,0.01473823996363069,0,0.13926983549114733
ab-test-000256,0,0.0131847718219759,0,0.13926983549114733
ab-test-000257,0,0.08539681113742363,0,0.13926983549114733
ab-test-000258,0,0.12277387607826597,0,0.13926983549114733
ab-test-000259,0,0.2257425450787937,1,0.13926983549114733
ab-test-000260,0,0.005311556010494114,0,0.13926983549114733
ab-test-000261,0,0.014755413367103714,0,0.13926983549114733
ab-test-000262,0,0.15151303382654052,1,0.13926983549114733
ab-test-000263,0,0.24663747293402885,1,0.13926983549114733
ab-test-000264,0,0.0005106710550305053,0,0.13926983549114733
ab-test-000265,0,0.007795017045321879,0,0.13926983549114733
ab-test-000266,0,1.9067051963952113e-13,0,0.13926983549114733
ab-test-000267,0,0.06447285006296063,0,0.13926983549114733
ab-test-000268,0,0.02389021716109933,0,0.13926983549114733
ab-test-000269,0,0.031128142366265706,0,0.13926983549114733
ab-test-000270,0,0.028004274355855008,0,0.13926983549114733
ab-test-000271,0,0.06264352680911901,0,0.13926983549114733
ab-test-000272,0,0.019095852179365384,0,0.13926983549114733
ab-test-000273,0,0.1714317461115411,1,0.13926983549114733
ab-test-000274,0,0.08908331001368884,0,0.13926983549114733
ab-test-000275,0,0.007840637815261106,0,0.13926983549114733
ab-test-000276,0,0.0008462614093333838,0,0.13926983549114733
ab-test-000277,0,0.470352324649645,1,0.13926983549114733
ab-test-000278,0,0.026321928650300624,0,0.13926983549114733
ab-test-000279,0,0.06609617522818792,0,0.13926983549114733
ab-test-000280,0,0.00038400897479141076,0,0.13926983549114733
ab-test-000281,0,0.10126019230479924,0,0.13926983549114733
ab-test-000282,0,0.3002173083054332,1,0.13926983549114733
ab-test-000283,0,0.0016994939826289288,0,0.13926983549114733
ab-test-000284,0,0.007831789987806731,0,0.13926983549114733
ab-test-000285,0,0.026859998326052875,0,0.13926983549114733
ab-test-000286,0,0.27330748400734134,1,0.13926983549114733
ab-test-000287,0,0.004602617486167758,0,0.13926983549114733
ab-test-000288,0,0.047953813586221826,0,0.13926983549114733
ab-test-000289,0,0.19676799689861355,1,0.13926983549114733
ab-test-000290,0,0.0007635653758020564,0,0.13926983549114733
ab-test-000291,0,8.086137942376105e-07,0,0.13926983549114733
ab-test-000292,0,0.018735063573244705,0,0.13926983549114733
ab-test-000293,0,0.01873387949980832,0,0.13926983549114733
ab-test-000294,0,0.02200545444102845,0,0.13926983549114733
ab-test-000295,0,0.0045466696358647885,0,0.13926983549114733
ab-test-000296,1,0.862948872206944,1,0.13926983549114733
ab-test-000297,0,0.09729649573924495,0,0.13926983549114733
ab-test-000298,0,0.1811165715737414,1,0.13926983549114733
ab-test-000299,0,0.007533298517548525,0,0.13926983549114733
ab-test-000300,0,0.04280362052638061,0,0.13926983549114733
ab-test-000301,0,0.06920419104038686,0,0.13926983549114733
ab-test-000302,0,0.005054189391856584,0,0.13926983549114733
ab-test-000303,0,0.03039066736591042,0,0.13926983549114733
ab-test-000304,0,0.005953393207430672,0,0.13926983549114733
ab-test-000305,0,0.0003766036040664153,0,0.13926983549114733
ab-test-000306,0,0.1525266327375631,1,0.13926983549114733
ab-test-000307,1,0.7162789199054267,1,0.13926983549114733
ab-test-000308,1,0.03752280043221679,0,0.13926983549114733
ab-test-000309,0,0.036182556327067454,0,0.13926983549114733
ab-test-000310,0,0.008464718247513736,0,0.13926983549114733
ab-test-000311,1,0.00389124543798022,0,0.13926983549114733
ab-test-000312,0,0.01581715055103013,0,0.13926983549114733
ab-test-000313,0,0.032818616974401374,0,0.13926983549114733
ab-test-000314,1,0.9756261893152074,1,0.13926983549114733
ab-test-000315,0,0.026023797809388,0,0.13926983549114733
ab-test-000316,0,0.04391771223525352,0,0.13926983549114733
ab-test-000317,0,0.045979198617369044,0,0.13926983549114733
ab-test-000318,1,0.08924735827895465,0,0.13926983549114733
ab-test-000319,0,0.01424795709516523,0,0.13926983549114733
ab-test-000320,0,0.012295063142866281,0,0.13926983549114733
ab-test-000321,0,0.007782764390166304,0,0.13926983549114733
ab-test-000322,0,0.007604036115682578,0,0.13926983549114733
ab-test-000323,0,0.06624711456213271,0,0.13926983549114733
ab-test-000324,0,0.03297282379184951,0,0.13926983549114733
ab-test-000325,0,0.005908195593329518,0,0.13926983549114733
ab-test-000326,0,0.0029378211801293235,0,0.13926983549114733
ab-test-000327,0,0.2747842195109485,1,0.13926983549114733
ab-test-000328,0,0.029102140490647136,0,0.13926983549114733
ab-test-000329,1,0.18963700921200327,1,0.13926983549114733
ab-test-000330,0,0.020525741421981897,0,0.13926983549114733
ab-test-000331,1,0.20270455384887404,1,0.13926983549114733
ab-test-000332,0,0.04765404335785827,0,0.13926983549114733
ab-test-000333,0,0.028542114989400746,0,0.13926983549114733
ab-test-000334,0,0.027295600885920705,0,0.13926983549114733
ab-test-000335,0,0.01867562567821861,0,0.13926983549114733
ab-test-000336,0,0.795185924008711,1,0.13926983549114733
ab-test-000337,1,0.23825992515951538,1,0.13926983549114733
ab-test-000338,0,0.005384752612920245,0,0.13926983549114733
ab-test-000339,0,0.035506205690204164,0,0.13926983549114733
ab-test-000340,0,0.009245398437475733,0,0.13926983549114733
ab-test-000341,0,0.19561470058851987,1,0.13926983549114733
ab-test-000342,0,0.031052409569399555,0,0.13926983549114733
ab-test-000343,0,0.028358808280372558,0,0.13926983549114733
ab-test-000344,0,0.03832465531773921,0,0.13926983549114733
ab-test-000345,0,0.25431777605348693,1,0.13926983549114733
ab-test-000346,1,0.11903971695617682,0,0.13926983549114733
ab-test-000347,0,0.18122411400285865,1,0.13926983549114733
ab-test-000348,0,0.002753681138521074,0,0.13926983549114733
ab-test-000349,0,0.3299860649731042,1,0.13926983549114733
ab-test-000350,0,0.002169660518288114,0,0.13926983549114733
ab-test-000351,0,0.04940140299070844,0,0.13926983549114733
ab-test-000352,0,0.04812782750851309,0,0.13926983549114733
ab-test-000353,0,0.004890111529874508,0,0.13926983549114733
ab-test-000354,0,0.010452476250192667,0,0.13926983549114733
ab-test-000355,0,0.0047042239539259005,0,0.13926983549114733
ab-test-000356,0,0.48334421807454236,1,0.13926983549114733
ab-test-000357,0,0.27920950296489944,1,0.13926983549114733
ab-test-000358,0,0.02326975630377824,0,0.13926983549114733
ab-test-000359,0,0.013631690012128807,0,0.13926983549114733
ab-test-000360,0,0.00946449496023144,0,0.13926983549114733
ab-test-000361,0,0.04258035553966589,0,0.13926983549114733
ab-test-000362,0,0.08155902469226896,0,0.13926983549114733
ab-test-000363,0,0.01559406670572351,0,0.13926983549114733
ab-test-000364,0,0.024606762557829242,0,0.13926983549114733
ab-test-000365,1,0.12890106324827355,0,0.13926983549114733
ab-test-000366,0,0.004790663607569484,0,0.13926983549114733
ab-test-000367,0,0.003105097806783357,0,0.13926983549114733
ab-test-000368,0,0.0237802823049995,0,0.13926983549114733
ab-test-000369,0,0.3415377836379528,1,0.13926983549114733
ab-test-000370,0,0.5291898584181147,1,0.13926983549114733
ab-test-000371,1,0.5094789381587689,1,0.13926983549114733
ab-test-000372,0,0.021385409401835493,0,0.13926983549114733
ab-test-000373,0,0.017584818629458255,0,0.13926983549114733
ab-test-000374,0,0.12573450510537548,0,0.13926983549114733
ab-test-000375,0,0.07991574782653883,0,0.13926983549114733
ab-test-000376,0,0.004043209668790873,0,0.13926983549114733
ab-test-000377,0,0.023677333008404314,0,0.13926983549114733
ab-test-000378,0,0.07656268246178513,0,0.13926983549114733
ab-test-000379,1,0.5774417661817077,1,0.13926983549114733
ab-test-000380,0,0.010470010357527974,0,0.13926983549114733
ab-test-000381,0,0.02241830285125354,0,0.13926983549114733
ab-test-000382,0,0.004085645410578079,0,0.13926983549114733
ab-test-000383,0,0.029425497174836487,0,0.13926983549114733
ab-test-000384,1,0.10723856984984344,0,0.13926983549114733
ab-test-000385,0,0.0032632982774167462,0,0.13926983549114733
ab-test-000386,0,0.01678899031495724,0,0.13926983549114733
ab-test-000387,0,0.004899879490936167,0,0.13926983549114733
ab-test-000388,0,0.00765259317754224,0,0.13926983549114733
ab-test-000389,1,0.06346340713957663,0,0.13926983549114733
ab-test-000390,0,0.018079277769644787,0,0.13926983549114733
ab-test-000391,0,0.09904841378937101,0,0.13926983549114733
ab-test-000392,0,0.0004054561550310188,0,0.13926983549114733
ab-test-000393,0,0.004701384961630417,0,0.13926983549114733
ab-test-000394,0,0.01918063599528566,0,0.13926983549114733
ab-test-000395,0,0.017381868516525786,0,0.13926983549114733
ab-test-000396,0,0.09181641055622727,0,0.13926983549114733
ab-test-000397,0,0.03184229074381066,0,0.13926983549114733
ab-test-000398,0,0.16586072531297033,1,0.13926983549114733
ab-test-000399,1,0.3974844963864523,1,0.13926983549114733
ab-test-000400,0,0.011540313108963902,0,0.13926983549114733
ab-test-000401,1,0.04860150248638033,0,0.13926983549114733
ab-test-000402,1,0.7512704067107538,1,0.13926983549114733
ab-test-000403,0,0.008641115270713418,0,0.13926983549114733
ab-test-000404,1,0.9058835252814349,1,0.13926983549114733
ab-test-000405,0,0.007175433739463375,0,0.13926983549114733
ab-test-000406,0,0.10300081700407215,0,0.13926983549114733
ab-test-000407,0,0.035423066634948125,0,0.13926983549114733
ab-test-000408,0,0.006729047318181569,0,0.13926983549114733
ab-test-000409,0,0.9310316799207835,1,0.13926983549114733
ab-test-000410,0,0.3260589030725404,1,0.13926983549114733
ab-test-000411,0,0.09926587257329826,0,0.13926983549114733
ab-test-000412,1,0.5882124500273486,1,0.13926983549114733
ab-test-000413,0,0.05374814120220491,0,0.13926983549114733
ab-test-000414,0,0.1914813437846544,1,0.13926983549114733
ab-test-000415,0,6.51634254370207e-06,0,0.13926983549114733
ab-test-000416,0,0.2726338184675872,1,0.13926983549114733
ab-test-000417,0,0.016217557642461647,0,0.13926983549114733
ab-test-000418,0,0.2392286890640835,1,0.13926983549114733
ab-test-000419,1,0.035061792632278876,0,0.13926983549114733
ab-test-000420,0,0.22572832758211908,1,0.13926983549114733
ab-test-000421,1,0.23218695808170045,1,0.13926983549114733
ab-test-000422,0,0.04368036426393131,0,0.13926983549114733
ab-test-000423,0,0.02852888918422245,0,0.13926983549114733
ab-test-000424,0,0.005991862516421923,0,0.13926983549114733
ab-test-000425,0,0.06724653346798236,0,0.13926983549114733
ab-test-000426,0,0.011874506041529639,0,0.13926983549114733
ab-test-000427,0,0.11174925181184213,0,0.13926983549114733
ab-test-000428,0,0.02256323120678876,0,0.13926983549114733
ab-test-000429,0,0.14726215937105192,1,0.13926983549114733
ab-test-000430,0,0.01553038017443297,0,0.13926983549114733
ab-test-000431,1,0.1909478690225356,1,0.13926983549114733
ab-test-000432,0,0.01783918433995654,0,0.13926983549114733
ab-test-000433,0,0.06502713904512337,0,0.13926983549114733
ab-test-000434,0,0.06602871888017398,0,0.13926983549114733
ab-test-000435,0,0.014308045797000674,0,0.13926983549114733
ab-test-000436,0,0.020108475767383813,0,0.13926983549114733
ab-test-000437,0,0.37224296325981193,1,0.13926983549114733
ab-test-000438,0,0.03541464703402235,0,0.13926983549114733
ab-test-000439,0,0.02758703335496005,0,0.13926983549114733
ab-test-000440,0,0.2249687901284906,1,0.13926983549114733
ab-test-000441,0,0.0019753448390196693,0,0.13926983549114733
ab-test-000442,0,0.1067954274640181,0,0.13926983549114733
ab-test-000443,0,0.06179556809252184,0,0.13926983549114733
ab-test-000444,0,0.00041720200061272047,0,0.13926983549114733
ab-test-000445,0,0.006959828738028702,0,0.13926983549114733
ab-test-000446,0,0.011363916775330394,0,0.13926983549114733
ab-test-000447,0,0.0246108075521981,0,0.13926983549114733
ab-test-000448,0,0.06421255254620575,0,0.13926983549114733
ab-test-000449,0,0.001987996838540144,0,0.13926983549114733
ab-test-000450,0,0.07752850059121487,0,0.13926983549114733
ab-test-000451,0,0.029846775028135056,0,0.13926983549114733
ab-test-000452,0,0.020127405514071595,0,0.13926983549114733
ab-test-000453,0,0.11861934326665631,0,0.13926983549114733
ab-test-000454,0,0.005686667598460618,0,0.13926983549114733
ab-test-000455,0,0.06448454499190676,0,0.13926983549114733
ab-test-000456,0,0.02583993087065478,0,0.13926983549114733
ab-test-000457,0,0.026646052468408208,0,0.13926983549114733
ab-test-000458,0,0.09991308734923511,0,0.13926983549114733
ab-test-000459,0,0.013643063765029405,0,0.13926983549114733
ab-test-000460,0,0.011391453771578236,0,0.13926983549114733
ab-test-000461,0,0.015156929539673073,0,0.13926983549114733
ab-test-000462,0,0.25018478281410855,1,0.13926983549114733
ab-test-000463,0,0.016732001190804775,0,0.13926983549114733
ab-test-000464,0,0.03874650089161873,0,0.13926983549114733
ab-test-000465,0,0.025029402351630703,0,0.13926983549114733
ab-test-000466,0,0.07739992091467283,0,0.13926983549114733
ab-test-000467,0,0.05147205517224151,0,0.13926983549114733
ab-test-000468,0,0.008908765435653733,0,0.13926983549114733
ab-test-000469,0,0.012543397148400283,0,0.13926983549114733
ab-test-000470,0,0.009453858540430229,0,0.13926983549114733
ab-test-000471,0,0.0064553287150580065,0,0.13926983549114733
ab-test-000472,0,0.0045975174935835314,0,0.13926983549114733
ab-test-000473,0,0.08653685843560492,0,0.13926983549114733
ab-test-000474,1,0.20695194861403207,1,0.13926983549114733
ab-test-000475,0,0.0004718304714716991,0,0.13926983549114733
ab-test-000476,0,0.03177078541874816,0,0.13926983549114733
ab-test-000477,0,0.08188516477839387,0,0.13926983549114733
ab-test-000478,0,0.022173905028322418,0,0.13926983549114733
ab-test-000479,0,0.009905647186452196,0,0.13926983549114733
ab-test-000480,0,0.06636186545087343,0,0.13926983549114733
ab-test-000481,0,0.005721746970120741,0,0.13926983549114733
ab-test-000482,0,0.4481246769350784,1,0.13926983549114733
ab-test-000483,0,0.01567961059252755,0,0.13926983549114733
ab-test-000484,0,0.04262861988303312,0,0.13926983549114733
ab-test-000485,0,0.051696392109011016,0,0.13926983549114733
ab-test-000486,0,0.007246150103463539,0,0.13926983549114733
ab-test-000487,0,0.41665911126513455,1,0.13926983549114733
ab-test-000488,0,4.1586117284965764e-12,0,0.13926983549114733
ab-test-000489,0,0.05807951415353937,0,0.13926983549114733
ab-test-000490,0,0.007614531261031037,0,0.13926983549114733
ab-test-000491,0,0.003121159168553617,0,0.13926983549114733
ab-test-000492,0,0.0025804725738167314,0,0.13926983549114733
ab-test-000493,0,0.004638920512917852,0,0.13926983549114733
ab-test-000494,1,0.18209812799685623,1,0.13926983549114733
ab-test-000495,0,0.01970863121753567,0,0.13926983549114733
ab-test-000496,0,0.07344252257482149,0,0.13926983549114733
ab-test-000497,0,0.16155921711765805,1,0.13926983549114733
ab-test-000498,0,0.00871231494723907,0,0.13926983549114733
ab-test-000499,0,0.5842774561745954,1,0.13926983549114733
ab-test-000500,0,0.06485745114757284,0,0.13926983549114733
ab-test-000501,0,0.011852048230872155,0,0.13926983549114733
ab-test-000502,1,0.8725093860352487,1,0.13926983549114733
ab-test-000503,0,0.4270208662863342,1,0.13926983549114733
ab-test-000504,1,0.004333436338504501,0,0.13926983549114733
ab-test-000505,0,0.014453489336769133,0,0.13926983549114733
ab-test-000506,0,0.017443570195298904,0,0.13926983549114733
ab-test-000507,0,0.0154104209057017,0,0.13926983549114733
ab-test-000508,1,0.48483826858053364,1,0.13926983549114733
ab-test-000509,0,0.13670688691031657,0,0.13926983549114733
ab-test-000510,0,0.011815802623720596,0,0.13926983549114733
ab-test-000511,0,0.008774925358406472,0,0.13926983549114733
ab-test-000512,0,0.0394580146853247,0,0.13926983549114733
ab-test-000513,0,0.0708261271252119,0,0.13926983549114733
ab-test-000514,0,0.0038763975929701853,0,0.13926983549114733
ab-test-000515,0,0.07366590012921617,0,0.13926983549114733
ab-test-000516,0,0.4505798114063832,1,0.13926983549114733
ab-test-000517,0,0.005694645193588491,0,0.13926983549114733
ab-test-000518,0,0.0800590797139077,0,0.13926983549114733
ab-test-000519,1,0.40759981835428344,1,0.13926983549114733
ab-test-000520,0,0.009562705624520999,0,0.13926983549114733
ab-test-000521,0,0.03338307527359991,0,0.13926983549114733
ab-test-000522,0,0.3258758185554933,1,0.13926983549114733
ab-test-000523,1,0.8963969308731808,1,0.13926983549114733
ab-test-000524,0,0.04420612955116264,0,0.13926983549114733
ab-test-000525,0,0.0030715510268744064,0,0.13926983549114733
ab-test-000526,0,0.15869178081989754,1,0.13926983549114733
ab-test-000527,1,0.4963798938042602,1,0.13926983549114733
ab-test-000528,0,0.001815659909735571,0,0.13926983549114733
ab-test-000529,0,0.009899688529849156,0,0.13926983549114733
ab-test-000530,0,0.006512892922769159,0,0.13926983549114733
ab-test-000531,0,0.034107252509233896,0,0.13926983549114733
ab-test-000532,0,0.07207195439463163,0,0.13926983549114733
ab-test-000533,0,0.009840225922497493,0,0.13926983549114733
ab-test-000534,0,0.024324334753420322,0,0.13926983549114733
ab-test-000535,0,0.05789653347138347,0,0.13926983549114733
ab-test-000536,0,0.06123261197220079,0,0.13926983549114733
ab-test-000537,0,0.04311926234440426,0,0.13926983549114733
ab-test-000538,0,0.016270852030487132,0,0.13926983549114733
ab-test-000539,0,0.028584544976194295,0,0.13926983549114733
ab-test-000540,0,0.08377383184588419,0,0.13926983549114733
ab-test-000541,0,0.3245354124507097,1,0.13926983549114733
ab-test-000542,0,0.05002985200615639,0,0.13926983549114733
ab-test-000543,0,0.10686605402610605,0,0.13926983549114733
ab-test-000544,1,0.5219689661793947,1,0.13926983549114733
ab-test-000545,0,0.21619688576705925,1,0.13926983549114733
ab-test-000546,0,0.2809037197160206,1,0.13926983549114733
ab-test-000547,1,0.5855485409943376,1,0.13926983549114733
ab-test-000548,1,0.9792561609314878,1,0.13926983549114733
ab-test-000549,0,0.0005257284934815271,0,0.13926983549114733
ab-test-000550,0,0.06233754036569188,0,0.13926983549114733
ab-test-000551,0,0.0017158719143441682,0,0.13926983549114733
ab-test-000552,0,0.006844619842288895,0,0.13926983549114733
ab-test-000553,0,0.20570402487548867,1,0.13926983549114733
ab-test-000554,0,0.014795982692823471,0,0.13926983549114733
ab-test-000555,0,0.25473862873253994,1,0.13926983549114733
ab-test-000556,0,0.03689552606570747,0,0.13926983549114733
ab-test-000557,0,0.013987350898430702,0,0.13926983549114733
ab-test-000558,0,0.006073756357473598,0,0.13926983549114733
ab-test-000559,0,0.0015540667576652426,0,0.13926983549114733
ab-test-000560,0,0.007321401627038588,0,0.13926983549114733
ab-test-000561,0,0.0021551590117385414,0,0.13926983549114733
ab-test-000562,1,0.2440440876660161,1,0.13926983549114733
ab-test-000563,0,0.3765652685980087,1,0.13926983549114733
ab-test-000564,0,0.009821342362619095,0,0.13926983549114733
ab-test-000565,0,0.036799191125944014,0,0.13926983549114733
ab-test-000566,0,0.011136153246691118,0,0.13926983549114733
ab-test-000567,1,0.9952608931682726,1,0.13926983549114733
ab-test-000568,0,0.06311695296767468,0,0.13926983549114733
ab-test-000569,0,0.0386099039147612,0,0.13926983549114733
ab-test-000570,0,0.003507806740606342,0,0.13926983549114733
ab-test-000571,0,0.021502876126633912,0,0.13926983549114733
ab-test-000572,0,0.08664014442169257,0,0.13926983549114733
ab-test-000573,0,0.02021544176513044,0,0.13926983549114733
ab-test-000574,0,0.04591593062056815,0,0.13926983549114733
ab-test-000575,0,0.006841437776433097,0,0.13926983549114733
ab-test-000576,0,0.00041722322264893346,0,0.13926983549114733
ab-test-000577,0,0.03025350458064262,0,0.13926983549114733
ab-test-000578,0,0.03611966856850805,0,0.13926983549114733
ab-test-000579,0,0.1368809047066992,0,0.13926983549114733
ab-test-000580,0,0.007828472970380588,0,0.13926983549114733
ab-test-000581,0,0.03148556389814997,0,0.13926983549114733
ab-test-000582,0,0.0068144894882148956,0,0.13926983549114733
ab-test-000583,0,0.682434233417641,1,0.13926983549114733
ab-test-000584,0,0.5015475754193769,1,0.13926983549114733
ab-test-000585,0,0.04375413287535583,0,0.13926983549114733
ab-test-000586,0,0.007695542504958971,0,0.13926983549114733
ab-test-000587,0,0.00590052380314876,0,0.13926983549114733
ab-test-000588,0,0.0001081711123355091,0,0.13926983549114733
ab-test-000589,0,0.012239834964898768,0,0.13926983549114733
ab-test-000590,0,0.0016107677592504914,0,0.13926983549114733
ab-test-000591,0,0.027415193432264725,0,0.13926983549114733
ab-test-000592,0,0.017934412790775657,0,0.13926983549114733
ab-test-000593,0,0.00356732265805745,0,0.13926983549114733
ab-test-000594,0,0.034959640816509915,0,0.13926983549114733
ab-test-000595,0,0.02483838661331632,0,0.13926983549114733
ab-test-000596,0,0.1577644925089752,1,0.13926983549114733
ab-test-000597,1,0.6762687249037275,1,0.13926983549114733
ab-test-000598,0,0.00015953099862693024,0,0.13926983549114733
ab-test-000599,0,0.31501565735706055,1,0.13926983549114733
ab-test-000600,0,0.008596740756779752,0,0.13926983549114733
ab-test-000601,0,0.06840302319041786,0,0.13926983549114733
ab-test-000602,0,0.1017098098356482,0,0.13926983549114733
ab-test-000603,0,0.1883811235106176,1,0.13926983549114733
ab-test-000604,0,0.23049436410621466,1,0.13926983549114733
ab-test-000605,0,0.07405555090062511,0,0.13926983549114733
ab-test-000606,0,0.007909051456477967,0,0.13926983549114733
ab-test-000607,0,0.6115610334277612,1,0.13926983549114733
ab-test-000608,0,0.10786849357006278,0,0.13926983549114733
ab-test-000609,0,0.029489808668725605,0,0.13926983549114733
ab-test-000610,0,0.06918809428777893,0,0.13926983549114733
ab-test-000611,0,0.007444840903851929,0,0.13926983549114733
ab-test-000612,0,0.004743956447325977,0,0.13926983549114733
ab-test-000613,1,0.2370545811296727,1,0.13926983549114733
ab-test-000614,0,0.06722016188913019,0,0.13926983549114733
ab-test-000615,0,0.05812275154774165,0,0.13926983549114733
ab-test-000616,0,0.0014667942587460042,0,0.13926983549114733
ab-test-000617,0,0.02528868610026381,0,0.13926983549114733
ab-test-000618,1,0.21917883770569083,1,0.13926983549114733
ab-test-000619,0,0.00531171607047962,0,0.13926983549114733
ab-test-000620,0,0.017757897464882592,0,0.13926983549114733
ab-test-000621,0,0.0014518996467861396,0,0.13926983549114733
ab-test-000622,0,0.025560578194863053,0,0.13926983549114733
ab-test-000623,0,0.03048380180079158,0,0.13926983549114733
ab-test-000624,1,0.9371557961356834,1,0.13926983549114733
ab-test-000625,0,0.045402870471640475,0,0.13926983549114733
ab-test-000626,0,0.05574687439450176,0,0.13926983549114733
ab-test-000627,0,0.021148895113281923,0,0.13926983549114733
ab-test-000628,0,0.002749192354389121,0,0.13926983549114733
ab-test-000629,0,0.03605700112809757,0,0.13926983549114733
ab-test-000630,0,0.007206564930688099,0,0.13926983549114733
ab-test-000631,0,0.13260219140611665,0,0.13926983549114733
ab-test-000632,1,0.754790937822665,1,0.13926983549114733
ab-test-000633,0,0.004105958197256941,0,0.13926983549114733
ab-test-000634,0,0.3551789043476029,1,0.13926983549114733
ab-test-000635,0,0.029705626011484503,0,0.13926983549114733
ab-test-000636,0,0.0031381715768209156,0,0.13926983549114733
ab-test-000637,0,0.004644837632319871,0,0.13926983549114733
ab-test-000638,0,0.020322206723369665,0,0.13926983549114733
ab-test-000639,0,0.13362306670041305,0,0.13926983549114733
ab-test-000640,0,0.03209955306363219,0,0.13926983549114733
ab-test-000641,1,0.015137111028118731,0,0.13926983549114733
ab-test-000642,0,0.03837136811889142,0,0.13926983549114733
ab-test-000643,0,0.013643910147888764,0,0.13926983549114733
ab-test-000644,0,0.0915183146065144,0,0.13926983549114733
ab-test-000645,0,0.006078780920135523,0,0.13926983549114733
ab-test-000646,0,0.025512913643934133,0,0.13926983549114733
ab-test-000647,1,0.3082112645793353,1,0.13926983549114733
ab-test-000648,0,0.021971389393794487,0,0.13926983549114733
ab-test-000649,0,0.014104470888825302,0,0.13926983549114733
ab-test-000650,0,0.19137996647779099,1,0.13926983549114733
ab-test-000651,0,0.0226283344950875,0,0.13926983549114733
ab-test-000652,0,0.050856621869841794,0,0.13926983549114733
ab-test-000653,0,0.015232525072366937,0,0.13926983549114733
ab-test-000654,0,0.009832795487898286,0,0.13926983549114733
ab-test-000655,0,0.04396073743903178,0,0.13926983549114733
ab-test-000656,0,0.04380084654675151,0,0.13926983549114733
ab-test-000657,0,0.00501402173751826,0,0.13926983549114733
ab-test-000658,0,0.08679156397373397,0,0.13926983549114733
ab-test-000659,1,0.0005818136137359446,0,0.13926983549114733
ab-test-000660,0,0.1756120919088407,1,0.13926983549114733
ab-test-000661,0,0.00035075078304678555,0,0.13926983549114733
ab-test-000662,0,0.023633599885983573,0,0.13926983549114733
ab-test-000663,0,0.05045265536760173,0,0.13926983549114733
ab-test-000664,0,0.12700886537582268,0,0.13926983549114733
ab-test-000665,1,0.058807345431050796,0,0.13926983549114733
ab-test-000666,0,0.04464820463936765,0,0.13926983549114733
ab-test-000667,1,0.040463949112172784,0,0.13926983549114733
ab-test-000668,0,0.012960236424556288,0,0.13926983549114733
ab-test-000669,0,0.05757369794335383,0,0.13926983549114733
ab-test-000670,0,0.3984875791345489,1,0.13926983549114733
ab-test-000671,0,0.1344037273046049,0,0.13926983549114733
ab-test-000672,0,0.09772572602546403,0,0.13926983549114733
ab-test-000673,1,0.04830007860969663,0,0.13926983549114733
ab-test-000674,0,0.11855464628925663,0,0.13926983549114733
ab-test-000675,0,0.009279723044672662,0,0.13926983549114733
ab-test-000676,0,0.010099663955221744,0,0.13926983549114733
ab-test-000677,0,0.03218876410263871,0,0.13926983549114733
ab-test-000678,0,0.0013540588599484688,0,0.13926983549114733
ab-test-000679,1,0.23263304128288867,1,0.13926983549114733
ab-test-000680,1,0.0254169665299931,0,0.13926983549114733
ab-test-000681,0,0.028028017321476743,0,0.13926983549114733
ab-test-000682,0,0.5989903832011796,1,0.13926983549114733
ab-test-000683,0,0.07132863607555431,0,0.13926983549114733
ab-test-000684,0,0.06649643487026552,0,0.13926983549114733
ab-test-000685,0,0.032738983432606006,0,0.13926983549114733
ab-test-000686,1,0.12448247721150114,0,0.13926983549114733
ab-test-000687,0,0.015857602785729206,0,0.13926983549114733
ab-test-000688,0,0.0778483971169811,0,0.13926983549114733
ab-test-000689,0,0.036918254749156554,0,0.13926983549114733
ab-test-000690,0,0.022643581301108367,0,0.13926983549114733
ab-test-000691,0,0.001790634442534302,0,0.13926983549114733
ab-test-000692,0,0.005471650084718756,0,0.13926983549114733
ab-test-000693,0,0.008952338231751922,0,0.13926983549114733
ab-test-000694,0,0.01547707007369424,0,0.13926983549114733
ab-test-000695,0,0.013030928966791172,0,0.13926983549114733
ab-test-000696,0,0.002003420094550832,0,0.13926983549114733
ab-test-000697,0,0.02801294780957561,0,0.13926983549114733
ab-test-000698,0,0.370198623534563,1,0.13926983549114733
ab-test-000699,0,0.04521228578404019,0,0.13926983549114733
ab-test-000700,0,0.14498019613004115,1,0.13926983549114733
ab-test-000701,0,0.23012632211689765,1,0.13926983549114733
ab-test-000702,0,0.0942238372882855,0,0.13926983549114733
ab-test-000703,0,0.004675496477904903,0,0.13926983549114733
ab-test-000704,0,0.035260027328748354,0,0.13926983549114733
ab-test-000705,0,0.08802274176804241,0,0.13926983549114733
ab-test-000706,0,0.005568456206276379,0,0.13926983549114733
ab-test-000707,0,0.01834135373390688,0,0.13926983549114733
ab-test-000708,0,0.0014384601855282487,0,0.13926983549114733
ab-test-000709,0,0.009649516889971349,0,0.13926983549114733
ab-test-000710,0,0.4366163673305286,1,0.13926983549114733
ab-test-000711,0,0.0573634954292393,0,0.13926983549114733
ab-test-000712,0,0.08607139175122971,0,0.13926983549114733
ab-test-000713,0,0.010182474410887345,0,0.13926983549114733
ab-test-000714,1,0.43320279825983515,1,0.13926983549114733
ab-test-000715,0,0.0075382531221322305,0,0.13926983549114733
ab-test-000716,0,0.0044559877016713545,0,0.13926983549114733
ab-test-000717,0,0.22625864350661182,1,0.13926983549114733
ab-test-000718,0,0.11865572086003656,0,0.13926983549114733
ab-test-000719,0,0.07249423435192802,0,0.13926983549114733
ab-test-000720,0,0.23845949065641553,1,0.13926983549114733
ab-test-000721,0,0.0009443352153042241,0,0.13926983549114733
ab-test-000722,1,0.42631792081288666,1,0.13926983549114733
ab-test-000723,0,0.016758211898949407,0,0.13926983549114733
ab-test-000724,1,0.34112997283399277,1,0.13926983549114733
ab-test-000725,1,0.11843893146247518,0,0.13926983549114733
ab-test-000726,0,0.01618612992763797,0,0.13926983549114733
ab-test-000727,0,0.4620033183852787,1,0.13926983549114733
ab-test-000728,0,0.03126380101011297,0,0.13926983549114733
ab-test-000729,0,0.017377344560764726,0,0.13926983549114733
ab-test-000730,0,0.011572352166323848,0,0.13926983549114733
ab-test-000731,0,0.0909290091014188,0,0.13926983549114733
ab-test-000732,0,0.11243070100282365,0,0.13926983549114733
ab-test-000733,0,0.06669792091677698,0,0.13926983549114733
ab-test-000734,0,0.055338231508581255,0,0.13926983549114733
ab-test-000735,1,0.1888568460054485,1,0.13926983549114733
ab-test-000736,0,0.04887839542239635,0,0.13926983549114733
ab-test-000737,0,0.1365875559843917,0,0.13926983549114733
ab-test-000738,0,0.07211532311598676,0,0.13926983549114733
ab-test-000739,0,0.005490876025305848,0,0.13926983549114733
ab-test-000740,0,0.00963444186533541,0,0.13926983549114733
ab-test-000741,0,0.041056933077985004,0,0.13926983549114733
ab-test-000742,0,0.001655601678774955,0,0.13926983549114733
ab-test-000743,0,0.02233188798100419,0,0.13926983549114733
ab-test-000744,0,0.08608529760395432,0,0.13926983549114733
ab-test-000745,1,0.5768444846480996,1,0.13926983549114733
ab-test-000746,1,0.8755671150010621,1,0.13926983549114733
ab-test-000747,0,0.014968702597491425,0,0.13926983549114733
ab-test-000748,0,0.04061789011041642,0,0.13926983549114733
ab-test-000749,0,0.003044661487882943,0,0.13926983549114733
ab-test-000750,1,0.6688425760854948,1,0.13926983549114733
ab-test-000751,0,0.022287748914301204,0,0.13926983549114733
ab-test-000752,0,0.0013866094881756664,0,0.13926983549114733
ab-test-000753,0,0.009470989255310907,0,0.13926983549114733
ab-test-000754,0,0.013639758662791776,0,0.13926983549114733
ab-test-000755,0,0.03963725347426636,0,0.13926983549114733
ab-test-000756,0,0.02933013708189828,0,0.13926983549114733
ab-test-000757,0,0.00023676381810347786,0,0.13926983549114733
ab-test-000758,0,0.0663860425701972,0,0.13926983549114733
ab-test-000759,0,0.00983134633351633,0,0.13926983549114733
ab-test-000760,0,0.38126620159822383,1,0.13926983549114733
ab-test-000761,0,0.008006484157438978,0,0.13926983549114733
ab-test-000762,0,0.03614291539385526,0,0.13926983549114733
ab-test-000763,0,0.12702696478923192,0,0.13926983549114733
ab-test-000764,0,0.0097585914663785,0,0.13926983549114733
ab-test-000765,0,0.0917446662727059,0,0.13926983549114733
ab-test-000766,0,0.011945050078923353,0,0.13926983549114733
ab-test-000767,0,0.01158218438000148,0,0.13926983549114733
ab-test-000768,0,0.01198134755481684,0,0.13926983549114733
ab-test-000769,0,0.05274220467553754,0,0.13926983549114733
ab-test-000770,0,0.015628277132468543,0,0.13926983549114733
ab-test-000771,0,0.1024008322743636,0,0.13926983549114733
ab-test-000772,1,0.5289158255050107,1,0.13926983549114733
ab-test-000773,0,0.0074645623060297225,0,0.13926983549114733
ab-test-000774,0,0.020836816919922996,0,0.13926983549114733
ab-test-000775,0,0.011230503673749516,0,0.13926983549114733
ab-test-000776,0,0.041554479984497746,0,0.13926983549114733
ab-test-000777,0,0.0015127731454181268,0,0.13926983549114733
ab-test-000778,0,0.18393034792247323,1,0.13926983549114733
ab-test-000779,0,0.014694674528442832,0,0.13926983549114733
ab-test-000780,0,0.0056902867821202316,0,0.13926983549114733
ab-test-000781,0,0.032619135533672725,0,0.13926983549114733
ab-test-000782,0,0.042120444330206605,0,0.13926983549114733
ab-test-000783,0,0.12198103816741497,0,0.13926983549114733
ab-test-000784,0,0.045999617034860156,0,0.13926983549114733
ab-test-000785,0,0.00813215838844254,0,0.13926983549114733
ab-test-000786,0,0.009222151940931228,0,0.13926983549114733
ab-test-000787,0,0.0075295330473354296,0,0.13926983549114733
ab-test-000788,0,0.044169057751894086,0,0.13926983549114733
ab-test-000789,0,0.0008637299265836765,0,0.13926983549114733
ab-test-000790,0,0.050904552868967605,0,0.13926983549114733
ab-test-000791,0,0.0033848594851126645,0,0.13926983549114733
ab-test-000792,0,0.008155136092921449,0,0.13926983549114733
ab-test-000793,0,0.02125683178418521,0,0.13926983549114733
ab-test-000794,1,0.3040773051681767,1,0.13926983549114733
ab-test-000795,0,0.0006145036752992987,0,0.13926983549114733
ab-test-000796,0,0.0012327468261501225,0,0.13926983549114733
ab-test-000797,0,0.008412470399020234,0,0.13926983549114733
ab-test-000798,0,0.043805925892853044,0,0.13926983549114733
ab-test-000799,0,0.002882113644958775,0,0.13926983549114733
ab-test-000800,0,0.05935177500065426,0,0.13926983549114733
ab-test-000801,0,0.012002283168360342,0,0.13926983549114733
ab-test-000802,0,0.007234227946240696,0,0.13926983549114733
ab-test-000803,0,0.0799172688201441,0,0.13926983549114733
ab-test-000804,0,0.011962535831212748,0,0.13926983549114733
ab-test-000805,1,0.9333871595243036,1,0.13926983549114733
ab-test-000806,0,0.006087739458384834,0,0.13926983549114733
ab-test-000807,0,0.3120639352588517,1,0.13926983549114733
ab-test-000808,0,0.019255175887833525,0,0.13926983549114733
ab-test-000809,0,0.0051172988455395465,0,0.13926983549114733
ab-test-000810,0,0.026985313824875897,0,0.13926983549114733
ab-test-000811,0,0.011333957798265603,0,0.13926983549114733
ab-test-000812,1,0.06069059341482134,0,0.13926983549114733
ab-test-000813,0,0.012859168768591488,0,0.13926983549114733
ab-test-000814,0,0.055148317152331136,0,0.13926983549114733
ab-test-000815,0,0.013224241464472786,0,0.13926983549114733
ab-test-000816,0,0.028592748842629245,0,0.13926983549114733
ab-test-000817,0,0.016480863849949474,0,0.13926983549114733
ab-test-000818,0,0.03676351993603264,0,0.13926983549114733
ab-test-000819,0,0.021549362653804215,0,0.13926983549114733
ab-test-000820,0,0.0408629344814803,0,0.13926983549114733
ab-test-000821,0,0.010479248251418567,0,0.13926983549114733
ab-test-000822,0,0.07097104704868896,0,0.13926983549114733
ab-test-000823,1,0.06413539174294691,0,0.13926983549114733
ab-test-000824,0,0.004056811680138061,0,0.13926983549114733
ab-test-000825,0,0.08207092608761309,0,0.13926983549114733
ab-test-000826,0,0.03145784937178051,0,0.13926983549114733
ab-test-000827,0,0.0020426867336389943,0,0.13926983549114733
ab-test-000828,1,0.17944433482640415,1,0.13926983549114733
ab-test-000829,0,0.004137387664465181,0,0.13926983549114733
ab-test-000830,0,0.0166347859972454,0,0.13926983549114733
ab-test-000831,0,0.010301258692970824,0,0.13926983549114733
ab-test-000832,0,0.07211804942424584,0,0.13926983549114733
ab-test-000833,0,0.005301895836068537,0,0.13926983549114733
ab-test-000834,1,0.10992583981963557,0,0.13926983549114733
ab-test-000835,0,0.35675372946838413,1,0.13926983549114733
ab-test-000836,0,0.04835995419655829,0,0.13926983549114733
ab-test-000837,0,0.0074222396328012695,0,0.13926983549114733
ab-test-000838,0,0.0597591805714218,0,0.13926983549114733
ab-test-000839,1,0.9553450406250955,1,0.13926983549114733
ab-test-000840,0,0.003392761366064073,0,0.13926983549114733
ab-test-000841,0,0.07941703471299247,0,0.13926983549114733
ab-test-000842,0,0.01974400967572775,0,0.13926983549114733
ab-test-000843,0,0.07820126298563056,0,0.13926983549114733
ab-test-000844,0,0.02702888332907067,0,0.13926983549114733
ab-test-000845,0,0.019825552375580018,0,0.13926983549114733
ab-test-000846,0,0.34270124059127466,1,0.13926983549114733
ab-test-000847,0,0.010408983861920289,0,0.13926983549114733
ab-test-000848,0,0.9628764805005045,1,0.13926983549114733
ab-test-000849,0,0.02362005371093981,0,0.13926983549114733
ab-test-000850,0,0.0007075113476573457,0,0.13926983549114733
ab-test-000851,0,0.11527857862545002,0,0.13926983549114733
ab-test-000852,0,0.060602213750738224,0,0.13926983549114733
ab-test-000853,0,0.018686972896851294,0,0.13926983549114733
ab-test-000854,0,0.011333273561989656,0,0.13926983549114733
ab-test-000855,0,0.017045484162373878,0,0.13926983549114733
ab-test-000856,0,0.23404018517268077,1,0.13926983549114733
ab-test-000857,0,0.04316106623818525,0,0.13926983549114733
ab-test-000858,0,0.07202143148781218,0,0.13926983549114733
ab-test-000859,0,0.0023586897702229537,0,0.13926983549114733
ab-test-000860,0,0.03303533600245396,0,0.13926983549114733
ab-test-000861,0,0.015614563743668734,0,0.13926983549114733
ab-test-000862,0,0.006096080580722548,0,0.13926983549114733
ab-test-000863,0,0.003071329828866841,0,0.13926983549114733
ab-test-000864,0,0.13944564070907195,1,0.13926983549114733
ab-test-000865,0,0.07557253929416854,0,0.13926983549114733
ab-test-000866,1,0.1137532384903161,0,0.13926983549114733
ab-test-000867,0,0.000106314719273138,0,0.13926983549114733
ab-test-000868,0,0.01009447808046022,0,0.13926983549114733
ab-test-000869,0,0.07806799255801888,0,0.13926983549114733
ab-test-000870,0,0.41872268544210034,1,0.13926983549114733
ab-test-000871,0,0.0052320408983799645,0,0.13926983549114733
ab-test-000872,1,0.057589948190895676,0,0.13926983549114733
ab-test-000873,0,0.0075131593944382236,0,0.13926983549114733
ab-test-000874,0,0.007592547322762283,0,0.13926983549114733
ab-test-000875,0,0.001179368468078033,0,0.13926983549114733
ab-test-000876,0,0.013788353241196632,0,0.13926983549114733
ab-test-000877,0,0.188618587785097,1,0.13926983549114733
ab-test-000878,0,0.21226159004531767,1,0.13926983549114733
ab-test-000879,0,0.006955971700697536,0,0.13926983549114733
ab-test-000880,0,0.012536454054641818,0,0.13926983549114733
ab-test-000881,0,0.03729427939902419,0,0.13926983549114733
ab-test-000882,0,0.02833986716121804,0,0.13926983549114733
ab-test-000883,0,0.009080492589553586,0,0.13926983549114733
ab-test-000884,1,0.7525640443282691,1,0.13926983549114733
ab-test-000885,0,0.035314797761789835,0,0.13926983549114733
ab-test-000886,0,0.008302670590946113,0,0.13926983549114733
ab-test-000887,0,0.007088280825141065,0,0.13926983549114733
ab-test-000888,0,0.2776095961465974,1,0.13926983549114733
ab-test-000889,0,0.17760327769356882,1,0.13926983549114733
ab-test-000890,0,0.28510516982267137,1,0.13926983549114733
ab-test-000891,0,0.0016104286641521318,0,0.13926983549114733
ab-test-000892,0,0.04483074619434575,0,0.13926983549114733
ab-test-000893,0,0.008029533110314837,0,0.13926983549114733
ab-test-000894,0,0.02936671031256813,0,0.13926983549114733
ab-test-000895,0,0.06736634202075105,0,0.13926983549114733
ab-test-000896,0,0.13174454338480096,0,0.13926983549114733
ab-test-000897,1,0.6624074166215499,1,0.13926983549114733
ab-test-000898,1,0.10765612628744142,0,0.13926983549114733
ab-test-000899,0,0.013392800637364833,0,0.13926983549114733
ab-test-000900,0,0.01747239636845743,0,0.13926983549114733
ab-test-000901,0,0.010946028595353298,0,0.13926983549114733
ab-test-000902,0,0.06978799442243044,0,0.13926983549114733
ab-test-000903,0,0.029629575482316657,0,0.13926983549114733
ab-test-000904,0,0.01220586160441922,0,0.13926983549114733
ab-test-000905,0,0.04124690772746569,0,0.13926983549114733
ab-test-000906,0,0.0032420248598925643,0,0.13926983549114733
ab-test-000907,0,0.006743819134091794,0,0.13926983549114733
ab-test-000908,1,0.01440841588885752,0,0.13926983549114733
ab-test-000909,0,0.009241027266525087,0,0.13926983549114733
ab-test-000910,0,0.038000478647835345,0,0.13926983549114733
ab-test-000911,0,0.007506265135027999,0,0.13926983549114733
ab-test-000912,0,0.013279958369491656,0,0.13926983549114733
ab-test-000913,0,0.040436802218281415,0,0.13926983549114733
ab-test-000914,0,0.3941007409380019,1,0.13926983549114733
ab-test-000915,0,0.04817754395808921,0,0.13926983549114733
ab-test-000916,0,0.03234293441075513,0,0.13926983549114733
ab-test-000917,0,0.005574702265424489,0,0.13926983549114733
ab-test-000918,0,0.021746276750200227,0,0.13926983549114733
ab-test-000919,1,0.025302874514803966,0,0.13926983549114733
ab-test-000920,0,0.009115091955031162,0,0.13926983549114733
ab-test-000921,0,0.24810520875686015,1,0.13926983549114733
ab-test-000922,1,0.5977508419192388,1,0.13926983549114733
ab-test-000923,0,0.005509200765641989,0,0.13926983549114733
ab-test-000924,0,0.000656289978712159,0,0.13926983549114733
ab-test-000925,0,0.6111748881575617,1,0.13926983549114733
ab-test-000926,0,0.018409110097805857,0,0.13926983549114733
ab-test-000927,0,0.12421524361442991,0,0.13926983549114733
ab-test-000928,0,0.004593042908859994,0,0.13926983549114733
ab-test-000929,0,0.00017862681839833842,0,0.13926983549114733
ab-test-000930,0,0.6404841188030115,1,0.13926983549114733
ab-test-000931,0,0.1607009131152953,1,0.13926983549114733
ab-test-000932,0,0.01646744848498117,0,0.13926983549114733
ab-test-000933,1,0.7545881183025241,1,0.13926983549114733
ab-test-000934,1,0.7275117615828854,1,0.13926983549114733
ab-test-000935,0,0.01122102809293179,0,0.13926983549114733
ab-test-000936,0,0.07644522803292791,0,0.13926983549114733
ab-test-000937,0,0.03387347066491616,0,0.13926983549114733
ab-test-000938,0,0.010781433522169424,0,0.13926983549114733
ab-test-000939,0,0.16371501680796355,1,0.13926983549114733
ab-test-000940,0,0.013398495514233654,0,0.13926983549114733
ab-test-000941,0,0.020152833833220044,0,0.13926983549114733
ab-test-000942,0,0.23818492799226654,1,0.13926983549114733
ab-test-000943,0,0.37339051840494947,1,0.13926983549114733
ab-test-000944,0,0.005805167614587223,0,0.13926983549114733
ab-test-000945,1,0.2716296756392558,1,0.13926983549114733
ab-test-000946,0,0.0054874175758870955,0,0.13926983549114733
ab-test-000947,0,0.8207071619183152,1,0.13926983549114733
ab-test-000948,0,0.031110582894204094,0,0.13926983549114733
ab-test-000949,0,0.02476983800585953,0,0.13926983549114733
ab-test-000950,0,0.1417783975955258,1,0.13926983549114733
ab-test-000951,0,0.01873116697015955,0,0.13926983549114733
ab-test-000952,0,0.13320346733040123,0,0.13926983549114733
ab-test-000953,0,0.17144561370459213,1,0.13926983549114733
ab-test-000954,0,0.0015867146727988073,0,0.13926983549114733
ab-test-000955,0,0.0023114029987011736,0,0.13926983549114733
ab-test-000956,0,0.7705277819762729,1,0.13926983549114733
ab-test-000957,0,0.07302569704088648,0,0.13926983549114733
ab-test-000958,0,0.02175854275097946,0,0.13926983549114733
ab-test-000959,0,0.012531929507727923,0,0.13926983549114733
ab-test-000960,0,0.02655324442937711,0,0.13926983549114733
ab-test-000961,0,0.13259108246984608,0,0.13926983549114733
ab-test-000962,0,0.029425497174836487,0,0.13926983549114733
ab-test-000963,0,0.0733450098155102,0,0.13926983549114733
ab-test-000964,0,0.07682825798491578,0,0.13926983549114733
ab-test-000965,0,0.22089721112185295,1,0.13926983549114733
ab-test-000966,0,0.030098519374365185,0,0.13926983549114733
ab-test-000967,0,0.008809097089102567,0,0.13926983549114733
ab-test-000968,0,0.01739149413949247,0,0.13926983549114733
ab-test-000969,0,0.016806873668876544,0,0.13926983549114733
ab-test-000970,1,0.013108349092663297,0,0.13926983549114733
ab-test-000971,0,0.010907835560490181,0,0.13926983549114733
ab-test-000972,0,0.019779397423720237,0,0.13926983549114733
ab-test-000973,0,0.08019048726391613,0,0.13926983549114733
ab-test-000974,0,0.018232313528485495,0,0.13926983549114733
ab-test-000975,0,0.1286834506727624,0,0.13926983549114733
ab-test-000976,0,0.43245603235128705,1,0.13926983549114733
ab-test-000977,0,0.07315418215086629,0,0.13926983549114733
ab-test-000978,0,0.45409037042712735,1,0.13926983549114733
ab-test-000979,0,0.0018863628937661585,0,0.13926983549114733
ab-test-000980,0,0.008578705292821013,0,0.13926983549114733
ab-test-000981,1,0.23844387712314222,1,0.13926983549114733
ab-test-000982,0,0.050792791143411696,0,0.13926983549114733
ab-test-000983,0,0.0176808827045909,0,0.13926983549114733
ab-test-000984,0,0.015160984697507212,0,0.13926983549114733
ab-test-000985,0,0.018898168082447216,0,0.13926983549114733
ab-test-000986,0,0.30334506543033357,1,0.13926983549114733
ab-test-000987,0,0.01133017639182069,0,0.13926983549114733
ab-test-000988,0,0.0034562123662338555,0,0.13926983549114733
ab-test-000989,0,0.01014693582982903,0,0.13926983549114733
ab-test-000990,0,0.05736695557265985,0,0.13926983549114733
ab-test-000991,0,0.08697719075978637,0,0.13926983549114733
ab-test-000992,0,0.009957002540534622,0,0.13926983549114733
ab-test-000993,0,0.1675922863553111,1,0.13926983549114733
ab-test-000994,0,0.35088534256455745,1,0.13926983549114733
ab-test-000995,0,0.042865513473960996,0,0.13926983549114733
ab-test-000996,0,3.4603156450922894e-06,0,0.13926983549114733
ab-test-000997,0,0.0053013309816156776,0,0.13926983549114733
ab-test-000998,0,0.48132213674478813,1,0.13926983549114733
ab-test-000999,0,0.01819240359545295,0,0.13926983549114733
ab-test-001000,0,0.0557008507375226,0,0.13926983549114733
ab-test-001001,0,0.032465745871337784,0,0.13926983549114733
ab-test-001002,0,0.06221667524879969,0,0.13926983549114733
ab-test-001003,0,0.380273052822112,1,0.13926983549114733
ab-test-001004,1,0.01514983891476246,0,0.13926983549114733
ab-test-001005,0,0.026916533588273506,0,0.13926983549114733
ab-test-001006,0,0.00819738566994794,0,0.13926983549114733
ab-test-001007,0,0.029471466519773355,0,0.13926983549114733
ab-test-001008,0,0.10212229246092425,0,0.13926983549114733
ab-test-001009,0,0.20672622957956427,1,0.13926983549114733
ab-test-001010,0,0.0006811083040348764,0,0.13926983549114733
ab-test-001011,0,0.19544981150568239,1,0.13926983549114733
ab-test-001012,0,0.01052074253471749,0,0.13926983549114733
ab-test-001013,0,0.005430647361517326,0,0.13926983549114733
ab-test-001014,0,0.041191824919576486,0,0.13926983549114733
ab-test-001015,0,0.0018239042721433884,0,0.13926983549114733
ab-test-001016,0,0.1482720438784068,1,0.13926983549114733
ab-test-001017,0,0.009281568258567999,0,0.13926983549114733
ab-test-001018,0,0.02406316184344158,0,0.13926983549114733
ab-test-001019,0,0.0009536041169631523,0,0.13926983549114733
ab-test-001020,0,0.01850876500112916,0,0.13926983549114733
ab-test-001021,0,0.012824235208192654,0,0.13926983549114733
ab-test-001022,1,0.8317771132772357,1,0.13926983549114733
ab-test-001023,0,0.0017367768307777216,0,0.13926983549114733
ab-test-001024,0,0.019033234856871355,0,0.13926983549114733
ab-test-001025,0,0.02719712346012887,0,0.13926983549114733
ab-test-001026,0,0.5126348649546154,1,0.13926983549114733
ab-test-001027,0,0.12752155127391646,0,0.13926983549114733
ab-test-001028,0,0.008816390477281093,0,0.13926983549114733
ab-test-001029,0,0.05160740902440211,0,0.13926983549114733
ab-test-001030,0,0.026598360547965386,0,0.13926983549114733
ab-test-001031,1,0.656620259855121,1,0.13926983549114733
ab-test-001032,0,0.052966557336658636,0,0.13926983549114733
ab-test-001033,0,0.13028154209204526,0,0.13926983549114733
ab-test-001034,0,0.017392505427655063,0,0.13926983549114733
ab-test-001035,0,0.1625681356143316,1,0.13926983549114733
ab-test-001036,1,0.38093601940456984,1,0.13926983549114733
ab-test-001037,0,0.2204207636355106,1,0.13926983549114733
ab-test-001038,0,0.019265618146330096,0,0.13926983549114733
ab-test-001039,0,0.016463987840410827,0,0.13926983549114733
ab-test-001040,0,0.07334158749780754,0,0.13926983549114733
ab-test-001041,0,0.0036333927100349905,0,0.13926983549114733
ab-test-001042,0,0.011661990138253026,0,0.13926983549114733
ab-test-001043,0,0.018714600171731006,0,0.13926983549114733
ab-test-001044,0,0.3241358753605362,1,0.13926983549114733
ab-test-001045,0,0.024270989872800176,0,0.13926983549114733
ab-test-001046,0,0.02786498479585189,0,0.13926983549114733
ab-test-001047,0,0.04770964835453094,0,0.13926983549114733
ab-test-001048,0,0.03050070902514345,0,0.13926983549114733
ab-test-001049,0,0.002344318300394554,0,0.13926983549114733
ab-test-001050,0,0.14947779235751643,1,0.13926983549114733
ab-test-001051,0,0.0629385641043278,0,0.13926983549114733
ab-test-001052,0,0.1545911815164512,1,0.13926983549114733
ab-test-001053,0,0.023649885343137618,0,0.13926983549114733
ab-test-001054,0,0.0095711102966212,0,0.13926983549114733
ab-test-001055,0,0.008538192407871677,0,0.13926983549114733
ab-test-001056,0,0.027560312214384174,0,0.13926983549114733
ab-test-001057,0,0.006451036743484578,0,0.13926983549114733
ab-test-001058,0,0.016927860692580687,0,0.13926983549114733
ab-test-001059,0,0.006714351887493234,0,0.13926983549114733
ab-test-001060,0,0.19068295831498197,1,0.13926983549114733
ab-test-001061,0,0.29255516129515863,1,0.13926983549114733
ab-test-001062,0,0.018014119474599702,0,0.13926983549114733
ab-test-001063,0,0.0287786001161982,0,0.13926983549114733
ab-test-001064,0,0.13737294344209186,0,0.13926983549114733
ab-test-001065,0,0.0070633851396134685,0,0.13926983549114733
ab-test-001066,0,0.01195974186107725,0,0.13926983549114733
ab-test-001067,0,0.4657800336563762,1,0.13926983549114733
ab-test-001068,0,0.25018478281410855,1,0.13926983549114733
ab-test-001069,0,0.07015342890543845,0,0.13926983549114733
ab-test-001070,0,0.04992465346734189,0,0.13926983549114733
ab-test-001071,0,0.14324220349334085,1,0.13926983549114733
ab-test-001072,0,0.1753663082825194,1,0.13926983549114733
ab-test-001073,0,0.011879711323265344,0,0.13926983549114733
ab-test-001074,0,0.011357522440743102,0,0.13926983549114733
ab-test-001075,0,0.07003387971866373,0,0.13926983549114733
ab-test-001076,0,0.027147432933137282,0,0.13926983549114733
ab-test-001077,0,0.3844140714370476,1,0.13926983549114733
ab-test-001078,0,0.0029981545627575964,0,0.13926983549114733
ab-test-001079,0,0.2396607076884118,1,0.13926983549114733
ab-test-001080,0,0.19380877082582967,1,0.13926983549114733
ab-test-001081,1,0.202768041960469,1,0.13926983549114733
ab-test-001082,0,0.04439311836713194,0,0.13926983549114733
ab-test-001083,0,0.00810773744242278,0,0.13926983549114733
ab-test-001084,0,0.005800667584197005,0,0.13926983549114733
ab-test-001085,0,0.0917446662727059,0,0.13926983549114733
ab-test-001086,0,0.0025007190037793035,0,0.13926983549114733
ab-test-001087,0,0.09674529136694661,0,0.13926983549114733
ab-test-001088,0,0.010974971125810608,0,0.13926983549114733
ab-test-001089,0,0.025200427548545654,0,0.13926983549114733
ab-test-001090,0,0.1335173266646646,0,0.13926983549114733
ab-test-001091,0,0.018072500476028142,0,0.13926983549114733
ab-test-001092,0,0.10626197865157057,0,0.13926983549114733
ab-test-001093,0,0.012229115392823876,0,0.13926983549114733
ab-test-001094,0,0.28358183533231895,1,0.13926983549114733
ab-test-001095,0,0.1586928017641666,1,0.13926983549114733
ab-test-001096,0,0.03965000931523397,0,0.13926983549114733
ab-test-001097,0,0.00917588711656517,0,0.13926983549114733
ab-test-001098,0,0.051650625634358384,0,0.13926983549114733
ab-test-001099,0,0.006111634300782641,0,0.13926983549114733
ab-test-001100,1,0.03912233101574361,0,0.13926983549114733
ab-test-001101,0,0.11923975397705852,0,0.13926983549114733
ab-test-001102,0,0.022824214692424526,0,0.13926983549114733
ab-test-001103,1,0.9421291838659938,1,0.13926983549114733
ab-test-001104,1,0.05586692186959344,0,0.13926983549114733
ab-test-001105,0,0.016806423113769356,0,0.13926983549114733
ab-test-001106,0,0.035535472764248385,0,0.13926983549114733
ab-test-001107,1,0.17237575990713278,1,0.13926983549114733
ab-test-001108,0,0.023001142451855593,0,0.13926983549114733
ab-test-001109,0,0.030253673052683547,0,0.13926983549114733
ab-test-001110,0,0.18109130995300768,1,0.13926983549114733
ab-test-001111,0,0.023114745249200257,0,0.13926983549114733
ab-test-001112,0,0.13044891026472946,0,0.13926983549114733
ab-test-001113,0,0.00491241415792789,0,0.13926983549114733
ab-test-001114,0,0.055937430197703336,0,0.13926983549114733
ab-test-001115,0,0.010684518950305246,0,0.13926983549114733
ab-test-001116,0,0.31195708425336327,1,0.13926983549114733
ab-test-001117,1,0.18515762103542074,1,0.13926983549114733
ab-test-001118,0,0.005075150968074627,0,0.13926983549114733
ab-test-001119,0,0.28647382646969577,1,0.13926983549114733
ab-test-001120,0,0.09415876416043188,0,0.13926983549114733
ab-test-001121,0,0.013183009535546953,0,0.13926983549114733
ab-test-001122,1,0.45690047533590483,1,0.13926983549114733
ab-test-001123,0,0.057867332827713815,0,0.13926983549114733
ab-test-001124,0,0.007606773716732949,0,0.13926983549114733
ab-test-001125,0,0.0011382717076590663,0,0.13926983549114733
ab-test-001126,0,0.08265468262504069,0,0.13926983549114733
ab-test-001127,0,0.04676625011470089,0,0.13926983549114733
ab-test-001128,0,0.1533208178123833,1,0.13926983549114733
ab-test-001129,0,0.01816309721154476,0,0.13926983549114733
ab-test-001130,0,0.03647712931705957,0,0.13926983549114733
ab-test-001131,1,0.8098662299407872,1,0.13926983549114733
ab-test-001132,0,0.00512401555098581,0,0.13926983549114733
ab-test-001133,0,0.010826959805423877,0,0.13926983549114733
ab-test-001134,0,0.03968177694148149,0,0.13926983549114733
ab-test-001135,0,0.07250923799727466,0,0.13926983549114733
ab-test-001136,0,0.12885370383510003,0,0.13926983549114733
ab-test-001137,0,0.004258540659476489,0,0.13926983549114733
ab-test-001138,0,0.04048753570086671,0,0.13926983549114733
ab-test-001139,0,0.06695879377536786,0,0.13926983549114733
ab-test-001140,0,0.2631303426683374,1,0.13926983549114733
ab-test-001141,0,0.056946765727035165,0,0.13926983549114733
ab-test-001142,0,0.023897240647317096,0,0.13926983549114733
ab-test-001143,1,0.0169169792314652,0,0.13926983549114733
ab-test-001144,0,0.02344351132430814,0,0.13926983549114733
ab-test-001145,0,0.054264649939218736,0,0.13926983549114733
ab-test-001146,0,0.3636962354683255,1,0.13926983549114733
ab-test-001147,0,0.044500526481495474,0,0.13926983549114733
ab-test-001148,1,0.8474902276841904,1,0.13926983549114733
ab-test-001149,0,0.06393031800622487,0,0.13926983549114733
ab-test-001150,0,0.13423761992410266,0,0.13926983549114733
ab-test-001151,0,0.004041155857356883,0,0.13926983549114733
ab-test-001152,0,0.028733489683899122,0,0.13926983549114733
ab-test-001153,0,0.31347117814399955,1,0.13926983549114733
ab-test-001154,0,0.8560918742975152,1,0.13926983549114733
ab-test-001155,0,0.023817775123725078,0,0.13926983549114733
ab-test-001156,1,0.07575899629314445,0,0.13926983549114733
ab-test-001157,0,0.01847355797243192,0,0.13926983549114733
ab-test-001158,0,0.036258389711955476,0,0.13926983549114733
ab-test-001159,0,0.0658198434357011,0,0.13926983549114733
ab-test-001160,0,0.007304669272620626,0,0.13926983549114733
ab-test-001161,0,0.054806687263234136,0,0.13926983549114733
ab-test-001162,0,0.029179483690623228,0,0.13926983549114733
ab-test-001163,0,0.8622717363447062,1,0.13926983549114733
ab-test-001164,0,0.019549601905435778,0,0.13926983549114733
ab-test-001165,0,0.18817345730699955,1,0.13926983549114733
ab-test-001166,0,0.11457116727937822,0,0.13926983549114733
ab-test-001167,0,0.050958011636172855,0,0.13926983549114733
ab-test-001168,0,4.578906598506155e-09,0,0.13926983549114733
ab-test-001169,0,0.041714025837230245,0,0.13926983549114733
ab-test-001170,0,0.34808087955542555,1,0.13926983549114733
ab-test-001171,1,0.04206085466597659,0,0.13926983549114733
ab-test-001172,1,0.27567599007602644,1,0.13926983549114733
ab-test-001173,0,0.015277016037503373,0,0.13926983549114733
ab-test-001174,1,0.06344538890972906,0,0.13926983549114733
ab-test-001175,0,0.01155799341188236,0,0.13926983549114733
ab-test-001176,0,0.0143992293161037,0,0.13926983549114733
ab-test-001177,0,0.011842266306723226,0,0.13926983549114733
ab-test-001178,0,0.3716561658791568,1,0.13926983549114733
ab-test-001179,0,0.16795189192548254,1,0.13926983549114733
ab-test-001180,0,0.1552453917838619,1,0.13926983549114733
ab-test-001181,0,0.006815328588459312,0,0.13926983549114733
ab-test-001182,0,0.8586102844825418,1,0.13926983549114733
ab-test-001183,0,0.020804336682696337,0,0.13926983549114733
ab-test-001184,0,0.01725331809557585,0,0.13926983549114733
ab-test-001185,0,0.02383354723703852,0,0.13926983549114733
ab-test-001186,0,0.016966352267856727,0,0.13926983549114733
ab-test-001187,0,0.041774392598702144,0,0.13926983549114733
ab-test-001188,0,0.02159904319550659,0,0.13926983549114733
ab-test-001189,0,0.006653195523992975,0,0.13926983549114733
ab-test-001190,0,0.19918343911607378,1,0.13926983549114733
ab-test-001191,0,0.021944249870176003,0,0.13926983549114733
ab-test-001192,0,0.0007646481589317218,0,0.13926983549114733
ab-test-001193,0,0.02636163096158924,0,0.13926983549114733
ab-test-001194,0,0.005700521545962484,0,0.13926983549114733
ab-test-001195,0,0.00013324639398753444,0,0.13926983549114733
ab-test-001196,0,0.6008585107553672,1,0.13926983549114733
ab-test-001197,0,0.0274452367943112,0,0.13926983549114733
ab-test-001198,0,0.005611305969118922,0,0.13926983549114733
ab-test-001199,0,0.1272071174263676,0,0.13926983549114733
ab-test-001200,0,0.01083190668896792,0,0.13926983549114733
ab-test-001201,1,0.958863404465288,1,0.13926983549114733
ab-test-001202,0,0.015237169435550252,0,0.13926983549114733
ab-test-001203,0,0.030442876590153906,0,0.13926983549114733
ab-test-001204,0,0.04592781281745923,0,0.13926983549114733
ab-test-001205,0,0.025214710394144003,0,0.13926983549114733
ab-test-001206,0,0.00977811552400165,0,0.13926983549114733
ab-test-001207,1,0.15423434294149627,1,0.13926983549114733
ab-test-001208,0,0.01795026869703538,0,0.13926983549114733
ab-test-001209,1,0.6728159463360315,1,0.13926983549114733
ab-test-001210,0,0.010685765139187875,0,0.13926983549114733
ab-test-001211,0,0.02230911621110735,0,0.13926983549114733
ab-test-001212,0,0.012802207083333862,0,0.13926983549114733
ab-test-001213,0,0.042730600425668744,0,0.13926983549114733
ab-test-001214,0,0.016198614725436884,0,0.13926983549114733
ab-test-001215,0,0.1829110222743158,1,0.13926983549114733
ab-test-001216,0,0.15220606220441435,1,0.13926983549114733
ab-test-001217,0,0.001073859442305958,0,0.13926983549114733
ab-test-001218,0,0.4127769609871021,1,0.13926983549114733
ab-test-001219,0,0.38474990952164606,1,0.13926983549114733
ab-test-001220,0,0.09343363939327214,0,0.13926983549114733
ab-test-001221,0,0.08817574047588388,0,0.13926983549114733
ab-test-001222,0,0.05587168673019327,0,0.13926983549114733
ab-test-001223,0,1.3573584360392898e-05,0,0.13926983549114733
ab-test-001224,0,0.022708564961416444,0,0.13926983549114733
ab-test-001225,0,0.34372987682510203,1,0.13926983549114733
ab-test-001226,0,0.00482811837364649,0,0.13926983549114733
ab-test-001227,0,0.004539014588560301,0,0.13926983549114733
ab-test-001228,1,0.3867874551127618,1,0.13926983549114733
ab-test-001229,0,0.023008746896053953,0,0.13926983549114733
ab-test-001230,0,0.014267901256213725,0,0.13926983549114733
ab-test-001231,0,0.02721886169995076,0,0.13926983549114733
ab-test-001232,0,0.015173122182550729,0,0.13926983549114733
ab-test-001233,0,0.9729091237751207,1,0.13926983549114733
ab-test-001234,0,0.1895671728922401,1,0.13926983549114733
ab-test-001235,0,0.0045494992276074635,0,0.13926983549114733
ab-test-001236,0,0.023064921432276484,0,0.13926983549114733
ab-test-001237,0,0.006688657517112765,0,0.13926983549114733
ab-test-001238,0,0.0023464621586009263,0,0.13926983549114733
ab-test-001239,0,0.030427920898244382,0,0.13926983549114733
ab-test-001240,0,0.09130568302018575,0,0.13926983549114733
ab-test-001241,0,0.09131864668080075,0,0.13926983549114733
ab-test-001242,0,2.15839308088231e-13,0,0.13926983549114733
ab-test-001243,0,0.14968192102918973,1,0.13926983549114733
ab-test-001244,0,0.010309945737384273,0,0.13926983549114733
ab-test-001245,0,0.15658399970245862,1,0.13926983549114733
ab-test-001246,0,0.004045413642210264,0,0.13926983549114733
ab-test-001247,0,0.9687300783327728,1,0.13926983549114733
ab-test-001248,0,0.034141248356870574,0,0.13926983549114733
ab-test-001249,1,0.9804311778139475,1,0.13926983549114733
ab-test-001250,0,0.008749204727973787,0,0.13926983549114733
ab-test-001251,0,0.17137607730898125,1,0.13926983549114733
ab-test-001252,0,0.03383418195951648,0,0.13926983549114733
ab-test-001253,0,0.25873969305753963,1,0.13926983549114733
ab-test-001254,0,0.009973392088868356,0,0.13926983549114733
ab-test-001255,0,0.004400606537272261,0,0.13926983549114733
ab-test-001256,0,0.01031531496976416,0,0.13926983549114733
ab-test-001257,0,0.007000032385509546,0,0.13926983549114733
ab-test-001258,0,0.012474254226698244,0,0.13926983549114733
ab-test-001259,0,0.03139419882852727,0,0.13926983549114733
ab-test-001260,0,2.2872496357688508e-08,0,0.13926983549114733
ab-test-001261,1,0.25696498696412035,1,0.13926983549114733
ab-test-001262,0,0.006278579639221192,0,0.13926983549114733
ab-test-001263,0,0.055265681008418076,0,0.13926983549114733
ab-test-001264,0,0.02506060612145224,0,0.13926983549114733
ab-test-001265,0,0.007792524663932828,0,0.13926983549114733
ab-test-001266,0,0.2516315413187419,1,0.13926983549114733
ab-test-001267,1,0.199367582417116,1,0.13926983549114733
ab-test-001268,0,0.0015001027683924956,0,0.13926983549114733
ab-test-001269,0,0.09748010012488963,0,0.13926983549114733
ab-test-001270,1,0.050572625634532374,0,0.13926983549114733
ab-test-001271,0,0.015702671669313648,0,0.13926983549114733
ab-test-001272,1,0.9938002246355886,1,0.13926983549114733
ab-test-001273,0,0.007059806179719486,0,0.13926983549114733
ab-test-001274,0,0.776137384694717,1,0.13926983549114733
ab-test-001275,0,0.012755563991503958,0,0.13926983549114733
ab-test-001276,0,0.018670392550902238,0,0.13926983549114733
ab-test-001277,0,0.0007475278594505587,0,0.13926983549114733
ab-test-001278,0,0.004203697007164494,0,0.13926983549114733
ab-test-001279,0,0.03115753259746181,0,0.13926983549114733
ab-test-001280,0,0.0009313106217108449,0,0.13926983549114733
ab-test-001281,0,0.018060069156987293,0,0.13926983549114733
ab-test-001282,0,0.03416330269881004,0,0.13926983549114733
ab-test-001283,0,0.008753453773812933,0,0.13926983549114733
ab-test-001284,0,0.10184421997608616,0,0.13926983549114733
ab-test-001285,0,0.030411382441744576,0,0.13926983549114733
ab-test-001286,0,0.15558996147959767,1,0.13926983549114733
ab-test-001287,0,0.0029360744967995454,0,0.13926983549114733
ab-test-001288,0,0.16340793825298106,1,0.13926983549114733
ab-test-001289,1,0.7314244166259769,1,0.13926983549114733
ab-test-001290,0,0.08940736550096051,0,0.13926983549114733
ab-test-001291,0,0.0018488997754665785,0,0.13926983549114733
ab-test-001292,0,0.019119296461932382,0,0.13926983549114733
ab-test-001293,1,0.1723953140536015,1,0.13926983549114733
ab-test-001294,0,0.1612870124821329,1,0.13926983549114733
ab-test-001295,0,0.15437385930229283,1,0.13926983549114733
ab-test-001296,0,0.13178615741360242,0,0.13926983549114733
ab-test-001297,0,0.0010301499195310212,0,0.13926983549114733
ab-test-001298,0,0.046531053426214865,0,0.13926983549114733
ab-test-001299,0,0.026485541628220144,0,0.13926983549114733
ab-test-001300,0,0.007624773838583498,0,0.13926983549114733
ab-test-001301,0,0.960969163570951,1,0.13926983549114733
ab-test-001302,0,0.1033871726317056,0,0.13926983549114733
ab-test-001303,0,0.018784230582351676,0,0.13926983549114733
ab-test-001304,0,0.012715035545891686,0,0.13926983549114733
ab-test-001305,0,0.18385413091113617,1,0.13926983549114733
ab-test-001306,0,0.010857356355820653,0,0.13926983549114733
ab-test-001307,0,0.0007234429296011362,0,0.13926983549114733
ab-test-001308,0,0.013133109071822609,0,0.13926983549114733
ab-test-001309,0,0.024919931534840283,0,0.13926983549114733
ab-test-001310,0,0.006224225415503622,0,0.13926983549114733
ab-test-001311,0,0.16724143550832302,1,0.13926983549114733
ab-test-001312,0,0.10641892388495938,0,0.13926983549114733
ab-test-001313,0,0.5197328474847438,1,0.13926983549114733
ab-test-001314,0,0.9454508006151354,1,0.13926983549114733
ab-test-001315,0,0.7739814310617679,1,0.13926983549114733
ab-test-001316,0,0.0016448161123054233,0,0.13926983549114733
ab-test-001317,0,0.027694770774045585,0,0.13926983549114733
ab-test-001318,0,0.2370635930200485,1,0.13926983549114733
ab-test-001319,0,0.012335334286559892,0,0.13926983549114733
ab-test-001320,1,0.8611945903378464,1,0.13926983549114733
ab-test-001321,0,0.0080527900718858,0,0.13926983549114733
ab-test-001322,0,0.02559881099053884,0,0.13926983549114733
ab-test-001323,0,0.46089920211210095,1,0.13926983549114733
ab-test-001324,1,0.2782480685140279,1,0.13926983549114733
ab-test-001325,0,0.01796212198570823,0,0.13926983549114733
ab-test-001326,0,0.029986123958351454,0,0.13926983549114733
ab-test-001327,0,0.04214002663779032,0,0.13926983549114733
ab-test-001328,0,0.0205917603628995,0,0.13926983549114733
ab-test-001329,0,0.018947170060456823,0,0.13926983549114733
ab-test-001330,0,0.0031129909832810047,0,0.13926983549114733
ab-test-001331,0,0.4344984825701506,1,0.13926983549114733
ab-test-001332,1,0.11011878858085768,0,0.13926983549114733
ab-test-001333,0,0.02552559320580015,0,0.13926983549114733
ab-test-001334,0,0.013261741169202384,0,0.13926983549114733
ab-test-001335,0,0.5990400492918585,1,0.13926983549114733
ab-test-001336,0,0.06120038562258589,0,0.13926983549114733
ab-test-001337,0,0.0027801035410363346,0,0.13926983549114733
ab-test-001338,0,0.022610145997510194,0,0.13926983549114733
ab-test-001339,0,0.004605599417178897,0,0.13926983549114733
ab-test-001340,0,0.009802213202067377,0,0.13926983549114733
ab-test-001341,1,0.5755348588560302,1,0.13926983549114733
ab-test-001342,0,0.012043342416414537,0,0.13926983549114733
ab-test-001343,0,0.015119692501988876,0,0.13926983549114733
ab-test-001344,0,0.002286465058271321,0,0.13926983549114733
ab-test-001345,0,0.03288667882537905,0,0.13926983549114733
ab-test-001346,0,0.006659051716761984,0,0.13926983549114733
ab-test-001347,0,0.009768433892908372,0,0.13926983549114733
ab-test-001348,0,0.05730877664543661,0,0.13926983549114733
ab-test-001349,0,0.009458786856410642,0,0.13926983549114733
ab-test-001350,0,0.003251162779662682,0,0.13926983549114733
ab-test-001351,0,0.0105981838311721,0,0.13926983549114733
ab-test-001352,0,0.08054716047767947,0,0.13926983549114733
ab-test-001353,0,0.010318866579436071,0,0.13926983549114733
ab-test-001354,0,0.0005743729301919764,0,0.13926983549114733
ab-test-001355,0,0.028272834845373716,0,0.13926983549114733
ab-test-001356,0,0.00875336721619464,0,0.13926983549114733
ab-test-001357,0,0.022964147099577465,0,0.13926983549114733
ab-test-001358,0,0.03948539369567376,0,0.13926983549114733
ab-test-001359,0,0.004977856561316404,0,0.13926983549114733
ab-test-001360,0,0.022559114544199205,0,0.13926983549114733
ab-test-001361,0,0.003982243166517878,0,0.13926983549114733
ab-test-001362,0,0.028159940550399984,0,0.13926983549114733
ab-test-001363,0,0.9653369653957018,1,0.13926983549114733
ab-test-001364,0,0.0016820363808593853,0,0.13926983549114733
ab-test-001365,0,0.034452222601877504,0,0.13926983549114733
ab-test-001366,0,0.5256795023406651,1,0.13926983549114733
ab-test-001367,0,0.06807467947218306,0,0.13926983549114733
ab-test-001368,0,0.008186001768721814,0,0.13926983549114733
ab-test-001369,0,0.021177048445495155,0,0.13926983549114733
ab-test-001370,0,0.08746647167323658,0,0.13926983549114733
ab-test-001371,0,0.010453968325696316,0,0.13926983549114733
ab-test-001372,0,0.07755514764413292,0,0.13926983549114733
ab-test-001373,0,0.0013723630725873644,0,0.13926983549114733
ab-test-001374,0,0.028562715437590005,0,0.13926983549114733
ab-test-001375,0,0.02342866418572536,0,0.13926983549114733
ab-test-001376,0,0.47530894279935065,1,0.13926983549114733
ab-test-001377,0,0.052193001162990506,0,0.13926983549114733
ab-test-001378,0,0.17493475187261684,1,0.13926983549114733
ab-test-001379,0,0.011157930329261575,0,0.13926983549114733
ab-test-001380,0,0.07892210623705642,0,0.13926983549114733
ab-test-001381,0,0.06575673396801456,0,0.13926983549114733
ab-test-001382,0,0.0013155694662024704,0,0.13926983549114733
ab-test-001383,0,0.22517937443109678,1,0.13926983549114733
ab-test-001384,0,0.004054983011329944,0,0.13926983549114733
ab-test-001385,0,0.018254131286613698,0,0.13926983549114733
ab-test-001386,0,0.07033031478869534,0,0.13926983549114733
ab-test-001387,0,0.04551959201229482,0,0.13926983549114733
ab-test-001388,0,0.0016157783321585038,0,0.13926983549114733
ab-test-001389,0,0.0849697070730763,0,0.13926983549114733
ab-test-001390,0,0.030004759264342644,0,0.13926983549114733
ab-test-001391,0,0.01462701244839576,0,0.13926983549114733
ab-test-001392,0,0.4268505086816495,1,0.13926983549114733
ab-test-001393,0,0.020048171607683483,0,0.13926983549114733
ab-test-001394,1,0.8565373917482126,1,0.13926983549114733
ab-test-001395,0,0.0023070743416380084,0,0.13926983549114733
ab-test-001396,0,0.02121557761373834,0,0.13926983549114733
ab-test-001397,0,0.11907548443697218,0,0.13926983549114733
ab-test-001398,0,0.6559758180230488,1,0.13926983549114733
ab-test-001399,0,0.00543632401078003,0,0.13926983549114733
ab-test-001400,0,0.04491000302846841,0,0.13926983549114733
ab-test-001401,1,0.43423244037544256,1,0.13926983549114733
ab-test-001402,0,0.08609947359949467,0,0.13926983549114733
ab-test-001403,0,0.03966920342786597,0,0.13926983549114733
ab-test-001404,0,0.021331609982288797,0,0.13926983549114733
ab-test-001405,0,4.1230088010231464e-05,0,0.13926983549114733
ab-test-001406,0,0.18335539094611686,1,0.13926983549114733
ab-test-001407,0,0.023005991795139225,0,0.13926983549114733
ab-test-001408,0,0.008538540395396815,0,0.13926983549114733
ab-test-001409,0,0.027151201682710124,0,0.13926983549114733
ab-test-001410,0,0.04210958015702353,0,0.13926983549114733
ab-test-001411,0,0.06373280616222769,0,0.13926983549114733
ab-test-001412,0,0.06713535705784099,0,0.13926983549114733
ab-test-001413,0,0.00381566163174086,0,0.13926983549114733
ab-test-001414,0,0.02210340719965293,0,0.13926983549114733
ab-test-001415,0,0.011919375966836806,0,0.13926983549114733
ab-test-001416,0,0.05904952239406468,0,0.13926983549114733
ab-test-001417,0,0.0021137030354005273,0,0.13926983549114733
ab-test-001418,1,0.46836707652027304,1,0.13926983549114733
ab-test-001419,0,0.04512017980274023,0,0.13926983549114733
ab-test-001420,0,0.09161779299421736,0,0.13926983549114733
ab-test-001421,0,0.005483255800376635,0,0.13926983549114733
ab-test-001422,0,0.07249423435192802,0,0.13926983549114733
ab-test-001423,0,0.02247610340417957,0,0.13926983549114733
ab-test-001424,0,0.029100457733201527,0,0.13926983549114733
ab-test-001425,0,0.022305889872792157,0,0.13926983549114733
ab-test-001426,1,0.1498802210476973,1,0.13926983549114733
ab-test-001427,0,0.10629186830284819,0,0.13926983549114733
ab-test-001428,0,0.12566529311243121,0,0.13926983549114733
ab-test-001429,0,0.006764535867862919,0,0.13926983549114733
ab-test-001430,0,0.1446330821883477,1,0.13926983549114733
ab-test-001431,0,0.04212652621215839,0,0.13926983549114733
ab-test-001432,0,0.002259395019940452,0,0.13926983549114733
ab-test-001433,0,0.004809718973988711,0,0.13926983549114733
ab-test-001434,1,0.036215671170558614,0,0.13926983549114733
ab-test-001435,0,0.04191635008008687,0,0.13926983549114733
ab-test-001436,0,0.033745760914027076,0,0.13926983549114733
ab-test-001437,0,0.004880178556921066,0,0.13926983549114733
ab-test-001438,0,0.2897788966073052,1,0.13926983549114733
ab-test-001439,0,0.023112531262000996,0,0.13926983549114733
ab-test-001440,0,0.009197383555857665,0,0.13926983549114733
ab-test-001441,0,0.08727350657073613,0,0.13926983549114733
ab-test-001442,0,0.1303602073649013,0,0.13926983549114733
ab-test-001443,0,0.13197741640053715,0,0.13926983549114733
ab-test-001444,0,0.03680153019641657,0,0.13926983549114733
ab-test-001445,0,0.04590692330461995,0,0.13926983549114733
ab-test-001446,0,0.058712546449311544,0,0.13926983549114733
ab-test-001447,0,0.09454032468806561,0,0.13926983549114733
ab-test-001448,0,0.0006163328023580161,0,0.13926983549114733
ab-test-001449,0,0.027921736710190288,0,0.13926983549114733
ab-test-001450,0,0.00049774901570717,0,0.13926983549114733
ab-test-001451,1,0.8738300216810054,1,0.13926983549114733
ab-test-001452,0,0.01791559023956402,0,0.13926983549114733
ab-test-001453,1,0.9570249312659102,1,0.13926983549114733
ab-test-001454,0,0.1317123764695588,0,0.13926983549114733
ab-test-001455,0,0.0020644264764224257,0,0.13926983549114733
ab-test-001456,0,0.0019463572174681866,0,0.13926983549114733
ab-test-001457,0,0.01113206589541261,0,0.13926983549114733
ab-test-001458,0,0.14053053721116823,1,0.13926983549114733
ab-test-001459,1,0.11125875605125554,0,0.13926983549114733
ab-test-001460,0,0.27100727730901714,1,0.13926983549114733
ab-test-001461,0,0.0036044355729666602,0,0.13926983549114733
ab-test-001462,0,0.023811224059518563,0,0.13926983549114733
ab-test-001463,0,0.0020251287016758972,0,0.13926983549114733
ab-test-001464,0,0.0013280628065632399,0,0.13926983549114733
ab-test-001465,0,0.2757743585408499,1,0.13926983549114733
ab-test-001466,0,0.679012049009376,1,0.13926983549114733
ab-test-001467,0,0.11588416431321305,0,0.13926983549114733
ab-test-001468,1,0.5006007511334634,1,0.13926983549114733
ab-test-001469,1,0.6443042163888277,1,0.13926983549114733
ab-test-001470,0,0.008619313827703675,0,0.13926983549114733
ab-test-001471,1,0.9164422510033464,1,0.13926983549114733
ab-test-001472,0,0.009645818981631148,0,0.13926983549114733
ab-test-001473,0,0.0013881330960060952,0,0.13926983549114733
ab-test-001474,0,0.0685993712687406,0,0.13926983549114733
ab-test-001475,0,0.06868454488553546,0,0.13926983549114733
ab-test-001476,0,0.008408826875443035,0,0.13926983549114733
ab-test-001477,0,0.0676584488285799,0,0.13926983549114733
ab-test-001478,0,0.021965242516908793,0,0.13926983549114733
ab-test-001479,0,0.020883029611797957,0,0.13926983549114733
ab-test-001480,0,0.05519579843320193,0,0.13926983549114733
ab-test-001481,0,0.12202023570721217,0,0.13926983549114733
ab-test-001482,0,0.10387747508815112,0,0.13926983549114733
ab-test-001483,0,0.018451789645126268,0,0.13926983549114733
ab-test-001484,0,0.019091093495611697,0,0.13926983549114733
ab-test-001485,0,0.012647069030958613,0,0.13926983549114733
ab-test-001486,0,0.014928438894267988,0,0.13926983549114733
ab-test-001487,0,0.6144676952861673,1,0.13926983549114733
ab-test-001488,0,0.014226822997680829,0,0.13926983549114733
ab-test-001489,0,0.07479834563666982,0,0.13926983549114733
ab-test-001490,1,0.873882621586585,1,0.13926983549114733
ab-test-001491,0,0.034312404303652275,0,0.13926983549114733
ab-test-001492,1,0.11642098711996363,0,0.13926983549114733
ab-test-001493,0,0.009858655644900663,0,0.13926983549114733
ab-test-001494,0,0.0349091392071479,0,0.13926983549114733
ab-test-001495,0,0.13362306670041305,0,0.13926983549114733
ab-test-001496,1,0.5827183310023968,1,0.13926983549114733
ab-test-001497,0,0.012007546343970365,0,0.13926983549114733
ab-test-001498,0,0.020246845047742483,0,0.13926983549114733
ab-test-001499,0,0.13589693857053822,0,0.13926983549114733
ab-test-001500,0,0.05335336258547395,0,0.13926983549114733
ab-test-001501,0,0.034352572359816605,0,0.13926983549114733
ab-test-001502,0,0.139393761333445,1,0.13926983549114733
ab-test-001503,0,0.007232955329166772,0,0.13926983549114733
ab-test-001504,0,0.03355612607199242,0,0.13926983549114733
ab-test-001505,0,0.028802759660058568,0,0.13926983549114733
ab-test-001506,0,0.007128006763678127,0,0.13926983549114733
ab-test-001507,0,0.004051298872616324,0,0.13926983549114733
ab-test-001508,0,0.10506735317006478,0,0.13926983549114733
ab-test-001509,0,0.021867807719707064,0,0.13926983549114733
ab-test-001510,0,0.009138888310985034,0,0.13926983549114733
ab-test-001511,0,0.007202543881781717,0,0.13926983549114733
ab-test-001512,0,0.0022877322288117905,0,0.13926983549114733
ab-test-001513,0,0.035552928827058614,0,0.13926983549114733
ab-test-001514,0,0.15501306571737994,1,0.13926983549114733
ab-test-001515,0,0.01470080764916107,0,0.13926983549114733
ab-test-001516,0,0.2338658286401505,1,0.13926983549114733
ab-test-001517,0,0.009895382588339342,0,0.13926983549114733
ab-test-001518,0,0.23873278829068362,1,0.13926983549114733
ab-test-001519,0,0.08911618957832565,0,0.13926983549114733
ab-test-001520,0,0.06022596411225565,0,0.13926983549114733
ab-test-001521,0,0.129435108743116,0,0.13926983549114733
ab-test-001522,0,0.029846775028135056,0,0.13926983549114733
ab-test-001523,0,0.02325243600707967,0,0.13926983549114733
ab-test-001524,0,0.06410248580296282,0,0.13926983549114733
ab-test-001525,0,0.2520692082269764,1,0.13926983549114733
ab-test-001526,1,0.6248760998846125,1,0.13926983549114733
ab-test-001527,0,0.04758400154807132,0,0.13926983549114733
ab-test-001528,0,4.786947035848821e-05,0,0.13926983549114733
ab-test-001529,0,0.08876076903988298,0,0.13926983549114733
ab-test-001530,0,0.6263861812550452,1,0.13926983549114733
ab-test-001531,0,0.09194682754902991,0,0.13926983549114733
ab-test-001532,0,0.007665492234778409,0,0.13926983549114733
ab-test-001533,0,0.00685634961664318,0,0.13926983549114733
ab-test-001534,0,0.013769148483423505,0,0.13926983549114733
ab-test-001535,0,0.002188087617231649,0,0.13926983549114733
ab-test-001536,0,0.9521654665647993,1,0.13926983549114733
ab-test-001537,0,0.023946434349973993,0,0.13926983549114733
ab-test-001538,0,0.030029073198476405,0,0.13926983549114733
ab-test-001539,0,0.02827167442349637,0,0.13926983549114733
ab-test-001540,0,0.015553083245031367,0,0.13926983549114733
ab-test-001541,0,0.015771832351981502,0,0.13926983549114733
ab-test-001542,1,0.6810920302316639,1,0.13926983549114733
ab-test-001543,0,0.04053305416099204,0,0.13926983549114733
ab-test-001544,1,0.5997530158762362,1,0.13926983549114733
ab-test-001545,0,0.002519518987076188,0,0.13926983549114733
ab-test-001546,1,0.9776383114103355,1,0.13926983549114733
ab-test-001547,0,0.024282023878832677,0,0.13926983549114733
ab-test-001548,0,0.02303361722233439,0,0.13926983549114733
ab-test-001549,0,0.017890889905996625,0,0.13926983549114733
ab-test-001550,1,0.8899882455888983,1,0.13926983549114733
ab-test-001551,0,0.012991956569240215,0,0.13926983549114733
ab-test-001552,0,0.030729893288628147,0,0.13926983549114733
ab-test-001553,0,0.02173745722141968,0,0.13926983549114733
ab-test-001554,0,0.07427531148552827,0,0.13926983549114733
ab-test-001555,0,0.0017817174056283963,0,0.13926983549114733
ab-test-001556,0,0.011058983435451815,0,0.13926983549114733
ab-test-001557,1,0.5257718101616854,1,0.13926983549114733
ab-test-001558,0,0.0018747417263000091,0,0.13926983549114733
ab-test-001559,0,0.004735379887153819,0,0.13926983549114733
ab-test-001560,0,0.10166403297120949,0,0.13926983549114733
ab-test-001561,1,0.8434558054788107,1,0.13926983549114733
ab-test-001562,0,0.01268326822820893,0,0.13926983549114733
ab-test-001563,0,0.00756122674739035,0,0.13926983549114733
ab-test-001564,0,4.004663633493203e-05,0,0.13926983549114733
ab-test-001565,0,0.018420004069952242,0,0.13926983549114733
ab-test-001566,0,0.00381566163174086,0,0.13926983549114733
ab-test-001567,0,0.08206333537329133,0,0.13926983549114733
ab-test-001568,0,0.052299298839479716,0,0.13926983549114733
ab-test-001569,1,0.19574266763030884,1,0.13926983549114733
ab-test-001570,1,0.008320528759410317,0,0.13926983549114733
ab-test-001571,0,0.18514271601630167,1,0.13926983549114733
ab-test-001572,0,0.003947336722890324,0,0.13926983549114733
ab-test-001573,0,0.014649560528647784,0,0.13926983549114733
ab-test-001574,0,0.28420398892078613,1,0.13926983549114733
ab-test-001575,0,0.006129172074826374,0,0.13926983549114733
ab-test-001576,0,0.10048368819781514,0,0.13926983549114733
ab-test-001577,0,0.02895619528767564,0,0.13926983549114733
ab-test-001578,0,0.02284319737529208,0,0.13926983549114733
ab-test-001579,0,0.002692659486772769,0,0.13926983549114733
ab-test-001580,0,0.7866492373089339,1,0.13926983549114733
ab-test-001581,0,0.1118303889929323,0,0.13926983549114733
ab-test-001582,1,0.04367392075987765,0,0.13926983549114733
ab-test-001583,1,0.39774608175794446,1,0.13926983549114733
ab-test-001584,0,0.16124677478463884,1,0.13926983549114733
ab-test-001585,0,0.014079051829074688,0,0.13926983549114733
ab-test-001586,0,0.024789264076157346,0,0.13926983549114733
ab-test-001587,0,0.7663517119125927,1,0.13926983549114733
ab-test-001588,1,0.43106600723232974,1,0.13926983549114733
ab-test-001589,0,0.004200897084281017,0,0.13926983549114733
ab-test-001590,0,0.014079263788262499,0,0.13926983549114733
ab-test-001591,0,0.00013404685721014068,0,0.13926983549114733
ab-test-001592,0,0.4747873259479233,1,0.13926983549114733
ab-test-001593,0,0.09600567048826246,0,0.13926983549114733
ab-test-001594,0,0.46214800188791744,1,0.13926983549114733
ab-test-001595,0,0.11826270475596076,0,0.13926983549114733
ab-test-001596,1,0.49292422609763786,1,0.13926983549114733
ab-test-001597,1,0.30384165552403997,1,0.13926983549114733
ab-test-001598,0,0.015634298724633854,0,0.13926983549114733
ab-test-001599,0,0.014761907533062035,0,0.13926983549114733
ab-test-001600,0,0.017848851149460453,0,0.13926983549114733
ab-test-001601,1,0.9952909427611601,1,0.13926983549114733
ab-test-001602,0,0.006471476150729815,0,0.13926983549114733
ab-test-001603,0,0.03497048216005512,0,0.13926983549114733
ab-test-001604,1,0.3193467563020571,1,0.13926983549114733
ab-test-001605,0,0.8287591969391704,1,0.13926983549114733
ab-test-001606,0,0.06489333987698398,0,0.13926983549114733
ab-test-001607,0,0.0016973847602578798,0,0.13926983549114733
ab-test-001608,0,0.010245477087659535,0,0.13926983549114733
ab-test-001609,0,0.16565250735849854,1,0.13926983549114733
ab-test-001610,0,0.010458510569554444,0,0.13926983549114733
ab-test-001611,1,0.0257858249474543,0,0.13926983549114733
ab-test-001612,0,0.008545301993166885,0,0.13926983549114733
ab-test-001613,0,0.035590279281776396,0,0.13926983549114733
ab-test-001614,0,0.04580078760048256,0,0.13926983549114733
ab-test-001615,0,0.0005962636604518302,0,0.13926983549114733
ab-test-001616,0,0.7189444581819586,1,0.13926983549114733
ab-test-001617,0,0.015226518004333054,0,0.13926983549114733
ab-test-001618,1,0.12266163554162757,0,0.13926983549114733
ab-test-001619,0,0.012988028850649634,0,0.13926983549114733
ab-test-001620,0,0.0010217505211103438,0,0.13926983549114733
ab-test-001621,0,0.027078959969260914,0,0.13926983549114733
ab-test-001622,1,0.031598799830595006,0,0.13926983549114733
ab-test-001623,0,0.10198666096670878,0,0.13926983549114733
ab-test-001624,1,0.358307448565354,1,0.13926983549114733
ab-test-001625,0,0.12237175673105516,0,0.13926983549114733
ab-test-001626,0,0.21834696937471715,1,0.13926983549114733
ab-test-001627,0,0.013083466558905852,0,0.13926983549114733
ab-test-001628,0,0.1516005199677308,1,0.13926983549114733
ab-test-001629,0,0.08177055012595853,0,0.13926983549114733
ab-test-001630,0,0.013074585212765874,0,0.13926983549114733
ab-test-001631,0,0.0370591354778744,0,0.13926983549114733
ab-test-001632,0,0.01004304813483884,0,0.13926983549114733
ab-test-001633,0,0.0058895577005048175,0,0.13926983549114733
ab-test-001634,0,0.019401527218005855,0,0.13926983549114733
ab-test-001635,0,0.23530475896661895,1,0.13926983549114733
ab-test-001636,0,0.005763751081255525,0,0.13926983549114733
ab-test-001637,1,0.23459003668428144,1,0.13926983549114733
ab-test-001638,0,0.008777497765408267,0,0.13926983549114733
ab-test-001639,1,0.02017310492100882,0,0.13926983549114733
ab-test-001640,0,0.27416261375402873,1,0.13926983549114733
ab-test-001641,0,0.010525367994337202,0,0.13926983549114733
ab-test-001642,0,0.08713458057093824,0,0.13926983549114733
ab-test-001643,0,0.19701403897240113,1,0.13926983549114733
ab-test-001644,0,0.05946938423618402,0,0.13926983549114733
ab-test-001645,0,0.01889585633962225,0,0.13926983549114733
ab-test-001646,0,0.018626815526246725,0,0.13926983549114733
ab-test-001647,0,0.08174917682831388,0,0.13926983549114733
ab-test-001648,0,0.6087351835499225,1,0.13926983549114733
ab-test-001649,0,0.03215114286731228,0,0.13926983549114733
ab-test-001650,0,0.5937642500863195,1,0.13926983549114733
ab-test-001651,0,0.11493203132177209,0,0.13926983549114733
ab-test-001652,0,0.03455880107585603,0,0.13926983549114733
ab-test-001653,0,0.005272107452491756,0,0.13926983549114733
ab-test-001654,0,0.06195870266333603,0,0.13926983549114733
ab-test-001655,0,0.013260079161007863,0,0.13926983549114733
ab-test-001656,1,0.037405492905084534,0,0.13926983549114733
ab-test-001657,0,0.015677121028988373,0,0.13926983549114733
ab-test-001658,0,0.22305281250165596,1,0.13926983549114733
ab-test-001659,0,0.05242306345029236,0,0.13926983549114733
ab-test-001660,0,0.1616464870017658,1,0.13926983549114733
ab-test-001661,0,0.01086878750373784,0,0.13926983549114733
ab-test-001662,0,0.12037475615055014,0,0.13926983549114733
ab-test-001663,0,0.12531862066902358,0,0.13926983549114733
ab-test-001664,1,0.846621218554351,1,0.13926983549114733
ab-test-001665,0,0.31993286250994074,1,0.13926983549114733
ab-test-001666,0,0.2373743178792059,1,0.13926983549114733
ab-test-001667,0,0.05164812557146669,0,0.13926983549114733
ab-test-001668,0,0.03152088671621183,0,0.13926983549114733
ab-test-001669,0,0.026755909282853367,0,0.13926983549114733
ab-test-001670,0,0.0773968284729122,0,0.13926983549114733
ab-test-001671,0,0.008026984423082412,0,0.13926983549114733
ab-test-001672,0,0.4996540464669167,1,0.13926983549114733
ab-test-001673,0,0.014500281674048853,0,0.13926983549114733
ab-test-001674,0,0.056152659370440415,0,0.13926983549114733
ab-test-001675,0,0.13630957458338222,0,0.13926983549114733
ab-test-001676,0,1.1912222386827585e-05,0,0.13926983549114733
ab-test-001677,0,0.027582950982616546,0,0.13926983549114733
ab-test-001678,0,0.036350735331378156,0,0.13926983549114733
ab-test-001679,0,0.008884287690121003,0,0.13926983549114733
ab-test-001680,0,0.04636346072794159,0,0.13926983549114733
ab-test-001681,0,0.1525873878041274,1,0.13926983549114733
ab-test-001682,0,0.008696614808538238,0,0.13926983549114733
ab-test-001683,0,0.13192513824481367,0,0.13926983549114733
ab-test-001684,0,0.004364953570716699,0,0.13926983549114733
ab-test-001685,1,0.1611071979924594,1,0.13926983549114733
ab-test-001686,0,0.0903879618249949,0,0.13926983549114733
ab-test-001687,0,0.009155972872340377,0,0.13926983549114733
ab-test-001688,1,0.8018360106910019,1,0.13926983549114733
ab-test-001689,1,0.3401851166437311,1,0.13926983549114733
ab-test-001690,0,0.013242967127261857,0,0.13926983549114733
ab-test-001691,0,0.08403483788733504,0,0.13926983549114733
ab-test-001692,0,0.0018264695435238562,0,0.13926983549114733
ab-test-001693,0,0.0009017584292153765,0,0.13926983549114733
ab-test-001694,0,0.01818018248961042,0,0.13926983549114733
ab-test-001695,0,0.03516334903298416,0,0.13926983549114733
ab-test-001696,0,0.08514797636611376,0,0.13926983549114733
ab-test-001697,0,0.14308312100553736,1,0.13926983549114733
ab-test-001698,0,0.002814515914109571,0,0.13926983549114733
ab-test-001699,1,0.5401802477118212,1,0.13926983549114733
ab-test-001700,1,0.34808087955542555,1,0.13926983549114733
ab-test-001701,0,0.030899821402696977,0,0.13926983549114733
ab-test-001702,0,0.04155400591879593,0,0.13926983549114733
ab-test-001703,0,0.021112650168364677,0,0.13926983549114733
ab-test-001704,0,0.010589356077890416,0,0.13926983549114733
ab-test-001705,0,0.012441005980832994,0,0.13926983549114733
ab-test-001706,0,0.03140457258294473,0,0.13926983549114733
ab-test-001707,0,0.0008584659205617683,0,0.13926983549114733
ab-test-001708,0,0.003013119337698085,0,0.13926983549114733
ab-test-001709,0,0.020259700342319362,0,0.13926983549114733
ab-test-001710,0,0.007781954928056686,0,0.13926983549114733
ab-test-001711,0,0.017826237436091324,0,0.13926983549114733
ab-test-001712,0,2.0715081607771224e-11,0,0.13926983549114733
ab-test-001713,0,0.029212012748479788,0,0.13926983549114733
ab-test-001714,0,0.04050747548742328,0,0.13926983549114733
ab-test-001715,0,0.012754420011752667,0,0.13926983549114733
ab-test-001716,0,0.12196447367741275,0,0.13926983549114733
ab-test-001717,0,2.0189541951460413e-07,0,0.13926983549114733
ab-test-001718,0,0.07856075521247767,0,0.13926983549114733
ab-test-001719,0,0.002513450543841131,0,0.13926983549114733
ab-test-001720,0,0.31002886444215444,1,0.13926983549114733
ab-test-001721,0,0.019983344040483977,0,0.13926983549114733
ab-test-001722,0,0.05050951812884067,0,0.13926983549114733
ab-test-001723,0,0.019862883969508992,0,0.13926983549114733
ab-test-001724,0,0.113434584292409,0,0.13926983549114733
ab-test-001725,0,0.016459853021355265,0,0.13926983549114733
ab-test-001726,0,0.003001999756106929,0,0.13926983549114733
ab-test-001727,1,0.14055352051468384,1,0.13926983549114733
ab-test-001728,0,0.7731800863437407,1,0.13926983549114733
ab-test-001729,0,0.14424571617187706,1,0.13926983549114733
ab-test-001730,0,0.02972475770582447,0,0.13926983549114733
ab-test-001731,0,0.0193811569605615,0,0.13926983549114733
ab-test-001732,0,0.009182437106983575,0,0.13926983549114733
ab-test-001733,0,0.029906432136080154,0,0.13926983549114733
ab-test-001734,0,0.18194417653294817,1,0.13926983549114733
ab-test-001735,0,0.02799304907085734,0,0.13926983549114733
ab-test-001736,0,2.695391307181392e-05,0,0.13926983549114733
ab-test-001737,1,0.09033588686998871,0,0.13926983549114733
ab-test-001738,0,0.0031948624154103634,0,0.13926983549114733
ab-test-001739,0,0.04732670052502518,0,0.13926983549114733
ab-test-001740,0,0.11902376730292184,0,0.13926983549114733
ab-test-001741,1,0.9949884979052139,1,0.13926983549114733
ab-test-001742,0,0.002758288496833281,0,0.13926983549114733
ab-test-001743,0,0.24220736015054914,1,0.13926983549114733
ab-test-001744,0,0.05470485899878602,0,0.13926983549114733
ab-test-001745,0,0.01077766566900314,0,0.13926983549114733
ab-test-001746,0,0.11690722179783093,0,0.13926983549114733
ab-test-001747,0,0.26067505320463785,1,0.13926983549114733
ab-test-001748,0,0.00542925502165622,0,0.13926983549114733
ab-test-001749,1,0.17915130052068415,1,0.13926983549114733
ab-test-001750,0,0.0764778571381653,0,0.13926983549114733
ab-test-001751,0,0.04733278555839665,0,0.13926983549114733
ab-test-001752,0,0.14487938726608487,1,0.13926983549114733
ab-test-001753,0,0.00015244397236761418,0,0.13926983549114733
ab-test-001754,0,0.052298412053357904,0,0.13926983549114733
ab-test-001755,0,0.21381641227006698,1,0.13926983549114733
ab-test-001756,0,0.0033828666695853624,0,0.13926983549114733
ab-test-001757,0,0.10862713734304989,0,0.13926983549114733
ab-test-001758,0,0.28392309534200133,1,0.13926983549114733
ab-test-001759,0,0.019488343449977928,0,0.13926983549114733
ab-test-001760,0,0.020154439405072336,0,0.13926983549114733
ab-test-001761,0,0.0843941545580023,0,0.13926983549114733
ab-test-001762,0,0.015134432906036466,0,0.13926983549114733
ab-test-001763,0,0.0070762637654881696,0,0.13926983549114733
ab-test-001764,0,0.015779359260138636,0,0.13926983549114733
ab-test-001765,0,0.014817411803433572,0,0.13926983549114733
ab-test-001766,0,0.03271301457949173,0,0.13926983549114733
ab-test-001767,0,0.017898448680432853,0,0.13926983549114733
ab-test-001768,0,0.049685166090907604,0,0.13926983549114733
ab-test-001769,0,0.00046047885302055724,0,0.13926983549114733
ab-test-001770,0,0.004254670155278599,0,0.13926983549114733
ab-test-001771,1,0.19099150648993138,1,0.13926983549114733
ab-test-001772,1,0.0036426104935244736,0,0.13926983549114733
ab-test-001773,0,0.03079803645026076,0,0.13926983549114733
ab-test-001774,0,0.0504204318041856,0,0.13926983549114733
ab-test-001775,0,0.01308461542274932,0,0.13926983549114733
ab-test-001776,1,0.1851867414200924,1,0.13926983549114733
ab-test-001777,1,0.08296096809535089,0,0.13926983549114733
ab-test-001778,0,0.08841002584330528,0,0.13926983549114733
ab-test-001779,0,0.009954020601343259,0,0.13926983549114733
ab-test-001780,0,0.030838898345500673,0,0.13926983549114733
ab-test-001781,0,0.11716629711032271,0,0.13926983549114733
ab-test-001782,0,0.10577610343536945,0,0.13926983549114733
ab-test-001783,0,0.03390508437759049,0,0.13926983549114733
ab-test-001784,0,0.011356068598047069,0,0.13926983549114733
ab-test-001785,0,0.31655349756294726,1,0.13926983549114733
ab-test-001786,0,0.635122292214923,1,0.13926983549114733
ab-test-001787,0,2.7525299420708467e-05,0,0.13926983549114733
ab-test-001788,0,0.018658296726728734,0,0.13926983549114733
ab-test-001789,0,0.006271479594464279,0,0.13926983549114733
ab-test-001790,0,0.22089721112185295,1,0.13926983549114733
ab-test-001791,0,0.5781495515918029,1,0.13926983549114733
ab-test-001792,0,0.04618979836179393,0,0.13926983549114733
ab-test-001793,0,0.02335528719305047,0,0.13926983549114733
ab-test-001794,0,0.059466032896521755,0,0.13926983549114733
ab-test-001795,0,0.009674733437527554,0,0.13926983549114733
ab-test-001796,0,0.0876815452107552,0,0.13926983549114733
ab-test-001797,0,0.06607955042529749,0,0.13926983549114733
ab-test-001798,0,0.008243731517517075,0,0.13926983549114733
ab-test-001799,0,0.01281099340644309,0,0.13926983549114733
ab-test-001800,0,0.011211455369219544,0,0.13926983549114733
ab-test-001801,0,0.0760716423624629,0,0.13926983549114733
ab-test-001802,0,0.3253562326140762,1,0.13926983549114733
ab-test-001803,0,0.05772297232148917,0,0.13926983549114733
ab-test-001804,0,0.11793316555425873,0,0.13926983549114733
ab-test-001805,0,0.010146075889019513,0,0.13926983549114733
ab-test-001806,0,0.2611079655002512,1,0.13926983549114733
ab-test-001807,0,0.016692590185840947,0,0.13926983549114733
ab-test-001808,1,0.2339787264811211,1,0.13926983549114733
ab-test-001809,0,0.025829329257800796,0,0.13926983549114733
ab-test-001810,0,0.00444236648677544,0,0.13926983549114733
ab-test-001811,0,0.08497039200794226,0,0.13926983549114733
ab-test-001812,0,0.012830851560509893,0,0.13926983549114733
ab-test-001813,0,0.04315814181998957,0,0.13926983549114733
ab-test-001814,0,0.03881872409395161,0,0.13926983549114733
ab-test-001815,0,0.00576178419590403,0,0.13926983549114733
ab-test-001816,1,0.5811642733864752,1,0.13926983549114733
ab-test-001817,0,0.004612692799798011,0,0.13926983549114733
ab-test-001818,0,0.030264877928015372,0,0.13926983549114733
ab-test-001819,0,0.022348360451961594,0,0.13926983549114733
ab-test-001820,1,0.6843122686776935,1,0.13926983549114733
ab-test-001821,0,0.2776095961465974,1,0.13926983549114733
ab-test-001822,0,0.26680870850017546,1,0.13926983549114733
ab-test-001823,1,0.15403508311019684,1,0.13926983549114733
ab-test-001824,0,0.006760762339574476,0,0.13926983549114733
ab-test-001825,0,0.029128974290472932,0,0.13926983549114733
ab-test-001826,0,0.0094096929779218,0,0.13926983549114733
ab-test-001827,0,0.060700581436648623,0,0.13926983549114733
ab-test-001828,0,0.08366125105177494,0,0.13926983549114733
ab-test-001829,0,0.1702723652366593,1,0.13926983549114733
ab-test-001830,1,0.7029706202195308,1,0.13926983549114733
ab-test-001831,0,0.01028529654345941,0,0.13926983549114733
ab-test-001832,0,0.00720490044790746,0,0.13926983549114733
ab-test-001833,0,0.012535852656228159,0,0.13926983549114733
ab-test-001834,0,0.046724624315822166,0,0.13926983549114733
ab-test-001835,0,0.18785824637705564,1,0.13926983549114733
ab-test-001836,0,0.01329830596403299,0,0.13926983549114733
ab-test-001837,0,0.05185102063059069,0,0.13926983549114733
ab-test-001838,0,0.03739093633120553,0,0.13926983549114733
ab-test-001839,0,0.0495383986091285,0,0.13926983549114733
ab-test-001840,0,0.07204824694671162,0,0.13926983549114733
ab-test-001841,0,0.11778731655760047,0,0.13926983549114733
ab-test-001842,0,0.3245354124507097,1,0.13926983549114733
ab-test-001843,0,0.012550083012779718,0,0.13926983549114733
ab-test-001844,1,0.4160517364397387,1,0.13926983549114733
ab-test-001845,0,0.0005684097666917474,0,0.13926983549114733
ab-test-001846,0,0.048098039711796874,0,0.13926983549114733
ab-test-001847,0,0.03844060925230875,0,0.13926983549114733
ab-test-001848,0,0.04483074619434575,0,0.13926983549114733
ab-test-001849,0,0.08283370553128969,0,0.13926983549114733
ab-test-001850,0,0.09753477486003385,0,0.13926983549114733
ab-test-001851,0,0.03756306707837459,0,0.13926983549114733
ab-test-001852,0,0.02538847054933995,0,0.13926983549114733
ab-test-001853,1,0.06305681170029939,0,0.13926983549114733
ab-test-001854,0,0.10250767684981425,0,0.13926983549114733
ab-test-001855,0,0.013241890854816592,0,0.13926983549114733
ab-test-001856,0,0.0007843855350220083,0,0.13926983549114733
ab-test-001857,0,0.020782892215336697,0,0.13926983549114733
ab-test-001858,0,0.05788088498975478,0,0.13926983549114733
ab-test-001859,0,0.07726851413049632,0,0.13926983549114733
ab-test-001860,0,0.012206779570128784,0,0.13926983549114733
ab-test-001861,0,0.2503304500977543,1,0.13926983549114733
ab-test-001862,0,0.029042510937558243,0,0.13926983549114733
ab-test-001863,0,0.024708647375170867,0,0.13926983549114733
ab-test-001864,0,0.0006151443857497283,0,0.13926983549114733
ab-test-001865,0,0.018455355890503667,0,0.13926983549114733
ab-test-001866,0,0.10148195323764579,0,0.13926983549114733
ab-test-001867,0,0.021812903550628822,0,0.13926983549114733
ab-test-001868,0,0.0038647573905409905,0,0.13926983549114733
ab-test-001869,0,0.012422530170362713,0,0.13926983549114733
ab-test-001870,0,0.014359836530312083,0,0.13926983549114733
ab-test-001871,0,0.017977969865517387,0,0.13926983549114733
ab-test-001872,0,5.157571782043602e-07,0,0.13926983549114733
ab-test-001873,0,0.35996804439548447,1,0.13926983549114733
ab-test-001874,0,0.011131352190705072,0,0.13926983549114733
ab-test-001875,0,0.024796285665823262,0,0.13926983549114733
ab-test-001876,0,0.011540620011960503,0,0.13926983549114733
ab-test-001877,0,0.47288635216879266,1,0.13926983549114733
ab-test-001878,0,0.06433212139904904,0,0.13926983549114733
ab-test-001879,0,0.020121550796858692,0,0.13926983549114733
ab-test-001880,0,0.0216865998636373,0,0.13926983549114733
ab-test-001881,0,0.00050724449643149,0,0.13926983549114733
ab-test-001882,0,0.06917432349736939,0,0.13926983549114733
ab-test-001883,1,0.6431879079451764,1,0.13926983549114733
ab-test-001884,0,0.038093948863874176,0,0.13926983549114733
ab-test-001885,0,0.12714616363980863,0,0.13926983549114733
ab-test-001886,0,0.01354895995993633,0,0.13926983549114733
ab-test-001887,1,0.26162647019794133,1,0.13926983549114733
ab-test-001888,0,0.056029433342307845,0,0.13926983549114733
ab-test-001889,0,0.13645640323461175,0,0.13926983549114733
ab-test-001890,0,0.0008260107877298894,0,0.13926983549114733
ab-test-001891,0,0.6316320777787335,1,0.13926983549114733
ab-test-001892,0,0.007492134688611127,0,0.13926983549114733
ab-test-001893,1,0.04129926852911533,0,0.13926983549114733
ab-test-001894,0,0.17374397378124437,1,0.13926983549114733
ab-test-001895,1,0.06665201714217509,0,0.13926983549114733
ab-test-001896,0,0.02435751527240667,0,0.13926983549114733
ab-test-001897,0,0.013452822217470269,0,0.13926983549114733
ab-test-001898,0,0.015092216354814102,0,0.13926983549114733
ab-test-001899,0,0.010794551420401834,0,0.13926983549114733
ab-test-001900,0,0.00025267201936348587,0,0.13926983549114733
ab-test-001901,0,0.005855076805120312,0,0.13926983549114733
ab-test-001902,0,0.0043955844987641065,0,0.13926983549114733
ab-test-001903,0,0.008450194783466406,0,0.13926983549114733
ab-test-001904,1,0.08967937848442528,0,0.13926983549114733
ab-test-001905,0,0.0440216346749833,0,0.13926983549114733
ab-test-001906,0,0.014589354793290168,0,0.13926983549114733
ab-test-001907,0,0.0051332922097166766,0,0.13926983549114733
ab-test-001908,0,1.8899335112027957e-13,0,0.13926983549114733
ab-test-001909,0,0.13475914945846187,0,0.13926983549114733
ab-test-001910,0,0.29400218196620675,1,0.13926983549114733
ab-test-001911,0,0.006734105741183795,0,0.13926983549114733
ab-test-001912,1,0.2911410234397176,1,0.13926983549114733
ab-test-001913,0,0.15211990927727298,1,0.13926983549114733
ab-test-001914,0,0.011167940787042665,0,0.13926983549114733
ab-test-001915,0,0.15172728805231367,1,0.13926983549114733
