pair_id,label,probability,prediction,threshold
ab-test-000000,0,0.01394244292720705,0,0.9022531719136767
ab-test-000001,0,0.35794901160849585,0,0.9022531719136767
ab-test-000002,0,0.01874087839312888,0,0.9022531719136767
ab-test-000003,1,0.02845601763785785,0,0.9022531719136767
ab-test-000004,0,0.010962479038928894,0,0.9022531719136767
ab-test-000005,0,0.05251147786524646,0,0.9022531719136767
ab-test-000006,0,0.01791262162031858,0,0.9022531719136767
ab-test-000007,0,0.06990640762364864,0,0.9022531719136767
ab-test-000008,0,0.010310137002215829,0,0.9022531719136767
ab-test-000009,0,0.005503155230379546,0,0.9022531719136767
ab-test-000010,0,0.0015091348032019336,0,0.9022531719136767
ab-test-000011,0,0.008782650078279957,0,0.9022531719136767
ab-test-000012,0,0.010867423688116442,0,0.9022531719136767
ab-test-000013,0,0.08103285396042148,0,0.9022531719136767
ab-test-000014,0,0.04142769407939266,0,0.9022531719136767
ab-test-000015,0,0.0855912378759994,0,0.9022531719136767
ab-test-000016,0,0.03082363171577722,0,0.9022531719136767
ab-test-000017,0,0.041747557859947625,0,0.9022531719136767
ab-test-000018,0,0.11907143365546204,0,0.9022531719136767
ab-test-000019,0,0.0368847632359943,0,0.9022531719136767
ab-test-000020,0,0.09914275216283656,0,0.9022531719136767
ab-test-000021,0,0.011302336571943994,0,0.9022531719136767
ab-test-000022,0,0.014525031835371688,0,0.9022531719136767
ab-test-000023,0,0.05511087135244616,0,0.9022531719136767
ab-test-000024,0,0.02582104052129023,0,0.9022531719136767
ab-test-000025,0,0.009373939700819237,0,0.9022531719136767
ab-test-000026,1,0.8561091852957619,0,0.9022531719136767
ab-test-000027,0,0.015275264112231905,0,0.9022531719136767
ab-test-000028,0,0.003997488092066287,0,0.9022531719136767
ab-test-000029,0,0.5536000454606754,0,0.9022531719136767
ab-test-000030,0,0.00785013842163685,0,0.9022531719136767
ab-test-000031,0,0.01777705336620814,0,0.9022531719136767
ab-test-000032,0,0.003279284691303927,0,0.9022531719136767
ab-test-000033,0,0.13326306575719635,0,0.9022531719136767
ab-test-000034,0,0.226506404137494,0,0.9022531719136767
ab-test-000035,0,0.10943530279499752,0,0.9022531719136767
ab-test-000036,0,0.06569438046336515,0,0.9022531719136767
ab-test-000037,0,0.055218509585240404,0,0.9022531719136767
ab-test-000038,0,0.0035216546066428743,0,0.9022531719136767
ab-test-000039,0,0.02342941855888326,0,0.9022531719136767
ab-test-000040,0,0.04298437989546757,0,0.9022531719136767
ab-test-000041,0,0.40741092236494414,0,0.9022531719136767
ab-test-000042,0,0.0036418634935230978,0,0.9022531719136767
ab-test-000043,0,0.07607528796845782,0,0.9022531719136767
ab-test-000044,0,0.037268703163321364,0,0.9022531719136767
ab-test-000045,0,0.08609005687715002,0,0.9022531719136767
ab-test-000046,1,0.014213769850842096,0,0.9022531719136767
ab-test-000047,1,0.09712567344601003,0,0.9022531719136767
ab-test-000048,0,0.09204395990054977,0,0.9022531719136767
ab-test-000049,0,0.1353101239069102,0,0.9022531719136767
ab-test-000050,0,0.12003564087675259,0,0.9022531719136767
ab-test-000051,1,0.9676025009378992,1,0.9022531719136767
ab-test-000052,0,0.0311691032390438,0,0.9022531719136767
ab-test-000053,0,0.20860491708081141,0,0.9022531719136767
ab-test-000054,1,0.023155270878062593,0,0.9022531719136767
ab-test-000055,0,0.014725404981655544,0,0.9022531719136767
ab-test-000056,0,0.036728185797469136,0,0.9022531719136767
ab-test-000057,1,0.007191744661537015,0,0.9022531719136767
ab-test-000058,0,0.07989716561519895,0,0.9022531719136767
ab-test-000059,0,0.06536695717818147,0,0.9022531719136767
ab-test-000060,0,0.02622364614237599,0,0.9022531719136767
ab-test-000061,0,0.013030580943589287,0,0.9022531719136767
ab-test-000062,0,0.1363372855699023,0,0.9022531719136767
ab-test-000063,0,0.008359553248859489,0,0.9022531719136767
ab-test-000064,0,0.08432153501016355,0,0.9022531719136767
ab-test-000065,0,0.005315352909440184,0,0.9022531719136767
ab-test-000066,0,0.09224816962735835,0,0.9022531719136767
ab-test-000067,0,0.10447345493881265,0,0.9022531719136767
ab-test-000068,0,0.0025284044977482278,0,0.9022531719136767
ab-test-000069,0,0.8744818519509909,0,0.9022531719136767
ab-test-000070,0,0.06191561273796413,0,0.9022531719136767
ab-test-000071,0,0.006367101450882652,0,0.9022531719136767
ab-test-000072,0,0.13631134766104921,0,0.9022531719136767
ab-test-000073,0,0.06283925062012428,0,0.9022531719136767
ab-test-000074,0,0.006625583619166406,0,0.9022531719136767
ab-test-000075,0,0.04233023038225475,0,0.9022531719136767
ab-test-000076,0,0.2032079420924152,0,0.9022531719136767
ab-test-000077,0,0.014884010891646706,0,0.9022531719136767
ab-test-000078,0,0.0155498216927571,0,0.9022531719136767
ab-test-000079,0,0.038767086038206854,0,0.9022531719136767
ab-test-000080,0,0.1436202197715839,0,0.9022531719136767
ab-test-000081,1,0.2002770086023992,0,0.9022531719136767
ab-test-000082,0,0.12716770667896346,0,0.9022531719136767
ab-test-000083,0,0.10976419625525138,0,0.9022531719136767
ab-test-000084,0,0.0655896792738732,0,0.9022531719136767
ab-test-000085,0,0.017578782479670717,0,0.9022531719136767
ab-test-000086,0,0.6156075793011365,0,0.9022531719136767
ab-test-000087,0,0.004835436918889614,0,0.9022531719136767
ab-test-000088,0,0.18295452894877975,0,0.9022531719136767
ab-test-000089,0,0.027690271456567078,0,0.9022531719136767
ab-test-000090,0,0.017582804580612055,0,0.9022531719136767
ab-test-000091,0,0.0021195277796190997,0,0.9022531719136767
ab-test-000092,0,0.0049267608224642856,0,0.9022531719136767
ab-test-000093,0,0.008725485433213042,0,0.9022531719136767
ab-test-000094,0,0.012579374957182936,0,0.9022531719136767
ab-test-000095,0,0.06409705620057085,0,0.9022531719136767
ab-test-000096,0,0.01331929106505701,0,0.9022531719136767
ab-test-000097,0,0.2718191926328932,0,0.9022531719136767
ab-test-000098,0,0.006572077979150793,0,0.9022531719136767
ab-test-000099,0,0.041873564495697124,0,0.9022531719136767
ab-test-000100,0,0.0025196410559649445,0,0.9022531719136767
ab-test-000101,0,0.05201880067316237,0,0.9022531719136767
ab-test-000102,1,0.16684935688244137,0,0.9022531719136767
ab-test-000103,0,0.008117096441473723,0,0.9022531719136767
ab-test-000104,0,0.06974161611920883,0,0.9022531719136767
ab-test-000105,0,0.5155406890384431,0,0.9022531719136767
ab-test-000106,0,0.02682161481590235,0,0.9022531719136767
ab-test-000107,0,0.015994035821777042,0,0.9022531719136767
ab-test-000108,0,0.007267026160702106,0,0.9022531719136767
ab-test-000109,0,0.08287946849055461,0,0.9022531719136767
ab-test-000110,0,0.02314841409709157,0,0.9022531719136767
ab-test-000111,0,0.023042338111390653,0,0.9022531719136767
ab-test-000112,1,0.3541621387737377,0,0.9022531719136767
ab-test-000113,0,0.01100749862177208,0,0.9022531719136767
ab-test-000114,0,0.00993253218026191,0,0.9022531719136767
ab-test-000115,0,0.09620376698822314,0,0.9022531719136767
ab-test-000116,0,0.034901968306596635,0,0.9022531719136767
ab-test-000117,0,0.4226065545060587,0,0.9022531719136767
ab-test-000118,0,0.050899543275825895,0,0.9022531719136767
ab-test-000119,0,0.05890601595789014,0,0.9022531719136767
ab-test-000120,0,0.0045560939855904216,0,0.9022531719136767
ab-test-000121,0,0.014018819683043348,0,0.9022531719136767
ab-test-000122,0,0.07279284383191649,0,0.9022531719136767
ab-test-000123,0,0.004531434873277027,0,0.9022531719136767
ab-test-000124,1,0.009999370874065858,0,0.9022531719136767
ab-test-000125,0,0.07096819246281506,0,0.9022531719136767
ab-test-000126,1,0.7293164760115964,0,0.9022531719136767
ab-test-000127,1,0.018739946436681112,0,0.9022531719136767
ab-test-000128,0,0.1960002342604162,0,0.9022531719136767
ab-test-000129,0,0.0150202167307154,0,0.9022531719136767
ab-test-000130,0,0.0035268101652650924,0,0.9022531719136767
ab-test-000131,0,0.11323184068408539,0,0.9022531719136767
ab-test-000132,1,0.2798425898113903,0,0.9022531719136767
ab-test-000133,0,0.01405746572833012,0,0.9022531719136767
ab-test-000134,0,0.005022016296994331,0,0.9022531719136767
ab-test-000135,0,0.1696791788713532,0,0.9022531719136767
ab-test-000136,0,0.0074577429778502,0,0.9022531719136767
ab-test-000137,0,0.02622552475890681,0,0.9022531719136767
ab-test-000138,0,0.022117200328811613,0,0.9022531719136767
ab-test-000139,0,0.007207607394955383,0,0.9022531719136767
ab-test-000140,0,0.010591088801144873,0,0.9022531719136767
ab-test-000141,0,0.01941798753272169,0,0.9022531719136767
ab-test-000142,0,0.03220745973281373,0,0.9022531719136767
ab-test-000143,0,0.00397728701688851,0,0.9022531719136767
ab-test-000144,0,0.02023291380677909,0,0.9022531719136767
ab-test-000145,0,0.0043933004425023665,0,0.9022531719136767
ab-test-000146,0,0.012031126510022187,0,0.9022531719136767
ab-test-000147,0,0.05831038149053829,0,0.9022531719136767
ab-test-000148,0,0.119774349440813,0,0.9022531719136767
ab-test-000149,0,0.08451941012346981,0,0.9022531719136767
ab-test-000150,0,0.0031243111113025725,0,0.9022531719136767
ab-test-000151,1,0.3112688095497714,0,0.9022531719136767
ab-test-000152,0,0.351610195741743,0,0.9022531719136767
ab-test-000153,1,0.0028649051268084527,0,0.9022531719136767
ab-test-000154,0,0.24362516153535568,0,0.9022531719136767
ab-test-000155,1,0.2230631929860045,0,0.9022531719136767
ab-test-000156,0,0.10881490416338062,0,0.9022531719136767
ab-test-000157,0,0.009370767049103217,0,0.9022531719136767
ab-test-000158,0,0.00783830368509973,0,0.9022531719136767
ab-test-000159,0,0.1880786075228685,0,0.9022531719136767
ab-test-000160,1,0.004430583701602347,0,0.9022531719136767
ab-test-000161,0,0.01136397109946057,0,0.9022531719136767
ab-test-000162,0,0.0279691849467819,0,0.9022531719136767
ab-test-000163,1,0.007806886176804682,0,0.9022531719136767
ab-test-000164,0,0.01179826331984382,0,0.9022531719136767
ab-test-000165,0,0.021212890921642125,0,0.9022531719136767
ab-test-000166,0,0.7978929793386549,0,0.9022531719136767
ab-test-000167,0,0.03544085719882766,0,0.9022531719136767
ab-test-000168,0,0.060490549531466674,0,0.9022531719136767
ab-test-000169,0,0.23861211074042823,0,0.9022531719136767
ab-test-000170,0,0.04721723817358267,0,0.9022531719136767
ab-test-000171,0,0.4937790520257907,0,0.9022531719136767
ab-test-000172,0,0.008079265234552213,0,0.9022531719136767
ab-test-000173,0,0.11094854165910607,0,0.9022531719136767
ab-test-000174,0,0.03395514461637875,0,0.9022531719136767
ab-test-000175,0,0.015430529426263596,0,0.9022531719136767
ab-test-000176,0,0.0310196621598865,0,0.9022531719136767
ab-test-000177,0,0.03846573998527878,0,0.9022531719136767
ab-test-000178,1,0.027755135839260536,0,0.9022531719136767
ab-test-000179,0,0.019971428285889783,0,0.9022531719136767
ab-test-000180,0,0.2970299443865346,0,0.9022531719136767
ab-test-000181,1,0.1081583267771163,0,0.9022531719136767
ab-test-000182,0,0.020478152251315013,0,0.9022531719136767
ab-test-000183,0,0.029982606822832384,0,0.9022531719136767
ab-test-000184,1,0.01846245442430511,0,0.9022531719136767
ab-test-000185,0,0.0071546088690138615,0,0.9022531719136767
ab-test-000186,1,0.9560760470999057,1,0.9022531719136767
ab-test-000187,0,0.15779984685144277,0,0.9022531719136767
ab-test-000188,0,0.05906339887778088,0,0.9022531719136767
ab-test-000189,0,0.03927845522220847,0,0.9022531719136767
ab-test-000190,0,0.0194920144784434,0,0.9022531719136767
ab-test-000191,0,0.0261544197881956,0,0.9022531719136767
ab-test-000192,0,0.021856074209044767,0,0.9022531719136767
ab-test-000193,0,0.018396554641161064,0,0.9022531719136767
ab-test-000194,0,0.013146212026227734,0,0.9022531719136767
ab-test-000195,0,0.04634119258011661,0,0.9022531719136767
ab-test-000196,0,0.03707945241349146,0,0.9022531719136767
ab-test-000197,0,0.1547176655013499,0,0.9022531719136767
ab-test-000198,0,0.07706499099701382,0,0.9022531719136767
ab-test-000199,0,0.006826093511918153,0,0.9022531719136767
ab-test-000200,0,0.03801811502126014,0,0.9022531719136767
ab-test-000201,1,0.015133916406206658,0,0.9022531719136767
ab-test-000202,0,0.0032601007121307417,0,0.9022531719136767
ab-test-000203,0,0.07630491766052293,0,0.9022531719136767
ab-test-000204,0,0.3615843036570839,0,0.9022531719136767
ab-test-000205,1,0.9695671376781718,1,0.9022531719136767
ab-test-000206,0,0.09467816966189589,0,0.9022531719136767
ab-test-000207,0,0.1445182634460047,0,0.9022531719136767
ab-test-000208,1,0.5053321092080644,0,0.9022531719136767
ab-test-000209,0,0.013041850078865906,0,0.9022531719136767
ab-test-000210,0,0.00169738260383893,0,0.9022531719136767
ab-test-000211,0,0.012016395694050316,0,0.9022531719136767
ab-test-000212,0,0.0017307888193988444,0,0.9022531719136767
ab-test-000213,0,0.2274889274845017,0,0.9022531719136767
ab-test-000214,1,0.3076223222476531,0,0.9022531719136767
ab-test-000215,0,0.029592264566100496,0,0.9022531719136767
ab-test-000216,0,0.008353328084985375,0,0.9022531719136767
ab-test-000217,0,0.4824091209501777,0,0.9022531719136767
ab-test-000218,0,0.1064900425955119,0,0.9022531719136767
ab-test-000219,0,0.01941972119288072,0,0.9022531719136767
ab-test-000220,0,0.0046876182130108236,0,0.9022531719136767
ab-test-000221,0,0.03533178928250748,0,0.9022531719136767
ab-test-000222,0,0.009463239651706637,0,0.9022531719136767
ab-test-000223,0,0.0012729544572507602,0,0.9022531719136767
ab-test-000224,0,0.005592774274989664,0,0.9022531719136767
ab-test-000225,0,0.019530799885732586,0,0.9022531719136767
ab-test-000226,0,0.04141492252641426,0,0.9022531719136767
ab-test-000227,0,0.007784724082120535,0,0.9022531719136767
ab-test-000228,0,0.015652978109407297,0,0.9022531719136767
ab-test-000229,1,0.3787423016013473,0,0.9022531719136767
ab-test-000230,0,0.019446934860476137,0,0.9022531719136767
ab-test-000231,0,0.009239750370788617,0,0.9022531719136767
ab-test-000232,0,0.04015892784177929,0,0.9022531719136767
ab-test-000233,0,0.06503218708244521,0,0.9022531719136767
ab-test-000234,0,0.021199813132745354,0,0.9022531719136767
ab-test-000235,0,0.07403914231225044,0,0.9022531719136767
ab-test-000236,0,0.00589127728010382,0,0.9022531719136767
ab-test-000237,1,0.14562017443929368,0,0.9022531719136767
ab-test-000238,0,0.019489405647764222,0,0.9022531719136767
ab-test-000239,0,0.016680381014232252,0,0.9022531719136767
ab-test-000240,0,0.03922383396293759,0,0.9022531719136767
ab-test-000241,0,0.04047757763771265,0,0.9022531719136767
ab-test-000242,0,0.4432643880305159,0,0.9022531719136767
ab-test-000243,0,0.030544639105770408,0,0.9022531719136767
ab-test-000244,0,0.07161894662599268,0,0.9022531719136767
ab-test-000245,1,0.06878885371088755,0,0.9022531719136767
ab-test-000246,0,0.046585257321522994,0,0.9022531719136767
ab-test-000247,0,0.22129417225285986,0,0.9022531719136767
ab-test-000248,0,0.48882173415533126,0,0.9022531719136767
ab-test-000249,0,0.030080042382409446,0,0.9022531719136767
ab-test-000250,0,0.0798928278450296,0,0.9022531719136767
ab-test-000251,0,0.029528256878185402,0,0.9022531719136767
ab-test-000252,0,0.08129942338257104,0,0.9022531719136767
ab-test-000253,0,0.14064695485657802,0,0.9022531719136767
ab-test-000254,0,0.018167403126618534,0,0.9022531719136767
ab-test-000255,0,0.029970404849968945,0,0.9022531719136767
ab-test-000256,0,0.04388294317897123,0,0.9022531719136767
ab-test-000257,0,0.07382484026342426,0,0.9022531719136767
ab-test-000258,0,0.02341914425133638,0,0.9022531719136767
ab-test-000259,0,0.14315185008503648,0,0.9022531719136767
ab-test-000260,0,0.030156569088757454,0,0.9022531719136767
ab-test-000261,0,0.09652268659379719,0,0.9022531719136767
ab-test-000262,0,0.10139690122827844,0,0.9022531719136767
ab-test-000263,0,0.11837182597765203,0,0.9022531719136767
ab-test-000264,0,0.029893502795897357,0,0.9022531719136767
ab-test-000265,0,0.013852828113287313,0,0.9022531719136767
ab-test-000266,0,0.01160773660902093,0,0.9022531719136767
ab-test-000267,0,0.014370921113748339,0,0.9022531719136767
ab-test-000268,0,0.062419714607510016,0,0.9022531719136767
ab-test-000269,0,0.042719246868448184,0,0.9022531719136767
ab-test-000270,0,0.10734773695023064,0,0.9022531719136767
ab-test-000271,0,0.0871561680605285,0,0.9022531719136767
ab-test-000272,0,0.010562695336218963,0,0.9022531719136767
ab-test-000273,0,0.04417223386283585,0,0.9022531719136767
ab-test-000274,0,0.27177313072248693,0,0.9022531719136767
ab-test-000275,0,0.008394386487316744,0,0.9022531719136767
ab-test-000276,0,0.019776219709317307,0,0.9022531719136767
ab-test-000277,0,0.08755775877501015,0,0.9022531719136767
ab-test-000278,0,0.007767831491507085,0,0.9022531719136767
ab-test-000279,0,0.1128897387562506,0,0.9022531719136767
ab-test-000280,0,0.015465023887887662,0,0.9022531719136767
ab-test-000281,0,0.028536973802496684,0,0.9022531719136767
ab-test-000282,0,0.03983696224865177,0,0.9022531719136767
ab-test-000283,0,0.020905003012173108,0,0.9022531719136767
ab-test-000284,0,0.006655586638859959,0,0.9022531719136767
ab-test-000285,0,0.010367043875922806,0,0.9022531719136767
ab-test-000286,0,0.04200317057321965,0,0.9022531719136767
ab-test-000287,0,0.003839697042376471,0,0.9022531719136767
ab-test-000288,0,0.35337375939674276,0,0.9022531719136767
ab-test-000289,0,0.038901633514645366,0,0.9022531719136767
ab-test-000290,0,0.004393744577878141,0,0.9022531719136767
ab-test-000291,0,0.024702306801235033,0,0.9022531719136767
ab-test-000292,0,0.05728651739338432,0,0.9022531719136767
ab-test-000293,0,0.18490273759015777,0,0.9022531719136767
ab-test-000294,0,0.05175988618602384,0,0.9022531719136767
ab-test-000295,0,0.0036757016627360704,0,0.9022531719136767
ab-test-000296,1,0.6521089987704506,0,0.9022531719136767
ab-test-000297,0,0.021668711872251646,0,0.9022531719136767
ab-test-000298,0,0.08685425940655911,0,0.9022531719136767
ab-test-000299,0,0.06141223764674736,0,0.9022531719136767
ab-test-000300,0,0.052078733938530304,0,0.9022531719136767
ab-test-000301,0,0.3430630172591139,0,0.9022531719136767
ab-test-000302,0,0.010986201112446987,0,0.9022531719136767
ab-test-000303,0,0.014943293508876129,0,0.9022531719136767
ab-test-000304,0,0.02847674974977566,0,0.9022531719136767
ab-test-000305,0,0.14230790953476563,0,0.9022531719136767
ab-test-000306,0,0.15569911500968658,0,0.9022531719136767
ab-test-000307,1,0.03848256720338084,0,0.9022531719136767
ab-test-000308,1,0.4502944269523446,0,0.9022531719136767
ab-test-000309,0,0.04353682191906044,0,0.9022531719136767
ab-test-000310,0,0.007477485116051431,0,0.9022531719136767
ab-test-000311,1,0.043976536198681256,0,0.9022531719136767
ab-test-000312,0,0.007426456098515766,0,0.9022531719136767
ab-test-000313,0,0.2623879720899426,0,0.9022531719136767
ab-test-000314,1,0.9760627028959602,1,0.9022531719136767
ab-test-000315,0,0.10323593994711994,0,0.9022531719136767
ab-test-000316,0,0.3976124363356117,0,0.9022531719136767
ab-test-000317,0,0.06556161679075706,0,0.9022531719136767
ab-test-000318,1,0.19945563066519315,0,0.9022531719136767
ab-test-000319,0,0.007010753694845631,0,0.9022531719136767
ab-test-000320,0,0.019098936886155354,0,0.9022531719136767
ab-test-000321,0,0.005990371453326279,0,0.9022531719136767
ab-test-000322,0,0.011246094087416792,0,0.9022531719136767
ab-test-000323,0,0.003206858376064814,0,0.9022531719136767
ab-test-000324,0,0.7680720137985109,0,0.9022531719136767
ab-test-000325,0,0.020457884560507587,0,0.9022531719136767
ab-test-000326,0,0.6120660197397747,0,0.9022531719136767
ab-test-000327,0,0.005454707118898389,0,0.9022531719136767
ab-test-000328,0,0.01750248443458217,0,0.9022531719136767
ab-test-000329,1,0.03528723359149458,0,0.9022531719136767
ab-test-000330,0,0.1162828969241703,0,0.9022531719136767
ab-test-000331,1,0.7658955498396552,0,0.9022531719136767
ab-test-000332,0,0.07975292992417496,0,0.9022531719136767
ab-test-000333,0,0.03686757449371164,0,0.9022531719136767
ab-test-000334,0,0.1580795873379701,0,0.9022531719136767
ab-test-000335,0,0.051442922968750665,0,0.9022531719136767
ab-test-000336,0,0.7142215526462854,0,0.9022531719136767
ab-test-000337,1,0.1071757732563992,0,0.9022531719136767
ab-test-000338,0,0.0340633003658813,0,0.9022531719136767
ab-test-000339,0,0.02727364338324623,0,0.9022531719136767
ab-test-000340,0,0.016100626641492116,0,0.9022531719136767
ab-test-000341,0,0.08079784744313448,0,0.9022531719136767
ab-test-000342,0,0.024764033824421057,0,0.9022531719136767
ab-test-000343,0,0.7318476990134908,0,0.9022531719136767
ab-test-000344,0,0.017696788608775115,0,0.9022531719136767
ab-test-000345,0,0.04104805101342773,0,0.9022531719136767
ab-test-000346,1,0.050774903970711584,0,0.9022531719136767
ab-test-000347,0,0.004026387550205443,0,0.9022531719136767
ab-test-000348,0,0.10879270473854837,0,0.9022531719136767
ab-test-000349,0,0.007638031641705419,0,0.9022531719136767
ab-test-000350,0,0.007838143247641809,0,0.9022531719136767
ab-test-000351,0,0.10724817454776481,0,0.9022531719136767
ab-test-000352,0,0.01360498684628901,0,0.9022531719136767
ab-test-000353,0,0.002342604736168512,0,0.9022531719136767
ab-test-000354,0,0.007375108666768099,0,0.9022531719136767
ab-test-000355,0,0.007079426147946631,0,0.9022531719136767
ab-test-000356,0,0.01002585192739932,0,0.9022531719136767
ab-test-000357,0,0.579821890131145,0,0.9022531719136767
ab-test-000358,0,0.04748475235426886,0,0.9022531719136767
ab-test-000359,0,0.007323952108925567,0,0.9022531719136767
ab-test-000360,0,0.054095600936275696,0,0.9022531719136767
ab-test-000361,0,0.09963620749699993,0,0.9022531719136767
ab-test-000362,0,0.17080830295539765,0,0.9022531719136767
ab-test-000363,0,0.008641188139165286,0,0.9022531719136767
ab-test-000364,0,0.011190235053579578,0,0.9022531719136767
ab-test-000365,1,0.2351989464252165,0,0.9022531719136767
ab-test-000366,0,0.0032058655043905476,0,0.9022531719136767
ab-test-000367,0,0.008485207344851855,0,0.9022531719136767
ab-test-000368,0,0.07649413833389743,0,0.9022531719136767
ab-test-000369,0,0.015748367344746435,0,0.9022531719136767
ab-test-000370,0,0.03001425342998276,0,0.9022531719136767
ab-test-000371,1,0.7657815716891899,0,0.9022531719136767
ab-test-000372,0,0.0032037853796494245,0,0.9022531719136767
ab-test-000373,0,0.12760598445521307,0,0.9022531719136767
ab-test-000374,0,0.017259424627775657,0,0.9022531719136767
ab-test-000375,0,0.005787599541863285,0,0.9022531719136767
ab-test-000376,0,0.004851341387994587,0,0.9022531719136767
ab-test-000377,0,0.01763619375122413,0,0.9022531719136767
ab-test-000378,0,0.13009698229418454,0,0.9022531719136767
ab-test-000379,1,0.9166973030210162,1,0.9022531719136767
ab-test-000380,0,0.269514216497379,0,0.9022531719136767
ab-test-000381,0,0.03585801778846112,0,0.9022531719136767
ab-test-000382,0,0.025818863433687427,0,0.9022531719136767
ab-test-000383,0,0.22123965051187686,0,0.9022531719136767
ab-test-000384,1,0.18426029485759834,0,0.9022531719136767
ab-test-000385,0,0.006194633752619905,0,0.9022531719136767
ab-test-000386,0,0.7054307480175375,0,0.9022531719136767
ab-test-000387,0,0.057221710613755535,0,0.9022531719136767
ab-test-000388,0,0.04010269707753451,0,0.9022531719136767
ab-test-000389,1,0.18289063217959284,0,0.9022531719136767
ab-test-000390,0,0.036980807879600786,0,0.9022531719136767
ab-test-000391,0,0.18804776056063943,0,0.9022531719136767
ab-test-000392,0,0.02907536510896974,0,0.9022531719136767
ab-test-000393,0,0.10782373766270084,0,0.9022531719136767
ab-test-000394,0,0.023867426036201112,0,0.9022531719136767
ab-test-000395,0,0.025107701795034368,0,0.9022531719136767
ab-test-000396,0,0.39164372531214936,0,0.9022531719136767
ab-test-000397,0,0.011603628598232186,0,0.9022531719136767
ab-test-000398,0,0.031114479571955518,0,0.9022531719136767
ab-test-000399,1,0.04834623537046207,0,0.9022531719136767
ab-test-000400,0,0.004944256095311841,0,0.9022531719136767
ab-test-000401,1,0.3031456849006451,0,0.9022531719136767
ab-test-000402,1,0.034441659652995775,0,0.9022531719136767
ab-test-000403,0,0.1909008241853542,0,0.9022531719136767
ab-test-000404,1,0.07510495461922838,0,0.9022531719136767
ab-test-000405,0,0.0037430706338653697,0,0.9022531719136767
ab-test-000406,0,0.06376329567183629,0,0.9022531719136767
ab-test-000407,0,0.12856255047143916,0,0.9022531719136767
ab-test-000408,0,0.011502916823609913,0,0.9022531719136767
ab-test-000409,0,0.10824041584246359,0,0.9022531719136767
ab-test-000410,0,0.12590707485043381,0,0.9022531719136767
ab-test-000411,0,0.30587624797446544,0,0.9022531719136767
ab-test-000412,1,0.14754858542720872,0,0.9022531719136767
ab-test-000413,0,0.6350088101756927,0,0.9022531719136767
ab-test-000414,0,0.02458108091609085,0,0.9022531719136767
ab-test-000415,0,0.11467595066019376,0,0.9022531719136767
ab-test-000416,0,0.2691218354754373,0,0.9022531719136767
ab-test-000417,0,0.011819427587052194,0,0.9022531719136767
ab-test-000418,0,0.008155233092422894,0,0.9022531719136767
ab-test-000419,1,0.02528526794534173,0,0.9022531719136767
ab-test-000420,0,0.02804163137143589,0,0.9022531719136767
ab-test-000421,1,0.8346587025707813,0,0.9022531719136767
ab-test-000422,0,0.1701739783826925,0,0.9022531719136767
ab-test-000423,0,0.019102825135416144,0,0.9022531719136767
ab-test-000424,0,0.011760985837580838,0,0.9022531719136767
ab-test-000425,0,0.014456407676159981,0,0.9022531719136767
ab-test-000426,0,0.07536989500438972,0,0.9022531719136767
ab-test-000427,0,0.01201877918525231,0,0.9022531719136767
ab-test-000428,0,0.010620687430850439,0,0.9022531719136767
ab-test-000429,0,0.017651720696414717,0,0.9022531719136767
ab-test-000430,0,0.13236852812131358,0,0.9022531719136767
ab-test-000431,1,0.16455865488749458,0,0.9022531719136767
ab-test-000432,0,0.012884889972027287,0,0.9022531719136767
ab-test-000433,0,0.03990446046883316,0,0.9022531719136767
ab-test-000434,0,0.29378186504352616,0,0.9022531719136767
ab-test-000435,0,0.08511837024881062,0,0.9022531719136767
ab-test-000436,0,0.002631544282947458,0,0.9022531719136767
ab-test-000437,0,0.1066165674839885,0,0.9022531719136767
ab-test-000438,0,0.005657088607910775,0,0.9022531719136767
ab-test-000439,0,0.052029426770897974,0,0.9022531719136767
ab-test-000440,0,0.2641206247604502,0,0.9022531719136767
ab-test-000441,0,0.02499502439755921,0,0.9022531719136767
ab-test-000442,0,0.07874343626081655,0,0.9022531719136767
ab-test-000443,0,0.47349914128711035,0,0.9022531719136767
ab-test-000444,0,0.010722097993286871,0,0.9022531719136767
ab-test-000445,0,0.006428714195664002,0,0.9022531719136767
ab-test-000446,0,0.010795157884309113,0,0.9022531719136767
ab-test-000447,0,0.008710533892329694,0,0.9022531719136767
ab-test-000448,0,0.08123211117141863,0,0.9022531719136767
ab-test-000449,0,0.02423566124116714,0,0.9022531719136767
ab-test-000450,0,0.11591525379834702,0,0.9022531719136767
ab-test-000451,0,0.09693330696329905,0,0.9022531719136767
ab-test-000452,0,0.1548950901800674,0,0.9022531719136767
ab-test-000453,0,0.025004097787225205,0,0.9022531719136767
ab-test-000454,0,0.0014331130115212887,0,0.9022531719136767
ab-test-000455,0,0.03140017907586309,0,0.9022531719136767
ab-test-000456,0,0.005468561940967123,0,0.9022531719136767
ab-test-000457,0,0.009979721874318715,0,0.9022531719136767
ab-test-000458,0,0.0835123550797962,0,0.9022531719136767
ab-test-000459,0,0.4530358660217803,0,0.9022531719136767
ab-test-000460,0,0.018947891574003225,0,0.9022531719136767
ab-test-000461,0,0.1437872685320171,0,0.9022531719136767
ab-test-000462,0,0.03005464505118751,0,0.9022531719136767
ab-test-000463,0,0.009524965631280552,0,0.9022531719136767
ab-test-000464,0,0.06699199404590175,0,0.9022531719136767
ab-test-000465,0,0.030348826189928735,0,0.9022531719136767
ab-test-000466,0,0.03713844512603851,0,0.9022531719136767
ab-test-000467,0,0.014499393846649554,0,0.9022531719136767
ab-test-000468,0,0.0163493643539445,0,0.9022531719136767
ab-test-000469,0,0.020197093433750046,0,0.9022531719136767
ab-test-000470,0,0.05429994275763013,0,0.9022531719136767
ab-test-000471,0,0.5958943262684369,0,0.9022531719136767
ab-test-000472,0,0.23689010573973845,0,0.9022531719136767
ab-test-000473,0,0.04509879101211715,0,0.9022531719136767
ab-test-000474,1,0.4794984618318608,0,0.9022531719136767
ab-test-000475,0,0.02340798903141963,0,0.9022531719136767
ab-test-000476,0,0.026328957756254916,0,0.9022531719136767
ab-test-000477,0,0.08731169465698783,0,0.9022531719136767
ab-test-000478,0,0.006054823768519632,0,0.9022531719136767
ab-test-000479,0,0.04560703760042845,0,0.9022531719136767
ab-test-000480,0,0.014696123939677215,0,0.9022531719136767
ab-test-000481,0,0.10913390786883503,0,0.9022531719136767
ab-test-000482,0,0.0909243067936304,0,0.9022531719136767
ab-test-000483,0,0.0613884736394055,0,0.9022531719136767
ab-test-000484,0,0.003268621531541528,0,0.9022531719136767
ab-test-000485,0,0.08356318149317056,0,0.9022531719136767
ab-test-000486,0,0.004604682571419726,0,0.9022531719136767
ab-test-000487,0,0.08176463014478313,0,0.9022531719136767
ab-test-000488,0,0.004917864713112409,0,0.9022531719136767
ab-test-000489,0,0.2113537247841125,0,0.9022531719136767
ab-test-000490,0,0.0025168816165197965,0,0.9022531719136767
ab-test-000491,0,0.1019339171884721,0,0.9022531719136767
ab-test-000492,0,0.02957837182176346,0,0.9022531719136767
ab-test-000493,0,0.005328991045870822,0,0.9022531719136767
ab-test-000494,1,0.31063235245563203,0,0.9022531719136767
ab-test-000495,0,0.00802530025430895,0,0.9022531719136767
ab-test-000496,0,0.1356104151660371,0,0.9022531719136767
ab-test-000497,0,0.014315593809464811,0,0.9022531719136767
ab-test-000498,0,0.018104739916841823,0,0.9022531719136767
ab-test-000499,0,0.2985739322050802,0,0.9022531719136767
ab-test-000500,0,0.00926682880123524,0,0.9022531719136767
ab-test-000501,0,0.0045384755324175035,0,0.9022531719136767
ab-test-000502,1,0.4022298242483196,0,0.9022531719136767
ab-test-000503,0,0.028866298968211412,0,0.9022531719136767
ab-test-000504,1,0.01651380088371473,0,0.9022531719136767
ab-test-000505,0,0.0015261303934795902,0,0.9022531719136767
ab-test-000506,0,0.026851816472978185,0,0.9022531719136767
ab-test-000507,0,0.03184736933434272,0,0.9022531719136767
ab-test-000508,1,0.002877644706865901,0,0.9022531719136767
ab-test-000509,0,0.010624872990027578,0,0.9022531719136767
ab-test-000510,0,0.10696354550703814,0,0.9022531719136767
ab-test-000511,0,0.0039026657910659996,0,0.9022531719136767
ab-test-000512,0,0.13982858652463562,0,0.9022531719136767
ab-test-000513,0,0.020374431461378895,0,0.9022531719136767
ab-test-000514,0,0.013290012085193677,0,0.9022531719136767
ab-test-000515,0,0.15245936710890678,0,0.9022531719136767
ab-test-000516,0,0.34674588118885946,0,0.9022531719136767
ab-test-000517,0,0.183314399765884,0,0.9022531719136767
ab-test-000518,0,0.05850398748833087,0,0.9022531719136767
ab-test-000519,1,0.031190493121259516,0,0.9022531719136767
ab-test-000520,0,0.040347162700242974,0,0.9022531719136767
ab-test-000521,0,0.0019433932399793154,0,0.9022531719136767
ab-test-000522,0,0.1067090417088926,0,0.9022531719136767
ab-test-000523,1,0.38066821651140414,0,0.9022531719136767
ab-test-000524,0,0.016755166927537864,0,0.9022531719136767
ab-test-000525,0,0.1638934045078356,0,0.9022531719136767
ab-test-000526,0,0.4328809565020605,0,0.9022531719136767
ab-test-000527,1,0.39844906266457875,0,0.9022531719136767
ab-test-000528,0,0.022891600490805956,0,0.9022531719136767
ab-test-000529,0,0.07238898544205047,0,0.9022531719136767
ab-test-000530,0,0.030492775492932247,0,0.9022531719136767
ab-test-000531,0,0.017133099430609092,0,0.9022531719136767
ab-test-000532,0,0.08672883370996806,0,0.9022531719136767
ab-test-000533,0,0.10190135997568546,0,0.9022531719136767
ab-test-000534,0,0.02915767275939372,0,0.9022531719136767
ab-test-000535,0,0.00839109092771286,0,0.9022531719136767
ab-test-000536,0,0.053278190194904144,0,0.9022531719136767
ab-test-000537,0,0.009756296002475436,0,0.9022531719136767
ab-test-000538,0,0.009627956524223194,0,0.9022531719136767
ab-test-000539,0,0.009763804276655646,0,0.9022531719136767
ab-test-000540,0,0.005889728630850353,0,0.9022531719136767
ab-test-000541,0,0.05021583378557024,0,0.9022531719136767
ab-test-000542,0,0.48716321310291993,0,0.9022531719136767
ab-test-000543,0,0.023269581469637084,0,0.9022531719136767
ab-test-000544,1,0.027987038449141927,0,0.9022531719136767
ab-test-000545,0,0.3597420221977895,0,0.9022531719136767
ab-test-000546,0,0.7966565580398237,0,0.9022531719136767
ab-test-000547,1,0.0044324781762130425,0,0.9022531719136767
ab-test-000548,1,0.44866125146859004,0,0.9022531719136767
ab-test-000549,0,0.11054343215640441,0,0.9022531719136767
ab-test-000550,0,0.04625411612446142,0,0.9022531719136767
ab-test-000551,0,0.2791575888694206,0,0.9022531719136767
ab-test-000552,0,0.004027137010769825,0,0.9022531719136767
ab-test-000553,0,0.8896083250411204,0,0.9022531719136767
ab-test-000554,0,0.00441606710894493,0,0.9022531719136767
ab-test-000555,0,0.009137325584458018,0,0.9022531719136767
ab-test-000556,0,0.012597162556801971,0,0.9022531719136767
ab-test-000557,0,0.01745147313978089,0,0.9022531719136767
ab-test-000558,0,0.002579700861169868,0,0.9022531719136767
ab-test-000559,0,0.00748579721345039,0,0.9022531719136767
ab-test-000560,0,0.008144946990310716,0,0.9022531719136767
ab-test-000561,0,0.009799001671224225,0,0.9022531719136767
ab-test-000562,1,0.13335541461980013,0,0.9022531719136767
ab-test-000563,0,0.021516973729086952,0,0.9022531719136767
ab-test-000564,0,0.025856125695748283,0,0.9022531719136767
ab-test-000565,0,0.06847759781724762,0,0.9022531719136767
ab-test-000566,0,0.08634896897832041,0,0.9022531719136767
ab-test-000567,1,0.47804179876236685,0,0.9022531719136767
ab-test-000568,0,0.028945832276553583,0,0.9022531719136767
ab-test-000569,0,0.023207077932545405,0,0.9022531719136767
ab-test-000570,0,0.0022423669607932314,0,0.9022531719136767
ab-test-000571,0,0.026941987924847987,0,0.9022531719136767
ab-test-000572,0,0.004195672588129462,0,0.9022531719136767
ab-test-000573,0,0.018699343960341362,0,0.9022531719136767
ab-test-000574,0,0.06816464795592034,0,0.9022531719136767
ab-test-000575,0,0.3128120752383414,0,0.9022531719136767
ab-test-000576,0,0.012540436190467285,0,0.9022531719136767
ab-test-000577,0,0.028938911699161043,0,0.9022531719136767
ab-test-000578,0,0.05327655673362402,0,0.9022531719136767
ab-test-000579,0,0.019927057927739508,0,0.9022531719136767
ab-test-000580,0,0.40736011933192734,0,0.9022531719136767
ab-test-000581,0,0.011963451945033841,0,0.9022531719136767
ab-test-000582,0,0.04777823966749207,0,0.9022531719136767
ab-test-000583,0,0.007798786158576358,0,0.9022531719136767
ab-test-000584,0,0.06930332274019482,0,0.9022531719136767
ab-test-000585,0,0.08655562056726565,0,0.9022531719136767
ab-test-000586,0,0.019652203028678712,0,0.9022531719136767
ab-test-000587,0,0.016099538452343243,0,0.9022531719136767
ab-test-000588,0,0.007298091075316701,0,0.9022531719136767
ab-test-000589,0,0.03793745092734723,0,0.9022531719136767
ab-test-000590,0,0.02739880013161726,0,0.9022531719136767
ab-test-000591,0,0.05668302592084684,0,0.9022531719136767
ab-test-000592,0,0.005161214801094638,0,0.9022531719136767
ab-test-000593,0,0.0033000142192186645,0,0.9022531719136767
ab-test-000594,0,0.22990115908540687,0,0.9022531719136767
ab-test-000595,0,0.15729827459643822,0,0.9022531719136767
ab-test-000596,0,0.8816633040979958,0,0.9022531719136767
ab-test-000597,1,0.37176971860823094,0,0.9022531719136767
ab-test-000598,0,0.013011494643989383,0,0.9022531719136767
ab-test-000599,0,0.4732607437421878,0,0.9022531719136767
ab-test-000600,0,0.05607903794468287,0,0.9022531719136767
ab-test-000601,0,0.005687752590315592,0,0.9022531719136767
ab-test-000602,0,0.02488287582953235,0,0.9022531719136767
ab-test-000603,0,0.009548433705389249,0,0.9022531719136767
ab-test-000604,0,0.6845888759253156,0,0.9022531719136767
ab-test-000605,0,0.024324753879190884,0,0.9022531719136767
ab-test-000606,0,0.01910659149853033,0,0.9022531719136767
ab-test-000607,0,0.967211070712822,1,0.9022531719136767
ab-test-000608,0,0.40372674335160835,0,0.9022531719136767
ab-test-000609,0,0.008975036488041056,0,0.9022531719136767
ab-test-000610,0,0.07000360327265578,0,0.9022531719136767
ab-test-000611,0,0.016698969416373718,0,0.9022531719136767
ab-test-000612,0,0.32423141447205117,0,0.9022531719136767
ab-test-000613,1,0.5698406345942512,0,0.9022531719136767
ab-test-000614,0,0.16647163776436016,0,0.9022531719136767
ab-test-000615,0,0.03633521840596025,0,0.9022531719136767
ab-test-000616,0,0.009463901495440366,0,0.9022531719136767
ab-test-000617,0,0.004289261445501186,0,0.9022531719136767
ab-test-000618,1,0.6371482996646203,0,0.9022531719136767
ab-test-000619,0,0.06085866170031786,0,0.9022531719136767
ab-test-000620,0,0.0019424398045477206,0,0.9022531719136767
ab-test-000621,0,0.4371783898183504,0,0.9022531719136767
ab-test-000622,0,0.3545545188122033,0,0.9022531719136767
ab-test-000623,0,0.005359237615386394,0,0.9022531719136767
ab-test-000624,1,0.09854112781775774,0,0.9022531719136767
ab-test-000625,0,0.013371655024467573,0,0.9022531719136767
ab-test-000626,0,0.44693390118091614,0,0.9022531719136767
ab-test-000627,0,0.011602348188410713,0,0.9022531719136767
ab-test-000628,0,0.19925328327636105,0,0.9022531719136767
ab-test-000629,0,0.006686636794267782,0,0.9022531719136767
ab-test-000630,0,0.06878511337518754,0,0.9022531719136767
ab-test-000631,0,0.012046093734086527,0,0.9022531719136767
ab-test-000632,1,0.75058916296273,0,0.9022531719136767
ab-test-000633,0,0.007994713964009595,0,0.9022531719136767
ab-test-000634,0,0.023309870269186725,0,0.9022531719136767
ab-test-000635,0,0.030375519504147366,0,0.9022531719136767
ab-test-000636,0,0.10416274722695308,0,0.9022531719136767
ab-test-000637,0,0.20253217020605238,0,0.9022531719136767
ab-test-000638,0,0.004411813287042519,0,0.9022531719136767
ab-test-000639,0,0.05839406283687865,0,0.9022531719136767
ab-test-000640,0,0.027150896169572534,0,0.9022531719136767
ab-test-000641,1,0.038894459165310355,0,0.9022531719136767
ab-test-000642,0,0.09370658746284417,0,0.9022531719136767
ab-test-000643,0,0.0005055336772645155,0,0.9022531719136767
ab-test-000644,0,0.00811958589550586,0,0.9022531719136767
ab-test-000645,0,0.029142902649533058,0,0.9022531719136767
ab-test-000646,0,0.0012634477484280465,0,0.9022531719136767
ab-test-000647,1,0.2550407540635495,0,0.9022531719136767
ab-test-000648,0,0.013014940008267802,0,0.9022531719136767
ab-test-000649,0,0.02668861658482674,0,0.9022531719136767
ab-test-000650,0,0.036728185797469136,0,0.9022531719136767
ab-test-000651,0,0.00575601515081811,0,0.9022531719136767
ab-test-000652,0,0.013758966706077552,0,0.9022531719136767
ab-test-000653,0,0.029130153129534285,0,0.9022531719136767
ab-test-000654,0,0.006401203256840677,0,0.9022531719136767
ab-test-000655,0,0.00885090298932562,0,0.9022531719136767
ab-test-000656,0,0.37785243590819384,0,0.9022531719136767
ab-test-000657,0,0.09590420695170579,0,0.9022531719136767
ab-test-000658,0,0.004848703975916822,0,0.9022531719136767
ab-test-000659,1,0.0495356683165149,0,0.9022531719136767
ab-test-000660,0,0.018140911918286987,0,0.9022531719136767
ab-test-000661,0,0.1577882978759457,0,0.9022531719136767
ab-test-000662,0,0.0513552379497551,0,0.9022531719136767
ab-test-000663,0,0.03596075704579402,0,0.9022531719136767
ab-test-000664,0,0.010716925039775253,0,0.9022531719136767
ab-test-000665,1,0.501327459369789,0,0.9022531719136767
ab-test-000666,0,0.02642348490501684,0,0.9022531719136767
ab-test-000667,1,0.01669882475069796,0,0.9022531719136767
ab-test-000668,0,0.08324019975431499,0,0.9022531719136767
ab-test-000669,0,0.05645265022878052,0,0.9022531719136767
ab-test-000670,0,0.14675092142474327,0,0.9022531719136767
ab-test-000671,0,0.06466189915434506,0,0.9022531719136767
ab-test-000672,0,0.0034400981701694228,0,0.9022531719136767
ab-test-000673,1,0.10072925290546786,0,0.9022531719136767
ab-test-000674,0,0.15981856636139777,0,0.9022531719136767
ab-test-000675,0,0.0742138189631905,0,0.9022531719136767
ab-test-000676,0,0.0027786058372256525,0,0.9022531719136767
ab-test-000677,0,0.06512648797676143,0,0.9022531719136767
ab-test-000678,0,0.0331496298656743,0,0.9022531719136767
ab-test-000679,1,0.9205936632318151,1,0.9022531719136767
ab-test-000680,1,0.019490178599036168,0,0.9022531719136767
ab-test-000681,0,0.04935973977840979,0,0.9022531719136767
ab-test-000682,0,0.07595609492226701,0,0.9022531719136767
ab-test-000683,0,0.02738774557739629,0,0.9022531719136767
ab-test-000684,0,0.007578231075808296,0,0.9022531719136767
ab-test-000685,0,0.2401940016146641,0,0.9022531719136767
ab-test-000686,1,0.5250426887939151,0,0.9022531719136767
ab-test-000687,0,0.06229616361562664,0,0.9022531719136767
ab-test-000688,0,0.07235257701837318,0,0.9022531719136767
ab-test-000689,0,0.10007807571790875,0,0.9022531719136767
ab-test-000690,0,0.11412838198848695,0,0.9022531719136767
ab-test-000691,0,0.012308876093156828,0,0.9022531719136767
ab-test-000692,0,0.007597333708047063,0,0.9022531719136767
ab-test-000693,0,0.024090901148114862,0,0.9022531719136767
ab-test-000694,0,0.12321593030864987,0,0.9022531719136767
ab-test-000695,0,0.006238190684290836,0,0.9022531719136767
ab-test-000696,0,0.02483847996536693,0,0.9022531719136767
ab-test-000697,0,0.04133149492451754,0,0.9022531719136767
ab-test-000698,0,0.11188112974150166,0,0.9022531719136767
ab-test-000699,0,0.015106206721317272,0,0.9022531719136767
ab-test-000700,0,0.0041335197515607785,0,0.9022531719136767
ab-test-000701,0,0.11872620429947758,0,0.9022531719136767
ab-test-000702,0,0.0381279627248917,0,0.9022531719136767
ab-test-000703,0,0.0037775448771551296,0,0.9022531719136767
ab-test-000704,0,0.006403554682557033,0,0.9022531719136767
ab-test-000705,0,0.16099202768375334,0,0.9022531719136767
ab-test-000706,0,0.030671412861004124,0,0.9022531719136767
ab-test-000707,0,0.6387378866450102,0,0.9022531719136767
ab-test-000708,0,0.024826918262041572,0,0.9022531719136767
ab-test-000709,0,0.04376386944114694,0,0.9022531719136767
ab-test-000710,0,0.004536257375513622,0,0.9022531719136767
ab-test-000711,0,0.29586479516624603,0,0.9022531719136767
ab-test-000712,0,0.01508102350376286,0,0.9022531719136767
ab-test-000713,0,0.007681202543927395,0,0.9022531719136767
ab-test-000714,1,0.015342313651666693,0,0.9022531719136767
ab-test-000715,0,0.003125573419863057,0,0.9022531719136767
ab-test-000716,0,0.02588333495630013,0,0.9022531719136767
ab-test-000717,0,0.21122335394456404,0,0.9022531719136767
ab-test-000718,0,0.007349034052549979,0,0.9022531719136767
ab-test-000719,0,0.010962479038928894,0,0.9022531719136767
ab-test-000720,0,0.007438138483673115,0,0.9022531719136767
ab-test-000721,0,0.038668074661203686,0,0.9022531719136767
ab-test-000722,1,0.09905648837570274,0,0.9022531719136767
ab-test-000723,0,0.4904342478955983,0,0.9022531719136767
ab-test-000724,1,0.2820866209346937,0,0.9022531719136767
ab-test-000725,1,0.01680357237469858,0,0.9022531719136767
ab-test-000726,0,0.01707724868959281,0,0.9022531719136767
ab-test-000727,0,0.23752719715114348,0,0.9022531719136767
ab-test-000728,0,0.032168332456874504,0,0.9022531719136767
ab-test-000729,0,0.04333703890512337,0,0.9022531719136767
ab-test-000730,0,0.024484525105369203,0,0.9022531719136767
ab-test-000731,0,0.01599449612286431,0,0.9022531719136767
ab-test-000732,0,0.00663456762673962,0,0.9022531719136767
ab-test-000733,0,0.007358941606613821,0,0.9022531719136767
ab-test-000734,0,0.0037134950797284043,0,0.9022531719136767
ab-test-000735,1,0.0896683999291192,0,0.9022531719136767
ab-test-000736,0,0.01923119269561586,0,0.9022531719136767
ab-test-000737,0,0.06554321040426575,0,0.9022531719136767
ab-test-000738,0,0.03113818995022703,0,0.9022531719136767
ab-test-000739,0,0.003116495126147043,0,0.9022531719136767
ab-test-000740,0,0.022396683746857955,0,0.9022531719136767
ab-test-000741,0,0.014950785211867549,0,0.9022531719136767
ab-test-000742,0,0.01610153673535197,0,0.9022531719136767
ab-test-000743,0,0.05486051607643076,0,0.9022531719136767
ab-test-000744,0,0.01035688582531243,0,0.9022531719136767
ab-test-000745,1,0.46958591197214494,0,0.9022531719136767
ab-test-000746,1,0.3869590955758163,0,0.9022531719136767
ab-test-000747,0,0.13120245994958823,0,0.9022531719136767
ab-test-000748,0,0.006686883716399664,0,0.9022531719136767
ab-test-000749,0,0.011331620236730964,0,0.9022531719136767
ab-test-000750,1,0.7835535647025954,0,0.9022531719136767
ab-test-000751,0,0.006807125428176786,0,0.9022531719136767
ab-test-000752,0,0.011265146336551542,0,0.9022531719136767
ab-test-000753,0,0.10735603507914072,0,0.9022531719136767
ab-test-000754,0,0.00787313846378071,0,0.9022531719136767
ab-test-000755,0,0.040962907262059325,0,0.9022531719136767
ab-test-000756,0,0.010102801129462722,0,0.9022531719136767
ab-test-000757,0,0.0014394653049103544,0,0.9022531719136767
ab-test-000758,0,0.16101847469101405,0,0.9022531719136767
ab-test-000759,0,0.012030189391717858,0,0.9022531719136767
ab-test-000760,0,0.03158811823128189,0,0.9022531719136767
ab-test-000761,0,0.00901149890717459,0,0.9022531719136767
ab-test-000762,0,0.0169605019973184,0,0.9022531719136767
ab-test-000763,0,0.014854130198085225,0,0.9022531719136767
ab-test-000764,0,0.023494168816014273,0,0.9022531719136767
ab-test-000765,0,0.05402602845515215,0,0.9022531719136767
ab-test-000766,0,0.2591775266514448,0,0.9022531719136767
ab-test-000767,0,0.09963264118183485,0,0.9022531719136767
ab-test-000768,0,0.008512696065010036,0,0.9022531719136767
ab-test-000769,0,0.04885514860267946,0,0.9022531719136767
ab-test-000770,0,0.0037015768134195316,0,0.9022531719136767
ab-test-000771,0,0.09488251208871329,0,0.9022531719136767
ab-test-000772,1,0.3133607273378997,0,0.9022531719136767
ab-test-000773,0,0.0059759784861855595,0,0.9022531719136767
ab-test-000774,0,0.00038625985756808834,0,0.9022531719136767
ab-test-000775,0,0.00473784263051183,0,0.9022531719136767
ab-test-000776,0,0.28192507750533546,0,0.9022531719136767
ab-test-000777,0,0.1740184151522372,0,0.9022531719136767
ab-test-000778,0,0.05873935940908863,0,0.9022531719136767
ab-test-000779,0,0.0030095816406691405,0,0.9022531719136767
ab-test-000780,0,0.026503942746940158,0,0.9022531719136767
ab-test-000781,0,0.007508633230893302,0,0.9022531719136767
ab-test-000782,0,0.0442176748865951,0,0.9022531719136767
ab-test-000783,0,0.12734262183409467,0,0.9022531719136767
ab-test-000784,0,0.0021460997106275866,0,0.9022531719136767
ab-test-000785,0,0.023065808088141994,0,0.9022531719136767
ab-test-000786,0,0.009347422040859874,0,0.9022531719136767
ab-test-000787,0,0.05485203156149779,0,0.9022531719136767
ab-test-000788,0,0.04728492309808547,0,0.9022531719136767
ab-test-000789,0,0.1168682995407915,0,0.9022531719136767
ab-test-000790,0,0.005346102609897654,0,0.9022531719136767
ab-test-000791,0,0.0021297909854044706,0,0.9022531719136767
ab-test-000792,0,0.016443283469902287,0,0.9022531719136767
ab-test-000793,0,0.0026988714367587106,0,0.9022531719136767
ab-test-000794,1,0.05818968351532215,0,0.9022531719136767
ab-test-000795,0,0.002147385959433785,0,0.9022531719136767
ab-test-000796,0,0.018720227920645215,0,0.9022531719136767
ab-test-000797,0,0.03324450321609279,0,0.9022531719136767
ab-test-000798,0,0.008826555199022037,0,0.9022531719136767
ab-test-000799,0,0.03943608899605239,0,0.9022531719136767
ab-test-000800,0,0.018447179935198725,0,0.9022531719136767
ab-test-000801,0,0.01686061654722385,0,0.9022531719136767
ab-test-000802,0,0.05901880478201535,0,0.9022531719136767
ab-test-000803,0,0.08340279755396429,0,0.9022531719136767
ab-test-000804,0,0.003232614068638175,0,0.9022531719136767
ab-test-000805,1,0.5254279699091773,0,0.9022531719136767
ab-test-000806,0,0.008729414541682376,0,0.9022531719136767
ab-test-000807,0,0.010300557738498674,0,0.9022531719136767
ab-test-000808,0,0.005533315961073298,0,0.9022531719136767
ab-test-000809,0,0.21103448651373014,0,0.9022531719136767
ab-test-000810,0,0.05508434251450303,0,0.9022531719136767
ab-test-000811,0,0.0028908068573065687,0,0.9022531719136767
ab-test-000812,1,0.06532847355695573,0,0.9022531719136767
ab-test-000813,0,0.018443246495997028,0,0.9022531719136767
ab-test-000814,0,0.01516149623170888,0,0.9022531719136767
ab-test-000815,0,0.015425589790646033,0,0.9022531719136767
ab-test-000816,0,0.03950053419952939,0,0.9022531719136767
ab-test-000817,0,0.09775001583821122,0,0.9022531719136767
ab-test-000818,0,0.19345835928642824,0,0.9022531719136767
ab-test-000819,0,0.16485491258903873,0,0.9022531719136767
ab-test-000820,0,0.07764712063450284,0,0.9022531719136767
ab-test-000821,0,0.09582910043403811,0,0.9022531719136767
ab-test-000822,0,0.0022088010163949638,0,0.9022531719136767
ab-test-000823,1,0.01914533617699965,0,0.9022531719136767
ab-test-000824,0,0.07975995296400828,0,0.9022531719136767
ab-test-000825,0,0.06081820404892851,0,0.9022531719136767
ab-test-000826,0,0.03125753616435456,0,0.9022531719136767
ab-test-000827,0,0.017816879356900944,0,0.9022531719136767
ab-test-000828,1,0.3315498459625702,0,0.9022531719136767
ab-test-000829,0,0.018758120358836835,0,0.9022531719136767
ab-test-000830,0,0.02064001122762877,0,0.9022531719136767
ab-test-000831,0,0.008528515381780408,0,0.9022531719136767
ab-test-000832,0,0.027041855531347348,0,0.9022531719136767
ab-test-000833,0,0.1338865794234642,0,0.9022531719136767
ab-test-000834,1,0.2926831504756402,0,0.9022531719136767
ab-test-000835,0,0.0801422282741369,0,0.9022531719136767
ab-test-000836,0,0.11667445057330289,0,0.9022531719136767
ab-test-000837,0,0.009313254481058164,0,0.9022531719136767
ab-test-000838,0,0.212318320767361,0,0.9022531719136767
ab-test-000839,1,0.43705580371368374,0,0.9022531719136767
ab-test-000840,0,0.035504030721238346,0,0.9022531719136767
ab-test-000841,0,0.06352340349723883,0,0.9022531719136767
ab-test-000842,0,0.014012117158027507,0,0.9022531719136767
ab-test-000843,0,0.04739996407337422,0,0.9022531719136767
ab-test-000844,0,0.002139726896583346,0,0.9022531719136767
ab-test-000845,0,0.008391334593927267,0,0.9022531719136767
ab-test-000846,0,0.04990362671338959,0,0.9022531719136767
ab-test-000847,0,0.00819439161672171,0,0.9022531719136767
ab-test-000848,0,0.19720657943844888,0,0.9022531719136767
ab-test-000849,0,0.037986152470125836,0,0.9022531719136767
ab-test-000850,0,0.3185562782488648,0,0.9022531719136767
ab-test-000851,0,0.059386979220914175,0,0.9022531719136767
ab-test-000852,0,0.013901111491949345,0,0.9022531719136767
ab-test-000853,0,0.005159950594848912,0,0.9022531719136767
ab-test-000854,0,0.005911888552018346,0,0.9022531719136767
ab-test-000855,0,0.027995815299448827,0,0.9022531719136767
ab-test-000856,0,0.059203856628695595,0,0.9022531719136767
ab-test-000857,0,0.020037468108548746,0,0.9022531719136767
ab-test-000858,0,0.22441165656044706,0,0.9022531719136767
ab-test-000859,0,0.0104854004575458,0,0.9022531719136767
ab-test-000860,0,0.013972160620504092,0,0.9022531719136767
ab-test-000861,0,0.003147149066585696,0,0.9022531719136767
ab-test-000862,0,0.02801517328061949,0,0.9022531719136767
ab-test-000863,0,0.04534154834597162,0,0.9022531719136767
ab-test-000864,0,0.39605875886186487,0,0.9022531719136767
ab-test-000865,0,0.017242504707966153,0,0.9022531719136767
ab-test-000866,1,0.187253618411876,0,0.9022531719136767
ab-test-000867,0,0.033367993948093894,0,0.9022531719136767
ab-test-000868,0,0.033038769553111524,0,0.9022531719136767
ab-test-000869,0,0.05325970818439767,0,0.9022531719136767
ab-test-000870,0,0.027729124606606582,0,0.9022531719136767
ab-test-000871,0,0.015134790761425855,0,0.9022531719136767
ab-test-000872,1,0.034403859179474625,0,0.9022531719136767
ab-test-000873,0,0.133282098355404,0,0.9022531719136767
ab-test-000874,0,0.01912860611029179,0,0.9022531719136767
ab-test-000875,0,0.001154516788233515,0,0.9022531719136767
ab-test-000876,0,0.08149475167963802,0,0.9022531719136767
ab-test-000877,0,0.17109497649961442,0,0.9022531719136767
ab-test-000878,0,0.10353734274603797,0,0.9022531719136767
ab-test-000879,0,0.1279287613141226,0,0.9022531719136767
ab-test-000880,0,0.06372392338430927,0,0.9022531719136767
ab-test-000881,0,0.08749951521926827,0,0.9022531719136767
ab-test-000882,0,0.053083697015264525,0,0.9022531719136767
ab-test-000883,0,0.004386450219561907,0,0.9022531719136767
ab-test-000884,1,0.08104499603546776,0,0.9022531719136767
ab-test-000885,0,0.030327490293598557,0,0.9022531719136767
ab-test-000886,0,0.026209408635022177,0,0.9022531719136767
ab-test-000887,0,0.025366645883984112,0,0.9022531719136767
ab-test-000888,0,0.01915623768651252,0,0.9022531719136767
ab-test-000889,0,0.01074576613228297,0,0.9022531719136767
ab-test-000890,0,0.29416224360206183,0,0.9022531719136767
ab-test-000891,0,0.02638752841176016,0,0.9022531719136767
ab-test-000892,0,0.012718540927867599,0,0.9022531719136767
ab-test-000893,0,0.0953720886177719,0,0.9022531719136767
ab-test-000894,0,0.05830494999471919,0,0.9022531719136767
ab-test-000895,0,0.0724175608336839,0,0.9022531719136767
ab-test-000896,0,0.02522525742645662,0,0.9022531719136767
ab-test-000897,1,0.9241799732804064,1,0.9022531719136767
ab-test-000898,1,0.17008467930899013,0,0.9022531719136767
ab-test-000899,0,0.3870691376302453,0,0.9022531719136767
ab-test-000900,0,0.0221693907578135,0,0.9022531719136767
ab-test-000901,0,0.010558004540658191,0,0.9022531719136767
ab-test-000902,0,0.045371979214911276,0,0.9022531719136767
ab-test-000903,0,0.018543382401112137,0,0.9022531719136767
ab-test-000904,0,0.5987962228874497,0,0.9022531719136767
ab-test-000905,0,0.047371336004031345,0,0.9022531719136767
ab-test-000906,0,0.0021062503046725615,0,0.9022531719136767
ab-test-000907,0,0.012795063552957724,0,0.9022531719136767
ab-test-000908,1,0.03211589545168399,0,0.9022531719136767
ab-test-000909,0,0.006329729780333041,0,0.9022531719136767
ab-test-000910,0,0.023828138032747,0,0.9022531719136767
ab-test-000911,0,0.18450666487352363,0,0.9022531719136767
ab-test-000912,0,0.006839912768402854,0,0.9022531719136767
ab-test-000913,0,0.12658082470946078,0,0.9022531719136767
ab-test-000914,0,0.05424280157520621,0,0.9022531719136767
ab-test-000915,0,0.009659948913689488,0,0.9022531719136767
ab-test-000916,0,0.030375554438282,0,0.9022531719136767
ab-test-000917,0,0.2873348558604128,0,0.9022531719136767
ab-test-000918,0,0.014662221263572698,0,0.9022531719136767
ab-test-000919,1,0.016701977963357553,0,0.9022531719136767
ab-test-000920,0,0.02117271484021984,0,0.9022531719136767
ab-test-000921,0,0.02160967290431357,0,0.9022531719136767
ab-test-000922,1,0.09827342768111899,0,0.9022531719136767
ab-test-000923,0,0.0022108876663312045,0,0.9022531719136767
ab-test-000924,0,0.0020934216510585077,0,0.9022531719136767
ab-test-000925,0,0.012932161559154018,0,0.9022531719136767
ab-test-000926,0,0.024448192065868624,0,0.9022531719136767
ab-test-000927,0,0.027901535903713387,0,0.9022531719136767
ab-test-000928,0,0.0039768758411723925,0,0.9022531719136767
ab-test-000929,0,0.045786940250575184,0,0.9022531719136767
ab-test-000930,0,0.006446478754098005,0,0.9022531719136767
ab-test-000931,0,0.019340540318532485,0,0.9022531719136767
ab-test-000932,0,0.1522796365991866,0,0.9022531719136767
ab-test-000933,1,0.5309412983237322,0,0.9022531719136767
ab-test-000934,1,0.34991342744109766,0,0.9022531719136767
ab-test-000935,0,0.04285073333118367,0,0.9022531719136767
ab-test-000936,0,0.009184200490633685,0,0.9022531719136767
ab-test-000937,0,0.1675703967204992,0,0.9022531719136767
ab-test-000938,0,0.021354644370714503,0,0.9022531719136767
ab-test-000939,0,0.01561057719664664,0,0.9022531719136767
ab-test-000940,0,0.0017826946705854746,0,0.9022531719136767
ab-test-000941,0,0.042631861921272,0,0.9022531719136767
ab-test-000942,0,0.2637600280157891,0,0.9022531719136767
ab-test-000943,0,0.8923994721903803,0,0.9022531719136767
ab-test-000944,0,0.10415417103840192,0,0.9022531719136767
ab-test-000945,1,0.9453100892338722,1,0.9022531719136767
ab-test-000946,0,0.07377620512691553,0,0.9022531719136767
ab-test-000947,0,0.3608911859222405,0,0.9022531719136767
ab-test-000948,0,0.030187871529427566,0,0.9022531719136767
ab-test-000949,0,0.037851701394640606,0,0.9022531719136767
ab-test-000950,0,0.41767970101325597,0,0.9022531719136767
ab-test-000951,0,0.33415025671782705,0,0.9022531719136767
ab-test-000952,0,0.015689389817662023,0,0.9022531719136767
ab-test-000953,0,0.07262288325222496,0,0.9022531719136767
ab-test-000954,0,0.01573195280519421,0,0.9022531719136767
ab-test-000955,0,0.0769017699161712,0,0.9022531719136767
ab-test-000956,0,0.08751483100384523,0,0.9022531719136767
ab-test-000957,0,0.021158998335354107,0,0.9022531719136767
ab-test-000958,0,0.0016748241128315678,0,0.9022531719136767
ab-test-000959,0,0.006999341564837429,0,0.9022531719136767
ab-test-000960,0,0.07662381036941306,0,0.9022531719136767
ab-test-000961,0,0.006760889314322346,0,0.9022531719136767
ab-test-000962,0,0.22123965051187686,0,0.9022531719136767
ab-test-000963,0,0.0232735700420505,0,0.9022531719136767
ab-test-000964,0,0.1103100545332045,0,0.9022531719136767
ab-test-000965,0,0.13824120547185909,0,0.9022531719136767
ab-test-000966,0,0.05923685462845605,0,0.9022531719136767
ab-test-000967,0,0.02146780987273585,0,0.9022531719136767
ab-test-000968,0,0.0015427139999430678,0,0.9022531719136767
ab-test-000969,0,0.006041416304974877,0,0.9022531719136767
ab-test-000970,1,0.23337532745263814,0,0.9022531719136767
ab-test-000971,0,0.0038203723767587646,0,0.9022531719136767
ab-test-000972,0,0.004479865339340967,0,0.9022531719136767
ab-test-000973,0,0.20281294317658335,0,0.9022531719136767
ab-test-000974,0,0.008659338986517594,0,0.9022531719136767
ab-test-000975,0,0.07275446315204122,0,0.9022531719136767
ab-test-000976,0,0.353263052495775,0,0.9022531719136767
ab-test-000977,0,0.038788834117582674,0,0.9022531719136767
ab-test-000978,0,0.8990777291997798,0,0.9022531719136767
ab-test-000979,0,0.0069381271565520635,0,0.9022531719136767
ab-test-000980,0,0.00865559248795272,0,0.9022531719136767
ab-test-000981,1,0.31427414137027054,0,0.9022531719136767
ab-test-000982,0,0.00874477252216611,0,0.9022531719136767
ab-test-000983,0,0.3766661838829668,0,0.9022531719136767
ab-test-000984,0,0.17680947240562458,0,0.9022531719136767
ab-test-000985,0,0.0322498431331016,0,0.9022531719136767
ab-test-000986,0,0.05444671932487811,0,0.9022531719136767
ab-test-000987,0,0.24127715253970697,0,0.9022531719136767
ab-test-000988,0,0.19976685082586199,0,0.9022531719136767
ab-test-000989,0,0.11589682865451051,0,0.9022531719136767
ab-test-000990,0,0.042427026165938894,0,0.9022531719136767
ab-test-000991,0,0.03458669254640095,0,0.9022531719136767
ab-test-000992,0,0.0956169350706108,0,0.9022531719136767
ab-test-000993,0,0.01761197171121947,0,0.9022531719136767
ab-test-000994,0,0.33708307328472875,0,0.9022531719136767
ab-test-000995,0,0.6542808166401388,0,0.9022531719136767
ab-test-000996,0,0.0725654462039731,0,0.9022531719136767
ab-test-000997,0,0.022590756019079127,0,0.9022531719136767
ab-test-000998,0,0.04254559221862242,0,0.9022531719136767
ab-test-000999,0,0.25311750496729063,0,0.9022531719136767
ab-test-001000,0,0.10102113286574675,0,0.9022531719136767
ab-test-001001,0,0.015131690797012157,0,0.9022531719136767
ab-test-001002,0,0.019673629163604586,0,0.9022531719136767
ab-test-001003,0,0.011591561061470778,0,0.9022531719136767
ab-test-001004,1,0.4777762142112615,0,0.9022531719136767
ab-test-001005,0,0.035883499742338655,0,0.9022531719136767
ab-test-001006,0,0.13419741549799122,0,0.9022531719136767
ab-test-001007,0,0.07195747344910852,0,0.9022531719136767
ab-test-001008,0,0.007113486917918325,0,0.9022531719136767
ab-test-001009,0,0.019303053341587523,0,0.9022531719136767
ab-test-001010,0,0.06650452088375242,0,0.9022531719136767
ab-test-001011,0,0.014824495014040118,0,0.9022531719136767
ab-test-001012,0,0.0063886048005865155,0,0.9022531719136767
ab-test-001013,0,0.013102522984669004,0,0.9022531719136767
ab-test-001014,0,0.056707107178536865,0,0.9022531719136767
ab-test-001015,0,0.26576440075815827,0,0.9022531719136767
ab-test-001016,0,0.004431968520838851,0,0.9022531719136767
ab-test-001017,0,0.007007644268934553,0,0.9022531719136767
ab-test-001018,0,0.0644341246753328,0,0.9022531719136767
ab-test-001019,0,0.0902002738280508,0,0.9022531719136767
ab-test-001020,0,0.00622187250562012,0,0.9022531719136767
ab-test-001021,0,0.03845052151267779,0,0.9022531719136767
ab-test-001022,1,0.9354208422235347,1,0.9022531719136767
ab-test-001023,0,0.016476836234040473,0,0.9022531719136767
ab-test-001024,0,0.04130208573013719,0,0.9022531719136767
ab-test-001025,0,0.0169244732314367,0,0.9022531719136767
ab-test-001026,0,0.12259104022429253,0,0.9022531719136767
ab-test-001027,0,0.027627843681462087,0,0.9022531719136767
ab-test-001028,0,0.01040123736125031,0,0.9022531719136767
ab-test-001029,0,0.18419436609428552,0,0.9022531719136767
ab-test-001030,0,0.0062906163635491575,0,0.9022531719136767
ab-test-001031,1,0.26745010396825203,0,0.9022531719136767
ab-test-001032,0,0.3902566024438076,0,0.9022531719136767
ab-test-001033,0,0.03293825029975327,0,0.9022531719136767
ab-test-001034,0,0.08600585588124829,0,0.9022531719136767
ab-test-001035,0,0.148987748555942,0,0.9022531719136767
ab-test-001036,1,0.05116695064016075,0,0.9022531719136767
ab-test-001037,0,0.12518588103272332,0,0.9022531719136767
ab-test-001038,0,0.01612725479186911,0,0.9022531719136767
ab-test-001039,0,0.020818401714213095,0,0.9022531719136767
ab-test-001040,0,0.5946561269174347,0,0.9022531719136767
ab-test-001041,0,0.011087566736689682,0,0.9022531719136767
ab-test-001042,0,0.15384689844897387,0,0.9022531719136767
ab-test-001043,0,0.0018762206352534014,0,0.9022531719136767
ab-test-001044,0,0.820033134814506,0,0.9022531719136767
ab-test-001045,0,0.005139811819772104,0,0.9022531719136767
ab-test-001046,0,0.01803827291361837,0,0.9022531719136767
ab-test-001047,0,0.035727611347749294,0,0.9022531719136767
ab-test-001048,0,0.04005224243507757,0,0.9022531719136767
ab-test-001049,0,0.004693400954716445,0,0.9022531719136767
ab-test-001050,0,0.11497654153183326,0,0.9022531719136767
ab-test-001051,0,0.3902503475311144,0,0.9022531719136767
ab-test-001052,0,0.020448247440687104,0,0.9022531719136767
ab-test-001053,0,0.09495307569222594,0,0.9022531719136767
ab-test-001054,0,0.007711225789762281,0,0.9022531719136767
ab-test-001055,0,0.006881886417838396,0,0.9022531719136767
ab-test-001056,0,0.008960112943829155,0,0.9022531719136767
ab-test-001057,0,0.01201467286293524,0,0.9022531719136767
ab-test-001058,0,0.01226172786258938,0,0.9022531719136767
ab-test-001059,0,0.45946635854794965,0,0.9022531719136767
ab-test-001060,0,0.21478911439386744,0,0.9022531719136767
ab-test-001061,0,0.03766986309815328,0,0.9022531719136767
ab-test-001062,0,0.004153080659434914,0,0.9022531719136767
ab-test-001063,0,0.013905792668050795,0,0.9022531719136767
ab-test-001064,0,0.004640341682617388,0,0.9022531719136767
ab-test-001065,0,0.1467237376184566,0,0.9022531719136767
ab-test-001066,0,0.019712554585875727,0,0.9022531719136767
ab-test-001067,0,0.6597686280019504,0,0.9022531719136767
ab-test-001068,0,0.03005464505118751,0,0.9022531719136767
ab-test-001069,0,0.02409644302021656,0,0.9022531719136767
ab-test-001070,0,0.005655577821453733,0,0.9022531719136767
ab-test-001071,0,0.008205327365823578,0,0.9022531719136767
ab-test-001072,0,0.36349789170026625,0,0.9022531719136767
ab-test-001073,0,0.0460682580597737,0,0.9022531719136767
ab-test-001074,0,0.0011186659396378042,0,0.9022531719136767
ab-test-001075,0,0.004436425700863831,0,0.9022531719136767
ab-test-001076,0,0.06683138630699499,0,0.9022531719136767
ab-test-001077,0,0.19203171901854468,0,0.9022531719136767
ab-test-001078,0,0.013352767886547259,0,0.9022531719136767
ab-test-001079,0,0.07071480873338973,0,0.9022531719136767
ab-test-001080,0,0.6098810160576469,0,0.9022531719136767
ab-test-001081,1,0.6946169087585391,0,0.9022531719136767
ab-test-001082,0,0.015050493881680161,0,0.9022531719136767
ab-test-001083,0,0.0019688405139443943,0,0.9022531719136767
ab-test-001084,0,0.019106417092985425,0,0.9022531719136767
ab-test-001085,0,0.05402602845515215,0,0.9022531719136767
ab-test-001086,0,0.06184090394667738,0,0.9022531719136767
ab-test-001087,0,0.02835480305862072,0,0.9022531719136767
ab-test-001088,0,0.1765389119417603,0,0.9022531719136767
ab-test-001089,0,0.011356333314707503,0,0.9022531719136767
ab-test-001090,0,0.12111864867825807,0,0.9022531719136767
ab-test-001091,0,0.11022217649971992,0,0.9022531719136767
ab-test-001092,0,0.09310846788522496,0,0.9022531719136767
ab-test-001093,0,0.0077322818821063165,0,0.9022531719136767
ab-test-001094,0,0.0025265401144313614,0,0.9022531719136767
ab-test-001095,0,0.09359998513445879,0,0.9022531719136767
ab-test-001096,0,0.06670255100297015,0,0.9022531719136767
ab-test-001097,0,0.013312233714588268,0,0.9022531719136767
ab-test-001098,0,0.2863925108208034,0,0.9022531719136767
ab-test-001099,0,0.003079026167565633,0,0.9022531719136767
ab-test-001100,1,0.4019646870997247,0,0.9022531719136767
ab-test-001101,0,0.023889031427601123,0,0.9022531719136767
ab-test-001102,0,0.11901169326083762,0,0.9022531719136767
ab-test-001103,1,0.3813847645400883,0,0.9022531719136767
ab-test-001104,1,0.016236709194628034,0,0.9022531719136767
ab-test-001105,0,0.005701979613901929,0,0.9022531719136767
ab-test-001106,0,0.009705800356671363,0,0.9022531719136767
ab-test-001107,1,0.051037002739033346,0,0.9022531719136767
ab-test-001108,0,0.03501068400980635,0,0.9022531719136767
ab-test-001109,0,0.0075455930909864,0,0.9022531719136767
ab-test-001110,0,0.21423005453274144,0,0.9022531719136767
ab-test-001111,0,0.02743252505413266,0,0.9022531719136767
ab-test-001112,0,0.019976422226160633,0,0.9022531719136767
ab-test-001113,0,0.008678444998765454,0,0.9022531719136767
ab-test-001114,0,0.4264078750981213,0,0.9022531719136767
ab-test-001115,0,0.012464177954610437,0,0.9022531719136767
ab-test-001116,0,0.8360618422584539,0,0.9022531719136767
ab-test-001117,1,0.3965805180599734,0,0.9022531719136767
ab-test-001118,0,0.020453686262851826,0,0.9022531719136767
ab-test-001119,0,0.30276701789377725,0,0.9022531719136767
ab-test-001120,0,0.056666077908278795,0,0.9022531719136767
ab-test-001121,0,0.07330318498566936,0,0.9022531719136767
ab-test-001122,1,0.6213817668960169,0,0.9022531719136767
ab-test-001123,0,0.014184168877442798,0,0.9022531719136767
ab-test-001124,0,0.021715427353281885,0,0.9022531719136767
ab-test-001125,0,0.006740296075988614,0,0.9022531719136767
ab-test-001126,0,0.004544554477831422,0,0.9022531719136767
ab-test-001127,0,0.3405166917313814,0,0.9022531719136767
ab-test-001128,0,0.0309158568072637,0,0.9022531719136767
ab-test-001129,0,0.026804905155114342,0,0.9022531719136767
ab-test-001130,0,0.02252030316801171,0,0.9022531719136767
ab-test-001131,1,0.1854617068926893,0,0.9022531719136767
ab-test-001132,0,0.011907758323533099,0,0.9022531719136767
ab-test-001133,0,0.0036347480619763864,0,0.9022531719136767
ab-test-001134,0,0.061435666581758974,0,0.9022531719136767
ab-test-001135,0,0.6889254448140221,0,0.9022531719136767
ab-test-001136,0,0.022062689907562074,0,0.9022531719136767
ab-test-001137,0,0.13889450066446796,0,0.9022531719136767
ab-test-001138,0,0.14252239323178795,0,0.9022531719136767
ab-test-001139,0,0.06924185358394853,0,0.9022531719136767
ab-test-001140,0,0.09094424476757601,0,0.9022531719136767
ab-test-001141,0,0.04222314960953846,0,0.9022531719136767
ab-test-001142,0,0.42080341778737435,0,0.9022531719136767
ab-test-001143,1,0.30591547113862366,0,0.9022531719136767
ab-test-001144,0,0.02107556588584954,0,0.9022531719136767
ab-test-001145,0,0.02289521940075055,0,0.9022531719136767
ab-test-001146,0,0.08922368889397068,0,0.9022531719136767
ab-test-001147,0,0.06666455446697268,0,0.9022531719136767
ab-test-001148,1,0.901094804457901,0,0.9022531719136767
ab-test-001149,0,0.02320439381526562,0,0.9022531719136767
ab-test-001150,0,0.006267783151530148,0,0.9022531719136767
ab-test-001151,0,0.023442738915880574,0,0.9022531719136767
ab-test-001152,0,0.8367293861618207,0,0.9022531719136767
ab-test-001153,0,0.11522153418268673,0,0.9022531719136767
ab-test-001154,0,0.6998619906071167,0,0.9022531719136767
ab-test-001155,0,0.040860718167229235,0,0.9022531719136767
ab-test-001156,1,0.5821960946827336,0,0.9022531719136767
ab-test-001157,0,0.018547713826131868,0,0.9022531719136767
ab-test-001158,0,0.008229797283721793,0,0.9022531719136767
ab-test-001159,0,0.1900355334021994,0,0.9022531719136767
ab-test-001160,0,0.013429871158453503,0,0.9022531719136767
ab-test-001161,0,0.2675070853690705,0,0.9022531719136767
ab-test-001162,0,0.04971089091732101,0,0.9022531719136767
ab-test-001163,0,0.46309463210956237,0,0.9022531719136767
ab-test-001164,0,0.041127967401970736,0,0.9022531719136767
ab-test-001165,0,0.042821479559509976,0,0.9022531719136767
ab-test-001166,0,0.06270585508259702,0,0.9022531719136767
ab-test-001167,0,0.12332967305827974,0,0.9022531719136767
ab-test-001168,0,0.009614756457894714,0,0.9022531719136767
ab-test-001169,0,0.015289307888715124,0,0.9022531719136767
ab-test-001170,0,0.1211599472855742,0,0.9022531719136767
ab-test-001171,1,0.45164440845518183,0,0.9022531719136767
ab-test-001172,1,0.185858791727274,0,0.9022531719136767
ab-test-001173,0,0.046904558400882694,0,0.9022531719136767
ab-test-001174,1,0.07381549234985815,0,0.9022531719136767
ab-test-001175,0,0.0034753477728964167,0,0.9022531719136767
ab-test-001176,0,0.024685713620888127,0,0.9022531719136767
ab-test-001177,0,0.016845850386808674,0,0.9022531719136767
ab-test-001178,0,0.08657238940388594,0,0.9022531719136767
ab-test-001179,0,0.10048080555004961,0,0.9022531719136767
ab-test-001180,0,0.9731666118825691,1,0.9022531719136767
ab-test-001181,0,0.012941188481180654,0,0.9022531719136767
ab-test-001182,0,0.041140498077535864,0,0.9022531719136767
ab-test-001183,0,0.04060230805207437,0,0.9022531719136767
ab-test-001184,0,0.08646279709643066,0,0.9022531719136767
ab-test-001185,0,0.00866320625787553,0,0.9022531719136767
ab-test-001186,0,0.03770692097876064,0,0.9022531719136767
ab-test-001187,0,0.02801349592520604,0,0.9022531719136767
ab-test-001188,0,0.024825027977324346,0,0.9022531719136767
ab-test-001189,0,0.09065880268897226,0,0.9022531719136767
ab-test-001190,0,0.0427428313468102,0,0.9022531719136767
ab-test-001191,0,0.21785607786543026,0,0.9022531719136767
ab-test-001192,0,0.004036742383243127,0,0.9022531719136767
ab-test-001193,0,0.02712940466030752,0,0.9022531719136767
ab-test-001194,0,0.010341492024337592,0,0.9022531719136767
ab-test-001195,0,0.538287299687525,0,0.9022531719136767
ab-test-001196,0,0.03497273929324027,0,0.9022531719136767
ab-test-001197,0,0.3935081300981356,0,0.9022531719136767
ab-test-001198,0,0.06529864488949326,0,0.9022531719136767
ab-test-001199,0,0.18708203487216069,0,0.9022531719136767
ab-test-001200,0,0.0064743375983194575,0,0.9022531719136767
ab-test-001201,1,0.004459037562501929,0,0.9022531719136767
ab-test-001202,0,0.1038803160823704,0,0.9022531719136767
ab-test-001203,0,0.05094417412817794,0,0.9022531719136767
ab-test-001204,0,0.01691188093919902,0,0.9022531719136767
ab-test-001205,0,0.041652292905452325,0,0.9022531719136767
ab-test-001206,0,0.23437358974213676,0,0.9022531719136767
ab-test-001207,1,0.07572503773679473,0,0.9022531719136767
ab-test-001208,0,0.02311404089577242,0,0.9022531719136767
ab-test-001209,1,0.7232239148143013,0,0.9022531719136767
ab-test-001210,0,0.025945425234692468,0,0.9022531719136767
ab-test-001211,0,0.03259364396176916,0,0.9022531719136767
ab-test-001212,0,0.02595621608556662,0,0.9022531719136767
ab-test-001213,0,0.15694189304638184,0,0.9022531719136767
ab-test-001214,0,0.014107451799080125,0,0.9022531719136767
ab-test-001215,0,0.01944163906442117,0,0.9022531719136767
ab-test-001216,0,0.003640817865387487,0,0.9022531719136767
ab-test-001217,0,0.009175497193261339,0,0.9022531719136767
ab-test-001218,0,0.009458549068988072,0,0.9022531719136767
ab-test-001219,0,0.04863230459369644,0,0.9022531719136767
ab-test-001220,0,0.490324726658356,0,0.9022531719136767
ab-test-001221,0,0.5426363554823526,0,0.9022531719136767
ab-test-001222,0,0.015938869850344494,0,0.9022531719136767
ab-test-001223,0,0.10927208693020828,0,0.9022531719136767
ab-test-001224,0,0.020698522469171615,0,0.9022531719136767
ab-test-001225,0,0.22681946686802648,0,0.9022531719136767
ab-test-001226,0,0.0022196919022572236,0,0.9022531719136767
ab-test-001227,0,0.002969828144358858,0,0.9022531719136767
ab-test-001228,1,0.06401100790110394,0,0.9022531719136767
ab-test-001229,0,0.004996567293430838,0,0.9022531719136767
ab-test-001230,0,0.0160276233193445,0,0.9022531719136767
ab-test-001231,0,0.03939472689967006,0,0.9022531719136767
ab-test-001232,0,0.016780437247020715,0,0.9022531719136767
ab-test-001233,0,0.24378502429019488,0,0.9022531719136767
ab-test-001234,0,0.06492145305285284,0,0.9022531719136767
ab-test-001235,0,0.01646124734971722,0,0.9022531719136767
ab-test-001236,0,0.02992049617864449,0,0.9022531719136767
ab-test-001237,0,0.26563117726928914,0,0.9022531719136767
ab-test-001238,0,0.025169167972278108,0,0.9022531719136767
ab-test-001239,0,0.01293101355892372,0,0.9022531719136767
ab-test-001240,0,0.3261728610561306,0,0.9022531719136767
ab-test-001241,0,0.08332211885117292,0,0.9022531719136767
ab-test-001242,0,0.0032092090794099714,0,0.9022531719136767
ab-test-001243,0,0.8629145631223731,0,0.9022531719136767
ab-test-001244,0,0.0039146185512071744,0,0.9022531719136767
ab-test-001245,0,0.009420095160311316,0,0.9022531719136767
ab-test-001246,0,0.0033153084681356395,0,0.9022531719136767
ab-test-001247,0,0.2672422474368083,0,0.9022531719136767
ab-test-001248,0,0.01817200867139997,0,0.9022531719136767
ab-test-001249,1,0.3535064146102945,0,0.9022531719136767
ab-test-001250,0,0.039958763691601694,0,0.9022531719136767
ab-test-001251,0,0.246237960377515,0,0.9022531719136767
ab-test-001252,0,0.06251457360931033,0,0.9022531719136767
ab-test-001253,0,0.04317338419833438,0,0.9022531719136767
ab-test-001254,0,0.02262227936306418,0,0.9022531719136767
ab-test-001255,0,0.032220051859204756,0,0.9022531719136767
ab-test-001256,0,0.012778082479956078,0,0.9022531719136767
ab-test-001257,0,0.034686080989501725,0,0.9022531719136767
ab-test-001258,0,0.3731783585468923,0,0.9022531719136767
ab-test-001259,0,0.042915897246454116,0,0.9022531719136767
ab-test-001260,0,0.05926955884840788,0,0.9022531719136767
ab-test-001261,1,0.016734633683547367,0,0.9022531719136767
ab-test-001262,0,0.010175360584144111,0,0.9022531719136767
ab-test-001263,0,0.13928293043663695,0,0.9022531719136767
ab-test-001264,0,0.005088659112742429,0,0.9022531719136767
ab-test-001265,0,0.028308269450461603,0,0.9022531719136767
ab-test-001266,0,0.11699751761284083,0,0.9022531719136767
ab-test-001267,1,0.4824756335071546,0,0.9022531719136767
ab-test-001268,0,0.005653251251165134,0,0.9022531719136767
ab-test-001269,0,0.08094934482307259,0,0.9022531719136767
ab-test-001270,1,0.06311173058729946,0,0.9022531719136767
ab-test-001271,0,0.005993311700318009,0,0.9022531719136767
ab-test-001272,1,0.49065149387673884,0,0.9022531719136767
ab-test-001273,0,0.029818356125596687,0,0.9022531719136767
ab-test-001274,0,0.34642836867190757,0,0.9022531719136767
ab-test-001275,0,0.04201416099188619,0,0.9022531719136767
ab-test-001276,0,0.004077518582110054,0,0.9022531719136767
ab-test-001277,0,0.0013399524972519665,0,0.9022531719136767
ab-test-001278,0,0.06303636881266189,0,0.9022531719136767
ab-test-001279,0,0.10787691238866699,0,0.9022531719136767
ab-test-001280,0,0.07267662186189831,0,0.9022531719136767
ab-test-001281,0,0.0057854609348971615,0,0.9022531719136767
ab-test-001282,0,0.018082134344539574,0,0.9022531719136767
ab-test-001283,0,0.012157674846898253,0,0.9022531719136767
ab-test-001284,0,0.0052042856352471,0,0.9022531719136767
ab-test-001285,0,0.016939830658787257,0,0.9022531719136767
ab-test-001286,0,0.14978814763824239,0,0.9022531719136767
ab-test-001287,0,0.21178742813324006,0,0.9022531719136767
ab-test-001288,0,0.6783859724890139,0,0.9022531719136767
ab-test-001289,1,0.9817611888539978,1,0.9022531719136767
ab-test-001290,0,0.010598562167085119,0,0.9022531719136767
ab-test-001291,0,0.009840295620328078,0,0.9022531719136767
ab-test-001292,0,0.11095848206889528,0,0.9022531719136767
ab-test-001293,1,0.7100083756002484,0,0.9022531719136767
ab-test-001294,0,0.010760923305629244,0,0.9022531719136767
ab-test-001295,0,0.03903704288067279,0,0.9022531719136767
ab-test-001296,0,0.023553973235210347,0,0.9022531719136767
ab-test-001297,0,0.42336161570098674,0,0.9022531719136767
ab-test-001298,0,0.02032081198924788,0,0.9022531719136767
ab-test-001299,0,0.011974211843891833,0,0.9022531719136767
ab-test-001300,0,0.00328420613176696,0,0.9022531719136767
ab-test-001301,0,0.35170239127292063,0,0.9022531719136767
ab-test-001302,0,0.0026943977140522516,0,0.9022531719136767
ab-test-001303,0,0.025188794390529297,0,0.9022531719136767
ab-test-001304,0,0.011691481177785262,0,0.9022531719136767
ab-test-001305,0,0.029626454992097942,0,0.9022531719136767
ab-test-001306,0,0.4169112308249306,0,0.9022531719136767
ab-test-001307,0,0.008401859800321567,0,0.9022531719136767
ab-test-001308,0,0.0034562605567784875,0,0.9022531719136767
ab-test-001309,0,0.01653501232451921,0,0.9022531719136767
ab-test-001310,0,0.02883334520971132,0,0.9022531719136767
ab-test-001311,0,0.024196655959392476,0,0.9022531719136767
ab-test-001312,0,0.011928506793267454,0,0.9022531719136767
ab-test-001313,0,0.21484378323180434,0,0.9022531719136767
ab-test-001314,0,0.15778751811394218,0,0.9022531719136767
ab-test-001315,0,0.22099394508963754,0,0.9022531719136767
ab-test-001316,0,0.17693772231419486,0,0.9022531719136767
ab-test-001317,0,0.09009962425222856,0,0.9022531719136767
ab-test-001318,0,0.02275108911435153,0,0.9022531719136767
ab-test-001319,0,0.021106778647908823,0,0.9022531719136767
ab-test-001320,1,0.009069846776212975,0,0.9022531719136767
ab-test-001321,0,0.02069264032182304,0,0.9022531719136767
ab-test-001322,0,0.05395219243165033,0,0.9022531719136767
ab-test-001323,0,0.8565387640303352,0,0.9022531719136767
ab-test-001324,1,0.14564657007926035,0,0.9022531719136767
ab-test-001325,0,0.025769142427159362,0,0.9022531719136767
ab-test-001326,0,0.1109727874330742,0,0.9022531719136767
ab-test-001327,0,0.028531834788447386,0,0.9022531719136767
ab-test-001328,0,0.10716000648880823,0,0.9022531719136767
ab-test-001329,0,0.07170216244561294,0,0.9022531719136767
ab-test-001330,0,0.0124907788994833,0,0.9022531719136767
ab-test-001331,0,0.33343205717070473,0,0.9022531719136767
ab-test-001332,1,0.06908015264995769,0,0.9022531719136767
ab-test-001333,0,0.055332773530957974,0,0.9022531719136767
ab-test-001334,0,0.04609407668070959,0,0.9022531719136767
ab-test-001335,0,0.540606932994877,0,0.9022531719136767
ab-test-001336,0,0.21595996652406227,0,0.9022531719136767
ab-test-001337,0,0.019284725807800388,0,0.9022531719136767
ab-test-001338,0,0.09839005126820981,0,0.9022531719136767
ab-test-001339,0,0.010373588361983606,0,0.9022531719136767
ab-test-001340,0,0.03007226722365001,0,0.9022531719136767
ab-test-001341,1,0.43516856116329367,0,0.9022531719136767
ab-test-001342,0,0.00692999711904619,0,0.9022531719136767
ab-test-001343,0,0.0022847093885451633,0,0.9022531719136767
ab-test-001344,0,0.03032401234796963,0,0.9022531719136767
ab-test-001345,0,0.016539018995524356,0,0.9022531719136767
ab-test-001346,0,0.3678058404989866,0,0.9022531719136767
ab-test-001347,0,0.005732852588344206,0,0.9022531719136767
ab-test-001348,0,0.10712297138472472,0,0.9022531719136767
ab-test-001349,0,0.0029498793026799873,0,0.9022531719136767
ab-test-001350,0,0.010635492897861998,0,0.9022531719136767
ab-test-001351,0,0.0538919362960397,0,0.9022531719136767
ab-test-001352,0,0.029273120229459444,0,0.9022531719136767
ab-test-001353,0,0.5502663478327445,0,0.9022531719136767
ab-test-001354,0,0.1458784070197673,0,0.9022531719136767
ab-test-001355,0,0.08917466650455386,0,0.9022531719136767
ab-test-001356,0,0.002227919454191638,0,0.9022531719136767
ab-test-001357,0,0.5736250440237423,0,0.9022531719136767
ab-test-001358,0,0.019399034390278683,0,0.9022531719136767
ab-test-001359,0,0.005285842874874747,0,0.9022531719136767
ab-test-001360,0,0.0006849182863084099,0,0.9022531719136767
ab-test-001361,0,0.003596227083907299,0,0.9022531719136767
ab-test-001362,0,0.21123099175085297,0,0.9022531719136767
ab-test-001363,0,0.19112629023626249,0,0.9022531719136767
ab-test-001364,0,0.021352691820161064,0,0.9022531719136767
ab-test-001365,0,0.0652690958587273,0,0.9022531719136767
ab-test-001366,0,0.16776655393748693,0,0.9022531719136767
ab-test-001367,0,0.005526882216801161,0,0.9022531719136767
ab-test-001368,0,0.0030222480903799036,0,0.9022531719136767
ab-test-001369,0,0.1993515915140591,0,0.9022531719136767
ab-test-001370,0,0.06136770255595693,0,0.9022531719136767
ab-test-001371,0,0.006611018334820372,0,0.9022531719136767
ab-test-001372,0,0.015617645885268778,0,0.9022531719136767
ab-test-001373,0,0.21106869509602078,0,0.9022531719136767
ab-test-001374,0,0.06206209045949804,0,0.9022531719136767
ab-test-001375,0,0.012090112992399251,0,0.9022531719136767
ab-test-001376,0,0.91760287714603,1,0.9022531719136767
ab-test-001377,0,0.009444291406833687,0,0.9022531719136767
ab-test-001378,0,0.06524272605165835,0,0.9022531719136767
ab-test-001379,0,0.08975699918394817,0,0.9022531719136767
ab-test-001380,0,0.010297642270755532,0,0.9022531719136767
ab-test-001381,0,0.0070003973289273986,0,0.9022531719136767
ab-test-001382,0,0.0119130882206789,0,0.9022531719136767
ab-test-001383,0,0.06446000344196486,0,0.9022531719136767
ab-test-001384,0,0.015228429889835181,0,0.9022531719136767
ab-test-001385,0,0.02063207995486479,0,0.9022531719136767
ab-test-001386,0,0.005058198509935308,0,0.9022531719136767
ab-test-001387,0,0.20372101351944383,0,0.9022531719136767
ab-test-001388,0,0.021691695894338357,0,0.9022531719136767
ab-test-001389,0,0.1705119198016595,0,0.9022531719136767
ab-test-001390,0,0.11564413537792448,0,0.9022531719136767
ab-test-001391,0,0.07244521741555707,0,0.9022531719136767
ab-test-001392,0,0.4372248149647342,0,0.9022531719136767
ab-test-001393,0,0.01204687403467592,0,0.9022531719136767
ab-test-001394,1,0.1034195921608713,0,0.9022531719136767
ab-test-001395,0,0.03331694713168867,0,0.9022531719136767
ab-test-001396,0,0.017736491819775053,0,0.9022531719136767
ab-test-001397,0,0.4857405061237275,0,0.9022531719136767
ab-test-001398,0,0.03640663966342373,0,0.9022531719136767
ab-test-001399,0,0.020259214276445572,0,0.9022531719136767
ab-test-001400,0,0.7735471676380117,0,0.9022531719136767
ab-test-001401,1,0.11742117893176308,0,0.9022531719136767
ab-test-001402,0,0.014248109101244258,0,0.9022531719136767
ab-test-001403,0,0.012338248184152953,0,0.9022531719136767
ab-test-001404,0,0.008796186789085938,0,0.9022531719136767
ab-test-001405,0,0.06708001063292782,0,0.9022531719136767
ab-test-001406,0,0.30168347828444564,0,0.9022531719136767
ab-test-001407,0,0.00644149561857714,0,0.9022531719136767
ab-test-001408,0,0.009002263613753614,0,0.9022531719136767
ab-test-001409,0,0.06297773755329422,0,0.9022531719136767
ab-test-001410,0,0.06370048348647943,0,0.9022531719136767
ab-test-001411,0,0.15490852810071448,0,0.9022531719136767
ab-test-001412,0,0.026511483682236027,0,0.9022531719136767
ab-test-001413,0,0.00549172410865591,0,0.9022531719136767
ab-test-001414,0,0.014539355896312733,0,0.9022531719136767
ab-test-001415,0,0.005323449714073867,0,0.9022531719136767
ab-test-001416,0,0.01502311120020203,0,0.9022531719136767
ab-test-001417,0,0.0029946626812686295,0,0.9022531719136767
ab-test-001418,1,0.042795844955071945,0,0.9022531719136767
ab-test-001419,0,0.008411101740096396,0,0.9022531719136767
ab-test-001420,0,0.025941259076795863,0,0.9022531719136767
ab-test-001421,0,0.02278135661634008,0,0.9022531719136767
ab-test-001422,0,0.010962479038928894,0,0.9022531719136767
ab-test-001423,0,0.00905648468750347,0,0.9022531719136767
ab-test-001424,0,0.11122437596405037,0,0.9022531719136767
ab-test-001425,0,0.6260160705914986,0,0.9022531719136767
ab-test-001426,1,0.5315039604607993,0,0.9022531719136767
ab-test-001427,0,0.5157781286289129,0,0.9022531719136767
ab-test-001428,0,0.6042292947479756,0,0.9022531719136767
ab-test-001429,0,0.027766571952036072,0,0.9022531719136767
ab-test-001430,0,0.007549864691852817,0,0.9022531719136767
ab-test-001431,0,0.205073542527246,0,0.9022531719136767
ab-test-001432,0,0.005329378833435804,0,0.9022531719136767
ab-test-001433,0,0.03019162559989654,0,0.9022531719136767
ab-test-001434,1,0.037465796709966116,0,0.9022531719136767
ab-test-001435,0,0.011332865098710608,0,0.9022531719136767
ab-test-001436,0,0.03208160352877248,0,0.9022531719136767
ab-test-001437,0,0.009880966091996634,0,0.9022531719136767
ab-test-001438,0,0.019139709438760536,0,0.9022531719136767
ab-test-001439,0,0.008765865051817444,0,0.9022531719136767
ab-test-001440,0,0.14937450222451717,0,0.9022531719136767
ab-test-001441,0,0.17598382742837715,0,0.9022531719136767
ab-test-001442,0,0.0674455721340672,0,0.9022531719136767
ab-test-001443,0,0.02830885884995567,0,0.9022531719136767
ab-test-001444,0,0.01623979046800742,0,0.9022531719136767
ab-test-001445,0,0.01916718719117229,0,0.9022531719136767
ab-test-001446,0,0.046321481175998575,0,0.9022531719136767
ab-test-001447,0,0.12289051109846175,0,0.9022531719136767
ab-test-001448,0,0.03662298584812243,0,0.9022531719136767
ab-test-001449,0,0.0008569086330009599,0,0.9022531719136767
ab-test-001450,0,0.059666126228300746,0,0.9022531719136767
ab-test-001451,1,0.10735818172386383,0,0.9022531719136767
ab-test-001452,0,0.004474773085560521,0,0.9022531719136767
ab-test-001453,1,0.11712495827930869,0,0.9022531719136767
ab-test-001454,0,0.030888520882666082,0,0.9022531719136767
ab-test-001455,0,0.014484457894767606,0,0.9022531719136767
ab-test-001456,0,0.2977982036221158,0,0.9022531719136767
ab-test-001457,0,0.028101846652690443,0,0.9022531719136767
ab-test-001458,0,0.03021558604423101,0,0.9022531719136767
ab-test-001459,1,0.49554229965953706,0,0.9022531719136767
ab-test-001460,0,0.06947606071482913,0,0.9022531719136767
ab-test-001461,0,0.006482018408241645,0,0.9022531719136767
ab-test-001462,0,0.03740767668479475,0,0.9022531719136767
ab-test-001463,0,0.014951742891390646,0,0.9022531719136767
ab-test-001464,0,0.009411025777719635,0,0.9022531719136767
ab-test-001465,0,0.11173213360171189,0,0.9022531719136767
ab-test-001466,0,0.18649296938912094,0,0.9022531719136767
ab-test-001467,0,0.0043068768561409865,0,0.9022531719136767
ab-test-001468,1,0.3235118781824568,0,0.9022531719136767
ab-test-001469,1,0.17041850304066594,0,0.9022531719136767
ab-test-001470,0,0.09324253891387775,0,0.9022531719136767
ab-test-001471,1,0.11728547960037652,0,0.9022531719136767
ab-test-001472,0,0.03345826030130351,0,0.9022531719136767
ab-test-001473,0,0.6801919521785518,0,0.9022531719136767
ab-test-001474,0,0.006374066269859367,0,0.9022531719136767
ab-test-001475,0,0.9703310905845769,1,0.9022531719136767
ab-test-001476,0,0.006958075305780512,0,0.9022531719136767
ab-test-001477,0,0.04728993763775737,0,0.9022531719136767
ab-test-001478,0,0.022487228240427207,0,0.9022531719136767
ab-test-001479,0,0.03827140470883285,0,0.9022531719136767
ab-test-001480,0,0.005585712605857877,0,0.9022531719136767
ab-test-001481,0,0.01391442204788711,0,0.9022531719136767
ab-test-001482,0,0.3359217029318024,0,0.9022531719136767
ab-test-001483,0,0.08640399917161908,0,0.9022531719136767
ab-test-001484,0,0.011263564313102416,0,0.9022531719136767
ab-test-001485,0,0.10162733017528583,0,0.9022531719136767
ab-test-001486,0,0.025820525961440896,0,0.9022531719136767
ab-test-001487,0,0.6450966273971797,0,0.9022531719136767
ab-test-001488,0,0.15490435604108374,0,0.9022531719136767
ab-test-001489,0,0.045134632333068345,0,0.9022531719136767
ab-test-001490,1,0.49873610622587966,0,0.9022531719136767
ab-test-001491,0,0.021752447759302785,0,0.9022531719136767
ab-test-001492,1,0.03022566122827342,0,0.9022531719136767
ab-test-001493,0,0.016581349610272057,0,0.9022531719136767
ab-test-001494,0,0.016752192300745067,0,0.9022531719136767
ab-test-001495,0,0.05839406283687865,0,0.9022531719136767
ab-test-001496,1,0.08990817713417706,0,0.9022531719136767
ab-test-001497,0,0.02153247195095459,0,0.9022531719136767
ab-test-001498,0,0.07434117022592157,0,0.9022531719136767
ab-test-001499,0,0.017197047947834873,0,0.9022531719136767
ab-test-001500,0,0.045044275858734245,0,0.9022531719136767
ab-test-001501,0,0.26210512602452035,0,0.9022531719136767
ab-test-001502,0,0.22999334823859288,0,0.9022531719136767
ab-test-001503,0,0.14136421546073794,0,0.9022531719136767
ab-test-001504,0,0.08311847449417867,0,0.9022531719136767
ab-test-001505,0,0.0926981796104536,0,0.9022531719136767
ab-test-001506,0,0.0627527145801231,0,0.9022531719136767
ab-test-001507,0,0.01214911704535811,0,0.9022531719136767
ab-test-001508,0,0.03508434800211764,0,0.9022531719136767
ab-test-001509,0,0.06980648690171247,0,0.9022531719136767
ab-test-001510,0,0.012920245774636291,0,0.9022531719136767
ab-test-001511,0,0.01582305205901082,0,0.9022531719136767
ab-test-001512,0,0.07454855427138576,0,0.9022531719136767
ab-test-001513,0,0.01207415155565724,0,0.9022531719136767
ab-test-001514,0,0.020027689477991835,0,0.9022531719136767
ab-test-001515,0,0.019223601283173335,0,0.9022531719136767
ab-test-001516,0,0.042324949137078176,0,0.9022531719136767
ab-test-001517,0,0.009483068410922571,0,0.9022531719136767
ab-test-001518,0,0.023666863344536188,0,0.9022531719136767
ab-test-001519,0,0.005361668403115496,0,0.9022531719136767
ab-test-001520,0,0.014884459877177618,0,0.9022531719136767
ab-test-001521,0,0.2722796006348141,0,0.9022531719136767
ab-test-001522,0,0.09693330696329905,0,0.9022531719136767
ab-test-001523,0,0.0016938740861728104,0,0.9022531719136767
ab-test-001524,0,0.02016264278253404,0,0.9022531719136767
ab-test-001525,0,0.01812339217256759,0,0.9022531719136767
ab-test-001526,1,0.7490962289336177,0,0.9022531719136767
ab-test-001527,0,0.010001492878803272,0,0.9022531719136767
ab-test-001528,0,0.054473529972014295,0,0.9022531719136767
ab-test-001529,0,0.004314614866897089,0,0.9022531719136767
ab-test-001530,0,0.6567199611423356,0,0.9022531719136767
ab-test-001531,0,0.030029224425189783,0,0.9022531719136767
ab-test-001532,0,0.0241496674893739,0,0.9022531719136767
ab-test-001533,0,0.014083493930049708,0,0.9022531719136767
ab-test-001534,0,0.0058329619912564,0,0.9022531719136767
ab-test-001535,0,0.004114943930514635,0,0.9022531719136767
ab-test-001536,0,0.15807815284488816,0,0.9022531719136767
ab-test-001537,0,0.020256151573737193,0,0.9022531719136767
ab-test-001538,0,0.056907311807625184,0,0.9022531719136767
ab-test-001539,0,0.02502722458269994,0,0.9022531719136767
ab-test-001540,0,0.013262048056446358,0,0.9022531719136767
ab-test-001541,0,0.09368924894428851,0,0.9022531719136767
ab-test-001542,1,0.03830620053393014,0,0.9022531719136767
ab-test-001543,0,0.01813241121761006,0,0.9022531719136767
ab-test-001544,1,0.7947825931101519,0,0.9022531719136767
ab-test-001545,0,0.025205173583845313,0,0.9022531719136767
ab-test-001546,1,0.5235258328629635,0,0.9022531719136767
ab-test-001547,0,0.0375248676946295,0,0.9022531719136767
ab-test-001548,0,0.005984246587578665,0,0.9022531719136767
ab-test-001549,0,0.07328648977727527,0,0.9022531719136767
ab-test-001550,1,0.07138769813164487,0,0.9022531719136767
ab-test-001551,0,0.04174299350330493,0,0.9022531719136767
ab-test-001552,0,0.020934209147285356,0,0.9022531719136767
ab-test-001553,0,0.007632170407164739,0,0.9022531719136767
ab-test-001554,0,0.378710690349438,0,0.9022531719136767
ab-test-001555,0,0.006702617912951426,0,0.9022531719136767
ab-test-001556,0,0.11973662831377238,0,0.9022531719136767
ab-test-001557,1,0.7897745912486935,0,0.9022531719136767
ab-test-001558,0,0.017927879662217844,0,0.9022531719136767
ab-test-001559,0,0.01674514821875813,0,0.9022531719136767
ab-test-001560,0,0.01998377444829405,0,0.9022531719136767
ab-test-001561,1,0.993079536168001,1,0.9022531719136767
ab-test-001562,0,0.016819620992486777,0,0.9022531719136767
ab-test-001563,0,0.005120107848827568,0,0.9022531719136767
ab-test-001564,0,0.01594667885401191,0,0.9022531719136767
ab-test-001565,0,0.013503281485703036,0,0.9022531719136767
ab-test-001566,0,0.00549172410865591,0,0.9022531719136767
ab-test-001567,0,0.11115387955232019,0,0.9022531719136767
ab-test-001568,0,0.032699772509748704,0,0.9022531719136767
ab-test-001569,1,0.6040134024174618,0,0.9022531719136767
ab-test-001570,1,0.2926483125403231,0,0.9022531719136767
ab-test-001571,0,0.07404812250778377,0,0.9022531719136767
ab-test-001572,0,0.003982645379276895,0,0.9022531719136767
ab-test-001573,0,0.018945862614366753,0,0.9022531719136767
ab-test-001574,0,0.11659369166580558,0,0.9022531719136767
ab-test-001575,0,0.006826093511918153,0,0.9022531719136767
ab-test-001576,0,0.023741010261683584,0,0.9022531719136767
ab-test-001577,0,0.0526434937254335,0,0.9022531719136767
ab-test-001578,0,0.0333381739285487,0,0.9022531719136767
ab-test-001579,0,0.048834891694396636,0,0.9022531719136767
ab-test-001580,0,0.5506131413174072,0,0.9022531719136767
ab-test-001581,0,0.1061486125372325,0,0.9022531719136767
ab-test-001582,1,0.01633381851774333,0,0.9022531719136767
ab-test-001583,1,0.028566830806673774,0,0.9022531719136767
ab-test-001584,0,0.14473401847421305,0,0.9022531719136767
ab-test-001585,0,0.0414731242011559,0,0.9022531719136767
ab-test-001586,0,0.21139471714384894,0,0.9022531719136767
ab-test-001587,0,0.0057966403973039645,0,0.9022531719136767
ab-test-001588,1,0.1080664682219011,0,0.9022531719136767
ab-test-001589,0,0.002879347801419209,0,0.9022531719136767
ab-test-001590,0,0.04534547721558597,0,0.9022531719136767
ab-test-001591,0,0.1798275753293507,0,0.9022531719136767
ab-test-001592,0,0.7735878376034223,0,0.9022531719136767
ab-test-001593,0,0.005241218818083619,0,0.9022531719136767
ab-test-001594,0,0.8757558911889907,0,0.9022531719136767
ab-test-001595,0,0.02479789877912014,0,0.9022531719136767
ab-test-001596,1,0.01869608059140445,0,0.9022531719136767
ab-test-001597,1,0.256698718096566,0,0.9022531719136767
ab-test-001598,0,0.04019644288283047,0,0.9022531719136767
ab-test-001599,0,0.267964173501106,0,0.9022531719136767
ab-test-001600,0,0.005502087868821033,0,0.9022531719136767
ab-test-001601,1,0.43767987993275415,0,0.9022531719136767
ab-test-001602,0,0.009687144159868879,0,0.9022531719136767
ab-test-001603,0,0.1337992566787784,0,0.9022531719136767
ab-test-001604,1,0.2609217542546778,0,0.9022531719136767
ab-test-001605,0,0.08569269264953554,0,0.9022531719136767
ab-test-001606,0,0.06501770002758123,0,0.9022531719136767
ab-test-001607,0,0.03841962664881088,0,0.9022531719136767
ab-test-001608,0,0.009261311627840642,0,0.9022531719136767
ab-test-001609,0,0.09350653170063326,0,0.9022531719136767
ab-test-001610,0,0.06426523577572311,0,0.9022531719136767
ab-test-001611,1,0.034781620900170944,0,0.9022531719136767
ab-test-001612,0,0.03879018279708077,0,0.9022531719136767
ab-test-001613,0,0.05290916350130415,0,0.9022531719136767
ab-test-001614,0,0.12792248500413034,0,0.9022531719136767
ab-test-001615,0,0.08482378794821616,0,0.9022531719136767
ab-test-001616,0,0.013520502084017985,0,0.9022531719136767
ab-test-001617,0,0.12044238068258749,0,0.9022531719136767
ab-test-001618,1,0.005023518607973845,0,0.9022531719136767
ab-test-001619,0,0.27023025711296805,0,0.9022531719136767
ab-test-001620,0,0.03477157528878138,0,0.9022531719136767
ab-test-001621,0,0.01971946333590489,0,0.9022531719136767
ab-test-001622,1,0.018548136551983115,0,0.9022531719136767
ab-test-001623,0,0.030315990254899172,0,0.9022531719136767
ab-test-001624,1,0.0011116332742612714,0,0.9022531719136767
ab-test-001625,0,0.017280261183049785,0,0.9022531719136767
ab-test-001626,0,0.015819497483518834,0,0.9022531719136767
ab-test-001627,0,0.00610006401614606,0,0.9022531719136767
ab-test-001628,0,0.037405341248642365,0,0.9022531719136767
ab-test-001629,0,0.032066307185501915,0,0.9022531719136767
ab-test-001630,0,0.06581354976408432,0,0.9022531719136767
ab-test-001631,0,0.01275559229198913,0,0.9022531719136767
ab-test-001632,0,0.00582493419823068,0,0.9022531719136767
ab-test-001633,0,0.012625514094189882,0,0.9022531719136767
ab-test-001634,0,0.007963378155224616,0,0.9022531719136767
ab-test-001635,0,0.0472098423021787,0,0.9022531719136767
ab-test-001636,0,0.021372290294674728,0,0.9022531719136767
ab-test-001637,1,0.02797571898990172,0,0.9022531719136767
ab-test-001638,0,0.006287240824828772,0,0.9022531719136767
ab-test-001639,1,0.030816806396698242,0,0.9022531719136767
ab-test-001640,0,0.03857276949552829,0,0.9022531719136767
ab-test-001641,0,0.009112560416533185,0,0.9022531719136767
ab-test-001642,0,0.009713071083811257,0,0.9022531719136767
ab-test-001643,0,0.01534551946327839,0,0.9022531719136767
ab-test-001644,0,0.027796270964448075,0,0.9022531719136767
ab-test-001645,0,0.007940235847706728,0,0.9022531719136767
ab-test-001646,0,0.06922724538422469,0,0.9022531719136767
ab-test-001647,0,0.034393324782558125,0,0.9022531719136767
ab-test-001648,0,0.04235224834337671,0,0.9022531719136767
ab-test-001649,0,0.16685722569684266,0,0.9022531719136767
ab-test-001650,0,0.11599815241271151,0,0.9022531719136767
ab-test-001651,0,0.03200434468714129,0,0.9022531719136767
ab-test-001652,0,0.03861525442968102,0,0.9022531719136767
ab-test-001653,0,0.07412754426567601,0,0.9022531719136767
ab-test-001654,0,0.05002615699467252,0,0.9022531719136767
ab-test-001655,0,0.012587725948887893,0,0.9022531719136767
ab-test-001656,1,0.4712181879358676,0,0.9022531719136767
ab-test-001657,0,0.01763144732500608,0,0.9022531719136767
ab-test-001658,0,0.030080744022515236,0,0.9022531719136767
ab-test-001659,0,0.10164394737859529,0,0.9022531719136767
ab-test-001660,0,0.02530934408676031,0,0.9022531719136767
ab-test-001661,0,0.27166028246269497,0,0.9022531719136767
ab-test-001662,0,0.025995627596403732,0,0.9022531719136767
ab-test-001663,0,0.3538388573327567,0,0.9022531719136767
ab-test-001664,1,0.019046011742303526,0,0.9022531719136767
ab-test-001665,0,0.04983549157067051,0,0.9022531719136767
ab-test-001666,0,0.6153226273536891,0,0.9022531719136767
ab-test-001667,0,0.15131271891156295,0,0.9022531719136767
ab-test-001668,0,0.021112052173572343,0,0.9022531719136767
ab-test-001669,0,0.206221816460439,0,0.9022531719136767
ab-test-001670,0,0.08089722509986345,0,0.9022531719136767
ab-test-001671,0,0.0019361536003112676,0,0.9022531719136767
ab-test-001672,0,0.028725184390872606,0,0.9022531719136767
ab-test-001673,0,0.0016698043295818455,0,0.9022531719136767
ab-test-001674,0,0.14928394557053562,0,0.9022531719136767
ab-test-001675,0,0.07150615023440773,0,0.9022531719136767
ab-test-001676,0,0.007864019565628195,0,0.9022531719136767
ab-test-001677,0,0.07133664005309616,0,0.9022531719136767
ab-test-001678,0,0.0076142849195529145,0,0.9022531719136767
ab-test-001679,0,0.003262739966648378,0,0.9022531719136767
ab-test-001680,0,0.03600709708270662,0,0.9022531719136767
ab-test-001681,0,0.02288166589672803,0,0.9022531719136767
ab-test-001682,0,0.0034582985373223674,0,0.9022531719136767
ab-test-001683,0,0.0026209225452155033,0,0.9022531719136767
ab-test-001684,0,0.01563634391751223,0,0.9022531719136767
ab-test-001685,1,0.1366710914427905,0,0.9022531719136767
ab-test-001686,0,0.005397628412753911,0,0.9022531719136767
ab-test-001687,0,0.0385873860739398,0,0.9022531719136767
ab-test-001688,1,0.6964323919097917,0,0.9022531719136767
ab-test-001689,1,0.06751422533120886,0,0.9022531719136767
ab-test-001690,0,0.003961038841061778,0,0.9022531719136767
ab-test-001691,0,0.613325034240719,0,0.9022531719136767
ab-test-001692,0,0.02133917663616217,0,0.9022531719136767
ab-test-001693,0,0.007884647544034696,0,0.9022531719136767
ab-test-001694,0,0.029030925746157364,0,0.9022531719136767
ab-test-001695,0,0.015430349898403426,0,0.9022531719136767
ab-test-001696,0,0.0069690054331414215,0,0.9022531719136767
ab-test-001697,0,0.04808774714769035,0,0.9022531719136767
ab-test-001698,0,0.06744967488195089,0,0.9022531719136767
ab-test-001699,1,0.7651507087549055,0,0.9022531719136767
ab-test-001700,1,0.1211599472855742,0,0.9022531719136767
ab-test-001701,0,0.1492894009297536,0,0.9022531719136767
ab-test-001702,0,0.028817313119212706,0,0.9022531719136767
ab-test-001703,0,0.14924521011263361,0,0.9022531719136767
ab-test-001704,0,0.003091920679370808,0,0.9022531719136767
ab-test-001705,0,0.006488187553205611,0,0.9022531719136767
ab-test-001706,0,0.09343782244132903,0,0.9022531719136767
ab-test-001707,0,0.0010769157558121797,0,0.9022531719136767
ab-test-001708,0,0.007735280344469331,0,0.9022531719136767
ab-test-001709,0,0.013702016778858983,0,0.9022531719136767
ab-test-001710,0,0.013359422930429323,0,0.9022531719136767
ab-test-001711,0,0.0402037176832068,0,0.9022531719136767
ab-test-001712,0,0.016885366812897096,0,0.9022531719136767
ab-test-001713,0,0.7800020384227255,0,0.9022531719136767
ab-test-001714,0,0.061303105863246395,0,0.9022531719136767
ab-test-001715,0,0.04861553025506871,0,0.9022531719136767
ab-test-001716,0,0.017291933249170926,0,0.9022531719136767
ab-test-001717,0,0.0018910278054523118,0,0.9022531719136767
ab-test-001718,0,0.019833737727308762,0,0.9022531719136767
ab-test-001719,0,0.1848423857383626,0,0.9022531719136767
ab-test-001720,0,0.09628898912144228,0,0.9022531719136767
ab-test-001721,0,0.003145873967671938,0,0.9022531719136767
ab-test-001722,0,0.0026729276725585244,0,0.9022531719136767
ab-test-001723,0,0.018819042557759433,0,0.9022531719136767
ab-test-001724,0,0.009257880429093411,0,0.9022531719136767
ab-test-001725,0,0.013470871980828355,0,0.9022531719136767
ab-test-001726,0,0.07172382814881513,0,0.9022531719136767
ab-test-001727,1,0.608749953396137,0,0.9022531719136767
ab-test-001728,0,0.11144128949937133,0,0.9022531719136767
ab-test-001729,0,0.03899051357557016,0,0.9022531719136767
ab-test-001730,0,0.002651325584613553,0,0.9022531719136767
ab-test-001731,0,0.0399448953431588,0,0.9022531719136767
ab-test-001732,0,0.0062092782778609005,0,0.9022531719136767
ab-test-001733,0,0.09016022678257085,0,0.9022531719136767
ab-test-001734,0,0.06451715355793465,0,0.9022531719136767
ab-test-001735,0,0.04103160650379079,0,0.9022531719136767
ab-test-001736,0,0.04894355636141786,0,0.9022531719136767
ab-test-001737,1,0.17496900897506856,0,0.9022531719136767
ab-test-001738,0,0.018279207786400246,0,0.9022531719136767
ab-test-001739,0,0.09795538965421495,0,0.9022531719136767
ab-test-001740,0,0.3166261330386087,0,0.9022531719136767
ab-test-001741,1,0.4358292544200117,0,0.9022531719136767
ab-test-001742,0,0.038847208369956844,0,0.9022531719136767
ab-test-001743,0,0.6374646753272571,0,0.9022531719136767
ab-test-001744,0,0.16239249956383944,0,0.9022531719136767
ab-test-001745,0,0.006028545707764903,0,0.9022531719136767
ab-test-001746,0,0.009809009040385584,0,0.9022531719136767
ab-test-001747,0,0.00993497970292364,0,0.9022531719136767
ab-test-001748,0,0.0030944068922520935,0,0.9022531719136767
ab-test-001749,1,0.20485785314359417,0,0.9022531719136767
ab-test-001750,0,0.22516929894952004,0,0.9022531719136767
ab-test-001751,0,0.014200911320720983,0,0.9022531719136767
ab-test-001752,0,0.005880001246342291,0,0.9022531719136767
ab-test-001753,0,0.2573509908025048,0,0.9022531719136767
ab-test-001754,0,0.07711465263774026,0,0.9022531719136767
ab-test-001755,0,0.11802958335298139,0,0.9022531719136767
ab-test-001756,0,0.1433570470932251,0,0.9022531719136767
ab-test-001757,0,0.13718298528317477,0,0.9022531719136767
ab-test-001758,0,0.07758372746363786,0,0.9022531719136767
ab-test-001759,0,0.07380677884444027,0,0.9022531719136767
ab-test-001760,0,0.08614373142399004,0,0.9022531719136767
ab-test-001761,0,0.0073428075734899585,0,0.9022531719136767
ab-test-001762,0,0.11804404141596499,0,0.9022531719136767
ab-test-001763,0,0.00899382628188363,0,0.9022531719136767
ab-test-001764,0,0.014543918210770777,0,0.9022531719136767
ab-test-001765,0,0.007432031373616698,0,0.9022531719136767
ab-test-001766,0,0.5800352559975959,0,0.9022531719136767
ab-test-001767,0,0.03044071497110812,0,0.9022531719136767
ab-test-001768,0,0.004233450556248924,0,0.9022531719136767
ab-test-001769,0,0.15301204915738978,0,0.9022531719136767
ab-test-001770,0,0.07969365915722736,0,0.9022531719136767
ab-test-001771,1,0.09495504430427676,0,0.9022531719136767
ab-test-001772,1,0.29368587777770816,0,0.9022531719136767
ab-test-001773,0,0.01808325794802472,0,0.9022531719136767
ab-test-001774,0,0.055799453844788016,0,0.9022531719136767
ab-test-001775,0,0.15628936553347267,0,0.9022531719136767
ab-test-001776,1,0.03085697985847112,0,0.9022531719136767
ab-test-001777,1,0.007934239160078686,0,0.9022531719136767
ab-test-001778,0,0.06140145670171245,0,0.9022531719136767
ab-test-001779,0,0.0028761314201423208,0,0.9022531719136767
ab-test-001780,0,0.018626636236386537,0,0.9022531719136767
ab-test-001781,0,0.004553158335270365,0,0.9022531719136767
ab-test-001782,0,0.07918328026079599,0,0.9022531719136767
ab-test-001783,0,0.2435222458265535,0,0.9022531719136767
ab-test-001784,0,0.01341244303775596,0,0.9022531719136767
ab-test-001785,0,0.002774346712392915,0,0.9022531719136767
ab-test-001786,0,0.037258717988381373,0,0.9022531719136767
ab-test-001787,0,0.033623608530435715,0,0.9022531719136767
ab-test-001788,0,0.0033146515023212905,0,0.9022531719136767
ab-test-001789,0,0.01064241382967518,0,0.9022531719136767
ab-test-001790,0,0.13824120547185909,0,0.9022531719136767
ab-test-001791,0,0.2141178216463885,0,0.9022531719136767
ab-test-001792,0,0.06049166371258639,0,0.9022531719136767
ab-test-001793,0,0.1427550852791234,0,0.9022531719136767
ab-test-001794,0,0.07699036438259393,0,0.9022531719136767
ab-test-001795,0,0.01086548317760885,0,0.9022531719136767
ab-test-001796,0,0.025484702354367995,0,0.9022531719136767
ab-test-001797,0,0.7967494991362177,0,0.9022531719136767
ab-test-001798,0,0.01113739588213629,0,0.9022531719136767
ab-test-001799,0,0.04733925409908646,0,0.9022531719136767
ab-test-001800,0,0.007180580589227506,0,0.9022531719136767
ab-test-001801,0,0.07260923663543692,0,0.9022531719136767
ab-test-001802,0,0.09208091734862829,0,0.9022531719136767
ab-test-001803,0,0.004102931482988118,0,0.9022531719136767
ab-test-001804,0,0.00781764564359412,0,0.9022531719136767
ab-test-001805,0,0.006774207048332738,0,0.9022531719136767
ab-test-001806,0,0.19188453408392192,0,0.9022531719136767
ab-test-001807,0,0.13280818906651826,0,0.9022531719136767
ab-test-001808,1,0.06484116432382979,0,0.9022531719136767
ab-test-001809,0,0.02828244497869054,0,0.9022531719136767
ab-test-001810,0,0.0030991026380517094,0,0.9022531719136767
ab-test-001811,0,0.1038323829395037,0,0.9022531719136767
ab-test-001812,0,0.04033879006205444,0,0.9022531719136767
ab-test-001813,0,0.09545608812572944,0,0.9022531719136767
ab-test-001814,0,0.009896508139826083,0,0.9022531719136767
ab-test-001815,0,0.01248039118024206,0,0.9022531719136767
ab-test-001816,1,0.06962996045461303,0,0.9022531719136767
ab-test-001817,0,0.002820788236665607,0,0.9022531719136767
ab-test-001818,0,0.06383944701092553,0,0.9022531719136767
ab-test-001819,0,0.06624111903268393,0,0.9022531719136767
ab-test-001820,1,0.008041020082004581,0,0.9022531719136767
ab-test-001821,0,0.01915623768651252,0,0.9022531719136767
ab-test-001822,0,0.957581824512501,1,0.9022531719136767
ab-test-001823,1,0.11216710101700841,0,0.9022531719136767
ab-test-001824,0,0.009189239638154746,0,0.9022531719136767
ab-test-001825,0,0.005087489281533674,0,0.9022531719136767
ab-test-001826,0,0.036892647005356057,0,0.9022531719136767
ab-test-001827,0,0.019505640637793517,0,0.9022531719136767
ab-test-001828,0,0.05603741973426613,0,0.9022531719136767
ab-test-001829,0,0.14476940792632448,0,0.9022531719136767
ab-test-001830,1,0.3109678972238609,0,0.9022531719136767
ab-test-001831,0,0.06637408107341669,0,0.9022531719136767
ab-test-001832,0,0.008563208455125114,0,0.9022531719136767
ab-test-001833,0,0.03506168301641297,0,0.9022531719136767
ab-test-001834,0,0.006070491435164253,0,0.9022531719136767
ab-test-001835,0,0.04356309033088321,0,0.9022531719136767
ab-test-001836,0,0.021637385771268475,0,0.9022531719136767
ab-test-001837,0,0.031198794384921485,0,0.9022531719136767
ab-test-001838,0,0.10469852299919648,0,0.9022531719136767
ab-test-001839,0,0.002873914994389139,0,0.9022531719136767
ab-test-001840,0,0.04366926685289273,0,0.9022531719136767
ab-test-001841,0,0.0506894924824452,0,0.9022531719136767
ab-test-001842,0,0.05021583378557024,0,0.9022531719136767
ab-test-001843,0,0.02163647162702105,0,0.9022531719136767
ab-test-001844,1,0.049151112718476,0,0.9022531719136767
ab-test-001845,0,0.08170768784092,0,0.9022531719136767
ab-test-001846,0,0.04098363810443837,0,0.9022531719136767
ab-test-001847,0,0.07579642640601764,0,0.9022531719136767
ab-test-001848,0,0.012718540927867599,0,0.9022531719136767
ab-test-001849,0,0.8270558256171054,0,0.9022531719136767
ab-test-001850,0,0.07593544609876011,0,0.9022531719136767
ab-test-001851,0,0.010038796920291675,0,0.9022531719136767
ab-test-001852,0,0.1527976171936415,0,0.9022531719136767
ab-test-001853,1,0.5629753314773007,0,0.9022531719136767
ab-test-001854,0,0.598773291956536,0,0.9022531719136767
ab-test-001855,0,0.004544467687732244,0,0.9022531719136767
ab-test-001856,0,0.028094075382395514,0,0.9022531719136767
ab-test-001857,0,0.005595229523997472,0,0.9022531719136767
ab-test-001858,0,0.012442282061650881,0,0.9022531719136767
ab-test-001859,0,0.052301593719727875,0,0.9022531719136767
ab-test-001860,0,0.006541566036077522,0,0.9022531719136767
ab-test-001861,0,0.05051030747743655,0,0.9022531719136767
ab-test-001862,0,0.06997205491613906,0,0.9022531719136767
ab-test-001863,0,0.06150041790423116,0,0.9022531719136767
ab-test-001864,0,0.36053154610763744,0,0.9022531719136767
ab-test-001865,0,0.01022230968627975,0,0.9022531719136767
ab-test-001866,0,0.016900512781276723,0,0.9022531719136767
ab-test-001867,0,0.014743400772222129,0,0.9022531719136767
ab-test-001868,0,0.0482630900349488,0,0.9022531719136767
ab-test-001869,0,0.00786333164420045,0,0.9022531719136767
ab-test-001870,0,0.0078073213571081814,0,0.9022531719136767
ab-test-001871,0,0.27445486065923813,0,0.9022531719136767
ab-test-001872,0,0.09075687446325478,0,0.9022531719136767
ab-test-001873,0,0.17758806110744743,0,0.9022531719136767
ab-test-001874,0,0.388598398180816,0,0.9022531719136767
ab-test-001875,0,0.0145103851860419,0,0.9022531719136767
ab-test-001876,0,0.010666554539166088,0,0.9022531719136767
ab-test-001877,0,0.2488227603529154,0,0.9022531719136767
ab-test-001878,0,0.045569604348256916,0,0.9022531719136767
ab-test-001879,0,0.015888836877426416,0,0.9022531719136767
ab-test-001880,0,0.23443594790147268,0,0.9022531719136767
ab-test-001881,0,0.002062811880323304,0,0.9022531719136767
ab-test-001882,0,0.15310856810272583,0,0.9022531719136767
ab-test-001883,1,0.08961001059253845,0,0.9022531719136767
ab-test-001884,0,0.04924274893258055,0,0.9022531719136767
ab-test-001885,0,0.02934953768838596,0,0.9022531719136767
ab-test-001886,0,0.039072317500141576,0,0.9022531719136767
ab-test-001887,1,0.19102542196665437,0,0.9022531719136767
ab-test-001888,0,0.027597629323606307,0,0.9022531719136767
ab-test-001889,0,0.1289969651500031,0,0.9022531719136767
ab-test-001890,0,0.008956197829928035,0,0.9022531719136767
ab-test-001891,0,0.06902853262622585,0,0.9022531719136767
ab-test-001892,0,0.05003078332702425,0,0.9022531719136767
ab-test-001893,1,0.03460977104661372,0,0.9022531719136767
ab-test-001894,0,0.032766010022366204,0,0.9022531719136767
ab-test-001895,1,0.021771731784291645,0,0.9022531719136767
ab-test-001896,0,0.018435246563302927,0,0.9022531719136767
ab-test-001897,0,0.004598613183121119,0,0.9022531719136767
ab-test-001898,0,0.038060742121748356,0,0.9022531719136767
ab-test-001899,0,0.010758683693323055,0,0.9022531719136767
ab-test-001900,0,0.006582772911768117,0,0.9022531719136767
ab-test-001901,0,0.008722875185994353,0,0.9022531719136767
ab-test-001902,0,0.007412404456271992,0,0.9022531719136767
ab-test-001903,0,0.012723519881423052,0,0.9022531719136767
ab-test-001904,1,0.006272632043048412,0,0.9022531719136767
ab-test-001905,0,0.06366405298420509,0,0.9022531719136767
ab-test-001906,0,0.019078835214743,0,0.9022531719136767
ab-test-001907,0,0.02485094219088771,0,0.9022531719136767
ab-test-001908,0,0.0087134717048702,0,0.9022531719136767
ab-test-001909,0,0.008153851774278052,0,0.9022531719136767
ab-test-001910,0,0.10010332350082395,0,0.9022531719136767
ab-test-001911,0,0.016721276997238698,0,0.9022531719136767
ab-test-001912,1,0.45913784818052267,0,0.9022531719136767
ab-test-001913,0,0.06649746139060955,0,0.9022531719136767
ab-test-001914,0,0.011407057786717205,0,0.9022531719136767
ab-test-001915,0,0.4066867030916904,0,0.9022531719136767
