pair_id,label,probability,prediction,threshold
ag-test-000000,0,0.00011976016259675022,0,0.1946883992532198
ag-test-000001,0,0.003166656884817591,0,0.1946883992532198
ag-test-000002,0,0.04961227477187291,0,0.1946883992532198
ag-test-000003,0,0.04333274629389079,0,0.1946883992532198
ag-test-000004,0,0.009868041888538216,0,0.1946883992532198
ag-test-000005,0,0.01416454575106767,0,0.1946883992532198
ag-test-000006,0,0.0126589919780216,0,0.1946883992532198
ag-test-000007,0,0.022269265819967007,0,0.1946883992532198
ag-test-000008,0,0.1164032902684721,0,0.1946883992532198
ag-test-000009,0,0.0014475496060953356,0,0.1946883992532198
ag-test-000010,0,0.009266136334718464,0,0.1946883992532198
ag-test-000011,0,0.040466430460239594,0,0.1946883992532198
ag-test-000012,0,0.03545296027114645,0,0.1946883992532198
ag-test-000013,0,0.006032107832142104,0,0.1946883992532198
ag-test-000014,0,0.004831247775124074,0,0.1946883992532198
ag-test-000015,0,0.02880573486680054,0,0.1946883992532198
ag-test-000016,0,0.22717239754025204,1,0.1946883992532198
ag-test-000017,0,0.0005026817638680151,0,0.1946883992532198
ag-test-000018,0,0.04865020688703531,0,0.1946883992532198
ag-test-000019,0,0.008405772208058012,0,0.1946883992532198
ag-test-000020,0,0.00700653049413446,0,0.1946883992532198
ag-test-000021,0,0.29872555552577573,1,0.1946883992532198
ag-test-000022,0,0.0024680003093505553,0,0.1946883992532198
ag-test-000023,1,0.5728616236725872,1,0.1946883992532198
ag-test-000024,0,0.009067316849373584,0,0.1946883992532198
ag-test-000025,1,0.3018121250471447,1,0.1946883992532198
ag-test-000026,0,0.0032667431504602626,0,0.1946883992532198
ag-test-000027,0,0.0027267502434977922,0,0.1946883992532198
ag-test-000028,1,0.2745068587467639,1,0.1946883992532198
ag-test-000029,0,0.1745925171878989,0,0.1946883992532198
ag-test-000030,0,0.3121880901158254,1,0.1946883992532198
ag-test-000031,0,0.010259216849695827,0,0.1946883992532198
ag-test-000032,0,0.05114124257671089,0,0.1946883992532198
ag-test-000033,0,0.06332025305537461,0,0.1946883992532198
ag-test-000034,1,0.8010570989635399,1,0.1946883992532198
ag-test-000035,0,0.032317361184426394,0,0.1946883992532198
ag-test-000036,0,0.014297613046087928,0,0.1946883992532198
ag-test-000037,0,0.0046001184810679436,0,0.1946883992532198
ag-test-000038,0,0.02624884437412613,0,0.1946883992532198
ag-test-000039,0,0.05721924222274316,0,0.1946883992532198
ag-test-000040,0,0.006433196066819132,0,0.1946883992532198
ag-test-000041,1,0.06192496749162546,0,0.1946883992532198
ag-test-000042,0,0.040703376946808256,0,0.1946883992532198
ag-test-000043,0,0.039432607964942565,0,0.1946883992532198
ag-test-000044,0,0.028295642058029306,0,0.1946883992532198
ag-test-000045,0,0.06621075281431231,0,0.1946883992532198
ag-test-000046,1,0.028926098392066203,0,0.1946883992532198
ag-test-000047,0,0.06411964599673133,0,0.1946883992532198
ag-test-000048,0,0.003946439607930812,0,0.1946883992532198
ag-test-000049,0,0.12892723989079521,0,0.1946883992532198
ag-test-000050,0,0.007996838808321917,0,0.1946883992532198
ag-test-000051,0,0.014412502018343883,0,0.1946883992532198
ag-test-000052,0,0.007133151349606997,0,0.1946883992532198
ag-test-000053,0,0.0035934419276107913,0,0.1946883992532198
ag-test-000054,0,0.09087071052931778,0,0.1946883992532198
ag-test-000055,0,0.038307757365705804,0,0.1946883992532198
ag-test-000056,0,0.09474747833414005,0,0.1946883992532198
ag-test-000057,0,0.012401740301527641,0,0.1946883992532198
ag-test-000058,0,0.008906446360027027,0,0.1946883992532198
ag-test-000059,0,0.022531727416222527,0,0.1946883992532198
ag-test-000060,0,0.05604785730654033,0,0.1946883992532198
ag-test-000061,0,0.013472215821637722,0,0.1946883992532198
ag-test-000062,0,0.007273161088615925,0,0.1946883992532198
ag-test-000063,0,0.035990830792596906,0,0.1946883992532198
ag-test-000064,0,0.09415643862656657,0,0.1946883992532198
ag-test-000065,0,0.03480708306954606,0,0.1946883992532198
ag-test-000066,1,0.2782886700847175,1,0.1946883992532198
ag-test-000067,1,0.48363205916163704,1,0.1946883992532198
ag-test-000068,0,0.0008357138862182643,0,0.1946883992532198
ag-test-000069,1,0.14041083983649216,0,0.1946883992532198
ag-test-000070,0,3.5039348341775185e-05,0,0.1946883992532198
ag-test-000071,0,0.02610328921723466,0,0.1946883992532198
ag-test-000072,0,0.009932845814935871,0,0.1946883992532198
ag-test-000073,0,0.02792264553970968,0,0.1946883992532198
ag-test-000074,0,0.008893491846741304,0,0.1946883992532198
ag-test-000075,0,0.010811399852470186,0,0.1946883992532198
ag-test-000076,0,0.3377264001152449,1,0.1946883992532198
ag-test-000077,0,0.06984798764465744,0,0.1946883992532198
ag-test-000078,0,0.0767368368528876,0,0.1946883992532198
ag-test-000079,0,0.03867858367014953,0,0.1946883992532198
ag-test-000080,0,0.0610634620807764,0,0.1946883992532198
ag-test-000081,0,0.010370852436183116,0,0.1946883992532198
ag-test-000082,0,0.005381224082929006,0,0.1946883992532198
ag-test-000083,0,0.014069473993321271,0,0.1946883992532198
ag-test-000084,0,0.18155014117951424,0,0.1946883992532198
ag-test-000085,0,0.28202669755127324,1,0.1946883992532198
ag-test-000086,0,0.19286715567661789,0,0.1946883992532198
ag-test-000087,0,0.02666903875296991,0,0.1946883992532198
ag-test-000088,0,0.007836687739860161,0,0.1946883992532198
ag-test-000089,0,0.023369251062645542,0,0.1946883992532198
ag-test-000090,0,0.12002451008224035,0,0.1946883992532198
ag-test-000091,0,0.015130273772665778,0,0.1946883992532198
ag-test-000092,0,0.013522936820001802,0,0.1946883992532198
ag-test-000093,0,0.09649860194114475,0,0.1946883992532198
ag-test-000094,0,0.005542627233564462,0,0.1946883992532198
ag-test-000095,0,0.0045380441005334745,0,0.1946883992532198
ag-test-000096,0,0.009182097414378946,0,0.1946883992532198
ag-test-000097,0,0.006728186272975462,0,0.1946883992532198
ag-test-000098,0,0.06582172487533637,0,0.1946883992532198
ag-test-000099,0,0.07214587610847416,0,0.1946883992532198
ag-test-000100,0,0.016838071940458322,0,0.1946883992532198
ag-test-000101,1,0.325492137317733,1,0.1946883992532198
ag-test-000102,0,0.0036318169909546434,0,0.1946883992532198
ag-test-000103,0,0.004705094456178345,0,0.1946883992532198
ag-test-000104,0,0.08797280802053167,0,0.1946883992532198
ag-test-000105,1,0.21289690160682864,1,0.1946883992532198
ag-test-000106,0,0.014573982365142554,0,0.1946883992532198
ag-test-000107,0,0.006077165959487378,0,0.1946883992532198
ag-test-000108,0,0.020126323791067147,0,0.1946883992532198
ag-test-000109,0,0.0011858420173889172,0,0.1946883992532198
ag-test-000110,0,0.026096131206892914,0,0.1946883992532198
ag-test-000111,0,0.013376067651587676,0,0.1946883992532198
ag-test-000112,0,0.01672681031854071,0,0.1946883992532198
ag-test-000113,0,0.008960774074977087,0,0.1946883992532198
ag-test-000114,1,0.5776095509342616,1,0.1946883992532198
ag-test-000115,0,0.030762994372942987,0,0.1946883992532198
ag-test-000116,0,0.04183539052918998,0,0.1946883992532198
ag-test-000117,0,0.015301397644075681,0,0.1946883992532198
ag-test-000118,0,0.005991013321724959,0,0.1946883992532198
ag-test-000119,0,0.026313632744752378,0,0.1946883992532198
ag-test-000120,0,0.007072296841538243,0,0.1946883992532198
ag-test-000121,1,0.4052546081228755,1,0.1946883992532198
ag-test-000122,1,0.14486040991302324,0,0.1946883992532198
ag-test-000123,0,0.3540780226048085,1,0.1946883992532198
ag-test-000124,0,0.019658337797015053,0,0.1946883992532198
ag-test-000125,0,0.011602924470976215,0,0.1946883992532198
ag-test-000126,0,0.04735193191580251,0,0.1946883992532198
ag-test-000127,0,0.016187683202789564,0,0.1946883992532198
ag-test-000128,0,0.012627646374724546,0,0.1946883992532198
ag-test-000129,0,0.011473172865228013,0,0.1946883992532198
ag-test-000130,0,0.004578550582687754,0,0.1946883992532198
ag-test-000131,0,0.167692916886347,0,0.1946883992532198
ag-test-000132,1,0.5398313539475974,1,0.1946883992532198
ag-test-000133,0,0.035264069583558606,0,0.1946883992532198
ag-test-000134,1,0.4234434171754732,1,0.1946883992532198
ag-test-000135,0,0.024981402732410465,0,0.1946883992532198
ag-test-000136,1,0.005163038182049833,0,0.1946883992532198
ag-test-000137,0,0.5737346682016184,1,0.1946883992532198
ag-test-000138,0,0.028681948809054326,0,0.1946883992532198
ag-test-000139,0,0.028127842841390197,0,0.1946883992532198
ag-test-000140,0,0.04040285246155118,0,0.1946883992532198
ag-test-000141,0,0.08060658035941573,0,0.1946883992532198
ag-test-000142,0,0.039272030360036334,0,0.1946883992532198
ag-test-000143,0,0.04740530301143461,0,0.1946883992532198
ag-test-000144,0,0.018752562321786702,0,0.1946883992532198
ag-test-000145,0,0.17319161168290326,0,0.1946883992532198
ag-test-000146,0,0.03974459357764768,0,0.1946883992532198
ag-test-000147,0,0.02954122129196461,0,0.1946883992532198
ag-test-000148,0,0.062490263494209934,0,0.1946883992532198
ag-test-000149,0,0.01227003909000749,0,0.1946883992532198
ag-test-000150,0,0.06113866150896996,0,0.1946883992532198
ag-test-000151,0,0.024358651497953944,0,0.1946883992532198
ag-test-000152,0,0.11281859276453193,0,0.1946883992532198
ag-test-000153,0,0.020842401917518943,0,0.1946883992532198
ag-test-000154,0,0.14241581880082765,0,0.1946883992532198
ag-test-000155,0,0.03768471448550749,0,0.1946883992532198
ag-test-000156,0,0.012386747198736696,0,0.1946883992532198
ag-test-000157,0,0.07056266745187124,0,0.1946883992532198
ag-test-000158,0,0.14766192648569126,0,0.1946883992532198
ag-test-000159,0,0.025745573743892938,0,0.1946883992532198
ag-test-000160,0,0.298927552442803,1,0.1946883992532198
ag-test-000161,0,0.12318735422567872,0,0.1946883992532198
ag-test-000162,0,0.03040745525891415,0,0.1946883992532198
ag-test-000163,1,0.48321058486514024,1,0.1946883992532198
ag-test-000164,0,0.008524715767236528,0,0.1946883992532198
ag-test-000165,0,0.03130954967168588,0,0.1946883992532198
ag-test-000166,0,0.02108593327834528,0,0.1946883992532198
ag-test-000167,0,0.027094791666739712,0,0.1946883992532198
ag-test-000168,1,0.3374316108271371,1,0.1946883992532198
ag-test-000169,0,0.0037379603740439553,0,0.1946883992532198
ag-test-000170,0,0.013323152081365251,0,0.1946883992532198
ag-test-000171,0,0.008137188702057745,0,0.1946883992532198
ag-test-000172,0,0.11509231505343546,0,0.1946883992532198
ag-test-000173,0,0.04297144096391859,0,0.1946883992532198
ag-test-000174,0,0.17285367625405548,0,0.1946883992532198
ag-test-000175,0,0.02097952809707413,0,0.1946883992532198
ag-test-000176,0,0.01643975519802797,0,0.1946883992532198
ag-test-000177,0,0.009854615498705949,0,0.1946883992532198
ag-test-000178,0,0.019420322730437804,0,0.1946883992532198
ag-test-000179,0,0.00019608224996867403,0,0.1946883992532198
ag-test-000180,1,0.06809877112121913,0,0.1946883992532198
ag-test-000181,0,0.04863295806491931,0,0.1946883992532198
ag-test-000182,0,0.006595806499296535,0,0.1946883992532198
ag-test-000183,0,0.19101945426269878,0,0.1946883992532198
ag-test-000184,0,0.011307389681613307,0,0.1946883992532198
ag-test-000185,0,0.035995639794031066,0,0.1946883992532198
ag-test-000186,0,0.0365390657729202,0,0.1946883992532198
ag-test-000187,0,0.04066061317990838,0,0.1946883992532198
ag-test-000188,0,0.08245705770540789,0,0.1946883992532198
ag-test-000189,0,0.011714161005478908,0,0.1946883992532198
ag-test-000190,1,0.6730820991835758,1,0.1946883992532198
ag-test-000191,0,0.3199928404099529,1,0.1946883992532198
ag-test-000192,0,0.028632086905698812,0,0.1946883992532198
ag-test-000193,0,0.04529017279265098,0,0.1946883992532198
ag-test-000194,0,0.016125703975283796,0,0.1946883992532198
ag-test-000195,1,0.03280700870395823,0,0.1946883992532198
ag-test-000196,0,0.09602554467342694,0,0.1946883992532198
ag-test-000197,0,0.036787438745579173,0,0.1946883992532198
ag-test-000198,0,0.019703145415112477,0,0.1946883992532198
ag-test-000199,0,0.31382987142461616,1,0.1946883992532198
ag-test-000200,0,0.0074731576805092004,0,0.1946883992532198
ag-test-000201,0,0.0032825120714075674,0,0.1946883992532198
ag-test-000202,0,0.07131901519890872,0,0.1946883992532198
ag-test-000203,0,0.007370300362221374,0,0.1946883992532198
ag-test-000204,0,0.015967359189815216,0,0.1946883992532198
ag-test-000205,0,0.005860760173731239,0,0.1946883992532198
ag-test-000206,1,0.16269629921472398,0,0.1946883992532198
ag-test-000207,0,0.05957047651499975,0,0.1946883992532198
ag-test-000208,0,0.1145352019446584,0,0.1946883992532198
ag-test-000209,0,0.004642770620639412,0,0.1946883992532198
ag-test-000210,0,0.024207640980058516,0,0.1946883992532198
ag-test-000211,0,0.010229830303419146,0,0.1946883992532198
ag-test-000212,0,0.02534525229501787,0,0.1946883992532198
ag-test-000213,0,0.02499489250382001,0,0.1946883992532198
ag-test-000214,0,0.11808681414759156,0,0.1946883992532198
ag-test-000215,0,0.01266380514433623,0,0.1946883992532198
ag-test-000216,1,0.0021478807999065663,0,0.1946883992532198
ag-test-000217,0,0.013633648629722822,0,0.1946883992532198
ag-test-000218,0,0.05268720266996106,0,0.1946883992532198
ag-test-000219,0,0.0718174312265615,0,0.1946883992532198
ag-test-000220,0,0.48021221195527874,1,0.1946883992532198
ag-test-000221,0,0.03728900787188582,0,0.1946883992532198
ag-test-000222,0,0.06242752079039616,0,0.1946883992532198
ag-test-000223,0,0.1118518810815701,0,0.1946883992532198
ag-test-000224,0,0.010243331843420462,0,0.1946883992532198
ag-test-000225,0,0.011395770355476518,0,0.1946883992532198
ag-test-000226,0,0.03394144409153852,0,0.1946883992532198
ag-test-000227,0,0.005153710919138116,0,0.1946883992532198
ag-test-000228,1,0.2431733166257141,1,0.1946883992532198
ag-test-000229,0,0.024646803838655116,0,0.1946883992532198
ag-test-000230,0,0.005861526874165527,0,0.1946883992532198
ag-test-000231,0,0.00579264914978244,0,0.1946883992532198
ag-test-000232,0,0.10470339072145393,0,0.1946883992532198
ag-test-000233,0,0.0009873857362740907,0,0.1946883992532198
ag-test-000234,0,0.08507285592215372,0,0.1946883992532198
ag-test-000235,1,0.349066365737175,1,0.1946883992532198
ag-test-000236,1,0.14672889852788903,0,0.1946883992532198
ag-test-000237,0,0.027095412925891862,0,0.1946883992532198
ag-test-000238,0,0.06633220746713042,0,0.1946883992532198
ag-test-000239,0,0.007951820362957333,0,0.1946883992532198
ag-test-000240,1,0.40797755252355034,1,0.1946883992532198
ag-test-000241,0,0.036643958896212324,0,0.1946883992532198
ag-test-000242,0,0.018159584892965885,0,0.1946883992532198
ag-test-000243,0,0.007827907825358239,0,0.1946883992532198
ag-test-000244,0,0.03595224104064388,0,0.1946883992532198
ag-test-000245,0,0.0016228961817589527,0,0.1946883992532198
ag-test-000246,0,0.03026056754446604,0,0.1946883992532198
ag-test-000247,0,0.2009721471218816,1,0.1946883992532198
ag-test-000248,0,0.024754225751215813,0,0.1946883992532198
ag-test-000249,0,0.004855430194549534,0,0.1946883992532198
ag-test-000250,0,0.06271038686255925,0,0.1946883992532198
ag-test-000251,0,0.07510254836454175,0,0.1946883992532198
ag-test-000252,0,0.044693715618263595,0,0.1946883992532198
ag-test-000253,0,0.005699297300240174,0,0.1946883992532198
ag-test-000254,0,0.013452524563987843,0,0.1946883992532198
ag-test-000255,0,0.0004393142421179837,0,0.1946883992532198
ag-test-000256,0,0.0095985806209346,0,0.1946883992532198
ag-test-000257,0,0.0012421935517393597,0,0.1946883992532198
ag-test-000258,0,0.00697238516509922,0,0.1946883992532198
ag-test-000259,1,0.027048439742979886,0,0.1946883992532198
ag-test-000260,0,0.022183901715789708,0,0.1946883992532198
ag-test-000261,0,0.0901010913826658,0,0.1946883992532198
ag-test-000262,0,0.18384022469142786,0,0.1946883992532198
ag-test-000263,0,0.11836951056390149,0,0.1946883992532198
ag-test-000264,0,0.06222093639797017,0,0.1946883992532198
ag-test-000265,0,0.028952222459027285,0,0.1946883992532198
ag-test-000266,0,0.054423857482163135,0,0.1946883992532198
ag-test-000267,0,0.040837352781025724,0,0.1946883992532198
ag-test-000268,1,0.3396010119611426,1,0.1946883992532198
ag-test-000269,0,0.08690042450759292,0,0.1946883992532198
ag-test-000270,0,0.06637039985613088,0,0.1946883992532198
ag-test-000271,0,0.008071786407970665,0,0.1946883992532198
ag-test-000272,1,0.31319234018401915,1,0.1946883992532198
ag-test-000273,0,0.07747650681791086,0,0.1946883992532198
ag-test-000274,0,0.162297126895284,0,0.1946883992532198
ag-test-000275,0,0.009986896909270798,0,0.1946883992532198
ag-test-000276,1,0.26635546190124154,1,0.1946883992532198
ag-test-000277,0,0.011658188364030781,0,0.1946883992532198
ag-test-000278,0,0.12522297341989627,0,0.1946883992532198
ag-test-000279,0,0.04116817921922764,0,0.1946883992532198
ag-test-000280,0,0.023796636640467887,0,0.1946883992532198
ag-test-000281,0,0.5076477675126249,1,0.1946883992532198
ag-test-000282,0,0.05383198048346033,0,0.1946883992532198
ag-test-000283,0,0.0003957429140289538,0,0.1946883992532198
ag-test-000284,0,0.008803531536322852,0,0.1946883992532198
ag-test-000285,0,0.037220793108939054,0,0.1946883992532198
ag-test-000286,0,0.004124598044479999,0,0.1946883992532198
ag-test-000287,0,0.0039532325394846775,0,0.1946883992532198
ag-test-000288,0,0.014858021858339343,0,0.1946883992532198
ag-test-000289,0,0.02795606466465643,0,0.1946883992532198
ag-test-000290,0,0.19746091797894524,1,0.1946883992532198
ag-test-000291,1,0.08832886760649698,0,0.1946883992532198
ag-test-000292,0,0.01359675682444041,0,0.1946883992532198
ag-test-000293,0,0.007621901070000181,0,0.1946883992532198
ag-test-000294,1,0.02850652659585561,0,0.1946883992532198
ag-test-000295,1,0.17483227175511287,0,0.1946883992532198
ag-test-000296,0,0.006282931771141107,0,0.1946883992532198
ag-test-000297,0,0.2339765882483413,1,0.1946883992532198
ag-test-000298,0,0.018184445403307565,0,0.1946883992532198
ag-test-000299,0,0.0005026817638680151,0,0.1946883992532198
ag-test-000300,0,0.1456727947997028,0,0.1946883992532198
ag-test-000301,0,0.004717876489021121,0,0.1946883992532198
ag-test-000302,0,0.02858757145858097,0,0.1946883992532198
ag-test-000303,0,0.23351838950898857,1,0.1946883992532198
ag-test-000304,0,0.03650673789764693,0,0.1946883992532198
ag-test-000305,0,0.05393931306411235,0,0.1946883992532198
ag-test-000306,0,0.007859618229753425,0,0.1946883992532198
ag-test-000307,0,0.13586807185044272,0,0.1946883992532198
ag-test-000308,0,0.010989759952028272,0,0.1946883992532198
ag-test-000309,0,0.020605092302862046,0,0.1946883992532198
ag-test-000310,0,0.10971482645824579,0,0.1946883992532198
ag-test-000311,0,0.020313161914047535,0,0.1946883992532198
ag-test-000312,0,0.005501452341420184,0,0.1946883992532198
ag-test-000313,0,0.020060670852422347,0,0.1946883992532198
ag-test-000314,0,0.02228797295710242,0,0.1946883992532198
ag-test-000315,0,0.0508201793296987,0,0.1946883992532198
ag-test-000316,0,0.016095378399270086,0,0.1946883992532198
ag-test-000317,0,0.009923480306881893,0,0.1946883992532198
ag-test-000318,0,0.009047184770389578,0,0.1946883992532198
ag-test-000319,0,0.008056780251150048,0,0.1946883992532198
ag-test-000320,1,0.2605069811172207,1,0.1946883992532198
ag-test-000321,0,0.016603059916679663,0,0.1946883992532198
ag-test-000322,0,0.08489562611677935,0,0.1946883992532198
ag-test-000323,0,0.011749290032987124,0,0.1946883992532198
ag-test-000324,0,0.019196326211694,0,0.1946883992532198
ag-test-000325,0,0.037011753479419304,0,0.1946883992532198
ag-test-000326,1,0.5541600465365624,1,0.1946883992532198
ag-test-000327,0,0.022907525147306415,0,0.1946883992532198
ag-test-000328,0,0.04429006757506821,0,0.1946883992532198
ag-test-000329,0,0.06753304970971094,0,0.1946883992532198
ag-test-000330,0,0.01564118072912216,0,0.1946883992532198
ag-test-000331,0,0.007653989484821908,0,0.1946883992532198
ag-test-000332,0,0.002098038964476969,0,0.1946883992532198
ag-test-000333,1,0.5192090522021006,1,0.1946883992532198
ag-test-000334,0,0.010766274481684993,0,0.1946883992532198
ag-test-000335,0,0.038986202313041035,0,0.1946883992532198
ag-test-000336,0,0.021185265184319693,0,0.1946883992532198
ag-test-000337,0,0.04466990171848371,0,0.1946883992532198
ag-test-000338,0,0.037831604422358715,0,0.1946883992532198
ag-test-000339,0,0.1202890447870804,0,0.1946883992532198
ag-test-000340,0,0.04471904621994032,0,0.1946883992532198
ag-test-000341,0,0.02493931901336461,0,0.1946883992532198
ag-test-000342,0,0.005236716639351061,0,0.1946883992532198
ag-test-000343,0,0.005861526874165527,0,0.1946883992532198
ag-test-000344,1,0.10735123407906008,0,0.1946883992532198
ag-test-000345,0,0.012058419379368253,0,0.1946883992532198
ag-test-000346,1,0.05622245831025558,0,0.1946883992532198
ag-test-000347,0,0.053369114002584504,0,0.1946883992532198
ag-test-000348,0,0.13545521313483289,0,0.1946883992532198
ag-test-000349,0,0.013864418197247947,0,0.1946883992532198
ag-test-000350,0,0.06475073197864681,0,0.1946883992532198
ag-test-000351,0,1.746865062292582e-05,0,0.1946883992532198
ag-test-000352,1,0.09532251812184911,0,0.1946883992532198
ag-test-000353,0,0.2263080666777094,1,0.1946883992532198
ag-test-000354,0,0.08132531293856841,0,0.1946883992532198
ag-test-000355,1,0.2850467108903116,1,0.1946883992532198
ag-test-000356,0,0.01768685920376113,0,0.1946883992532198
ag-test-000357,0,0.03914718466068494,0,0.1946883992532198
ag-test-000358,0,0.22649862438548643,1,0.1946883992532198
ag-test-000359,0,0.005927045076823707,0,0.1946883992532198
ag-test-000360,0,0.0025934744143603613,0,0.1946883992532198
ag-test-000361,0,0.0010122059141626997,0,0.1946883992532198
ag-test-000362,0,0.001134609794386277,0,0.1946883992532198
ag-test-000363,1,0.01955884949713257,0,0.1946883992532198
ag-test-000364,0,0.024348546593445545,0,0.1946883992532198
ag-test-000365,0,0.08836569580527916,0,0.1946883992532198
ag-test-000366,0,0.0023130960400717104,0,0.1946883992532198
ag-test-000367,0,0.0016683967744599742,0,0.1946883992532198
ag-test-000368,0,0.0198564116205369,0,0.1946883992532198
ag-test-000369,0,0.0010095057215887945,0,0.1946883992532198
ag-test-000370,0,0.03341261272964216,0,0.1946883992532198
ag-test-000371,0,0.022586283922360065,0,0.1946883992532198
ag-test-000372,0,0.03295572131862769,0,0.1946883992532198
ag-test-000373,0,0.021440308727201266,0,0.1946883992532198
ag-test-000374,0,0.017941811108160673,0,0.1946883992532198
ag-test-000375,0,0.031098224618223032,0,0.1946883992532198
ag-test-000376,0,0.021825794141824166,0,0.1946883992532198
ag-test-000377,0,0.02486374278179243,0,0.1946883992532198
ag-test-000378,0,0.00801082534041423,0,0.1946883992532198
ag-test-000379,0,0.0027106815709088917,0,0.1946883992532198
ag-test-000380,0,0.01966348218753591,0,0.1946883992532198
ag-test-000381,0,0.022999236548919045,0,0.1946883992532198
ag-test-000382,0,0.09018586065735344,0,0.1946883992532198
ag-test-000383,0,0.14841986123568118,0,0.1946883992532198
ag-test-000384,0,0.09683627131574268,0,0.1946883992532198
ag-test-000385,0,0.0037191428063455805,0,0.1946883992532198
ag-test-000386,0,0.03760697276991164,0,0.1946883992532198
ag-test-000387,0,0.017001696747642348,0,0.1946883992532198
ag-test-000388,0,0.06352412825225737,0,0.1946883992532198
ag-test-000389,0,0.10667130509729959,0,0.1946883992532198
ag-test-000390,0,0.024535432228954695,0,0.1946883992532198
ag-test-000391,0,0.007120080368166005,0,0.1946883992532198
ag-test-000392,0,0.03563276949951486,0,0.1946883992532198
ag-test-000393,0,0.011061145686015792,0,0.1946883992532198
ag-test-000394,0,0.009238953185354023,0,0.1946883992532198
ag-test-000395,0,0.01650391134976102,0,0.1946883992532198
ag-test-000396,0,0.01318311452913114,0,0.1946883992532198
ag-test-000397,0,0.009044575001995096,0,0.1946883992532198
ag-test-000398,0,0.01737480305419167,0,0.1946883992532198
ag-test-000399,1,0.12714542543094512,0,0.1946883992532198
ag-test-000400,0,0.036628784239551015,0,0.1946883992532198
ag-test-000401,0,0.02431490198300507,0,0.1946883992532198
ag-test-000402,0,0.006219348591188083,0,0.1946883992532198
ag-test-000403,0,0.011567911182854537,0,0.1946883992532198
ag-test-000404,0,0.03974978906897599,0,0.1946883992532198
ag-test-000405,0,0.12168996133513868,0,0.1946883992532198
ag-test-000406,0,0.04469277462641089,0,0.1946883992532198
ag-test-000407,0,0.08385193457426689,0,0.1946883992532198
ag-test-000408,0,0.008221540702320274,0,0.1946883992532198
ag-test-000409,0,0.0004018952101048773,0,0.1946883992532198
ag-test-000410,0,0.05987043658301074,0,0.1946883992532198
ag-test-000411,0,0.01962632008897555,0,0.1946883992532198
ag-test-000412,0,0.031955318772614934,0,0.1946883992532198
ag-test-000413,0,0.40048661393703916,1,0.1946883992532198
ag-test-000414,0,0.039857394331205956,0,0.1946883992532198
ag-test-000415,1,0.2759254751526968,1,0.1946883992532198
ag-test-000416,0,0.1978112418455291,1,0.1946883992532198
ag-test-000417,0,0.0015349971265434133,0,0.1946883992532198
ag-test-000418,0,0.047098753302040504,0,0.1946883992532198
ag-test-000419,1,0.03945776340460984,0,0.1946883992532198
ag-test-000420,0,0.008471424804972837,0,0.1946883992532198
ag-test-000421,1,0.1410352481730589,0,0.1946883992532198
ag-test-000422,0,0.0830948613240911,0,0.1946883992532198
ag-test-000423,0,0.031841834856583595,0,0.1946883992532198
ag-test-000424,0,0.021385301985926065,0,0.1946883992532198
ag-test-000425,0,0.005225857219926387,0,0.1946883992532198
ag-test-000426,0,0.06384154728760193,0,0.1946883992532198
ag-test-000427,0,0.01596616880168699,0,0.1946883992532198
ag-test-000428,0,0.01584081170557603,0,0.1946883992532198
ag-test-000429,0,0.06236957199040777,0,0.1946883992532198
ag-test-000430,0,0.09212587248982626,0,0.1946883992532198
ag-test-000431,0,0.044867676574841024,0,0.1946883992532198
ag-test-000432,0,0.2946803738373906,1,0.1946883992532198
ag-test-000433,0,0.12978994705853572,0,0.1946883992532198
ag-test-000434,0,0.0006515100363673876,0,0.1946883992532198
ag-test-000435,0,0.14685172106092184,0,0.1946883992532198
ag-test-000436,0,0.026016277861938112,0,0.1946883992532198
ag-test-000437,0,0.2461197160220541,1,0.1946883992532198
ag-test-000438,0,0.0027227165007094995,0,0.1946883992532198
ag-test-000439,0,0.0028094043704012923,0,0.1946883992532198
ag-test-000440,0,0.006405973543013622,0,0.1946883992532198
ag-test-000441,0,0.015555835545062008,0,0.1946883992532198
ag-test-000442,0,0.03941523489291348,0,0.1946883992532198
ag-test-000443,0,0.07106932522877792,0,0.1946883992532198
ag-test-000444,0,0.06276975451439716,0,0.1946883992532198
ag-test-000445,0,0.003829645908555345,0,0.1946883992532198
ag-test-000446,0,0.142925778151893,0,0.1946883992532198
ag-test-000447,0,0.03475512534610676,0,0.1946883992532198
ag-test-000448,0,0.009486128777785511,0,0.1946883992532198
ag-test-000449,0,0.003657274984516269,0,0.1946883992532198
ag-test-000450,0,0.09237753934713687,0,0.1946883992532198
ag-test-000451,0,0.02783611415320085,0,0.1946883992532198
ag-test-000452,0,0.06686201507249567,0,0.1946883992532198
ag-test-000453,0,0.006230088332387266,0,0.1946883992532198
ag-test-000454,0,0.015935961062329747,0,0.1946883992532198
ag-test-000455,0,0.003270821266509475,0,0.1946883992532198
ag-test-000456,0,0.13019897010211445,0,0.1946883992532198
ag-test-000457,0,0.11715740862209062,0,0.1946883992532198
ag-test-000458,0,0.0004174157823180756,0,0.1946883992532198
ag-test-000459,0,0.05024239824950572,0,0.1946883992532198
ag-test-000460,0,0.021686154060730493,0,0.1946883992532198
ag-test-000461,1,0.14949660227827175,0,0.1946883992532198
ag-test-000462,0,0.02893355524803062,0,0.1946883992532198
ag-test-000463,0,0.09432439140217458,0,0.1946883992532198
ag-test-000464,0,0.020906269826296193,0,0.1946883992532198
ag-test-000465,1,0.0025571743176745153,0,0.1946883992532198
ag-test-000466,0,0.007075340365316426,0,0.1946883992532198
ag-test-000467,0,0.013743194935608667,0,0.1946883992532198
ag-test-000468,0,0.07849941113331815,0,0.1946883992532198
ag-test-000469,0,0.03059533186311438,0,0.1946883992532198
ag-test-000470,0,5.905222607523251e-06,0,0.1946883992532198
ag-test-000471,0,0.2519550693424546,1,0.1946883992532198
ag-test-000472,0,1.7398771867358452e-06,0,0.1946883992532198
ag-test-000473,0,0.09585508693618994,0,0.1946883992532198
ag-test-000474,0,0.003067992620848598,0,0.1946883992532198
ag-test-000475,0,0.015679734377244434,0,0.1946883992532198
ag-test-000476,0,0.018032679870363635,0,0.1946883992532198
ag-test-000477,0,0.020710660871073656,0,0.1946883992532198
ag-test-000478,0,0.0076112163321462095,0,0.1946883992532198
ag-test-000479,0,0.015811867133443673,0,0.1946883992532198
ag-test-000480,0,0.023335716003458146,0,0.1946883992532198
ag-test-000481,0,0.016705092461761877,0,0.1946883992532198
ag-test-000482,0,0.10559818283472859,0,0.1946883992532198
ag-test-000483,0,0.027280541830464897,0,0.1946883992532198
ag-test-000484,0,0.40584681443649206,1,0.1946883992532198
ag-test-000485,0,0.03463222693230667,0,0.1946883992532198
ag-test-000486,0,0.015276376475189113,0,0.1946883992532198
ag-test-000487,0,0.07442976159632805,0,0.1946883992532198
ag-test-000488,0,0.007059005738314113,0,0.1946883992532198
ag-test-000489,0,0.005257619662869353,0,0.1946883992532198
ag-test-000490,0,0.012193817354423148,0,0.1946883992532198
ag-test-000491,0,0.023603024992027166,0,0.1946883992532198
ag-test-000492,0,0.013090826303162639,0,0.1946883992532198
ag-test-000493,1,0.5210200220935557,1,0.1946883992532198
ag-test-000494,0,0.20704744676048428,1,0.1946883992532198
ag-test-000495,0,0.1508278825128075,0,0.1946883992532198
ag-test-000496,0,0.007988007912773123,0,0.1946883992532198
ag-test-000497,0,0.048145555302744884,0,0.1946883992532198
ag-test-000498,0,0.031193491075620847,0,0.1946883992532198
ag-test-000499,0,0.0008520848994488353,0,0.1946883992532198
ag-test-000500,0,0.008073493959786985,0,0.1946883992532198
ag-test-000501,0,0.12849467984655863,0,0.1946883992532198
ag-test-000502,0,0.3595440740759546,1,0.1946883992532198
ag-test-000503,0,0.007807761809487039,0,0.1946883992532198
ag-test-000504,0,0.005613138665434696,0,0.1946883992532198
ag-test-000505,0,0.023301697798468687,0,0.1946883992532198
ag-test-000506,0,0.34185746480746515,1,0.1946883992532198
ag-test-000507,0,0.001535755068920872,0,0.1946883992532198
ag-test-000508,0,0.057085745704223236,0,0.1946883992532198
ag-test-000509,0,0.020205093638603577,0,0.1946883992532198
ag-test-000510,0,0.04867758429345955,0,0.1946883992532198
ag-test-000511,0,0.020139885098427245,0,0.1946883992532198
ag-test-000512,0,0.05242183743163634,0,0.1946883992532198
ag-test-000513,0,0.16508154506768424,0,0.1946883992532198
ag-test-000514,0,0.011364651080021692,0,0.1946883992532198
ag-test-000515,0,0.020802678705814776,0,0.1946883992532198
ag-test-000516,0,0.10446817498163069,0,0.1946883992532198
ag-test-000517,0,0.022673017829743517,0,0.1946883992532198
ag-test-000518,0,0.005154298461245485,0,0.1946883992532198
ag-test-000519,0,0.160363613768372,0,0.1946883992532198
ag-test-000520,1,0.009590368323535542,0,0.1946883992532198
ag-test-000521,0,0.03248730419069767,0,0.1946883992532198
ag-test-000522,1,0.08531218746124479,0,0.1946883992532198
ag-test-000523,0,0.04647871088048991,0,0.1946883992532198
ag-test-000524,1,0.052730677460475425,0,0.1946883992532198
ag-test-000525,0,0.001181499232361298,0,0.1946883992532198
ag-test-000526,0,0.004565790477629523,0,0.1946883992532198
ag-test-000527,0,0.006379635329372975,0,0.1946883992532198
ag-test-000528,1,0.15393825819037132,0,0.1946883992532198
ag-test-000529,0,0.10153142602584396,0,0.1946883992532198
ag-test-000530,0,0.09527795775805224,0,0.1946883992532198
ag-test-000531,0,0.06859867627686433,0,0.1946883992532198
ag-test-000532,1,0.5359059095470716,1,0.1946883992532198
ag-test-000533,1,0.43060308889026105,1,0.1946883992532198
ag-test-000534,0,0.05553446629799808,0,0.1946883992532198
ag-test-000535,0,0.09247013956497747,0,0.1946883992532198
ag-test-000536,0,0.00986145713763577,0,0.1946883992532198
ag-test-000537,0,0.011462558044206981,0,0.1946883992532198
ag-test-000538,0,0.13610583497631878,0,0.1946883992532198
ag-test-000539,0,0.031426551379687084,0,0.1946883992532198
ag-test-000540,0,0.03144562609968454,0,0.1946883992532198
ag-test-000541,0,0.032590580737276574,0,0.1946883992532198
ag-test-000542,0,0.03732855994959581,0,0.1946883992532198
ag-test-000543,0,0.028817241044357313,0,0.1946883992532198
ag-test-000544,0,0.06429183017618187,0,0.1946883992532198
ag-test-000545,0,0.03772630670279572,0,0.1946883992532198
ag-test-000546,0,0.0022716160608664436,0,0.1946883992532198
ag-test-000547,0,0.025988009855622916,0,0.1946883992532198
ag-test-000548,0,0.005122184040944848,0,0.1946883992532198
ag-test-000549,1,0.14346979507370294,0,0.1946883992532198
ag-test-000550,1,0.36691493071136666,1,0.1946883992532198
ag-test-000551,0,0.04640683254636841,0,0.1946883992532198
ag-test-000552,0,0.01203349481081296,0,0.1946883992532198
ag-test-000553,0,0.015723042913659713,0,0.1946883992532198
ag-test-000554,0,0.008210855648389637,0,0.1946883992532198
ag-test-000555,0,0.03344759094546866,0,0.1946883992532198
ag-test-000556,0,0.054333889646844345,0,0.1946883992532198
ag-test-000557,0,0.0037311006083703955,0,0.1946883992532198
ag-test-000558,0,0.02223350900905315,0,0.1946883992532198
ag-test-000559,0,0.007784035190757726,0,0.1946883992532198
ag-test-000560,0,0.0014839137440989859,0,0.1946883992532198
ag-test-000561,1,0.0067241098323132156,0,0.1946883992532198
ag-test-000562,1,0.4847408381278507,1,0.1946883992532198
ag-test-000563,0,0.07911985616117585,0,0.1946883992532198
ag-test-000564,0,0.02817613021772679,0,0.1946883992532198
ag-test-000565,0,0.0067250139316235,0,0.1946883992532198
ag-test-000566,0,0.010293583512043654,0,0.1946883992532198
ag-test-000567,0,0.04745503648039637,0,0.1946883992532198
ag-test-000568,1,0.32768365084116774,1,0.1946883992532198
ag-test-000569,0,0.029773883850241434,0,0.1946883992532198
ag-test-000570,0,0.02080540363423438,0,0.1946883992532198
ag-test-000571,0,0.026297729581503726,0,0.1946883992532198
ag-test-000572,0,0.020079727940381167,0,0.1946883992532198
ag-test-000573,0,0.0640361126189787,0,0.1946883992532198
ag-test-000574,0,0.23122315674704894,1,0.1946883992532198
ag-test-000575,0,0.0032825120714075674,0,0.1946883992532198
ag-test-000576,0,0.07195488567938321,0,0.1946883992532198
ag-test-000577,0,0.011391273879895733,0,0.1946883992532198
ag-test-000578,0,0.018461573052441616,0,0.1946883992532198
ag-test-000579,0,0.005896182464714345,0,0.1946883992532198
ag-test-000580,0,0.02253248717361493,0,0.1946883992532198
ag-test-000581,1,0.19825232537097226,1,0.1946883992532198
ag-test-000582,0,6.234354946857776e-05,0,0.1946883992532198
ag-test-000583,0,0.020981853235895243,0,0.1946883992532198
ag-test-000584,0,0.008527359296489631,0,0.1946883992532198
ag-test-000585,0,0.017040774050247284,0,0.1946883992532198
ag-test-000586,0,0.05101209850280024,0,0.1946883992532198
ag-test-000587,0,0.12210119361692784,0,0.1946883992532198
ag-test-000588,0,0.03495723205356171,0,0.1946883992532198
ag-test-000589,0,0.016937943697144114,0,0.1946883992532198
ag-test-000590,0,0.06530336708993895,0,0.1946883992532198
ag-test-000591,0,0.15217158698178546,0,0.1946883992532198
ag-test-000592,0,0.029193317136642073,0,0.1946883992532198
ag-test-000593,0,0.008528138302291025,0,0.1946883992532198
ag-test-000594,0,0.07672013601122839,0,0.1946883992532198
ag-test-000595,0,0.010067745106908244,0,0.1946883992532198
ag-test-000596,0,0.16863952623733913,0,0.1946883992532198
ag-test-000597,1,0.2081044429812854,1,0.1946883992532198
ag-test-000598,0,0.033918487477174554,0,0.1946883992532198
ag-test-000599,0,0.05162783247445383,0,0.1946883992532198
ag-test-000600,0,0.20466999015400636,1,0.1946883992532198
ag-test-000601,0,0.12150208398964951,0,0.1946883992532198
ag-test-000602,1,0.0898059110598756,0,0.1946883992532198
ag-test-000603,1,0.058147345365668957,0,0.1946883992532198
ag-test-000604,0,0.06462476630498382,0,0.1946883992532198
ag-test-000605,0,0.020842401917518943,0,0.1946883992532198
ag-test-000606,0,0.044935170900793936,0,0.1946883992532198
ag-test-000607,1,0.048302547947929826,0,0.1946883992532198
ag-test-000608,0,0.012588752113381771,0,0.1946883992532198
ag-test-000609,0,0.07186522350452312,0,0.1946883992532198
ag-test-000610,0,0.2368347613876385,1,0.1946883992532198
ag-test-000611,0,0.04591419542585822,0,0.1946883992532198
ag-test-000612,0,0.08961266256282825,0,0.1946883992532198
ag-test-000613,0,0.022415991568256143,0,0.1946883992532198
ag-test-000614,1,0.02372647589889959,0,0.1946883992532198
ag-test-000615,0,0.031129388332255856,0,0.1946883992532198
ag-test-000616,0,0.22941012972514305,1,0.1946883992532198
ag-test-000617,0,0.0001743528018778875,0,0.1946883992532198
ag-test-000618,0,0.018061206698691858,0,0.1946883992532198
ag-test-000619,0,0.07424855560188537,0,0.1946883992532198
ag-test-000620,0,0.016674746573883258,0,0.1946883992532198
ag-test-000621,0,0.030440631237975125,0,0.1946883992532198
ag-test-000622,0,0.06869286960307268,0,0.1946883992532198
ag-test-000623,0,0.01060195707430573,0,0.1946883992532198
ag-test-000624,0,0.042303599309396187,0,0.1946883992532198
ag-test-000625,0,0.02487229243430063,0,0.1946883992532198
ag-test-000626,0,0.03788215845898259,0,0.1946883992532198
ag-test-000627,0,0.005181026029544653,0,0.1946883992532198
ag-test-000628,0,0.0687163219777931,0,0.1946883992532198
ag-test-000629,0,0.09815690908016596,0,0.1946883992532198
ag-test-000630,0,0.047023285180540206,0,0.1946883992532198
ag-test-000631,0,0.13562707937002397,0,0.1946883992532198
ag-test-000632,0,0.03427513366328092,0,0.1946883992532198
ag-test-000633,0,0.18183375669989726,0,0.1946883992532198
ag-test-000634,0,0.013193206467163805,0,0.1946883992532198
ag-test-000635,0,0.020058617858569168,0,0.1946883992532198
ag-test-000636,0,0.033938709237134025,0,0.1946883992532198
ag-test-000637,0,0.03269155234916498,0,0.1946883992532198
ag-test-000638,0,0.011783751648591037,0,0.1946883992532198
ag-test-000639,0,0.1203789439941398,0,0.1946883992532198
ag-test-000640,0,0.06704612794156345,0,0.1946883992532198
ag-test-000641,0,0.1691574355855205,0,0.1946883992532198
ag-test-000642,1,0.24065403410575065,1,0.1946883992532198
ag-test-000643,0,0.008681142150747225,0,0.1946883992532198
ag-test-000644,0,0.06546493592474127,0,0.1946883992532198
ag-test-000645,0,0.0009636987041720032,0,0.1946883992532198
ag-test-000646,0,0.00682760482238442,0,0.1946883992532198
ag-test-000647,0,0.14540158693458483,0,0.1946883992532198
ag-test-000648,0,0.06481289628319051,0,0.1946883992532198
ag-test-000649,0,0.022412030873624374,0,0.1946883992532198
ag-test-000650,0,0.047557437820447,0,0.1946883992532198
ag-test-000651,0,0.010962851280190566,0,0.1946883992532198
ag-test-000652,0,0.0093434236594766,0,0.1946883992532198
ag-test-000653,0,0.03863129580386872,0,0.1946883992532198
ag-test-000654,0,2.553208555875307e-06,0,0.1946883992532198
ag-test-000655,0,0.00735940621980684,0,0.1946883992532198
ag-test-000656,0,0.03338059724671477,0,0.1946883992532198
ag-test-000657,1,0.09329270170926228,0,0.1946883992532198
ag-test-000658,0,0.07957378926912924,0,0.1946883992532198
ag-test-000659,0,0.059371123205521376,0,0.1946883992532198
ag-test-000660,1,0.2975106667384143,1,0.1946883992532198
ag-test-000661,0,0.0029226297065416754,0,0.1946883992532198
ag-test-000662,0,0.02748438325290927,0,0.1946883992532198
ag-test-000663,0,0.03525972142421088,0,0.1946883992532198
ag-test-000664,0,0.013367647406159646,0,0.1946883992532198
ag-test-000665,0,0.03003604199864659,0,0.1946883992532198
ag-test-000666,0,0.13637378625193944,0,0.1946883992532198
ag-test-000667,0,0.008659202887713121,0,0.1946883992532198
ag-test-000668,0,0.04580525782781508,0,0.1946883992532198
ag-test-000669,0,0.004390227167242716,0,0.1946883992532198
ag-test-000670,0,0.03729508281333773,0,0.1946883992532198
ag-test-000671,0,0.000817396381955043,0,0.1946883992532198
ag-test-000672,0,0.03441928737031801,0,0.1946883992532198
ag-test-000673,0,0.00586579962674448,0,0.1946883992532198
ag-test-000674,0,0.0071880435524967045,0,0.1946883992532198
ag-test-000675,0,0.29810545387642984,1,0.1946883992532198
ag-test-000676,0,0.01806012837024006,0,0.1946883992532198
ag-test-000677,1,0.19031662023372825,0,0.1946883992532198
ag-test-000678,0,0.031070537389779402,0,0.1946883992532198
ag-test-000679,1,0.10177234101755647,0,0.1946883992532198
ag-test-000680,0,0.0980364324895043,0,0.1946883992532198
ag-test-000681,0,0.035383566370597745,0,0.1946883992532198
ag-test-000682,0,0.07430978068348457,0,0.1946883992532198
ag-test-000683,0,0.07246925270188495,0,0.1946883992532198
ag-test-000684,0,0.022489254915943696,0,0.1946883992532198
ag-test-000685,0,0.012072515604543395,0,0.1946883992532198
ag-test-000686,0,0.04190039726440639,0,0.1946883992532198
ag-test-000687,0,0.018030300062243747,0,0.1946883992532198
ag-test-000688,0,0.01030872021410737,0,0.1946883992532198
ag-test-000689,0,0.0030804547755131926,0,0.1946883992532198
ag-test-000690,0,0.0933474393924187,0,0.1946883992532198
ag-test-000691,0,0.0037419875375048137,0,0.1946883992532198
ag-test-000692,0,0.14235169762929517,0,0.1946883992532198
ag-test-000693,0,0.011171984370059411,0,0.1946883992532198
ag-test-000694,0,0.14733369203084618,0,0.1946883992532198
ag-test-000695,1,0.021374146404037092,0,0.1946883992532198
ag-test-000696,0,0.017789210944739762,0,0.1946883992532198
ag-test-000697,0,0.010389809590359669,0,0.1946883992532198
ag-test-000698,0,0.013764165904916281,0,0.1946883992532198
ag-test-000699,0,0.0005463716878288779,0,0.1946883992532198
ag-test-000700,0,0.029363293497336018,0,0.1946883992532198
ag-test-000701,0,0.17116223698604502,0,0.1946883992532198
ag-test-000702,0,0.03230531664353362,0,0.1946883992532198
ag-test-000703,0,0.0475502768891679,0,0.1946883992532198
ag-test-000704,0,0.005670281988459011,0,0.1946883992532198
ag-test-000705,0,0.04900669907326492,0,0.1946883992532198
ag-test-000706,0,0.00246222815355698,0,0.1946883992532198
ag-test-000707,0,0.03153904671546886,0,0.1946883992532198
ag-test-000708,0,0.004632597746714208,0,0.1946883992532198
ag-test-000709,0,0.01501538515309013,0,0.1946883992532198
ag-test-000710,0,0.03936441347671015,0,0.1946883992532198
ag-test-000711,0,0.019538071804379758,0,0.1946883992532198
ag-test-000712,0,0.011963145323014492,0,0.1946883992532198
ag-test-000713,0,0.006568787415164734,0,0.1946883992532198
ag-test-000714,0,0.15334584961669329,0,0.1946883992532198
ag-test-000715,0,0.012273114370121374,0,0.1946883992532198
ag-test-000716,0,0.02295805485181391,0,0.1946883992532198
ag-test-000717,0,0.1604849775397324,0,0.1946883992532198
ag-test-000718,0,0.08116002582065056,0,0.1946883992532198
ag-test-000719,1,0.3649857647130991,1,0.1946883992532198
ag-test-000720,0,0.05670626618571937,0,0.1946883992532198
ag-test-000721,0,0.18551072386284292,0,0.1946883992532198
ag-test-000722,0,0.05679678019540316,0,0.1946883992532198
ag-test-000723,0,0.03214123244743682,0,0.1946883992532198
ag-test-000724,0,0.004935673751284922,0,0.1946883992532198
ag-test-000725,0,0.218148562713515,1,0.1946883992532198
ag-test-000726,1,0.16398787509885426,0,0.1946883992532198
ag-test-000727,0,0.11661421500300101,0,0.1946883992532198
ag-test-000728,0,0.007925902282197613,0,0.1946883992532198
ag-test-000729,0,0.0887880124279428,0,0.1946883992532198
ag-test-000730,0,0.015948328830000722,0,0.1946883992532198
ag-test-000731,0,0.0224865729174057,0,0.1946883992532198
ag-test-000732,0,0.006529465364792717,0,0.1946883992532198
ag-test-000733,0,0.03055098101905604,0,0.1946883992532198
ag-test-000734,0,0.05413176519176704,0,0.1946883992532198
ag-test-000735,0,0.05687593734653819,0,0.1946883992532198
ag-test-000736,0,0.009176145452091508,0,0.1946883992532198
ag-test-000737,0,0.10547543074548336,0,0.1946883992532198
ag-test-000738,0,0.024213107833462328,0,0.1946883992532198
ag-test-000739,0,0.07425897653280848,0,0.1946883992532198
ag-test-000740,0,0.008508528283717846,0,0.1946883992532198
ag-test-000741,1,0.36687326485539695,1,0.1946883992532198
ag-test-000742,0,0.010080798605589348,0,0.1946883992532198
ag-test-000743,0,0.006624472696426871,0,0.1946883992532198
ag-test-000744,0,0.04191462277567647,0,0.1946883992532198
ag-test-000745,0,0.023282735008857323,0,0.1946883992532198
ag-test-000746,0,0.02329393964755359,0,0.1946883992532198
ag-test-000747,0,0.08162862633439588,0,0.1946883992532198
ag-test-000748,0,0.004180461997534866,0,0.1946883992532198
ag-test-000749,0,0.005630605941506005,0,0.1946883992532198
ag-test-000750,0,0.16471686177567368,0,0.1946883992532198
ag-test-000751,0,0.010766776735810906,0,0.1946883992532198
ag-test-000752,0,0.09175363367770897,0,0.1946883992532198
ag-test-000753,0,0.19518573031441266,1,0.1946883992532198
ag-test-000754,0,0.0036060309673188948,0,0.1946883992532198
ag-test-000755,0,0.1984998766147348,1,0.1946883992532198
ag-test-000756,0,0.03035871364237584,0,0.1946883992532198
ag-test-000757,0,0.031354107896889694,0,0.1946883992532198
ag-test-000758,0,0.0036743370695758166,0,0.1946883992532198
ag-test-000759,0,0.009415772447976704,0,0.1946883992532198
ag-test-000760,0,0.00992807827967601,0,0.1946883992532198
ag-test-000761,0,0.0021778700296905336,0,0.1946883992532198
ag-test-000762,1,0.7271138277024219,1,0.1946883992532198
ag-test-000763,0,0.01562516507975228,0,0.1946883992532198
ag-test-000764,0,0.09476380582891013,0,0.1946883992532198
ag-test-000765,0,0.05027459932475595,0,0.1946883992532198
ag-test-000766,0,0.03386578282572076,0,0.1946883992532198
ag-test-000767,0,9.349164038899047e-05,0,0.1946883992532198
ag-test-000768,0,0.008317859851162035,0,0.1946883992532198
ag-test-000769,0,0.011346812420346129,0,0.1946883992532198
ag-test-000770,0,0.5418112772317907,1,0.1946883992532198
ag-test-000771,0,0.04505491293290065,0,0.1946883992532198
ag-test-000772,0,0.0017194580671278422,0,0.1946883992532198
ag-test-000773,0,0.07107958326035713,0,0.1946883992532198
ag-test-000774,0,0.05935854478648131,0,0.1946883992532198
ag-test-000775,0,0.016266650156148952,0,0.1946883992532198
ag-test-000776,0,0.0525105631045533,0,0.1946883992532198
ag-test-000777,0,0.004334170943374548,0,0.1946883992532198
ag-test-000778,0,0.03419214052240221,0,0.1946883992532198
ag-test-000779,0,0.3327072622769623,1,0.1946883992532198
ag-test-000780,0,0.008883392046602363,0,0.1946883992532198
ag-test-000781,0,0.015892234698030513,0,0.1946883992532198
ag-test-000782,0,0.0026524811746527718,0,0.1946883992532198
ag-test-000783,0,0.01020761625313562,0,0.1946883992532198
ag-test-000784,0,0.017252973250094422,0,0.1946883992532198
ag-test-000785,0,0.020805990070953004,0,0.1946883992532198
ag-test-000786,0,0.07685216283468788,0,0.1946883992532198
ag-test-000787,0,0.0791989554458131,0,0.1946883992532198
ag-test-000788,0,0.022078142341029384,0,0.1946883992532198
ag-test-000789,0,0.018395456315609415,0,0.1946883992532198
ag-test-000790,0,0.08665755211588193,0,0.1946883992532198
ag-test-000791,0,0.04760330958896168,0,0.1946883992532198
ag-test-000792,0,0.01777900483330956,0,0.1946883992532198
ag-test-000793,0,0.023115641059636056,0,0.1946883992532198
ag-test-000794,0,0.09782057883937702,0,0.1946883992532198
ag-test-000795,1,0.009710389516551819,0,0.1946883992532198
ag-test-000796,0,0.013619338921581188,0,0.1946883992532198
ag-test-000797,0,0.004819689989168143,0,0.1946883992532198
ag-test-000798,0,0.051240530423629214,0,0.1946883992532198
ag-test-000799,1,0.032055510198181945,0,0.1946883992532198
ag-test-000800,0,0.0037067797713279203,0,0.1946883992532198
ag-test-000801,0,0.0361779441591675,0,0.1946883992532198
ag-test-000802,0,0.10743813924904752,0,0.1946883992532198
ag-test-000803,0,0.008009841791760728,0,0.1946883992532198
ag-test-000804,0,0.022344957207108423,0,0.1946883992532198
ag-test-000805,0,0.016358759208537136,0,0.1946883992532198
ag-test-000806,0,0.007949903742001404,0,0.1946883992532198
ag-test-000807,1,0.24434938805700313,1,0.1946883992532198
ag-test-000808,0,0.09025061539123054,0,0.1946883992532198
ag-test-000809,0,0.005414413863700252,0,0.1946883992532198
ag-test-000810,0,0.037426606344356954,0,0.1946883992532198
ag-test-000811,0,0.3277836594680867,1,0.1946883992532198
ag-test-000812,0,0.038730912389176426,0,0.1946883992532198
ag-test-000813,0,0.004933508507809354,0,0.1946883992532198
ag-test-000814,0,0.003297652033683626,0,0.1946883992532198
ag-test-000815,0,0.015387635644414577,0,0.1946883992532198
ag-test-000816,0,0.03514587184868164,0,0.1946883992532198
ag-test-000817,0,0.02735037916166322,0,0.1946883992532198
ag-test-000818,0,0.07358783140011063,0,0.1946883992532198
ag-test-000819,0,0.027235577197500933,0,0.1946883992532198
ag-test-000820,0,0.05436055224095595,0,0.1946883992532198
ag-test-000821,0,0.12562849099198606,0,0.1946883992532198
ag-test-000822,0,0.00938891130229597,0,0.1946883992532198
ag-test-000823,0,0.0208489814889802,0,0.1946883992532198
ag-test-000824,0,0.10405685816631688,0,0.1946883992532198
ag-test-000825,0,0.013864418197247947,0,0.1946883992532198
ag-test-000826,0,0.006839112655716046,0,0.1946883992532198
ag-test-000827,0,0.018881128868025007,0,0.1946883992532198
ag-test-000828,0,0.016118106144487863,0,0.1946883992532198
ag-test-000829,0,0.11077968118423186,0,0.1946883992532198
ag-test-000830,0,0.06293975621803526,0,0.1946883992532198
ag-test-000831,0,0.007666976058931612,0,0.1946883992532198
ag-test-000832,0,0.010964515691170375,0,0.1946883992532198
ag-test-000833,0,0.00549559383015463,0,0.1946883992532198
ag-test-000834,0,0.14839326694534738,0,0.1946883992532198
ag-test-000835,0,1.5083550285612605e-05,0,0.1946883992532198
ag-test-000836,0,0.030513761941619397,0,0.1946883992532198
ag-test-000837,1,0.21626714206237332,1,0.1946883992532198
ag-test-000838,0,0.014356226734023406,0,0.1946883992532198
ag-test-000839,0,0.08469082069719323,0,0.1946883992532198
ag-test-000840,0,0.03795466175933032,0,0.1946883992532198
ag-test-000841,1,0.17760340924316165,0,0.1946883992532198
ag-test-000842,0,0.026901215189575743,0,0.1946883992532198
ag-test-000843,0,0.02156887683503406,0,0.1946883992532198
ag-test-000844,0,0.2436134565709623,1,0.1946883992532198
ag-test-000845,0,0.05309995404295153,0,0.1946883992532198
ag-test-000846,0,0.0033956843902637176,0,0.1946883992532198
ag-test-000847,0,0.139067048450155,0,0.1946883992532198
ag-test-000848,0,0.015108256949625662,0,0.1946883992532198
ag-test-000849,0,0.014780565814045401,0,0.1946883992532198
ag-test-000850,0,0.01775820077608869,0,0.1946883992532198
ag-test-000851,0,0.2305141400598957,1,0.1946883992532198
ag-test-000852,0,0.003491874276994764,0,0.1946883992532198
ag-test-000853,0,0.3327072622769623,1,0.1946883992532198
ag-test-000854,0,0.03816131890001014,0,0.1946883992532198
ag-test-000855,0,0.06880430781398,0,0.1946883992532198
ag-test-000856,0,0.01644667868261562,0,0.1946883992532198
ag-test-000857,0,0.010120117619804045,0,0.1946883992532198
ag-test-000858,0,0.001422513526925754,0,0.1946883992532198
ag-test-000859,0,0.02249080596729347,0,0.1946883992532198
ag-test-000860,0,0.015029814609970273,0,0.1946883992532198
ag-test-000861,0,0.06922602272003209,0,0.1946883992532198
ag-test-000862,0,0.1274762489137643,0,0.1946883992532198
ag-test-000863,0,0.031042856608436985,0,0.1946883992532198
ag-test-000864,0,0.009989332246346197,0,0.1946883992532198
ag-test-000865,0,0.16515458837851163,0,0.1946883992532198
ag-test-000866,0,0.022631432704917104,0,0.1946883992532198
ag-test-000867,0,0.004795137710778016,0,0.1946883992532198
ag-test-000868,0,0.05373948861032665,0,0.1946883992532198
ag-test-000869,0,0.010555450159650733,0,0.1946883992532198
ag-test-000870,0,0.01274512183250589,0,0.1946883992532198
ag-test-000871,0,0.48730314821098625,1,0.1946883992532198
ag-test-000872,0,0.4185737097496397,1,0.1946883992532198
ag-test-000873,0,0.015484773020696658,0,0.1946883992532198
ag-test-000874,0,0.010356538422654701,0,0.1946883992532198
ag-test-000875,0,0.00992807827967601,0,0.1946883992532198
ag-test-000876,0,0.08226819181580725,0,0.1946883992532198
ag-test-000877,0,0.011026025001732694,0,0.1946883992532198
ag-test-000878,0,0.01539176605655432,0,0.1946883992532198
ag-test-000879,0,0.0015566695089016252,0,0.1946883992532198
ag-test-000880,0,0.023728797857602436,0,0.1946883992532198
ag-test-000881,1,0.2680441914602232,1,0.1946883992532198
ag-test-000882,0,0.054401950472374075,0,0.1946883992532198
ag-test-000883,0,0.08621438762140207,0,0.1946883992532198
ag-test-000884,0,0.016612718515315077,0,0.1946883992532198
ag-test-000885,0,0.009850886252450565,0,0.1946883992532198
ag-test-000886,0,0.005613138665434696,0,0.1946883992532198
ag-test-000887,0,0.012408551007292523,0,0.1946883992532198
ag-test-000888,1,0.012860250521307875,0,0.1946883992532198
ag-test-000889,0,0.005383486673875786,0,0.1946883992532198
ag-test-000890,0,0.10664713280972653,0,0.1946883992532198
ag-test-000891,0,0.02332571836794098,0,0.1946883992532198
ag-test-000892,1,0.10894221716926511,0,0.1946883992532198
ag-test-000893,0,0.016423095556291217,0,0.1946883992532198
ag-test-000894,0,0.41694489743088586,1,0.1946883992532198
ag-test-000895,0,0.4457457295700643,1,0.1946883992532198
ag-test-000896,1,0.16244238738256628,0,0.1946883992532198
ag-test-000897,0,0.009474567512031653,0,0.1946883992532198
ag-test-000898,0,0.0032667431504602626,0,0.1946883992532198
ag-test-000899,0,0.03404023800858036,0,0.1946883992532198
ag-test-000900,0,0.07711001698393295,0,0.1946883992532198
ag-test-000901,0,0.059591020168613985,0,0.1946883992532198
ag-test-000902,0,0.008978006743938343,0,0.1946883992532198
ag-test-000903,0,0.07467132296430211,0,0.1946883992532198
ag-test-000904,0,0.029632128772703638,0,0.1946883992532198
ag-test-000905,0,0.0014313686575390641,0,0.1946883992532198
ag-test-000906,0,0.019288627906267338,0,0.1946883992532198
ag-test-000907,1,0.11953609362698275,0,0.1946883992532198
ag-test-000908,0,0.021310991487807955,0,0.1946883992532198
ag-test-000909,0,0.062358827594509794,0,0.1946883992532198
ag-test-000910,0,0.04640983979174814,0,0.1946883992532198
ag-test-000911,0,0.018430653001830444,0,0.1946883992532198
ag-test-000912,1,0.5438289725143987,1,0.1946883992532198
ag-test-000913,0,0.03730010198076203,0,0.1946883992532198
ag-test-000914,0,0.006875121456993897,0,0.1946883992532198
ag-test-000915,0,0.0214108698341753,0,0.1946883992532198
ag-test-000916,0,0.06377700383396763,0,0.1946883992532198
ag-test-000917,0,0.06962612362647747,0,0.1946883992532198
ag-test-000918,0,0.0134711588321566,0,0.1946883992532198
ag-test-000919,0,0.012004520224245665,0,0.1946883992532198
ag-test-000920,0,0.023432697402007763,0,0.1946883992532198
ag-test-000921,0,0.006279045745256812,0,0.1946883992532198
ag-test-000922,0,0.006567227509360486,0,0.1946883992532198
ag-test-000923,0,0.1643003365801516,0,0.1946883992532198
ag-test-000924,0,0.005097554644183974,0,0.1946883992532198
ag-test-000925,0,0.14583811429627233,0,0.1946883992532198
ag-test-000926,1,0.0021960954998051637,0,0.1946883992532198
ag-test-000927,0,0.007329372825450198,0,0.1946883992532198
ag-test-000928,0,0.16522218095537847,0,0.1946883992532198
ag-test-000929,0,0.039921547348907044,0,0.1946883992532198
ag-test-000930,0,0.0033691260716055046,0,0.1946883992532198
ag-test-000931,0,0.0031274989641133363,0,0.1946883992532198
ag-test-000932,0,0.016925669253321687,0,0.1946883992532198
ag-test-000933,1,0.0491404713710532,0,0.1946883992532198
ag-test-000934,0,0.0044633766476187406,0,0.1946883992532198
ag-test-000935,0,0.02290927183507742,0,0.1946883992532198
ag-test-000936,0,0.0016753288371795347,0,0.1946883992532198
ag-test-000937,0,0.014086361174650038,0,0.1946883992532198
ag-test-000938,0,0.047555456973324,0,0.1946883992532198
ag-test-000939,0,0.3481269927596616,1,0.1946883992532198
ag-test-000940,0,0.06735253075162012,0,0.1946883992532198
ag-test-000941,0,0.01744120956704295,0,0.1946883992532198
ag-test-000942,0,0.08425562319802184,0,0.1946883992532198
ag-test-000943,0,0.01848881137992637,0,0.1946883992532198
ag-test-000944,0,0.01521017184566546,0,0.1946883992532198
ag-test-000945,0,0.010861785654390416,0,0.1946883992532198
ag-test-000946,0,0.02853259794770825,0,0.1946883992532198
ag-test-000947,0,0.15028532556469107,0,0.1946883992532198
ag-test-000948,0,0.0046109406264855275,0,0.1946883992532198
ag-test-000949,0,0.11057703816288808,0,0.1946883992532198
ag-test-000950,0,0.005358745709263555,0,0.1946883992532198
ag-test-000951,0,0.01946922014575433,0,0.1946883992532198
ag-test-000952,0,0.20821114434319235,1,0.1946883992532198
ag-test-000953,0,0.03205918731736709,0,0.1946883992532198
ag-test-000954,0,0.06086364411808788,0,0.1946883992532198
ag-test-000955,0,0.014103515425113637,0,0.1946883992532198
ag-test-000956,0,0.02752466716498593,0,0.1946883992532198
ag-test-000957,0,0.001430278064781929,0,0.1946883992532198
ag-test-000958,0,0.8084603596372685,1,0.1946883992532198
ag-test-000959,0,0.005511258427150965,0,0.1946883992532198
ag-test-000960,0,0.01952304221214888,0,0.1946883992532198
ag-test-000961,1,0.7661736863172562,1,0.1946883992532198
ag-test-000962,1,0.001088549472538913,0,0.1946883992532198
ag-test-000963,0,0.017363986917387914,0,0.1946883992532198
ag-test-000964,0,0.052225320857960084,0,0.1946883992532198
ag-test-000965,0,0.02475569294328128,0,0.1946883992532198
ag-test-000966,0,0.0522131296666176,0,0.1946883992532198
ag-test-000967,0,0.0386746151175852,0,0.1946883992532198
ag-test-000968,0,0.005296591558594431,0,0.1946883992532198
ag-test-000969,0,0.17025110081223133,0,0.1946883992532198
ag-test-000970,0,0.09346002587457024,0,0.1946883992532198
ag-test-000971,0,0.0007124542259726978,0,0.1946883992532198
ag-test-000972,0,0.01368051781226992,0,0.1946883992532198
ag-test-000973,1,0.05247930266582018,0,0.1946883992532198
ag-test-000974,0,0.08981531083635673,0,0.1946883992532198
ag-test-000975,0,0.020502169404338362,0,0.1946883992532198
ag-test-000976,0,0.011855214392055129,0,0.1946883992532198
ag-test-000977,0,0.04781112555868892,0,0.1946883992532198
ag-test-000978,0,0.03014916535423878,0,0.1946883992532198
ag-test-000979,0,0.007902469942763338,0,0.1946883992532198
ag-test-000980,0,0.0051456240822954444,0,0.1946883992532198
ag-test-000981,0,0.006888214478916036,0,0.1946883992532198
ag-test-000982,0,0.007132817884252995,0,0.1946883992532198
ag-test-000983,0,0.08075968338957987,0,0.1946883992532198
ag-test-000984,0,0.006582162705437807,0,0.1946883992532198
ag-test-000985,1,0.048879799552556585,0,0.1946883992532198
ag-test-000986,0,0.06938164032551782,0,0.1946883992532198
ag-test-000987,0,0.024312470801093663,0,0.1946883992532198
ag-test-000988,1,0.2662912332059253,1,0.1946883992532198
ag-test-000989,0,0.011824098555058117,0,0.1946883992532198
ag-test-000990,1,0.5706329983320492,1,0.1946883992532198
ag-test-000991,0,0.06491043427878719,0,0.1946883992532198
ag-test-000992,0,0.03455257894616652,0,0.1946883992532198
ag-test-000993,0,0.010379179348409791,0,0.1946883992532198
ag-test-000994,0,0.002573941166742453,0,0.1946883992532198
ag-test-000995,0,0.006741817066336772,0,0.1946883992532198
ag-test-000996,1,0.5781381123161179,1,0.1946883992532198
ag-test-000997,0,0.2599607409518178,1,0.1946883992532198
ag-test-000998,0,0.3329383819232379,1,0.1946883992532198
ag-test-000999,0,0.007218928501651024,0,0.1946883992532198
ag-test-001000,0,0.13922267734253257,0,0.1946883992532198
ag-test-001001,0,0.026744433152262374,0,0.1946883992532198
ag-test-001002,0,0.019481692800891338,0,0.1946883992532198
ag-test-001003,0,0.06521653115749101,0,0.1946883992532198
ag-test-001004,0,0.08575537347834457,0,0.1946883992532198
ag-test-001005,0,0.036057496788631814,0,0.1946883992532198
ag-test-001006,0,0.03638384797862743,0,0.1946883992532198
ag-test-001007,0,0.04023534073877954,0,0.1946883992532198
ag-test-001008,0,0.018925950468931012,0,0.1946883992532198
ag-test-001009,1,0.24368353358333417,1,0.1946883992532198
ag-test-001010,0,0.004506981503311872,0,0.1946883992532198
ag-test-001011,0,0.10808207257417309,0,0.1946883992532198
ag-test-001012,0,0.04571140717659345,0,0.1946883992532198
ag-test-001013,0,0.01174981247610989,0,0.1946883992532198
ag-test-001014,0,0.01788778159701574,0,0.1946883992532198
ag-test-001015,0,0.040361868615008616,0,0.1946883992532198
ag-test-001016,0,0.08129140410141365,0,0.1946883992532198
ag-test-001017,1,0.5107312317555515,1,0.1946883992532198
ag-test-001018,0,0.02562126214299676,0,0.1946883992532198
ag-test-001019,0,0.04285567603748523,0,0.1946883992532198
ag-test-001020,0,0.015173554248728665,0,0.1946883992532198
ag-test-001021,0,0.12633318112030767,0,0.1946883992532198
ag-test-001022,0,0.06251294821756968,0,0.1946883992532198
ag-test-001023,0,0.015314169137745588,0,0.1946883992532198
ag-test-001024,0,0.02733497042080691,0,0.1946883992532198
ag-test-001025,0,0.015581841592615194,0,0.1946883992532198
ag-test-001026,0,0.2542850947469828,1,0.1946883992532198
ag-test-001027,0,0.008912176038776679,0,0.1946883992532198
ag-test-001028,0,0.04099727569266091,0,0.1946883992532198
ag-test-001029,0,0.21332852794291798,1,0.1946883992532198
ag-test-001030,0,0.023063008717236863,0,0.1946883992532198
ag-test-001031,0,0.07975039521331766,0,0.1946883992532198
ag-test-001032,0,0.008448877662641517,0,0.1946883992532198
ag-test-001033,0,0.03406404415907707,0,0.1946883992532198
ag-test-001034,0,0.0556923105113875,0,0.1946883992532198
ag-test-001035,1,0.24718858851096878,1,0.1946883992532198
ag-test-001036,0,9.56480341741204e-06,0,0.1946883992532198
ag-test-001037,0,0.020672949966417414,0,0.1946883992532198
ag-test-001038,0,0.01172302066974012,0,0.1946883992532198
ag-test-001039,0,0.09170492196536952,0,0.1946883992532198
ag-test-001040,0,0.021818394322457368,0,0.1946883992532198
ag-test-001041,0,0.032531121747072796,0,0.1946883992532198
ag-test-001042,0,0.021867086560522653,0,0.1946883992532198
ag-test-001043,0,0.011414429059611642,0,0.1946883992532198
ag-test-001044,0,0.3126334454417481,1,0.1946883992532198
ag-test-001045,0,0.06354915236814294,0,0.1946883992532198
ag-test-001046,0,0.049398332517164315,0,0.1946883992532198
ag-test-001047,0,0.03384838726191803,0,0.1946883992532198
ag-test-001048,0,0.017786564524183486,0,0.1946883992532198
ag-test-001049,0,0.0061246221808595545,0,0.1946883992532198
ag-test-001050,0,0.018023283992178306,0,0.1946883992532198
ag-test-001051,0,0.00031623132495218543,0,0.1946883992532198
ag-test-001052,0,0.08292326066899779,0,0.1946883992532198
ag-test-001053,0,0.007143101452067157,0,0.1946883992532198
ag-test-001054,0,0.02015016245453415,0,0.1946883992532198
ag-test-001055,0,0.026921490652635483,0,0.1946883992532198
ag-test-001056,0,0.06858529597637478,0,0.1946883992532198
ag-test-001057,0,0.06118627694934606,0,0.1946883992532198
ag-test-001058,0,0.0046797659225909635,0,0.1946883992532198
ag-test-001059,0,0.0026816714510188894,0,0.1946883992532198
ag-test-001060,1,0.5452897134125905,1,0.1946883992532198
ag-test-001061,0,0.03293078463928891,0,0.1946883992532198
ag-test-001062,0,0.02429846506670848,0,0.1946883992532198
ag-test-001063,0,0.00987187063149056,0,0.1946883992532198
ag-test-001064,0,0.03129121000629069,0,0.1946883992532198
ag-test-001065,0,0.03390771102803116,0,0.1946883992532198
ag-test-001066,0,0.012613880685209775,0,0.1946883992532198
ag-test-001067,0,0.0375278444244032,0,0.1946883992532198
ag-test-001068,0,0.03989288469857458,0,0.1946883992532198
ag-test-001069,0,0.005681478384495097,0,0.1946883992532198
ag-test-001070,0,0.06274636581281601,0,0.1946883992532198
ag-test-001071,0,0.09856253391819976,0,0.1946883992532198
ag-test-001072,0,0.020722670901839685,0,0.1946883992532198
ag-test-001073,0,0.12103597452705697,0,0.1946883992532198
ag-test-001074,0,0.0023130960400717104,0,0.1946883992532198
ag-test-001075,0,0.008887190141254633,0,0.1946883992532198
ag-test-001076,0,0.0013159547410543603,0,0.1946883992532198
ag-test-001077,0,0.12451173091030975,0,0.1946883992532198
ag-test-001078,0,0.052507258354025976,0,0.1946883992532198
ag-test-001079,0,0.047526574090899006,0,0.1946883992532198
ag-test-001080,0,0.0029651528143151066,0,0.1946883992532198
ag-test-001081,0,0.006291627186069972,0,0.1946883992532198
ag-test-001082,0,0.058826831521264555,0,0.1946883992532198
ag-test-001083,0,0.2667920711908464,1,0.1946883992532198
ag-test-001084,0,0.11285689840159473,0,0.1946883992532198
ag-test-001085,0,0.022131146547839937,0,0.1946883992532198
ag-test-001086,0,0.025434876627890214,0,0.1946883992532198
ag-test-001087,1,0.8064027679410408,1,0.1946883992532198
ag-test-001088,0,0.013395096706397481,0,0.1946883992532198
ag-test-001089,0,0.008757641141541943,0,0.1946883992532198
ag-test-001090,0,0.03145576169331295,0,0.1946883992532198
ag-test-001091,0,0.01849664173983374,0,0.1946883992532198
ag-test-001092,0,0.0018264984564373414,0,0.1946883992532198
ag-test-001093,1,0.17022342860237463,0,0.1946883992532198
ag-test-001094,0,0.004283557469421819,0,0.1946883992532198
ag-test-001095,0,0.019774526625343476,0,0.1946883992532198
ag-test-001096,0,0.007094528311084484,0,0.1946883992532198
ag-test-001097,0,0.03559808034500408,0,0.1946883992532198
ag-test-001098,0,0.009215475532475613,0,0.1946883992532198
ag-test-001099,1,0.03543883517562116,0,0.1946883992532198
ag-test-001100,0,0.0518278384675392,0,0.1946883992532198
ag-test-001101,0,0.004953404000582597,0,0.1946883992532198
ag-test-001102,0,0.0378253569523495,0,0.1946883992532198
ag-test-001103,0,0.009504060278317588,0,0.1946883992532198
ag-test-001104,0,0.07953281029602267,0,0.1946883992532198
ag-test-001105,0,0.00919018326121902,0,0.1946883992532198
ag-test-001106,0,0.1818297476511951,0,0.1946883992532198
ag-test-001107,0,0.1273508445116522,0,0.1946883992532198
ag-test-001108,0,0.07728566936942283,0,0.1946883992532198
ag-test-001109,0,0.017325915984606758,0,0.1946883992532198
ag-test-001110,0,0.013013710230455812,0,0.1946883992532198
ag-test-001111,1,0.3278228379577174,1,0.1946883992532198
ag-test-001112,0,0.12407397385598988,0,0.1946883992532198
ag-test-001113,0,0.016553298050357296,0,0.1946883992532198
ag-test-001114,0,0.018395456315609415,0,0.1946883992532198
ag-test-001115,0,0.17161896709287774,0,0.1946883992532198
ag-test-001116,0,0.021776408634484747,0,0.1946883992532198
ag-test-001117,1,0.14276252696197858,0,0.1946883992532198
ag-test-001118,0,0.0029226297065416754,0,0.1946883992532198
ag-test-001119,0,0.035263206966628276,0,0.1946883992532198
ag-test-001120,0,0.001806955193269086,0,0.1946883992532198
ag-test-001121,0,0.017278207074638594,0,0.1946883992532198
ag-test-001122,0,0.0458512854082904,0,0.1946883992532198
ag-test-001123,0,0.011326301390282345,0,0.1946883992532198
ag-test-001124,0,0.06649172035000511,0,0.1946883992532198
ag-test-001125,0,0.014773309272812967,0,0.1946883992532198
ag-test-001126,0,0.005510056266731283,0,0.1946883992532198
ag-test-001127,1,0.11063931672411696,0,0.1946883992532198
ag-test-001128,0,0.007470185267745184,0,0.1946883992532198
ag-test-001129,0,0.02124641307795575,0,0.1946883992532198
ag-test-001130,0,0.03719305968081631,0,0.1946883992532198
ag-test-001131,0,0.008910950392581402,0,0.1946883992532198
ag-test-001132,0,0.05346687468528759,0,0.1946883992532198
ag-test-001133,0,0.0099026597253191,0,0.1946883992532198
ag-test-001134,0,0.024380688158292245,0,0.1946883992532198
ag-test-001135,0,0.006690182606146117,0,0.1946883992532198
ag-test-001136,0,0.2620169332511873,1,0.1946883992532198
ag-test-001137,0,0.014898139642268582,0,0.1946883992532198
ag-test-001138,0,0.02092613274861095,0,0.1946883992532198
ag-test-001139,0,0.001443111313640802,0,0.1946883992532198
ag-test-001140,0,0.04386310970772005,0,0.1946883992532198
ag-test-001141,0,0.02000493719925826,0,0.1946883992532198
ag-test-001142,0,0.05827558224473232,0,0.1946883992532198
ag-test-001143,0,0.02612697964679322,0,0.1946883992532198
ag-test-001144,0,0.034169182407136116,0,0.1946883992532198
ag-test-001145,0,0.05494069327078225,0,0.1946883992532198
ag-test-001146,1,0.647121483623294,1,0.1946883992532198
ag-test-001147,0,0.1779492931140512,0,0.1946883992532198
ag-test-001148,0,0.06521390619568218,0,0.1946883992532198
ag-test-001149,0,0.048249311257698074,0,0.1946883992532198
ag-test-001150,0,0.013714319861680003,0,0.1946883992532198
ag-test-001151,0,0.022369590325730358,0,0.1946883992532198
ag-test-001152,0,0.004422466343334834,0,0.1946883992532198
ag-test-001153,0,0.01202412147287164,0,0.1946883992532198
ag-test-001154,0,0.12013784690579049,0,0.1946883992532198
ag-test-001155,1,0.19133106047499154,0,0.1946883992532198
ag-test-001156,0,0.03146488390557752,0,0.1946883992532198
ag-test-001157,0,0.35014637167879414,1,0.1946883992532198
ag-test-001158,0,0.009468003369963313,0,0.1946883992532198
ag-test-001159,0,0.0007181116752550412,0,0.1946883992532198
ag-test-001160,0,0.04220818010144246,0,0.1946883992532198
ag-test-001161,0,0.06415446427692534,0,0.1946883992532198
ag-test-001162,0,0.0866469502943473,0,0.1946883992532198
ag-test-001163,0,0.3198209545126631,1,0.1946883992532198
ag-test-001164,1,0.08011824415589312,0,0.1946883992532198
ag-test-001165,1,0.1714927794419291,0,0.1946883992532198
ag-test-001166,0,0.03426397993803975,0,0.1946883992532198
ag-test-001167,0,0.07633267185938913,0,0.1946883992532198
ag-test-001168,1,0.2245240862006117,1,0.1946883992532198
ag-test-001169,0,0.003105430401317096,0,0.1946883992532198
ag-test-001170,0,0.6432289332746299,1,0.1946883992532198
ag-test-001171,0,0.03023135797176976,0,0.1946883992532198
ag-test-001172,0,0.005160440379690808,0,0.1946883992532198
ag-test-001173,0,0.1946914256105042,1,0.1946883992532198
ag-test-001174,1,0.1209984495406354,0,0.1946883992532198
ag-test-001175,0,0.20408276531653347,1,0.1946883992532198
ag-test-001176,0,0.05267286684322532,0,0.1946883992532198
ag-test-001177,0,0.03786509165652601,0,0.1946883992532198
ag-test-001178,1,0.058264474800022746,0,0.1946883992532198
ag-test-001179,0,0.010720897116945965,0,0.1946883992532198
ag-test-001180,0,0.022485239958213353,0,0.1946883992532198
ag-test-001181,1,0.26325716801662974,1,0.1946883992532198
ag-test-001182,0,0.01077140978761483,0,0.1946883992532198
ag-test-001183,0,0.0021438286375061173,0,0.1946883992532198
ag-test-001184,1,0.17287070034844823,0,0.1946883992532198
ag-test-001185,0,0.00014458369247310262,0,0.1946883992532198
ag-test-001186,0,0.016777407158628785,0,0.1946883992532198
ag-test-001187,0,0.01914003456747482,0,0.1946883992532198
ag-test-001188,0,0.15326989728162013,0,0.1946883992532198
ag-test-001189,0,0.09927195760287426,0,0.1946883992532198
ag-test-001190,0,0.027490149903630714,0,0.1946883992532198
ag-test-001191,0,0.014931008381759293,0,0.1946883992532198
ag-test-001192,0,0.028377504380430713,0,0.1946883992532198
ag-test-001193,0,0.0399570868178898,0,0.1946883992532198
ag-test-001194,0,0.0022031544238423095,0,0.1946883992532198
ag-test-001195,0,0.027773747452804986,0,0.1946883992532198
ag-test-001196,0,0.033964328110315085,0,0.1946883992532198
ag-test-001197,0,0.01769734059310247,0,0.1946883992532198
ag-test-001198,0,0.018580732635591627,0,0.1946883992532198
ag-test-001199,0,0.01129957923475605,0,0.1946883992532198
ag-test-001200,0,0.001789526728293547,0,0.1946883992532198
ag-test-001201,1,0.17937751885047268,0,0.1946883992532198
ag-test-001202,0,0.04820614211850354,0,0.1946883992532198
ag-test-001203,0,0.06971161754062223,0,0.1946883992532198
ag-test-001204,0,0.016081856324142454,0,0.1946883992532198
ag-test-001205,0,0.007164710322972808,0,0.1946883992532198
ag-test-001206,1,0.022749926500494583,0,0.1946883992532198
ag-test-001207,1,0.244584380447366,1,0.1946883992532198
ag-test-001208,0,0.5411296864403119,1,0.1946883992532198
ag-test-001209,0,0.03597930643130587,0,0.1946883992532198
ag-test-001210,0,0.07977636811644656,0,0.1946883992532198
ag-test-001211,0,0.013807298504142482,0,0.1946883992532198
ag-test-001212,0,0.02924156563666025,0,0.1946883992532198
ag-test-001213,0,0.030396564993551322,0,0.1946883992532198
ag-test-001214,0,0.1521895130533422,0,0.1946883992532198
ag-test-001215,0,0.0749578235527945,0,0.1946883992532198
ag-test-001216,0,0.006864909804737401,0,0.1946883992532198
ag-test-001217,0,0.002752039760131246,0,0.1946883992532198
ag-test-001218,1,0.06026745793520511,0,0.1946883992532198
ag-test-001219,0,0.11432592794279486,0,0.1946883992532198
ag-test-001220,0,0.07340058038239947,0,0.1946883992532198
ag-test-001221,0,0.14596674021351297,0,0.1946883992532198
ag-test-001222,0,0.060901691649889005,0,0.1946883992532198
ag-test-001223,0,0.02307605977094044,0,0.1946883992532198
ag-test-001224,0,0.0007751382913082373,0,0.1946883992532198
ag-test-001225,0,0.009371873661879075,0,0.1946883992532198
ag-test-001226,0,0.010865792007509792,0,0.1946883992532198
ag-test-001227,0,0.015349192341584226,0,0.1946883992532198
ag-test-001228,0,0.08713238896744589,0,0.1946883992532198
ag-test-001229,0,0.18296457320553047,0,0.1946883992532198
ag-test-001230,0,0.0570352714511566,0,0.1946883992532198
ag-test-001231,0,0.006728594226373735,0,0.1946883992532198
ag-test-001232,0,0.014582833666502048,0,0.1946883992532198
ag-test-001233,0,0.00638138061862521,0,0.1946883992532198
ag-test-001234,0,0.01165517275736605,0,0.1946883992532198
ag-test-001235,0,0.091032420141558,0,0.1946883992532198
ag-test-001236,1,0.3503423517501746,1,0.1946883992532198
ag-test-001237,0,0.041392503112930495,0,0.1946883992532198
ag-test-001238,1,0.7010485422656803,1,0.1946883992532198
ag-test-001239,0,0.04180087845064868,0,0.1946883992532198
ag-test-001240,0,0.027267074773467705,0,0.1946883992532198
ag-test-001241,0,0.10028516188149472,0,0.1946883992532198
ag-test-001242,0,0.015493672171055859,0,0.1946883992532198
ag-test-001243,0,0.01035556623320957,0,0.1946883992532198
ag-test-001244,0,0.026718977892128622,0,0.1946883992532198
ag-test-001245,0,0.008219809812668047,0,0.1946883992532198
ag-test-001246,0,0.022617973305678055,0,0.1946883992532198
ag-test-001247,1,0.2995205701593662,1,0.1946883992532198
ag-test-001248,1,0.45835760444434054,1,0.1946883992532198
ag-test-001249,0,0.06988693597058672,0,0.1946883992532198
ag-test-001250,0,0.013416275882157465,0,0.1946883992532198
ag-test-001251,0,0.0036349591865396363,0,0.1946883992532198
ag-test-001252,0,0.08268748917667759,0,0.1946883992532198
ag-test-001253,0,0.0345188008683964,0,0.1946883992532198
ag-test-001254,0,0.014987567315997334,0,0.1946883992532198
ag-test-001255,0,0.15654056800705832,0,0.1946883992532198
ag-test-001256,0,0.017646882756573095,0,0.1946883992532198
ag-test-001257,0,0.016086761601151925,0,0.1946883992532198
ag-test-001258,0,0.05186767578044571,0,0.1946883992532198
ag-test-001259,0,0.016968006476085918,0,0.1946883992532198
ag-test-001260,1,0.5733275528038384,1,0.1946883992532198
ag-test-001261,0,0.024367300069082522,0,0.1946883992532198
ag-test-001262,0,0.0065053382102350935,0,0.1946883992532198
ag-test-001263,1,0.5529283642182321,1,0.1946883992532198
ag-test-001264,1,0.030839132521122616,0,0.1946883992532198
ag-test-001265,0,0.01125787962764646,0,0.1946883992532198
ag-test-001266,0,0.019265735351076244,0,0.1946883992532198
ag-test-001267,0,0.011449670449554339,0,0.1946883992532198
ag-test-001268,0,0.03982021067279008,0,0.1946883992532198
ag-test-001269,0,0.014864158342661306,0,0.1946883992532198
ag-test-001270,0,0.09172797279965567,0,0.1946883992532198
ag-test-001271,0,0.0061394134097774245,0,0.1946883992532198
ag-test-001272,0,0.2769800191477039,1,0.1946883992532198
ag-test-001273,0,0.03905810316759079,0,0.1946883992532198
ag-test-001274,0,0.022759956455807234,0,0.1946883992532198
ag-test-001275,0,0.011141217123592232,0,0.1946883992532198
ag-test-001276,0,0.011376915997331026,0,0.1946883992532198
ag-test-001277,0,0.052754418403994904,0,0.1946883992532198
ag-test-001278,0,0.200874981809213,1,0.1946883992532198
ag-test-001279,0,0.03403759731003117,0,0.1946883992532198
ag-test-001280,0,0.007535685189043899,0,0.1946883992532198
ag-test-001281,1,0.7186362818562868,1,0.1946883992532198
ag-test-001282,0,0.048345848350977466,0,0.1946883992532198
ag-test-001283,0,0.06892328972818121,0,0.1946883992532198
ag-test-001284,0,0.013283071860487246,0,0.1946883992532198
ag-test-001285,0,0.4714722856672958,1,0.1946883992532198
ag-test-001286,0,0.11545361892864191,0,0.1946883992532198
ag-test-001287,0,0.11497186040026539,0,0.1946883992532198
ag-test-001288,0,0.07983445198042217,0,0.1946883992532198
ag-test-001289,0,0.008758384780641146,0,0.1946883992532198
ag-test-001290,0,0.06009793987879811,0,0.1946883992532198
ag-test-001291,0,0.0034822539166178283,0,0.1946883992532198
ag-test-001292,0,0.17948201108376535,0,0.1946883992532198
ag-test-001293,0,0.028184430720213025,0,0.1946883992532198
ag-test-001294,0,0.12429974386441332,0,0.1946883992532198
ag-test-001295,0,0.01849129969831525,0,0.1946883992532198
ag-test-001296,0,0.04154686523376786,0,0.1946883992532198
ag-test-001297,0,0.01463717228599498,0,0.1946883992532198
ag-test-001298,0,0.018725907452427824,0,0.1946883992532198
ag-test-001299,0,0.027672258361431157,0,0.1946883992532198
ag-test-001300,0,0.05690907089048368,0,0.1946883992532198
ag-test-001301,0,0.05558937811338696,0,0.1946883992532198
ag-test-001302,0,0.0017150361188963956,0,0.1946883992532198
ag-test-001303,0,0.07307777978202773,0,0.1946883992532198
ag-test-001304,0,0.06724643911875508,0,0.1946883992532198
ag-test-001305,0,0.09653313924325016,0,0.1946883992532198
ag-test-001306,0,0.036333028687849676,0,0.1946883992532198
ag-test-001307,0,0.061325309450188076,0,0.1946883992532198
ag-test-001308,0,0.01738180202475589,0,0.1946883992532198
ag-test-001309,0,0.040383658955658056,0,0.1946883992532198
ag-test-001310,0,0.01976029181130244,0,0.1946883992532198
ag-test-001311,0,0.060263998041318406,0,0.1946883992532198
ag-test-001312,0,0.002884582062373171,0,0.1946883992532198
ag-test-001313,0,0.10974269449623981,0,0.1946883992532198
ag-test-001314,0,0.0066316807996204385,0,0.1946883992532198
ag-test-001315,0,0.08463483305450481,0,0.1946883992532198
ag-test-001316,0,0.014613123579173494,0,0.1946883992532198
ag-test-001317,0,0.03208453431930307,0,0.1946883992532198
ag-test-001318,0,0.08458685875895854,0,0.1946883992532198
ag-test-001319,0,0.0075777190369938005,0,0.1946883992532198
ag-test-001320,0,0.023693819925476787,0,0.1946883992532198
ag-test-001321,0,0.3243026360007071,1,0.1946883992532198
ag-test-001322,1,0.18838244661343784,0,0.1946883992532198
ag-test-001323,0,0.1306182081470385,0,0.1946883992532198
ag-test-001324,0,0.01740427542541015,0,0.1946883992532198
ag-test-001325,0,0.49440978855391116,1,0.1946883992532198
ag-test-001326,0,0.005643671298159138,0,0.1946883992532198
ag-test-001327,0,0.009948095460166107,0,0.1946883992532198
ag-test-001328,0,0.21969356206887616,1,0.1946883992532198
ag-test-001329,0,0.012055169676902247,0,0.1946883992532198
ag-test-001330,0,0.001430278064781929,0,0.1946883992532198
ag-test-001331,0,0.007415206295954107,0,0.1946883992532198
ag-test-001332,0,0.00821206995647858,0,0.1946883992532198
ag-test-001333,0,0.053769905559041126,0,0.1946883992532198
ag-test-001334,0,0.09298841183401371,0,0.1946883992532198
ag-test-001335,0,0.047696851245647647,0,0.1946883992532198
ag-test-001336,0,0.0008727852733307985,0,0.1946883992532198
ag-test-001337,0,0.001382496792734027,0,0.1946883992532198
ag-test-001338,0,0.04496324313716608,0,0.1946883992532198
ag-test-001339,0,2.721229530671245e-06,0,0.1946883992532198
ag-test-001340,0,0.03361427265229712,0,0.1946883992532198
ag-test-001341,1,0.14731999706853427,0,0.1946883992532198
ag-test-001342,0,0.0011360327899843036,0,0.1946883992532198
ag-test-001343,0,0.32296429114582964,1,0.1946883992532198
ag-test-001344,0,0.034082948221481786,0,0.1946883992532198
ag-test-001345,0,0.09550799227307097,0,0.1946883992532198
ag-test-001346,0,0.018866528218771668,0,0.1946883992532198
ag-test-001347,0,0.013357614803362606,0,0.1946883992532198
ag-test-001348,1,0.04860715886408945,0,0.1946883992532198
ag-test-001349,0,0.018182725615718397,0,0.1946883992532198
ag-test-001350,1,0.19908191846936882,1,0.1946883992532198
ag-test-001351,1,0.06247711761920538,0,0.1946883992532198
ag-test-001352,0,0.020979943104131798,0,0.1946883992532198
ag-test-001353,0,0.575586111862575,1,0.1946883992532198
ag-test-001354,0,0.04494999293290274,0,0.1946883992532198
ag-test-001355,0,0.004316724960990484,0,0.1946883992532198
ag-test-001356,0,0.3144351520295449,1,0.1946883992532198
ag-test-001357,0,0.014377054688356915,0,0.1946883992532198
ag-test-001358,1,0.14150796567324847,0,0.1946883992532198
ag-test-001359,0,0.0028215567274034858,0,0.1946883992532198
ag-test-001360,1,0.6453947026848136,1,0.1946883992532198
ag-test-001361,0,0.028777275216626867,0,0.1946883992532198
ag-test-001362,0,0.001638978955511141,0,0.1946883992532198
ag-test-001363,0,0.011443790326042449,0,0.1946883992532198
ag-test-001364,0,0.027596229860187074,0,0.1946883992532198
ag-test-001365,0,0.004989742893340189,0,0.1946883992532198
ag-test-001366,0,0.020334635264565467,0,0.1946883992532198
ag-test-001367,0,0.050185275035920456,0,0.1946883992532198
ag-test-001368,0,0.02332168184022068,0,0.1946883992532198
ag-test-001369,0,0.02699182631963896,0,0.1946883992532198
ag-test-001370,0,0.014865612961862614,0,0.1946883992532198
ag-test-001371,0,0.035138507404153065,0,0.1946883992532198
ag-test-001372,0,0.1256493005180324,0,0.1946883992532198
ag-test-001373,0,0.017684065557210044,0,0.1946883992532198
ag-test-001374,0,0.016255794095408102,0,0.1946883992532198
ag-test-001375,0,0.23587498684893302,1,0.1946883992532198
ag-test-001376,0,0.0045887172073731455,0,0.1946883992532198
ag-test-001377,0,0.02985035460724006,0,0.1946883992532198
ag-test-001378,0,0.01971658904386459,0,0.1946883992532198
ag-test-001379,0,0.10073327358838825,0,0.1946883992532198
ag-test-001380,0,0.12023569646624067,0,0.1946883992532198
ag-test-001381,0,0.0061269552147959535,0,0.1946883992532198
ag-test-001382,0,0.06544015593317624,0,0.1946883992532198
ag-test-001383,0,0.1776958540965516,0,0.1946883992532198
ag-test-001384,1,0.004371640357022705,0,0.1946883992532198
ag-test-001385,0,0.15534143921314464,0,0.1946883992532198
ag-test-001386,0,0.0007124542259726978,0,0.1946883992532198
ag-test-001387,0,0.044245876758817984,0,0.1946883992532198
ag-test-001388,0,0.03126649323825105,0,0.1946883992532198
ag-test-001389,0,0.06531141894312133,0,0.1946883992532198
ag-test-001390,1,0.4080337037373777,1,0.1946883992532198
ag-test-001391,0,0.03525217349581983,0,0.1946883992532198
ag-test-001392,0,0.050232888312250173,0,0.1946883992532198
ag-test-001393,1,0.4648854975057588,1,0.1946883992532198
ag-test-001394,0,0.04292523123315823,0,0.1946883992532198
ag-test-001395,0,0.0003581125833220735,0,0.1946883992532198
ag-test-001396,0,0.05352878093764359,0,0.1946883992532198
ag-test-001397,0,0.008089251944403564,0,0.1946883992532198
ag-test-001398,1,0.24496110913881244,1,0.1946883992532198
ag-test-001399,0,0.11320113060619474,0,0.1946883992532198
ag-test-001400,0,0.394868872484667,1,0.1946883992532198
ag-test-001401,0,0.01487792568813217,0,0.1946883992532198
ag-test-001402,0,0.06331822187986834,0,0.1946883992532198
ag-test-001403,0,0.015916711270103114,0,0.1946883992532198
ag-test-001404,0,0.008434136157574264,0,0.1946883992532198
ag-test-001405,1,7.724312467579571e-09,0,0.1946883992532198
ag-test-001406,1,0.24111244250917202,1,0.1946883992532198
ag-test-001407,0,0.46172528601048257,1,0.1946883992532198
ag-test-001408,0,0.05918208905761342,0,0.1946883992532198
ag-test-001409,0,0.04055729828225945,0,0.1946883992532198
ag-test-001410,0,0.01704056535200613,0,0.1946883992532198
ag-test-001411,0,0.007239195107694991,0,0.1946883992532198
ag-test-001412,0,0.03282989000403398,0,0.1946883992532198
ag-test-001413,0,0.016321867661506232,0,0.1946883992532198
ag-test-001414,0,0.12264218049144868,0,0.1946883992532198
ag-test-001415,1,0.01146457973270879,0,0.1946883992532198
ag-test-001416,0,0.05685346069774993,0,0.1946883992532198
ag-test-001417,0,0.08789087145964831,0,0.1946883992532198
ag-test-001418,0,0.025846394957851817,0,0.1946883992532198
ag-test-001419,0,0.02164140105407616,0,0.1946883992532198
ag-test-001420,0,0.005686999529914067,0,0.1946883992532198
ag-test-001421,0,0.01303601576684557,0,0.1946883992532198
ag-test-001422,0,0.01843824024951726,0,0.1946883992532198
ag-test-001423,0,0.013376067651587676,0,0.1946883992532198
ag-test-001424,0,0.01333227118576615,0,0.1946883992532198
ag-test-001425,0,0.008699224810974083,0,0.1946883992532198
ag-test-001426,0,0.07709897748443842,0,0.1946883992532198
ag-test-001427,0,0.016566331078807003,0,0.1946883992532198
ag-test-001428,0,0.0655417307243393,0,0.1946883992532198
ag-test-001429,0,0.4129162930485514,1,0.1946883992532198
ag-test-001430,1,0.08412935245159131,0,0.1946883992532198
ag-test-001431,0,0.0170738293971666,0,0.1946883992532198
ag-test-001432,0,0.016877743499937047,0,0.1946883992532198
ag-test-001433,0,0.007299368821044561,0,0.1946883992532198
ag-test-001434,0,0.001638522940731199,0,0.1946883992532198
ag-test-001435,1,0.6679690860218507,1,0.1946883992532198
ag-test-001436,1,0.0020573917131141667,0,0.1946883992532198
ag-test-001437,0,0.03480774323689146,0,0.1946883992532198
ag-test-001438,0,0.010919281841543718,0,0.1946883992532198
ag-test-001439,0,0.009971010110216772,0,0.1946883992532198
ag-test-001440,0,0.038993265185910085,0,0.1946883992532198
ag-test-001441,0,0.40186257564327227,1,0.1946883992532198
ag-test-001442,1,0.00040207395868595465,0,0.1946883992532198
ag-test-001443,0,0.11916049559528809,0,0.1946883992532198
ag-test-001444,0,0.01636224520554189,0,0.1946883992532198
ag-test-001445,0,0.007757777913255242,0,0.1946883992532198
ag-test-001446,0,0.06734801339970416,0,0.1946883992532198
ag-test-001447,0,0.021342261783626595,0,0.1946883992532198
ag-test-001448,0,0.06144840019054421,0,0.1946883992532198
ag-test-001449,0,0.02047543091381825,0,0.1946883992532198
ag-test-001450,0,0.025483461033946244,0,0.1946883992532198
ag-test-001451,0,0.1334223921767699,0,0.1946883992532198
ag-test-001452,0,0.024338715201807845,0,0.1946883992532198
ag-test-001453,0,0.35543032932297763,1,0.1946883992532198
ag-test-001454,0,0.008678628167169506,0,0.1946883992532198
ag-test-001455,1,0.26051889543728407,1,0.1946883992532198
ag-test-001456,0,0.07733976795286548,0,0.1946883992532198
ag-test-001457,0,0.07025338000998092,0,0.1946883992532198
ag-test-001458,0,0.013084130622667313,0,0.1946883992532198
ag-test-001459,0,0.33582913779939455,1,0.1946883992532198
ag-test-001460,0,0.0024826707345246978,0,0.1946883992532198
ag-test-001461,0,0.10013246042090301,0,0.1946883992532198
ag-test-001462,0,0.026996884907400095,0,0.1946883992532198
ag-test-001463,0,0.006927334033645281,0,0.1946883992532198
ag-test-001464,0,0.03318008597881245,0,0.1946883992532198
ag-test-001465,0,0.019480504179533658,0,0.1946883992532198
ag-test-001466,0,0.05751740237743609,0,0.1946883992532198
ag-test-001467,0,0.10393460886936413,0,0.1946883992532198
ag-test-001468,0,0.347677686015387,1,0.1946883992532198
ag-test-001469,1,0.09216388288852659,0,0.1946883992532198
ag-test-001470,0,0.01367350535172715,0,0.1946883992532198
ag-test-001471,0,0.13820352494838328,0,0.1946883992532198
ag-test-001472,0,0.04094159301125727,0,0.1946883992532198
ag-test-001473,1,0.3079156111528764,1,0.1946883992532198
ag-test-001474,0,0.025946327966826877,0,0.1946883992532198
ag-test-001475,0,0.010826764773064804,0,0.1946883992532198
ag-test-001476,0,0.001655491389616975,0,0.1946883992532198
ag-test-001477,0,0.02986936855846391,0,0.1946883992532198
ag-test-001478,0,0.001152960050735892,0,0.1946883992532198
ag-test-001479,0,0.42711698174329343,1,0.1946883992532198
ag-test-001480,1,0.17621273472213317,0,0.1946883992532198
ag-test-001481,0,0.021897122270708058,0,0.1946883992532198
ag-test-001482,0,0.007248747328375391,0,0.1946883992532198
ag-test-001483,0,0.039687861747960206,0,0.1946883992532198
ag-test-001484,0,0.023388110136084876,0,0.1946883992532198
ag-test-001485,0,0.06583765562021685,0,0.1946883992532198
ag-test-001486,0,0.040876441786625355,0,0.1946883992532198
ag-test-001487,0,0.1020932153957928,0,0.1946883992532198
ag-test-001488,0,0.07322692291103153,0,0.1946883992532198
ag-test-001489,0,0.01796724535254304,0,0.1946883992532198
ag-test-001490,0,0.11329874094677236,0,0.1946883992532198
ag-test-001491,0,0.05290656868240653,0,0.1946883992532198
ag-test-001492,0,0.01768814373407228,0,0.1946883992532198
ag-test-001493,0,0.03466155635061978,0,0.1946883992532198
ag-test-001494,0,0.0030804547755131926,0,0.1946883992532198
ag-test-001495,0,0.2878446591277954,1,0.1946883992532198
ag-test-001496,0,0.04665903290095925,0,0.1946883992532198
ag-test-001497,1,0.02242032224729376,0,0.1946883992532198
ag-test-001498,0,0.01749862045161641,0,0.1946883992532198
ag-test-001499,0,0.0338480608872747,0,0.1946883992532198
ag-test-001500,0,0.008975362923254907,0,0.1946883992532198
ag-test-001501,1,0.3733279324472389,1,0.1946883992532198
ag-test-001502,0,0.04368840176676818,0,0.1946883992532198
ag-test-001503,0,0.10639356393197626,0,0.1946883992532198
ag-test-001504,0,0.030728021201167945,0,0.1946883992532198
ag-test-001505,0,0.021170988066475414,0,0.1946883992532198
ag-test-001506,0,0.03672006652091896,0,0.1946883992532198
ag-test-001507,0,0.18716686122002807,0,0.1946883992532198
ag-test-001508,0,0.061627165426749723,0,0.1946883992532198
ag-test-001509,0,0.017182616321459954,0,0.1946883992532198
ag-test-001510,0,0.21127560474900195,1,0.1946883992532198
ag-test-001511,0,0.08412706559823474,0,0.1946883992532198
ag-test-001512,0,0.04459487685201487,0,0.1946883992532198
ag-test-001513,0,0.040103013433577604,0,0.1946883992532198
ag-test-001514,0,0.052344237237066736,0,0.1946883992532198
ag-test-001515,0,0.13173008360912183,0,0.1946883992532198
ag-test-001516,0,0.05299831351756121,0,0.1946883992532198
ag-test-001517,0,0.035525130565298976,0,0.1946883992532198
ag-test-001518,0,0.03936984073921641,0,0.1946883992532198
ag-test-001519,0,0.05125485172363904,0,0.1946883992532198
ag-test-001520,0,0.024470880176874595,0,0.1946883992532198
ag-test-001521,0,0.03162357393561846,0,0.1946883992532198
ag-test-001522,0,0.1406792474422635,0,0.1946883992532198
ag-test-001523,0,0.12208457993791716,0,0.1946883992532198
ag-test-001524,1,0.1972453529209718,1,0.1946883992532198
ag-test-001525,1,0.046721545122633205,0,0.1946883992532198
ag-test-001526,0,0.0196432976042903,0,0.1946883992532198
ag-test-001527,0,0.021806601689807577,0,0.1946883992532198
ag-test-001528,0,0.050740175707341274,0,0.1946883992532198
ag-test-001529,0,0.006379635329372975,0,0.1946883992532198
ag-test-001530,0,0.002771567570348664,0,0.1946883992532198
ag-test-001531,0,0.024471683736523482,0,0.1946883992532198
ag-test-001532,0,0.056916620863119785,0,0.1946883992532198
ag-test-001533,0,0.005604003708098947,0,0.1946883992532198
ag-test-001534,0,0.002414568328639009,0,0.1946883992532198
ag-test-001535,0,0.00187803167574799,0,0.1946883992532198
ag-test-001536,0,0.2134244001431493,1,0.1946883992532198
ag-test-001537,0,0.06966686029401811,0,0.1946883992532198
ag-test-001538,0,0.02089348999709969,0,0.1946883992532198
ag-test-001539,0,0.009913771025989846,0,0.1946883992532198
ag-test-001540,0,0.18187012354611215,0,0.1946883992532198
ag-test-001541,0,0.010504922485143448,0,0.1946883992532198
ag-test-001542,0,0.19257893473138177,0,0.1946883992532198
ag-test-001543,0,0.02123704950605964,0,0.1946883992532198
ag-test-001544,0,0.020782062905689864,0,0.1946883992532198
ag-test-001545,0,0.031916667856544734,0,0.1946883992532198
ag-test-001546,0,0.19282638641813205,0,0.1946883992532198
ag-test-001547,1,0.5337662721816155,1,0.1946883992532198
ag-test-001548,0,0.028082938664233954,0,0.1946883992532198
ag-test-001549,1,0.16822607341426885,0,0.1946883992532198
ag-test-001550,0,0.1115285586322398,0,0.1946883992532198
ag-test-001551,0,0.13405322739099113,0,0.1946883992532198
ag-test-001552,0,0.003508183653567183,0,0.1946883992532198
ag-test-001553,0,0.05483003458820109,0,0.1946883992532198
ag-test-001554,0,0.007102237676028377,0,0.1946883992532198
ag-test-001555,1,0.2555275998465623,1,0.1946883992532198
ag-test-001556,0,0.014562547855987018,0,0.1946883992532198
ag-test-001557,0,0.021763065798738997,0,0.1946883992532198
ag-test-001558,0,0.07641144456515744,0,0.1946883992532198
ag-test-001559,0,0.10825267723375612,0,0.1946883992532198
ag-test-001560,0,0.008379889832168403,0,0.1946883992532198
ag-test-001561,0,0.02325866602799099,0,0.1946883992532198
ag-test-001562,0,0.08093687152803819,0,0.1946883992532198
ag-test-001563,0,0.5065584776684589,1,0.1946883992532198
ag-test-001564,0,0.06685819087429534,0,0.1946883992532198
ag-test-001565,0,0.04534857263336463,0,0.1946883992532198
ag-test-001566,0,0.007141086951709119,0,0.1946883992532198
ag-test-001567,0,0.03130040688517253,0,0.1946883992532198
ag-test-001568,1,0.15298112178070464,0,0.1946883992532198
ag-test-001569,1,0.14976447935102732,0,0.1946883992532198
ag-test-001570,0,0.20963003681301295,1,0.1946883992532198
ag-test-001571,0,0.02808455645128979,0,0.1946883992532198
ag-test-001572,0,0.012378355903914022,0,0.1946883992532198
ag-test-001573,0,0.015617545064677971,0,0.1946883992532198
ag-test-001574,1,0.026794997550298412,0,0.1946883992532198
ag-test-001575,0,0.013862840005876363,0,0.1946883992532198
ag-test-001576,0,0.04759534011888811,0,0.1946883992532198
ag-test-001577,0,0.1324221177611174,0,0.1946883992532198
ag-test-001578,1,0.16510281581242456,0,0.1946883992532198
ag-test-001579,0,0.19110125825070137,0,0.1946883992532198
ag-test-001580,0,0.09887607508507806,0,0.1946883992532198
ag-test-001581,0,0.07429445006944586,0,0.1946883992532198
ag-test-001582,0,0.011483719218545794,0,0.1946883992532198
ag-test-001583,0,0.3178857194072185,1,0.1946883992532198
ag-test-001584,0,0.015625820944718795,0,0.1946883992532198
ag-test-001585,0,0.01322300429280187,0,0.1946883992532198
ag-test-001586,0,0.03407870206608346,0,0.1946883992532198
ag-test-001587,0,0.005428954319012543,0,0.1946883992532198
ag-test-001588,0,0.023132277888886783,0,0.1946883992532198
ag-test-001589,1,0.08862068860288995,0,0.1946883992532198
ag-test-001590,0,0.08926315493949083,0,0.1946883992532198
ag-test-001591,0,0.0780158865662045,0,0.1946883992532198
ag-test-001592,0,0.0023177853873101793,0,0.1946883992532198
ag-test-001593,0,0.016370014288905655,0,0.1946883992532198
ag-test-001594,0,0.032994648582511256,0,0.1946883992532198
ag-test-001595,0,0.034070387320788514,0,0.1946883992532198
ag-test-001596,0,0.13138974290634292,0,0.1946883992532198
ag-test-001597,0,0.0026186504517173486,0,0.1946883992532198
ag-test-001598,0,0.026841832621491483,0,0.1946883992532198
ag-test-001599,0,0.04223799317153045,0,0.1946883992532198
ag-test-001600,0,0.02499123873468242,0,0.1946883992532198
ag-test-001601,1,0.2409382953121967,1,0.1946883992532198
ag-test-001602,0,0.13938511194648592,0,0.1946883992532198
ag-test-001603,0,0.12662339719749396,0,0.1946883992532198
ag-test-001604,0,0.011812122160309284,0,0.1946883992532198
ag-test-001605,0,0.019358987693698218,0,0.1946883992532198
ag-test-001606,0,0.0270852867757208,0,0.1946883992532198
ag-test-001607,0,0.01788911450174226,0,0.1946883992532198
ag-test-001608,0,0.022162282541264847,0,0.1946883992532198
ag-test-001609,0,0.012551584145434665,0,0.1946883992532198
ag-test-001610,0,0.14802423869332737,0,0.1946883992532198
ag-test-001611,0,0.009513441789296447,0,0.1946883992532198
ag-test-001612,0,0.015180308006188005,0,0.1946883992532198
ag-test-001613,0,0.015157639894948716,0,0.1946883992532198
ag-test-001614,0,0.1021382867159675,0,0.1946883992532198
ag-test-001615,0,0.3268109618768303,1,0.1946883992532198
ag-test-001616,0,0.1656492086587266,0,0.1946883992532198
ag-test-001617,1,0.14821833658012545,0,0.1946883992532198
ag-test-001618,0,0.028704432902098034,0,0.1946883992532198
ag-test-001619,1,0.1532787224475799,0,0.1946883992532198
ag-test-001620,0,0.08194568868967156,0,0.1946883992532198
ag-test-001621,1,0.3327072622769623,1,0.1946883992532198
ag-test-001622,0,0.005480517302684676,0,0.1946883992532198
ag-test-001623,0,0.1550079508857877,0,0.1946883992532198
ag-test-001624,0,0.005120769152215426,0,0.1946883992532198
ag-test-001625,0,0.1080883075592488,0,0.1946883992532198
ag-test-001626,0,0.10888303033226242,0,0.1946883992532198
ag-test-001627,0,0.1927307114522491,0,0.1946883992532198
ag-test-001628,0,0.0017656847548453655,0,0.1946883992532198
ag-test-001629,0,0.037303161974822335,0,0.1946883992532198
ag-test-001630,0,0.010347394638085056,0,0.1946883992532198
ag-test-001631,0,0.01183934740459046,0,0.1946883992532198
ag-test-001632,0,0.0034021143232132213,0,0.1946883992532198
ag-test-001633,0,0.12719217371359673,0,0.1946883992532198
ag-test-001634,0,0.0062815541308765925,0,0.1946883992532198
ag-test-001635,0,0.013842214038485167,0,0.1946883992532198
ag-test-001636,0,0.0330252728462823,0,0.1946883992532198
ag-test-001637,1,0.1160847986736979,0,0.1946883992532198
ag-test-001638,0,0.030684330969943094,0,0.1946883992532198
ag-test-001639,0,0.00019215254315281663,0,0.1946883992532198
ag-test-001640,0,0.07978551708313257,0,0.1946883992532198
ag-test-001641,0,0.03088696882630738,0,0.1946883992532198
ag-test-001642,0,0.1605383014778824,0,0.1946883992532198
ag-test-001643,0,0.14472001211967958,0,0.1946883992532198
ag-test-001644,0,0.10141777272034481,0,0.1946883992532198
ag-test-001645,0,0.2421037216856929,1,0.1946883992532198
ag-test-001646,0,0.013617366189265996,0,0.1946883992532198
ag-test-001647,0,0.005436255916774254,0,0.1946883992532198
ag-test-001648,1,0.5275870587452942,1,0.1946883992532198
ag-test-001649,0,0.2166408440764022,1,0.1946883992532198
ag-test-001650,0,0.0047428771978015654,0,0.1946883992532198
ag-test-001651,0,0.030663219128125432,0,0.1946883992532198
ag-test-001652,0,0.00513075388599497,0,0.1946883992532198
ag-test-001653,0,0.034387827949470595,0,0.1946883992532198
ag-test-001654,0,0.01871473282800594,0,0.1946883992532198
ag-test-001655,0,0.010468321067486432,0,0.1946883992532198
ag-test-001656,1,0.6105751400385054,1,0.1946883992532198
ag-test-001657,0,0.03291111479453248,0,0.1946883992532198
ag-test-001658,0,0.051178093604340634,0,0.1946883992532198
ag-test-001659,0,0.06999855838774634,0,0.1946883992532198
ag-test-001660,0,0.018201115671902954,0,0.1946883992532198
ag-test-001661,0,0.06564327146590479,0,0.1946883992532198
ag-test-001662,0,0.013396229276861023,0,0.1946883992532198
ag-test-001663,1,0.133434549512325,0,0.1946883992532198
ag-test-001664,0,0.01687716231749228,0,0.1946883992532198
ag-test-001665,0,0.1251235826423146,0,0.1946883992532198
ag-test-001666,0,0.006844740559718291,0,0.1946883992532198
ag-test-001667,0,0.013435836248936866,0,0.1946883992532198
ag-test-001668,0,0.00876930263341367,0,0.1946883992532198
ag-test-001669,0,0.007854996517111506,0,0.1946883992532198
ag-test-001670,1,0.3018521942371761,1,0.1946883992532198
ag-test-001671,1,0.4430362139588803,1,0.1946883992532198
ag-test-001672,0,0.0226857883299935,0,0.1946883992532198
ag-test-001673,0,0.08882261748569613,0,0.1946883992532198
ag-test-001674,0,0.02428766445403214,0,0.1946883992532198
ag-test-001675,0,0.04550710328798553,0,0.1946883992532198
ag-test-001676,0,0.08303594802154649,0,0.1946883992532198
ag-test-001677,0,0.015465160489792663,0,0.1946883992532198
ag-test-001678,0,0.02651144948285841,0,0.1946883992532198
ag-test-001679,1,0.18879217395185466,0,0.1946883992532198
ag-test-001680,0,0.02069922210895416,0,0.1946883992532198
ag-test-001681,0,0.0035244787133021714,0,0.1946883992532198
ag-test-001682,0,0.06867810039653155,0,0.1946883992532198
ag-test-001683,0,0.016085434119995665,0,0.1946883992532198
ag-test-001684,0,0.015229284677581832,0,0.1946883992532198
ag-test-001685,1,0.043666375989559,0,0.1946883992532198
ag-test-001686,0,0.03396744148636679,0,0.1946883992532198
ag-test-001687,1,0.42559293071112647,1,0.1946883992532198
ag-test-001688,0,0.1129454427592677,0,0.1946883992532198
ag-test-001689,0,0.08734068518221746,0,0.1946883992532198
ag-test-001690,1,0.465453445026639,1,0.1946883992532198
ag-test-001691,0,0.004256597927172148,0,0.1946883992532198
ag-test-001692,0,0.043563945283774115,0,0.1946883992532198
ag-test-001693,0,0.013375033022034475,0,0.1946883992532198
ag-test-001694,0,0.017978583218212496,0,0.1946883992532198
ag-test-001695,0,0.01418884497898223,0,0.1946883992532198
ag-test-001696,0,0.3036034141957423,1,0.1946883992532198
ag-test-001697,0,0.04923793621952893,0,0.1946883992532198
ag-test-001698,0,0.00766248634451513,0,0.1946883992532198
ag-test-001699,1,0.41085864759227125,1,0.1946883992532198
ag-test-001700,0,0.0546639490119909,0,0.1946883992532198
ag-test-001701,0,0.02604185806598321,0,0.1946883992532198
ag-test-001702,0,0.15025669393492488,0,0.1946883992532198
ag-test-001703,0,0.001363096516086314,0,0.1946883992532198
ag-test-001704,0,0.011156384867315896,0,0.1946883992532198
ag-test-001705,0,0.06329351747426167,0,0.1946883992532198
ag-test-001706,0,0.12378309917931982,0,0.1946883992532198
ag-test-001707,0,0.04676236789508721,0,0.1946883992532198
ag-test-001708,0,0.009655049682831398,0,0.1946883992532198
ag-test-001709,0,0.0015096453006690606,0,0.1946883992532198
ag-test-001710,0,0.18263903533237827,0,0.1946883992532198
ag-test-001711,0,0.018719579761279827,0,0.1946883992532198
ag-test-001712,0,0.010487910675023554,0,0.1946883992532198
ag-test-001713,0,6.883635509846532e-06,0,0.1946883992532198
ag-test-001714,0,0.012716089452417855,0,0.1946883992532198
ag-test-001715,0,0.07474779676837341,0,0.1946883992532198
ag-test-001716,0,0.00869782647811566,0,0.1946883992532198
ag-test-001717,1,0.4973852356393084,1,0.1946883992532198
ag-test-001718,0,0.0557082091938912,0,0.1946883992532198
ag-test-001719,0,0.016677395760905277,0,0.1946883992532198
ag-test-001720,0,0.01947710642584752,0,0.1946883992532198
ag-test-001721,0,0.0022528235116991272,0,0.1946883992532198
ag-test-001722,0,0.20346015372458626,1,0.1946883992532198
ag-test-001723,0,0.07506598887458744,0,0.1946883992532198
ag-test-001724,0,0.0024692583918812213,0,0.1946883992532198
ag-test-001725,0,0.08469441889987978,0,0.1946883992532198
ag-test-001726,0,0.005542627233564462,0,0.1946883992532198
ag-test-001727,0,0.07402598523524641,0,0.1946883992532198
ag-test-001728,0,0.12285312458204013,0,0.1946883992532198
ag-test-001729,0,0.0017407294982248165,0,0.1946883992532198
ag-test-001730,1,0.02406063556523648,0,0.1946883992532198
ag-test-001731,0,0.03795322818977935,0,0.1946883992532198
ag-test-001732,1,0.21433502525171494,1,0.1946883992532198
ag-test-001733,0,0.04723037082666806,0,0.1946883992532198
ag-test-001734,0,0.07847581301040679,0,0.1946883992532198
ag-test-001735,0,0.003491874276994764,0,0.1946883992532198
ag-test-001736,0,0.03410700433117455,0,0.1946883992532198
ag-test-001737,0,0.014575587703447716,0,0.1946883992532198
ag-test-001738,0,0.0012899435302033042,0,0.1946883992532198
ag-test-001739,0,0.0003117104096774937,0,0.1946883992532198
ag-test-001740,0,0.11238663106709552,0,0.1946883992532198
ag-test-001741,0,0.0032045853697363095,0,0.1946883992532198
ag-test-001742,1,0.1600634824212646,0,0.1946883992532198
ag-test-001743,0,0.07678048116623626,0,0.1946883992532198
ag-test-001744,0,0.011738900783320906,0,0.1946883992532198
ag-test-001745,0,0.039528578572623214,0,0.1946883992532198
ag-test-001746,0,0.11027743135322722,0,0.1946883992532198
ag-test-001747,1,0.22586169617895155,1,0.1946883992532198
ag-test-001748,0,0.37299372592739066,1,0.1946883992532198
ag-test-001749,0,0.013255279076127531,0,0.1946883992532198
ag-test-001750,0,0.008896508080872311,0,0.1946883992532198
ag-test-001751,0,0.11925236329837113,0,0.1946883992532198
ag-test-001752,0,0.37463933239742314,1,0.1946883992532198
ag-test-001753,0,0.24066259654303554,1,0.1946883992532198
ag-test-001754,0,0.04276807247877013,0,0.1946883992532198
ag-test-001755,0,0.002160710589169988,0,0.1946883992532198
ag-test-001756,0,0.004266234836323852,0,0.1946883992532198
ag-test-001757,0,0.018896887625523783,0,0.1946883992532198
ag-test-001758,0,0.012115679804363401,0,0.1946883992532198
ag-test-001759,0,0.0045257574513381214,0,0.1946883992532198
ag-test-001760,0,0.007522865202892841,0,0.1946883992532198
ag-test-001761,0,0.04709398259238633,0,0.1946883992532198
ag-test-001762,0,0.029595226891889665,0,0.1946883992532198
ag-test-001763,0,0.07322109811617722,0,0.1946883992532198
ag-test-001764,0,0.013625166712917471,0,0.1946883992532198
ag-test-001765,0,0.008692931038540004,0,0.1946883992532198
ag-test-001766,0,0.013716604247178762,0,0.1946883992532198
ag-test-001767,0,0.012033448473847505,0,0.1946883992532198
ag-test-001768,0,2.029232419761048e-06,0,0.1946883992532198
ag-test-001769,0,0.018484013739022805,0,0.1946883992532198
ag-test-001770,0,0.2047976510160281,1,0.1946883992532198
ag-test-001771,0,0.0009714735191238145,0,0.1946883992532198
ag-test-001772,0,0.06976654093638347,0,0.1946883992532198
ag-test-001773,1,0.005163038182049833,0,0.1946883992532198
ag-test-001774,0,0.022415991568256143,0,0.1946883992532198
ag-test-001775,0,0.019635921296768225,0,0.1946883992532198
ag-test-001776,0,0.14604024919237243,0,0.1946883992532198
ag-test-001777,0,0.027073895854170266,0,0.1946883992532198
ag-test-001778,0,0.033337194932374324,0,0.1946883992532198
ag-test-001779,0,0.14745717109138815,0,0.1946883992532198
ag-test-001780,0,0.006808449046924054,0,0.1946883992532198
ag-test-001781,0,0.10587441970909209,0,0.1946883992532198
ag-test-001782,1,0.014062261994844638,0,0.1946883992532198
ag-test-001783,0,0.037308115504425275,0,0.1946883992532198
ag-test-001784,0,0.012656543941908788,0,0.1946883992532198
ag-test-001785,0,0.007484396022039815,0,0.1946883992532198
ag-test-001786,0,0.002041978302986154,0,0.1946883992532198
ag-test-001787,0,0.04136100403798031,0,0.1946883992532198
ag-test-001788,0,0.037052620712321106,0,0.1946883992532198
ag-test-001789,0,0.008225119554222771,0,0.1946883992532198
ag-test-001790,0,0.02027134282936075,0,0.1946883992532198
ag-test-001791,0,0.007689949442313791,0,0.1946883992532198
ag-test-001792,0,0.0014000317971125898,0,0.1946883992532198
ag-test-001793,0,0.02171152385213959,0,0.1946883992532198
ag-test-001794,0,0.008473822779268976,0,0.1946883992532198
ag-test-001795,0,0.052172045909958734,0,0.1946883992532198
ag-test-001796,1,0.34316723359325757,1,0.1946883992532198
ag-test-001797,0,0.010929750113227795,0,0.1946883992532198
ag-test-001798,0,0.031164585325379322,0,0.1946883992532198
ag-test-001799,0,0.014242758471657277,0,0.1946883992532198
ag-test-001800,1,0.24614243510442377,1,0.1946883992532198
ag-test-001801,0,0.006688322521084566,0,0.1946883992532198
ag-test-001802,0,0.0410865653767582,0,0.1946883992532198
ag-test-001803,0,0.12632603288149066,0,0.1946883992532198
ag-test-001804,0,0.12304883565263472,0,0.1946883992532198
ag-test-001805,0,0.007404127711018093,0,0.1946883992532198
ag-test-001806,0,0.0002278851083391972,0,0.1946883992532198
ag-test-001807,0,0.5418112772317907,1,0.1946883992532198
ag-test-001808,0,0.01989654327897923,0,0.1946883992532198
ag-test-001809,0,0.006186297149628035,0,0.1946883992532198
ag-test-001810,1,0.039476606563865174,0,0.1946883992532198
ag-test-001811,0,0.0934939026861543,0,0.1946883992532198
ag-test-001812,0,0.03325750853961893,0,0.1946883992532198
ag-test-001813,1,0.021206018777581204,0,0.1946883992532198
ag-test-001814,0,0.19633588910787575,1,0.1946883992532198
ag-test-001815,0,0.09696614869547208,0,0.1946883992532198
ag-test-001816,0,0.04680672578348059,0,0.1946883992532198
ag-test-001817,0,0.010249903877600832,0,0.1946883992532198
ag-test-001818,0,0.023816504578681688,0,0.1946883992532198
ag-test-001819,0,0.09120466389440474,0,0.1946883992532198
ag-test-001820,0,2.5656289272585543e-06,0,0.1946883992532198
ag-test-001821,0,0.0032146141898261376,0,0.1946883992532198
ag-test-001822,0,0.005545720998714963,0,0.1946883992532198
ag-test-001823,0,0.04682864973783266,0,0.1946883992532198
ag-test-001824,0,0.004033783202741681,0,0.1946883992532198
ag-test-001825,0,0.009259388488332064,0,0.1946883992532198
ag-test-001826,0,2.415270808715868e-06,0,0.1946883992532198
ag-test-001827,0,0.10981542918236606,0,0.1946883992532198
ag-test-001828,0,0.037996782854316784,0,0.1946883992532198
ag-test-001829,0,0.09500658319305148,0,0.1946883992532198
ag-test-001830,0,0.029673312385716577,0,0.1946883992532198
ag-test-001831,0,0.0069295185095871355,0,0.1946883992532198
ag-test-001832,0,0.10194208839805735,0,0.1946883992532198
ag-test-001833,0,0.008950932353999986,0,0.1946883992532198
ag-test-001834,0,0.013696421382548713,0,0.1946883992532198
ag-test-001835,0,0.006069993169213457,0,0.1946883992532198
ag-test-001836,0,0.020066888630414156,0,0.1946883992532198
ag-test-001837,0,0.04580525782781508,0,0.1946883992532198
ag-test-001838,0,0.06778195219057993,0,0.1946883992532198
ag-test-001839,0,0.03160930211877733,0,0.1946883992532198
ag-test-001840,0,0.10510557577120772,0,0.1946883992532198
ag-test-001841,1,0.17807842011921224,0,0.1946883992532198
ag-test-001842,0,0.01921179334984611,0,0.1946883992532198
ag-test-001843,1,0.2666153060424393,1,0.1946883992532198
ag-test-001844,0,0.0052512037456422045,0,0.1946883992532198
ag-test-001845,0,0.019394869070016786,0,0.1946883992532198
ag-test-001846,0,0.04431207455362925,0,0.1946883992532198
ag-test-001847,0,0.0029669452285796794,0,0.1946883992532198
ag-test-001848,0,0.24182259838538445,1,0.1946883992532198
ag-test-001849,0,0.019933571707207352,0,0.1946883992532198
ag-test-001850,0,0.04656862870967991,0,0.1946883992532198
ag-test-001851,1,0.6491739311270568,1,0.1946883992532198
ag-test-001852,0,0.016546617925122985,0,0.1946883992532198
ag-test-001853,0,0.0009395885600724007,0,0.1946883992532198
ag-test-001854,0,0.01398805576537791,0,0.1946883992532198
ag-test-001855,0,0.04112072037649129,0,0.1946883992532198
ag-test-001856,0,0.01869099306631012,0,0.1946883992532198
ag-test-001857,1,0.6880727239471064,1,0.1946883992532198
ag-test-001858,0,0.06892328972818121,0,0.1946883992532198
ag-test-001859,0,0.07237464939618997,0,0.1946883992532198
ag-test-001860,0,0.17217780745513958,0,0.1946883992532198
ag-test-001861,0,0.0216628992095803,0,0.1946883992532198
ag-test-001862,0,0.008089950891826028,0,0.1946883992532198
ag-test-001863,0,0.08590854286688762,0,0.1946883992532198
ag-test-001864,0,0.27386705512459136,1,0.1946883992532198
ag-test-001865,0,0.01733451200199786,0,0.1946883992532198
ag-test-001866,0,0.002800812692215836,0,0.1946883992532198
ag-test-001867,0,0.02525681031246846,0,0.1946883992532198
ag-test-001868,0,0.012843525732603944,0,0.1946883992532198
ag-test-001869,0,0.08720439262598274,0,0.1946883992532198
ag-test-001870,1,0.004733100101512353,0,0.1946883992532198
ag-test-001871,0,0.043956460207848144,0,0.1946883992532198
ag-test-001872,0,0.039487212414318,0,0.1946883992532198
ag-test-001873,0,0.0020120792134178246,0,0.1946883992532198
ag-test-001874,0,0.02079876619283486,0,0.1946883992532198
ag-test-001875,0,0.23450733473402546,1,0.1946883992532198
ag-test-001876,0,0.008975216225267407,0,0.1946883992532198
ag-test-001877,0,0.013767816405851986,0,0.1946883992532198
ag-test-001878,0,0.0022528235116991272,0,0.1946883992532198
ag-test-001879,0,0.0005325837673577024,0,0.1946883992532198
ag-test-001880,0,0.0739211915018889,0,0.1946883992532198
ag-test-001881,0,0.08395011711621052,0,0.1946883992532198
ag-test-001882,0,0.008105047254126573,0,0.1946883992532198
ag-test-001883,0,0.010158834093842894,0,0.1946883992532198
ag-test-001884,0,0.004654923335827245,0,0.1946883992532198
ag-test-001885,0,0.025532370331070368,0,0.1946883992532198
ag-test-001886,0,0.088098815193892,0,0.1946883992532198
ag-test-001887,0,0.07238649695059479,0,0.1946883992532198
ag-test-001888,0,0.06360081363225163,0,0.1946883992532198
ag-test-001889,0,0.00439093006963096,0,0.1946883992532198
ag-test-001890,0,0.010621889149863383,0,0.1946883992532198
ag-test-001891,0,0.030062858378827186,0,0.1946883992532198
ag-test-001892,0,0.020828248626751745,0,0.1946883992532198
ag-test-001893,0,0.0010441680436990373,0,0.1946883992532198
ag-test-001894,0,0.04267111838841844,0,0.1946883992532198
ag-test-001895,0,0.025256467295570274,0,0.1946883992532198
ag-test-001896,0,0.017496126113055187,0,0.1946883992532198
ag-test-001897,1,0.38385206276090966,1,0.1946883992532198
ag-test-001898,0,0.015062651767963314,0,0.1946883992532198
ag-test-001899,0,0.10751214448909104,0,0.1946883992532198
ag-test-001900,1,0.037519170972839334,0,0.1946883992532198
ag-test-001901,0,0.18790435741048683,0,0.1946883992532198
ag-test-001902,0,0.043066722031416725,0,0.1946883992532198
ag-test-001903,0,0.059462686194896426,0,0.1946883992532198
ag-test-001904,0,0.02600644512145196,0,0.1946883992532198
ag-test-001905,0,0.0211912973346983,0,0.1946883992532198
ag-test-001906,0,0.14811634983321786,0,0.1946883992532198
ag-test-001907,0,0.05261819699894313,0,0.1946883992532198
ag-test-001908,0,0.018443202262602553,0,0.1946883992532198
ag-test-001909,0,0.009094098934436861,0,0.1946883992532198
ag-test-001910,1,0.39338231492699716,1,0.1946883992532198
ag-test-001911,1,0.0067741256180000806,0,0.1946883992532198
ag-test-001912,0,0.0077291420591337244,0,0.1946883992532198
ag-test-001913,0,0.0040469277063728765,0,0.1946883992532198
ag-test-001914,0,0.04126654515328342,0,0.1946883992532198
ag-test-001915,0,0.0065053382102350935,0,0.1946883992532198
ag-test-001916,0,0.04004095040653026,0,0.1946883992532198
ag-test-001917,1,0.16252137570480318,0,0.1946883992532198
ag-test-001918,0,0.014542446497983596,0,0.1946883992532198
ag-test-001919,0,0.0014781606488706383,0,0.1946883992532198
ag-test-001920,0,0.5701674719367537,1,0.1946883992532198
ag-test-001921,1,0.24334845761363283,1,0.1946883992532198
ag-test-001922,0,0.1483695171508474,0,0.1946883992532198
ag-test-001923,0,0.010939147322653508,0,0.1946883992532198
ag-test-001924,0,0.005168643544214932,0,0.1946883992532198
ag-test-001925,0,0.03199033943170179,0,0.1946883992532198
ag-test-001926,0,0.01656716605086296,0,0.1946883992532198
ag-test-001927,0,0.009050824531089881,0,0.1946883992532198
ag-test-001928,1,0.22520640307302559,1,0.1946883992532198
ag-test-001929,1,0.01754196083818442,0,0.1946883992532198
ag-test-001930,0,0.005820979328533644,0,0.1946883992532198
ag-test-001931,0,0.020112739344747135,0,0.1946883992532198
ag-test-001932,0,0.020513531169784365,0,0.1946883992532198
ag-test-001933,0,0.007760308600232679,0,0.1946883992532198
ag-test-001934,0,0.03455012402423699,0,0.1946883992532198
ag-test-001935,0,0.013387892873694495,0,0.1946883992532198
ag-test-001936,0,0.4443893644880129,1,0.1946883992532198
ag-test-001937,0,0.09134395900380449,0,0.1946883992532198
ag-test-001938,0,0.00351263862294709,0,0.1946883992532198
ag-test-001939,0,0.00587193828319016,0,0.1946883992532198
ag-test-001940,0,0.03388862719276187,0,0.1946883992532198
ag-test-001941,0,0.002204527123412326,0,0.1946883992532198
ag-test-001942,0,0.04994052136130675,0,0.1946883992532198
ag-test-001943,0,0.005461338088388846,0,0.1946883992532198
ag-test-001944,0,0.04215334261646709,0,0.1946883992532198
ag-test-001945,0,0.03701168180808953,0,0.1946883992532198
ag-test-001946,0,0.0035076718458358527,0,0.1946883992532198
ag-test-001947,0,0.2566956116867842,1,0.1946883992532198
ag-test-001948,0,0.09263755096853427,0,0.1946883992532198
ag-test-001949,0,0.07175786369739903,0,0.1946883992532198
ag-test-001950,0,0.031737059434295126,0,0.1946883992532198
ag-test-001951,0,0.006771839842789567,0,0.1946883992532198
ag-test-001952,0,0.04693547157950143,0,0.1946883992532198
ag-test-001953,1,0.23377930680184675,1,0.1946883992532198
ag-test-001954,0,0.21820932759961556,1,0.1946883992532198
ag-test-001955,0,0.0041620094832492864,0,0.1946883992532198
ag-test-001956,0,0.010363035349937882,0,0.1946883992532198
ag-test-001957,0,0.08233901635466494,0,0.1946883992532198
ag-test-001958,0,0.05066751702919083,0,0.1946883992532198
ag-test-001959,0,0.2978183771377578,1,0.1946883992532198
ag-test-001960,0,0.008523885825419072,0,0.1946883992532198
ag-test-001961,0,0.03198362264315972,0,0.1946883992532198
ag-test-001962,0,0.001727077602790208,0,0.1946883992532198
ag-test-001963,0,0.02996600445425949,0,0.1946883992532198
ag-test-001964,0,0.011230456804200043,0,0.1946883992532198
ag-test-001965,0,0.2132209880047662,1,0.1946883992532198
ag-test-001966,0,0.09904614470273089,0,0.1946883992532198
ag-test-001967,0,0.02254604877880462,0,0.1946883992532198
ag-test-001968,0,0.014952412322757899,0,0.1946883992532198
ag-test-001969,0,0.02402924362028185,0,0.1946883992532198
ag-test-001970,0,0.02311811004858209,0,0.1946883992532198
ag-test-001971,0,0.013974221319238278,0,0.1946883992532198
ag-test-001972,0,0.10768258767200414,0,0.1946883992532198
ag-test-001973,0,0.034956043577956224,0,0.1946883992532198
ag-test-001974,0,0.122488949482507,0,0.1946883992532198
ag-test-001975,0,0.004292920259191676,0,0.1946883992532198
ag-test-001976,1,0.06764871897020336,0,0.1946883992532198
ag-test-001977,0,0.024226634041607634,0,0.1946883992532198
ag-test-001978,0,0.0037481961008610934,0,0.1946883992532198
ag-test-001979,0,0.010820247729997587,0,0.1946883992532198
ag-test-001980,0,0.04519721701148024,0,0.1946883992532198
ag-test-001981,0,0.021179137228564723,0,0.1946883992532198
ag-test-001982,0,0.008361346712006192,0,0.1946883992532198
ag-test-001983,0,0.03534398225145877,0,0.1946883992532198
ag-test-001984,0,0.1928275652895902,0,0.1946883992532198
ag-test-001985,0,0.016294460287985705,0,0.1946883992532198
ag-test-001986,0,0.02491774182018701,0,0.1946883992532198
ag-test-001987,0,0.062083606532379605,0,0.1946883992532198
ag-test-001988,0,0.017506389662861103,0,0.1946883992532198
ag-test-001989,0,0.04875807277729912,0,0.1946883992532198
ag-test-001990,1,0.05775813044736711,0,0.1946883992532198
ag-test-001991,1,0.704849732766592,1,0.1946883992532198
ag-test-001992,0,0.03696933774565381,0,0.1946883992532198
ag-test-001993,0,0.021814116460514187,0,0.1946883992532198
ag-test-001994,1,0.5462631374989104,1,0.1946883992532198
ag-test-001995,0,0.022554273718084772,0,0.1946883992532198
ag-test-001996,0,0.02813872710524871,0,0.1946883992532198
ag-test-001997,0,0.03239172052413814,0,0.1946883992532198
ag-test-001998,0,0.0400772323546205,0,0.1946883992532198
ag-test-001999,0,0.03181643636227753,0,0.1946883992532198
ag-test-002000,0,0.027109903045210274,0,0.1946883992532198
ag-test-002001,0,0.039228968116302505,0,0.1946883992532198
ag-test-002002,0,0.02401346496351223,0,0.1946883992532198
ag-test-002003,0,0.07630471174168704,0,0.1946883992532198
ag-test-002004,0,0.015316700897895968,0,0.1946883992532198
ag-test-002005,0,0.0031353005605964227,0,0.1946883992532198
ag-test-002006,0,0.04447256393671484,0,0.1946883992532198
ag-test-002007,0,0.002312527129640566,0,0.1946883992532198
ag-test-002008,0,0.015912168779599088,0,0.1946883992532198
ag-test-002009,0,0.4632667040775536,1,0.1946883992532198
ag-test-002010,0,0.045866237360005724,0,0.1946883992532198
ag-test-002011,0,0.012744476593009774,0,0.1946883992532198
ag-test-002012,0,0.009995139817524916,0,0.1946883992532198
ag-test-002013,1,0.6028369082768996,1,0.1946883992532198
ag-test-002014,0,0.02927695127157481,0,0.1946883992532198
ag-test-002015,1,0.4968527588793233,1,0.1946883992532198
ag-test-002016,0,0.005831153078684385,0,0.1946883992532198
ag-test-002017,0,0.11435936876414383,0,0.1946883992532198
ag-test-002018,1,0.5515448283256696,1,0.1946883992532198
ag-test-002019,0,0.001430278064781929,0,0.1946883992532198
ag-test-002020,0,0.0013496364860563726,0,0.1946883992532198
ag-test-002021,1,0.5394947278877018,1,0.1946883992532198
ag-test-002022,0,0.09725217136309366,0,0.1946883992532198
ag-test-002023,0,0.13609519909661433,0,0.1946883992532198
ag-test-002024,0,0.03868120709736642,0,0.1946883992532198
ag-test-002025,1,0.025245057476452618,0,0.1946883992532198
ag-test-002026,0,0.009716224241831804,0,0.1946883992532198
ag-test-002027,0,0.2375420901652495,1,0.1946883992532198
ag-test-002028,0,0.0058767927171873135,0,0.1946883992532198
ag-test-002029,0,0.06131675002452905,0,0.1946883992532198
ag-test-002030,1,0.025249116042104603,0,0.1946883992532198
ag-test-002031,0,0.05093245059176184,0,0.1946883992532198
ag-test-002032,0,0.15723667561022378,0,0.1946883992532198
ag-test-002033,0,0.14056833065717594,0,0.1946883992532198
ag-test-002034,0,0.028852224741553606,0,0.1946883992532198
ag-test-002035,0,0.0024355173883498053,0,0.1946883992532198
ag-test-002036,0,0.032897823203042395,0,0.1946883992532198
ag-test-002037,0,0.1314761700276664,0,0.1946883992532198
ag-test-002038,0,0.007983463712855013,0,0.1946883992532198
ag-test-002039,0,0.01518692038119366,0,0.1946883992532198
ag-test-002040,0,0.00865438023983493,0,0.1946883992532198
ag-test-002041,1,0.4374657649198849,1,0.1946883992532198
ag-test-002042,0,0.06382415725647479,0,0.1946883992532198
ag-test-002043,0,0.013321813876494218,0,0.1946883992532198
ag-test-002044,0,0.5418112772317907,1,0.1946883992532198
ag-test-002045,0,0.009818775283259466,0,0.1946883992532198
ag-test-002046,0,0.0729103812328714,0,0.1946883992532198
ag-test-002047,0,0.008726596293409786,0,0.1946883992532198
ag-test-002048,0,0.03003346190694735,0,0.1946883992532198
ag-test-002049,0,0.0034021143232132213,0,0.1946883992532198
ag-test-002050,0,0.08589096560491499,0,0.1946883992532198
ag-test-002051,0,0.009951893764682626,0,0.1946883992532198
ag-test-002052,0,0.039921552570348615,0,0.1946883992532198
ag-test-002053,0,0.03672968328200065,0,0.1946883992532198
ag-test-002054,0,0.022335960080169134,0,0.1946883992532198
ag-test-002055,0,0.022083379230400435,0,0.1946883992532198
ag-test-002056,0,0.026631361170036442,0,0.1946883992532198
ag-test-002057,0,0.09524291374565459,0,0.1946883992532198
ag-test-002058,0,0.40470745822671983,1,0.1946883992532198
ag-test-002059,0,0.044783050808252026,0,0.1946883992532198
ag-test-002060,0,0.3198499241003765,1,0.1946883992532198
ag-test-002061,0,0.20672322910625088,1,0.1946883992532198
ag-test-002062,0,0.12326432683837078,0,0.1946883992532198
ag-test-002063,0,0.003369215393009797,0,0.1946883992532198
ag-test-002064,0,0.029007155265043248,0,0.1946883992532198
ag-test-002065,0,0.17802900048491307,0,0.1946883992532198
ag-test-002066,0,0.0032780918081039933,0,0.1946883992532198
ag-test-002067,0,0.019292515416151235,0,0.1946883992532198
ag-test-002068,0,0.000635278191878129,0,0.1946883992532198
ag-test-002069,0,0.004921865696022897,0,0.1946883992532198
ag-test-002070,0,0.062116611039749796,0,0.1946883992532198
ag-test-002071,0,5.927627169595072e-06,0,0.1946883992532198
ag-test-002072,0,0.032444040944316736,0,0.1946883992532198
ag-test-002073,1,0.12143731607472394,0,0.1946883992532198
ag-test-002074,0,0.0160632071632219,0,0.1946883992532198
ag-test-002075,0,0.07825387101127154,0,0.1946883992532198
ag-test-002076,0,0.09032857876658733,0,0.1946883992532198
ag-test-002077,0,0.051834377963048565,0,0.1946883992532198
ag-test-002078,0,0.23286476096732442,1,0.1946883992532198
ag-test-002079,0,0.013624501941160511,0,0.1946883992532198
ag-test-002080,0,0.00973484434306142,0,0.1946883992532198
ag-test-002081,0,0.007871538304620108,0,0.1946883992532198
ag-test-002082,1,0.17095581847332522,0,0.1946883992532198
ag-test-002083,0,0.01662326772581249,0,0.1946883992532198
ag-test-002084,0,0.03436821145002252,0,0.1946883992532198
ag-test-002085,0,0.010345584278785054,0,0.1946883992532198
ag-test-002086,1,0.12237831732148818,0,0.1946883992532198
ag-test-002087,0,0.04068462352614276,0,0.1946883992532198
ag-test-002088,0,0.03227151517534561,0,0.1946883992532198
ag-test-002089,0,0.026005327347747267,0,0.1946883992532198
ag-test-002090,0,0.06908948096690182,0,0.1946883992532198
ag-test-002091,0,0.024094071454195665,0,0.1946883992532198
ag-test-002092,0,0.011452857494711081,0,0.1946883992532198
ag-test-002093,0,0.009872937913346895,0,0.1946883992532198
ag-test-002094,0,0.043090802990840074,0,0.1946883992532198
ag-test-002095,0,0.015624671755992282,0,0.1946883992532198
ag-test-002096,0,0.05315151362500359,0,0.1946883992532198
ag-test-002097,0,0.004772720278691832,0,0.1946883992532198
ag-test-002098,0,0.028131615185633018,0,0.1946883992532198
ag-test-002099,0,0.07951234653955372,0,0.1946883992532198
ag-test-002100,0,0.06317538878716322,0,0.1946883992532198
ag-test-002101,0,0.22967829849891208,1,0.1946883992532198
ag-test-002102,0,0.06743043295385184,0,0.1946883992532198
ag-test-002103,0,0.09056827663009394,0,0.1946883992532198
ag-test-002104,0,0.04604370299418249,0,0.1946883992532198
ag-test-002105,0,0.010042509814216326,0,0.1946883992532198
ag-test-002106,0,0.08841411267864561,0,0.1946883992532198
ag-test-002107,0,0.02724480880303221,0,0.1946883992532198
ag-test-002108,0,0.016048598338263807,0,0.1946883992532198
ag-test-002109,0,0.026838327875420013,0,0.1946883992532198
ag-test-002110,0,0.031554367692141164,0,0.1946883992532198
ag-test-002111,0,0.05201791820372011,0,0.1946883992532198
ag-test-002112,0,0.011967087606798868,0,0.1946883992532198
ag-test-002113,1,0.002275386019117829,0,0.1946883992532198
ag-test-002114,0,0.013502706073903099,0,0.1946883992532198
ag-test-002115,0,0.033395315777571426,0,0.1946883992532198
ag-test-002116,0,0.01878654434810101,0,0.1946883992532198
ag-test-002117,0,0.009251042404813791,0,0.1946883992532198
ag-test-002118,1,0.3135871554479093,1,0.1946883992532198
ag-test-002119,0,0.24743009094925847,1,0.1946883992532198
ag-test-002120,0,0.03675422429882249,0,0.1946883992532198
ag-test-002121,0,0.09765196615814173,0,0.1946883992532198
ag-test-002122,0,0.029340571826989976,0,0.1946883992532198
ag-test-002123,0,0.23724489361857756,1,0.1946883992532198
ag-test-002124,0,0.11774671208505716,0,0.1946883992532198
ag-test-002125,0,0.20063315772547416,1,0.1946883992532198
ag-test-002126,0,0.01061272375847065,0,0.1946883992532198
ag-test-002127,0,0.007340256132871847,0,0.1946883992532198
ag-test-002128,0,0.017547990967307473,0,0.1946883992532198
ag-test-002129,0,0.00933235019764836,0,0.1946883992532198
ag-test-002130,0,0.06868519551186424,0,0.1946883992532198
ag-test-002131,0,0.015100594725523287,0,0.1946883992532198
ag-test-002132,0,0.013506292452667741,0,0.1946883992532198
ag-test-002133,1,0.022917536503063583,0,0.1946883992532198
ag-test-002134,0,0.018653452111356952,0,0.1946883992532198
ag-test-002135,0,0.001638978955511141,0,0.1946883992532198
ag-test-002136,0,0.07105679727167623,0,0.1946883992532198
ag-test-002137,0,0.03178703141774967,0,0.1946883992532198
ag-test-002138,1,0.015680438742708257,0,0.1946883992532198
ag-test-002139,0,0.0017671842306676083,0,0.1946883992532198
ag-test-002140,0,0.010707126420231746,0,0.1946883992532198
ag-test-002141,0,0.005120916111535807,0,0.1946883992532198
ag-test-002142,0,0.0010043290284889527,0,0.1946883992532198
ag-test-002143,0,0.0030167969607965512,0,0.1946883992532198
ag-test-002144,0,0.029832659382002698,0,0.1946883992532198
ag-test-002145,0,0.13418335705900417,0,0.1946883992532198
ag-test-002146,1,0.6550277608534268,1,0.1946883992532198
ag-test-002147,0,0.1334758610700739,0,0.1946883992532198
ag-test-002148,0,0.003516213132847896,0,0.1946883992532198
ag-test-002149,1,0.17067175527803446,0,0.1946883992532198
ag-test-002150,0,0.16299658769121833,0,0.1946883992532198
ag-test-002151,0,0.013798259325590735,0,0.1946883992532198
ag-test-002152,0,0.18000059926365417,0,0.1946883992532198
ag-test-002153,0,0.010921937304119764,0,0.1946883992532198
ag-test-002154,1,0.22949589839847362,1,0.1946883992532198
ag-test-002155,1,0.4367815814354443,1,0.1946883992532198
ag-test-002156,0,0.009501963028500131,0,0.1946883992532198
ag-test-002157,0,0.04305743438356061,0,0.1946883992532198
ag-test-002158,0,0.0932108531165676,0,0.1946883992532198
ag-test-002159,0,0.18968907305620056,0,0.1946883992532198
ag-test-002160,1,0.25611939219157354,1,0.1946883992532198
ag-test-002161,1,0.3599503658892651,1,0.1946883992532198
ag-test-002162,0,0.03632170981032689,0,0.1946883992532198
ag-test-002163,0,0.01756907833912446,0,0.1946883992532198
ag-test-002164,0,0.040533580092993966,0,0.1946883992532198
ag-test-002165,0,0.016522551403812567,0,0.1946883992532198
ag-test-002166,0,0.017372444250672598,0,0.1946883992532198
ag-test-002167,1,0.2238780540108641,1,0.1946883992532198
ag-test-002168,0,0.02569769049717142,0,0.1946883992532198
ag-test-002169,0,0.0020336047579329907,0,0.1946883992532198
ag-test-002170,0,0.015676982989827466,0,0.1946883992532198
ag-test-002171,0,0.1864569727817793,0,0.1946883992532198
ag-test-002172,0,0.009487287913077926,0,0.1946883992532198
ag-test-002173,0,0.0020120792134178246,0,0.1946883992532198
ag-test-002174,0,0.2928507789518018,1,0.1946883992532198
ag-test-002175,1,0.025457555834962342,0,0.1946883992532198
ag-test-002176,0,0.09607272560164655,0,0.1946883992532198
ag-test-002177,1,0.02640693324047595,0,0.1946883992532198
ag-test-002178,0,0.03533180409188824,0,0.1946883992532198
ag-test-002179,0,0.0030562279912449476,0,0.1946883992532198
ag-test-002180,0,0.047473180435800226,0,0.1946883992532198
ag-test-002181,0,0.014775449750343147,0,0.1946883992532198
ag-test-002182,0,0.022436719712527583,0,0.1946883992532198
ag-test-002183,0,0.05923813285245541,0,0.1946883992532198
ag-test-002184,0,0.016280963224661715,0,0.1946883992532198
ag-test-002185,0,2.2666197593092736e-06,0,0.1946883992532198
ag-test-002186,1,0.18126932694006082,0,0.1946883992532198
ag-test-002187,0,0.037023930043689736,0,0.1946883992532198
ag-test-002188,0,0.08623576858697071,0,0.1946883992532198
ag-test-002189,0,0.036788276177825326,0,0.1946883992532198
ag-test-002190,0,0.05367643115799727,0,0.1946883992532198
ag-test-002191,0,0.004632447872492511,0,0.1946883992532198
ag-test-002192,0,0.0843609126483402,0,0.1946883992532198
ag-test-002193,0,0.018184105829467508,0,0.1946883992532198
ag-test-002194,1,0.7268454754528715,1,0.1946883992532198
ag-test-002195,0,0.07991742777560695,0,0.1946883992532198
ag-test-002196,0,0.05595499913830444,0,0.1946883992532198
ag-test-002197,0,0.0011821609115429375,0,0.1946883992532198
ag-test-002198,0,0.011792911759406922,0,0.1946883992532198
ag-test-002199,0,0.013069343099633956,0,0.1946883992532198
ag-test-002200,0,0.0076485501072482386,0,0.1946883992532198
ag-test-002201,0,0.049428561720263636,0,0.1946883992532198
ag-test-002202,0,0.2998042169980964,1,0.1946883992532198
ag-test-002203,0,0.13149756147629316,0,0.1946883992532198
ag-test-002204,0,0.06746452535249334,0,0.1946883992532198
ag-test-002205,0,0.044304893414032105,0,0.1946883992532198
ag-test-002206,0,0.026790304541369034,0,0.1946883992532198
ag-test-002207,0,0.14176081634764853,0,0.1946883992532198
ag-test-002208,0,0.11632362300433713,0,0.1946883992532198
ag-test-002209,0,0.02479319740521239,0,0.1946883992532198
ag-test-002210,0,0.19664892278763635,1,0.1946883992532198
ag-test-002211,0,0.00685704063774063,0,0.1946883992532198
ag-test-002212,0,0.03167135672641159,0,0.1946883992532198
ag-test-002213,0,0.010678351605575467,0,0.1946883992532198
ag-test-002214,0,0.032042956780165305,0,0.1946883992532198
ag-test-002215,0,0.08316457072291271,0,0.1946883992532198
ag-test-002216,0,0.020866130875815105,0,0.1946883992532198
ag-test-002217,0,0.045268770914884855,0,0.1946883992532198
ag-test-002218,0,0.057052460259672394,0,0.1946883992532198
ag-test-002219,0,0.05371833398081674,0,0.1946883992532198
ag-test-002220,0,0.020541698280007223,0,0.1946883992532198
ag-test-002221,0,0.0026596112308793244,0,0.1946883992532198
ag-test-002222,0,0.08263675677870279,0,0.1946883992532198
ag-test-002223,0,0.08576038588429283,0,0.1946883992532198
ag-test-002224,1,0.44631046121505275,1,0.1946883992532198
ag-test-002225,0,8.18853166063643e-27,0,0.1946883992532198
ag-test-002226,0,0.03892216411604508,0,0.1946883992532198
ag-test-002227,0,0.0060143075854041435,0,0.1946883992532198
ag-test-002228,0,0.0171406259633434,0,0.1946883992532198
ag-test-002229,0,0.033083994713413487,0,0.1946883992532198
ag-test-002230,1,0.3984258932754306,1,0.1946883992532198
ag-test-002231,1,0.13589112134087827,0,0.1946883992532198
ag-test-002232,0,0.005236716639351061,0,0.1946883992532198
ag-test-002233,0,0.08553345289820448,0,0.1946883992532198
ag-test-002234,0,0.07944561004887643,0,0.1946883992532198
ag-test-002235,0,0.017493824520280477,0,0.1946883992532198
ag-test-002236,0,0.010228195831252672,0,0.1946883992532198
ag-test-002237,0,0.0029353348213130306,0,0.1946883992532198
ag-test-002238,0,0.003395805717406887,0,0.1946883992532198
ag-test-002239,0,0.11243328697285317,0,0.1946883992532198
ag-test-002240,0,0.14334941010646207,0,0.1946883992532198
ag-test-002241,0,0.04638737705421623,0,0.1946883992532198
ag-test-002242,0,0.034325214848675414,0,0.1946883992532198
ag-test-002243,0,0.06129047058737052,0,0.1946883992532198
ag-test-002244,0,0.06922380625516253,0,0.1946883992532198
ag-test-002245,0,0.007296650009449794,0,0.1946883992532198
ag-test-002246,0,0.043097199095864874,0,0.1946883992532198
ag-test-002247,0,0.016894104985192747,0,0.1946883992532198
ag-test-002248,0,0.023881261674500293,0,0.1946883992532198
ag-test-002249,0,0.02299919767561812,0,0.1946883992532198
ag-test-002250,0,0.007037048894118585,0,0.1946883992532198
ag-test-002251,0,0.1117257551659011,0,0.1946883992532198
ag-test-002252,0,0.010356664115751944,0,0.1946883992532198
ag-test-002253,0,0.01574280654354833,0,0.1946883992532198
ag-test-002254,0,0.11814797990956608,0,0.1946883992532198
ag-test-002255,0,0.0046015875281613505,0,0.1946883992532198
ag-test-002256,0,0.007207857626752274,0,0.1946883992532198
ag-test-002257,0,0.017512669790983038,0,0.1946883992532198
ag-test-002258,0,0.09264193987971142,0,0.1946883992532198
ag-test-002259,0,0.07385040648422321,0,0.1946883992532198
ag-test-002260,0,0.04491332698945443,0,0.1946883992532198
ag-test-002261,0,0.04136448480986367,0,0.1946883992532198
ag-test-002262,0,0.005415353044021069,0,0.1946883992532198
ag-test-002263,0,0.022225514661715226,0,0.1946883992532198
ag-test-002264,0,0.01669665481363143,0,0.1946883992532198
ag-test-002265,0,0.036411745179583586,0,0.1946883992532198
ag-test-002266,0,0.04268802655873347,0,0.1946883992532198
ag-test-002267,0,0.1618492606296446,0,0.1946883992532198
ag-test-002268,0,0.007158259405746764,0,0.1946883992532198
ag-test-002269,0,0.09720637659777406,0,0.1946883992532198
ag-test-002270,0,0.022268261033324223,0,0.1946883992532198
ag-test-002271,0,0.0018755578948713581,0,0.1946883992532198
ag-test-002272,0,0.016648409788572936,0,0.1946883992532198
ag-test-002273,0,0.0881917037992106,0,0.1946883992532198
ag-test-002274,0,0.006377743508272018,0,0.1946883992532198
ag-test-002275,0,0.21335757507815514,1,0.1946883992532198
ag-test-002276,0,0.01574288530273826,0,0.1946883992532198
ag-test-002277,0,0.16370104946522698,0,0.1946883992532198
ag-test-002278,0,0.027286507175785867,0,0.1946883992532198
ag-test-002279,0,0.005793896076785648,0,0.1946883992532198
ag-test-002280,0,0.19092000134837295,0,0.1946883992532198
ag-test-002281,0,0.009282215692449348,0,0.1946883992532198
ag-test-002282,0,0.027924543199704093,0,0.1946883992532198
ag-test-002283,0,0.015154102614807397,0,0.1946883992532198
ag-test-002284,0,0.008003692883048103,0,0.1946883992532198
ag-test-002285,0,0.04737789462490851,0,0.1946883992532198
ag-test-002286,0,0.05961818797069764,0,0.1946883992532198
ag-test-002287,0,0.5748487341989413,1,0.1946883992532198
ag-test-002288,0,0.006043094676575079,0,0.1946883992532198
ag-test-002289,0,0.009262109721747902,0,0.1946883992532198
ag-test-002290,0,0.11540815567349769,0,0.1946883992532198
ag-test-002291,0,0.024376547535338786,0,0.1946883992532198
ag-test-002292,0,0.04954012609930372,0,0.1946883992532198
