pair_id,label,probability,prediction,threshold
da-test-000000,0,0.2238267487141995,0,0.944832460947958
da-test-000001,0,0.5402580487603824,0,0.944832460947958
da-test-000002,0,0.0027784368096423055,0,0.944832460947958
da-test-000003,0,0.0023468795962576896,0,0.944832460947958
da-test-000004,0,0.0024724677611060474,0,0.944832460947958
da-test-000005,0,0.0006740254527396164,0,0.944832460947958
da-test-000006,0,0.0012436455135761955,0,0.944832460947958
da-test-000007,0,0.003872572619972507,0,0.944832460947958
da-test-000008,0,0.0014967931421630072,0,0.944832460947958
da-test-000009,0,0.0029927813013800393,0,0.944832460947958
da-test-000010,1,0.967154952416132,1,0.944832460947958
da-test-000011,0,0.0010363291510074155,0,0.944832460947958
da-test-000012,0,0.0014066549054781293,0,0.944832460947958
da-test-000013,1,0.9867915931876279,1,0.944832460947958
da-test-000014,1,0.9610207925998815,1,0.944832460947958
da-test-000015,0,0.0007773778482603786,0,0.944832460947958
da-test-000016,0,0.0008199962900592441,0,0.944832460947958
da-test-000017,0,0.0022965681986994507,0,0.944832460947958
da-test-000018,0,0.004736660805557992,0,0.944832460947958
da-test-000019,0,0.011917806745417016,0,0.944832460947958
da-test-000020,0,0.002401038763008806,0,0.944832460947958
da-test-000021,1,0.9749917023180646,1,0.944832460947958
da-test-000022,0,0.0034581455421472166,0,0.944832460947958
da-test-000023,1,0.973589175878004,1,0.944832460947958
da-test-000024,1,0.9626229515066521,1,0.944832460947958
da-test-000025,0,0.0010141165333524638,0,0.944832460947958
da-test-000026,0,0.008478058325761246,0,0.944832460947958
da-test-000027,1,0.9519737823781983,1,0.944832460947958
da-test-000028,0,0.0008352793213067701,0,0.944832460947958
da-test-000029,1,0.9893184230795582,1,0.944832460947958
da-test-000030,0,0.0038366075221910275,0,0.944832460947958
da-test-000031,0,0.0026825055870254824,0,0.944832460947958
da-test-000032,1,0.9893184230795582,1,0.944832460947958
da-test-000033,0,0.0006395858027898661,0,0.944832460947958
da-test-000034,0,0.01630477927931183,0,0.944832460947958
da-test-000035,0,0.002193477967880699,0,0.944832460947958
da-test-000036,0,0.001096929893104763,0,0.944832460947958
da-test-000037,0,0.0005357740400660285,0,0.944832460947958
da-test-000038,1,0.9660256823374727,1,0.944832460947958
da-test-000039,0,0.004934474324421687,0,0.944832460947958
da-test-000040,1,0.9663963434429887,1,0.944832460947958
da-test-000041,0,0.0021256446230343675,0,0.944832460947958
da-test-000042,1,0.973589175878004,1,0.944832460947958
da-test-000043,0,0.00041958193097361507,0,0.944832460947958
da-test-000044,1,0.973589175878004,1,0.944832460947958
da-test-000045,0,0.0010170740536783365,0,0.944832460947958
da-test-000046,0,0.0021729952802102227,0,0.944832460947958
da-test-000047,0,0.004321331507096621,0,0.944832460947958
da-test-000048,0,0.0011380038916502283,0,0.944832460947958
da-test-000049,0,0.002092293057416374,0,0.944832460947958
da-test-000050,0,0.0014381518473294895,0,0.944832460947958
da-test-000051,0,0.0015721091461251295,0,0.944832460947958
da-test-000052,0,0.0005966922905143821,0,0.944832460947958
da-test-000053,0,0.0009213466373115164,0,0.944832460947958
da-test-000054,0,0.0023321759980249606,0,0.944832460947958
da-test-000055,0,0.0005505711966250337,0,0.944832460947958
da-test-000056,0,0.0014697015178606688,0,0.944832460947958
da-test-000057,0,0.0016267907372386492,0,0.944832460947958
da-test-000058,0,0.0008911049798934422,0,0.944832460947958
da-test-000059,1,0.9673433378589954,1,0.944832460947958
da-test-000060,0,0.00983268220308851,0,0.944832460947958
da-test-000061,1,0.8642538544672353,0,0.944832460947958
da-test-000062,0,0.00042237833885248985,0,0.944832460947958
da-test-000063,0,0.0010726365745449974,0,0.944832460947958
da-test-000064,0,0.0003600677069352347,0,0.944832460947958
da-test-000065,0,0.008588805327596854,0,0.944832460947958
da-test-000066,0,0.0013976169227806793,0,0.944832460947958
da-test-000067,1,0.9602169283280229,1,0.944832460947958
da-test-000068,0,0.9893184230795582,1,0.944832460947958
da-test-000069,0,0.0035407219992180717,0,0.944832460947958
da-test-000070,0,0.0016707135643519453,0,0.944832460947958
da-test-000071,0,0.01146506254380579,0,0.944832460947958
da-test-000072,0,0.509033281752172,0,0.944832460947958
da-test-000073,0,0.004412119791625847,0,0.944832460947958
da-test-000074,0,0.0013995173917200723,0,0.944832460947958
da-test-000075,0,0.002187695149610565,0,0.944832460947958
da-test-000076,0,0.004249008263739954,0,0.944832460947958
da-test-000077,0,0.0030677461656474074,0,0.944832460947958
da-test-000078,0,0.006588760982343491,0,0.944832460947958
da-test-000079,0,0.0004112389041601445,0,0.944832460947958
da-test-000080,1,0.9473797575047691,1,0.944832460947958
da-test-000081,0,0.0035306980514496432,0,0.944832460947958
da-test-000082,0,0.0028791927926582646,0,0.944832460947958
da-test-000083,0,0.012182465386695856,0,0.944832460947958
da-test-000084,0,0.0021674643140637577,0,0.944832460947958
da-test-000085,1,0.9685856682322698,1,0.944832460947958
da-test-000086,0,0.000888581792118814,0,0.944832460947958
da-test-000087,0,0.001587881572634834,0,0.944832460947958
da-test-000088,0,0.0031010891525941426,0,0.944832460947958
da-test-000089,0,0.009650190452222089,0,0.944832460947958
da-test-000090,0,0.0008637787382206196,0,0.944832460947958
da-test-000091,0,0.0008805244248764141,0,0.944832460947958
da-test-000092,0,0.006181695802647588,0,0.944832460947958
da-test-000093,0,0.002109639871406207,0,0.944832460947958
da-test-000094,0,0.7012207073148619,0,0.944832460947958
da-test-000095,0,0.001662067332163221,0,0.944832460947958
da-test-000096,0,0.0006276295562103876,0,0.944832460947958
da-test-000097,0,0.0014663719058312951,0,0.944832460947958
da-test-000098,0,0.002533740422811224,0,0.944832460947958
da-test-000099,0,0.001911246280221832,0,0.944832460947958
da-test-000100,0,0.0005343870792674404,0,0.944832460947958
da-test-000101,0,0.0008698734473984151,0,0.944832460947958
da-test-000102,0,0.00221347527065862,0,0.944832460947958
da-test-000103,0,0.0011797757900736975,0,0.944832460947958
da-test-000104,0,0.0009335026707720707,0,0.944832460947958
da-test-000105,1,0.9174143322932702,0,0.944832460947958
da-test-000106,1,0.9768994267718046,1,0.944832460947958
da-test-000107,0,0.0014380141787170922,0,0.944832460947958
da-test-000108,0,0.0011245338981746747,0,0.944832460947958
da-test-000109,1,0.9772819398975249,1,0.944832460947958
da-test-000110,0,0.0011941752100508279,0,0.944832460947958
da-test-000111,0,0.002693411753469755,0,0.944832460947958
da-test-000112,0,0.001636474734285358,0,0.944832460947958
da-test-000113,0,0.0015490395062403523,0,0.944832460947958
da-test-000114,1,0.9771729423787268,1,0.944832460947958
da-test-000115,0,0.004826880894411699,0,0.944832460947958
da-test-000116,0,0.0020266865596102047,0,0.944832460947958
da-test-000117,0,0.0002320829554940726,0,0.944832460947958
da-test-000118,1,0.973589175878004,1,0.944832460947958
da-test-000119,0,0.6298872198588897,0,0.944832460947958
da-test-000120,1,0.9693714102410013,1,0.944832460947958
da-test-000121,0,0.0017338909344660992,0,0.944832460947958
da-test-000122,0,0.0007335454331466702,0,0.944832460947958
da-test-000123,1,0.9483476252069354,1,0.944832460947958
da-test-000124,1,0.802420338683006,0,0.944832460947958
da-test-000125,0,0.0012077531609619744,0,0.944832460947958
da-test-000126,0,0.0025958739551805695,0,0.944832460947958
da-test-000127,0,0.002598393892129896,0,0.944832460947958
da-test-000128,0,0.028838231994025555,0,0.944832460947958
da-test-000129,0,0.11285341287487018,0,0.944832460947958
da-test-000130,0,0.0029352442105306854,0,0.944832460947958
da-test-000131,0,0.013161145993279957,0,0.944832460947958
da-test-000132,0,0.0007481387555630901,0,0.944832460947958
da-test-000133,1,0.9626229515066521,1,0.944832460947958
da-test-000134,0,0.023280762304150833,0,0.944832460947958
da-test-000135,0,0.0026165036639648575,0,0.944832460947958
da-test-000136,0,0.002217030626849082,0,0.944832460947958
da-test-000137,1,0.9700098643398938,1,0.944832460947958
da-test-000138,0,0.0009922610450198166,0,0.944832460947958
da-test-000139,0,0.005427738699683853,0,0.944832460947958
da-test-000140,0,0.908892810634799,0,0.944832460947958
da-test-000141,1,0.9687675264463775,1,0.944832460947958
da-test-000142,0,0.0033089722473267475,0,0.944832460947958
da-test-000143,0,0.0009634111818144235,0,0.944832460947958
da-test-000144,0,0.0005027917582215855,0,0.944832460947958
da-test-000145,0,0.006915652044101965,0,0.944832460947958
da-test-000146,1,0.09852973889265476,0,0.944832460947958
da-test-000147,0,0.0002462023205847694,0,0.944832460947958
da-test-000148,0,0.00044087239774560276,0,0.944832460947958
da-test-000149,1,0.9829366208529273,1,0.944832460947958
da-test-000150,0,0.0016467170806009654,0,0.944832460947958
da-test-000151,0,0.002116199967553437,0,0.944832460947958
da-test-000152,0,0.00042375257812568237,0,0.944832460947958
da-test-000153,0,0.11781371423969461,0,0.944832460947958
da-test-000154,0,0.004415477592690482,0,0.944832460947958
da-test-000155,0,0.0006975046165100066,0,0.944832460947958
da-test-000156,0,0.003673013649336086,0,0.944832460947958
da-test-000157,0,0.0030230786188798916,0,0.944832460947958
da-test-000158,0,0.004059737679277763,0,0.944832460947958
da-test-000159,0,0.0018107773103190827,0,0.944832460947958
da-test-000160,0,0.000814033789857958,0,0.944832460947958
da-test-000161,0,0.000292324053599342,0,0.944832460947958
da-test-000162,0,0.6634527309400754,0,0.944832460947958
da-test-000163,1,0.9766385614529877,1,0.944832460947958
da-test-000164,0,0.0016149886010217358,0,0.944832460947958
da-test-000165,0,0.0005295748087485525,0,0.944832460947958
da-test-000166,0,0.648184756402511,0,0.944832460947958
da-test-000167,0,0.0020804117554908776,0,0.944832460947958
da-test-000168,0,0.005554634086664063,0,0.944832460947958
da-test-000169,0,0.0026282299587749927,0,0.944832460947958
da-test-000170,0,0.004696703855307361,0,0.944832460947958
da-test-000171,1,0.9604620605015893,1,0.944832460947958
da-test-000172,0,0.006874953277338651,0,0.944832460947958
da-test-000173,0,0.0003156274480785496,0,0.944832460947958
da-test-000174,0,0.0014964419603264844,0,0.944832460947958
da-test-000175,0,0.0037599367040900816,0,0.944832460947958
da-test-000176,0,0.004499136145726756,0,0.944832460947958
da-test-000177,1,0.9741023657348475,1,0.944832460947958
da-test-000178,0,0.0022975911218578106,0,0.944832460947958
da-test-000179,0,0.0014462306825087452,0,0.944832460947958
da-test-000180,0,0.9213118282157224,0,0.944832460947958
da-test-000181,0,0.0010487396577421595,0,0.944832460947958
da-test-000182,1,0.9656721527495835,1,0.944832460947958
da-test-000183,0,0.0016408797699367145,0,0.944832460947958
da-test-000184,1,0.973589175878004,1,0.944832460947958
da-test-000185,1,0.9687985195378306,1,0.944832460947958
da-test-000186,0,0.9873169556089452,1,0.944832460947958
da-test-000187,1,0.9893184230795582,1,0.944832460947958
da-test-000188,0,0.0019293204581079398,0,0.944832460947958
da-test-000189,0,0.003931725254378454,0,0.944832460947958
da-test-000190,0,0.001044461654161573,0,0.944832460947958
da-test-000191,0,0.017409977248065905,0,0.944832460947958
da-test-000192,0,0.002826533523844907,0,0.944832460947958
da-test-000193,1,0.973589175878004,1,0.944832460947958
da-test-000194,0,0.0015858358776282555,0,0.944832460947958
da-test-000195,0,0.0017318889900475622,0,0.944832460947958
da-test-000196,0,0.0011213569789054756,0,0.944832460947958
da-test-000197,0,0.002238844664962781,0,0.944832460947958
da-test-000198,0,0.0006459884140571843,0,0.944832460947958
da-test-000199,0,0.029134036925357678,0,0.944832460947958
da-test-000200,0,0.0007195758839376848,0,0.944832460947958
da-test-000201,0,0.0024962230051093445,0,0.944832460947958
da-test-000202,0,0.0010548961392223238,0,0.944832460947958
da-test-000203,0,0.0009978453618946332,0,0.944832460947958
da-test-000204,0,0.0013011950427448769,0,0.944832460947958
da-test-000205,0,0.005805935888426151,0,0.944832460947958
da-test-000206,0,0.001609085508514592,0,0.944832460947958
da-test-000207,0,0.00045581040648823073,0,0.944832460947958
da-test-000208,0,0.0031003146519696595,0,0.944832460947958
da-test-000209,1,0.9699379856763839,1,0.944832460947958
da-test-000210,0,0.0016047829461009527,0,0.944832460947958
da-test-000211,0,0.0017142609773984623,0,0.944832460947958
da-test-000212,0,0.005483387640993951,0,0.944832460947958
da-test-000213,1,0.9647824091691665,1,0.944832460947958
da-test-000214,0,0.0014690002285103726,0,0.944832460947958
da-test-000215,1,0.976769806730469,1,0.944832460947958
da-test-000216,0,0.0030483607629699892,0,0.944832460947958
da-test-000217,0,0.008143995314578418,0,0.944832460947958
da-test-000218,0,0.0017228975171934753,0,0.944832460947958
da-test-000219,0,0.0009704605099816702,0,0.944832460947958
da-test-000220,1,0.8658755645746423,0,0.944832460947958
da-test-000221,0,0.0035265788439711038,0,0.944832460947958
da-test-000222,1,0.9762888686521951,1,0.944832460947958
da-test-000223,0,0.0007372521048383323,0,0.944832460947958
da-test-000224,0,0.0031726087075496646,0,0.944832460947958
da-test-000225,0,0.005987274164328501,0,0.944832460947958
da-test-000226,0,0.02415363948791946,0,0.944832460947958
da-test-000227,1,0.9676196896570195,1,0.944832460947958
da-test-000228,0,0.0026127972687113323,0,0.944832460947958
da-test-000229,0,0.0005386486780971662,0,0.944832460947958
da-test-000230,0,0.0009470530137278297,0,0.944832460947958
da-test-000231,0,0.002526272847763702,0,0.944832460947958
da-test-000232,0,0.0022440815279431816,0,0.944832460947958
da-test-000233,1,0.9884867188481472,1,0.944832460947958
da-test-000234,0,0.0006155748996274714,0,0.944832460947958
da-test-000235,0,0.0013046189395872897,0,0.944832460947958
da-test-000236,0,0.0005436033358204359,0,0.944832460947958
da-test-000237,0,0.01279493735310533,0,0.944832460947958
da-test-000238,0,0.0018095423594495863,0,0.944832460947958
da-test-000239,1,0.9912905994258615,1,0.944832460947958
da-test-000240,0,0.0011641399383665988,0,0.944832460947958
da-test-000241,0,0.0005863999247046119,0,0.944832460947958
da-test-000242,0,0.0013945472717779518,0,0.944832460947958
da-test-000243,0,0.002325975130822531,0,0.944832460947958
da-test-000244,0,0.000813489209802532,0,0.944832460947958
da-test-000245,0,0.0016782948207763227,0,0.944832460947958
da-test-000246,0,0.0010133795121489008,0,0.944832460947958
da-test-000247,0,0.004898961554489921,0,0.944832460947958
da-test-000248,0,0.0019872506579662903,0,0.944832460947958
da-test-000249,0,0.0005255970353313485,0,0.944832460947958
da-test-000250,0,0.0017863126882202824,0,0.944832460947958
da-test-000251,0,0.0020985593034406067,0,0.944832460947958
da-test-000252,0,0.0008430099967840293,0,0.944832460947958
da-test-000253,0,0.0909892424557679,0,0.944832460947958
da-test-000254,0,0.0009697126558431274,0,0.944832460947958
da-test-000255,0,0.002746077639457324,0,0.944832460947958
da-test-000256,1,0.9516322771828625,1,0.944832460947958
da-test-000257,0,0.003358208567838116,0,0.944832460947958
da-test-000258,0,0.08189074527359193,0,0.944832460947958
da-test-000259,0,0.0015918260568605165,0,0.944832460947958
da-test-000260,0,0.001516855454166532,0,0.944832460947958
da-test-000261,0,0.0011417273049229072,0,0.944832460947958
da-test-000262,0,0.0028065369447660654,0,0.944832460947958
da-test-000263,0,0.004532466344689339,0,0.944832460947958
da-test-000264,0,0.0029390737839488567,0,0.944832460947958
da-test-000265,1,0.9595534751594382,1,0.944832460947958
da-test-000266,0,0.0015880695354226568,0,0.944832460947958
da-test-000267,0,0.0012953271196310353,0,0.944832460947958
da-test-000268,0,0.004462762611979951,0,0.944832460947958
da-test-000269,1,0.973589175878004,1,0.944832460947958
da-test-000270,0,0.001057187363179431,0,0.944832460947958
da-test-000271,0,0.0024308138168284456,0,0.944832460947958
da-test-000272,1,0.9768599173687507,1,0.944832460947958
da-test-000273,0,0.0011704669287742608,0,0.944832460947958
da-test-000274,0,0.0014064424177236865,0,0.944832460947958
da-test-000275,0,0.0007074474014440707,0,0.944832460947958
da-test-000276,0,0.0014237785792624142,0,0.944832460947958
da-test-000277,0,0.003205098164953204,0,0.944832460947958
da-test-000278,0,0.0030000174910354066,0,0.944832460947958
da-test-000279,0,0.001435624358867061,0,0.944832460947958
da-test-000280,0,0.000442770136668725,0,0.944832460947958
da-test-000281,1,0.9742663979898752,1,0.944832460947958
da-test-000282,0,0.0036053393902613935,0,0.944832460947958
da-test-000283,0,0.0028358775454783917,0,0.944832460947958
da-test-000284,1,0.2619634085098708,0,0.944832460947958
da-test-000285,1,0.9741623115453393,1,0.944832460947958
da-test-000286,1,0.9797277575034224,1,0.944832460947958
da-test-000287,1,0.964598812181922,1,0.944832460947958
da-test-000288,0,0.0017828967920506984,0,0.944832460947958
da-test-000289,0,0.0013423804628908357,0,0.944832460947958
da-test-000290,0,0.041355178273627176,0,0.944832460947958
da-test-000291,0,0.0005158091720256574,0,0.944832460947958
da-test-000292,0,0.008238753768617007,0,0.944832460947958
da-test-000293,0,0.0009737982676296653,0,0.944832460947958
da-test-000294,0,0.0005841081542302779,0,0.944832460947958
da-test-000295,0,0.0009002140292524338,0,0.944832460947958
da-test-000296,0,0.002093889399541344,0,0.944832460947958
da-test-000297,0,0.0008264924007714793,0,0.944832460947958
da-test-000298,0,0.003307433201060189,0,0.944832460947958
da-test-000299,1,0.953106170090324,1,0.944832460947958
da-test-000300,0,0.0004338326882997994,0,0.944832460947958
da-test-000301,0,0.07031715430290626,0,0.944832460947958
da-test-000302,0,0.0011914637307102794,0,0.944832460947958
da-test-000303,0,0.0004855204303025647,0,0.944832460947958
da-test-000304,0,0.001556389347782944,0,0.944832460947958
da-test-000305,0,0.0003069016998867136,0,0.944832460947958
da-test-000306,0,0.007042457260356626,0,0.944832460947958
da-test-000307,0,0.0005122392031463385,0,0.944832460947958
da-test-000308,0,0.0016152073939947559,0,0.944832460947958
da-test-000309,0,0.0009853029626210829,0,0.944832460947958
da-test-000310,0,0.0005856852835717339,0,0.944832460947958
da-test-000311,1,0.9663422590308375,1,0.944832460947958
da-test-000312,0,0.0014537453403407545,0,0.944832460947958
da-test-000313,0,0.0007284745153203316,0,0.944832460947958
da-test-000314,0,0.0005249688041470519,0,0.944832460947958
da-test-000315,0,0.00284404638117544,0,0.944832460947958
da-test-000316,0,0.0020314309780347798,0,0.944832460947958
da-test-000317,0,0.0006465178251033404,0,0.944832460947958
da-test-000318,1,0.973589175878004,1,0.944832460947958
da-test-000319,0,0.00562209663242475,0,0.944832460947958
da-test-000320,0,0.001183263703995275,0,0.944832460947958
da-test-000321,1,0.9837481049102049,1,0.944832460947958
da-test-000322,0,0.0006301366403283267,0,0.944832460947958
da-test-000323,0,0.0004276514736645088,0,0.944832460947958
da-test-000324,0,0.008132383925250135,0,0.944832460947958
da-test-000325,0,0.00042906736924958386,0,0.944832460947958
da-test-000326,0,0.0023662352845296502,0,0.944832460947958
da-test-000327,0,0.0005302910057916289,0,0.944832460947958
da-test-000328,0,0.0011362137000868078,0,0.944832460947958
da-test-000329,0,0.0006676003076750375,0,0.944832460947958
da-test-000330,0,0.013184539233893199,0,0.944832460947958
da-test-000331,0,0.002255579683321248,0,0.944832460947958
da-test-000332,0,0.0005283645578257193,0,0.944832460947958
da-test-000333,0,0.0026887659278638934,0,0.944832460947958
da-test-000334,1,0.969914975905763,1,0.944832460947958
da-test-000335,0,0.003608501465059121,0,0.944832460947958
da-test-000336,0,0.0009865724709976775,0,0.944832460947958
da-test-000337,0,0.0008891928776236605,0,0.944832460947958
da-test-000338,0,0.00837056120154049,0,0.944832460947958
da-test-000339,0,0.00079591485648389,0,0.944832460947958
da-test-000340,0,0.004208624840307887,0,0.944832460947958
da-test-000341,0,0.0042382127416032206,0,0.944832460947958
da-test-000342,0,0.00689081120905715,0,0.944832460947958
da-test-000343,0,0.0004453793202596208,0,0.944832460947958
da-test-000344,0,0.0007641724146212319,0,0.944832460947958
da-test-000345,0,0.002339477393176908,0,0.944832460947958
da-test-000346,0,0.37469083520905516,0,0.944832460947958
da-test-000347,0,0.01673295031583813,0,0.944832460947958
da-test-000348,0,0.004445165910312449,0,0.944832460947958
da-test-000349,0,0.00037909582096993605,0,0.944832460947958
da-test-000350,0,0.0014043534774015574,0,0.944832460947958
da-test-000351,1,0.9251140020212983,0,0.944832460947958
da-test-000352,0,0.0007465174102044721,0,0.944832460947958
da-test-000353,1,0.9590679527288065,1,0.944832460947958
da-test-000354,0,0.00031655424607940396,0,0.944832460947958
da-test-000355,0,0.005548255116049681,0,0.944832460947958
da-test-000356,0,0.3505195279303214,0,0.944832460947958
da-test-000357,1,0.9682016406108466,1,0.944832460947958
da-test-000358,0,0.002842810563023325,0,0.944832460947958
da-test-000359,0,0.0018667251426941333,0,0.944832460947958
da-test-000360,0,0.000838612602267187,0,0.944832460947958
da-test-000361,0,0.0008015857457807938,0,0.944832460947958
da-test-000362,0,0.0015319495085124976,0,0.944832460947958
da-test-000363,0,0.0027815463094547186,0,0.944832460947958
da-test-000364,0,0.0008524050747538319,0,0.944832460947958
da-test-000365,0,0.0006793318589074119,0,0.944832460947958
da-test-000366,0,0.0005822275769019835,0,0.944832460947958
da-test-000367,0,0.0011629793199120257,0,0.944832460947958
da-test-000368,0,0.0009274110802261177,0,0.944832460947958
da-test-000369,0,0.001076957996247433,0,0.944832460947958
da-test-000370,0,0.002264317165285507,0,0.944832460947958
da-test-000371,0,0.0007707092852116263,0,0.944832460947958
da-test-000372,0,0.012465543478887234,0,0.944832460947958
da-test-000373,0,0.0017069663466109668,0,0.944832460947958
da-test-000374,0,0.0006004088364947664,0,0.944832460947958
da-test-000375,0,0.00042013062608826945,0,0.944832460947958
da-test-000376,0,0.002493071684961019,0,0.944832460947958
da-test-000377,0,0.001771975884789692,0,0.944832460947958
da-test-000378,0,0.0013933155421691733,0,0.944832460947958
da-test-000379,0,0.004404050123868845,0,0.944832460947958
da-test-000380,1,0.9690983562589653,1,0.944832460947958
da-test-000381,1,0.9620692312007864,1,0.944832460947958
da-test-000382,1,0.9635977419552945,1,0.944832460947958
da-test-000383,1,0.9626229515066521,1,0.944832460947958
da-test-000384,0,0.002021579660821897,0,0.944832460947958
da-test-000385,0,0.0011013598670356103,0,0.944832460947958
da-test-000386,1,0.9812891743590783,1,0.944832460947958
da-test-000387,1,0.989634875246771,1,0.944832460947958
da-test-000388,0,0.006686419882970357,0,0.944832460947958
da-test-000389,0,0.0017827645118170374,0,0.944832460947958
da-test-000390,0,0.0007128957895667105,0,0.944832460947958
da-test-000391,0,0.009933568732183339,0,0.944832460947958
da-test-000392,1,0.8952102759818679,0,0.944832460947958
da-test-000393,0,0.003192629970742554,0,0.944832460947958
da-test-000394,0,0.009151920333515941,0,0.944832460947958
da-test-000395,1,0.9626229515066521,1,0.944832460947958
da-test-000396,0,0.002131886606438971,0,0.944832460947958
da-test-000397,1,0.9672464155778288,1,0.944832460947958
da-test-000398,0,0.0009497503608606843,0,0.944832460947958
da-test-000399,1,0.9770622524518103,1,0.944832460947958
da-test-000400,1,0.9560477905882069,1,0.944832460947958
da-test-000401,0,0.0036477861895420744,0,0.944832460947958
da-test-000402,0,0.0014590550093276536,0,0.944832460947958
da-test-000403,0,0.0005297217746912955,0,0.944832460947958
da-test-000404,1,0.9857227386529623,1,0.944832460947958
da-test-000405,0,0.0015511855952731618,0,0.944832460947958
da-test-000406,1,0.973589175878004,1,0.944832460947958
da-test-000407,0,0.010606651982425839,0,0.944832460947958
da-test-000408,0,0.0006885123849857268,0,0.944832460947958
da-test-000409,0,0.001090857106059355,0,0.944832460947958
da-test-000410,0,0.002681675945666613,0,0.944832460947958
da-test-000411,1,0.9888670084071521,1,0.944832460947958
da-test-000412,0,0.0014345211783824672,0,0.944832460947958
da-test-000413,0,0.4761898886352152,0,0.944832460947958
da-test-000414,0,0.00038209057063840813,0,0.944832460947958
da-test-000415,1,0.9852874527614317,1,0.944832460947958
da-test-000416,0,0.0010811496793300605,0,0.944832460947958
da-test-000417,0,0.0005097178737904094,0,0.944832460947958
da-test-000418,0,0.0010392329158642533,0,0.944832460947958
da-test-000419,0,0.005064237253650983,0,0.944832460947958
da-test-000420,0,0.0013316124644565995,0,0.944832460947958
da-test-000421,0,0.001029041116706347,0,0.944832460947958
da-test-000422,0,0.006539171089155838,0,0.944832460947958
da-test-000423,0,0.005070910387367275,0,0.944832460947958
da-test-000424,0,0.0034662233711467713,0,0.944832460947958
da-test-000425,0,0.0064661350538587434,0,0.944832460947958
da-test-000426,0,0.003921812054743184,0,0.944832460947958
da-test-000427,1,0.973589175878004,1,0.944832460947958
da-test-000428,0,0.0013695749688411043,0,0.944832460947958
da-test-000429,0,0.009441822834868743,0,0.944832460947958
da-test-000430,0,0.010116899487710555,0,0.944832460947958
da-test-000431,0,0.0023260466071277756,0,0.944832460947958
da-test-000432,0,0.0015668845338275023,0,0.944832460947958
da-test-000433,0,0.0003519655231296455,0,0.944832460947958
da-test-000434,0,0.005579475871695707,0,0.944832460947958
da-test-000435,0,0.0011303198844823399,0,0.944832460947958
da-test-000436,0,0.0023130171688037957,0,0.944832460947958
da-test-000437,0,0.0005228195266339656,0,0.944832460947958
da-test-000438,1,0.973589175878004,1,0.944832460947958
da-test-000439,0,0.000563412320363961,0,0.944832460947958
da-test-000440,0,0.017101868357218213,0,0.944832460947958
da-test-000441,0,0.000762693108394054,0,0.944832460947958
da-test-000442,0,0.000655546667231041,0,0.944832460947958
da-test-000443,1,0.9774689314953231,1,0.944832460947958
da-test-000444,0,0.0003848969906436451,0,0.944832460947958
da-test-000445,0,0.0030560903214775894,0,0.944832460947958
da-test-000446,0,0.0005097178737904094,0,0.944832460947958
da-test-000447,0,0.0007044988062128724,0,0.944832460947958
da-test-000448,0,0.0009501224651706203,0,0.944832460947958
da-test-000449,0,0.0010551790459707843,0,0.944832460947958
da-test-000450,1,0.9780196996013937,1,0.944832460947958
da-test-000451,0,0.0004232007740122904,0,0.944832460947958
da-test-000452,0,0.0019091357498689902,0,0.944832460947958
da-test-000453,0,0.0030371165367904926,0,0.944832460947958
da-test-000454,0,0.00040512888728321667,0,0.944832460947958
da-test-000455,1,0.9686462623384006,1,0.944832460947958
da-test-000456,0,0.00975731017783165,0,0.944832460947958
da-test-000457,0,0.0020708457023980516,0,0.944832460947958
da-test-000458,0,0.0002453716253342278,0,0.944832460947958
da-test-000459,1,0.973589175878004,1,0.944832460947958
da-test-000460,0,0.016202512344854515,0,0.944832460947958
da-test-000461,0,0.004296350153496536,0,0.944832460947958
da-test-000462,0,0.0002481466930396735,0,0.944832460947958
da-test-000463,0,0.010564867664425085,0,0.944832460947958
da-test-000464,1,0.9113332774091061,0,0.944832460947958
da-test-000465,0,0.0011612129353612373,0,0.944832460947958
da-test-000466,0,0.0006159062510038116,0,0.944832460947958
da-test-000467,1,0.9658709323750307,1,0.944832460947958
da-test-000468,1,0.973589175878004,1,0.944832460947958
da-test-000469,0,0.0009464812875891062,0,0.944832460947958
da-test-000470,0,0.8942873953745707,0,0.944832460947958
da-test-000471,0,0.0019782401747104957,0,0.944832460947958
da-test-000472,0,0.0005563877692537549,0,0.944832460947958
da-test-000473,1,0.9506645220316453,1,0.944832460947958
da-test-000474,0,0.0011540444528784428,0,0.944832460947958
da-test-000475,0,0.00102442202123617,0,0.944832460947958
da-test-000476,1,0.9650191599133516,1,0.944832460947958
da-test-000477,0,0.0004803904071792559,0,0.944832460947958
da-test-000478,1,0.4710607642593029,0,0.944832460947958
da-test-000479,0,0.0008053622264825267,0,0.944832460947958
da-test-000480,0,0.0014547232267128468,0,0.944832460947958
da-test-000481,1,0.9682928741887955,1,0.944832460947958
da-test-000482,0,0.0021438423743063827,0,0.944832460947958
da-test-000483,0,0.004264705871524454,0,0.944832460947958
da-test-000484,0,0.0008045938183299477,0,0.944832460947958
da-test-000485,0,0.001033166916965044,0,0.944832460947958
da-test-000486,1,0.9646470346186438,1,0.944832460947958
da-test-000487,0,0.0011016004409794254,0,0.944832460947958
da-test-000488,0,0.0003026242829137673,0,0.944832460947958
da-test-000489,1,0.9893184230795582,1,0.944832460947958
da-test-000490,0,0.0008714035941596586,0,0.944832460947958
da-test-000491,0,0.0006542939649662623,0,0.944832460947958
da-test-000492,0,0.002128230870742928,0,0.944832460947958
da-test-000493,0,0.0008647973265950311,0,0.944832460947958
da-test-000494,0,0.0053520791212333845,0,0.944832460947958
da-test-000495,0,0.0004887020642628885,0,0.944832460947958
da-test-000496,0,0.014007013664759453,0,0.944832460947958
da-test-000497,0,0.0006420910687041885,0,0.944832460947958
da-test-000498,0,0.002487166624857809,0,0.944832460947958
da-test-000499,0,0.00030712769276965385,0,0.944832460947958
da-test-000500,0,0.004661238954403708,0,0.944832460947958
da-test-000501,0,0.002338786167426616,0,0.944832460947958
da-test-000502,0,0.004359970548998358,0,0.944832460947958
da-test-000503,0,0.0009786754995501114,0,0.944832460947958
da-test-000504,0,0.009624512576539028,0,0.944832460947958
da-test-000505,0,0.012171181801102342,0,0.944832460947958
da-test-000506,1,0.9626229515066521,1,0.944832460947958
da-test-000507,0,0.0023394101069521608,0,0.944832460947958
da-test-000508,0,0.0014044251447272356,0,0.944832460947958
da-test-000509,0,0.00041104703346103906,0,0.944832460947958
da-test-000510,0,0.0008435597200043289,0,0.944832460947958
da-test-000511,0,0.003068116284690135,0,0.944832460947958
da-test-000512,0,0.0008743606624844667,0,0.944832460947958
da-test-000513,0,0.0008981896730399025,0,0.944832460947958
da-test-000514,1,0.9748207752358987,1,0.944832460947958
da-test-000515,1,0.9736565070911791,1,0.944832460947958
da-test-000516,0,0.0012621710313354424,0,0.944832460947958
da-test-000517,0,0.0004965118830941919,0,0.944832460947958
da-test-000518,1,0.9626229515066521,1,0.944832460947958
da-test-000519,0,0.0013004718143798627,0,0.944832460947958
da-test-000520,1,0.8989816534081423,0,0.944832460947958
da-test-000521,0,0.0169694443578804,0,0.944832460947958
da-test-000522,0,0.0032861785810692676,0,0.944832460947958
da-test-000523,0,0.0007016698360325267,0,0.944832460947958
da-test-000524,0,0.00141130198890204,0,0.944832460947958
da-test-000525,1,0.9568659812955697,1,0.944832460947958
da-test-000526,0,0.001828021222086623,0,0.944832460947958
da-test-000527,1,0.9626229515066521,1,0.944832460947958
da-test-000528,1,0.9829366208529273,1,0.944832460947958
da-test-000529,0,0.0028821730515432315,0,0.944832460947958
da-test-000530,0,0.0007809623255316635,0,0.944832460947958
da-test-000531,0,0.0025180913309871913,0,0.944832460947958
da-test-000532,0,0.06049372620576801,0,0.944832460947958
da-test-000533,1,0.9421291678670433,0,0.944832460947958
da-test-000534,0,0.0009640425598559487,0,0.944832460947958
da-test-000535,0,0.00020279297578659254,0,0.944832460947958
da-test-000536,0,0.000663899122931518,0,0.944832460947958
da-test-000537,1,0.9661417079315886,1,0.944832460947958
da-test-000538,0,0.0014528693805155185,0,0.944832460947958
da-test-000539,0,0.0008853371579082713,0,0.944832460947958
da-test-000540,0,0.009781463005875419,0,0.944832460947958
da-test-000541,0,0.000144399046308587,0,0.944832460947958
da-test-000542,0,0.00025042540538896895,0,0.944832460947958
da-test-000543,0,0.0017321338624632276,0,0.944832460947958
da-test-000544,0,0.6822095044219899,0,0.944832460947958
da-test-000545,0,0.004952341482705436,0,0.944832460947958
da-test-000546,0,0.0016268946777204777,0,0.944832460947958
da-test-000547,0,0.34306287868468316,0,0.944832460947958
da-test-000548,0,0.00025631478811477467,0,0.944832460947958
da-test-000549,0,0.001341676560207047,0,0.944832460947958
da-test-000550,0,0.0010501620513314563,0,0.944832460947958
da-test-000551,0,0.00043306715902451695,0,0.944832460947958
da-test-000552,0,0.09232848081680653,0,0.944832460947958
da-test-000553,0,0.002474332008989142,0,0.944832460947958
da-test-000554,0,0.0028184039425026924,0,0.944832460947958
da-test-000555,0,0.0005129064731530191,0,0.944832460947958
da-test-000556,0,0.0013525317344035596,0,0.944832460947958
da-test-000557,0,0.686703664808357,0,0.944832460947958
da-test-000558,0,0.0005881648191861647,0,0.944832460947958
da-test-000559,0,0.004278315931186783,0,0.944832460947958
da-test-000560,0,0.006203278565328052,0,0.944832460947958
da-test-000561,0,0.0010276428505645969,0,0.944832460947958
da-test-000562,0,0.0017781245939175454,0,0.944832460947958
da-test-000563,0,0.0019681594538606996,0,0.944832460947958
da-test-000564,1,0.9626229515066521,1,0.944832460947958
da-test-000565,1,0.7325051669597182,0,0.944832460947958
da-test-000566,0,0.001005119462862253,0,0.944832460947958
da-test-000567,1,0.973589175878004,1,0.944832460947958
da-test-000568,0,0.002239493394273331,0,0.944832460947958
da-test-000569,1,0.9565009315681917,1,0.944832460947958
da-test-000570,0,0.0015220907658344005,0,0.944832460947958
da-test-000571,1,0.9685030812560135,1,0.944832460947958
da-test-000572,0,0.0009467252473747915,0,0.944832460947958
da-test-000573,0,0.002153470738880786,0,0.944832460947958
da-test-000574,0,0.0036831654131367257,0,0.944832460947958
da-test-000575,1,0.9784394594719208,1,0.944832460947958
da-test-000576,1,0.9681695398772957,1,0.944832460947958
da-test-000577,0,0.0016163157632293303,0,0.944832460947958
da-test-000578,1,0.9633477324995073,1,0.944832460947958
da-test-000579,0,0.005681199869097949,0,0.944832460947958
da-test-000580,0,0.0010642536452306294,0,0.944832460947958
da-test-000581,1,0.9542246747401157,1,0.944832460947958
da-test-000582,0,0.0005651555745855124,0,0.944832460947958
da-test-000583,0,0.0012002699677216722,0,0.944832460947958
da-test-000584,0,0.0016444098848631768,0,0.944832460947958
da-test-000585,0,0.01273592019492898,0,0.944832460947958
da-test-000586,0,0.5529206663815762,0,0.944832460947958
da-test-000587,0,0.0011225959539052186,0,0.944832460947958
da-test-000588,0,0.0075275905774753364,0,0.944832460947958
da-test-000589,0,0.0013497244153915463,0,0.944832460947958
da-test-000590,0,0.0022871953724425734,0,0.944832460947958
da-test-000591,1,0.9842035314812205,1,0.944832460947958
da-test-000592,0,0.0013339865776705504,0,0.944832460947958
da-test-000593,0,0.006382659194043533,0,0.944832460947958
da-test-000594,0,0.026601140938413648,0,0.944832460947958
da-test-000595,0,0.005669713547535858,0,0.944832460947958
da-test-000596,0,0.002188437581178979,0,0.944832460947958
da-test-000597,0,0.0025063526771260274,0,0.944832460947958
da-test-000598,0,0.0008472020718084033,0,0.944832460947958
da-test-000599,0,0.031674759864446525,0,0.944832460947958
da-test-000600,0,7.870826726154715e-05,0,0.944832460947958
da-test-000601,1,0.9701878275950637,1,0.944832460947958
da-test-000602,1,0.43309981711167433,0,0.944832460947958
da-test-000603,1,0.9534360595254898,1,0.944832460947958
da-test-000604,0,0.0012480660606450221,0,0.944832460947958
da-test-000605,0,0.000748884433223971,0,0.944832460947958
da-test-000606,1,0.9701778995045621,1,0.944832460947958
da-test-000607,0,0.0005741911216534652,0,0.944832460947958
da-test-000608,0,0.34306287868468316,0,0.944832460947958
da-test-000609,1,0.9626229515066521,1,0.944832460947958
da-test-000610,1,0.9893184230795582,1,0.944832460947958
da-test-000611,0,0.0020326047488842037,0,0.944832460947958
da-test-000612,1,0.9698005497876045,1,0.944832460947958
da-test-000613,1,0.9164004294282618,0,0.944832460947958
da-test-000614,1,0.9394910979520036,0,0.944832460947958
da-test-000615,1,0.9639301995208837,1,0.944832460947958
da-test-000616,0,0.00034461750945310516,0,0.944832460947958
da-test-000617,0,0.0013207831330874307,0,0.944832460947958
da-test-000618,0,0.004235177259506844,0,0.944832460947958
da-test-000619,1,0.38239402989711146,0,0.944832460947958
da-test-000620,0,0.00104384772257091,0,0.944832460947958
da-test-000621,1,0.9704143599536402,1,0.944832460947958
da-test-000622,1,0.8385033088764251,0,0.944832460947958
da-test-000623,0,0.001030558233521316,0,0.944832460947958
da-test-000624,0,0.001168278459056575,0,0.944832460947958
da-test-000625,0,0.0015401085179304389,0,0.944832460947958
da-test-000626,1,0.973589175878004,1,0.944832460947958
da-test-000627,0,0.0005921382943619776,0,0.944832460947958
da-test-000628,0,0.0003444047678383848,0,0.944832460947958
da-test-000629,0,0.0006560077940726935,0,0.944832460947958
da-test-000630,0,0.003969334293220416,0,0.944832460947958
da-test-000631,0,0.000493043056326996,0,0.944832460947958
da-test-000632,0,0.003397990720679678,0,0.944832460947958
da-test-000633,0,0.002597834987850657,0,0.944832460947958
da-test-000634,0,0.00044988100607926145,0,0.944832460947958
da-test-000635,0,0.0007766814003813219,0,0.944832460947958
da-test-000636,0,0.0005192815202824391,0,0.944832460947958
da-test-000637,1,0.9893184230795582,1,0.944832460947958
da-test-000638,0,0.0012587789661006245,0,0.944832460947958
da-test-000639,0,0.0004651199140183177,0,0.944832460947958
da-test-000640,0,0.0021328278750736493,0,0.944832460947958
da-test-000641,0,0.001458894497057398,0,0.944832460947958
da-test-000642,1,0.9240344340005826,0,0.944832460947958
da-test-000643,0,0.0008623305091965238,0,0.944832460947958
da-test-000644,1,0.9707218618300724,1,0.944832460947958
da-test-000645,0,0.007234412327102008,0,0.944832460947958
da-test-000646,1,0.9626229515066521,1,0.944832460947958
da-test-000647,0,0.0006616143314220156,0,0.944832460947958
da-test-000648,1,0.9626229515066521,1,0.944832460947958
da-test-000649,0,0.0016609385289565177,0,0.944832460947958
da-test-000650,0,0.0007506569788732629,0,0.944832460947958
da-test-000651,0,0.001456941623608928,0,0.944832460947958
da-test-000652,1,0.025969221838773163,0,0.944832460947958
da-test-000653,0,0.0020208582485742926,0,0.944832460947958
da-test-000654,0,0.0015264921101948168,0,0.944832460947958
da-test-000655,0,0.0008218463630131201,0,0.944832460947958
da-test-000656,0,0.007764409200359348,0,0.944832460947958
da-test-000657,0,0.0022254677274224305,0,0.944832460947958
da-test-000658,0,0.004558978966923572,0,0.944832460947958
da-test-000659,0,0.0033706595847261267,0,0.944832460947958
da-test-000660,0,0.08919344791993972,0,0.944832460947958
da-test-000661,1,0.8536648840137905,0,0.944832460947958
da-test-000662,0,0.0017848660849754464,0,0.944832460947958
da-test-000663,1,0.984777629352162,1,0.944832460947958
da-test-000664,1,0.9725818911494571,1,0.944832460947958
da-test-000665,0,0.001829110641525385,0,0.944832460947958
da-test-000666,0,0.002504605144464171,0,0.944832460947958
da-test-000667,0,0.0006005397150569944,0,0.944832460947958
da-test-000668,0,0.0008152867347689325,0,0.944832460947958
da-test-000669,1,0.9671689550998566,1,0.944832460947958
da-test-000670,0,0.001069877018368133,0,0.944832460947958
da-test-000671,0,0.0007875426471771379,0,0.944832460947958
da-test-000672,0,0.001727663029402682,0,0.944832460947958
da-test-000673,0,0.0005961056827999398,0,0.944832460947958
da-test-000674,1,0.9735879531363975,1,0.944832460947958
da-test-000675,0,0.0006869156892260813,0,0.944832460947958
da-test-000676,1,0.9878709383179496,1,0.944832460947958
da-test-000677,0,0.0007384586856300245,0,0.944832460947958
da-test-000678,0,0.0004980103086342054,0,0.944832460947958
da-test-000679,0,0.0006886754882227326,0,0.944832460947958
da-test-000680,1,0.8047733599526897,0,0.944832460947958
da-test-000681,0,0.00036292989966882724,0,0.944832460947958
da-test-000682,0,0.9387483827780563,0,0.944832460947958
da-test-000683,0,0.0008124698706251072,0,0.944832460947958
da-test-000684,0,0.002055369226072345,0,0.944832460947958
da-test-000685,0,0.00488784757704291,0,0.944832460947958
da-test-000686,1,0.9913694158712087,1,0.944832460947958
da-test-000687,0,0.0012646162364417866,0,0.944832460947958
da-test-000688,0,0.0034998594988320695,0,0.944832460947958
da-test-000689,0,0.008278276566419706,0,0.944832460947958
da-test-000690,0,0.009031928806291924,0,0.944832460947958
da-test-000691,0,0.0014038585229598421,0,0.944832460947958
da-test-000692,0,0.0013472226367331295,0,0.944832460947958
da-test-000693,0,0.0003345085487721183,0,0.944832460947958
da-test-000694,1,0.24051426510573434,0,0.944832460947958
da-test-000695,0,0.0013488895460255711,0,0.944832460947958
da-test-000696,0,0.0012512361170994243,0,0.944832460947958
da-test-000697,0,0.0006439212246014527,0,0.944832460947958
da-test-000698,0,0.0006977190707668365,0,0.944832460947958
da-test-000699,1,0.844159871554654,0,0.944832460947958
da-test-000700,0,0.0006110865835356731,0,0.944832460947958
da-test-000701,0,0.0008526165983014412,0,0.944832460947958
da-test-000702,1,0.9619561957119576,1,0.944832460947958
da-test-000703,0,0.00141060909721646,0,0.944832460947958
da-test-000704,1,0.9829366208529273,1,0.944832460947958
da-test-000705,0,0.0007084570887159239,0,0.944832460947958
da-test-000706,0,0.0025883836451322463,0,0.944832460947958
da-test-000707,0,0.003382005966900022,0,0.944832460947958
da-test-000708,0,0.036833820113767714,0,0.944832460947958
da-test-000709,0,0.0007046927295451564,0,0.944832460947958
da-test-000710,0,0.00022227686695372497,0,0.944832460947958
da-test-000711,0,0.0017143707231831137,0,0.944832460947958
da-test-000712,0,0.06397941322453582,0,0.944832460947958
da-test-000713,0,0.0038100630716798984,0,0.944832460947958
da-test-000714,0,0.00960050057910978,0,0.944832460947958
da-test-000715,0,0.0010190288984126183,0,0.944832460947958
da-test-000716,0,0.0036317488496988527,0,0.944832460947958
da-test-000717,1,0.9233098415464176,0,0.944832460947958
da-test-000718,0,0.0031853076510805264,0,0.944832460947958
da-test-000719,0,0.0004326516991682051,0,0.944832460947958
da-test-000720,0,0.001993281897095358,0,0.944832460947958
da-test-000721,0,0.001599665256721138,0,0.944832460947958
da-test-000722,1,0.966777724613882,1,0.944832460947958
da-test-000723,0,0.0019188873048458116,0,0.944832460947958
da-test-000724,0,0.0018145632328618576,0,0.944832460947958
da-test-000725,0,0.0006195828815532601,0,0.944832460947958
da-test-000726,0,0.021641225811547333,0,0.944832460947958
da-test-000727,0,0.007981900392686776,0,0.944832460947958
da-test-000728,0,0.0004299862311777268,0,0.944832460947958
da-test-000729,0,0.00532692586302772,0,0.944832460947958
da-test-000730,0,0.0004654118609309865,0,0.944832460947958
da-test-000731,0,0.0004941746415685042,0,0.944832460947958
da-test-000732,0,0.0009458558522015258,0,0.944832460947958
da-test-000733,0,0.0003181358241098511,0,0.944832460947958
da-test-000734,0,0.0009315081327671373,0,0.944832460947958
da-test-000735,1,0.9625488380088216,1,0.944832460947958
da-test-000736,0,0.003737532574273953,0,0.944832460947958
da-test-000737,1,0.9701688400971655,1,0.944832460947958
da-test-000738,0,0.0020962948366224773,0,0.944832460947958
da-test-000739,1,0.9504486418678566,1,0.944832460947958
da-test-000740,0,0.0003784759028641988,0,0.944832460947958
da-test-000741,0,0.0010952918370603325,0,0.944832460947958
da-test-000742,0,0.0030752443824852856,0,0.944832460947958
da-test-000743,0,0.0029529201780826493,0,0.944832460947958
da-test-000744,0,0.001291858435226488,0,0.944832460947958
da-test-000745,0,0.001628548485398083,0,0.944832460947958
da-test-000746,0,0.006187991286832302,0,0.944832460947958
da-test-000747,0,0.0024607056280820027,0,0.944832460947958
da-test-000748,0,0.0010575426126654124,0,0.944832460947958
da-test-000749,0,0.0020484533996784947,0,0.944832460947958
da-test-000750,0,0.009573614239546308,0,0.944832460947958
da-test-000751,0,0.003611220155565255,0,0.944832460947958
da-test-000752,0,0.020404323765455944,0,0.944832460947958
da-test-000753,0,0.0015952023686606979,0,0.944832460947958
da-test-000754,1,0.8842193299617072,0,0.944832460947958
da-test-000755,0,0.004212391626745454,0,0.944832460947958
da-test-000756,0,0.0008528494405813531,0,0.944832460947958
da-test-000757,0,0.008749744706779278,0,0.944832460947958
da-test-000758,0,0.002509638901968006,0,0.944832460947958
da-test-000759,0,0.00021563340622595507,0,0.944832460947958
da-test-000760,0,0.0018224707073422183,0,0.944832460947958
da-test-000761,1,0.9829366208529273,1,0.944832460947958
da-test-000762,0,0.0017997976085210052,0,0.944832460947958
da-test-000763,0,0.0037460901098341653,0,0.944832460947958
da-test-000764,0,0.000642567291645324,0,0.944832460947958
da-test-000765,0,0.3120555200191914,0,0.944832460947958
da-test-000766,0,0.001010181410436633,0,0.944832460947958
da-test-000767,1,0.2830748657976247,0,0.944832460947958
da-test-000768,0,0.002344055891545878,0,0.944832460947958
da-test-000769,0,0.002357424514072843,0,0.944832460947958
da-test-000770,0,0.0012262266431722652,0,0.944832460947958
da-test-000771,1,0.9328723043999927,0,0.944832460947958
da-test-000772,1,0.9822190746284457,1,0.944832460947958
da-test-000773,0,0.01296718349858031,0,0.944832460947958
da-test-000774,0,0.0013843815677108842,0,0.944832460947958
da-test-000775,0,0.00030624792508318974,0,0.944832460947958
da-test-000776,0,0.0025740654938345223,0,0.944832460947958
da-test-000777,0,0.002739236359580883,0,0.944832460947958
da-test-000778,1,0.9608331008420162,1,0.944832460947958
da-test-000779,0,0.001922756945987011,0,0.944832460947958
da-test-000780,0,0.9849461683975588,1,0.944832460947958
da-test-000781,0,0.7228435894356265,0,0.944832460947958
da-test-000782,0,0.0005922748243397269,0,0.944832460947958
da-test-000783,1,0.7643976313694527,0,0.944832460947958
da-test-000784,1,0.9648025937722596,1,0.944832460947958
da-test-000785,0,0.0009220510669057019,0,0.944832460947958
da-test-000786,0,0.001120785361844934,0,0.944832460947958
da-test-000787,1,0.9761616570781922,1,0.944832460947958
da-test-000788,0,0.0025381493448431076,0,0.944832460947958
da-test-000789,0,0.019290234499604902,0,0.944832460947958
da-test-000790,0,0.0032223422490831586,0,0.944832460947958
da-test-000791,0,0.0005655331247785721,0,0.944832460947958
da-test-000792,0,0.0005365845095847279,0,0.944832460947958
da-test-000793,0,0.0013825857452218113,0,0.944832460947958
da-test-000794,0,0.00034890486973330695,0,0.944832460947958
da-test-000795,0,0.008378404010889028,0,0.944832460947958
da-test-000796,0,0.008570929088385745,0,0.944832460947958
da-test-000797,0,0.8818987150569193,0,0.944832460947958
da-test-000798,0,0.0005136902814753961,0,0.944832460947958
da-test-000799,0,0.0016623010674260382,0,0.944832460947958
da-test-000800,0,0.0011194968849611079,0,0.944832460947958
da-test-000801,0,0.0017636585460413876,0,0.944832460947958
da-test-000802,0,0.0014525412795165608,0,0.944832460947958
da-test-000803,0,0.0035231274623425866,0,0.944832460947958
da-test-000804,0,0.002071366739179694,0,0.944832460947958
da-test-000805,0,0.0012471681129800072,0,0.944832460947958
da-test-000806,0,0.0007356885062797592,0,0.944832460947958
da-test-000807,0,0.04458790868092269,0,0.944832460947958
da-test-000808,0,0.005435065358306798,0,0.944832460947958
da-test-000809,0,0.000641615827614576,0,0.944832460947958
da-test-000810,0,0.0007196548898753574,0,0.944832460947958
da-test-000811,0,0.0005688454396169525,0,0.944832460947958
da-test-000812,1,0.9869824962459659,1,0.944832460947958
da-test-000813,0,0.009091149064825428,0,0.944832460947958
da-test-000814,0,0.0027207203463122166,0,0.944832460947958
da-test-000815,0,0.0007895687625586234,0,0.944832460947958
da-test-000816,0,0.008560450024732739,0,0.944832460947958
da-test-000817,1,0.9663002962919293,1,0.944832460947958
da-test-000818,0,0.009142382989590596,0,0.944832460947958
da-test-000819,0,0.0014669720512141633,0,0.944832460947958
da-test-000820,0,0.0016638587693618711,0,0.944832460947958
da-test-000821,1,0.9289656115342502,0,0.944832460947958
da-test-000822,0,0.0003026242829137673,0,0.944832460947958
da-test-000823,0,0.00893612360622585,0,0.944832460947958
da-test-000824,1,0.973589175878004,1,0.944832460947958
da-test-000825,0,0.002915113302826377,0,0.944832460947958
da-test-000826,0,0.0011229189360922479,0,0.944832460947958
da-test-000827,0,0.0035290255200272676,0,0.944832460947958
da-test-000828,0,0.9275316566314504,0,0.944832460947958
da-test-000829,1,0.9626229515066521,1,0.944832460947958
da-test-000830,0,0.0005740151612742842,0,0.944832460947958
da-test-000831,0,0.000785300233923808,0,0.944832460947958
da-test-000832,0,0.001836001840202796,0,0.944832460947958
da-test-000833,1,0.973589175878004,1,0.944832460947958
da-test-000834,1,0.9641218265117808,1,0.944832460947958
da-test-000835,1,0.975077899463522,1,0.944832460947958
da-test-000836,0,0.0006892099923900586,0,0.944832460947958
da-test-000837,1,0.9654237438913342,1,0.944832460947958
da-test-000838,0,0.012995773289423163,0,0.944832460947958
da-test-000839,1,0.9735879531363975,1,0.944832460947958
da-test-000840,0,0.0026000726075449225,0,0.944832460947958
da-test-000841,0,0.5913859187213627,0,0.944832460947958
da-test-000842,0,0.007754048244852256,0,0.944832460947958
da-test-000843,1,0.9768376178352501,1,0.944832460947958
da-test-000844,0,0.0018098410660565523,0,0.944832460947958
da-test-000845,0,0.001257099896854191,0,0.944832460947958
da-test-000846,1,0.895946954978139,0,0.944832460947958
da-test-000847,0,0.003204198900963059,0,0.944832460947958
da-test-000848,1,0.7836791216507903,0,0.944832460947958
da-test-000849,1,0.9626229515066521,1,0.944832460947958
da-test-000850,1,0.9686484591560999,1,0.944832460947958
da-test-000851,0,0.0005991626633640656,0,0.944832460947958
da-test-000852,0,0.0026164652420344503,0,0.944832460947958
da-test-000853,0,0.0010748964532279754,0,0.944832460947958
da-test-000854,1,0.9804523437799011,1,0.944832460947958
da-test-000855,0,0.015585063465530164,0,0.944832460947958
da-test-000856,0,0.0017397480176304363,0,0.944832460947958
da-test-000857,1,0.9712070990694995,1,0.944832460947958
da-test-000858,1,0.9761400953997967,1,0.944832460947958
da-test-000859,1,0.9679114117331097,1,0.944832460947958
da-test-000860,0,0.0010579289120035858,0,0.944832460947958
da-test-000861,0,0.0017083193457496859,0,0.944832460947958
da-test-000862,0,0.0015265398466133312,0,0.944832460947958
da-test-000863,0,0.0007587984414529729,0,0.944832460947958
da-test-000864,0,0.00042848880388540294,0,0.944832460947958
da-test-000865,0,0.0018185356045017397,0,0.944832460947958
da-test-000866,0,0.6993604799774843,0,0.944832460947958
da-test-000867,0,0.0007510175952436127,0,0.944832460947958
da-test-000868,0,0.0013298516667688332,0,0.944832460947958
da-test-000869,0,0.9873164121603051,1,0.944832460947958
da-test-000870,1,0.9530392482709117,1,0.944832460947958
da-test-000871,0,0.0003348937778283081,0,0.944832460947958
da-test-000872,0,0.022014384866704418,0,0.944832460947958
da-test-000873,0,0.0038426920481227853,0,0.944832460947958
da-test-000874,0,0.002630210345909851,0,0.944832460947958
da-test-000875,0,0.0015503891183064973,0,0.944832460947958
da-test-000876,0,0.00044204136100347874,0,0.944832460947958
da-test-000877,0,0.008712883755856915,0,0.944832460947958
da-test-000878,0,0.009831153673130321,0,0.944832460947958
da-test-000879,0,0.0038485450304268556,0,0.944832460947958
da-test-000880,0,0.0017938813012377203,0,0.944832460947958
da-test-000881,1,0.9626229515066521,1,0.944832460947958
da-test-000882,0,0.002805275437828774,0,0.944832460947958
da-test-000883,0,0.0003026242829137673,0,0.944832460947958
da-test-000884,0,0.001732666872866979,0,0.944832460947958
da-test-000885,1,0.9584572445165621,1,0.944832460947958
da-test-000886,1,0.972145918503266,1,0.944832460947958
da-test-000887,0,0.0011306867874464352,0,0.944832460947958
da-test-000888,0,0.0002836085343628381,0,0.944832460947958
da-test-000889,1,0.8927779241896351,0,0.944832460947958
da-test-000890,0,0.0008601757309195041,0,0.944832460947958
da-test-000891,0,0.0013512109770884464,0,0.944832460947958
da-test-000892,0,0.0018453289020214393,0,0.944832460947958
da-test-000893,0,0.0021673662268247794,0,0.944832460947958
da-test-000894,0,0.0016721774886544205,0,0.944832460947958
da-test-000895,0,0.0018655349810852784,0,0.944832460947958
da-test-000896,0,0.0011338716122982558,0,0.944832460947958
da-test-000897,0,0.021189624445824184,0,0.944832460947958
da-test-000898,0,0.00100327579781298,0,0.944832460947958
da-test-000899,0,0.000372501273487189,0,0.944832460947958
da-test-000900,1,0.9591143144564083,1,0.944832460947958
da-test-000901,1,0.9626229515066521,1,0.944832460947958
da-test-000902,1,0.9521882878808572,1,0.944832460947958
da-test-000903,0,0.002443127625055968,0,0.944832460947958
da-test-000904,0,0.01575598991777432,0,0.944832460947958
da-test-000905,0,0.0014912204103463957,0,0.944832460947958
da-test-000906,0,0.0007122956432179338,0,0.944832460947958
da-test-000907,0,0.0013370686696541185,0,0.944832460947958
da-test-000908,0,0.0015124031583257616,0,0.944832460947958
da-test-000909,0,0.007952464760958903,0,0.944832460947958
da-test-000910,0,0.0007711542555405186,0,0.944832460947958
da-test-000911,0,0.0008631488510719772,0,0.944832460947958
da-test-000912,0,0.025210640451405367,0,0.944832460947958
da-test-000913,0,0.0017730310094324145,0,0.944832460947958
da-test-000914,0,0.002773069297985207,0,0.944832460947958
da-test-000915,0,0.0012866056743012209,0,0.944832460947958
da-test-000916,0,0.0006738760529431555,0,0.944832460947958
da-test-000917,0,0.0011901362675010461,0,0.944832460947958
da-test-000918,0,0.012242215064288891,0,0.944832460947958
da-test-000919,0,0.0013979248742165254,0,0.944832460947958
da-test-000920,0,0.004253165321059435,0,0.944832460947958
da-test-000921,0,0.0007477361626065392,0,0.944832460947958
da-test-000922,0,0.0016357628632681469,0,0.944832460947958
da-test-000923,0,0.004369250145025221,0,0.944832460947958
da-test-000924,0,0.0006972590834524896,0,0.944832460947958
da-test-000925,0,0.0006090663865915982,0,0.944832460947958
da-test-000926,0,0.0012311336954680316,0,0.944832460947958
da-test-000927,0,0.002713533160138744,0,0.944832460947958
da-test-000928,0,0.0005291953368360394,0,0.944832460947958
da-test-000929,0,0.0002826423189626786,0,0.944832460947958
da-test-000930,0,0.01861312234810613,0,0.944832460947958
da-test-000931,0,0.0010667521276214963,0,0.944832460947958
da-test-000932,0,0.0022233769891156895,0,0.944832460947958
da-test-000933,0,0.0012335272122242446,0,0.944832460947958
da-test-000934,0,0.0011638384185261696,0,0.944832460947958
da-test-000935,0,0.0033062556492237734,0,0.944832460947958
da-test-000936,0,0.002239628291846188,0,0.944832460947958
da-test-000937,0,0.000749044999905977,0,0.944832460947958
da-test-000938,0,0.003255043856930592,0,0.944832460947958
da-test-000939,0,0.0063904209735062,0,0.944832460947958
da-test-000940,0,0.0029281476404662164,0,0.944832460947958
da-test-000941,0,0.0006560524369345103,0,0.944832460947958
da-test-000942,0,0.0031081042586128048,0,0.944832460947958
da-test-000943,1,0.7788087890238311,0,0.944832460947958
da-test-000944,0,0.0031747544478796267,0,0.944832460947958
da-test-000945,0,0.0023872543008897794,0,0.944832460947958
da-test-000946,0,0.00276076860545238,0,0.944832460947958
da-test-000947,0,0.0005552318177080627,0,0.944832460947958
da-test-000948,0,0.05605282125935666,0,0.944832460947958
da-test-000949,0,0.002173227200796135,0,0.944832460947958
da-test-000950,0,0.0009653534679326203,0,0.944832460947958
da-test-000951,0,0.0003970135583702405,0,0.944832460947958
da-test-000952,0,0.0026892955016470156,0,0.944832460947958
da-test-000953,0,0.00078751779828122,0,0.944832460947958
da-test-000954,0,0.007361782008688715,0,0.944832460947958
da-test-000955,0,0.005687472568303249,0,0.944832460947958
da-test-000956,1,0.4662492595794391,0,0.944832460947958
da-test-000957,0,0.001075580601942842,0,0.944832460947958
da-test-000958,0,0.0018087524130453957,0,0.944832460947958
da-test-000959,0,0.0006861034822014683,0,0.944832460947958
da-test-000960,0,0.0003574400587271235,0,0.944832460947958
da-test-000961,0,0.0012822665596744817,0,0.944832460947958
da-test-000962,0,0.0035510110699833912,0,0.944832460947958
da-test-000963,0,0.6410076728670071,0,0.944832460947958
da-test-000964,0,0.5180633429354277,0,0.944832460947958
da-test-000965,1,0.9768349496920596,1,0.944832460947958
da-test-000966,0,0.0008022799103918144,0,0.944832460947958
da-test-000967,0,0.0010385930134422963,0,0.944832460947958
da-test-000968,0,0.001669049776842181,0,0.944832460947958
da-test-000969,1,0.9612975860790863,1,0.944832460947958
da-test-000970,0,0.00044071059792648147,0,0.944832460947958
da-test-000971,1,0.9893184230795582,1,0.944832460947958
da-test-000972,0,0.002093132039820137,0,0.944832460947958
da-test-000973,0,0.0053654112960155554,0,0.944832460947958
da-test-000974,0,0.0006966742165158467,0,0.944832460947958
da-test-000975,0,0.0030096389770029185,0,0.944832460947958
da-test-000976,0,0.0004247124415996982,0,0.944832460947958
da-test-000977,0,0.0007218731515262029,0,0.944832460947958
da-test-000978,0,0.0005481086253896751,0,0.944832460947958
da-test-000979,0,0.001897696304790552,0,0.944832460947958
da-test-000980,0,0.003824352395280473,0,0.944832460947958
da-test-000981,0,0.0014635918404271799,0,0.944832460947958
da-test-000982,0,0.000440994123623482,0,0.944832460947958
da-test-000983,0,0.0017418653112398392,0,0.944832460947958
da-test-000984,0,0.0014622429926219901,0,0.944832460947958
da-test-000985,0,0.0008970718169873516,0,0.944832460947958
da-test-000986,1,0.9660879452672345,1,0.944832460947958
da-test-000987,0,0.0039522494649638674,0,0.944832460947958
da-test-000988,0,0.002081575238002852,0,0.944832460947958
da-test-000989,0,0.0002555957671396283,0,0.944832460947958
da-test-000990,0,0.0015226102736157184,0,0.944832460947958
da-test-000991,0,0.0003678583050176834,0,0.944832460947958
da-test-000992,0,0.00100196229688294,0,0.944832460947958
da-test-000993,0,0.0006802195591375967,0,0.944832460947958
da-test-000994,0,0.003651064771927317,0,0.944832460947958
da-test-000995,0,0.004191383131325828,0,0.944832460947958
da-test-000996,0,0.0013302952299508596,0,0.944832460947958
da-test-000997,1,0.1381094857689402,0,0.944832460947958
da-test-000998,1,0.951598853357832,1,0.944832460947958
da-test-000999,0,0.0019708458222801395,0,0.944832460947958
da-test-001000,0,0.0010553040957839814,0,0.944832460947958
da-test-001001,0,0.000710544978127127,0,0.944832460947958
da-test-001002,0,0.0010695613100560456,0,0.944832460947958
da-test-001003,0,0.0018543280689410553,0,0.944832460947958
da-test-001004,0,0.0019545266136564553,0,0.944832460947958
da-test-001005,0,0.010083327945382605,0,0.944832460947958
da-test-001006,0,0.2078915375155589,0,0.944832460947958
da-test-001007,0,0.0003457377227257595,0,0.944832460947958
da-test-001008,1,0.9702837319758248,1,0.944832460947958
da-test-001009,0,0.0016209503658146081,0,0.944832460947958
da-test-001010,0,0.002406095874974531,0,0.944832460947958
da-test-001011,0,0.004058058936823331,0,0.944832460947958
da-test-001012,0,0.0010785346435844977,0,0.944832460947958
da-test-001013,0,0.0055845060370106475,0,0.944832460947958
da-test-001014,1,0.9700941291323124,1,0.944832460947958
da-test-001015,0,0.005662012185398672,0,0.944832460947958
da-test-001016,0,0.0016221677932612998,0,0.944832460947958
da-test-001017,0,0.0009312943505275066,0,0.944832460947958
da-test-001018,0,0.0021693134474843746,0,0.944832460947958
da-test-001019,1,0.9461658879653666,1,0.944832460947958
da-test-001020,0,0.003622699000312095,0,0.944832460947958
da-test-001021,0,0.8996928113746533,0,0.944832460947958
da-test-001022,0,0.0008391295918788122,0,0.944832460947958
da-test-001023,0,0.0005300830137738895,0,0.944832460947958
da-test-001024,0,0.015967705712693302,0,0.944832460947958
da-test-001025,0,0.0007663044654248694,0,0.944832460947958
da-test-001026,1,0.9508776735553102,1,0.944832460947958
da-test-001027,0,0.0014578414997394728,0,0.944832460947958
da-test-001028,0,0.0005707096076817595,0,0.944832460947958
da-test-001029,0,0.0012939119715742833,0,0.944832460947958
da-test-001030,0,0.0018937737224356448,0,0.944832460947958
da-test-001031,0,0.0006851013795819028,0,0.944832460947958
da-test-001032,1,0.9457225580384088,1,0.944832460947958
da-test-001033,0,0.004345152712124522,0,0.944832460947958
da-test-001034,0,0.0007753387751864398,0,0.944832460947958
da-test-001035,1,0.9604327678768214,1,0.944832460947958
da-test-001036,0,0.004713374311591651,0,0.944832460947958
da-test-001037,0,0.002805257747534402,0,0.944832460947958
da-test-001038,0,0.0038178958717654176,0,0.944832460947958
da-test-001039,0,0.00041364967967397534,0,0.944832460947958
da-test-001040,0,0.0008605891790259081,0,0.944832460947958
da-test-001041,0,0.010313914108632966,0,0.944832460947958
da-test-001042,1,0.9881526560537319,1,0.944832460947958
da-test-001043,1,0.9788771420470508,1,0.944832460947958
da-test-001044,0,0.002745413924556092,0,0.944832460947958
da-test-001045,0,0.0006728797280176473,0,0.944832460947958
da-test-001046,0,0.0014402183947490794,0,0.944832460947958
da-test-001047,0,0.0010813371169747844,0,0.944832460947958
da-test-001048,0,0.0006144016205455815,0,0.944832460947958
da-test-001049,0,0.001746551341262183,0,0.944832460947958
da-test-001050,0,0.0031104388541873364,0,0.944832460947958
da-test-001051,1,0.9526329047614696,1,0.944832460947958
da-test-001052,0,0.0016394960714278706,0,0.944832460947958
da-test-001053,0,0.002448794634065823,0,0.944832460947958
da-test-001054,1,0.8822450383393157,0,0.944832460947958
da-test-001055,0,0.0005274415168989062,0,0.944832460947958
da-test-001056,0,0.001846249095395015,0,0.944832460947958
da-test-001057,0,0.0017729231572461263,0,0.944832460947958
da-test-001058,0,0.00728032096898441,0,0.944832460947958
da-test-001059,0,0.001289826200725934,0,0.944832460947958
da-test-001060,1,0.8933330679862825,0,0.944832460947958
da-test-001061,0,0.0030517271828242555,0,0.944832460947958
da-test-001062,0,0.0009954165357936408,0,0.944832460947958
da-test-001063,0,0.0009496184484890375,0,0.944832460947958
da-test-001064,0,0.23609159989852546,0,0.944832460947958
da-test-001065,0,0.0006477781843027348,0,0.944832460947958
da-test-001066,0,0.007952464760958903,0,0.944832460947958
da-test-001067,0,0.0007126534339238406,0,0.944832460947958
da-test-001068,1,0.9555434845116193,1,0.944832460947958
da-test-001069,0,0.002021334222872513,0,0.944832460947958
da-test-001070,0,0.0019423550166428381,0,0.944832460947958
da-test-001071,0,0.0030696568991687894,0,0.944832460947958
da-test-001072,0,0.0009502431544142619,0,0.944832460947958
da-test-001073,0,0.022668735392433352,0,0.944832460947958
da-test-001074,0,0.8285798551777558,0,0.944832460947958
da-test-001075,0,0.0013441344417266683,0,0.944832460947958
da-test-001076,0,0.0008831488547094934,0,0.944832460947958
da-test-001077,0,0.00048459454280086917,0,0.944832460947958
da-test-001078,1,0.9621212584182418,1,0.944832460947958
da-test-001079,0,0.0003357420341269519,0,0.944832460947958
da-test-001080,0,0.6157361158062236,0,0.944832460947958
da-test-001081,0,0.0005742179127050727,0,0.944832460947958
da-test-001082,0,0.006574922252783592,0,0.944832460947958
da-test-001083,1,0.9712786496186626,1,0.944832460947958
da-test-001084,0,0.004317056691432377,0,0.944832460947958
da-test-001085,0,0.0017769260078321452,0,0.944832460947958
da-test-001086,0,0.00019225507193198406,0,0.944832460947958
da-test-001087,0,0.001833586703131392,0,0.944832460947958
da-test-001088,0,0.0014631224122186495,0,0.944832460947958
da-test-001089,0,0.0014878299444623664,0,0.944832460947958
da-test-001090,1,0.8306331524150247,0,0.944832460947958
da-test-001091,1,0.9547488734794697,1,0.944832460947958
da-test-001092,0,0.09838913427135877,0,0.944832460947958
da-test-001093,0,0.0010747652312287574,0,0.944832460947958
da-test-001094,0,0.006811834006435562,0,0.944832460947958
da-test-001095,0,0.0009169593024816768,0,0.944832460947958
da-test-001096,0,0.0012626439797381365,0,0.944832460947958
da-test-001097,0,0.0005713927121446075,0,0.944832460947958
da-test-001098,0,0.000326081594084757,0,0.944832460947958
da-test-001099,0,0.0009846434576989054,0,0.944832460947958
da-test-001100,1,0.9893184230795582,1,0.944832460947958
da-test-001101,0,0.0015580528858923273,0,0.944832460947958
da-test-001102,0,0.007388911415305902,0,0.944832460947958
da-test-001103,0,0.004366728840990092,0,0.944832460947958
da-test-001104,0,0.0006763113033384165,0,0.944832460947958
da-test-001105,0,0.0013665133943276016,0,0.944832460947958
da-test-001106,0,0.00452138094661894,0,0.944832460947958
da-test-001107,1,0.9699020993966018,1,0.944832460947958
da-test-001108,0,0.0009155052745008503,0,0.944832460947958
da-test-001109,0,0.0015326886729823395,0,0.944832460947958
da-test-001110,0,0.0017190210411670004,0,0.944832460947958
da-test-001111,0,0.06992256497282714,0,0.944832460947958
da-test-001112,0,0.0007722936299344695,0,0.944832460947958
da-test-001113,0,0.002865884078056532,0,0.944832460947958
da-test-001114,0,0.003099032886188672,0,0.944832460947958
da-test-001115,0,0.0011325530073667985,0,0.944832460947958
da-test-001116,0,0.025236582100520932,0,0.944832460947958
da-test-001117,0,0.0026345776335565535,0,0.944832460947958
da-test-001118,0,0.001083582104577881,0,0.944832460947958
da-test-001119,0,0.0005322475849256307,0,0.944832460947958
da-test-001120,0,0.00023933069213234135,0,0.944832460947958
da-test-001121,1,0.9893184230795582,1,0.944832460947958
da-test-001122,0,0.0012596034694910012,0,0.944832460947958
da-test-001123,0,0.0008674607556732242,0,0.944832460947958
da-test-001124,0,0.0002742175604696962,0,0.944832460947958
da-test-001125,1,0.9670594339760746,1,0.944832460947958
da-test-001126,0,0.002813341723999863,0,0.944832460947958
da-test-001127,0,0.004643613756468997,0,0.944832460947958
da-test-001128,0,0.9873169556089452,1,0.944832460947958
da-test-001129,0,0.004851834949978362,0,0.944832460947958
da-test-001130,0,0.00039240077422308955,0,0.944832460947958
da-test-001131,0,0.0003443299880290166,0,0.944832460947958
da-test-001132,0,0.0012864853582006276,0,0.944832460947958
da-test-001133,0,0.008432742271713149,0,0.944832460947958
da-test-001134,0,0.0005556124320542138,0,0.944832460947958
da-test-001135,0,0.0007452618156214472,0,0.944832460947958
da-test-001136,0,0.003342626131622893,0,0.944832460947958
da-test-001137,0,0.0016771078825941388,0,0.944832460947958
da-test-001138,1,0.991060113803688,1,0.944832460947958
da-test-001139,0,0.0005018303027198919,0,0.944832460947958
da-test-001140,1,0.9768605117189576,1,0.944832460947958
da-test-001141,0,0.0023434578756792437,0,0.944832460947958
da-test-001142,0,0.0003038159058699242,0,0.944832460947958
da-test-001143,0,0.00046808592737016165,0,0.944832460947958
da-test-001144,0,0.0009655741409132105,0,0.944832460947958
da-test-001145,0,0.00028609711355507156,0,0.944832460947958
da-test-001146,1,0.9643816116430692,1,0.944832460947958
da-test-001147,0,0.0011026967509691662,0,0.944832460947958
da-test-001148,0,0.26916067235370594,0,0.944832460947958
da-test-001149,0,0.0010502368525157496,0,0.944832460947958
da-test-001150,0,0.0009213514691642217,0,0.944832460947958
da-test-001151,0,0.0036503246628572968,0,0.944832460947958
da-test-001152,1,0.9626229515066521,1,0.944832460947958
da-test-001153,0,0.0029418883456549683,0,0.944832460947958
da-test-001154,1,0.9230941805024483,0,0.944832460947958
da-test-001155,0,0.00032844198487832447,0,0.944832460947958
da-test-001156,0,0.0011011143820337569,0,0.944832460947958
da-test-001157,0,0.0009842806683745518,0,0.944832460947958
da-test-001158,0,0.0011159568994045263,0,0.944832460947958
da-test-001159,1,0.9709310046736688,1,0.944832460947958
da-test-001160,0,0.008273542913661423,0,0.944832460947958
da-test-001161,0,0.0009517701517699244,0,0.944832460947958
da-test-001162,0,0.003765104638958105,0,0.944832460947958
da-test-001163,0,0.005105335162681315,0,0.944832460947958
da-test-001164,0,0.0017018579448967802,0,0.944832460947958
da-test-001165,0,0.0019424560428801545,0,0.944832460947958
da-test-001166,0,0.002656044171510213,0,0.944832460947958
da-test-001167,0,0.0007681543245946894,0,0.944832460947958
da-test-001168,0,0.0003431557543432062,0,0.944832460947958
da-test-001169,1,0.9796557917920448,1,0.944832460947958
da-test-001170,0,0.001393521343275615,0,0.944832460947958
da-test-001171,0,0.0007102818614582974,0,0.944832460947958
da-test-001172,0,0.8529351444873359,0,0.944832460947958
da-test-001173,1,0.8951259730158845,0,0.944832460947958
da-test-001174,0,0.0011600989187588752,0,0.944832460947958
da-test-001175,1,0.9667689040483826,1,0.944832460947958
da-test-001176,0,0.0012183887798793108,0,0.944832460947958
da-test-001177,0,0.7969304694740366,0,0.944832460947958
da-test-001178,0,0.0019922746011820647,0,0.944832460947958
da-test-001179,0,0.0022137790711295228,0,0.944832460947958
da-test-001180,0,0.003776682158139817,0,0.944832460947958
da-test-001181,0,0.002606105867069846,0,0.944832460947958
da-test-001182,0,0.0016160195995449638,0,0.944832460947958
da-test-001183,0,0.002863409787485889,0,0.944832460947958
da-test-001184,0,0.6175426185378569,0,0.944832460947958
da-test-001185,0,0.0018657942967280157,0,0.944832460947958
da-test-001186,0,0.9329433932575832,0,0.944832460947958
da-test-001187,0,0.6867317022537837,0,0.944832460947958
da-test-001188,0,0.9341516556478422,0,0.944832460947958
da-test-001189,1,0.964834309257754,1,0.944832460947958
da-test-001190,0,0.0003606780806033638,0,0.944832460947958
da-test-001191,1,0.9651356679329015,1,0.944832460947958
da-test-001192,0,0.00034930173996172985,0,0.944832460947958
da-test-001193,0,0.000863339402932017,0,0.944832460947958
da-test-001194,0,0.0012013022444159,0,0.944832460947958
da-test-001195,0,0.01840938546513328,0,0.944832460947958
da-test-001196,0,0.0015281735906200274,0,0.944832460947958
da-test-001197,0,0.005370524729717366,0,0.944832460947958
da-test-001198,1,0.9626229515066521,1,0.944832460947958
da-test-001199,0,0.000980991828977592,0,0.944832460947958
da-test-001200,0,0.0014243947472101705,0,0.944832460947958
da-test-001201,0,0.0008356193558389641,0,0.944832460947958
da-test-001202,0,0.0021125749984126224,0,0.944832460947958
da-test-001203,0,0.0023311536147012264,0,0.944832460947958
da-test-001204,0,0.0015226864047211048,0,0.944832460947958
da-test-001205,0,0.0015161591312601952,0,0.944832460947958
da-test-001206,0,0.0029306965153104696,0,0.944832460947958
da-test-001207,0,0.7966206645325838,0,0.944832460947958
da-test-001208,0,0.002623411204125039,0,0.944832460947958
da-test-001209,0,0.0026546290854074206,0,0.944832460947958
da-test-001210,0,0.000444040330644273,0,0.944832460947958
da-test-001211,0,0.0009272034071661833,0,0.944832460947958
da-test-001212,0,0.0024392773607179517,0,0.944832460947958
da-test-001213,0,0.003503992101307457,0,0.944832460947958
da-test-001214,1,0.9849992358439045,1,0.944832460947958
da-test-001215,0,0.0007367687808615942,0,0.944832460947958
da-test-001216,0,0.001313616658023493,0,0.944832460947958
da-test-001217,0,0.006931796109160087,0,0.944832460947958
da-test-001218,0,0.0009520187564769491,0,0.944832460947958
da-test-001219,0,0.0024999415068228397,0,0.944832460947958
da-test-001220,0,0.0003141195753877795,0,0.944832460947958
da-test-001221,0,0.0012578206158168266,0,0.944832460947958
da-test-001222,0,0.0025645362966969227,0,0.944832460947958
da-test-001223,1,0.9742701115811775,1,0.944832460947958
da-test-001224,1,0.9893184230795582,1,0.944832460947958
da-test-001225,0,0.00045408280659575955,0,0.944832460947958
da-test-001226,0,0.0008250158237245183,0,0.944832460947958
da-test-001227,0,0.0009184169499920083,0,0.944832460947958
da-test-001228,0,0.0013687183200851195,0,0.944832460947958
da-test-001229,1,0.973589175878004,1,0.944832460947958
da-test-001230,0,0.0005643828571532338,0,0.944832460947958
da-test-001231,0,0.003045175743465422,0,0.944832460947958
da-test-001232,0,0.0021285350318250556,0,0.944832460947958
da-test-001233,0,0.0029070979731686763,0,0.944832460947958
da-test-001234,0,0.0016508016577070602,0,0.944832460947958
da-test-001235,0,0.001912461897869275,0,0.944832460947958
da-test-001236,0,0.0007906796870721714,0,0.944832460947958
da-test-001237,0,0.0011802150200000928,0,0.944832460947958
da-test-001238,0,0.0006668063932006456,0,0.944832460947958
da-test-001239,1,0.7048358809094598,0,0.944832460947958
da-test-001240,0,0.00032093854390772533,0,0.944832460947958
da-test-001241,0,0.04458790868092269,0,0.944832460947958
da-test-001242,0,0.000765708462700756,0,0.944832460947958
da-test-001243,0,0.0014959800012906998,0,0.944832460947958
da-test-001244,1,0.9626229515066521,1,0.944832460947958
da-test-001245,0,0.0012770346044944888,0,0.944832460947958
da-test-001246,0,0.002090834548745078,0,0.944832460947958
da-test-001247,0,0.3280218891758412,0,0.944832460947958
da-test-001248,0,0.0002980313426963105,0,0.944832460947958
da-test-001249,0,0.0003935627276464719,0,0.944832460947958
da-test-001250,0,0.0003230825713089464,0,0.944832460947958
da-test-001251,0,0.0005374644362251675,0,0.944832460947958
da-test-001252,0,0.0056598111812425555,0,0.944832460947958
da-test-001253,0,0.001468466922033502,0,0.944832460947958
da-test-001254,0,0.0005178490826567625,0,0.944832460947958
da-test-001255,0,0.0014500048083194049,0,0.944832460947958
da-test-001256,0,0.001949532318800824,0,0.944832460947958
da-test-001257,0,0.0012854937287173956,0,0.944832460947958
da-test-001258,0,0.000527110926144781,0,0.944832460947958
da-test-001259,0,0.0006415336180394581,0,0.944832460947958
da-test-001260,0,0.0016609389564568836,0,0.944832460947958
da-test-001261,0,0.00789900697931343,0,0.944832460947958
da-test-001262,0,0.0010587530102460338,0,0.944832460947958
da-test-001263,0,0.0006960140313574191,0,0.944832460947958
da-test-001264,0,0.0017636729820829661,0,0.944832460947958
da-test-001265,0,0.00042796309062379407,0,0.944832460947958
da-test-001266,0,0.0008292445461341558,0,0.944832460947958
da-test-001267,1,0.9893184230795582,1,0.944832460947958
da-test-001268,0,0.021103916242927276,0,0.944832460947958
da-test-001269,0,0.0010480560809702664,0,0.944832460947958
da-test-001270,0,0.018099125037671304,0,0.944832460947958
da-test-001271,0,0.002616135223421434,0,0.944832460947958
da-test-001272,0,0.002808613919358204,0,0.944832460947958
da-test-001273,0,0.0008225152749320549,0,0.944832460947958
da-test-001274,0,0.0006234657226882885,0,0.944832460947958
da-test-001275,0,0.0011465761624514124,0,0.944832460947958
da-test-001276,0,0.0006994489771711136,0,0.944832460947958
da-test-001277,0,0.003250322526728537,0,0.944832460947958
da-test-001278,0,0.014385390282777494,0,0.944832460947958
da-test-001279,0,0.007142459737976037,0,0.944832460947958
da-test-001280,0,0.00106635220718421,0,0.944832460947958
da-test-001281,1,0.9735879531363975,1,0.944832460947958
da-test-001282,0,0.0011925537850897756,0,0.944832460947958
da-test-001283,1,0.9626229515066521,1,0.944832460947958
da-test-001284,0,0.0020227085385869635,0,0.944832460947958
da-test-001285,0,0.007768372239511528,0,0.944832460947958
da-test-001286,1,0.9893184230795582,1,0.944832460947958
da-test-001287,0,0.0013494669064332942,0,0.944832460947958
da-test-001288,0,0.0008100675819084861,0,0.944832460947958
da-test-001289,0,0.017392170118054908,0,0.944832460947958
da-test-001290,0,0.00023676952785332012,0,0.944832460947958
da-test-001291,0,0.0017807954831836575,0,0.944832460947958
da-test-001292,0,0.04834208205533622,0,0.944832460947958
da-test-001293,0,0.026995883028404194,0,0.944832460947958
da-test-001294,0,0.0002977953354993238,0,0.944832460947958
da-test-001295,0,0.001098303817960302,0,0.944832460947958
da-test-001296,0,0.0004371194278591093,0,0.944832460947958
da-test-001297,0,0.9893184230795582,1,0.944832460947958
da-test-001298,0,0.0030823637500830454,0,0.944832460947958
da-test-001299,0,0.002538438190037799,0,0.944832460947958
da-test-001300,0,0.004799652204152956,0,0.944832460947958
da-test-001301,0,0.0021384056673617825,0,0.944832460947958
da-test-001302,0,0.0019356891980776263,0,0.944832460947958
da-test-001303,0,0.0016909517736694274,0,0.944832460947958
da-test-001304,0,0.0010031334954539234,0,0.944832460947958
da-test-001305,0,0.0011312427903498524,0,0.944832460947958
da-test-001306,0,0.006766695154869893,0,0.944832460947958
da-test-001307,0,0.0004554521718641941,0,0.944832460947958
da-test-001308,0,0.0012618861655572875,0,0.944832460947958
da-test-001309,0,0.3050328242357451,0,0.944832460947958
da-test-001310,0,0.004145836838829062,0,0.944832460947958
da-test-001311,1,0.973589175878004,1,0.944832460947958
da-test-001312,0,0.00192255463168124,0,0.944832460947958
da-test-001313,0,0.0019722922685371015,0,0.944832460947958
da-test-001314,0,0.001444487853021218,0,0.944832460947958
da-test-001315,0,0.000887872888748472,0,0.944832460947958
da-test-001316,0,0.0014432171886543488,0,0.944832460947958
da-test-001317,1,0.950807934929606,1,0.944832460947958
da-test-001318,0,0.0019669174252030974,0,0.944832460947958
da-test-001319,0,0.001456403981736969,0,0.944832460947958
da-test-001320,0,0.0002484422576058937,0,0.944832460947958
da-test-001321,0,0.0008599649986457176,0,0.944832460947958
da-test-001322,0,0.0005080075026371802,0,0.944832460947958
da-test-001323,1,0.9735746876227513,1,0.944832460947958
da-test-001324,1,0.9626229515066521,1,0.944832460947958
da-test-001325,0,0.26884296153364573,0,0.944832460947958
da-test-001326,1,0.973589175878004,1,0.944832460947958
da-test-001327,0,0.0010237324643347415,0,0.944832460947958
da-test-001328,0,0.0016553152168626588,0,0.944832460947958
da-test-001329,1,0.9793719910989716,1,0.944832460947958
da-test-001330,0,0.0024312236950845734,0,0.944832460947958
da-test-001331,1,0.9726208105645364,1,0.944832460947958
da-test-001332,0,0.003683052499624526,0,0.944832460947958
da-test-001333,0,0.002274292604881586,0,0.944832460947958
da-test-001334,0,0.000717122756876629,0,0.944832460947958
da-test-001335,0,0.0015173462318146364,0,0.944832460947958
da-test-001336,1,0.9893184230795582,1,0.944832460947958
da-test-001337,1,0.9770840298692883,1,0.944832460947958
da-test-001338,0,0.00420096974556003,0,0.944832460947958
da-test-001339,0,0.001991403767122913,0,0.944832460947958
da-test-001340,1,0.9896475259853958,1,0.944832460947958
da-test-001341,1,0.9798428639298732,1,0.944832460947958
da-test-001342,0,0.0015001265341828753,0,0.944832460947958
da-test-001343,0,0.0017823241440586173,0,0.944832460947958
da-test-001344,1,0.9693346857655676,1,0.944832460947958
da-test-001345,0,0.0005755485406146972,0,0.944832460947958
da-test-001346,0,0.0012501386268985062,0,0.944832460947958
da-test-001347,0,0.0033295161792552563,0,0.944832460947958
da-test-001348,0,0.0007047589103713137,0,0.944832460947958
da-test-001349,0,0.0014128082958699696,0,0.944832460947958
da-test-001350,1,0.9884401425606314,1,0.944832460947958
da-test-001351,0,0.0007502890162206348,0,0.944832460947958
da-test-001352,0,0.001145401569943673,0,0.944832460947958
da-test-001353,0,0.0026281600363783986,0,0.944832460947958
da-test-001354,0,0.001218407905751447,0,0.944832460947958
da-test-001355,0,0.0004641007829293448,0,0.944832460947958
da-test-001356,0,0.004134761078821088,0,0.944832460947958
da-test-001357,0,0.0014111935649485717,0,0.944832460947958
da-test-001358,0,0.02688056444625645,0,0.944832460947958
da-test-001359,0,0.0014539847471773356,0,0.944832460947958
da-test-001360,0,0.00034734596108360375,0,0.944832460947958
da-test-001361,0,0.0003032637524369244,0,0.944832460947958
da-test-001362,0,0.0015045096077013964,0,0.944832460947958
da-test-001363,0,0.00036419163783656567,0,0.944832460947958
da-test-001364,0,0.012085194753626127,0,0.944832460947958
da-test-001365,0,0.0015155483118699147,0,0.944832460947958
da-test-001366,0,0.03768354019357966,0,0.944832460947958
da-test-001367,1,0.9735879531363975,1,0.944832460947958
da-test-001368,0,0.0019813272175832866,0,0.944832460947958
da-test-001369,0,0.003476479433603597,0,0.944832460947958
da-test-001370,0,0.0010268958790872024,0,0.944832460947958
da-test-001371,0,0.001012520521394753,0,0.944832460947958
da-test-001372,0,0.0004784130082042716,0,0.944832460947958
da-test-001373,0,0.001351519590030773,0,0.944832460947958
da-test-001374,0,0.0017624275702858348,0,0.944832460947958
da-test-001375,0,0.0022568404318002214,0,0.944832460947958
da-test-001376,0,0.0003606780806033638,0,0.944832460947958
da-test-001377,0,0.01357356115827121,0,0.944832460947958
da-test-001378,1,0.9691170007970561,1,0.944832460947958
da-test-001379,0,0.0037945229577380094,0,0.944832460947958
da-test-001380,0,0.0009647337561705968,0,0.944832460947958
da-test-001381,0,0.001860960875411386,0,0.944832460947958
da-test-001382,0,0.001105950188743837,0,0.944832460947958
da-test-001383,0,0.001376723727909693,0,0.944832460947958
da-test-001384,0,0.0020497465227935717,0,0.944832460947958
da-test-001385,0,0.002659505899378819,0,0.944832460947958
da-test-001386,0,0.0009587081107575655,0,0.944832460947958
da-test-001387,0,0.0007298541677837245,0,0.944832460947958
da-test-001388,1,0.9555887502950348,1,0.944832460947958
da-test-001389,0,0.0007192515741248359,0,0.944832460947958
da-test-001390,0,0.000990389935662615,0,0.944832460947958
da-test-001391,0,0.004665102508764038,0,0.944832460947958
da-test-001392,0,0.007976616153880572,0,0.944832460947958
da-test-001393,0,0.7673572517845094,0,0.944832460947958
da-test-001394,0,0.00378282888521969,0,0.944832460947958
da-test-001395,0,0.0008790585460692963,0,0.944832460947958
da-test-001396,0,0.0006797196062136154,0,0.944832460947958
da-test-001397,0,0.0008907761986617477,0,0.944832460947958
da-test-001398,0,0.0009250685285850602,0,0.944832460947958
da-test-001399,1,0.9777525942012397,1,0.944832460947958
da-test-001400,1,0.9735879531363975,1,0.944832460947958
da-test-001401,0,0.003988863488103797,0,0.944832460947958
da-test-001402,0,0.0029509152358559282,0,0.944832460947958
da-test-001403,0,0.0004383323668328192,0,0.944832460947958
da-test-001404,0,0.002307632140613224,0,0.944832460947958
da-test-001405,0,0.00029480206644265367,0,0.944832460947958
da-test-001406,0,0.001811377236107437,0,0.944832460947958
da-test-001407,0,0.0012900864926854983,0,0.944832460947958
da-test-001408,0,0.0005396462701775741,0,0.944832460947958
da-test-001409,0,0.004101316482969579,0,0.944832460947958
da-test-001410,0,0.009050999262585952,0,0.944832460947958
da-test-001411,0,0.005999940294608146,0,0.944832460947958
da-test-001412,0,0.0008923829436985114,0,0.944832460947958
da-test-001413,0,0.008658195605129308,0,0.944832460947958
da-test-001414,0,0.0023297837177677916,0,0.944832460947958
da-test-001415,0,0.004482680725204422,0,0.944832460947958
da-test-001416,1,0.971831161453919,1,0.944832460947958
da-test-001417,0,0.0030006748754691026,0,0.944832460947958
da-test-001418,0,0.0006226725651857483,0,0.944832460947958
da-test-001419,0,0.0013230340990868,0,0.944832460947958
da-test-001420,0,0.0024235011972887684,0,0.944832460947958
da-test-001421,1,0.9893923298673175,1,0.944832460947958
da-test-001422,0,0.9518089270190441,1,0.944832460947958
da-test-001423,0,0.0024287492028864004,0,0.944832460947958
da-test-001424,0,0.0007308610265831507,0,0.944832460947958
da-test-001425,0,0.6254072574200802,0,0.944832460947958
da-test-001426,0,0.8405025790804673,0,0.944832460947958
da-test-001427,1,0.9666302811838845,1,0.944832460947958
da-test-001428,1,0.9622533186506249,1,0.944832460947958
da-test-001429,0,0.0005520900820734949,0,0.944832460947958
da-test-001430,0,0.00037393088327058755,0,0.944832460947958
da-test-001431,0,0.00042726918470733073,0,0.944832460947958
da-test-001432,0,0.0012287550024379645,0,0.944832460947958
da-test-001433,0,0.0021518242755489943,0,0.944832460947958
da-test-001434,0,0.0007594344884105022,0,0.944832460947958
da-test-001435,1,0.9893184230795582,1,0.944832460947958
da-test-001436,0,0.001520237262594073,0,0.944832460947958
da-test-001437,0,0.000459106148018101,0,0.944832460947958
da-test-001438,0,0.0037711006761966246,0,0.944832460947958
da-test-001439,0,0.0008697375259371008,0,0.944832460947958
da-test-001440,0,0.0010295963971086288,0,0.944832460947958
da-test-001441,0,0.0015825462397227636,0,0.944832460947958
da-test-001442,0,0.00044306246996671033,0,0.944832460947958
da-test-001443,0,0.0010704741674683995,0,0.944832460947958
da-test-001444,0,0.02272194873386779,0,0.944832460947958
da-test-001445,0,0.003636841899416737,0,0.944832460947958
da-test-001446,0,0.003675846327294294,0,0.944832460947958
da-test-001447,1,0.8954983897230507,0,0.944832460947958
da-test-001448,0,0.00492645492784041,0,0.944832460947958
da-test-001449,0,0.0021430069224713686,0,0.944832460947958
da-test-001450,0,0.0014440866465891768,0,0.944832460947958
da-test-001451,0,0.001965710515146021,0,0.944832460947958
da-test-001452,1,0.9652294076702495,1,0.944832460947958
da-test-001453,0,0.003050725549370676,0,0.944832460947958
da-test-001454,0,0.002309906723636138,0,0.944832460947958
da-test-001455,1,0.9518593406254924,1,0.944832460947958
da-test-001456,0,0.0005573885448782403,0,0.944832460947958
da-test-001457,1,0.909749397221759,0,0.944832460947958
da-test-001458,0,0.0003365071423043859,0,0.944832460947958
da-test-001459,0,0.001758752400654841,0,0.944832460947958
da-test-001460,0,0.001525425020213194,0,0.944832460947958
da-test-001461,1,0.9829366208529273,1,0.944832460947958
da-test-001462,0,0.003084977201309245,0,0.944832460947958
da-test-001463,0,0.0009844888334501897,0,0.944832460947958
da-test-001464,0,0.008962568806197084,0,0.944832460947958
da-test-001465,0,0.0011365428816133155,0,0.944832460947958
da-test-001466,0,0.0030513380956429274,0,0.944832460947958
da-test-001467,0,0.001460368626670365,0,0.944832460947958
da-test-001468,0,0.002440466358407417,0,0.944832460947958
da-test-001469,1,0.9611669342537218,1,0.944832460947958
da-test-001470,0,0.0015551943141883162,0,0.944832460947958
da-test-001471,0,6.304989153518332e-05,0,0.944832460947958
da-test-001472,0,0.020279503281381357,0,0.944832460947958
da-test-001473,0,0.0007779198535049406,0,0.944832460947958
da-test-001474,0,0.0024112018908912505,0,0.944832460947958
da-test-001475,0,0.001619226156052806,0,0.944832460947958
da-test-001476,0,0.009193053086983835,0,0.944832460947958
da-test-001477,0,0.0014132281334422719,0,0.944832460947958
da-test-001478,1,0.9735879531363975,1,0.944832460947958
da-test-001479,0,0.00340087115779972,0,0.944832460947958
da-test-001480,0,0.0010988334287299047,0,0.944832460947958
da-test-001481,1,0.9613467859036636,1,0.944832460947958
da-test-001482,1,0.9860298626974111,1,0.944832460947958
da-test-001483,0,0.004359074912181863,0,0.944832460947958
da-test-001484,0,0.00046931045577018463,0,0.944832460947958
da-test-001485,0,0.00017389930969183704,0,0.944832460947958
da-test-001486,0,0.0008236171096927838,0,0.944832460947958
da-test-001487,0,0.0006536041878996472,0,0.944832460947958
da-test-001488,1,0.4436531987655101,0,0.944832460947958
da-test-001489,0,0.0008666323321355634,0,0.944832460947958
da-test-001490,0,0.0023927065918160845,0,0.944832460947958
da-test-001491,0,0.0033779059366702635,0,0.944832460947958
da-test-001492,0,0.0008872163753743705,0,0.944832460947958
da-test-001493,0,0.0013754743041229384,0,0.944832460947958
da-test-001494,0,0.0004883158759284644,0,0.944832460947958
da-test-001495,0,0.0009675817821863844,0,0.944832460947958
da-test-001496,0,0.0005121569929489364,0,0.944832460947958
da-test-001497,0,0.006897292371015435,0,0.944832460947958
da-test-001498,0,0.0013584243544416802,0,0.944832460947958
da-test-001499,0,0.010554038451850895,0,0.944832460947958
da-test-001500,0,0.0003956967458946204,0,0.944832460947958
da-test-001501,0,0.004995310672051875,0,0.944832460947958
da-test-001502,0,0.8654304109385863,0,0.944832460947958
da-test-001503,0,0.001555113372827474,0,0.944832460947958
da-test-001504,0,0.04791425466263466,0,0.944832460947958
da-test-001505,0,0.008305314553747448,0,0.944832460947958
da-test-001506,0,0.0009733379637740162,0,0.944832460947958
da-test-001507,0,0.001297824994162126,0,0.944832460947958
da-test-001508,0,0.0008416968482549311,0,0.944832460947958
da-test-001509,0,0.0016610318075013172,0,0.944832460947958
da-test-001510,0,0.002181336911095677,0,0.944832460947958
da-test-001511,1,0.979921575991998,1,0.944832460947958
da-test-001512,0,0.002678931779740089,0,0.944832460947958
da-test-001513,0,0.0014232177882480001,0,0.944832460947958
da-test-001514,0,0.0016759045957255424,0,0.944832460947958
da-test-001515,0,0.9286429945902309,0,0.944832460947958
da-test-001516,0,0.9873169556089452,1,0.944832460947958
da-test-001517,1,0.973589175878004,1,0.944832460947958
da-test-001518,0,0.0004247571238186007,0,0.944832460947958
da-test-001519,0,0.04825555665345481,0,0.944832460947958
da-test-001520,0,0.0011180865702103836,0,0.944832460947958
da-test-001521,0,0.002103982250475653,0,0.944832460947958
da-test-001522,0,0.009871628535990508,0,0.944832460947958
da-test-001523,0,0.008118945034416502,0,0.944832460947958
da-test-001524,0,0.009964925645369414,0,0.944832460947958
da-test-001525,0,0.0015051716904507355,0,0.944832460947958
da-test-001526,0,0.0007746313905475982,0,0.944832460947958
da-test-001527,0,0.0013931702227579013,0,0.944832460947958
da-test-001528,1,0.9690739276776275,1,0.944832460947958
da-test-001529,0,0.0021571017992203186,0,0.944832460947958
da-test-001530,0,0.05260477904521806,0,0.944832460947958
da-test-001531,0,0.005090726055601954,0,0.944832460947958
da-test-001532,0,0.0031312482168486737,0,0.944832460947958
da-test-001533,1,0.9735090434442291,1,0.944832460947958
da-test-001534,0,0.0004954061714426376,0,0.944832460947958
da-test-001535,0,0.0006489514324856375,0,0.944832460947958
da-test-001536,0,0.0006027500729725043,0,0.944832460947958
da-test-001537,0,0.000917525776009189,0,0.944832460947958
da-test-001538,1,0.973589175878004,1,0.944832460947958
da-test-001539,0,0.0025372685107614354,0,0.944832460947958
da-test-001540,1,0.9580190083967183,1,0.944832460947958
da-test-001541,0,0.000639927087811397,0,0.944832460947958
da-test-001542,0,0.00062535202501537,0,0.944832460947958
da-test-001543,0,0.0013205872155673307,0,0.944832460947958
da-test-001544,0,0.0023706228118296605,0,0.944832460947958
da-test-001545,0,0.005518195135323465,0,0.944832460947958
da-test-001546,1,0.9675688179520407,1,0.944832460947958
da-test-001547,0,0.0004965085705760682,0,0.944832460947958
da-test-001548,1,0.9702317960568764,1,0.944832460947958
da-test-001549,0,0.004471490608204815,0,0.944832460947958
da-test-001550,0,0.003250781420168325,0,0.944832460947958
da-test-001551,1,0.9787007149942699,1,0.944832460947958
da-test-001552,0,0.003810142350692002,0,0.944832460947958
da-test-001553,0,0.0005855736166451476,0,0.944832460947958
da-test-001554,0,0.0002399464292574957,0,0.944832460947958
da-test-001555,0,0.002429885732812531,0,0.944832460947958
da-test-001556,0,0.0026825498250404286,0,0.944832460947958
da-test-001557,0,0.002973380276580134,0,0.944832460947958
da-test-001558,0,0.0002856232633953266,0,0.944832460947958
da-test-001559,1,0.9730502058975906,1,0.944832460947958
da-test-001560,0,0.0004892962267475865,0,0.944832460947958
da-test-001561,0,0.008253580700109257,0,0.944832460947958
da-test-001562,0,0.0006934778199725423,0,0.944832460947958
da-test-001563,1,0.9606978481388814,1,0.944832460947958
da-test-001564,0,0.011683768654000738,0,0.944832460947958
da-test-001565,0,0.0010436388785176095,0,0.944832460947958
da-test-001566,0,0.0003056269065174732,0,0.944832460947958
da-test-001567,0,0.001876379735461075,0,0.944832460947958
da-test-001568,0,0.0014205161291595079,0,0.944832460947958
da-test-001569,0,0.0013043297966801157,0,0.944832460947958
da-test-001570,1,0.9626229515066521,1,0.944832460947958
da-test-001571,0,0.0013059795246741536,0,0.944832460947958
da-test-001572,0,0.001765503874292587,0,0.944832460947958
da-test-001573,0,0.0024787502918506414,0,0.944832460947958
da-test-001574,0,0.005832745499315226,0,0.944832460947958
da-test-001575,0,0.0005492656048093507,0,0.944832460947958
da-test-001576,0,0.000708147189619306,0,0.944832460947958
da-test-001577,1,0.960721248367031,1,0.944832460947958
da-test-001578,0,0.00031327673539605907,0,0.944832460947958
da-test-001579,0,0.007349945539029633,0,0.944832460947958
da-test-001580,0,0.0011142660885218895,0,0.944832460947958
da-test-001581,0,0.003760644985003538,0,0.944832460947958
da-test-001582,0,0.002277128007560009,0,0.944832460947958
da-test-001583,1,0.9355921794267221,0,0.944832460947958
da-test-001584,0,0.003779188998783935,0,0.944832460947958
da-test-001585,0,0.01956831155499586,0,0.944832460947958
da-test-001586,0,0.003559228465382674,0,0.944832460947958
da-test-001587,0,0.0020790993979922616,0,0.944832460947958
da-test-001588,0,0.0387192666822882,0,0.944832460947958
da-test-001589,0,0.0017974992031139262,0,0.944832460947958
da-test-001590,0,0.00017368134904518598,0,0.944832460947958
da-test-001591,0,0.010593030298937139,0,0.944832460947958
da-test-001592,0,0.0060631193499436215,0,0.944832460947958
da-test-001593,0,0.0010769129484013034,0,0.944832460947958
da-test-001594,0,0.004957478017876746,0,0.944832460947958
da-test-001595,0,0.0004368142495146453,0,0.944832460947958
da-test-001596,0,0.34306287868468316,0,0.944832460947958
da-test-001597,0,0.004951211594197328,0,0.944832460947958
da-test-001598,1,0.973589175878004,1,0.944832460947958
da-test-001599,0,0.01141469266526507,0,0.944832460947958
da-test-001600,0,0.0012381355113963016,0,0.944832460947958
da-test-001601,0,0.0009812868580154248,0,0.944832460947958
da-test-001602,0,0.9873169556089452,1,0.944832460947958
da-test-001603,0,0.0009787032198133535,0,0.944832460947958
da-test-001604,0,0.002337525744559925,0,0.944832460947958
da-test-001605,1,0.9735879531363975,1,0.944832460947958
da-test-001606,0,0.0025693304656338044,0,0.944832460947958
da-test-001607,0,0.001997071063940863,0,0.944832460947958
da-test-001608,1,0.9626229515066521,1,0.944832460947958
da-test-001609,0,0.0029248720486125352,0,0.944832460947958
da-test-001610,0,0.009447445941682182,0,0.944832460947958
da-test-001611,1,0.11465781666770969,0,0.944832460947958
da-test-001612,0,0.0006427401295528586,0,0.944832460947958
da-test-001613,0,0.03652483405252795,0,0.944832460947958
da-test-001614,0,0.0022232114784625444,0,0.944832460947958
da-test-001615,0,0.0015734373487122995,0,0.944832460947958
da-test-001616,0,0.0008636068647634099,0,0.944832460947958
da-test-001617,0,0.001504673920318099,0,0.944832460947958
da-test-001618,0,0.0037288647427771043,0,0.944832460947958
da-test-001619,1,0.42746984614836975,0,0.944832460947958
da-test-001620,0,0.005797671353063397,0,0.944832460947958
da-test-001621,0,0.0016994687381702385,0,0.944832460947958
da-test-001622,1,0.9656896783078576,1,0.944832460947958
da-test-001623,0,0.011275624385169892,0,0.944832460947958
da-test-001624,0,0.008910877152519495,0,0.944832460947958
da-test-001625,0,0.005657939761843242,0,0.944832460947958
da-test-001626,1,0.20012171469383397,0,0.944832460947958
da-test-001627,0,0.019173587061285663,0,0.944832460947958
da-test-001628,0,0.000550901226589544,0,0.944832460947958
da-test-001629,0,0.023522502056808996,0,0.944832460947958
da-test-001630,0,0.0025130687245924857,0,0.944832460947958
da-test-001631,0,0.0007021620221747833,0,0.944832460947958
da-test-001632,1,0.9682418387214456,1,0.944832460947958
da-test-001633,1,0.9893184230795582,1,0.944832460947958
da-test-001634,0,0.0012686160055113377,0,0.944832460947958
da-test-001635,1,0.9893184230795582,1,0.944832460947958
da-test-001636,0,0.0015762411714887283,0,0.944832460947958
da-test-001637,1,0.9529876276979847,1,0.944832460947958
da-test-001638,0,0.014497599893338776,0,0.944832460947958
da-test-001639,0,0.007902850135558052,0,0.944832460947958
da-test-001640,0,0.001086451549747492,0,0.944832460947958
da-test-001641,0,0.0003377893714382859,0,0.944832460947958
da-test-001642,0,0.0009224895214138219,0,0.944832460947958
da-test-001643,0,0.0014037675705185963,0,0.944832460947958
da-test-001644,0,0.0013354556196282302,0,0.944832460947958
da-test-001645,0,0.0007543996305522316,0,0.944832460947958
da-test-001646,0,0.0008046254451688109,0,0.944832460947958
da-test-001647,1,0.9648003748896672,1,0.944832460947958
da-test-001648,0,0.023434036521569508,0,0.944832460947958
da-test-001649,0,0.0009134983124661478,0,0.944832460947958
da-test-001650,0,0.000656705281360807,0,0.944832460947958
da-test-001651,0,0.0013652852091277873,0,0.944832460947958
da-test-001652,0,0.0013601794949991161,0,0.944832460947958
da-test-001653,0,0.0010628819422312246,0,0.944832460947958
da-test-001654,0,0.007490145388191558,0,0.944832460947958
da-test-001655,0,0.001827025001027679,0,0.944832460947958
da-test-001656,0,0.004766277092858205,0,0.944832460947958
da-test-001657,1,0.9751598390645614,1,0.944832460947958
da-test-001658,0,0.0008205713456129829,0,0.944832460947958
da-test-001659,0,0.004152880139329913,0,0.944832460947958
da-test-001660,0,0.015400377533282522,0,0.944832460947958
da-test-001661,0,0.0022345900323372447,0,0.944832460947958
da-test-001662,0,0.0013628463770277942,0,0.944832460947958
da-test-001663,0,0.0008491602062808284,0,0.944832460947958
da-test-001664,0,0.0026710066799879397,0,0.944832460947958
da-test-001665,0,0.0013097839498051231,0,0.944832460947958
da-test-001666,0,0.0008104633643547014,0,0.944832460947958
da-test-001667,0,0.012565380916379591,0,0.944832460947958
da-test-001668,0,0.003868121076249967,0,0.944832460947958
da-test-001669,1,0.9274898589439946,0,0.944832460947958
da-test-001670,1,0.9733114914777863,1,0.944832460947958
da-test-001671,0,0.0011206014364967434,0,0.944832460947958
da-test-001672,0,0.0018386841821921975,0,0.944832460947958
da-test-001673,0,0.002259897928134502,0,0.944832460947958
da-test-001674,0,0.011797376799554246,0,0.944832460947958
da-test-001675,1,0.3079835799427701,0,0.944832460947958
da-test-001676,0,0.0016334879086482618,0,0.944832460947958
da-test-001677,0,0.0010131507392404325,0,0.944832460947958
da-test-001678,0,0.0031789139424515203,0,0.944832460947958
da-test-001679,0,0.013235210417755518,0,0.944832460947958
da-test-001680,0,0.0012514883752987958,0,0.944832460947958
da-test-001681,0,0.0014375095935313259,0,0.944832460947958
da-test-001682,0,0.017648461994349062,0,0.944832460947958
da-test-001683,1,0.973589175878004,1,0.944832460947958
da-test-001684,1,0.9693211211757355,1,0.944832460947958
da-test-001685,0,0.0007567979127441925,0,0.944832460947958
da-test-001686,0,0.00041689828375702695,0,0.944832460947958
da-test-001687,0,0.0009870381991374968,0,0.944832460947958
da-test-001688,0,0.0017179172825539685,0,0.944832460947958
da-test-001689,1,0.9690370363740864,1,0.944832460947958
da-test-001690,0,0.004317133112275717,0,0.944832460947958
da-test-001691,0,0.0011379779134865413,0,0.944832460947958
da-test-001692,0,0.0013170612889061336,0,0.944832460947958
da-test-001693,1,0.973589175878004,1,0.944832460947958
da-test-001694,0,0.0009738358707178663,0,0.944832460947958
da-test-001695,0,0.7562861240602964,0,0.944832460947958
da-test-001696,0,0.0004453793202596208,0,0.944832460947958
da-test-001697,1,0.9637324420088041,1,0.944832460947958
da-test-001698,0,0.0011596916128486618,0,0.944832460947958
da-test-001699,0,0.003211084953415362,0,0.944832460947958
da-test-001700,0,0.0007945436912238456,0,0.944832460947958
da-test-001701,0,0.0015913245971551128,0,0.944832460947958
da-test-001702,0,0.0005060275018891489,0,0.944832460947958
da-test-001703,0,0.008003090080319311,0,0.944832460947958
da-test-001704,0,0.000712913995098241,0,0.944832460947958
da-test-001705,1,0.9599431110723131,1,0.944832460947958
da-test-001706,0,0.9713453639789914,1,0.944832460947958
da-test-001707,1,0.9661848715636884,1,0.944832460947958
da-test-001708,0,0.002160499886897999,0,0.944832460947958
da-test-001709,0,0.006140218205887269,0,0.944832460947958
da-test-001710,0,0.001459003110060733,0,0.944832460947958
da-test-001711,1,0.9756395915523445,1,0.944832460947958
da-test-001712,0,0.000900957167165732,0,0.944832460947958
da-test-001713,0,0.005002682180732287,0,0.944832460947958
da-test-001714,0,0.004216879329962281,0,0.944832460947958
da-test-001715,0,0.011868210625003449,0,0.944832460947958
da-test-001716,0,0.00045364043822533655,0,0.944832460947958
da-test-001717,0,0.01223657926127365,0,0.944832460947958
da-test-001718,0,0.0006599629022563207,0,0.944832460947958
da-test-001719,0,0.0014564568926092806,0,0.944832460947958
da-test-001720,0,0.0009653585564527356,0,0.944832460947958
da-test-001721,0,0.003147487081688368,0,0.944832460947958
da-test-001722,0,0.014381752143294292,0,0.944832460947958
da-test-001723,0,0.0005278361904843225,0,0.944832460947958
da-test-001724,0,0.32257404267195255,0,0.944832460947958
da-test-001725,0,0.0032399065645644094,0,0.944832460947958
da-test-001726,0,0.014181552464623276,0,0.944832460947958
da-test-001727,0,0.006905697359964483,0,0.944832460947958
da-test-001728,0,0.021674767709983608,0,0.944832460947958
da-test-001729,0,0.23609159989852546,0,0.944832460947958
da-test-001730,1,0.9871603751163047,1,0.944832460947958
da-test-001731,0,0.0003299663443969511,0,0.944832460947958
da-test-001732,0,0.9151262498164009,0,0.944832460947958
da-test-001733,0,0.0033942231051585945,0,0.944832460947958
da-test-001734,0,0.004512210958975852,0,0.944832460947958
da-test-001735,0,0.001927251956806278,0,0.944832460947958
da-test-001736,0,0.0026502460881816766,0,0.944832460947958
da-test-001737,0,0.00032434696220948753,0,0.944832460947958
da-test-001738,0,0.0008936448125190112,0,0.944832460947958
da-test-001739,0,0.0005959133727540763,0,0.944832460947958
da-test-001740,0,0.002116449164301161,0,0.944832460947958
da-test-001741,0,0.00011818552877824758,0,0.944832460947958
da-test-001742,0,0.001919445945152963,0,0.944832460947958
da-test-001743,0,0.0004166112349757317,0,0.944832460947958
da-test-001744,0,0.0004672607046182256,0,0.944832460947958
da-test-001745,1,0.8772337375924342,0,0.944832460947958
da-test-001746,1,0.9735879531363975,1,0.944832460947958
da-test-001747,0,0.012631637764513403,0,0.944832460947958
da-test-001748,0,0.0022599460837556817,0,0.944832460947958
da-test-001749,0,0.001415442680602075,0,0.944832460947958
da-test-001750,0,0.004899252912225742,0,0.944832460947958
da-test-001751,0,0.00023779661682521677,0,0.944832460947958
da-test-001752,1,0.973589175878004,1,0.944832460947958
da-test-001753,0,0.0009580503284211184,0,0.944832460947958
da-test-001754,1,0.9657230991825617,1,0.944832460947958
da-test-001755,0,0.0028664165255692297,0,0.944832460947958
da-test-001756,0,0.6455319359728129,0,0.944832460947958
da-test-001757,0,0.009124514640140205,0,0.944832460947958
da-test-001758,0,0.0005449271985024092,0,0.944832460947958
da-test-001759,0,0.001607359337392601,0,0.944832460947958
da-test-001760,0,0.0008141614529263831,0,0.944832460947958
da-test-001761,1,0.9626229515066521,1,0.944832460947958
da-test-001762,0,0.0013969527085310083,0,0.944832460947958
da-test-001763,1,0.9839207760769924,1,0.944832460947958
da-test-001764,0,0.008431697493217228,0,0.944832460947958
da-test-001765,0,0.002119856303721351,0,0.944832460947958
da-test-001766,0,0.0020468086908603253,0,0.944832460947958
da-test-001767,0,0.0010249719945203317,0,0.944832460947958
da-test-001768,0,0.014767847836933119,0,0.944832460947958
da-test-001769,0,0.002529264685091351,0,0.944832460947958
da-test-001770,1,0.9778390503028862,1,0.944832460947958
da-test-001771,1,0.9626229515066521,1,0.944832460947958
da-test-001772,0,0.0006404782486159893,0,0.944832460947958
da-test-001773,0,0.001365007912620572,0,0.944832460947958
da-test-001774,0,0.0013628976710999764,0,0.944832460947958
da-test-001775,0,0.0004682927492553705,0,0.944832460947958
da-test-001776,1,0.975355897938859,1,0.944832460947958
da-test-001777,0,0.0021098729567121726,0,0.944832460947958
da-test-001778,0,0.0011948164094907887,0,0.944832460947958
da-test-001779,0,0.002287386264977042,0,0.944832460947958
da-test-001780,0,0.0011161318529990547,0,0.944832460947958
da-test-001781,0,0.0017176087182669306,0,0.944832460947958
da-test-001782,0,0.0004273311793048273,0,0.944832460947958
da-test-001783,0,0.0010306864707557337,0,0.944832460947958
da-test-001784,1,0.9772891374433182,1,0.944832460947958
da-test-001785,1,0.962611508059284,1,0.944832460947958
da-test-001786,0,0.0013739537256136493,0,0.944832460947958
da-test-001787,1,0.9722244337750394,1,0.944832460947958
da-test-001788,0,0.011274431616641184,0,0.944832460947958
da-test-001789,0,0.0003821283788787874,0,0.944832460947958
da-test-001790,0,0.007365642469200516,0,0.944832460947958
da-test-001791,0,0.0007979375628637177,0,0.944832460947958
da-test-001792,0,0.0002210145432434094,0,0.944832460947958
da-test-001793,0,0.0015032365192860868,0,0.944832460947958
da-test-001794,0,0.0012874511180889176,0,0.944832460947958
da-test-001795,0,0.0015216909600484498,0,0.944832460947958
da-test-001796,0,0.0037685650577087143,0,0.944832460947958
da-test-001797,0,0.0005272297369512647,0,0.944832460947958
da-test-001798,0,0.0003053866072747761,0,0.944832460947958
da-test-001799,0,0.000627015939333891,0,0.944832460947958
da-test-001800,0,0.00268168765357302,0,0.944832460947958
da-test-001801,1,0.7324425976450047,0,0.944832460947958
da-test-001802,0,0.00362738309680251,0,0.944832460947958
da-test-001803,0,0.0010201832335980337,0,0.944832460947958
da-test-001804,0,0.001678237622872192,0,0.944832460947958
da-test-001805,0,0.0005538701462660455,0,0.944832460947958
da-test-001806,1,0.9757947342497187,1,0.944832460947958
da-test-001807,0,0.0011468050266309204,0,0.944832460947958
da-test-001808,0,0.026766138429887835,0,0.944832460947958
da-test-001809,0,0.0012968077832099419,0,0.944832460947958
da-test-001810,0,0.0004774646080494814,0,0.944832460947958
da-test-001811,0,0.0017680761644581942,0,0.944832460947958
da-test-001812,0,0.0010336719695090456,0,0.944832460947958
da-test-001813,0,0.003140696181589717,0,0.944832460947958
da-test-001814,0,0.0010246361337892269,0,0.944832460947958
da-test-001815,1,0.9694824810503104,1,0.944832460947958
da-test-001816,0,0.16007242357851212,0,0.944832460947958
da-test-001817,0,0.00042927810164444265,0,0.944832460947958
da-test-001818,0,0.00042583144199892904,0,0.944832460947958
da-test-001819,1,0.9893184230795582,1,0.944832460947958
da-test-001820,0,0.0009950701125273757,0,0.944832460947958
da-test-001821,0,0.9506294425522834,1,0.944832460947958
da-test-001822,0,0.0010560461056072746,0,0.944832460947958
da-test-001823,1,0.9683325153577427,1,0.944832460947958
da-test-001824,1,0.973589175878004,1,0.944832460947958
da-test-001825,0,0.0003654854895080748,0,0.944832460947958
da-test-001826,0,0.00091110301420419,0,0.944832460947958
da-test-001827,1,0.9626229515066521,1,0.944832460947958
da-test-001828,0,0.023142271796332613,0,0.944832460947958
da-test-001829,0,0.003448826115206431,0,0.944832460947958
da-test-001830,1,0.9628664877658871,1,0.944832460947958
da-test-001831,0,0.0005169699123047547,0,0.944832460947958
da-test-001832,0,0.0007335968553112655,0,0.944832460947958
da-test-001833,1,0.9749469727542935,1,0.944832460947958
da-test-001834,0,0.01294329616017249,0,0.944832460947958
da-test-001835,0,0.007151200975265356,0,0.944832460947958
da-test-001836,0,0.001895146909296959,0,0.944832460947958
da-test-001837,0,0.009781042671563225,0,0.944832460947958
da-test-001838,0,0.001558540609156495,0,0.944832460947958
da-test-001839,0,0.010870778283425633,0,0.944832460947958
da-test-001840,0,0.0015181064662797847,0,0.944832460947958
da-test-001841,0,0.0012040942275087525,0,0.944832460947958
da-test-001842,0,0.0008592271199784235,0,0.944832460947958
da-test-001843,0,0.0013806239593553223,0,0.944832460947958
da-test-001844,0,0.007230654588589949,0,0.944832460947958
da-test-001845,1,0.9174098463045957,0,0.944832460947958
da-test-001846,0,0.017117461369048584,0,0.944832460947958
da-test-001847,0,0.022863290926266492,0,0.944832460947958
da-test-001848,0,0.0014021690920771417,0,0.944832460947958
da-test-001849,0,0.0010444796178696208,0,0.944832460947958
da-test-001850,0,0.0015884001207131374,0,0.944832460947958
da-test-001851,0,0.0014027784600890128,0,0.944832460947958
da-test-001852,0,0.9873169556089452,1,0.944832460947958
da-test-001853,0,0.0012465370562176243,0,0.944832460947958
da-test-001854,0,0.008413438110758061,0,0.944832460947958
da-test-001855,0,0.00433552899612418,0,0.944832460947958
da-test-001856,1,0.989979441747574,1,0.944832460947958
da-test-001857,0,0.0009342261510547598,0,0.944832460947958
da-test-001858,0,0.0033391758622632055,0,0.944832460947958
da-test-001859,0,0.00042232832087976126,0,0.944832460947958
da-test-001860,1,0.9735879531363975,1,0.944832460947958
da-test-001861,0,0.005556258756698027,0,0.944832460947958
da-test-001862,0,0.0012133798994423731,0,0.944832460947958
da-test-001863,0,0.0019161428663403953,0,0.944832460947958
da-test-001864,0,0.0027472084425054317,0,0.944832460947958
da-test-001865,0,0.6997626020226269,0,0.944832460947958
da-test-001866,0,0.001127169007704158,0,0.944832460947958
da-test-001867,0,0.0011897178678796382,0,0.944832460947958
da-test-001868,1,0.801656055677609,0,0.944832460947958
da-test-001869,0,0.0013076048266294255,0,0.944832460947958
da-test-001870,0,0.9893184230795582,1,0.944832460947958
da-test-001871,0,0.0011450752722799926,0,0.944832460947958
da-test-001872,0,0.0010946528372814863,0,0.944832460947958
da-test-001873,0,0.0007056671823266822,0,0.944832460947958
da-test-001874,1,0.9763453645519289,1,0.944832460947958
da-test-001875,0,0.0008172092924326222,0,0.944832460947958
da-test-001876,0,0.00041976371291188255,0,0.944832460947958
da-test-001877,0,0.0009166801082000975,0,0.944832460947958
da-test-001878,0,0.0007125665950053362,0,0.944832460947958
da-test-001879,0,0.002418506528574313,0,0.944832460947958
da-test-001880,1,0.9893184230795582,1,0.944832460947958
da-test-001881,0,0.0008705483496193227,0,0.944832460947958
da-test-001882,0,0.0037644708964376574,0,0.944832460947958
da-test-001883,0,0.002121466511707555,0,0.944832460947958
da-test-001884,0,0.00047521090010258134,0,0.944832460947958
da-test-001885,0,0.0013584695483918996,0,0.944832460947958
da-test-001886,0,0.0019204541288241023,0,0.944832460947958
da-test-001887,0,0.0008569119155945433,0,0.944832460947958
da-test-001888,1,0.9893184230795582,1,0.944832460947958
da-test-001889,0,0.0008230989818877509,0,0.944832460947958
da-test-001890,1,0.9893184230795582,1,0.944832460947958
da-test-001891,0,0.00043786743489782667,0,0.944832460947958
da-test-001892,0,0.001415376783287959,0,0.944832460947958
da-test-001893,0,0.009928534081155668,0,0.944832460947958
da-test-001894,0,0.0012014321038895301,0,0.944832460947958
da-test-001895,0,0.0013955617985301732,0,0.944832460947958
da-test-001896,0,0.0010641979287855847,0,0.944832460947958
da-test-001897,0,0.0006496450226248666,0,0.944832460947958
da-test-001898,0,0.0020087421356663627,0,0.944832460947958
da-test-001899,0,0.0014307577626339286,0,0.944832460947958
da-test-001900,0,0.0011253529598352124,0,0.944832460947958
da-test-001901,0,0.001209981963710683,0,0.944832460947958
da-test-001902,0,0.000982310846290225,0,0.944832460947958
da-test-001903,0,0.0005309022008776809,0,0.944832460947958
da-test-001904,0,0.0009292381040879872,0,0.944832460947958
da-test-001905,0,0.009284176707168176,0,0.944832460947958
da-test-001906,0,0.0017811086704499553,0,0.944832460947958
da-test-001907,0,0.0006505478807083666,0,0.944832460947958
da-test-001908,0,0.005659835571945639,0,0.944832460947958
da-test-001909,1,0.9766342426846893,1,0.944832460947958
da-test-001910,1,0.7099141855909078,0,0.944832460947958
da-test-001911,0,0.0015309873338979472,0,0.944832460947958
da-test-001912,0,0.0030365458694602597,0,0.944832460947958
da-test-001913,0,0.0012485081633107095,0,0.944832460947958
da-test-001914,0,0.0028125509568041043,0,0.944832460947958
da-test-001915,1,0.9793536996091877,1,0.944832460947958
da-test-001916,0,0.0016580876292954581,0,0.944832460947958
da-test-001917,0,0.003455108675640638,0,0.944832460947958
da-test-001918,0,0.001151786663479537,0,0.944832460947958
da-test-001919,0,0.0033727598041252303,0,0.944832460947958
da-test-001920,0,0.003832504980622736,0,0.944832460947958
da-test-001921,0,0.0006465388460091557,0,0.944832460947958
da-test-001922,1,0.973589175878004,1,0.944832460947958
da-test-001923,0,0.0004790089064906501,0,0.944832460947958
da-test-001924,0,0.00280336612970184,0,0.944832460947958
da-test-001925,0,0.002658813553978434,0,0.944832460947958
da-test-001926,0,0.0007356578715918937,0,0.944832460947958
da-test-001927,1,0.9673255846232578,1,0.944832460947958
da-test-001928,0,0.003713453244161004,0,0.944832460947958
da-test-001929,1,0.973589175878004,1,0.944832460947958
da-test-001930,0,0.0018244087185597035,0,0.944832460947958
da-test-001931,0,0.0009872197205857574,0,0.944832460947958
da-test-001932,1,0.9626229515066521,1,0.944832460947958
da-test-001933,0,0.0015242563310266634,0,0.944832460947958
da-test-001934,1,0.9458227611849677,1,0.944832460947958
da-test-001935,0,0.0021374272316205855,0,0.944832460947958
da-test-001936,0,0.002235749443098071,0,0.944832460947958
da-test-001937,0,0.0004262773852419879,0,0.944832460947958
da-test-001938,0,0.0017109994480844876,0,0.944832460947958
da-test-001939,0,0.0004328800887819099,0,0.944832460947958
da-test-001940,0,0.0012327302120633354,0,0.944832460947958
da-test-001941,0,0.000723108695127289,0,0.944832460947958
da-test-001942,1,0.9734247235965413,1,0.944832460947958
da-test-001943,0,0.001973765911743685,0,0.944832460947958
da-test-001944,1,0.9626229515066521,1,0.944832460947958
da-test-001945,0,0.0015847831340034832,0,0.944832460947958
da-test-001946,1,0.9749225307871698,1,0.944832460947958
da-test-001947,0,0.006314351665735449,0,0.944832460947958
da-test-001948,0,0.001414092016699463,0,0.944832460947958
da-test-001949,0,0.003959923480956404,0,0.944832460947958
da-test-001950,0,0.012080640372109272,0,0.944832460947958
da-test-001951,0,0.0018179247593353939,0,0.944832460947958
da-test-001952,0,0.03739259322893377,0,0.944832460947958
da-test-001953,0,0.00528082612364443,0,0.944832460947958
da-test-001954,1,0.9676103358528562,1,0.944832460947958
da-test-001955,0,0.000594875109994984,0,0.944832460947958
da-test-001956,0,0.002535381895979161,0,0.944832460947958
da-test-001957,1,0.9180421349940603,0,0.944832460947958
da-test-001958,1,0.7368960984017765,0,0.944832460947958
da-test-001959,1,0.9299193224247376,0,0.944832460947958
da-test-001960,0,0.0044145270922156905,0,0.944832460947958
da-test-001961,0,0.007145984394116883,0,0.944832460947958
da-test-001962,0,0.0007011968204946288,0,0.944832460947958
da-test-001963,0,0.00290147406320439,0,0.944832460947958
da-test-001964,0,0.0008595691482815776,0,0.944832460947958
da-test-001965,0,0.002599841687851102,0,0.944832460947958
da-test-001966,0,0.005259430991376588,0,0.944832460947958
da-test-001967,0,0.0030402000862728893,0,0.944832460947958
da-test-001968,1,0.973589175878004,1,0.944832460947958
da-test-001969,1,0.8486087831140343,0,0.944832460947958
da-test-001970,1,0.9893184230795582,1,0.944832460947958
da-test-001971,0,0.0035149224303640254,0,0.944832460947958
da-test-001972,1,0.3900666422600818,0,0.944832460947958
da-test-001973,0,0.0037113717393416285,0,0.944832460947958
da-test-001974,1,0.9629410194471378,1,0.944832460947958
da-test-001975,0,0.004143442417697331,0,0.944832460947958
da-test-001976,0,0.0004071984076415548,0,0.944832460947958
da-test-001977,0,0.0036358369198175333,0,0.944832460947958
da-test-001978,0,0.0009073284549325921,0,0.944832460947958
da-test-001979,0,0.008544227087258254,0,0.944832460947958
da-test-001980,1,0.9893184230795582,1,0.944832460947958
da-test-001981,1,0.9678351856254123,1,0.944832460947958
da-test-001982,0,0.0008575853495807246,0,0.944832460947958
da-test-001983,0,0.9216217977115384,0,0.944832460947958
da-test-001984,0,0.0012022013134743493,0,0.944832460947958
da-test-001985,1,0.9737205774160661,1,0.944832460947958
da-test-001986,0,0.0011944551584235844,0,0.944832460947958
da-test-001987,0,0.002804848821257568,0,0.944832460947958
da-test-001988,0,0.0023819332791977415,0,0.944832460947958
da-test-001989,0,0.01963897435228919,0,0.944832460947958
da-test-001990,0,0.003969735439768254,0,0.944832460947958
da-test-001991,1,0.9690834830720112,1,0.944832460947958
da-test-001992,0,0.0021470081356245218,0,0.944832460947958
da-test-001993,0,0.001131387693871638,0,0.944832460947958
da-test-001994,0,0.005305015314973547,0,0.944832460947958
da-test-001995,0,0.0019881823259030305,0,0.944832460947958
da-test-001996,0,0.011940647407057343,0,0.944832460947958
da-test-001997,1,0.9893184230795582,1,0.944832460947958
da-test-001998,0,0.0033080356473201367,0,0.944832460947958
da-test-001999,0,0.008412403134468992,0,0.944832460947958
da-test-002000,0,0.0030778772982997956,0,0.944832460947958
da-test-002001,0,0.0013892441014203658,0,0.944832460947958
da-test-002002,0,0.0008187057730232472,0,0.944832460947958
da-test-002003,0,0.005092736481161413,0,0.944832460947958
da-test-002004,0,0.004135432102608084,0,0.944832460947958
da-test-002005,0,0.0010309064437122564,0,0.944832460947958
da-test-002006,0,0.000985164484383357,0,0.944832460947958
da-test-002007,0,0.0011325286576291279,0,0.944832460947958
da-test-002008,0,0.0006991793951197102,0,0.944832460947958
da-test-002009,0,0.0006530518121106105,0,0.944832460947958
da-test-002010,0,0.0022788048805133577,0,0.944832460947958
da-test-002011,0,0.0010062955871397994,0,0.944832460947958
da-test-002012,0,0.001395280797710928,0,0.944832460947958
da-test-002013,0,0.0007865682270016826,0,0.944832460947958
da-test-002014,0,0.0017942787520134917,0,0.944832460947958
da-test-002015,0,0.0004883539274360323,0,0.944832460947958
da-test-002016,0,0.0007463249662693055,0,0.944832460947958
da-test-002017,0,0.0012840330071612787,0,0.944832460947958
da-test-002018,0,0.016622846901114645,0,0.944832460947958
da-test-002019,0,0.009379379941337208,0,0.944832460947958
da-test-002020,0,0.0010569001108951656,0,0.944832460947958
da-test-002021,0,0.0017214877411951125,0,0.944832460947958
da-test-002022,1,0.979074625435109,1,0.944832460947958
da-test-002023,0,0.0017938712762186316,0,0.944832460947958
da-test-002024,0,0.0013263256300954053,0,0.944832460947958
da-test-002025,1,0.9727487849563843,1,0.944832460947958
da-test-002026,0,0.004629984364781759,0,0.944832460947958
da-test-002027,1,0.9893184230795582,1,0.944832460947958
da-test-002028,0,0.0004942109182460714,0,0.944832460947958
da-test-002029,0,0.014648313491320666,0,0.944832460947958
da-test-002030,1,0.6570184680361875,0,0.944832460947958
da-test-002031,0,0.0037174049115014764,0,0.944832460947958
da-test-002032,0,0.00130150127227167,0,0.944832460947958
da-test-002033,0,0.0010627949542136503,0,0.944832460947958
da-test-002034,1,0.973589175878004,1,0.944832460947958
da-test-002035,0,0.0014029758750201654,0,0.944832460947958
da-test-002036,0,0.0019068722937468853,0,0.944832460947958
da-test-002037,0,0.002017752188234079,0,0.944832460947958
da-test-002038,0,0.0114919113861214,0,0.944832460947958
da-test-002039,0,0.0008567798479345484,0,0.944832460947958
da-test-002040,1,0.9594840684943389,1,0.944832460947958
da-test-002041,0,0.0019871604163111565,0,0.944832460947958
da-test-002042,0,0.030552224709288825,0,0.944832460947958
da-test-002043,0,0.0007331915083081621,0,0.944832460947958
da-test-002044,0,0.003879864829409289,0,0.944832460947958
da-test-002045,1,0.9699921165224187,1,0.944832460947958
da-test-002046,0,0.0011649345706794012,0,0.944832460947958
da-test-002047,0,0.0013649604726935782,0,0.944832460947958
da-test-002048,0,0.00347594733008553,0,0.944832460947958
da-test-002049,0,0.9412750649588557,0,0.944832460947958
da-test-002050,0,0.001300062081318503,0,0.944832460947958
da-test-002051,0,0.0012143475113927573,0,0.944832460947958
da-test-002052,0,0.0009825530560969916,0,0.944832460947958
da-test-002053,0,0.000551769724798162,0,0.944832460947958
da-test-002054,0,0.025002235185643068,0,0.944832460947958
da-test-002055,0,0.8257082098946017,0,0.944832460947958
da-test-002056,0,0.001999902329195578,0,0.944832460947958
da-test-002057,0,0.0012033490850867983,0,0.944832460947958
da-test-002058,0,0.0015809527092002743,0,0.944832460947958
da-test-002059,0,0.00038013919069530285,0,0.944832460947958
da-test-002060,0,0.0023549551969940337,0,0.944832460947958
da-test-002061,0,0.041639743040345366,0,0.944832460947958
da-test-002062,0,0.0009124742968536332,0,0.944832460947958
da-test-002063,0,0.0008743715482622259,0,0.944832460947958
da-test-002064,0,0.0002811672714624736,0,0.944832460947958
da-test-002065,0,0.001052073019904947,0,0.944832460947958
da-test-002066,0,0.0027573525122896194,0,0.944832460947958
da-test-002067,0,0.0012639241736665632,0,0.944832460947958
da-test-002068,1,0.8860162649994685,0,0.944832460947958
da-test-002069,0,0.0024261293878881968,0,0.944832460947958
da-test-002070,0,0.0011018064102593388,0,0.944832460947958
da-test-002071,0,0.0010168679114139116,0,0.944832460947958
da-test-002072,0,0.016995247719103598,0,0.944832460947958
da-test-002073,0,0.9384741162965632,0,0.944832460947958
da-test-002074,0,0.0035653925381132485,0,0.944832460947958
da-test-002075,0,0.001072072936820788,0,0.944832460947958
da-test-002076,0,0.0016814263461923462,0,0.944832460947958
da-test-002077,0,0.00109490253395487,0,0.944832460947958
da-test-002078,0,0.001724846234227256,0,0.944832460947958
da-test-002079,1,0.9916523442810651,1,0.944832460947958
da-test-002080,0,0.0006689965779329034,0,0.944832460947958
da-test-002081,0,0.00043946591172327364,0,0.944832460947958
da-test-002082,1,0.647427336482687,0,0.944832460947958
da-test-002083,0,0.002098056798538383,0,0.944832460947958
da-test-002084,0,0.003063973792778795,0,0.944832460947958
da-test-002085,0,0.0005421395919901233,0,0.944832460947958
da-test-002086,1,0.9696656776137899,1,0.944832460947958
da-test-002087,0,0.0003107346590012101,0,0.944832460947958
da-test-002088,1,0.9644889746162675,1,0.944832460947958
da-test-002089,0,0.016857980080224405,0,0.944832460947958
da-test-002090,0,0.0019932520018164494,0,0.944832460947958
da-test-002091,1,0.989209320762999,1,0.944832460947958
da-test-002092,0,0.0006694392160692888,0,0.944832460947958
da-test-002093,0,0.6345169212557201,0,0.944832460947958
da-test-002094,0,0.005772822384555827,0,0.944832460947958
da-test-002095,0,0.002950910058494713,0,0.944832460947958
da-test-002096,0,0.018479593817624693,0,0.944832460947958
da-test-002097,0,0.0013729353014362677,0,0.944832460947958
da-test-002098,0,0.0019673957348528273,0,0.944832460947958
da-test-002099,0,0.0017506919905807277,0,0.944832460947958
da-test-002100,0,0.01142982164158529,0,0.944832460947958
da-test-002101,0,0.000926858515820738,0,0.944832460947958
da-test-002102,0,0.002214371489261224,0,0.944832460947958
da-test-002103,0,0.01004012724170698,0,0.944832460947958
da-test-002104,0,0.00036785161399273446,0,0.944832460947958
da-test-002105,0,0.001642378125034742,0,0.944832460947958
da-test-002106,0,0.0028950100956782283,0,0.944832460947958
da-test-002107,0,0.004665781707907322,0,0.944832460947958
da-test-002108,0,0.0017699544681247176,0,0.944832460947958
da-test-002109,1,0.9832747499718992,1,0.944832460947958
da-test-002110,0,0.8407963955342566,0,0.944832460947958
da-test-002111,1,0.9864685707695232,1,0.944832460947958
da-test-002112,0,0.0030945637082807976,0,0.944832460947958
da-test-002113,0,0.002567529943227352,0,0.944832460947958
da-test-002114,1,0.9244455273691111,0,0.944832460947958
da-test-002115,0,0.013907097359920309,0,0.944832460947958
da-test-002116,0,0.0007004654246466617,0,0.944832460947958
da-test-002117,0,0.002037844557136496,0,0.944832460947958
da-test-002118,0,0.0008479332930448493,0,0.944832460947958
da-test-002119,0,0.0004417516338730926,0,0.944832460947958
da-test-002120,1,0.973589175878004,1,0.944832460947958
da-test-002121,0,0.0006966690307963926,0,0.944832460947958
da-test-002122,0,0.0012323081759702506,0,0.944832460947958
da-test-002123,0,0.0006166988229099614,0,0.944832460947958
da-test-002124,0,0.019210893222628027,0,0.944832460947958
da-test-002125,0,0.008746166047103461,0,0.944832460947958
da-test-002126,0,0.010942179183353768,0,0.944832460947958
da-test-002127,0,0.00204112995354176,0,0.944832460947958
da-test-002128,1,0.8440705873242396,0,0.944832460947958
da-test-002129,0,0.0012471227768108884,0,0.944832460947958
da-test-002130,0,0.000939521412652871,0,0.944832460947958
da-test-002131,0,0.0007562974000838399,0,0.944832460947958
da-test-002132,1,0.6563348416855943,0,0.944832460947958
da-test-002133,0,0.0005382494764884923,0,0.944832460947958
da-test-002134,0,0.0009004652452452203,0,0.944832460947958
da-test-002135,0,0.0024233694652766634,0,0.944832460947958
da-test-002136,0,0.0020594720503136284,0,0.944832460947958
da-test-002137,0,0.0021210748208726816,0,0.944832460947958
da-test-002138,0,0.0032595279082597776,0,0.944832460947958
da-test-002139,0,0.001138878481624952,0,0.944832460947958
da-test-002140,1,0.9674277392479097,1,0.944832460947958
da-test-002141,0,0.0035377867346293957,0,0.944832460947958
da-test-002142,1,0.9633905834597193,1,0.944832460947958
da-test-002143,0,0.001361399754041232,0,0.944832460947958
da-test-002144,0,0.0012326439751864948,0,0.944832460947958
da-test-002145,0,0.0003773176709458392,0,0.944832460947958
da-test-002146,0,0.10559403887005371,0,0.944832460947958
da-test-002147,0,0.0019343387765075719,0,0.944832460947958
da-test-002148,1,0.7776005903670041,0,0.944832460947958
da-test-002149,0,0.0007154654818854278,0,0.944832460947958
da-test-002150,0,0.0001437907299410382,0,0.944832460947958
da-test-002151,0,0.0014019728349786418,0,0.944832460947958
da-test-002152,1,0.9782158366804456,1,0.944832460947958
da-test-002153,0,0.0008225812373240763,0,0.944832460947958
da-test-002154,0,0.004114703538582149,0,0.944832460947958
da-test-002155,0,0.001771345934216833,0,0.944832460947958
da-test-002156,0,0.0007584528247228603,0,0.944832460947958
da-test-002157,1,0.9626229515066521,1,0.944832460947958
da-test-002158,0,0.0009980494791243936,0,0.944832460947958
da-test-002159,0,0.023968474265008043,0,0.944832460947958
da-test-002160,0,0.0007122959474056775,0,0.944832460947958
da-test-002161,1,0.962240864066796,1,0.944832460947958
da-test-002162,0,0.00038842968174991637,0,0.944832460947958
da-test-002163,0,0.0007723829050389255,0,0.944832460947958
da-test-002164,0,0.010635505667881247,0,0.944832460947958
da-test-002165,0,0.001647218874559866,0,0.944832460947958
da-test-002166,0,0.00216597737287479,0,0.944832460947958
da-test-002167,0,0.000277076179494581,0,0.944832460947958
da-test-002168,0,0.0006231827931333271,0,0.944832460947958
da-test-002169,0,0.0013651060617986934,0,0.944832460947958
da-test-002170,0,0.004615628607718694,0,0.944832460947958
da-test-002171,0,0.006636401726528373,0,0.944832460947958
da-test-002172,0,0.0019189450978551537,0,0.944832460947958
da-test-002173,0,0.0009694328340151296,0,0.944832460947958
da-test-002174,0,0.003857604073700536,0,0.944832460947958
da-test-002175,0,0.0009678258323912617,0,0.944832460947958
da-test-002176,0,0.03697189184861034,0,0.944832460947958
da-test-002177,1,0.8438836757439842,0,0.944832460947958
da-test-002178,0,0.006302871578741627,0,0.944832460947958
da-test-002179,1,0.9626229515066521,1,0.944832460947958
da-test-002180,0,0.010499625620723655,0,0.944832460947958
da-test-002181,1,0.9732771832203283,1,0.944832460947958
da-test-002182,1,0.9730001833957245,1,0.944832460947958
da-test-002183,0,0.0013779620464558398,0,0.944832460947958
da-test-002184,1,0.917758648680527,0,0.944832460947958
da-test-002185,0,0.0035267172724698717,0,0.944832460947958
da-test-002186,0,0.0015280764439396723,0,0.944832460947958
da-test-002187,0,0.0029379170620978732,0,0.944832460947958
da-test-002188,0,0.01170750693381238,0,0.944832460947958
da-test-002189,0,0.0012008183320570147,0,0.944832460947958
da-test-002190,0,0.009505036548561439,0,0.944832460947958
da-test-002191,0,0.0014228894728460114,0,0.944832460947958
da-test-002192,0,0.003880032137285221,0,0.944832460947958
da-test-002193,0,0.009559216758444027,0,0.944832460947958
da-test-002194,0,0.0006929667651987438,0,0.944832460947958
da-test-002195,0,0.0015237717092163301,0,0.944832460947958
da-test-002196,0,0.010431164478879009,0,0.944832460947958
da-test-002197,0,0.0014266105507446869,0,0.944832460947958
da-test-002198,0,0.0006531819602784044,0,0.944832460947958
da-test-002199,1,0.9574672293873455,1,0.944832460947958
da-test-002200,0,0.0012271330189820738,0,0.944832460947958
da-test-002201,0,0.0011781018018408279,0,0.944832460947958
da-test-002202,0,0.01440382366125319,0,0.944832460947958
da-test-002203,0,0.0019944679867701003,0,0.944832460947958
da-test-002204,0,0.010016669066933447,0,0.944832460947958
da-test-002205,0,0.011898427688770082,0,0.944832460947958
da-test-002206,0,0.0018756908251168847,0,0.944832460947958
da-test-002207,0,0.000917040892949586,0,0.944832460947958
da-test-002208,0,0.02703167732207708,0,0.944832460947958
da-test-002209,0,0.00141035996640738,0,0.944832460947958
da-test-002210,0,0.0013319923676220462,0,0.944832460947958
da-test-002211,0,0.002559315990557471,0,0.944832460947958
da-test-002212,0,0.0033176929030064688,0,0.944832460947958
da-test-002213,0,0.005769882547839996,0,0.944832460947958
da-test-002214,1,0.9818487341013881,1,0.944832460947958
da-test-002215,0,0.014890069143016008,0,0.944832460947958
da-test-002216,0,0.029549998482047975,0,0.944832460947958
da-test-002217,0,0.0007587335801483597,0,0.944832460947958
da-test-002218,0,0.002527986099634291,0,0.944832460947958
da-test-002219,0,0.0005396830801782045,0,0.944832460947958
da-test-002220,0,0.0029251470426204023,0,0.944832460947958
da-test-002221,0,0.0029866478935241065,0,0.944832460947958
da-test-002222,1,0.9390033190350144,0,0.944832460947958
da-test-002223,0,0.0011500707240767898,0,0.944832460947958
da-test-002224,0,0.00039990329669635104,0,0.944832460947958
da-test-002225,0,0.0026724831012588752,0,0.944832460947958
da-test-002226,0,0.001707006743032726,0,0.944832460947958
da-test-002227,0,0.09864225360850577,0,0.944832460947958
da-test-002228,0,0.008743474744157197,0,0.944832460947958
da-test-002229,0,0.0024400854198298296,0,0.944832460947958
da-test-002230,0,0.0027127585078107076,0,0.944832460947958
da-test-002231,0,0.0006869156892260813,0,0.944832460947958
da-test-002232,0,0.0010080951472707647,0,0.944832460947958
da-test-002233,0,0.00567578626836065,0,0.944832460947958
da-test-002234,0,0.003173552602549913,0,0.944832460947958
da-test-002235,0,0.0026223832348370372,0,0.944832460947958
da-test-002236,1,0.9626229515066521,1,0.944832460947958
da-test-002237,0,0.0036911146978605125,0,0.944832460947958
da-test-002238,0,0.002759736940766905,0,0.944832460947958
da-test-002239,0,0.0010995116888219644,0,0.944832460947958
da-test-002240,0,0.8997904401175644,0,0.944832460947958
da-test-002241,0,0.0008877151451807484,0,0.944832460947958
da-test-002242,1,0.9626229515066521,1,0.944832460947958
da-test-002243,0,0.001575370999299051,0,0.944832460947958
da-test-002244,0,0.9724169094179496,1,0.944832460947958
da-test-002245,1,0.4949887745776243,0,0.944832460947958
da-test-002246,0,0.0010098633675714136,0,0.944832460947958
da-test-002247,0,0.0007610684472614984,0,0.944832460947958
da-test-002248,0,0.0015969124035082273,0,0.944832460947958
da-test-002249,0,0.0013124197713444215,0,0.944832460947958
da-test-002250,0,0.0007244316282696941,0,0.944832460947958
da-test-002251,0,0.0015541330675389487,0,0.944832460947958
da-test-002252,0,0.004152880139329913,0,0.944832460947958
da-test-002253,0,0.5343167423416705,0,0.944832460947958
da-test-002254,0,0.003077401189011418,0,0.944832460947958
da-test-002255,0,0.0005195477612302603,0,0.944832460947958
da-test-002256,1,0.9675027656702097,1,0.944832460947958
da-test-002257,0,0.0035792575000476415,0,0.944832460947958
da-test-002258,1,0.9893184230795582,1,0.944832460947958
da-test-002259,1,0.9572488148071127,1,0.944832460947958
da-test-002260,0,0.00045508072372550136,0,0.944832460947958
da-test-002261,0,0.0011027381831170782,0,0.944832460947958
da-test-002262,0,0.000515213537986797,0,0.944832460947958
da-test-002263,0,0.9893184230795582,1,0.944832460947958
da-test-002264,0,0.0016929549188883324,0,0.944832460947958
da-test-002265,0,0.0007782777624957855,0,0.944832460947958
da-test-002266,0,0.001335739808511203,0,0.944832460947958
da-test-002267,0,0.0009614360030419682,0,0.944832460947958
da-test-002268,0,0.0026116610401611612,0,0.944832460947958
da-test-002269,0,0.011276939035080097,0,0.944832460947958
da-test-002270,0,0.0009481058686271973,0,0.944832460947958
da-test-002271,0,0.0005790463643040082,0,0.944832460947958
da-test-002272,0,0.0018722773572261266,0,0.944832460947958
da-test-002273,0,0.0005830067391417629,0,0.944832460947958
da-test-002274,0,0.33337053368928166,0,0.944832460947958
da-test-002275,0,0.0021476888324510877,0,0.944832460947958
da-test-002276,0,0.0006991022055624966,0,0.944832460947958
da-test-002277,0,0.000993551233538289,0,0.944832460947958
da-test-002278,0,0.002015341953606116,0,0.944832460947958
da-test-002279,0,0.0008643920444962578,0,0.944832460947958
da-test-002280,0,0.0009941885127565985,0,0.944832460947958
da-test-002281,1,0.939865268392484,0,0.944832460947958
da-test-002282,0,0.9431804115549808,0,0.944832460947958
da-test-002283,0,0.003199249107749963,0,0.944832460947958
da-test-002284,1,0.9782424408136795,1,0.944832460947958
da-test-002285,0,0.0005300164448703406,0,0.944832460947958
da-test-002286,0,0.004600334187103156,0,0.944832460947958
da-test-002287,0,0.00256625928651146,0,0.944832460947958
da-test-002288,0,0.0022081832799184793,0,0.944832460947958
da-test-002289,0,0.0011638850137267623,0,0.944832460947958
da-test-002290,0,0.001749329030203724,0,0.944832460947958
da-test-002291,0,0.0003037078283672336,0,0.944832460947958
da-test-002292,1,0.9239969237079508,0,0.944832460947958
da-test-002293,0,0.9431804115549808,0,0.944832460947958
da-test-002294,0,0.0015169382981816762,0,0.944832460947958
da-test-002295,0,0.0013472266319916938,0,0.944832460947958
da-test-002296,0,0.0010580814013215238,0,0.944832460947958
da-test-002297,0,0.0004162312680560789,0,0.944832460947958
da-test-002298,0,0.00042849786969298496,0,0.944832460947958
da-test-002299,1,0.9600867890511835,1,0.944832460947958
da-test-002300,0,0.0015548419586394325,0,0.944832460947958
da-test-002301,1,0.9817761769648117,1,0.944832460947958
da-test-002302,0,0.0012763593286698152,0,0.944832460947958
da-test-002303,1,0.9626229515066521,1,0.944832460947958
da-test-002304,0,0.0004935485884299118,0,0.944832460947958
da-test-002305,1,0.973589175878004,1,0.944832460947958
da-test-002306,0,0.006541028610626155,0,0.944832460947958
da-test-002307,0,0.0010558226212659335,0,0.944832460947958
da-test-002308,0,0.004598920444021896,0,0.944832460947958
da-test-002309,0,0.0008795320640031989,0,0.944832460947958
da-test-002310,0,0.000979801844745939,0,0.944832460947958
da-test-002311,0,0.0021527170012936568,0,0.944832460947958
da-test-002312,1,0.9729110954472574,1,0.944832460947958
da-test-002313,0,0.0011627516714690642,0,0.944832460947958
da-test-002314,0,0.003419050863413291,0,0.944832460947958
da-test-002315,0,0.003301137517333358,0,0.944832460947958
da-test-002316,0,0.007474779474766679,0,0.944832460947958
da-test-002317,0,0.0006869156892260813,0,0.944832460947958
da-test-002318,0,0.0017212210699650064,0,0.944832460947958
da-test-002319,0,0.0015450326745284953,0,0.944832460947958
da-test-002320,0,0.001904967360327614,0,0.944832460947958
da-test-002321,1,0.9616238024928454,1,0.944832460947958
da-test-002322,1,0.9555563574125114,1,0.944832460947958
da-test-002323,0,0.0019906655512954606,0,0.944832460947958
da-test-002324,0,0.00198036707903872,0,0.944832460947958
da-test-002325,0,0.0046033823546438365,0,0.944832460947958
da-test-002326,0,0.0003550155961791236,0,0.944832460947958
da-test-002327,0,0.0034668872894321667,0,0.944832460947958
da-test-002328,0,0.0771685781387098,0,0.944832460947958
da-test-002329,0,0.006166637663432119,0,0.944832460947958
da-test-002330,1,0.9626229515066521,1,0.944832460947958
da-test-002331,1,0.9684891980636811,1,0.944832460947958
da-test-002332,1,0.9585450746439854,1,0.944832460947958
da-test-002333,1,0.9893184230795582,1,0.944832460947958
da-test-002334,0,0.001445584692434484,0,0.944832460947958
da-test-002335,0,0.002880763791353423,0,0.944832460947958
da-test-002336,0,0.00040573013609182106,0,0.944832460947958
da-test-002337,1,0.9798728762148559,1,0.944832460947958
da-test-002338,0,0.005445613862118478,0,0.944832460947958
da-test-002339,0,0.002952489256287639,0,0.944832460947958
da-test-002340,0,0.0004710925984161013,0,0.944832460947958
da-test-002341,0,0.0017194829661118412,0,0.944832460947958
da-test-002342,0,0.0010873927650536766,0,0.944832460947958
da-test-002343,0,0.0006913007001211341,0,0.944832460947958
da-test-002344,0,0.0006402348169841337,0,0.944832460947958
da-test-002345,1,0.9765288569147507,1,0.944832460947958
da-test-002346,0,0.0003026242829137673,0,0.944832460947958
da-test-002347,0,0.00042044276943756047,0,0.944832460947958
da-test-002348,0,0.0013864560327935833,0,0.944832460947958
da-test-002349,0,0.004506473950806272,0,0.944832460947958
da-test-002350,0,0.001988763338871155,0,0.944832460947958
da-test-002351,0,0.0016072192652000592,0,0.944832460947958
da-test-002352,1,0.9717323491420163,1,0.944832460947958
da-test-002353,0,0.0009214808016666463,0,0.944832460947958
da-test-002354,0,0.0016418244265383754,0,0.944832460947958
da-test-002355,0,0.000904478843025996,0,0.944832460947958
da-test-002356,0,0.0005043278176179806,0,0.944832460947958
da-test-002357,0,0.00035206763609285354,0,0.944832460947958
da-test-002358,1,0.9789605929383908,1,0.944832460947958
da-test-002359,0,0.003037085906857041,0,0.944832460947958
da-test-002360,0,0.0011585395040763877,0,0.944832460947958
da-test-002361,0,0.015842556472559506,0,0.944832460947958
da-test-002362,0,0.0006357289575412166,0,0.944832460947958
da-test-002363,0,0.003524224209423628,0,0.944832460947958
da-test-002364,0,0.00847651409120162,0,0.944832460947958
da-test-002365,0,0.0002631137001902439,0,0.944832460947958
da-test-002366,0,0.001176369537295694,0,0.944832460947958
da-test-002367,0,0.3050236244776552,0,0.944832460947958
da-test-002368,0,0.000906802681513415,0,0.944832460947958
da-test-002369,0,0.0017217611881970801,0,0.944832460947958
da-test-002370,0,0.7491897398075811,0,0.944832460947958
da-test-002371,1,0.9626229515066521,1,0.944832460947958
da-test-002372,0,0.001717101064757379,0,0.944832460947958
da-test-002373,1,0.9893184230795582,1,0.944832460947958
da-test-002374,0,0.13255483707791016,0,0.944832460947958
da-test-002375,0,0.0006014929437864376,0,0.944832460947958
da-test-002376,0,0.0008940533417453394,0,0.944832460947958
da-test-002377,1,0.9811615544243485,1,0.944832460947958
da-test-002378,0,0.001657049151821263,0,0.944832460947958
da-test-002379,0,0.0003655436495684472,0,0.944832460947958
da-test-002380,0,0.0013337201884484424,0,0.944832460947958
da-test-002381,1,0.9734457909866856,1,0.944832460947958
da-test-002382,0,0.004198676986472692,0,0.944832460947958
da-test-002383,0,0.0017935111202580193,0,0.944832460947958
da-test-002384,0,0.005248714691696871,0,0.944832460947958
da-test-002385,1,0.9608362856793732,1,0.944832460947958
da-test-002386,1,0.9524662661478857,1,0.944832460947958
da-test-002387,0,0.0031877103991347685,0,0.944832460947958
da-test-002388,0,0.0012509214053395578,0,0.944832460947958
da-test-002389,0,0.0006771076637006087,0,0.944832460947958
da-test-002390,0,0.018007154453296488,0,0.944832460947958
da-test-002391,0,0.0010051227569033993,0,0.944832460947958
da-test-002392,0,0.0017062265926138756,0,0.944832460947958
da-test-002393,0,0.002052457705551311,0,0.944832460947958
da-test-002394,0,0.004080329981074766,0,0.944832460947958
da-test-002395,0,0.005139011285791842,0,0.944832460947958
da-test-002396,0,0.000683335295470172,0,0.944832460947958
da-test-002397,0,0.029574993197841105,0,0.944832460947958
da-test-002398,1,0.9149776620761505,0,0.944832460947958
da-test-002399,0,0.029775171504457878,0,0.944832460947958
da-test-002400,0,0.0010258392395626735,0,0.944832460947958
da-test-002401,0,0.001146254146197215,0,0.944832460947958
da-test-002402,0,0.0010856111621059834,0,0.944832460947958
da-test-002403,1,0.8694068853825202,0,0.944832460947958
da-test-002404,0,0.0017751546125755,0,0.944832460947958
da-test-002405,1,0.9898485849292714,1,0.944832460947958
da-test-002406,0,0.001088103917606536,0,0.944832460947958
da-test-002407,0,0.943144119180733,0,0.944832460947958
da-test-002408,0,0.009639409211303154,0,0.944832460947958
da-test-002409,0,0.0020716330325709987,0,0.944832460947958
da-test-002410,0,0.001684334885892082,0,0.944832460947958
da-test-002411,0,0.0018310939182046362,0,0.944832460947958
da-test-002412,0,0.0007928074772481902,0,0.944832460947958
da-test-002413,0,0.0005666858959134296,0,0.944832460947958
da-test-002414,0,0.0006079254006258885,0,0.944832460947958
da-test-002415,0,0.0013560145378929264,0,0.944832460947958
da-test-002416,1,0.18103420103698295,0,0.944832460947958
da-test-002417,1,0.9622564044097167,1,0.944832460947958
da-test-002418,1,0.9447759768350512,0,0.944832460947958
da-test-002419,0,0.002751970587747144,0,0.944832460947958
da-test-002420,0,0.0015137530763482106,0,0.944832460947958
da-test-002421,0,0.0009506178330372199,0,0.944832460947958
da-test-002422,0,0.0013596798387269786,0,0.944832460947958
da-test-002423,0,0.005218315822234042,0,0.944832460947958
da-test-002424,0,0.0015272309998192127,0,0.944832460947958
da-test-002425,0,0.0024682624649883444,0,0.944832460947958
da-test-002426,1,0.9619058823663281,1,0.944832460947958
da-test-002427,0,0.0006820958109790312,0,0.944832460947958
da-test-002428,0,0.0020899354195507715,0,0.944832460947958
da-test-002429,0,0.0010175560267136172,0,0.944832460947958
da-test-002430,1,0.9633441064925824,1,0.944832460947958
da-test-002431,0,0.0007562669851231444,0,0.944832460947958
da-test-002432,0,0.0011047457432560614,0,0.944832460947958
da-test-002433,0,0.001428936771376557,0,0.944832460947958
da-test-002434,1,0.9914829796952539,1,0.944832460947958
da-test-002435,0,0.001329467759766488,0,0.944832460947958
da-test-002436,1,0.98871823399405,1,0.944832460947958
da-test-002437,0,0.018175956322016996,0,0.944832460947958
da-test-002438,0,0.000643142975138539,0,0.944832460947958
da-test-002439,0,0.0018838976148191932,0,0.944832460947958
da-test-002440,0,0.0003793462436860701,0,0.944832460947958
da-test-002441,1,0.9626229515066521,1,0.944832460947958
da-test-002442,0,0.0015694092247459672,0,0.944832460947958
da-test-002443,0,0.0005774338235551452,0,0.944832460947958
da-test-002444,0,0.0015962615688391048,0,0.944832460947958
da-test-002445,0,0.0008323881951307591,0,0.944832460947958
da-test-002446,0,0.0021108661438539126,0,0.944832460947958
da-test-002447,0,0.0018582412317240799,0,0.944832460947958
da-test-002448,0,0.0012143694847320619,0,0.944832460947958
da-test-002449,0,0.0007186388589654147,0,0.944832460947958
da-test-002450,0,0.007753569974351939,0,0.944832460947958
da-test-002451,1,0.9871444520177475,1,0.944832460947958
da-test-002452,0,0.000334483693094617,0,0.944832460947958
da-test-002453,1,0.6492433503980307,0,0.944832460947958
da-test-002454,0,0.00708264140682423,0,0.944832460947958
da-test-002455,0,0.021767293701331163,0,0.944832460947958
da-test-002456,0,0.0007149248023619146,0,0.944832460947958
da-test-002457,0,0.0054909336645300975,0,0.944832460947958
da-test-002458,0,0.001641066951253611,0,0.944832460947958
da-test-002459,0,0.004227020872955228,0,0.944832460947958
da-test-002460,0,0.0019067490114390907,0,0.944832460947958
da-test-002461,0,0.035502602550007,0,0.944832460947958
da-test-002462,1,0.9893184230795582,1,0.944832460947958
da-test-002463,1,0.9768069657991181,1,0.944832460947958
da-test-002464,0,0.0016425932755926474,0,0.944832460947958
da-test-002465,0,0.002298148839412515,0,0.944832460947958
da-test-002466,1,0.9870832261557905,1,0.944832460947958
da-test-002467,0,0.0019833397665723453,0,0.944832460947958
da-test-002468,1,0.9551954267005781,1,0.944832460947958
da-test-002469,0,0.003246334750706768,0,0.944832460947958
da-test-002470,0,0.008481755260567594,0,0.944832460947958
da-test-002471,1,0.985640863289781,1,0.944832460947958
da-test-002472,0,0.0009113717023813723,0,0.944832460947958
