pair_id,label,probability,prediction,threshold
wa-test-000000,0,0.004311120814080484,0,0.8427873201848929
wa-test-000001,0,0.15424579722765008,0,0.8427873201848929
wa-test-000002,0,0.045688365378560886,0,0.8427873201848929
wa-test-000003,0,0.019433302455971503,0,0.8427873201848929
wa-test-000004,0,0.008337054524599777,0,0.8427873201848929
wa-test-000005,0,0.07829257974775401,0,0.8427873201848929
wa-test-000006,0,0.11307993214498996,0,0.8427873201848929
wa-test-000007,1,0.030265775514375013,0,0.8427873201848929
wa-test-000008,0,0.00117694521709258,0,0.8427873201848929
wa-test-000009,1,0.9624420638467946,1,0.8427873201848929
wa-test-000010,0,0.635315633779185,0,0.8427873201848929
wa-test-000011,0,0.0469991784841766,0,0.8427873201848929
wa-test-000012,0,0.02622399125619835,0,0.8427873201848929
wa-test-000013,1,0.9583853578372589,1,0.8427873201848929
wa-test-000014,0,0.0008024727889811401,0,0.8427873201848929
wa-test-000015,0,0.24567817357139707,0,0.8427873201848929
wa-test-000016,0,0.24831547159319037,0,0.8427873201848929
wa-test-000017,0,0.02156105543187205,0,0.8427873201848929
wa-test-000018,0,0.00046245908377786434,0,0.8427873201848929
wa-test-000019,0,0.018104983295808664,0,0.8427873201848929
wa-test-000020,0,0.009054214824487539,0,0.8427873201848929
wa-test-000021,0,0.06477082220588924,0,0.8427873201848929
wa-test-000022,1,0.48164375877321736,0,0.8427873201848929
wa-test-000023,0,0.021062366900720123,0,0.8427873201848929
wa-test-000024,0,0.0006741949422746506,0,0.8427873201848929
wa-test-000025,0,0.0026612739161061064,0,0.8427873201848929
wa-test-000026,0,0.02767351223108534,0,0.8427873201848929
wa-test-000027,0,0.03109856585124585,0,0.8427873201848929
wa-test-000028,0,0.45892282995371625,0,0.8427873201848929
wa-test-000029,0,0.025907659890409294,0,0.8427873201848929
wa-test-000030,0,0.47123909870216507,0,0.8427873201848929
wa-test-000031,0,0.11914910923088375,0,0.8427873201848929
wa-test-000032,0,0.015653948240857005,0,0.8427873201848929
wa-test-000033,0,0.0008755621243050951,0,0.8427873201848929
wa-test-000034,0,0.07139475492702736,0,0.8427873201848929
wa-test-000035,0,0.0008422839673929773,0,0.8427873201848929
wa-test-000036,0,0.10420497862245892,0,0.8427873201848929
wa-test-000037,0,0.0037154300446933615,0,0.8427873201848929
wa-test-000038,0,0.006188993853871548,0,0.8427873201848929
wa-test-000039,0,0.07145326146874925,0,0.8427873201848929
wa-test-000040,0,0.1555948078385272,0,0.8427873201848929
wa-test-000041,0,0.12122026330603357,0,0.8427873201848929
wa-test-000042,1,0.1485060013888598,0,0.8427873201848929
wa-test-000043,0,0.007568390253017457,0,0.8427873201848929
wa-test-000044,0,0.02177963593967538,0,0.8427873201848929
wa-test-000045,0,0.09181463792431518,0,0.8427873201848929
wa-test-000046,0,0.00816717717664047,0,0.8427873201848929
wa-test-000047,0,0.010412401145371323,0,0.8427873201848929
wa-test-000048,0,0.06307674646892981,0,0.8427873201848929
wa-test-000049,0,0.06321396257232978,0,0.8427873201848929
wa-test-000050,0,0.004776557450323061,0,0.8427873201848929
wa-test-000051,0,0.0180769358429084,0,0.8427873201848929
wa-test-000052,0,0.07953409006166379,0,0.8427873201848929
wa-test-000053,0,0.0019290460522832574,0,0.8427873201848929
wa-test-000054,0,0.1674637471568334,0,0.8427873201848929
wa-test-000055,0,0.003703308010626904,0,0.8427873201848929
wa-test-000056,0,0.020202310753512,0,0.8427873201848929
wa-test-000057,0,0.02902807067199215,0,0.8427873201848929
wa-test-000058,0,0.22429874891386384,0,0.8427873201848929
wa-test-000059,0,0.007649981254473777,0,0.8427873201848929
wa-test-000060,0,0.43252021953007563,0,0.8427873201848929
wa-test-000061,0,0.040311012556039943,0,0.8427873201848929
wa-test-000062,0,0.05960605110173863,0,0.8427873201848929
wa-test-000063,0,0.08392715705441674,0,0.8427873201848929
wa-test-000064,0,0.0040201573284090065,0,0.8427873201848929
wa-test-000065,0,0.018710247888731744,0,0.8427873201848929
wa-test-000066,0,0.02600011343772684,0,0.8427873201848929
wa-test-000067,0,0.028958026463050228,0,0.8427873201848929
wa-test-000068,0,0.020381433767159635,0,0.8427873201848929
wa-test-000069,0,0.05081144251933367,0,0.8427873201848929
wa-test-000070,0,0.024459171520409044,0,0.8427873201848929
wa-test-000071,0,0.005430534845705265,0,0.8427873201848929
wa-test-000072,0,0.00025183309657548825,0,0.8427873201848929
wa-test-000073,0,0.009148160780090625,0,0.8427873201848929
wa-test-000074,0,0.004657316517538611,0,0.8427873201848929
wa-test-000075,0,0.004572546766380567,0,0.8427873201848929
wa-test-000076,0,0.26165564476900244,0,0.8427873201848929
wa-test-000077,0,0.053403231521804886,0,0.8427873201848929
wa-test-000078,0,0.2562939694166029,0,0.8427873201848929
wa-test-000079,0,0.02997759973877107,0,0.8427873201848929
wa-test-000080,0,0.014253015685247863,0,0.8427873201848929
wa-test-000081,0,0.03327969790370221,0,0.8427873201848929
wa-test-000082,0,0.04558147879064697,0,0.8427873201848929
wa-test-000083,0,0.025149043836767405,0,0.8427873201848929
wa-test-000084,0,0.0072788230078033,0,0.8427873201848929
wa-test-000085,0,0.001522869512761488,0,0.8427873201848929
wa-test-000086,1,0.027990983116328454,0,0.8427873201848929
wa-test-000087,0,0.24768521263718737,0,0.8427873201848929
wa-test-000088,0,0.0003906371467226447,0,0.8427873201848929
wa-test-000089,0,0.054770316333127615,0,0.8427873201848929
wa-test-000090,0,0.006705230236863339,0,0.8427873201848929
wa-test-000091,1,0.9801671695308524,1,0.8427873201848929
wa-test-000092,0,0.03276292871023007,0,0.8427873201848929
wa-test-000093,0,0.053932607522512624,0,0.8427873201848929
wa-test-000094,0,0.5296596046001862,0,0.8427873201848929
wa-test-000095,0,0.08151423150358014,0,0.8427873201848929
wa-test-000096,0,0.003035618323534029,0,0.8427873201848929
wa-test-000097,0,0.017841425549291596,0,0.8427873201848929
wa-test-000098,0,0.06676222071358469,0,0.8427873201848929
wa-test-000099,0,0.02240108217876709,0,0.8427873201848929
wa-test-000100,0,0.11655605511554111,0,0.8427873201848929
wa-test-000101,0,0.7141202135725526,0,0.8427873201848929
wa-test-000102,0,0.16092643935623316,0,0.8427873201848929
wa-test-000103,0,0.013799215357251189,0,0.8427873201848929
wa-test-000104,0,0.02035929804151156,0,0.8427873201848929
wa-test-000105,0,0.07479600471234779,0,0.8427873201848929
wa-test-000106,0,0.010650334679746623,0,0.8427873201848929
wa-test-000107,0,0.01662083111807844,0,0.8427873201848929
wa-test-000108,0,0.044874936411679556,0,0.8427873201848929
wa-test-000109,0,0.07224576190415653,0,0.8427873201848929
wa-test-000110,0,0.005897628765032168,0,0.8427873201848929
wa-test-000111,0,0.026010017822726182,0,0.8427873201848929
wa-test-000112,0,0.029289806913596672,0,0.8427873201848929
wa-test-000113,0,0.003284171065908701,0,0.8427873201848929
wa-test-000114,0,0.11211184838155124,0,0.8427873201848929
wa-test-000115,0,0.059282721840673715,0,0.8427873201848929
wa-test-000116,0,0.5359830552797382,0,0.8427873201848929
wa-test-000117,1,0.37183802780090097,0,0.8427873201848929
wa-test-000118,0,0.07189814827616896,0,0.8427873201848929
wa-test-000119,1,0.971852120307878,1,0.8427873201848929
wa-test-000120,0,0.027131000208657906,0,0.8427873201848929
wa-test-000121,0,0.28077250477339344,0,0.8427873201848929
wa-test-000122,0,0.005841143788558782,0,0.8427873201848929
wa-test-000123,0,0.002234579793369056,0,0.8427873201848929
wa-test-000124,0,0.012310082759571747,0,0.8427873201848929
wa-test-000125,0,0.021317499864610075,0,0.8427873201848929
wa-test-000126,1,0.9992551315175267,1,0.8427873201848929
wa-test-000127,0,0.026249145733150632,0,0.8427873201848929
wa-test-000128,0,0.005503206655570403,0,0.8427873201848929
wa-test-000129,0,0.01277287583507613,0,0.8427873201848929
wa-test-000130,0,0.06280543742586078,0,0.8427873201848929
wa-test-000131,0,0.023405859867881847,0,0.8427873201848929
wa-test-000132,0,0.04546109351485386,0,0.8427873201848929
wa-test-000133,0,0.006183373554280135,0,0.8427873201848929
wa-test-000134,0,0.012737469632703911,0,0.8427873201848929
wa-test-000135,0,0.05991203557718042,0,0.8427873201848929
wa-test-000136,0,0.18153028615587166,0,0.8427873201848929
wa-test-000137,0,0.007915221190578076,0,0.8427873201848929
wa-test-000138,1,0.06828036480195707,0,0.8427873201848929
wa-test-000139,0,0.20972616321853738,0,0.8427873201848929
wa-test-000140,0,0.005833261655045553,0,0.8427873201848929
wa-test-000141,0,0.24640488233407332,0,0.8427873201848929
wa-test-000142,0,0.008679992398418782,0,0.8427873201848929
wa-test-000143,0,0.036894429996359376,0,0.8427873201848929
wa-test-000144,0,0.03294412143144433,0,0.8427873201848929
wa-test-000145,0,0.007986714820498586,0,0.8427873201848929
wa-test-000146,1,0.00035523130414427933,0,0.8427873201848929
wa-test-000147,0,0.003832370874741056,0,0.8427873201848929
wa-test-000148,0,0.0261232879696359,0,0.8427873201848929
wa-test-000149,0,0.009515478596733235,0,0.8427873201848929
wa-test-000150,0,0.03983437657352588,0,0.8427873201848929
wa-test-000151,0,0.025669038484357993,0,0.8427873201848929
wa-test-000152,0,0.2598207191056159,0,0.8427873201848929
wa-test-000153,0,0.009274564537346514,0,0.8427873201848929
wa-test-000154,0,0.03693556113619104,0,0.8427873201848929
wa-test-000155,0,0.22180605306775192,0,0.8427873201848929
wa-test-000156,0,0.02096270178407214,0,0.8427873201848929
wa-test-000157,0,0.0030885304701689146,0,0.8427873201848929
wa-test-000158,1,0.00026278226212472663,0,0.8427873201848929
wa-test-000159,0,0.000560338386261873,0,0.8427873201848929
wa-test-000160,0,0.14564802844823263,0,0.8427873201848929
wa-test-000161,0,0.0061879098466510706,0,0.8427873201848929
wa-test-000162,0,0.03661767564963023,0,0.8427873201848929
wa-test-000163,0,0.0008791444005894395,0,0.8427873201848929
wa-test-000164,0,0.04887707319366073,0,0.8427873201848929
wa-test-000165,1,0.7734265560173438,0,0.8427873201848929
wa-test-000166,1,0.36852526320944207,0,0.8427873201848929
wa-test-000167,0,0.004034466658815232,0,0.8427873201848929
wa-test-000168,1,0.1527276554843696,0,0.8427873201848929
wa-test-000169,0,0.002710702436521702,0,0.8427873201848929
wa-test-000170,0,0.0020617777872875896,0,0.8427873201848929
wa-test-000171,0,0.0045136891892906955,0,0.8427873201848929
wa-test-000172,0,0.0012966108966977728,0,0.8427873201848929
wa-test-000173,0,0.001463980656776922,0,0.8427873201848929
wa-test-000174,0,0.001382522890836443,0,0.8427873201848929
wa-test-000175,0,0.00664568961651896,0,0.8427873201848929
wa-test-000176,0,0.00035706566958202004,0,0.8427873201848929
wa-test-000177,0,0.00024565078689741245,0,0.8427873201848929
wa-test-000178,0,0.19766686664655178,0,0.8427873201848929
wa-test-000179,0,0.0043458734466476885,0,0.8427873201848929
wa-test-000180,0,0.009233846731135384,0,0.8427873201848929
wa-test-000181,0,0.00800361526209788,0,0.8427873201848929
wa-test-000182,0,0.007751367175287645,0,0.8427873201848929
wa-test-000183,0,0.1480695935268466,0,0.8427873201848929
wa-test-000184,0,0.024806740386066783,0,0.8427873201848929
wa-test-000185,0,0.23702513085273,0,0.8427873201848929
wa-test-000186,1,0.0013057021214830102,0,0.8427873201848929
wa-test-000187,0,0.05719619677333824,0,0.8427873201848929
wa-test-000188,0,0.2136815039099375,0,0.8427873201848929
wa-test-000189,0,0.004803701523761204,0,0.8427873201848929
wa-test-000190,1,0.0018305127756219597,0,0.8427873201848929
wa-test-000191,0,0.3318940599655374,0,0.8427873201848929
wa-test-000192,1,0.684583580829548,0,0.8427873201848929
wa-test-000193,0,0.010009177121293742,0,0.8427873201848929
wa-test-000194,0,0.057202296160302944,0,0.8427873201848929
wa-test-000195,0,0.07909794610761206,0,0.8427873201848929
wa-test-000196,0,0.023509253703239516,0,0.8427873201848929
wa-test-000197,0,0.809176476765197,0,0.8427873201848929
wa-test-000198,0,0.005577720912593669,0,0.8427873201848929
wa-test-000199,1,0.7342129149026624,0,0.8427873201848929
wa-test-000200,0,0.011911871840612539,0,0.8427873201848929
wa-test-000201,0,0.03575172772665174,0,0.8427873201848929
wa-test-000202,0,0.11136644516849735,0,0.8427873201848929
wa-test-000203,0,0.008933834989600752,0,0.8427873201848929
wa-test-000204,0,0.059866433220626784,0,0.8427873201848929
wa-test-000205,0,0.0019667944518661873,0,0.8427873201848929
wa-test-000206,0,0.009029780537537021,0,0.8427873201848929
wa-test-000207,0,0.07720317085791038,0,0.8427873201848929
wa-test-000208,0,0.08756659639234181,0,0.8427873201848929
wa-test-000209,0,0.013650560860867522,0,0.8427873201848929
wa-test-000210,0,0.13030517086519233,0,0.8427873201848929
wa-test-000211,0,0.10864468365541743,0,0.8427873201848929
wa-test-000212,0,0.08728980868615371,0,0.8427873201848929
wa-test-000213,0,0.005107921341515004,0,0.8427873201848929
wa-test-000214,0,0.03885729903628329,0,0.8427873201848929
wa-test-000215,0,0.010097163559074395,0,0.8427873201848929
wa-test-000216,0,0.014325646885437436,0,0.8427873201848929
wa-test-000217,0,0.02606405490267755,0,0.8427873201848929
wa-test-000218,0,0.005616530527828935,0,0.8427873201848929
wa-test-000219,1,0.22220655434463335,0,0.8427873201848929
wa-test-000220,0,0.024000758419758704,0,0.8427873201848929
wa-test-000221,0,0.03115025453054873,0,0.8427873201848929
wa-test-000222,0,0.1691201264881164,0,0.8427873201848929
wa-test-000223,0,0.13045478388718623,0,0.8427873201848929
wa-test-000224,0,0.04108811933188736,0,0.8427873201848929
wa-test-000225,1,0.005799040262084573,0,0.8427873201848929
wa-test-000226,0,0.004119739580803853,0,0.8427873201848929
wa-test-000227,0,0.016520972763896805,0,0.8427873201848929
wa-test-000228,0,0.3046005895261303,0,0.8427873201848929
wa-test-000229,0,0.03906311522791564,0,0.8427873201848929
wa-test-000230,0,0.07315837390244943,0,0.8427873201848929
wa-test-000231,0,0.007127718020080876,0,0.8427873201848929
wa-test-000232,0,0.005466816515433986,0,0.8427873201848929
wa-test-000233,0,0.033482174308819314,0,0.8427873201848929
wa-test-000234,0,0.012113473557354747,0,0.8427873201848929
wa-test-000235,0,0.004986929214673263,0,0.8427873201848929
wa-test-000236,0,0.33432939511092274,0,0.8427873201848929
wa-test-000237,0,0.000131357006164983,0,0.8427873201848929
wa-test-000238,0,0.015008490963790573,0,0.8427873201848929
wa-test-000239,0,0.00412293446503819,0,0.8427873201848929
wa-test-000240,0,0.025301933567686043,0,0.8427873201848929
wa-test-000241,0,0.03695383415363365,0,0.8427873201848929
wa-test-000242,0,0.006918057742917661,0,0.8427873201848929
wa-test-000243,0,0.0016846048718239318,0,0.8427873201848929
wa-test-000244,1,0.0004902556872104342,0,0.8427873201848929
wa-test-000245,0,0.04190537463095827,0,0.8427873201848929
wa-test-000246,1,0.001761301039398074,0,0.8427873201848929
wa-test-000247,0,0.03156679850528831,0,0.8427873201848929
wa-test-000248,0,0.01764679348693764,0,0.8427873201848929
wa-test-000249,0,0.00496374474858646,0,0.8427873201848929
wa-test-000250,0,0.003934612036224393,0,0.8427873201848929
wa-test-000251,0,0.011713761981883035,0,0.8427873201848929
wa-test-000252,0,0.11707015288865358,0,0.8427873201848929
wa-test-000253,0,0.015595818557135087,0,0.8427873201848929
wa-test-000254,0,0.007312282137693688,0,0.8427873201848929
wa-test-000255,0,0.031224827602148928,0,0.8427873201848929
wa-test-000256,0,0.026737235056946706,0,0.8427873201848929
wa-test-000257,0,0.23524035138508934,0,0.8427873201848929
wa-test-000258,1,0.5495426569439751,0,0.8427873201848929
wa-test-000259,0,0.05089821731380964,0,0.8427873201848929
wa-test-000260,0,0.005196555144415432,0,0.8427873201848929
wa-test-000261,0,0.009459301487790497,0,0.8427873201848929
wa-test-000262,0,0.10941871974021089,0,0.8427873201848929
wa-test-000263,0,0.01010446182240346,0,0.8427873201848929
wa-test-000264,0,0.023259314052558457,0,0.8427873201848929
wa-test-000265,0,0.0017647445253587116,0,0.8427873201848929
wa-test-000266,0,0.04460235098151067,0,0.8427873201848929
wa-test-000267,0,0.020129031719097457,0,0.8427873201848929
wa-test-000268,0,0.0005528195896295745,0,0.8427873201848929
wa-test-000269,1,0.0023072721082970996,0,0.8427873201848929
wa-test-000270,0,0.1201172658000239,0,0.8427873201848929
wa-test-000271,0,0.026919242172889688,0,0.8427873201848929
wa-test-000272,0,0.037426538844200365,0,0.8427873201848929
wa-test-000273,0,0.07106110401343647,0,0.8427873201848929
wa-test-000274,0,0.0010746926793713414,0,0.8427873201848929
wa-test-000275,0,0.001300459898043159,0,0.8427873201848929
wa-test-000276,0,0.009022585208727773,0,0.8427873201848929
wa-test-000277,0,0.002447550808230254,0,0.8427873201848929
wa-test-000278,1,0.007157745341377345,0,0.8427873201848929
wa-test-000279,0,0.016008952490416516,0,0.8427873201848929
wa-test-000280,0,0.01101530759694097,0,0.8427873201848929
wa-test-000281,0,0.009211875632654128,0,0.8427873201848929
wa-test-000282,0,0.11312008683460602,0,0.8427873201848929
wa-test-000283,0,0.06303923241218098,0,0.8427873201848929
wa-test-000284,0,0.03522875140667103,0,0.8427873201848929
wa-test-000285,0,0.029630281745126188,0,0.8427873201848929
wa-test-000286,0,0.4347328925880507,0,0.8427873201848929
wa-test-000287,0,0.002139675897435671,0,0.8427873201848929
wa-test-000288,0,0.016740673229137294,0,0.8427873201848929
wa-test-000289,0,0.055224909255361374,0,0.8427873201848929
wa-test-000290,0,0.011005512688121385,0,0.8427873201848929
wa-test-000291,1,0.3109635919052232,0,0.8427873201848929
wa-test-000292,0,0.011914366147424822,0,0.8427873201848929
wa-test-000293,0,0.010435669932317617,0,0.8427873201848929
wa-test-000294,0,0.007181133102464486,0,0.8427873201848929
wa-test-000295,0,0.007114415998468736,0,0.8427873201848929
wa-test-000296,0,0.48325680881651406,0,0.8427873201848929
wa-test-000297,0,0.12021325835000869,0,0.8427873201848929
wa-test-000298,0,0.015977593174430156,0,0.8427873201848929
wa-test-000299,0,0.00436481505573541,0,0.8427873201848929
wa-test-000300,0,0.03297171228326634,0,0.8427873201848929
wa-test-000301,1,0.6359059566773172,0,0.8427873201848929
wa-test-000302,0,0.014856545636891108,0,0.8427873201848929
wa-test-000303,0,0.019529935866034485,0,0.8427873201848929
wa-test-000304,0,0.0037719004082272384,0,0.8427873201848929
wa-test-000305,0,0.011060680857923867,0,0.8427873201848929
wa-test-000306,0,0.02054264500855185,0,0.8427873201848929
wa-test-000307,0,0.08748079687960819,0,0.8427873201848929
wa-test-000308,0,0.007804219994467072,0,0.8427873201848929
wa-test-000309,0,0.17553455918507732,0,0.8427873201848929
wa-test-000310,0,0.0073665100014659625,0,0.8427873201848929
wa-test-000311,0,0.17367859020783522,0,0.8427873201848929
wa-test-000312,0,0.0039486599230271705,0,0.8427873201848929
wa-test-000313,0,0.025919876557145387,0,0.8427873201848929
wa-test-000314,0,0.0076625249917363185,0,0.8427873201848929
wa-test-000315,0,0.0010417182414691453,0,0.8427873201848929
wa-test-000316,0,0.010494131735879157,0,0.8427873201848929
wa-test-000317,0,0.002403013037484395,0,0.8427873201848929
wa-test-000318,0,0.02347306045535908,0,0.8427873201848929
wa-test-000319,0,0.0355567766417494,0,0.8427873201848929
wa-test-000320,0,0.04945005298338993,0,0.8427873201848929
wa-test-000321,0,0.07110761670262598,0,0.8427873201848929
wa-test-000322,0,0.0343858927732137,0,0.8427873201848929
wa-test-000323,0,0.010323968830390388,0,0.8427873201848929
wa-test-000324,1,0.9811123119719226,1,0.8427873201848929
wa-test-000325,0,0.012451826011631105,0,0.8427873201848929
wa-test-000326,0,0.0005965654574013447,0,0.8427873201848929
wa-test-000327,0,0.06370939961701653,0,0.8427873201848929
wa-test-000328,0,0.002828316776029085,0,0.8427873201848929
wa-test-000329,1,0.03355319486487183,0,0.8427873201848929
wa-test-000330,0,0.006016504547309898,0,0.8427873201848929
wa-test-000331,0,0.0070821626459628435,0,0.8427873201848929
wa-test-000332,1,0.008354614112866386,0,0.8427873201848929
wa-test-000333,0,0.13454721753121118,0,0.8427873201848929
wa-test-000334,0,0.021545649521056053,0,0.8427873201848929
wa-test-000335,0,0.0357526116117418,0,0.8427873201848929
wa-test-000336,0,0.028712107305806745,0,0.8427873201848929
wa-test-000337,0,0.006735532324080695,0,0.8427873201848929
wa-test-000338,0,0.02704274577837486,0,0.8427873201848929
wa-test-000339,0,0.00035947823138905314,0,0.8427873201848929
wa-test-000340,0,0.013926704915755058,0,0.8427873201848929
wa-test-000341,0,0.0036583139149685357,0,0.8427873201848929
wa-test-000342,0,0.15278308159561438,0,0.8427873201848929
wa-test-000343,0,0.10476576524620425,0,0.8427873201848929
wa-test-000344,0,0.0035195484074537395,0,0.8427873201848929
wa-test-000345,0,0.04097663927583249,0,0.8427873201848929
wa-test-000346,0,0.0194979447003057,0,0.8427873201848929
wa-test-000347,0,0.005002521726858011,0,0.8427873201848929
wa-test-000348,0,0.0003951629140441256,0,0.8427873201848929
wa-test-000349,0,0.006463198108185985,0,0.8427873201848929
wa-test-000350,0,0.0418118850903904,0,0.8427873201848929
wa-test-000351,0,0.011012748081260937,0,0.8427873201848929
wa-test-000352,0,0.23831572368855417,0,0.8427873201848929
wa-test-000353,0,0.0668944732153804,0,0.8427873201848929
wa-test-000354,0,0.061044187922699514,0,0.8427873201848929
wa-test-000355,0,0.017122115337348757,0,0.8427873201848929
wa-test-000356,0,0.003738347289383414,0,0.8427873201848929
wa-test-000357,0,0.08856561963346574,0,0.8427873201848929
wa-test-000358,0,0.08921322346182885,0,0.8427873201848929
wa-test-000359,0,0.18861209096536483,0,0.8427873201848929
wa-test-000360,0,0.04547484268250424,0,0.8427873201848929
wa-test-000361,0,0.003743788686716509,0,0.8427873201848929
wa-test-000362,0,0.0009807755197404349,0,0.8427873201848929
wa-test-000363,0,0.007629926299995302,0,0.8427873201848929
wa-test-000364,0,0.004235286710154736,0,0.8427873201848929
wa-test-000365,0,0.002550294069924596,0,0.8427873201848929
wa-test-000366,0,0.0047983538348531874,0,0.8427873201848929
wa-test-000367,0,0.052237698068921444,0,0.8427873201848929
wa-test-000368,0,0.02101701426714004,0,0.8427873201848929
wa-test-000369,0,0.003979983039852674,0,0.8427873201848929
wa-test-000370,0,0.030129389970595857,0,0.8427873201848929
wa-test-000371,0,0.0071834118260865965,0,0.8427873201848929
wa-test-000372,0,0.16454308130375253,0,0.8427873201848929
wa-test-000373,0,0.03168391185131171,0,0.8427873201848929
wa-test-000374,0,0.00037261962395702605,0,0.8427873201848929
wa-test-000375,0,0.0011511940481742562,0,0.8427873201848929
wa-test-000376,0,0.012409979915642232,0,0.8427873201848929
wa-test-000377,0,0.22085635503441042,0,0.8427873201848929
wa-test-000378,0,0.007281094232640007,0,0.8427873201848929
wa-test-000379,0,0.0026601445971923387,0,0.8427873201848929
wa-test-000380,0,0.6928123405602673,0,0.8427873201848929
wa-test-000381,0,0.0031221855004602535,0,0.8427873201848929
wa-test-000382,0,0.018010240663897396,0,0.8427873201848929
wa-test-000383,0,0.018231100471608096,0,0.8427873201848929
wa-test-000384,0,0.22811907822466346,0,0.8427873201848929
wa-test-000385,0,0.009905823767224351,0,0.8427873201848929
wa-test-000386,0,0.00040915647702302675,0,0.8427873201848929
wa-test-000387,0,0.5115578357520997,0,0.8427873201848929
wa-test-000388,0,0.0016400496951365327,0,0.8427873201848929
wa-test-000389,0,0.0002549415705842937,0,0.8427873201848929
wa-test-000390,0,0.011599095110727953,0,0.8427873201848929
wa-test-000391,0,0.053614823368935985,0,0.8427873201848929
wa-test-000392,1,0.012463098267257049,0,0.8427873201848929
wa-test-000393,0,0.11020459084697314,0,0.8427873201848929
wa-test-000394,0,0.023973029064724947,0,0.8427873201848929
wa-test-000395,0,0.13150321189093653,0,0.8427873201848929
wa-test-000396,0,0.0709344654485535,0,0.8427873201848929
wa-test-000397,0,0.017813086153468542,0,0.8427873201848929
wa-test-000398,0,0.05779578578850742,0,0.8427873201848929
wa-test-000399,0,0.007824714144665967,0,0.8427873201848929
wa-test-000400,1,0.4261134385223227,0,0.8427873201848929
wa-test-000401,0,0.035433503697996194,0,0.8427873201848929
wa-test-000402,0,0.01248423224140442,0,0.8427873201848929
wa-test-000403,0,0.008739171462639032,0,0.8427873201848929
wa-test-000404,0,0.018510578542160153,0,0.8427873201848929
wa-test-000405,0,0.000610760356423101,0,0.8427873201848929
wa-test-000406,0,0.00812583038467318,0,0.8427873201848929
wa-test-000407,1,0.49265485001832665,0,0.8427873201848929
wa-test-000408,0,0.23416787643927836,0,0.8427873201848929
wa-test-000409,0,0.006823932051972555,0,0.8427873201848929
wa-test-000410,0,0.026782032088422034,0,0.8427873201848929
wa-test-000411,0,0.10486178170116817,0,0.8427873201848929
wa-test-000412,0,0.013402497324255025,0,0.8427873201848929
wa-test-000413,0,0.010370344283455383,0,0.8427873201848929
wa-test-000414,0,0.017207118029243056,0,0.8427873201848929
wa-test-000415,0,0.008221262398796548,0,0.8427873201848929
wa-test-000416,0,0.004148146058496631,0,0.8427873201848929
wa-test-000417,0,0.010999186084418923,0,0.8427873201848929
wa-test-000418,0,0.009051211939896843,0,0.8427873201848929
wa-test-000419,0,0.20924967923194368,0,0.8427873201848929
wa-test-000420,1,0.010514098908367294,0,0.8427873201848929
wa-test-000421,0,0.010061551632935158,0,0.8427873201848929
wa-test-000422,1,0.43454350806276354,0,0.8427873201848929
wa-test-000423,0,0.010958927952765226,0,0.8427873201848929
wa-test-000424,1,0.03627290473183393,0,0.8427873201848929
wa-test-000425,0,0.13869647133249774,0,0.8427873201848929
wa-test-000426,0,0.018879393039622886,0,0.8427873201848929
wa-test-000427,0,0.007430782581217909,0,0.8427873201848929
wa-test-000428,0,0.023934696499562827,0,0.8427873201848929
wa-test-000429,1,0.003324780020540433,0,0.8427873201848929
wa-test-000430,0,0.016789644769396102,0,0.8427873201848929
wa-test-000431,0,0.04054800588358541,0,0.8427873201848929
wa-test-000432,1,0.006594001737932986,0,0.8427873201848929
wa-test-000433,0,0.21515603436722022,0,0.8427873201848929
wa-test-000434,0,0.0115968043893755,0,0.8427873201848929
wa-test-000435,0,0.023479433084089486,0,0.8427873201848929
wa-test-000436,0,0.04576304378832235,0,0.8427873201848929
wa-test-000437,0,0.006385293516780537,0,0.8427873201848929
wa-test-000438,0,0.05868156016653771,0,0.8427873201848929
wa-test-000439,1,0.001261247471757401,0,0.8427873201848929
wa-test-000440,0,0.1328085895320572,0,0.8427873201848929
wa-test-000441,0,0.00268840023980958,0,0.8427873201848929
wa-test-000442,0,0.1206233215937303,0,0.8427873201848929
wa-test-000443,0,0.01839140430293709,0,0.8427873201848929
wa-test-000444,1,0.11929697486900614,0,0.8427873201848929
wa-test-000445,0,0.0572234449321983,0,0.8427873201848929
wa-test-000446,0,0.00926562741847105,0,0.8427873201848929
wa-test-000447,0,0.014665873542304772,0,0.8427873201848929
wa-test-000448,0,0.005114702129603107,0,0.8427873201848929
wa-test-000449,0,0.004743616115135749,0,0.8427873201848929
wa-test-000450,0,0.012010656184941852,0,0.8427873201848929
wa-test-000451,0,0.012271198887512899,0,0.8427873201848929
wa-test-000452,0,0.01966273587367207,0,0.8427873201848929
wa-test-000453,0,0.03945407332654731,0,0.8427873201848929
wa-test-000454,0,0.11564587708894845,0,0.8427873201848929
wa-test-000455,0,0.0007389271721868535,0,0.8427873201848929
wa-test-000456,0,0.0548427746060261,0,0.8427873201848929
wa-test-000457,0,0.03730385494561168,0,0.8427873201848929
wa-test-000458,0,0.012141172202033977,0,0.8427873201848929
wa-test-000459,0,0.0012506625801117256,0,0.8427873201848929
wa-test-000460,0,0.020065567742392477,0,0.8427873201848929
wa-test-000461,0,0.0001359071859995098,0,0.8427873201848929
wa-test-000462,0,0.008455916536049577,0,0.8427873201848929
wa-test-000463,0,0.036521276578230094,0,0.8427873201848929
wa-test-000464,1,0.7386245362077506,0,0.8427873201848929
wa-test-000465,0,0.0023743487444994426,0,0.8427873201848929
wa-test-000466,0,0.0012816752694715656,0,0.8427873201848929
wa-test-000467,1,0.8835158119620035,1,0.8427873201848929
wa-test-000468,0,0.038495616130251466,0,0.8427873201848929
wa-test-000469,0,0.03085091800287657,0,0.8427873201848929
wa-test-000470,0,0.014619815640089573,0,0.8427873201848929
wa-test-000471,0,0.0423512560155236,0,0.8427873201848929
wa-test-000472,0,0.044814005729906924,0,0.8427873201848929
wa-test-000473,0,0.016580563135926287,0,0.8427873201848929
wa-test-000474,0,0.016075120676204382,0,0.8427873201848929
wa-test-000475,0,0.005195804284514464,0,0.8427873201848929
wa-test-000476,0,0.016938358077992283,0,0.8427873201848929
wa-test-000477,0,0.03665906818201839,0,0.8427873201848929
wa-test-000478,0,0.015658602108099245,0,0.8427873201848929
wa-test-000479,0,0.0051326151864734245,0,0.8427873201848929
wa-test-000480,0,0.00499133220035739,0,0.8427873201848929
wa-test-000481,0,0.009674172311424112,0,0.8427873201848929
wa-test-000482,0,0.011549073487167532,0,0.8427873201848929
wa-test-000483,1,0.46986012537796257,0,0.8427873201848929
wa-test-000484,0,0.0045311141690800635,0,0.8427873201848929
wa-test-000485,0,0.007095560204693255,0,0.8427873201848929
wa-test-000486,1,0.6771284219725658,0,0.8427873201848929
wa-test-000487,0,0.10293482836725383,0,0.8427873201848929
wa-test-000488,1,0.0002504800915097751,0,0.8427873201848929
wa-test-000489,0,0.017620870381151028,0,0.8427873201848929
wa-test-000490,0,0.010410681112440841,0,0.8427873201848929
wa-test-000491,1,0.01855349341508325,0,0.8427873201848929
wa-test-000492,0,0.017660283068803236,0,0.8427873201848929
wa-test-000493,0,0.08759052135135183,0,0.8427873201848929
wa-test-000494,0,0.045466056440513346,0,0.8427873201848929
wa-test-000495,0,0.7085006905962046,0,0.8427873201848929
wa-test-000496,0,0.2698030374929221,0,0.8427873201848929
wa-test-000497,0,6.850170432555847e-05,0,0.8427873201848929
wa-test-000498,0,0.004340326049416642,0,0.8427873201848929
wa-test-000499,0,0.0037223151041334383,0,0.8427873201848929
wa-test-000500,0,0.004704204262133507,0,0.8427873201848929
wa-test-000501,0,0.03481407410327682,0,0.8427873201848929
wa-test-000502,0,0.06036014894114699,0,0.8427873201848929
wa-test-000503,0,0.01488333750916137,0,0.8427873201848929
wa-test-000504,0,0.05557239196218004,0,0.8427873201848929
wa-test-000505,0,0.0002591952816161323,0,0.8427873201848929
wa-test-000506,0,0.016656944987177624,0,0.8427873201848929
wa-test-000507,0,0.009169146557316118,0,0.8427873201848929
wa-test-000508,0,0.03445373072945724,0,0.8427873201848929
wa-test-000509,0,0.026166460455132743,0,0.8427873201848929
wa-test-000510,1,0.046645651001164995,0,0.8427873201848929
wa-test-000511,0,0.13681322765607798,0,0.8427873201848929
wa-test-000512,0,0.0894083754346987,0,0.8427873201848929
wa-test-000513,0,0.014504473600156532,0,0.8427873201848929
wa-test-000514,0,0.006654059398544826,0,0.8427873201848929
wa-test-000515,0,0.022213568758064198,0,0.8427873201848929
wa-test-000516,0,0.00998144365982519,0,0.8427873201848929
wa-test-000517,0,0.41719880471896,0,0.8427873201848929
wa-test-000518,0,0.007373239878174681,0,0.8427873201848929
wa-test-000519,1,0.0002764287721897514,0,0.8427873201848929
wa-test-000520,0,0.016167002369952766,0,0.8427873201848929
wa-test-000521,0,0.16247564088002528,0,0.8427873201848929
wa-test-000522,0,0.0007784413127995271,0,0.8427873201848929
wa-test-000523,0,0.0010582375657896743,0,0.8427873201848929
wa-test-000524,0,0.013462575571555883,0,0.8427873201848929
wa-test-000525,1,0.925338198954392,1,0.8427873201848929
wa-test-000526,0,0.03959950240099602,0,0.8427873201848929
wa-test-000527,0,0.019514661296917535,0,0.8427873201848929
wa-test-000528,0,0.3955839527147602,0,0.8427873201848929
wa-test-000529,0,0.02275537166909318,0,0.8427873201848929
wa-test-000530,0,0.0118783234827976,0,0.8427873201848929
wa-test-000531,0,0.024782254480151197,0,0.8427873201848929
wa-test-000532,0,0.011871376988910077,0,0.8427873201848929
wa-test-000533,0,0.03961998158695783,0,0.8427873201848929
wa-test-000534,1,0.9751650442625139,1,0.8427873201848929
wa-test-000535,0,0.004034466658815232,0,0.8427873201848929
wa-test-000536,0,0.02911794832613817,0,0.8427873201848929
wa-test-000537,0,0.08431728574038619,0,0.8427873201848929
wa-test-000538,0,0.006135755161650453,0,0.8427873201848929
wa-test-000539,0,0.023156087618509378,0,0.8427873201848929
wa-test-000540,0,0.5629541412434672,0,0.8427873201848929
wa-test-000541,0,0.03488754022374398,0,0.8427873201848929
wa-test-000542,0,0.0012415111500277487,0,0.8427873201848929
wa-test-000543,0,0.007786311028047332,0,0.8427873201848929
wa-test-000544,0,0.007816505110554426,0,0.8427873201848929
wa-test-000545,0,0.13387782081536798,0,0.8427873201848929
wa-test-000546,0,0.2167456461765374,0,0.8427873201848929
wa-test-000547,0,0.02786899819404743,0,0.8427873201848929
wa-test-000548,0,0.0019254822582988958,0,0.8427873201848929
wa-test-000549,0,0.058684211546682075,0,0.8427873201848929
wa-test-000550,0,0.006419283104901678,0,0.8427873201848929
wa-test-000551,0,0.03160621609612857,0,0.8427873201848929
wa-test-000552,0,0.016577732042243498,0,0.8427873201848929
wa-test-000553,0,0.0028406034363747073,0,0.8427873201848929
wa-test-000554,0,0.04750840044896957,0,0.8427873201848929
wa-test-000555,0,0.012784904381929352,0,0.8427873201848929
wa-test-000556,0,0.05683804514655358,0,0.8427873201848929
wa-test-000557,0,0.10005689913985026,0,0.8427873201848929
wa-test-000558,1,0.2814595720809049,0,0.8427873201848929
wa-test-000559,1,0.004899995481008732,0,0.8427873201848929
wa-test-000560,0,0.005270400338207445,0,0.8427873201848929
wa-test-000561,0,0.013867750421727887,0,0.8427873201848929
wa-test-000562,0,0.007069257308646895,0,0.8427873201848929
wa-test-000563,0,0.019435252500689625,0,0.8427873201848929
wa-test-000564,0,0.005036292469751722,0,0.8427873201848929
wa-test-000565,0,0.013092425378678507,0,0.8427873201848929
wa-test-000566,0,0.004223573351788874,0,0.8427873201848929
wa-test-000567,0,0.05123692215140191,0,0.8427873201848929
wa-test-000568,0,0.016158540618281963,0,0.8427873201848929
wa-test-000569,0,0.017945327468843763,0,0.8427873201848929
wa-test-000570,0,0.007433034047313967,0,0.8427873201848929
wa-test-000571,1,0.0023872476441896273,0,0.8427873201848929
wa-test-000572,0,0.0025428062867644914,0,0.8427873201848929
wa-test-000573,0,0.010879858056710967,0,0.8427873201848929
wa-test-000574,0,0.0037559101759709612,0,0.8427873201848929
wa-test-000575,0,0.09108770478717236,0,0.8427873201848929
wa-test-000576,0,0.013877728883060816,0,0.8427873201848929
wa-test-000577,0,0.05342483485582324,0,0.8427873201848929
wa-test-000578,0,0.018082100721117232,0,0.8427873201848929
wa-test-000579,0,0.01790232683474037,0,0.8427873201848929
wa-test-000580,0,0.05512274133382163,0,0.8427873201848929
wa-test-000581,1,0.00019483317670570383,0,0.8427873201848929
wa-test-000582,0,0.011863018074518603,0,0.8427873201848929
wa-test-000583,1,0.07256894028711541,0,0.8427873201848929
wa-test-000584,0,0.027238444827212795,0,0.8427873201848929
wa-test-000585,0,0.22805273327420386,0,0.8427873201848929
wa-test-000586,0,0.018471316576041275,0,0.8427873201848929
wa-test-000587,0,0.026264423416628286,0,0.8427873201848929
wa-test-000588,0,0.00240095702253707,0,0.8427873201848929
wa-test-000589,1,0.4225224684472269,0,0.8427873201848929
wa-test-000590,0,0.0036238302944112144,0,0.8427873201848929
wa-test-000591,0,0.03508144073341773,0,0.8427873201848929
wa-test-000592,1,0.066495714197559,0,0.8427873201848929
wa-test-000593,0,0.08363092261534268,0,0.8427873201848929
wa-test-000594,0,0.012042759907628086,0,0.8427873201848929
wa-test-000595,0,0.020106496559564875,0,0.8427873201848929
wa-test-000596,0,0.011891343880822483,0,0.8427873201848929
wa-test-000597,0,0.008207799130325964,0,0.8427873201848929
wa-test-000598,0,0.005590552596321719,0,0.8427873201848929
wa-test-000599,0,0.13399847601969786,0,0.8427873201848929
wa-test-000600,0,0.0005137875501554762,0,0.8427873201848929
wa-test-000601,1,0.9522900981503497,1,0.8427873201848929
wa-test-000602,0,0.025988873367023282,0,0.8427873201848929
wa-test-000603,0,0.017704907519496216,0,0.8427873201848929
wa-test-000604,0,0.0031263694131327307,0,0.8427873201848929
wa-test-000605,0,0.007546315284398962,0,0.8427873201848929
wa-test-000606,0,0.011477490853030905,0,0.8427873201848929
wa-test-000607,0,0.16639336038991506,0,0.8427873201848929
wa-test-000608,1,0.65048066799462,0,0.8427873201848929
wa-test-000609,0,0.019657072800682705,0,0.8427873201848929
wa-test-000610,0,0.00033141519588170034,0,0.8427873201848929
wa-test-000611,0,0.057730085025059365,0,0.8427873201848929
wa-test-000612,1,0.02210532125288508,0,0.8427873201848929
wa-test-000613,0,0.28055076505058524,0,0.8427873201848929
wa-test-000614,0,0.03967825564881832,0,0.8427873201848929
wa-test-000615,0,0.08561578419493991,0,0.8427873201848929
wa-test-000616,0,0.06796393985015761,0,0.8427873201848929
wa-test-000617,0,0.15550260040740793,0,0.8427873201848929
wa-test-000618,0,0.00800637244713083,0,0.8427873201848929
wa-test-000619,0,0.221689433756912,0,0.8427873201848929
wa-test-000620,0,0.009167543238030833,0,0.8427873201848929
wa-test-000621,0,0.024911523017722974,0,0.8427873201848929
wa-test-000622,0,0.008213107214080044,0,0.8427873201848929
wa-test-000623,0,0.00037291713421412376,0,0.8427873201848929
wa-test-000624,0,0.032497614185390086,0,0.8427873201848929
wa-test-000625,0,0.023487226394565998,0,0.8427873201848929
wa-test-000626,0,0.13455391698463925,0,0.8427873201848929
wa-test-000627,0,0.029354005062860865,0,0.8427873201848929
wa-test-000628,0,0.04904816577926198,0,0.8427873201848929
wa-test-000629,0,0.02440220465171408,0,0.8427873201848929
wa-test-000630,0,0.00832139440055812,0,0.8427873201848929
wa-test-000631,0,0.07673404801464456,0,0.8427873201848929
wa-test-000632,1,0.84119605778487,0,0.8427873201848929
wa-test-000633,0,0.01675725241258741,0,0.8427873201848929
wa-test-000634,0,0.030571227781789265,0,0.8427873201848929
wa-test-000635,0,0.13337238263117995,0,0.8427873201848929
wa-test-000636,0,0.07572613357557613,0,0.8427873201848929
wa-test-000637,0,0.20381840296585793,0,0.8427873201848929
wa-test-000638,0,0.00504019123915333,0,0.8427873201848929
wa-test-000639,0,0.014217636110964594,0,0.8427873201848929
wa-test-000640,0,0.02444073941657236,0,0.8427873201848929
wa-test-000641,1,0.3196009950062733,0,0.8427873201848929
wa-test-000642,0,0.03490355910114095,0,0.8427873201848929
wa-test-000643,0,0.0007237785555223148,0,0.8427873201848929
wa-test-000644,0,0.004202883773714878,0,0.8427873201848929
wa-test-000645,0,0.06387032927847784,0,0.8427873201848929
wa-test-000646,0,0.26315233625933687,0,0.8427873201848929
wa-test-000647,0,0.09975017148157189,0,0.8427873201848929
wa-test-000648,0,0.11358544471075811,0,0.8427873201848929
wa-test-000649,0,0.2829091403141091,0,0.8427873201848929
wa-test-000650,1,0.0002512283574308864,0,0.8427873201848929
wa-test-000651,0,0.0001925813937685098,0,0.8427873201848929
wa-test-000652,0,0.0005277983914869067,0,0.8427873201848929
wa-test-000653,0,0.1957881342276224,0,0.8427873201848929
wa-test-000654,0,0.07009910952532697,0,0.8427873201848929
wa-test-000655,1,0.9894157017237631,1,0.8427873201848929
wa-test-000656,0,0.011485634554527386,0,0.8427873201848929
wa-test-000657,1,0.766455910443555,0,0.8427873201848929
wa-test-000658,0,0.02456662650918493,0,0.8427873201848929
wa-test-000659,0,0.062249375581808875,0,0.8427873201848929
wa-test-000660,0,0.004499632720990918,0,0.8427873201848929
wa-test-000661,0,0.004316002975523191,0,0.8427873201848929
wa-test-000662,0,0.021777699439437852,0,0.8427873201848929
wa-test-000663,0,0.01109517535159343,0,0.8427873201848929
wa-test-000664,1,0.8871297926096923,1,0.8427873201848929
wa-test-000665,0,0.0049265666650336,0,0.8427873201848929
wa-test-000666,0,0.007940208214173966,0,0.8427873201848929
wa-test-000667,0,0.0013251955415991058,0,0.8427873201848929
wa-test-000668,0,0.09476607061123635,0,0.8427873201848929
wa-test-000669,0,0.023893236175471483,0,0.8427873201848929
wa-test-000670,0,0.006064716225740965,0,0.8427873201848929
wa-test-000671,0,0.006789480696284248,0,0.8427873201848929
wa-test-000672,0,0.0020956377296460706,0,0.8427873201848929
wa-test-000673,0,0.01932370243614455,0,0.8427873201848929
wa-test-000674,0,0.06006312847912708,0,0.8427873201848929
wa-test-000675,0,0.011317273503235688,0,0.8427873201848929
wa-test-000676,0,0.11296419096704631,0,0.8427873201848929
wa-test-000677,0,0.03408186083635759,0,0.8427873201848929
wa-test-000678,1,0.4354063437703962,0,0.8427873201848929
wa-test-000679,0,0.0008367379086591419,0,0.8427873201848929
wa-test-000680,0,0.044465108582841674,0,0.8427873201848929
wa-test-000681,0,0.0024418681882187746,0,0.8427873201848929
wa-test-000682,0,0.04849862758661211,0,0.8427873201848929
wa-test-000683,0,0.01406794240867259,0,0.8427873201848929
wa-test-000684,0,0.38691751264497515,0,0.8427873201848929
wa-test-000685,0,0.008725653150455705,0,0.8427873201848929
wa-test-000686,0,0.0011779007459195353,0,0.8427873201848929
wa-test-000687,0,0.04109107314656537,0,0.8427873201848929
wa-test-000688,0,0.1704620364078161,0,0.8427873201848929
wa-test-000689,0,0.015510924125730578,0,0.8427873201848929
wa-test-000690,0,0.03239904000635557,0,0.8427873201848929
wa-test-000691,0,0.029058580734335725,0,0.8427873201848929
wa-test-000692,0,0.03311975142964225,0,0.8427873201848929
wa-test-000693,0,0.0013327605338815285,0,0.8427873201848929
wa-test-000694,0,0.031681287232882896,0,0.8427873201848929
wa-test-000695,0,0.0018367694725361533,0,0.8427873201848929
wa-test-000696,1,0.00021190490497297184,0,0.8427873201848929
wa-test-000697,0,0.012164698734029939,0,0.8427873201848929
wa-test-000698,0,0.0771441110172962,0,0.8427873201848929
wa-test-000699,0,0.04547068253086963,0,0.8427873201848929
wa-test-000700,1,0.183923438005948,0,0.8427873201848929
wa-test-000701,1,0.544164327877102,0,0.8427873201848929
wa-test-000702,0,0.016133777099775964,0,0.8427873201848929
wa-test-000703,0,0.00412614620594818,0,0.8427873201848929
wa-test-000704,0,0.01120618595965923,0,0.8427873201848929
wa-test-000705,0,0.03183014537497835,0,0.8427873201848929
wa-test-000706,0,0.011403943237698012,0,0.8427873201848929
wa-test-000707,0,0.16311663450160716,0,0.8427873201848929
wa-test-000708,0,0.03017474229357929,0,0.8427873201848929
wa-test-000709,0,0.04606065047703289,0,0.8427873201848929
wa-test-000710,0,0.029862880943121492,0,0.8427873201848929
wa-test-000711,0,0.0012678755956159152,0,0.8427873201848929
wa-test-000712,0,0.013340001592839086,0,0.8427873201848929
wa-test-000713,0,0.009045499983596427,0,0.8427873201848929
wa-test-000714,0,0.022845215985240672,0,0.8427873201848929
wa-test-000715,0,0.008123903594117075,0,0.8427873201848929
wa-test-000716,0,0.011222436776594008,0,0.8427873201848929
wa-test-000717,0,0.04099749619209194,0,0.8427873201848929
wa-test-000718,0,0.020257074119855296,0,0.8427873201848929
wa-test-000719,1,0.0008579456601223379,0,0.8427873201848929
wa-test-000720,0,0.03920410918898968,0,0.8427873201848929
wa-test-000721,0,0.007679311139997312,0,0.8427873201848929
wa-test-000722,0,0.024795438666956753,0,0.8427873201848929
wa-test-000723,0,0.018738253509544,0,0.8427873201848929
wa-test-000724,0,0.034788836990725956,0,0.8427873201848929
wa-test-000725,0,0.02358660351633503,0,0.8427873201848929
wa-test-000726,0,0.02488722461348665,0,0.8427873201848929
wa-test-000727,0,0.002166625772630459,0,0.8427873201848929
wa-test-000728,0,0.09516165325829445,0,0.8427873201848929
wa-test-000729,1,0.8981540358432819,1,0.8427873201848929
wa-test-000730,0,0.020169595598978653,0,0.8427873201848929
wa-test-000731,0,0.011821286786006526,0,0.8427873201848929
wa-test-000732,1,0.9825810954487871,1,0.8427873201848929
wa-test-000733,0,0.1911568686681532,0,0.8427873201848929
wa-test-000734,0,0.0045740797941745456,0,0.8427873201848929
wa-test-000735,0,0.016462571989633162,0,0.8427873201848929
wa-test-000736,0,0.0046128690404702655,0,0.8427873201848929
wa-test-000737,0,0.0312848112345096,0,0.8427873201848929
wa-test-000738,1,0.03748817244857112,0,0.8427873201848929
wa-test-000739,0,0.00449763838036606,0,0.8427873201848929
wa-test-000740,0,0.017363942843123214,0,0.8427873201848929
wa-test-000741,0,0.010539626702159403,0,0.8427873201848929
wa-test-000742,0,0.006739847909728288,0,0.8427873201848929
wa-test-000743,0,0.0021604719732174096,0,0.8427873201848929
wa-test-000744,0,0.20593534537042646,0,0.8427873201848929
wa-test-000745,0,0.2944285144386374,0,0.8427873201848929
wa-test-000746,0,0.10632655379322302,0,0.8427873201848929
wa-test-000747,0,0.006177244468694607,0,0.8427873201848929
wa-test-000748,0,0.005038432052909198,0,0.8427873201848929
wa-test-000749,0,0.006071217530617035,0,0.8427873201848929
wa-test-000750,0,0.005052171250968165,0,0.8427873201848929
wa-test-000751,0,0.0011496535711059846,0,0.8427873201848929
wa-test-000752,0,0.0016104119484900924,0,0.8427873201848929
wa-test-000753,0,0.0005546059905489324,0,0.8427873201848929
wa-test-000754,0,0.047757510188096486,0,0.8427873201848929
wa-test-000755,0,0.033794150299575935,0,0.8427873201848929
wa-test-000756,0,0.0077065651965758306,0,0.8427873201848929
wa-test-000757,0,0.19745591750126595,0,0.8427873201848929
wa-test-000758,0,0.001122849649485626,0,0.8427873201848929
wa-test-000759,0,0.2604559414665626,0,0.8427873201848929
wa-test-000760,1,0.12414089164569238,0,0.8427873201848929
wa-test-000761,0,0.11387518307685009,0,0.8427873201848929
wa-test-000762,0,0.03528673039701749,0,0.8427873201848929
wa-test-000763,0,0.018775553137137024,0,0.8427873201848929
wa-test-000764,0,0.11133321609902051,0,0.8427873201848929
wa-test-000765,0,0.04411761330365944,0,0.8427873201848929
wa-test-000766,0,0.08371421572251485,0,0.8427873201848929
wa-test-000767,0,0.2945449195005642,0,0.8427873201848929
wa-test-000768,0,0.04950782013517377,0,0.8427873201848929
wa-test-000769,0,0.005509921189411923,0,0.8427873201848929
wa-test-000770,0,0.02048138783598497,0,0.8427873201848929
wa-test-000771,0,0.004243239647067572,0,0.8427873201848929
wa-test-000772,0,0.2300125301893509,0,0.8427873201848929
wa-test-000773,1,0.011997861822897088,0,0.8427873201848929
wa-test-000774,0,0.01056162823029802,0,0.8427873201848929
wa-test-000775,0,0.003657673808634008,0,0.8427873201848929
wa-test-000776,0,0.06051858416405111,0,0.8427873201848929
wa-test-000777,0,0.028219054053407272,0,0.8427873201848929
wa-test-000778,0,0.001370020605259043,0,0.8427873201848929
wa-test-000779,0,0.0009691054162481711,0,0.8427873201848929
wa-test-000780,0,0.43763331036178793,0,0.8427873201848929
wa-test-000781,0,0.007800307293507783,0,0.8427873201848929
wa-test-000782,0,0.035137983847551034,0,0.8427873201848929
wa-test-000783,1,0.16781006342364344,0,0.8427873201848929
wa-test-000784,0,0.0008383873399186906,0,0.8427873201848929
wa-test-000785,0,0.030288144742161856,0,0.8427873201848929
wa-test-000786,0,0.005757451330373263,0,0.8427873201848929
wa-test-000787,0,0.08617522036963288,0,0.8427873201848929
wa-test-000788,0,0.0032247682878894825,0,0.8427873201848929
wa-test-000789,0,0.006654968697597893,0,0.8427873201848929
wa-test-000790,0,0.10526256431514226,0,0.8427873201848929
wa-test-000791,0,0.0016212293038049953,0,0.8427873201848929
wa-test-000792,0,0.08300949386834372,0,0.8427873201848929
wa-test-000793,0,0.00587434106285193,0,0.8427873201848929
wa-test-000794,0,0.05038377073857374,0,0.8427873201848929
wa-test-000795,1,0.26679615550982866,0,0.8427873201848929
wa-test-000796,0,0.019357797592807178,0,0.8427873201848929
wa-test-000797,0,0.0006993262474829674,0,0.8427873201848929
wa-test-000798,0,0.020532605369968305,0,0.8427873201848929
wa-test-000799,0,0.048656927861128636,0,0.8427873201848929
wa-test-000800,0,0.027657140637340167,0,0.8427873201848929
wa-test-000801,0,0.0013048659862355404,0,0.8427873201848929
wa-test-000802,0,0.0008676801870829212,0,0.8427873201848929
wa-test-000803,1,0.03960380697276867,0,0.8427873201848929
wa-test-000804,0,0.20512569868030728,0,0.8427873201848929
wa-test-000805,1,0.007275891199193997,0,0.8427873201848929
wa-test-000806,0,0.002525393376551561,0,0.8427873201848929
wa-test-000807,0,0.006535622134787811,0,0.8427873201848929
wa-test-000808,0,0.020298723295821747,0,0.8427873201848929
wa-test-000809,0,0.0917268943875418,0,0.8427873201848929
wa-test-000810,0,0.008795388939852159,0,0.8427873201848929
wa-test-000811,0,0.028947476075228025,0,0.8427873201848929
wa-test-000812,0,0.05072134022022815,0,0.8427873201848929
wa-test-000813,0,0.002973282791607092,0,0.8427873201848929
wa-test-000814,1,0.017164120798968726,0,0.8427873201848929
wa-test-000815,0,0.003187765393296188,0,0.8427873201848929
wa-test-000816,1,0.995920289868698,1,0.8427873201848929
wa-test-000817,0,0.003059284468041494,0,0.8427873201848929
wa-test-000818,0,0.22514181899763727,0,0.8427873201848929
wa-test-000819,0,0.005681443112218819,0,0.8427873201848929
wa-test-000820,0,0.2884122979135997,0,0.8427873201848929
wa-test-000821,0,0.01593615276038372,0,0.8427873201848929
wa-test-000822,0,0.02446486294496098,0,0.8427873201848929
wa-test-000823,0,0.0007743696749472898,0,0.8427873201848929
wa-test-000824,0,0.011823851171957852,0,0.8427873201848929
wa-test-000825,0,0.01085430286519815,0,0.8427873201848929
wa-test-000826,0,0.08209080400208564,0,0.8427873201848929
wa-test-000827,0,0.010650334679746623,0,0.8427873201848929
wa-test-000828,0,0.006218819605641971,0,0.8427873201848929
wa-test-000829,0,0.050986085490286256,0,0.8427873201848929
wa-test-000830,0,0.007346386251392366,0,0.8427873201848929
wa-test-000831,0,0.05808530922929354,0,0.8427873201848929
wa-test-000832,0,0.0029865661678685966,0,0.8427873201848929
wa-test-000833,0,0.006184270708054891,0,0.8427873201848929
wa-test-000834,0,0.0016373018808710244,0,0.8427873201848929
wa-test-000835,0,0.008974003040941743,0,0.8427873201848929
wa-test-000836,0,0.2576503258251236,0,0.8427873201848929
wa-test-000837,1,0.8968256422131142,1,0.8427873201848929
wa-test-000838,0,0.06021166918334807,0,0.8427873201848929
wa-test-000839,0,0.014239958695424012,0,0.8427873201848929
wa-test-000840,0,0.1449491163985354,0,0.8427873201848929
wa-test-000841,0,0.02105607874873395,0,0.8427873201848929
wa-test-000842,1,0.8368530304651258,0,0.8427873201848929
wa-test-000843,0,0.013649115336996939,0,0.8427873201848929
wa-test-000844,0,0.0531836909940952,0,0.8427873201848929
wa-test-000845,0,0.0018161194277329733,0,0.8427873201848929
wa-test-000846,0,0.03678669474372878,0,0.8427873201848929
wa-test-000847,0,0.0350094006461305,0,0.8427873201848929
wa-test-000848,0,0.006475067958904236,0,0.8427873201848929
wa-test-000849,1,0.09480764056383775,0,0.8427873201848929
wa-test-000850,0,0.001670599966339755,0,0.8427873201848929
wa-test-000851,0,0.006595575979959496,0,0.8427873201848929
wa-test-000852,0,0.0033428786730864686,0,0.8427873201848929
wa-test-000853,0,0.0007922652503901434,0,0.8427873201848929
wa-test-000854,0,0.012114696673826692,0,0.8427873201848929
wa-test-000855,0,0.0007832309867856773,0,0.8427873201848929
wa-test-000856,0,0.0014950962635689406,0,0.8427873201848929
wa-test-000857,0,0.010485957398345288,0,0.8427873201848929
wa-test-000858,0,0.007182997084325874,0,0.8427873201848929
wa-test-000859,1,0.9516926022258664,1,0.8427873201848929
wa-test-000860,0,0.05213396440638758,0,0.8427873201848929
wa-test-000861,0,0.07177988700508411,0,0.8427873201848929
wa-test-000862,0,0.0030332642931514,0,0.8427873201848929
wa-test-000863,0,0.44349734035818494,0,0.8427873201848929
wa-test-000864,0,0.02761442685631537,0,0.8427873201848929
wa-test-000865,0,0.0030200011053830296,0,0.8427873201848929
wa-test-000866,0,0.05939861147145485,0,0.8427873201848929
wa-test-000867,0,0.2899211939528121,0,0.8427873201848929
wa-test-000868,0,0.0005864348247071226,0,0.8427873201848929
wa-test-000869,0,0.06660535995766534,0,0.8427873201848929
wa-test-000870,0,0.06914329799257155,0,0.8427873201848929
wa-test-000871,0,0.00011980250915140381,0,0.8427873201848929
wa-test-000872,0,0.1155428669401058,0,0.8427873201848929
wa-test-000873,0,0.004548783259361549,0,0.8427873201848929
wa-test-000874,1,0.7004812112349453,0,0.8427873201848929
wa-test-000875,0,0.18155989507584366,0,0.8427873201848929
wa-test-000876,0,0.0018669273199857861,0,0.8427873201848929
wa-test-000877,0,0.004876331227322889,0,0.8427873201848929
wa-test-000878,1,0.0005590189058234336,0,0.8427873201848929
wa-test-000879,0,0.01891555898251599,0,0.8427873201848929
wa-test-000880,0,0.012203376471794612,0,0.8427873201848929
wa-test-000881,0,0.020947622169161087,0,0.8427873201848929
wa-test-000882,0,0.009463053310812639,0,0.8427873201848929
wa-test-000883,0,0.0054270535826163434,0,0.8427873201848929
wa-test-000884,1,0.00765450181919349,0,0.8427873201848929
wa-test-000885,1,0.0983913566843202,0,0.8427873201848929
wa-test-000886,0,0.06715323079244932,0,0.8427873201848929
wa-test-000887,0,0.03050621096538008,0,0.8427873201848929
wa-test-000888,0,0.002945295881821206,0,0.8427873201848929
wa-test-000889,0,0.24108482626146724,0,0.8427873201848929
wa-test-000890,0,0.03461764813118897,0,0.8427873201848929
wa-test-000891,0,0.0018721753846042042,0,0.8427873201848929
wa-test-000892,0,0.013699625129775716,0,0.8427873201848929
wa-test-000893,0,0.004382336390347294,0,0.8427873201848929
wa-test-000894,0,0.8240185107234717,0,0.8427873201848929
wa-test-000895,0,0.01106337092040069,0,0.8427873201848929
wa-test-000896,0,0.005131418596330365,0,0.8427873201848929
wa-test-000897,0,0.12028601270595009,0,0.8427873201848929
wa-test-000898,0,0.019557174763799617,0,0.8427873201848929
wa-test-000899,0,0.018154488958853566,0,0.8427873201848929
wa-test-000900,0,0.011969293740466062,0,0.8427873201848929
wa-test-000901,0,0.001912290270031765,0,0.8427873201848929
wa-test-000902,0,0.001581574134904667,0,0.8427873201848929
wa-test-000903,0,0.040015430216624646,0,0.8427873201848929
wa-test-000904,0,0.013227756627379433,0,0.8427873201848929
wa-test-000905,0,0.12806676550483806,0,0.8427873201848929
wa-test-000906,0,0.0007791404208645189,0,0.8427873201848929
wa-test-000907,0,0.0018189541428881473,0,0.8427873201848929
wa-test-000908,0,0.06491906389595965,0,0.8427873201848929
wa-test-000909,0,0.012508868317513366,0,0.8427873201848929
wa-test-000910,0,0.04026064240416754,0,0.8427873201848929
wa-test-000911,0,0.650123810887243,0,0.8427873201848929
wa-test-000912,1,0.5632629608741844,0,0.8427873201848929
wa-test-000913,1,0.4625877525832997,0,0.8427873201848929
wa-test-000914,0,0.003857802517519664,0,0.8427873201848929
wa-test-000915,0,0.0056611112193745185,0,0.8427873201848929
wa-test-000916,0,0.05958702847633707,0,0.8427873201848929
wa-test-000917,0,0.025374369900533125,0,0.8427873201848929
wa-test-000918,0,0.00021353827746642612,0,0.8427873201848929
wa-test-000919,0,0.012025904907783236,0,0.8427873201848929
wa-test-000920,0,0.011186313223234429,0,0.8427873201848929
wa-test-000921,0,0.037180464996944586,0,0.8427873201848929
wa-test-000922,0,0.22970536372450176,0,0.8427873201848929
wa-test-000923,0,0.0005213758124919452,0,0.8427873201848929
wa-test-000924,0,0.10278628152500505,0,0.8427873201848929
wa-test-000925,0,0.02279660003537636,0,0.8427873201848929
wa-test-000926,0,0.026300784584580402,0,0.8427873201848929
wa-test-000927,0,0.003274726593142952,0,0.8427873201848929
wa-test-000928,0,0.1499638350314024,0,0.8427873201848929
wa-test-000929,0,0.026335243856194266,0,0.8427873201848929
wa-test-000930,0,0.010495567747989898,0,0.8427873201848929
wa-test-000931,0,0.03922491551579215,0,0.8427873201848929
wa-test-000932,0,0.0031615695889151995,0,0.8427873201848929
wa-test-000933,1,0.009942291566560029,0,0.8427873201848929
wa-test-000934,0,0.008536058419305537,0,0.8427873201848929
wa-test-000935,0,0.0075663988009411565,0,0.8427873201848929
wa-test-000936,0,0.003372822461561509,0,0.8427873201848929
wa-test-000937,0,0.001950563442206611,0,0.8427873201848929
wa-test-000938,0,0.007445570250671148,0,0.8427873201848929
wa-test-000939,0,0.013559411245231983,0,0.8427873201848929
wa-test-000940,0,0.011183610662537811,0,0.8427873201848929
wa-test-000941,0,0.013997406499000239,0,0.8427873201848929
wa-test-000942,0,0.032096218591229804,0,0.8427873201848929
wa-test-000943,0,0.026489090119776546,0,0.8427873201848929
wa-test-000944,0,0.26041216997235656,0,0.8427873201848929
wa-test-000945,0,0.2107721842110936,0,0.8427873201848929
wa-test-000946,0,0.001407204389009046,0,0.8427873201848929
wa-test-000947,0,0.2757750498014278,0,0.8427873201848929
wa-test-000948,0,0.017229977677928533,0,0.8427873201848929
wa-test-000949,0,0.07316617186432174,0,0.8427873201848929
wa-test-000950,0,0.03580622740045013,0,0.8427873201848929
wa-test-000951,0,0.006896904716430817,0,0.8427873201848929
wa-test-000952,0,0.06147904764470842,0,0.8427873201848929
wa-test-000953,0,0.00021722526842922758,0,0.8427873201848929
wa-test-000954,0,0.013585566881026368,0,0.8427873201848929
wa-test-000955,0,0.06240532490343632,0,0.8427873201848929
wa-test-000956,0,0.018841946700505367,0,0.8427873201848929
wa-test-000957,0,0.013295858962471601,0,0.8427873201848929
wa-test-000958,0,0.006380077881808527,0,0.8427873201848929
wa-test-000959,0,0.1539583538453159,0,0.8427873201848929
wa-test-000960,0,0.008037280896748197,0,0.8427873201848929
wa-test-000961,0,0.081466532684267,0,0.8427873201848929
wa-test-000962,0,0.01054988967916438,0,0.8427873201848929
wa-test-000963,0,0.6041929392408089,0,0.8427873201848929
wa-test-000964,0,0.002559898395897325,0,0.8427873201848929
wa-test-000965,1,0.007032273356174308,0,0.8427873201848929
wa-test-000966,0,0.004693614505828097,0,0.8427873201848929
wa-test-000967,0,0.024792388255456214,0,0.8427873201848929
wa-test-000968,0,0.0022325964991437926,0,0.8427873201848929
wa-test-000969,0,0.01867015213742229,0,0.8427873201848929
wa-test-000970,0,0.10652239521598589,0,0.8427873201848929
wa-test-000971,0,0.017254247707319398,0,0.8427873201848929
wa-test-000972,0,0.007742213862934724,0,0.8427873201848929
wa-test-000973,0,0.27778469172583037,0,0.8427873201848929
wa-test-000974,0,0.0018076743739773144,0,0.8427873201848929
wa-test-000975,0,0.026899662335121866,0,0.8427873201848929
wa-test-000976,0,0.02835805267133524,0,0.8427873201848929
wa-test-000977,0,0.06767835674657295,0,0.8427873201848929
wa-test-000978,1,0.7719638496837099,0,0.8427873201848929
wa-test-000979,0,0.007312090619968052,0,0.8427873201848929
wa-test-000980,0,0.0022866144256306555,0,0.8427873201848929
wa-test-000981,0,0.00028501278275584117,0,0.8427873201848929
wa-test-000982,0,0.042296512368848,0,0.8427873201848929
wa-test-000983,1,0.06923260500665142,0,0.8427873201848929
wa-test-000984,1,0.16414202409662015,0,0.8427873201848929
wa-test-000985,0,0.03521869372110522,0,0.8427873201848929
wa-test-000986,0,0.010500733241441415,0,0.8427873201848929
wa-test-000987,1,0.8028618866458838,0,0.8427873201848929
wa-test-000988,0,0.0259717159142813,0,0.8427873201848929
wa-test-000989,1,0.6612875713541887,0,0.8427873201848929
wa-test-000990,0,0.005755139004197944,0,0.8427873201848929
wa-test-000991,0,0.018321128996168858,0,0.8427873201848929
wa-test-000992,0,0.023599752839624406,0,0.8427873201848929
wa-test-000993,0,0.018585771747071756,0,0.8427873201848929
wa-test-000994,0,0.0053168225019812705,0,0.8427873201848929
wa-test-000995,0,0.00030572621773967853,0,0.8427873201848929
wa-test-000996,0,0.03732545663110788,0,0.8427873201848929
wa-test-000997,0,0.0027182012390142164,0,0.8427873201848929
wa-test-000998,0,0.014902315740910945,0,0.8427873201848929
wa-test-000999,0,0.010103838465200682,0,0.8427873201848929
wa-test-001000,0,0.016988244085816416,0,0.8427873201848929
wa-test-001001,0,0.040057859570719744,0,0.8427873201848929
wa-test-001002,0,0.06288180202810348,0,0.8427873201848929
wa-test-001003,1,0.058628243075718255,0,0.8427873201848929
wa-test-001004,0,0.013375879722965583,0,0.8427873201848929
wa-test-001005,0,0.0056371413131520685,0,0.8427873201848929
wa-test-001006,0,0.15567079819527027,0,0.8427873201848929
wa-test-001007,0,0.028767736881679308,0,0.8427873201848929
wa-test-001008,0,0.021249812719377197,0,0.8427873201848929
wa-test-001009,0,0.08466131713983319,0,0.8427873201848929
wa-test-001010,0,0.0007898430697178575,0,0.8427873201848929
wa-test-001011,0,0.04603389738429422,0,0.8427873201848929
wa-test-001012,0,0.008086383306313822,0,0.8427873201848929
wa-test-001013,0,0.014634657768098587,0,0.8427873201848929
wa-test-001014,0,0.04768440048757335,0,0.8427873201848929
wa-test-001015,0,0.015785443850567554,0,0.8427873201848929
wa-test-001016,1,0.0005837097272272629,0,0.8427873201848929
wa-test-001017,0,0.037027084518025256,0,0.8427873201848929
wa-test-001018,0,0.17277361316916612,0,0.8427873201848929
wa-test-001019,0,0.007942688133274853,0,0.8427873201848929
wa-test-001020,1,0.7607087367082198,0,0.8427873201848929
wa-test-001021,1,0.17641646583933232,0,0.8427873201848929
wa-test-001022,0,0.06757648565421805,0,0.8427873201848929
wa-test-001023,0,0.041314494437005446,0,0.8427873201848929
wa-test-001024,0,0.020616521732194623,0,0.8427873201848929
wa-test-001025,0,0.0066861267842738496,0,0.8427873201848929
wa-test-001026,0,0.02027862898348435,0,0.8427873201848929
wa-test-001027,0,0.008372556551533974,0,0.8427873201848929
wa-test-001028,0,0.013305813687630088,0,0.8427873201848929
wa-test-001029,0,0.07042367581342796,0,0.8427873201848929
wa-test-001030,0,0.35703791203786894,0,0.8427873201848929
wa-test-001031,0,0.2869102987439359,0,0.8427873201848929
wa-test-001032,0,0.008635179720863329,0,0.8427873201848929
wa-test-001033,0,0.03915702507936474,0,0.8427873201848929
wa-test-001034,0,0.000872504518909063,0,0.8427873201848929
wa-test-001035,0,0.014171955369912247,0,0.8427873201848929
wa-test-001036,0,0.003343677525033122,0,0.8427873201848929
wa-test-001037,0,0.026956918228812327,0,0.8427873201848929
wa-test-001038,0,0.3710713749074114,0,0.8427873201848929
wa-test-001039,0,0.0009538401581691361,0,0.8427873201848929
wa-test-001040,0,0.48394256303218447,0,0.8427873201848929
wa-test-001041,0,0.033044390512820924,0,0.8427873201848929
wa-test-001042,0,0.27764198455415295,0,0.8427873201848929
wa-test-001043,1,0.43016113160740677,0,0.8427873201848929
wa-test-001044,0,0.008645117627006024,0,0.8427873201848929
wa-test-001045,0,0.23675847981270298,0,0.8427873201848929
wa-test-001046,1,0.9326991053924326,1,0.8427873201848929
wa-test-001047,0,0.0063051430478334464,0,0.8427873201848929
wa-test-001048,0,0.014680409368692823,0,0.8427873201848929
wa-test-001049,0,0.04781249422249152,0,0.8427873201848929
wa-test-001050,0,0.009811543470182548,0,0.8427873201848929
wa-test-001051,0,0.03079700731444533,0,0.8427873201848929
wa-test-001052,0,0.0064063474568547135,0,0.8427873201848929
wa-test-001053,0,0.08834560599575127,0,0.8427873201848929
wa-test-001054,0,0.00827588331181124,0,0.8427873201848929
wa-test-001055,0,0.043331352700802704,0,0.8427873201848929
wa-test-001056,0,0.0027150896969818828,0,0.8427873201848929
wa-test-001057,1,0.6752047302204417,0,0.8427873201848929
wa-test-001058,0,0.0454795409643648,0,0.8427873201848929
wa-test-001059,0,0.014996368865037414,0,0.8427873201848929
wa-test-001060,0,0.07026248857993216,0,0.8427873201848929
wa-test-001061,0,0.003278095609827558,0,0.8427873201848929
wa-test-001062,0,0.05679813794159552,0,0.8427873201848929
wa-test-001063,0,0.13251265378006102,0,0.8427873201848929
wa-test-001064,0,0.1355184520140641,0,0.8427873201848929
wa-test-001065,0,0.008025259784193935,0,0.8427873201848929
wa-test-001066,1,0.0740462648892458,0,0.8427873201848929
wa-test-001067,0,0.0019496542146044597,0,0.8427873201848929
wa-test-001068,0,0.027038907326985988,0,0.8427873201848929
wa-test-001069,0,0.09927307148348706,0,0.8427873201848929
wa-test-001070,0,0.017491988881591404,0,0.8427873201848929
wa-test-001071,0,0.10138364630651119,0,0.8427873201848929
wa-test-001072,0,0.024472443849847925,0,0.8427873201848929
wa-test-001073,0,0.010100892846617426,0,0.8427873201848929
wa-test-001074,0,0.05840644501051768,0,0.8427873201848929
wa-test-001075,0,0.049611224487906974,0,0.8427873201848929
wa-test-001076,0,0.021281348818082354,0,0.8427873201848929
wa-test-001077,0,0.015749630916350617,0,0.8427873201848929
wa-test-001078,0,0.0037601032170583347,0,0.8427873201848929
wa-test-001079,0,0.005082313047584218,0,0.8427873201848929
wa-test-001080,0,0.11097623417215222,0,0.8427873201848929
wa-test-001081,0,0.006465600963387785,0,0.8427873201848929
wa-test-001082,0,0.028806729529014474,0,0.8427873201848929
wa-test-001083,0,0.0476526369919486,0,0.8427873201848929
wa-test-001084,0,0.08795374029370455,0,0.8427873201848929
wa-test-001085,0,0.016552020774423585,0,0.8427873201848929
wa-test-001086,0,0.004301873620124906,0,0.8427873201848929
wa-test-001087,0,0.17046913716451143,0,0.8427873201848929
wa-test-001088,0,0.014107319936881873,0,0.8427873201848929
wa-test-001089,0,0.43075901708486275,0,0.8427873201848929
wa-test-001090,0,0.001753083734023165,0,0.8427873201848929
wa-test-001091,0,0.0769478081399995,0,0.8427873201848929
wa-test-001092,0,0.016193598844089087,0,0.8427873201848929
wa-test-001093,0,0.00757678933448027,0,0.8427873201848929
wa-test-001094,0,0.007167148360492246,0,0.8427873201848929
wa-test-001095,0,0.017134350246208917,0,0.8427873201848929
wa-test-001096,0,0.5135961642523056,0,0.8427873201848929
wa-test-001097,0,0.002713479982178442,0,0.8427873201848929
wa-test-001098,0,0.03101947851209938,0,0.8427873201848929
wa-test-001099,0,0.14057660995533608,0,0.8427873201848929
wa-test-001100,0,0.0018503968206471774,0,0.8427873201848929
wa-test-001101,0,0.02635048378468217,0,0.8427873201848929
wa-test-001102,0,0.02056944459703727,0,0.8427873201848929
wa-test-001103,0,0.034447895716500004,0,0.8427873201848929
wa-test-001104,0,0.026564584737031667,0,0.8427873201848929
wa-test-001105,0,0.02264545403206688,0,0.8427873201848929
wa-test-001106,0,0.014997382230096357,0,0.8427873201848929
wa-test-001107,0,0.0007676363609723431,0,0.8427873201848929
wa-test-001108,0,0.017222622531607553,0,0.8427873201848929
wa-test-001109,1,5.779317410019177e-06,0,0.8427873201848929
wa-test-001110,0,0.01536554207824521,0,0.8427873201848929
wa-test-001111,0,0.026539359874839078,0,0.8427873201848929
wa-test-001112,0,0.03527635833319871,0,0.8427873201848929
wa-test-001113,0,0.05593604069562745,0,0.8427873201848929
wa-test-001114,0,0.12361535147619183,0,0.8427873201848929
wa-test-001115,0,0.007520315767044843,0,0.8427873201848929
wa-test-001116,0,0.015042788794679407,0,0.8427873201848929
wa-test-001117,0,0.10220658307659017,0,0.8427873201848929
wa-test-001118,0,0.0064720432072023805,0,0.8427873201848929
wa-test-001119,0,0.08462491763012188,0,0.8427873201848929
wa-test-001120,0,0.011092707457972464,0,0.8427873201848929
wa-test-001121,0,0.04974366268689062,0,0.8427873201848929
wa-test-001122,0,0.00456397010617642,0,0.8427873201848929
wa-test-001123,0,0.12269583105979925,0,0.8427873201848929
wa-test-001124,0,0.0007056690529851843,0,0.8427873201848929
wa-test-001125,0,0.027196570163709376,0,0.8427873201848929
wa-test-001126,0,0.012228087289096435,0,0.8427873201848929
wa-test-001127,0,0.004349141073019333,0,0.8427873201848929
wa-test-001128,0,0.018883052505010902,0,0.8427873201848929
wa-test-001129,0,0.042829229435329505,0,0.8427873201848929
wa-test-001130,0,0.11144024659434944,0,0.8427873201848929
wa-test-001131,0,0.05404383832550013,0,0.8427873201848929
wa-test-001132,0,0.004289535436043855,0,0.8427873201848929
wa-test-001133,0,0.008816142339394567,0,0.8427873201848929
wa-test-001134,1,0.3729049084027628,0,0.8427873201848929
wa-test-001135,0,0.05066682442222436,0,0.8427873201848929
wa-test-001136,0,0.0011237553787769394,0,0.8427873201848929
wa-test-001137,0,0.0010414641847488718,0,0.8427873201848929
wa-test-001138,0,0.0019516959815643069,0,0.8427873201848929
wa-test-001139,0,0.005192503096474002,0,0.8427873201848929
wa-test-001140,0,0.24319286361627745,0,0.8427873201848929
wa-test-001141,0,0.08456056019994079,0,0.8427873201848929
wa-test-001142,0,0.018486217477204338,0,0.8427873201848929
wa-test-001143,0,0.13443825838179538,0,0.8427873201848929
wa-test-001144,0,0.0011963640198520372,0,0.8427873201848929
wa-test-001145,1,0.8901920790937252,1,0.8427873201848929
wa-test-001146,0,0.05518517155662837,0,0.8427873201848929
wa-test-001147,0,0.0078615212925392,0,0.8427873201848929
wa-test-001148,0,0.2231719678993184,0,0.8427873201848929
wa-test-001149,0,0.001204354493713212,0,0.8427873201848929
wa-test-001150,0,0.01129446994207771,0,0.8427873201848929
wa-test-001151,0,0.023463492119535287,0,0.8427873201848929
wa-test-001152,0,0.03003595624469673,0,0.8427873201848929
wa-test-001153,0,0.01857140252903588,0,0.8427873201848929
wa-test-001154,0,0.003961674316067993,0,0.8427873201848929
wa-test-001155,1,0.0038356852209452522,0,0.8427873201848929
wa-test-001156,0,0.01766504946373799,0,0.8427873201848929
wa-test-001157,0,0.019798567092678587,0,0.8427873201848929
wa-test-001158,1,0.00040521091507030325,0,0.8427873201848929
wa-test-001159,0,0.0162804830452164,0,0.8427873201848929
wa-test-001160,1,0.25047634425279375,0,0.8427873201848929
wa-test-001161,1,0.01574888436396312,0,0.8427873201848929
wa-test-001162,0,0.015336829343292661,0,0.8427873201848929
wa-test-001163,0,0.5952804322709054,0,0.8427873201848929
wa-test-001164,0,0.03417070405144489,0,0.8427873201848929
wa-test-001165,0,0.22972892869457706,0,0.8427873201848929
wa-test-001166,0,0.53087242136935,0,0.8427873201848929
wa-test-001167,0,0.12497429892752468,0,0.8427873201848929
wa-test-001168,0,0.029710460554110234,0,0.8427873201848929
wa-test-001169,0,0.0021069140949908647,0,0.8427873201848929
wa-test-001170,0,0.03987430464607523,0,0.8427873201848929
wa-test-001171,0,0.003810599545606529,0,0.8427873201848929
wa-test-001172,0,0.015643304001371233,0,0.8427873201848929
wa-test-001173,0,0.006535622134787811,0,0.8427873201848929
wa-test-001174,0,0.006620239530078258,0,0.8427873201848929
wa-test-001175,1,0.007796162958303248,0,0.8427873201848929
wa-test-001176,0,0.02920721023389877,0,0.8427873201848929
wa-test-001177,0,0.003643377987778831,0,0.8427873201848929
wa-test-001178,0,0.06016445884686797,0,0.8427873201848929
wa-test-001179,0,0.04211949016565484,0,0.8427873201848929
wa-test-001180,0,0.0023810431308699193,0,0.8427873201848929
wa-test-001181,0,0.0005070631920091897,0,0.8427873201848929
wa-test-001182,0,0.0032559288916004774,0,0.8427873201848929
wa-test-001183,1,0.3261459474133333,0,0.8427873201848929
wa-test-001184,1,0.7521444117496431,0,0.8427873201848929
wa-test-001185,0,0.034594154638095974,0,0.8427873201848929
wa-test-001186,0,0.0312020985221876,0,0.8427873201848929
wa-test-001187,0,0.2667062527509476,0,0.8427873201848929
wa-test-001188,0,0.01772199934331489,0,0.8427873201848929
wa-test-001189,0,0.19793736762857184,0,0.8427873201848929
wa-test-001190,0,0.1249065164287717,0,0.8427873201848929
wa-test-001191,0,0.02235540731194017,0,0.8427873201848929
wa-test-001192,0,0.011022469872221148,0,0.8427873201848929
wa-test-001193,1,0.8901266669286259,1,0.8427873201848929
wa-test-001194,0,0.036121665569631554,0,0.8427873201848929
wa-test-001195,0,0.011343368508278091,0,0.8427873201848929
wa-test-001196,0,0.07797034281742936,0,0.8427873201848929
wa-test-001197,0,0.026636420045062486,0,0.8427873201848929
wa-test-001198,0,0.053678921456657716,0,0.8427873201848929
wa-test-001199,0,0.00826020459437686,0,0.8427873201848929
wa-test-001200,0,0.05353201838561914,0,0.8427873201848929
wa-test-001201,0,0.473367431780492,0,0.8427873201848929
wa-test-001202,0,0.02028049223573771,0,0.8427873201848929
wa-test-001203,0,0.014227646334709724,0,0.8427873201848929
wa-test-001204,0,0.032925138183990246,0,0.8427873201848929
wa-test-001205,0,0.01011437270075734,0,0.8427873201848929
wa-test-001206,0,0.01414550968251949,0,0.8427873201848929
wa-test-001207,0,0.005754870636954832,0,0.8427873201848929
wa-test-001208,0,0.03458619388906131,0,0.8427873201848929
wa-test-001209,0,0.0448844961488639,0,0.8427873201848929
wa-test-001210,0,0.04191121918701686,0,0.8427873201848929
wa-test-001211,0,0.004524594619037357,0,0.8427873201848929
wa-test-001212,1,0.11820143071598654,0,0.8427873201848929
wa-test-001213,0,0.06482547235447493,0,0.8427873201848929
wa-test-001214,0,0.0044182242206446875,0,0.8427873201848929
wa-test-001215,0,0.02311722112394367,0,0.8427873201848929
wa-test-001216,0,0.0040817774251532025,0,0.8427873201848929
wa-test-001217,0,0.014187494213541268,0,0.8427873201848929
wa-test-001218,0,0.037231900112792,0,0.8427873201848929
wa-test-001219,0,0.002645709321398762,0,0.8427873201848929
wa-test-001220,0,0.0018709506853336639,0,0.8427873201848929
wa-test-001221,0,0.008259115314999413,0,0.8427873201848929
wa-test-001222,0,0.004951495405307967,0,0.8427873201848929
wa-test-001223,0,0.02053018463152014,0,0.8427873201848929
wa-test-001224,0,0.7911766857723407,0,0.8427873201848929
wa-test-001225,0,0.0032917597721213447,0,0.8427873201848929
wa-test-001226,0,0.013277778410840598,0,0.8427873201848929
wa-test-001227,0,0.005858081730942866,0,0.8427873201848929
wa-test-001228,0,0.009616317169016944,0,0.8427873201848929
wa-test-001229,0,0.000833286469854458,0,0.8427873201848929
wa-test-001230,0,0.09690235027719818,0,0.8427873201848929
wa-test-001231,1,0.13153341940990781,0,0.8427873201848929
wa-test-001232,0,0.0012948201054095833,0,0.8427873201848929
wa-test-001233,0,0.0030347059330847036,0,0.8427873201848929
wa-test-001234,0,0.03928965579145278,0,0.8427873201848929
wa-test-001235,0,0.003198832834408464,0,0.8427873201848929
wa-test-001236,0,0.013556685074857099,0,0.8427873201848929
wa-test-001237,1,0.12861186985225423,0,0.8427873201848929
wa-test-001238,0,0.09433900031100868,0,0.8427873201848929
wa-test-001239,0,0.013088804950624115,0,0.8427873201848929
wa-test-001240,0,0.08645200990515076,0,0.8427873201848929
wa-test-001241,0,0.014396319825322221,0,0.8427873201848929
wa-test-001242,0,0.09004602260747231,0,0.8427873201848929
wa-test-001243,0,0.0503506825707815,0,0.8427873201848929
wa-test-001244,0,0.00030283433042847064,0,0.8427873201848929
wa-test-001245,0,0.011632052139940246,0,0.8427873201848929
wa-test-001246,0,0.003119023481845045,0,0.8427873201848929
wa-test-001247,0,0.022297120023710253,0,0.8427873201848929
wa-test-001248,0,0.0062949983341240015,0,0.8427873201848929
wa-test-001249,0,0.006414358510917296,0,0.8427873201848929
wa-test-001250,0,0.04103397065911773,0,0.8427873201848929
wa-test-001251,0,0.020272942521012624,0,0.8427873201848929
wa-test-001252,0,0.0015014483999384678,0,0.8427873201848929
wa-test-001253,0,0.03558646599262006,0,0.8427873201848929
wa-test-001254,0,0.12754693706641584,0,0.8427873201848929
wa-test-001255,0,0.09954942282338321,0,0.8427873201848929
wa-test-001256,1,0.48990444648382453,0,0.8427873201848929
wa-test-001257,0,0.015045499678369762,0,0.8427873201848929
wa-test-001258,0,0.0018828128018645327,0,0.8427873201848929
wa-test-001259,0,0.014126650426600402,0,0.8427873201848929
wa-test-001260,0,0.0008478846607998345,0,0.8427873201848929
wa-test-001261,0,0.09080195225255275,0,0.8427873201848929
wa-test-001262,0,0.04157935118675852,0,0.8427873201848929
wa-test-001263,0,0.0207608799828924,0,0.8427873201848929
wa-test-001264,0,0.029312568774081914,0,0.8427873201848929
wa-test-001265,0,0.004933887888391582,0,0.8427873201848929
wa-test-001266,0,0.07448562961570504,0,0.8427873201848929
wa-test-001267,0,0.002968119493837242,0,0.8427873201848929
wa-test-001268,0,0.013619597129531513,0,0.8427873201848929
wa-test-001269,0,0.003452140296958232,0,0.8427873201848929
wa-test-001270,0,0.146441268320946,0,0.8427873201848929
wa-test-001271,0,0.1316241344772489,0,0.8427873201848929
wa-test-001272,0,0.01666882964804629,0,0.8427873201848929
wa-test-001273,0,0.0019012860703271524,0,0.8427873201848929
wa-test-001274,0,0.007741544521219245,0,0.8427873201848929
wa-test-001275,0,0.07239099282405076,0,0.8427873201848929
wa-test-001276,0,0.008238809601396068,0,0.8427873201848929
wa-test-001277,1,0.1632801072207344,0,0.8427873201848929
wa-test-001278,0,0.006143758378944451,0,0.8427873201848929
wa-test-001279,0,0.00431867353620238,0,0.8427873201848929
wa-test-001280,0,0.039459871311219426,0,0.8427873201848929
wa-test-001281,0,0.013696206176763832,0,0.8427873201848929
wa-test-001282,0,0.0040007260740833024,0,0.8427873201848929
wa-test-001283,0,0.027953206771224044,0,0.8427873201848929
wa-test-001284,0,0.01135110717136362,0,0.8427873201848929
wa-test-001285,0,0.13371992031539062,0,0.8427873201848929
wa-test-001286,0,0.028230147152360684,0,0.8427873201848929
wa-test-001287,0,0.07240079147162541,0,0.8427873201848929
wa-test-001288,0,0.0428007466233292,0,0.8427873201848929
wa-test-001289,0,0.019508850849379186,0,0.8427873201848929
wa-test-001290,0,0.059770900966569264,0,0.8427873201848929
wa-test-001291,0,0.025978228736025396,0,0.8427873201848929
wa-test-001292,0,0.03170261787264036,0,0.8427873201848929
wa-test-001293,1,0.010078999222477143,0,0.8427873201848929
wa-test-001294,0,0.000504131709672377,0,0.8427873201848929
wa-test-001295,0,0.15374293597899244,0,0.8427873201848929
wa-test-001296,0,0.08864115874772614,0,0.8427873201848929
wa-test-001297,1,0.24404854361157893,0,0.8427873201848929
wa-test-001298,0,0.023984966200808717,0,0.8427873201848929
wa-test-001299,0,0.05418849308763857,0,0.8427873201848929
wa-test-001300,0,0.12653237706157175,0,0.8427873201848929
wa-test-001301,0,0.0017658177439716064,0,0.8427873201848929
wa-test-001302,0,0.016520654417930825,0,0.8427873201848929
wa-test-001303,0,0.026848773771933298,0,0.8427873201848929
wa-test-001304,1,0.011644711410681768,0,0.8427873201848929
wa-test-001305,0,0.03180139305430509,0,0.8427873201848929
wa-test-001306,0,0.06714946968857054,0,0.8427873201848929
wa-test-001307,1,0.017045667184322443,0,0.8427873201848929
wa-test-001308,0,0.007740258761006516,0,0.8427873201848929
wa-test-001309,0,0.030488037554374216,0,0.8427873201848929
wa-test-001310,0,0.005953059430709263,0,0.8427873201848929
wa-test-001311,0,0.025338094645634093,0,0.8427873201848929
wa-test-001312,0,0.010305421538994105,0,0.8427873201848929
wa-test-001313,0,0.04283675947930918,0,0.8427873201848929
wa-test-001314,0,0.00673821676989055,0,0.8427873201848929
wa-test-001315,0,0.01888670715585991,0,0.8427873201848929
wa-test-001316,0,0.011042520300441885,0,0.8427873201848929
wa-test-001317,0,0.20041664089216582,0,0.8427873201848929
wa-test-001318,0,0.0015270918844619028,0,0.8427873201848929
wa-test-001319,0,0.04460372410883373,0,0.8427873201848929
wa-test-001320,0,0.02472851704970722,0,0.8427873201848929
wa-test-001321,0,0.0063994426824038565,0,0.8427873201848929
wa-test-001322,0,0.013161055112186763,0,0.8427873201848929
wa-test-001323,0,0.0010556055289795787,0,0.8427873201848929
wa-test-001324,0,0.002977359954661042,0,0.8427873201848929
wa-test-001325,0,0.1817777733527973,0,0.8427873201848929
wa-test-001326,0,0.02231110515207702,0,0.8427873201848929
wa-test-001327,0,0.10186812597106784,0,0.8427873201848929
wa-test-001328,0,0.49056541425097705,0,0.8427873201848929
wa-test-001329,0,0.014151388914968897,0,0.8427873201848929
wa-test-001330,0,0.0009712909463279703,0,0.8427873201848929
wa-test-001331,0,0.0845743457461561,0,0.8427873201848929
wa-test-001332,0,0.008104858909913377,0,0.8427873201848929
wa-test-001333,0,0.009433001614127473,0,0.8427873201848929
wa-test-001334,0,0.001321024911201357,0,0.8427873201848929
wa-test-001335,0,0.0039376594907531955,0,0.8427873201848929
wa-test-001336,0,0.01802358248692582,0,0.8427873201848929
wa-test-001337,0,0.028110960305273557,0,0.8427873201848929
wa-test-001338,0,0.0019638353725458034,0,0.8427873201848929
wa-test-001339,0,0.030786853367240637,0,0.8427873201848929
wa-test-001340,0,0.028738864383562587,0,0.8427873201848929
wa-test-001341,0,0.006457030738231906,0,0.8427873201848929
wa-test-001342,0,0.09999487170725764,0,0.8427873201848929
wa-test-001343,0,0.008465998763348847,0,0.8427873201848929
wa-test-001344,0,0.0017117880361103785,0,0.8427873201848929
wa-test-001345,0,0.08114811140087043,0,0.8427873201848929
wa-test-001346,0,0.004544044491242399,0,0.8427873201848929
wa-test-001347,0,0.025936491021522207,0,0.8427873201848929
wa-test-001348,1,0.0165270403760242,0,0.8427873201848929
wa-test-001349,0,0.0034859178962459627,0,0.8427873201848929
wa-test-001350,0,0.01642738625897502,0,0.8427873201848929
wa-test-001351,0,0.02752706441117963,0,0.8427873201848929
wa-test-001352,0,0.11517462457624808,0,0.8427873201848929
wa-test-001353,0,0.26225439772587206,0,0.8427873201848929
wa-test-001354,0,0.043133907763480014,0,0.8427873201848929
wa-test-001355,0,0.02123634738331981,0,0.8427873201848929
wa-test-001356,0,0.08898978095309149,0,0.8427873201848929
wa-test-001357,0,0.0015217183750534107,0,0.8427873201848929
wa-test-001358,0,0.5049935800862443,0,0.8427873201848929
wa-test-001359,0,0.030316711123801503,0,0.8427873201848929
wa-test-001360,0,0.0016558801641040136,0,0.8427873201848929
wa-test-001361,0,0.003373360250281991,0,0.8427873201848929
wa-test-001362,0,0.018862773804056987,0,0.8427873201848929
wa-test-001363,0,0.020157914468301102,0,0.8427873201848929
wa-test-001364,0,0.21991853322812419,0,0.8427873201848929
wa-test-001365,1,0.00019208650791388785,0,0.8427873201848929
wa-test-001366,0,0.1796693552104864,0,0.8427873201848929
wa-test-001367,0,0.0058704077064714155,0,0.8427873201848929
wa-test-001368,0,0.0026742698874246897,0,0.8427873201848929
wa-test-001369,0,0.16394674883997415,0,0.8427873201848929
wa-test-001370,0,0.10212507806416227,0,0.8427873201848929
wa-test-001371,0,0.044299059018384664,0,0.8427873201848929
wa-test-001372,0,0.15508660426387272,0,0.8427873201848929
wa-test-001373,0,0.02862871779932652,0,0.8427873201848929
wa-test-001374,1,0.001332969484581732,0,0.8427873201848929
wa-test-001375,0,0.024303954617615572,0,0.8427873201848929
wa-test-001376,0,0.12078455385938781,0,0.8427873201848929
wa-test-001377,0,0.006031715775678706,0,0.8427873201848929
wa-test-001378,0,0.033221385351293535,0,0.8427873201848929
wa-test-001379,0,0.0011116703723697719,0,0.8427873201848929
wa-test-001380,0,0.22177011619507683,0,0.8427873201848929
wa-test-001381,0,0.019404917781616383,0,0.8427873201848929
wa-test-001382,0,0.00036902811123910493,0,0.8427873201848929
wa-test-001383,0,0.04440990434368508,0,0.8427873201848929
wa-test-001384,0,0.0861003066189385,0,0.8427873201848929
wa-test-001385,0,0.018136237324189543,0,0.8427873201848929
wa-test-001386,1,0.4766937461522819,0,0.8427873201848929
wa-test-001387,1,0.00019677054017262766,0,0.8427873201848929
wa-test-001388,1,0.8715838078831755,1,0.8427873201848929
wa-test-001389,0,0.0010160011176630981,0,0.8427873201848929
wa-test-001390,0,0.15208406300873578,0,0.8427873201848929
wa-test-001391,0,0.02392010810376463,0,0.8427873201848929
wa-test-001392,0,0.011550624874412262,0,0.8427873201848929
wa-test-001393,0,0.021742012514978443,0,0.8427873201848929
wa-test-001394,0,0.024744444141394262,0,0.8427873201848929
wa-test-001395,0,0.04892221177264568,0,0.8427873201848929
wa-test-001396,0,0.2779542808631281,0,0.8427873201848929
wa-test-001397,0,0.0027169990513143407,0,0.8427873201848929
wa-test-001398,0,0.10817003188971792,0,0.8427873201848929
wa-test-001399,0,0.01718435582289627,0,0.8427873201848929
wa-test-001400,0,0.014792049137053506,0,0.8427873201848929
wa-test-001401,0,0.004781169172894737,0,0.8427873201848929
wa-test-001402,1,0.17140818593449872,0,0.8427873201848929
wa-test-001403,0,0.0021362911411756617,0,0.8427873201848929
wa-test-001404,0,0.023732048050472767,0,0.8427873201848929
wa-test-001405,0,0.02314852291627719,0,0.8427873201848929
wa-test-001406,0,0.0885288814515649,0,0.8427873201848929
wa-test-001407,0,0.001516583417710277,0,0.8427873201848929
wa-test-001408,0,0.02170359782699748,0,0.8427873201848929
wa-test-001409,0,0.3586547171937853,0,0.8427873201848929
wa-test-001410,0,0.009169442659761108,0,0.8427873201848929
wa-test-001411,0,0.012694449368207,0,0.8427873201848929
wa-test-001412,0,0.03910466028203109,0,0.8427873201848929
wa-test-001413,0,0.011292694010210257,0,0.8427873201848929
wa-test-001414,0,0.007252439732170451,0,0.8427873201848929
wa-test-001415,0,0.06873749425045068,0,0.8427873201848929
wa-test-001416,0,0.09741897108216964,0,0.8427873201848929
wa-test-001417,0,0.019840929387906315,0,0.8427873201848929
wa-test-001418,1,0.43800808677413255,0,0.8427873201848929
wa-test-001419,0,0.08651670909446528,0,0.8427873201848929
wa-test-001420,0,0.008453053930973873,0,0.8427873201848929
wa-test-001421,0,0.007261157869908432,0,0.8427873201848929
wa-test-001422,0,0.01285393923302316,0,0.8427873201848929
wa-test-001423,0,0.0006168738089618082,0,0.8427873201848929
wa-test-001424,0,0.3885300223585157,0,0.8427873201848929
wa-test-001425,0,0.13223385509712038,0,0.8427873201848929
wa-test-001426,1,0.005557759685822898,0,0.8427873201848929
wa-test-001427,0,0.002000168310072906,0,0.8427873201848929
wa-test-001428,0,0.006126239635705985,0,0.8427873201848929
wa-test-001429,0,0.02425976497451185,0,0.8427873201848929
wa-test-001430,0,0.02638618763183836,0,0.8427873201848929
wa-test-001431,0,0.04595853013657287,0,0.8427873201848929
wa-test-001432,0,0.01508084134842091,0,0.8427873201848929
wa-test-001433,0,0.00837687675719763,0,0.8427873201848929
wa-test-001434,0,0.009950203473138986,0,0.8427873201848929
wa-test-001435,0,0.018298513288426525,0,0.8427873201848929
wa-test-001436,0,0.02181658383358367,0,0.8427873201848929
wa-test-001437,0,0.02681711339330164,0,0.8427873201848929
wa-test-001438,0,0.0010432274701000664,0,0.8427873201848929
wa-test-001439,0,0.0017563012597230354,0,0.8427873201848929
wa-test-001440,0,0.010223148829001301,0,0.8427873201848929
wa-test-001441,0,0.029074743237783193,0,0.8427873201848929
wa-test-001442,0,0.011910759395385606,0,0.8427873201848929
wa-test-001443,0,0.0007833673482735355,0,0.8427873201848929
wa-test-001444,0,0.3133511663290756,0,0.8427873201848929
wa-test-001445,0,0.007033613859864983,0,0.8427873201848929
wa-test-001446,0,0.0006378496774379565,0,0.8427873201848929
wa-test-001447,1,0.06508257840493566,0,0.8427873201848929
wa-test-001448,0,0.10535166662308319,0,0.8427873201848929
wa-test-001449,0,0.0012186554461827872,0,0.8427873201848929
wa-test-001450,0,0.037191440380127214,0,0.8427873201848929
wa-test-001451,0,0.006347690565546478,0,0.8427873201848929
wa-test-001452,0,0.03727211898033089,0,0.8427873201848929
wa-test-001453,0,0.07868700831038176,0,0.8427873201848929
wa-test-001454,0,0.009531285632028728,0,0.8427873201848929
wa-test-001455,0,0.015462333418702455,0,0.8427873201848929
wa-test-001456,0,0.15741293034614307,0,0.8427873201848929
wa-test-001457,0,0.0021198238843979046,0,0.8427873201848929
wa-test-001458,0,0.007276622757244635,0,0.8427873201848929
wa-test-001459,0,0.0012463021703900852,0,0.8427873201848929
wa-test-001460,0,0.12978257976928004,0,0.8427873201848929
wa-test-001461,0,0.0290237981055608,0,0.8427873201848929
wa-test-001462,0,0.08513339025526627,0,0.8427873201848929
wa-test-001463,0,0.03550784487430701,0,0.8427873201848929
wa-test-001464,1,0.8895013469517323,1,0.8427873201848929
wa-test-001465,1,0.4814552171856089,0,0.8427873201848929
wa-test-001466,0,0.04993777388884144,0,0.8427873201848929
wa-test-001467,0,0.0055739015352471635,0,0.8427873201848929
wa-test-001468,0,0.026390928539410656,0,0.8427873201848929
wa-test-001469,0,0.02385718038386795,0,0.8427873201848929
wa-test-001470,0,0.07253808834508407,0,0.8427873201848929
wa-test-001471,0,0.004068504900634804,0,0.8427873201848929
wa-test-001472,0,0.025794090020559816,0,0.8427873201848929
wa-test-001473,1,0.0020984186226892447,0,0.8427873201848929
wa-test-001474,0,0.021597636432979503,0,0.8427873201848929
wa-test-001475,0,0.0020900713469720255,0,0.8427873201848929
wa-test-001476,0,0.0305757461189375,0,0.8427873201848929
wa-test-001477,0,0.2860704389149894,0,0.8427873201848929
wa-test-001478,0,0.0011763862886354315,0,0.8427873201848929
wa-test-001479,0,0.00020628466146494311,0,0.8427873201848929
wa-test-001480,0,0.058599454710004856,0,0.8427873201848929
wa-test-001481,0,0.233504859403075,0,0.8427873201848929
wa-test-001482,0,0.03623258494220951,0,0.8427873201848929
wa-test-001483,0,0.0003463512523339253,0,0.8427873201848929
wa-test-001484,0,0.025863950138408764,0,0.8427873201848929
wa-test-001485,0,0.012817558971189316,0,0.8427873201848929
wa-test-001486,0,0.18061706898104996,0,0.8427873201848929
wa-test-001487,0,0.17502530933356994,0,0.8427873201848929
wa-test-001488,0,0.009253698596683513,0,0.8427873201848929
wa-test-001489,0,0.01092402680720866,0,0.8427873201848929
wa-test-001490,0,0.0023857645734155363,0,0.8427873201848929
wa-test-001491,0,0.021503622498548553,0,0.8427873201848929
wa-test-001492,0,0.14495669749875817,0,0.8427873201848929
wa-test-001493,0,0.17089114378272477,0,0.8427873201848929
wa-test-001494,1,0.7311980326763898,0,0.8427873201848929
wa-test-001495,0,0.04889383683078934,0,0.8427873201848929
wa-test-001496,0,0.0273660467498629,0,0.8427873201848929
wa-test-001497,0,0.0029094054543479585,0,0.8427873201848929
wa-test-001498,0,0.02214621992566101,0,0.8427873201848929
wa-test-001499,0,0.004335517193527528,0,0.8427873201848929
wa-test-001500,0,0.16744218907291394,0,0.8427873201848929
wa-test-001501,0,0.009594338392004775,0,0.8427873201848929
wa-test-001502,0,0.006123166428688557,0,0.8427873201848929
wa-test-001503,1,0.5494806564638305,0,0.8427873201848929
wa-test-001504,0,0.006170265953770397,0,0.8427873201848929
wa-test-001505,0,0.0020826748995395844,0,0.8427873201848929
wa-test-001506,0,0.27665434126160426,0,0.8427873201848929
wa-test-001507,0,0.004008621707920308,0,0.8427873201848929
wa-test-001508,0,0.0640199318864637,0,0.8427873201848929
wa-test-001509,0,0.08804889360502223,0,0.8427873201848929
wa-test-001510,0,0.001964436870447904,0,0.8427873201848929
wa-test-001511,0,0.004084560341215637,0,0.8427873201848929
wa-test-001512,0,0.009065776541213183,0,0.8427873201848929
wa-test-001513,0,0.0024276769484272744,0,0.8427873201848929
wa-test-001514,0,0.004383926208806349,0,0.8427873201848929
wa-test-001515,0,0.0011890731517387744,0,0.8427873201848929
wa-test-001516,0,0.022288346792942105,0,0.8427873201848929
wa-test-001517,0,0.013867522011010719,0,0.8427873201848929
wa-test-001518,0,0.0015526966633550975,0,0.8427873201848929
wa-test-001519,0,0.0027754089164195588,0,0.8427873201848929
wa-test-001520,0,0.0004273166007187803,0,0.8427873201848929
wa-test-001521,0,0.24399161754081655,0,0.8427873201848929
wa-test-001522,0,0.0526312842195618,0,0.8427873201848929
wa-test-001523,0,0.027686468851114594,0,0.8427873201848929
wa-test-001524,0,0.02553776667271791,0,0.8427873201848929
wa-test-001525,1,0.6804873907099844,0,0.8427873201848929
wa-test-001526,0,0.057604349142295605,0,0.8427873201848929
wa-test-001527,0,0.039197615372174074,0,0.8427873201848929
wa-test-001528,0,0.016444000995353043,0,0.8427873201848929
wa-test-001529,0,0.0036676775723374767,0,0.8427873201848929
wa-test-001530,0,0.07764857076583734,0,0.8427873201848929
wa-test-001531,0,0.00663714388274493,0,0.8427873201848929
wa-test-001532,0,0.24191752189492263,0,0.8427873201848929
wa-test-001533,0,0.00549894204753427,0,0.8427873201848929
wa-test-001534,0,0.00223408117681773,0,0.8427873201848929
wa-test-001535,0,0.026088486704587775,0,0.8427873201848929
wa-test-001536,0,0.0182074558700946,0,0.8427873201848929
wa-test-001537,0,0.016456705140589417,0,0.8427873201848929
wa-test-001538,0,0.0034149774513992366,0,0.8427873201848929
wa-test-001539,0,0.019888456848758486,0,0.8427873201848929
wa-test-001540,1,0.6092159089799917,0,0.8427873201848929
wa-test-001541,0,0.003549475639641181,0,0.8427873201848929
wa-test-001542,0,0.0007627502123820527,0,0.8427873201848929
wa-test-001543,1,0.12304939392717432,0,0.8427873201848929
wa-test-001544,0,0.005353594033323817,0,0.8427873201848929
wa-test-001545,0,0.06548986242137333,0,0.8427873201848929
wa-test-001546,0,0.01243530275948437,0,0.8427873201848929
wa-test-001547,0,0.045471382240941126,0,0.8427873201848929
wa-test-001548,0,0.018204241901426294,0,0.8427873201848929
wa-test-001549,0,0.03042467954307534,0,0.8427873201848929
wa-test-001550,0,0.039718088542068784,0,0.8427873201848929
wa-test-001551,0,0.008226805309975774,0,0.8427873201848929
wa-test-001552,0,0.0389953206229435,0,0.8427873201848929
wa-test-001553,0,0.07604276272154699,0,0.8427873201848929
wa-test-001554,0,0.006194281043756241,0,0.8427873201848929
wa-test-001555,0,0.0028927935767072265,0,0.8427873201848929
wa-test-001556,0,0.05093769618482321,0,0.8427873201848929
wa-test-001557,0,0.20268390171804454,0,0.8427873201848929
wa-test-001558,0,0.0051677985251023595,0,0.8427873201848929
wa-test-001559,0,0.0020645150682922194,0,0.8427873201848929
wa-test-001560,0,0.5139579141243393,0,0.8427873201848929
wa-test-001561,0,0.4753336361009018,0,0.8427873201848929
wa-test-001562,0,0.11470719186006166,0,0.8427873201848929
wa-test-001563,0,0.009144058791647714,0,0.8427873201848929
wa-test-001564,0,0.003239367443984235,0,0.8427873201848929
wa-test-001565,0,0.020900035549757265,0,0.8427873201848929
wa-test-001566,0,0.016845634344151282,0,0.8427873201848929
wa-test-001567,0,0.13577954600789577,0,0.8427873201848929
wa-test-001568,1,0.6456933899752705,0,0.8427873201848929
wa-test-001569,0,0.0037366659787107614,0,0.8427873201848929
wa-test-001570,0,0.02395131929634761,0,0.8427873201848929
wa-test-001571,1,0.04300609339262548,0,0.8427873201848929
wa-test-001572,0,0.0966901646179448,0,0.8427873201848929
wa-test-001573,0,0.006930049593196919,0,0.8427873201848929
wa-test-001574,0,0.3418665624448924,0,0.8427873201848929
wa-test-001575,0,0.014266125999305093,0,0.8427873201848929
wa-test-001576,0,0.028198631919793347,0,0.8427873201848929
wa-test-001577,0,0.008585585033640535,0,0.8427873201848929
wa-test-001578,1,0.96585968990519,1,0.8427873201848929
wa-test-001579,0,0.007411096539161293,0,0.8427873201848929
wa-test-001580,0,0.0025213631622721354,0,0.8427873201848929
wa-test-001581,0,0.01810073177116517,0,0.8427873201848929
wa-test-001582,0,0.002127419996621198,0,0.8427873201848929
wa-test-001583,0,0.49239676238280383,0,0.8427873201848929
wa-test-001584,0,0.0326460337093045,0,0.8427873201848929
wa-test-001585,0,0.008083622219759666,0,0.8427873201848929
wa-test-001586,0,0.007314135119807349,0,0.8427873201848929
wa-test-001587,0,0.008368152203852605,0,0.8427873201848929
wa-test-001588,0,0.04731702399253129,0,0.8427873201848929
wa-test-001589,0,0.0041295864164680824,0,0.8427873201848929
wa-test-001590,0,0.00553531108730401,0,0.8427873201848929
wa-test-001591,0,0.016408824092713634,0,0.8427873201848929
wa-test-001592,0,0.003128065504256852,0,0.8427873201848929
wa-test-001593,0,0.021814089899704566,0,0.8427873201848929
wa-test-001594,0,0.012943986680364738,0,0.8427873201848929
wa-test-001595,0,0.010701905548901821,0,0.8427873201848929
wa-test-001596,0,0.0019469441809711182,0,0.8427873201848929
wa-test-001597,0,0.03145577950988165,0,0.8427873201848929
wa-test-001598,0,0.02261307526554746,0,0.8427873201848929
wa-test-001599,0,0.001906294757356705,0,0.8427873201848929
wa-test-001600,0,0.08945786008478962,0,0.8427873201848929
wa-test-001601,0,0.061816730635080704,0,0.8427873201848929
wa-test-001602,0,0.0071729572051767105,0,0.8427873201848929
wa-test-001603,0,0.006661440212347455,0,0.8427873201848929
wa-test-001604,0,0.02803254369093186,0,0.8427873201848929
wa-test-001605,0,0.15224200533175694,0,0.8427873201848929
wa-test-001606,0,0.004409858036363249,0,0.8427873201848929
wa-test-001607,0,0.04724326296374294,0,0.8427873201848929
wa-test-001608,0,0.04138852471437657,0,0.8427873201848929
wa-test-001609,0,0.0030370288366744994,0,0.8427873201848929
wa-test-001610,1,0.10688699940233495,0,0.8427873201848929
wa-test-001611,0,0.17353776943273827,0,0.8427873201848929
wa-test-001612,0,0.019229384653959368,0,0.8427873201848929
wa-test-001613,0,0.009864512235787671,0,0.8427873201848929
wa-test-001614,0,0.009786841784992223,0,0.8427873201848929
wa-test-001615,0,0.03350355889772562,0,0.8427873201848929
wa-test-001616,0,0.015514597063675492,0,0.8427873201848929
wa-test-001617,0,0.122816072495584,0,0.8427873201848929
wa-test-001618,0,0.0333535602929514,0,0.8427873201848929
wa-test-001619,0,0.0017321832811875426,0,0.8427873201848929
wa-test-001620,0,0.005963060840186571,0,0.8427873201848929
wa-test-001621,0,0.007840788722306827,0,0.8427873201848929
wa-test-001622,0,0.0014778736862895577,0,0.8427873201848929
wa-test-001623,0,0.005006542299442122,0,0.8427873201848929
wa-test-001624,0,0.06178764335968183,0,0.8427873201848929
wa-test-001625,0,0.025109221843660767,0,0.8427873201848929
wa-test-001626,1,0.7706557753117167,0,0.8427873201848929
wa-test-001627,0,0.1760168641128988,0,0.8427873201848929
wa-test-001628,0,0.0036937624757468705,0,0.8427873201848929
wa-test-001629,0,0.02355882282068965,0,0.8427873201848929
wa-test-001630,0,0.004787648786176621,0,0.8427873201848929
wa-test-001631,0,0.03992324631624276,0,0.8427873201848929
wa-test-001632,0,0.010131613646128542,0,0.8427873201848929
wa-test-001633,0,0.0007842186537364821,0,0.8427873201848929
wa-test-001634,0,0.07436703266339567,0,0.8427873201848929
wa-test-001635,0,0.09589974303795604,0,0.8427873201848929
wa-test-001636,0,0.01058313197535915,0,0.8427873201848929
wa-test-001637,1,0.042670057888862266,0,0.8427873201848929
wa-test-001638,0,0.028802394180384442,0,0.8427873201848929
wa-test-001639,0,0.1743364057230035,0,0.8427873201848929
wa-test-001640,0,0.06548254353691005,0,0.8427873201848929
wa-test-001641,0,0.0057172320562356915,0,0.8427873201848929
wa-test-001642,0,0.01041972450537043,0,0.8427873201848929
wa-test-001643,0,0.1548239651240186,0,0.8427873201848929
wa-test-001644,0,0.041315520467224504,0,0.8427873201848929
wa-test-001645,0,0.24152577895024888,0,0.8427873201848929
wa-test-001646,0,0.03168046926937793,0,0.8427873201848929
wa-test-001647,0,0.0029653793343761433,0,0.8427873201848929
wa-test-001648,1,0.9647470372841889,1,0.8427873201848929
wa-test-001649,0,0.0022143826294147837,0,0.8427873201848929
wa-test-001650,0,0.011380665107659099,0,0.8427873201848929
wa-test-001651,1,0.00021880950319385031,0,0.8427873201848929
wa-test-001652,0,0.01844432381797267,0,0.8427873201848929
wa-test-001653,0,0.19882372412962973,0,0.8427873201848929
wa-test-001654,0,0.23715656359679063,0,0.8427873201848929
wa-test-001655,0,0.005093524357526158,0,0.8427873201848929
wa-test-001656,0,0.07678750826803667,0,0.8427873201848929
wa-test-001657,0,0.0021910251420496616,0,0.8427873201848929
wa-test-001658,0,0.02096373675439222,0,0.8427873201848929
wa-test-001659,0,0.09217900953318915,0,0.8427873201848929
wa-test-001660,0,0.030130328087594985,0,0.8427873201848929
wa-test-001661,0,0.09785771591544984,0,0.8427873201848929
wa-test-001662,0,0.03682515131332988,0,0.8427873201848929
wa-test-001663,1,0.014271223951038843,0,0.8427873201848929
wa-test-001664,0,0.006016027657680903,0,0.8427873201848929
wa-test-001665,0,0.06677853377047903,0,0.8427873201848929
wa-test-001666,0,0.049702243955046396,0,0.8427873201848929
wa-test-001667,0,0.04369344682059449,0,0.8427873201848929
wa-test-001668,1,0.004598190594655958,0,0.8427873201848929
wa-test-001669,0,0.03913082748657216,0,0.8427873201848929
wa-test-001670,0,0.021749130489745267,0,0.8427873201848929
wa-test-001671,0,0.0046851250702093835,0,0.8427873201848929
wa-test-001672,0,0.020651648579671302,0,0.8427873201848929
wa-test-001673,0,0.00713233505201747,0,0.8427873201848929
wa-test-001674,0,0.0382335976737294,0,0.8427873201848929
wa-test-001675,0,0.006770072405861999,0,0.8427873201848929
wa-test-001676,0,0.07465343600409019,0,0.8427873201848929
wa-test-001677,0,0.14095412580545896,0,0.8427873201848929
wa-test-001678,0,0.011352884946288892,0,0.8427873201848929
wa-test-001679,0,0.046749810978375224,0,0.8427873201848929
wa-test-001680,0,0.15088418709344983,0,0.8427873201848929
wa-test-001681,0,0.09311812231545544,0,0.8427873201848929
wa-test-001682,0,0.036819386442856865,0,0.8427873201848929
wa-test-001683,0,0.044036732994250954,0,0.8427873201848929
wa-test-001684,0,0.5001680624571696,0,0.8427873201848929
wa-test-001685,0,0.0005515537066959569,0,0.8427873201848929
wa-test-001686,0,0.04143520528191182,0,0.8427873201848929
wa-test-001687,0,0.010296676324796892,0,0.8427873201848929
wa-test-001688,0,0.05710344326201833,0,0.8427873201848929
wa-test-001689,0,0.0011876164290341045,0,0.8427873201848929
wa-test-001690,0,0.040787155351419864,0,0.8427873201848929
wa-test-001691,0,0.04167306807902245,0,0.8427873201848929
wa-test-001692,0,0.001361878197316063,0,0.8427873201848929
wa-test-001693,1,0.9052293807791837,1,0.8427873201848929
wa-test-001694,0,0.04831151492669036,0,0.8427873201848929
wa-test-001695,0,0.025713458933195737,0,0.8427873201848929
wa-test-001696,0,0.024331595303397666,0,0.8427873201848929
wa-test-001697,0,0.05493287421903676,0,0.8427873201848929
wa-test-001698,0,0.1128535671126648,0,0.8427873201848929
wa-test-001699,0,0.06051165092466144,0,0.8427873201848929
wa-test-001700,0,0.03723960615832687,0,0.8427873201848929
wa-test-001701,0,0.18841625550789984,0,0.8427873201848929
wa-test-001702,0,0.06990599238750592,0,0.8427873201848929
wa-test-001703,0,0.07424805950609094,0,0.8427873201848929
wa-test-001704,0,0.21047089173273947,0,0.8427873201848929
wa-test-001705,0,0.0011965810258494985,0,0.8427873201848929
wa-test-001706,0,0.02795580717076279,0,0.8427873201848929
wa-test-001707,1,0.9089289274653959,1,0.8427873201848929
wa-test-001708,0,0.01151379219928419,0,0.8427873201848929
wa-test-001709,0,0.0022746233158529305,0,0.8427873201848929
wa-test-001710,0,0.015521713796862223,0,0.8427873201848929
wa-test-001711,1,0.9767007684798137,1,0.8427873201848929
wa-test-001712,0,0.0030429749135469056,0,0.8427873201848929
wa-test-001713,0,0.021564201491655947,0,0.8427873201848929
wa-test-001714,0,0.23543197902256144,0,0.8427873201848929
wa-test-001715,0,0.004901389432117247,0,0.8427873201848929
wa-test-001716,0,0.2763175633067961,0,0.8427873201848929
wa-test-001717,0,0.03466089828587042,0,0.8427873201848929
wa-test-001718,0,0.026648370297719885,0,0.8427873201848929
wa-test-001719,0,0.0038909050734080076,0,0.8427873201848929
wa-test-001720,0,0.029688617947659153,0,0.8427873201848929
wa-test-001721,1,0.520752164583879,0,0.8427873201848929
wa-test-001722,0,0.009498422382121646,0,0.8427873201848929
wa-test-001723,0,0.00784061569431262,0,0.8427873201848929
wa-test-001724,0,0.0040486454722420745,0,0.8427873201848929
wa-test-001725,0,0.008932489745344128,0,0.8427873201848929
wa-test-001726,0,0.0027928539446148088,0,0.8427873201848929
wa-test-001727,0,0.007662137924393858,0,0.8427873201848929
wa-test-001728,0,0.021406180410574314,0,0.8427873201848929
wa-test-001729,0,0.07159477409124645,0,0.8427873201848929
wa-test-001730,0,0.020442489453154876,0,0.8427873201848929
wa-test-001731,0,0.011076874882634067,0,0.8427873201848929
wa-test-001732,0,0.00127406579325763,0,0.8427873201848929
wa-test-001733,0,0.002760658710094741,0,0.8427873201848929
wa-test-001734,0,0.012374292079916275,0,0.8427873201848929
wa-test-001735,0,0.4561428786656916,0,0.8427873201848929
wa-test-001736,0,0.06472833129192786,0,0.8427873201848929
wa-test-001737,1,0.31458313293249135,0,0.8427873201848929
wa-test-001738,1,0.9842541794703504,1,0.8427873201848929
wa-test-001739,0,0.1346230816125329,0,0.8427873201848929
wa-test-001740,0,0.017337635126936247,0,0.8427873201848929
wa-test-001741,0,0.024421101370223273,0,0.8427873201848929
wa-test-001742,0,0.001927604443994708,0,0.8427873201848929
wa-test-001743,0,0.559178284672195,0,0.8427873201848929
wa-test-001744,0,0.3199828615303952,0,0.8427873201848929
wa-test-001745,0,0.13630139476732156,0,0.8427873201848929
wa-test-001746,0,0.17135778402813442,0,0.8427873201848929
wa-test-001747,0,0.37320652431736423,0,0.8427873201848929
wa-test-001748,0,0.013198972818952229,0,0.8427873201848929
wa-test-001749,0,0.2215610312182881,0,0.8427873201848929
wa-test-001750,0,0.010058539079443266,0,0.8427873201848929
wa-test-001751,0,0.2469348970011979,0,0.8427873201848929
wa-test-001752,0,0.7730159334837995,0,0.8427873201848929
wa-test-001753,0,0.0018117832008743577,0,0.8427873201848929
wa-test-001754,0,0.013111374458485857,0,0.8427873201848929
wa-test-001755,0,0.00337594989312723,0,0.8427873201848929
wa-test-001756,0,0.015992488000029496,0,0.8427873201848929
wa-test-001757,0,0.01859009647485555,0,0.8427873201848929
wa-test-001758,0,0.050202514811345626,0,0.8427873201848929
wa-test-001759,0,0.35790702958258236,0,0.8427873201848929
wa-test-001760,0,0.030637103838104758,0,0.8427873201848929
wa-test-001761,0,0.22989504212757936,0,0.8427873201848929
wa-test-001762,0,0.016222761567909496,0,0.8427873201848929
wa-test-001763,0,0.011827396739562254,0,0.8427873201848929
wa-test-001764,0,0.013801664838628757,0,0.8427873201848929
wa-test-001765,1,0.8708906493925672,1,0.8427873201848929
wa-test-001766,0,0.0073216654796578115,0,0.8427873201848929
wa-test-001767,0,0.1528247456559348,0,0.8427873201848929
wa-test-001768,0,0.03801676257531729,0,0.8427873201848929
wa-test-001769,0,0.21603433219302767,0,0.8427873201848929
wa-test-001770,0,0.12795367341672215,0,0.8427873201848929
wa-test-001771,0,0.011130283966649527,0,0.8427873201848929
wa-test-001772,0,0.05429528728324983,0,0.8427873201848929
wa-test-001773,0,0.3307196888567075,0,0.8427873201848929
wa-test-001774,0,0.11383164835296335,0,0.8427873201848929
wa-test-001775,0,0.017174380790020115,0,0.8427873201848929
wa-test-001776,0,0.008347259593075735,0,0.8427873201848929
wa-test-001777,0,0.03410737627853576,0,0.8427873201848929
wa-test-001778,0,0.010665646849102732,0,0.8427873201848929
wa-test-001779,0,0.6992038682928398,0,0.8427873201848929
wa-test-001780,0,0.03843070478399084,0,0.8427873201848929
wa-test-001781,0,0.0025603963935178203,0,0.8427873201848929
wa-test-001782,0,0.0070836024295412294,0,0.8427873201848929
wa-test-001783,0,0.07565685652915508,0,0.8427873201848929
wa-test-001784,0,0.03826827819810064,0,0.8427873201848929
wa-test-001785,0,0.4690433094022491,0,0.8427873201848929
wa-test-001786,0,0.007330879600283813,0,0.8427873201848929
wa-test-001787,0,0.01677601827376565,0,0.8427873201848929
wa-test-001788,0,0.05735247639658416,0,0.8427873201848929
wa-test-001789,0,0.035596810006200345,0,0.8427873201848929
wa-test-001790,0,0.11017784109463512,0,0.8427873201848929
wa-test-001791,0,5.6414017219720616e-05,0,0.8427873201848929
wa-test-001792,0,0.0029717238325938423,0,0.8427873201848929
wa-test-001793,0,0.001129050501017945,0,0.8427873201848929
wa-test-001794,0,0.06438282665946495,0,0.8427873201848929
wa-test-001795,1,0.05395425723452635,0,0.8427873201848929
wa-test-001796,0,0.012126674476530963,0,0.8427873201848929
wa-test-001797,1,0.1210158987945882,0,0.8427873201848929
wa-test-001798,0,0.002520914157490656,0,0.8427873201848929
wa-test-001799,0,0.2848196432549848,0,0.8427873201848929
wa-test-001800,0,0.08250689315106907,0,0.8427873201848929
wa-test-001801,0,0.07500932700504147,0,0.8427873201848929
wa-test-001802,1,0.10731075204296261,0,0.8427873201848929
wa-test-001803,0,0.0018764724382629371,0,0.8427873201848929
wa-test-001804,0,0.003893395665884736,0,0.8427873201848929
wa-test-001805,0,0.030412393620073464,0,0.8427873201848929
wa-test-001806,0,0.0965505307453755,0,0.8427873201848929
wa-test-001807,0,0.0836544864412001,0,0.8427873201848929
wa-test-001808,0,0.01441544654595047,0,0.8427873201848929
wa-test-001809,0,0.0019377490389529686,0,0.8427873201848929
wa-test-001810,0,0.07943397284670616,0,0.8427873201848929
wa-test-001811,0,0.028087591903216233,0,0.8427873201848929
wa-test-001812,1,0.0011361579497692455,0,0.8427873201848929
wa-test-001813,0,0.05243746340093834,0,0.8427873201848929
wa-test-001814,0,0.013675004134277855,0,0.8427873201848929
wa-test-001815,0,0.00035225424218110447,0,0.8427873201848929
wa-test-001816,0,0.004116097044370265,0,0.8427873201848929
wa-test-001817,1,0.37811926643618377,0,0.8427873201848929
wa-test-001818,1,9.533783311082684e-05,0,0.8427873201848929
wa-test-001819,0,0.004025242203359931,0,0.8427873201848929
wa-test-001820,0,0.06047728415400475,0,0.8427873201848929
wa-test-001821,0,0.02657137907501928,0,0.8427873201848929
wa-test-001822,0,0.03348001661363309,0,0.8427873201848929
wa-test-001823,1,0.9941682145152063,1,0.8427873201848929
wa-test-001824,0,0.00022945583023254798,0,0.8427873201848929
wa-test-001825,0,0.061977662736575206,0,0.8427873201848929
wa-test-001826,0,0.15597749224458263,0,0.8427873201848929
wa-test-001827,0,0.00787273720053992,0,0.8427873201848929
wa-test-001828,0,0.014226201236413357,0,0.8427873201848929
wa-test-001829,1,0.004667898301381663,0,0.8427873201848929
wa-test-001830,0,0.04019505303373779,0,0.8427873201848929
wa-test-001831,0,0.024118846760634464,0,0.8427873201848929
wa-test-001832,1,0.31353806649869936,0,0.8427873201848929
wa-test-001833,0,0.7907581226194144,0,0.8427873201848929
wa-test-001834,0,0.05694921059059406,0,0.8427873201848929
wa-test-001835,0,0.0019008655855627969,0,0.8427873201848929
wa-test-001836,0,0.018862523567795435,0,0.8427873201848929
wa-test-001837,1,0.9984816822539944,1,0.8427873201848929
wa-test-001838,0,0.012626889036776168,0,0.8427873201848929
wa-test-001839,1,0.521090591404144,0,0.8427873201848929
wa-test-001840,0,0.005022313945620972,0,0.8427873201848929
wa-test-001841,0,0.04609377052134237,0,0.8427873201848929
wa-test-001842,0,0.03117003723146593,0,0.8427873201848929
wa-test-001843,0,0.03192655328014632,0,0.8427873201848929
wa-test-001844,0,0.0030173740891172194,0,0.8427873201848929
wa-test-001845,0,0.09157345268763144,0,0.8427873201848929
wa-test-001846,0,0.01225785649053798,0,0.8427873201848929
wa-test-001847,0,0.02221848473222014,0,0.8427873201848929
wa-test-001848,0,0.0014673346960987577,0,0.8427873201848929
wa-test-001849,0,0.04436397555721676,0,0.8427873201848929
wa-test-001850,0,0.012117867544856215,0,0.8427873201848929
wa-test-001851,0,0.014537831525861524,0,0.8427873201848929
wa-test-001852,0,0.06212673394303548,0,0.8427873201848929
wa-test-001853,0,0.07225752977817206,0,0.8427873201848929
wa-test-001854,0,0.05834784880030956,0,0.8427873201848929
wa-test-001855,0,0.03734145996527596,0,0.8427873201848929
wa-test-001856,0,0.0675509511721901,0,0.8427873201848929
wa-test-001857,0,0.004087474004429561,0,0.8427873201848929
wa-test-001858,0,0.1251868282025163,0,0.8427873201848929
wa-test-001859,0,0.007164718503986822,0,0.8427873201848929
wa-test-001860,0,0.008435965436141077,0,0.8427873201848929
wa-test-001861,0,0.0011474043986745973,0,0.8427873201848929
wa-test-001862,0,0.001490210882866766,0,0.8427873201848929
wa-test-001863,0,0.01043288269141658,0,0.8427873201848929
wa-test-001864,1,0.9271349129778231,1,0.8427873201848929
wa-test-001865,0,0.005518917802991048,0,0.8427873201848929
wa-test-001866,0,0.028166904889502787,0,0.8427873201848929
wa-test-001867,0,0.010229148965202875,0,0.8427873201848929
wa-test-001868,1,0.04244303486328131,0,0.8427873201848929
wa-test-001869,0,0.011822354496718509,0,0.8427873201848929
wa-test-001870,0,0.003004077311666793,0,0.8427873201848929
wa-test-001871,0,0.008034382644035372,0,0.8427873201848929
wa-test-001872,0,0.007801645999011231,0,0.8427873201848929
wa-test-001873,0,0.11713982965908622,0,0.8427873201848929
wa-test-001874,0,0.03753962910983947,0,0.8427873201848929
wa-test-001875,0,0.0027288059056565675,0,0.8427873201848929
wa-test-001876,0,0.0023312116326068394,0,0.8427873201848929
wa-test-001877,0,0.26937709934109005,0,0.8427873201848929
wa-test-001878,0,0.00773806579041976,0,0.8427873201848929
wa-test-001879,0,0.011740028223896238,0,0.8427873201848929
wa-test-001880,0,0.10757924195615065,0,0.8427873201848929
wa-test-001881,0,0.0279405013193557,0,0.8427873201848929
wa-test-001882,0,0.03048608556320807,0,0.8427873201848929
wa-test-001883,1,0.0015567331045820557,0,0.8427873201848929
wa-test-001884,0,0.1286263835966708,0,0.8427873201848929
wa-test-001885,0,0.16889025301538188,0,0.8427873201848929
wa-test-001886,0,0.009286565742638676,0,0.8427873201848929
wa-test-001887,0,0.002211933390776165,0,0.8427873201848929
wa-test-001888,0,0.0038219173901207935,0,0.8427873201848929
wa-test-001889,0,0.07114776006277611,0,0.8427873201848929
wa-test-001890,0,0.008361488963645447,0,0.8427873201848929
wa-test-001891,0,0.008650258316811037,0,0.8427873201848929
wa-test-001892,0,0.6291091898526899,0,0.8427873201848929
wa-test-001893,0,0.13054388381147233,0,0.8427873201848929
wa-test-001894,0,0.07496417181960856,0,0.8427873201848929
wa-test-001895,0,0.009953526040331914,0,0.8427873201848929
wa-test-001896,1,0.21401395734901682,0,0.8427873201848929
wa-test-001897,0,0.003704902342614633,0,0.8427873201848929
wa-test-001898,0,0.046705107653202314,0,0.8427873201848929
wa-test-001899,0,0.04595057243207649,0,0.8427873201848929
wa-test-001900,0,0.0009923814145833228,0,0.8427873201848929
wa-test-001901,0,0.0009889790247725396,0,0.8427873201848929
wa-test-001902,0,0.044665096735370356,0,0.8427873201848929
wa-test-001903,0,0.053466915862057984,0,0.8427873201848929
wa-test-001904,0,0.004653524523471807,0,0.8427873201848929
wa-test-001905,0,0.15996444574034524,0,0.8427873201848929
wa-test-001906,0,0.00023921847050084052,0,0.8427873201848929
wa-test-001907,0,0.012753460243462208,0,0.8427873201848929
wa-test-001908,0,0.00389465286530255,0,0.8427873201848929
wa-test-001909,0,0.0016503815972073043,0,0.8427873201848929
wa-test-001910,1,0.1942297373534529,0,0.8427873201848929
wa-test-001911,0,0.32586982111119894,0,0.8427873201848929
wa-test-001912,0,0.0070835965317051705,0,0.8427873201848929
wa-test-001913,0,0.15485201382181207,0,0.8427873201848929
wa-test-001914,0,0.033935027275619416,0,0.8427873201848929
wa-test-001915,0,0.05687040677658048,0,0.8427873201848929
wa-test-001916,0,0.015603346472653226,0,0.8427873201848929
wa-test-001917,1,0.061257714108090666,0,0.8427873201848929
wa-test-001918,0,0.008054224893847788,0,0.8427873201848929
wa-test-001919,0,0.01571261432262635,0,0.8427873201848929
wa-test-001920,1,0.1500853690914354,0,0.8427873201848929
wa-test-001921,0,0.02398980905380808,0,0.8427873201848929
wa-test-001922,0,0.02694846034586448,0,0.8427873201848929
wa-test-001923,0,0.09219185264146854,0,0.8427873201848929
wa-test-001924,0,0.023810018038665344,0,0.8427873201848929
wa-test-001925,0,0.09332595824107448,0,0.8427873201848929
wa-test-001926,0,0.005292067027054128,0,0.8427873201848929
wa-test-001927,0,0.007662239295664967,0,0.8427873201848929
wa-test-001928,0,0.002259861204865069,0,0.8427873201848929
wa-test-001929,0,0.005627300737560594,0,0.8427873201848929
wa-test-001930,0,0.07327359965732211,0,0.8427873201848929
wa-test-001931,0,0.012780615800725216,0,0.8427873201848929
wa-test-001932,0,0.03376991216488619,0,0.8427873201848929
wa-test-001933,0,0.01396465114157804,0,0.8427873201848929
wa-test-001934,0,0.08929890499512334,0,0.8427873201848929
wa-test-001935,0,0.16875710691513915,0,0.8427873201848929
wa-test-001936,0,0.016072010505365556,0,0.8427873201848929
wa-test-001937,0,0.08010703947955815,0,0.8427873201848929
wa-test-001938,0,0.03286435099212573,0,0.8427873201848929
wa-test-001939,0,0.032605344048828824,0,0.8427873201848929
wa-test-001940,1,0.5849774054432824,0,0.8427873201848929
wa-test-001941,0,0.020885891809874785,0,0.8427873201848929
wa-test-001942,0,0.037368235505475696,0,0.8427873201848929
wa-test-001943,0,0.007239142968897093,0,0.8427873201848929
wa-test-001944,0,0.015377366025091897,0,0.8427873201848929
wa-test-001945,0,0.01004761752465278,0,0.8427873201848929
wa-test-001946,0,0.023941730625697887,0,0.8427873201848929
wa-test-001947,0,0.08120716309836522,0,0.8427873201848929
wa-test-001948,1,0.8798127260470852,1,0.8427873201848929
wa-test-001949,0,0.025697425849172936,0,0.8427873201848929
wa-test-001950,0,0.013932756185108343,0,0.8427873201848929
wa-test-001951,0,0.0046528278207612055,0,0.8427873201848929
wa-test-001952,0,0.013401325714983392,0,0.8427873201848929
wa-test-001953,0,0.01851398673101521,0,0.8427873201848929
wa-test-001954,0,0.12763847520013513,0,0.8427873201848929
wa-test-001955,1,6.448833494555508e-05,0,0.8427873201848929
wa-test-001956,0,0.04102900731794768,0,0.8427873201848929
wa-test-001957,0,0.09917507531681,0,0.8427873201848929
wa-test-001958,0,0.017450745906125383,0,0.8427873201848929
wa-test-001959,0,0.034980409574542744,0,0.8427873201848929
wa-test-001960,0,0.1689896752078731,0,0.8427873201848929
wa-test-001961,0,0.004843487454367361,0,0.8427873201848929
wa-test-001962,0,0.019040591153537213,0,0.8427873201848929
wa-test-001963,0,0.016487184899109237,0,0.8427873201848929
wa-test-001964,1,0.002536406564273875,0,0.8427873201848929
wa-test-001965,0,0.23315946515949484,0,0.8427873201848929
wa-test-001966,0,0.04671036446137309,0,0.8427873201848929
wa-test-001967,0,0.02210732377470007,0,0.8427873201848929
wa-test-001968,0,0.00485801832787742,0,0.8427873201848929
wa-test-001969,0,0.0747038749215995,0,0.8427873201848929
wa-test-001970,1,0.12626772006964013,0,0.8427873201848929
wa-test-001971,1,0.012343523605556697,0,0.8427873201848929
wa-test-001972,0,0.0013617361881367886,0,0.8427873201848929
wa-test-001973,0,0.014991308048816888,0,0.8427873201848929
wa-test-001974,0,0.01832494577199609,0,0.8427873201848929
wa-test-001975,0,0.02568315516222822,0,0.8427873201848929
wa-test-001976,0,0.08478321695465436,0,0.8427873201848929
wa-test-001977,0,0.005245077903859821,0,0.8427873201848929
wa-test-001978,0,0.023610371266870153,0,0.8427873201848929
wa-test-001979,0,0.04250023897257513,0,0.8427873201848929
wa-test-001980,0,0.4947416794092181,0,0.8427873201848929
wa-test-001981,0,0.0010770977861565357,0,0.8427873201848929
wa-test-001982,0,0.016650989398758427,0,0.8427873201848929
wa-test-001983,0,0.04070225354477601,0,0.8427873201848929
wa-test-001984,0,0.044974213316707964,0,0.8427873201848929
wa-test-001985,0,0.00408765719035824,0,0.8427873201848929
wa-test-001986,0,0.12112452739772167,0,0.8427873201848929
wa-test-001987,0,0.003280418085368688,0,0.8427873201848929
wa-test-001988,0,0.01731286476255919,0,0.8427873201848929
wa-test-001989,0,0.07428549665668707,0,0.8427873201848929
wa-test-001990,0,0.037544644831475855,0,0.8427873201848929
wa-test-001991,0,0.308443538986486,0,0.8427873201848929
wa-test-001992,0,0.00028603738441338925,0,0.8427873201848929
wa-test-001993,0,0.018880074092516994,0,0.8427873201848929
wa-test-001994,0,0.050059299790682445,0,0.8427873201848929
wa-test-001995,0,0.006686509377701911,0,0.8427873201848929
wa-test-001996,0,0.009327718484066234,0,0.8427873201848929
wa-test-001997,0,0.12518323777774037,0,0.8427873201848929
wa-test-001998,0,0.0348030772717722,0,0.8427873201848929
wa-test-001999,1,0.055198729612326664,0,0.8427873201848929
wa-test-002000,0,0.269337741805074,0,0.8427873201848929
wa-test-002001,0,0.004011177820552237,0,0.8427873201848929
wa-test-002002,0,0.026066926655468257,0,0.8427873201848929
wa-test-002003,0,0.02801640424101699,0,0.8427873201848929
wa-test-002004,0,0.019447976508921865,0,0.8427873201848929
wa-test-002005,0,0.4266129635023688,0,0.8427873201848929
wa-test-002006,1,0.1103792497243127,0,0.8427873201848929
wa-test-002007,0,0.24065741722126488,0,0.8427873201848929
wa-test-002008,0,0.004911948479641926,0,0.8427873201848929
wa-test-002009,0,0.5086059632147183,0,0.8427873201848929
wa-test-002010,0,0.017237920309957383,0,0.8427873201848929
wa-test-002011,0,0.025851511041706285,0,0.8427873201848929
wa-test-002012,0,0.01603488678796427,0,0.8427873201848929
wa-test-002013,0,0.016730212142175446,0,0.8427873201848929
wa-test-002014,0,0.049682573208851624,0,0.8427873201848929
wa-test-002015,0,0.01751182007230754,0,0.8427873201848929
wa-test-002016,1,0.1236652807002395,0,0.8427873201848929
wa-test-002017,0,0.020161244147016616,0,0.8427873201848929
wa-test-002018,0,0.014596275772344272,0,0.8427873201848929
wa-test-002019,0,0.02447653305129173,0,0.8427873201848929
wa-test-002020,0,0.019346938828213044,0,0.8427873201848929
wa-test-002021,0,0.033054341187713776,0,0.8427873201848929
wa-test-002022,0,0.006196371022560964,0,0.8427873201848929
wa-test-002023,0,0.21886682564374554,0,0.8427873201848929
wa-test-002024,0,0.32973469373227265,0,0.8427873201848929
wa-test-002025,0,0.021517713245803677,0,0.8427873201848929
wa-test-002026,0,0.16171868188111105,0,0.8427873201848929
wa-test-002027,0,0.007340776154074191,0,0.8427873201848929
wa-test-002028,0,0.013495119350551574,0,0.8427873201848929
wa-test-002029,0,0.009897153343989483,0,0.8427873201848929
wa-test-002030,0,0.0023781509567130893,0,0.8427873201848929
wa-test-002031,0,0.05862052547804367,0,0.8427873201848929
wa-test-002032,0,0.1435629646214328,0,0.8427873201848929
wa-test-002033,0,0.03197704740272664,0,0.8427873201848929
wa-test-002034,0,0.004896049601871235,0,0.8427873201848929
wa-test-002035,0,0.004808695032507014,0,0.8427873201848929
wa-test-002036,0,0.0007051312471399464,0,0.8427873201848929
wa-test-002037,0,0.02358288492003331,0,0.8427873201848929
wa-test-002038,0,0.002376567833997116,0,0.8427873201848929
wa-test-002039,0,0.34246651219622665,0,0.8427873201848929
wa-test-002040,0,0.0071582602949787156,0,0.8427873201848929
wa-test-002041,0,0.01005667469433081,0,0.8427873201848929
wa-test-002042,1,0.02703211377449105,0,0.8427873201848929
wa-test-002043,0,0.20776606033620174,0,0.8427873201848929
wa-test-002044,0,0.03882621003927398,0,0.8427873201848929
wa-test-002045,0,0.036499912159469586,0,0.8427873201848929
wa-test-002046,0,0.0023118738443842902,0,0.8427873201848929
wa-test-002047,0,0.0008673110179916178,0,0.8427873201848929
wa-test-002048,1,0.9995918130634238,1,0.8427873201848929
