pair_id,label,oof_probability
da-train-000000,0,1.3580156300358377e-06
da-train-000001,0,0.003317384068859833
da-train-000002,0,2.4280148905748403e-20
da-train-000003,1,0.9974226605826444
da-train-000004,0,3.7275064194412144e-06
da-train-000005,1,0.9643930860708316
da-train-000006,0,6.495673913421624e-09
da-train-000007,0,6.539469999066365e-22
da-train-000008,0,3.251785944751873e-17
da-train-000009,0,0.000953921178278586
da-train-000010,0,2.4363624923375173e-11
da-train-000011,1,0.9973141417936011
da-train-000012,0,1.7697931711690105e-19
da-train-000013,0,4.341484576870105e-14
da-train-000014,1,0.9989400733756916
da-train-000015,0,5.38293812126515e-07
da-train-000016,1,0.9934101172243611
da-train-000017,0,1.958476516654919e-16
da-train-000018,0,2.379111417757454e-21
da-train-000019,1,0.9955415118563722
da-train-000020,0,2.8401329455571646e-10
da-train-000021,1,0.9691507792565107
da-train-000022,0,4.117351740938272e-12
da-train-000023,0,1.8954205324726086e-08
da-train-000024,1,0.9972857550169909
da-train-000025,0,4.966509632943944e-05
da-train-000026,1,0.9708322128441189
da-train-000027,1,0.9877586941856141
da-train-000028,0,0.0005688513706734462
da-train-000029,0,8.135975314474659e-23
da-train-000030,0,1.925063257023965e-07
da-train-000031,0,1.6443296788426763e-21
da-train-000032,0,1.63511380958489e-13
da-train-000033,0,3.9295865130730426e-08
da-train-000034,1,0.9959505821780361
da-train-000035,0,1.6784441813764926e-08
da-train-000036,1,0.9970394265127093
da-train-000037,0,9.315010537242334e-15
da-train-000038,1,0.9974883294747169
da-train-000039,1,0.9958462822487814
da-train-000040,0,9.797694669311077e-10
da-train-000041,0,0.0012383973215722875
da-train-000042,0,0.00012996533413702646
da-train-000043,0,1.211237886318937e-07
da-train-000044,0,6.233028068075552e-19
da-train-000045,0,4.7626902321267463e-29
da-train-000046,1,0.9968370372909376
da-train-000047,0,0.00018480531559305103
da-train-000048,0,0.00035898689007449994
da-train-000049,0,1.4018270544207627e-10
da-train-000050,0,3.1096825666565444e-11
da-train-000051,0,2.699252561434383e-09
da-train-000052,0,9.480286383802683e-10
da-train-000053,1,0.9952442046514408
da-train-000054,0,0.008333125505696625
da-train-000055,0,5.844732167372562e-17
da-train-000056,0,5.78345002520469e-08
da-train-000057,0,1.7665876891210726e-16
da-train-000058,0,2.9617140851826595e-13
da-train-000059,1,0.9976988963960017
da-train-000060,0,3.0998314293110276e-13
da-train-000061,1,0.9940255767864278
da-train-000062,0,1.611800628714502e-19
da-train-000063,0,3.7676725379583456e-05
da-train-000064,0,1.0667663781153749e-09
da-train-000065,0,2.8520675700676766e-27
da-train-000066,0,1.4383879123649636e-09
da-train-000067,0,1.7053147713519676e-11
da-train-000068,0,4.428311759022662e-11
da-train-000069,0,1.6609528189985042e-05
da-train-000070,0,2.8309773064978525e-20
da-train-000071,0,1.2433264643688887e-10
da-train-000072,0,6.745758005035856e-13
da-train-000073,0,1.91633099844908e-15
da-train-000074,0,5.563256540775271e-11
da-train-000075,0,2.765083874398623e-10
da-train-000076,1,0.997778679969947
da-train-000077,0,0.0001012175701066597
da-train-000078,0,4.863639813625992e-13
da-train-000079,0,5.767610764262119e-15
da-train-000080,0,1.3619042970515163e-10
da-train-000081,0,2.07305502891517e-06
da-train-000082,0,0.00027723782527731795
da-train-000083,0,2.067489638708426e-07
da-train-000084,0,0.00031680086458098884
da-train-000085,0,5.451286679643917e-05
da-train-000086,0,5.159333002741134e-09
da-train-000087,0,1.770718428784265e-07
da-train-000088,0,2.5836436327933133e-13
da-train-000089,0,1.0062579808190354e-16
da-train-000090,0,4.0649946196680507e-22
da-train-000091,0,4.235949074326252e-05
da-train-000092,0,6.0673255991431665e-12
da-train-000093,0,8.949838439298357e-11
da-train-000094,0,8.311737535584184e-17
da-train-000095,0,7.795176736797068e-11
da-train-000096,0,3.6674770089704445e-12
da-train-000097,0,0.021923074238878664
da-train-000098,0,6.470491518969362e-12
da-train-000099,0,1.7547694204954531e-19
da-train-000100,0,3.65454614645842e-17
da-train-000101,0,7.519719399240664e-15
da-train-000102,0,1.1007736915013949e-16
da-train-000103,0,2.3459915273974197e-24
da-train-000104,0,2.8743153492494562e-05
da-train-000105,1,0.9941427456472862
da-train-000106,0,1.7778021799933596e-08
da-train-000107,0,1.068177689278319e-22
da-train-000108,1,0.9863096783091126
da-train-000109,0,1.5145755016949975e-09
da-train-000110,0,1.5091771674576e-20
da-train-000111,0,9.844165177982553e-10
da-train-000112,0,2.999139709852974e-10
da-train-000113,0,7.693576431700305e-22
da-train-000114,0,0.00033411852970775406
da-train-000115,0,3.4606117035481394e-14
da-train-000116,0,0.004581757854018342
da-train-000117,0,1.197910501630871e-07
da-train-000118,1,0.9812503093756865
da-train-000119,0,7.11163572247277e-09
da-train-000120,0,7.593629185855365e-13
da-train-000121,0,0.0004095632748175316
da-train-000122,0,6.996142469553163e-05
da-train-000123,0,6.219087628545176e-32
da-train-000124,1,0.9964679912759077
da-train-000125,1,0.9705835337423584
da-train-000126,0,9.199381685560926e-05
da-train-000127,0,7.282029008707821e-20
da-train-000128,0,0.0015441108301150008
da-train-000129,0,3.7511422887592475e-28
da-train-000130,0,1.0949301669676809e-20
da-train-000131,0,0.0036734898464766304
da-train-000132,0,1.9266686433332333e-22
da-train-000133,0,6.3832059871089944e-06
da-train-000134,0,8.968764566146717e-05
da-train-000135,0,3.264018216257196e-05
da-train-000136,0,9.479459757792016e-25
da-train-000137,0,2.260076742914022e-26
da-train-000138,1,0.9928635778858116
da-train-000139,0,8.819726803084682e-17
da-train-000140,0,3.0175678725653615e-09
da-train-000141,0,1.621699438493851e-11
da-train-000142,0,4.8974042012656675e-22
da-train-000143,0,3.032515244193369e-05
da-train-000144,0,2.817790754843349e-11
da-train-000145,0,0.0019580038858036226
da-train-000146,0,3.57123294947837e-13
da-train-000147,1,0.9948709102149077
da-train-000148,0,9.42946370639147e-09
da-train-000149,1,0.9856779906920093
da-train-000150,0,3.046803962681181e-11
da-train-000151,0,7.196267935859105e-28
da-train-000152,1,0.989220235694769
da-train-000153,1,0.997313594842677
da-train-000154,0,4.034264453994566e-12
da-train-000155,0,0.002869700285374605
da-train-000156,0,1.1430846723624542e-09
da-train-000157,1,0.9831871344052372
da-train-000158,1,0.9952442610902944
da-train-000159,0,7.94938463882202e-16
da-train-000160,0,4.6755046943966763e-07
da-train-000161,0,1.865477633183168e-13
da-train-000162,0,6.730515302419068e-09
da-train-000163,1,0.9982667288481858
da-train-000164,0,1.4956867757723313e-11
da-train-000165,0,5.207789114138172e-15
da-train-000166,0,5.6670288546959746e-11
da-train-000167,1,0.9735295884497804
da-train-000168,0,1.1968688964989325e-28
da-train-000169,0,1.2047695127103329e-10
da-train-000170,0,2.145087433737883e-18
da-train-000171,0,1.810857005344738e-07
da-train-000172,0,1.1645775359705997e-09
da-train-000173,1,0.9786376717403988
da-train-000174,0,1.0192281277441225e-16
da-train-000175,0,2.4201321721801887e-07
da-train-000176,0,1.2301316410958975e-06
da-train-000177,0,0.001094223742612748
da-train-000178,0,7.775828443057885e-09
da-train-000179,0,3.706859849912212e-05
da-train-000180,0,1.7051498613754711e-09
da-train-000181,0,1.1000736617521422e-07
da-train-000182,0,1.6001489209443315e-05
da-train-000183,0,7.564923370547056e-15
da-train-000184,0,6.615487681033076e-28
da-train-000185,0,4.1810072487094354e-13
da-train-000186,0,2.5913100887572212e-17
da-train-000187,1,0.9887993170471777
da-train-000188,0,1.777469796576732e-13
da-train-000189,0,1.199448001130094e-07
da-train-000190,0,3.3944149223727943e-07
da-train-000191,1,0.9973264126702673
da-train-000192,0,0.0034802105325209324
da-train-000193,0,5.913250528760788e-28
da-train-000194,0,1.7105525561828902e-19
da-train-000195,0,1.1138281036343001e-33
da-train-000196,0,5.213660486329183e-10
da-train-000197,1,0.9946884630395778
da-train-000198,0,0.00010867415260912919
da-train-000199,0,1.9899302575635398e-14
da-train-000200,0,3.193319695887259e-10
da-train-000201,0,4.330480378026392e-05
da-train-000202,1,0.9786446900278882
da-train-000203,0,1.388047966121316e-28
da-train-000204,1,0.995549046698042
da-train-000205,0,1.3823078356845527e-20
da-train-000206,0,2.890724049932121e-15
da-train-000207,0,0.0003797586482020023
da-train-000208,0,2.108876455474029e-22
da-train-000209,0,2.382996282624007e-10
da-train-000210,0,6.0071493854305435e-12
da-train-000211,0,3.31284104208637e-14
da-train-000212,0,1.0886755583844932e-25
da-train-000213,0,2.881596838123077e-12
da-train-000214,1,0.9717371770509877
da-train-000215,0,2.666039410228237e-13
da-train-000216,0,0.0005300761205000959
da-train-000217,0,1.943718910684819e-10
da-train-000218,1,0.9866104842276728
da-train-000219,1,0.9465450392609464
da-train-000220,0,2.1519239875447918e-18
da-train-000221,0,0.0017676777526670299
da-train-000222,0,6.117218808353597e-08
da-train-000223,0,7.682055258996985e-17
da-train-000224,0,2.2658286517117074e-06
da-train-000225,0,0.02307788307194669
da-train-000226,1,0.9833902848328554
da-train-000227,0,2.3986605674680735e-16
da-train-000228,1,0.9957963674307786
da-train-000229,0,4.950812839469619e-07
da-train-000230,0,1.1661767773272319e-07
da-train-000231,0,2.435031908863751e-07
da-train-000232,0,0.0010141441481180651
da-train-000233,1,0.9975532078676911
da-train-000234,0,1.069772698867833e-05
da-train-000235,0,6.289184494857852e-10
da-train-000236,0,1.0869248238223929e-09
da-train-000237,0,4.0386198714102524e-07
da-train-000238,0,1.0839873662929436e-15
da-train-000239,0,1.3120508765351149e-18
da-train-000240,0,2.7001421361805543e-12
da-train-000241,0,4.545373003656589e-15
da-train-000242,1,0.9980531877576061
da-train-000243,0,5.441615524334725e-05
da-train-000244,0,1.758284427581751e-10
da-train-000245,0,0.00015294102377899513
da-train-000246,0,6.805490213576705e-27
da-train-000247,0,6.543116627880957e-09
da-train-000248,1,0.9965499345340083
da-train-000249,0,1.3318780320314112e-06
da-train-000250,0,7.329235341964263e-20
da-train-000251,1,0.7782004618960642
da-train-000252,0,8.822588333571198e-09
da-train-000253,0,6.93455056512998e-08
da-train-000254,0,0.032035292485525585
da-train-000255,0,2.154014870757977e-09
da-train-000256,0,2.206053486265466e-08
da-train-000257,0,1.8524355641928894e-08
da-train-000258,0,2.5777843747032533e-07
da-train-000259,0,2.2009395220798124e-15
da-train-000260,0,3.6952550461934823e-19
da-train-000261,0,3.7138487683354443e-10
da-train-000262,0,4.203042881171322e-10
da-train-000263,0,1.132403669236637e-12
da-train-000264,0,0.017792462209903135
da-train-000265,0,7.177204938714675e-17
da-train-000266,0,5.3615528464659746e-12
da-train-000267,0,2.3694275787114505e-06
da-train-000268,0,0.00012053187671439921
da-train-000269,1,0.9772363203321109
da-train-000270,0,7.387568124519175e-05
da-train-000271,0,0.00011140029082506525
da-train-000272,0,0.00034784461315576524
da-train-000273,0,7.308402737156075e-17
da-train-000274,0,7.51101868751151e-16
da-train-000275,0,6.289305933986963e-19
da-train-000276,0,0.2269838625938869
da-train-000277,0,3.340022999008961e-07
da-train-000278,0,0.04625435431688937
da-train-000279,1,0.9914742683524335
da-train-000280,0,6.511839763435315e-08
da-train-000281,0,8.862229862535153e-09
da-train-000282,0,2.9499285061806716e-15
da-train-000283,1,0.9837483938247833
da-train-000284,0,0.01612240171795784
da-train-000285,0,8.696275466975743e-07
da-train-000286,1,0.983553228790233
da-train-000287,0,2.298681540615287e-09
da-train-000288,1,0.9973715969138777
da-train-000289,0,6.746282823915289e-16
da-train-000290,0,0.019324272251009574
da-train-000291,0,1.2755293407015868e-25
da-train-000292,0,7.393278077211409e-09
da-train-000293,0,4.809773467389724e-05
da-train-000294,0,3.062167039355766e-08
da-train-000295,0,1.294234932468425e-26
da-train-000296,0,5.1684680890035076e-08
da-train-000297,1,0.9618783023469925
da-train-000298,1,0.9951147579445893
da-train-000299,0,0.003264976342597918
da-train-000300,0,4.617631096785305e-07
da-train-000301,0,1.119600083968396e-08
da-train-000302,0,7.4535554806854e-15
da-train-000303,0,7.477988098309663e-11
da-train-000304,0,3.76888542639828e-09
da-train-000305,0,5.475627947043343e-21
da-train-000306,0,1.9823338625826042e-19
da-train-000307,0,8.355408918386452e-08
da-train-000308,0,1.1310207226413637e-12
da-train-000309,0,0.02257936152572621
da-train-000310,0,1.8839046378837394e-12
da-train-000311,1,0.9965909394578046
da-train-000312,0,1.3657080956175806e-09
da-train-000313,0,9.305931185606364e-07
da-train-000314,0,3.855479691078531e-24
da-train-000315,0,2.100029678587938e-12
da-train-000316,0,6.6747910175591425e-09
da-train-000317,0,6.514567993537656e-25
da-train-000318,0,1.2009659725951145e-13
da-train-000319,1,0.9498724802257414
da-train-000320,1,0.9736923936249285
da-train-000321,1,0.9763280181294952
da-train-000322,0,4.42048666471887e-22
da-train-000323,0,4.217278458480062e-11
da-train-000324,1,0.9962375364174262
da-train-000325,0,1.0447273549540478e-08
da-train-000326,0,1.8207957124154757e-11
da-train-000327,0,4.8267235583755664e-11
da-train-000328,0,1.559322197874036e-08
da-train-000329,0,5.2085793921383585e-05
da-train-000330,0,1.5649440098633874e-20
da-train-000331,0,1.526577111085668e-05
da-train-000332,0,0.7064366134937083
da-train-000333,0,1.5559475326761992e-07
da-train-000334,1,0.9711287527372177
da-train-000335,0,6.464248677929659e-18
da-train-000336,0,8.427994714053249e-05
da-train-000337,0,1.3287010401917075e-06
da-train-000338,0,6.230140475458187e-11
da-train-000339,1,0.9788065323534848
da-train-000340,0,1.4245093706188553e-14
da-train-000341,0,4.2676731063955487e-11
da-train-000342,0,4.512878148527069e-15
da-train-000343,0,1.5594441122132361e-09
da-train-000344,1,0.9849495941371492
da-train-000345,0,1.221309500746772e-08
da-train-000346,0,3.89786033551284e-22
da-train-000347,0,2.874939012640222e-25
da-train-000348,0,5.394212873832515e-08
da-train-000349,0,0.00027841316037893467
da-train-000350,0,1.3373446970467201e-06
da-train-000351,0,0.00033165272988912656
da-train-000352,0,5.846973351158981e-27
da-train-000353,0,3.056204500614479e-05
da-train-000354,0,0.00012757210993594476
da-train-000355,1,0.9863785711586069
da-train-000356,0,1.3691299040986463e-19
da-train-000357,0,2.45544202770702e-10
da-train-000358,0,3.8979754052368267e-20
da-train-000359,0,7.884420063066606e-08
da-train-000360,0,2.682576230557696e-13
da-train-000361,0,5.701341819065659e-16
da-train-000362,0,4.519192477515021e-10
da-train-000363,1,0.9867638597776537
da-train-000364,0,8.167174632920482e-08
da-train-000365,0,4.143749281311877e-14
da-train-000366,0,1.1133607643803516e-14
da-train-000367,1,0.8914101541726259
da-train-000368,0,3.645552841463703e-11
da-train-000369,0,2.658663896181684e-15
da-train-000370,0,1.074173605846073e-23
da-train-000371,0,0.002216279541316738
da-train-000372,0,0.00023272599078616834
da-train-000373,1,0.9977341518702705
da-train-000374,0,2.7730657216398647e-07
da-train-000375,0,2.5493469342608885e-13
da-train-000376,0,6.266792540091437e-19
da-train-000377,1,0.9811154213758302
da-train-000378,0,5.994722864839309e-18
da-train-000379,0,1.0239346007330665e-10
da-train-000380,0,1.8133773711031051e-31
da-train-000381,1,0.9952632263896731
da-train-000382,0,6.735258729516023e-17
da-train-000383,1,0.9925356807684903
da-train-000384,0,4.53603325622296e-12
da-train-000385,0,1.1881144140466285e-17
da-train-000386,0,5.40650646402808e-12
da-train-000387,0,1.8791532555243333e-27
da-train-000388,0,8.178776321431885e-07
da-train-000389,0,3.3022694906619165e-11
da-train-000390,0,1.0751247074532297e-18
da-train-000391,0,1.0638670539835606e-29
da-train-000392,0,4.941316282665692e-10
da-train-000393,0,1.9340340138553498e-22
da-train-000394,0,2.6067364868827875e-14
da-train-000395,0,0.00027230468213007027
da-train-000396,0,4.734394181160032e-05
da-train-000397,0,5.9063977808993515e-06
da-train-000398,0,2.926040618743275e-07
da-train-000399,0,1.8706933112588645e-15
da-train-000400,0,3.051299553394857e-05
da-train-000401,1,0.9806891891017901
da-train-000402,0,2.9719541808390924e-08
da-train-000403,1,0.9816877760240116
da-train-000404,0,2.5885949334142093e-15
da-train-000405,0,1.3700613210166287e-26
da-train-000406,0,2.9685766315778833e-07
da-train-000407,0,1.0638539521264257e-07
da-train-000408,0,5.02961155932712e-08
da-train-000409,0,1.1239714211157199e-26
da-train-000410,0,1.422701575701765e-08
da-train-000411,1,0.9976159025029845
da-train-000412,1,0.9541779235957809
da-train-000413,1,0.9777371604730357
da-train-000414,0,5.586353962916465e-17
da-train-000415,0,5.5887638613045457e-08
da-train-000416,0,1.3611575369616763e-15
da-train-000417,1,0.9807398492514062
da-train-000418,0,1.6025155694592426e-22
da-train-000419,0,1.699218466041527e-25
da-train-000420,0,2.1867525010136423e-15
da-train-000421,1,0.9946551487352527
da-train-000422,0,3.3623203605797756e-05
da-train-000423,1,0.9960535692285758
da-train-000424,0,4.457835388217257e-28
da-train-000425,1,0.9895119939386627
da-train-000426,1,0.9940877202445545
da-train-000427,0,2.3448993163952805e-07
da-train-000428,0,6.740790909185792e-14
da-train-000429,0,7.58729526316403e-31
da-train-000430,1,0.9668786442924314
da-train-000431,0,4.3594045290326336e-07
da-train-000432,1,0.9941466262650858
da-train-000433,1,0.996970033034193
da-train-000434,0,6.968123140735366e-06
da-train-000435,0,9.07436709912802e-13
da-train-000436,1,0.9949944666887297
da-train-000437,0,1.369293378941201e-13
da-train-000438,0,4.648560396681421e-09
da-train-000439,0,1.0307825763412617e-13
da-train-000440,0,7.967072862721538e-07
da-train-000441,1,0.9830452307054428
da-train-000442,0,9.165974851890188e-13
da-train-000443,1,0.9794527789570999
da-train-000444,0,2.1832832937613427e-23
da-train-000445,0,0.00016814979024828253
da-train-000446,0,2.627099400358474e-10
da-train-000447,0,5.831303559464996e-11
da-train-000448,0,1.541875051923893e-05
da-train-000449,0,6.096535914288432e-07
da-train-000450,0,1.7691908318381542e-11
da-train-000451,0,1.0051262370489418e-12
da-train-000452,0,3.0651824937226195e-21
da-train-000453,0,7.2263376550089685e-22
da-train-000454,0,0.022640845914116418
da-train-000455,0,7.587694767994768e-19
da-train-000456,0,4.134783750678658e-24
da-train-000457,0,4.2386565331663363e-13
da-train-000458,0,5.682344979771895e-31
da-train-000459,0,8.108154800906901e-17
da-train-000460,0,0.9936033133447896
da-train-000461,1,0.9985225566266562
da-train-000462,0,2.7006087849659987e-14
da-train-000463,0,2.158845949132321e-14
da-train-000464,0,3.971830388924346e-14
da-train-000465,1,0.6609686368775836
da-train-000466,0,1.3398335327756544e-07
da-train-000467,0,8.263519762029809e-07
da-train-000468,0,7.372695645466298e-10
da-train-000469,0,3.824069610319596e-23
da-train-000470,0,2.0207312104945258e-21
da-train-000471,0,6.061308432317612e-08
da-train-000472,1,0.9576467920218897
da-train-000473,0,9.203642285984184e-10
da-train-000474,0,9.720208284839405e-09
da-train-000475,0,1.0981063153151076e-17
da-train-000476,0,2.688289024043683e-06
da-train-000477,0,1.8281299618026663e-29
da-train-000478,0,2.6473898235995955e-07
da-train-000479,0,2.9276772143291334e-08
da-train-000480,0,2.7193970270365893e-34
da-train-000481,0,0.0004590815328097449
da-train-000482,0,8.210359842213519e-05
da-train-000483,0,2.3626264588263544e-11
da-train-000484,1,0.9853630553250655
da-train-000485,1,0.9881812984178183
da-train-000486,0,2.7168116051467635e-17
da-train-000487,0,7.606427564007738e-21
da-train-000488,0,1.8925108884589163e-16
da-train-000489,0,3.0354137476118798e-05
da-train-000490,0,2.3723965101531833e-05
da-train-000491,0,2.512236712610887e-05
da-train-000492,0,1.0780567083716655e-13
da-train-000493,0,1.1428240080954967e-18
da-train-000494,0,5.363421710383254e-19
da-train-000495,1,0.9934940944760523
da-train-000496,0,2.551492366351128e-19
da-train-000497,0,6.122173857612422e-19
da-train-000498,1,0.9452287674277388
da-train-000499,0,0.09880642769609592
da-train-000500,0,0.10646083249761708
da-train-000501,0,7.244707091037202e-05
da-train-000502,1,0.9974340862665757
da-train-000503,0,8.825444254296459e-10
da-train-000504,0,7.783451884050339e-11
da-train-000505,1,0.9955027903634021
da-train-000506,0,1.32249272434477e-11
da-train-000507,0,2.6310384182975938e-12
da-train-000508,0,1.7270294418928355e-21
da-train-000509,1,0.9976145219030313
da-train-000510,0,0.0011794721591158535
da-train-000511,0,1.3040990309931253e-13
da-train-000512,0,4.092574254810606e-21
da-train-000513,0,7.590581664147832e-13
da-train-000514,0,2.645770783149215e-27
da-train-000515,0,2.5005369493157454e-11
da-train-000516,0,2.008041980603528e-05
da-train-000517,0,0.0285650959648884
da-train-000518,0,0.0031447000526255826
da-train-000519,0,7.679810775928258e-06
da-train-000520,0,1.1221402066840667e-09
da-train-000521,0,1.5313058736111833e-18
da-train-000522,0,5.071729091651899e-07
da-train-000523,0,2.0713178096446604e-09
da-train-000524,0,1.206695327307672e-13
da-train-000525,0,8.733855428615627e-25
da-train-000526,0,1.53865926125507e-08
da-train-000527,1,0.9937235854670351
da-train-000528,0,2.425336377750197e-18
da-train-000529,0,3.172522376752459e-24
da-train-000530,0,1.037124263705991e-24
da-train-000531,0,2.6861309882216142e-05
da-train-000532,0,3.312692499482103e-13
da-train-000533,0,2.744122441241175e-10
da-train-000534,0,1.9814048521902143e-25
da-train-000535,0,3.3674182339672223e-14
da-train-000536,0,1.3966194816426435e-13
da-train-000537,0,8.510625509439996e-24
da-train-000538,0,4.841119633794556e-06
da-train-000539,1,0.9952699610204574
da-train-000540,0,1.8841365559894685e-08
da-train-000541,0,1.2541004460294175e-10
da-train-000542,1,0.9807454716235254
da-train-000543,0,5.8882942300046585e-12
da-train-000544,0,1.6147709627244064e-07
da-train-000545,1,0.979886845880681
da-train-000546,0,2.690295776284729e-12
da-train-000547,1,0.9891171974453594
da-train-000548,1,0.9968619817276941
da-train-000549,0,1.951077733338272e-08
da-train-000550,1,0.9638026817830259
da-train-000551,1,0.9970912461834868
da-train-000552,0,3.9209954119817776e-11
da-train-000553,0,3.4426403795252963e-10
da-train-000554,1,0.9961786345095153
da-train-000555,0,4.745694374121936e-14
da-train-000556,0,6.397171028429588e-08
da-train-000557,0,4.195911848629465e-16
da-train-000558,0,1.6343320525836488e-11
da-train-000559,0,3.690527898916932e-10
da-train-000560,0,9.472893362451267e-14
da-train-000561,0,8.499026138601931e-08
da-train-000562,1,0.9889345118181124
da-train-000563,0,5.709074387411117e-17
da-train-000564,0,3.727303169309655e-05
da-train-000565,1,0.9994304897206736
da-train-000566,0,3.638472150474124e-19
da-train-000567,0,8.153656976142946e-18
da-train-000568,0,1.3950476830051397e-11
da-train-000569,0,3.164699671801012e-17
da-train-000570,0,1.9336211276763277e-08
da-train-000571,1,0.9986082659786738
da-train-000572,0,3.268359607564412e-08
da-train-000573,1,0.9814999395446176
da-train-000574,0,0.0015780727478269668
da-train-000575,1,0.9926635248773451
da-train-000576,1,0.9979767148296418
da-train-000577,0,4.761422175131008e-30
da-train-000578,0,1.7573796078723401e-13
da-train-000579,1,0.9940163935242099
da-train-000580,0,4.823793219745466e-19
da-train-000581,0,4.051513568009291e-28
da-train-000582,0,1.373366229309521e-07
da-train-000583,0,9.003553761968607e-10
da-train-000584,0,0.003524484797725098
da-train-000585,0,1.3124916712860214e-07
da-train-000586,0,2.173465572520058e-21
da-train-000587,0,8.279360015322617e-07
da-train-000588,0,3.0365969924314126e-17
da-train-000589,0,7.625287307179068e-18
da-train-000590,0,2.7936004056399183e-08
da-train-000591,0,1.9812715770812755e-13
da-train-000592,0,7.109978033068563e-23
da-train-000593,1,0.9917018340157732
da-train-000594,0,5.340195913952301e-07
da-train-000595,1,0.9604129384143908
da-train-000596,1,0.5851509359208983
da-train-000597,0,0.00013698613159725164
da-train-000598,0,4.8513399823619716e-08
da-train-000599,0,8.119828813618526e-14
da-train-000600,1,0.9970063401631188
da-train-000601,0,6.129992660317979e-18
da-train-000602,0,3.908940618655597e-07
da-train-000603,1,0.9827429367667859
da-train-000604,0,0.00029934112882035115
da-train-000605,0,9.823621886753982e-08
da-train-000606,0,1.766401203716455e-13
da-train-000607,1,0.9768738718967197
da-train-000608,0,1.2217436342961907e-14
da-train-000609,0,2.6183758425235335e-09
da-train-000610,1,0.9834777491685074
da-train-000611,0,2.8762916318231118e-21
da-train-000612,0,4.4251398349458916e-10
da-train-000613,0,0.0388868553075772
da-train-000614,1,0.9730365656153509
da-train-000615,1,0.9925851216651304
da-train-000616,0,7.69661356945566e-05
da-train-000617,1,0.963226623036696
da-train-000618,0,4.1455338017184353e-19
da-train-000619,0,4.0971037380925996e-17
da-train-000620,0,3.3031341446897656e-06
da-train-000621,0,6.681874355583578e-16
da-train-000622,1,0.9960338121904481
da-train-000623,0,1.0200809658469808e-17
da-train-000624,0,1.5401515738494803e-10
da-train-000625,0,1.4607175090931057e-26
da-train-000626,0,1.3429618970017061e-05
da-train-000627,0,5.259372402041141e-16
da-train-000628,0,2.3930908853041268e-14
da-train-000629,0,1.1725423266233338e-09
da-train-000630,1,0.9872160050767639
da-train-000631,1,0.9976173535807646
da-train-000632,1,0.9865270380475217
da-train-000633,0,5.110246526844307e-10
da-train-000634,0,5.94866911250847e-23
da-train-000635,0,4.529093995097239e-08
da-train-000636,0,6.383132000684674e-13
da-train-000637,0,0.0005212631434436782
da-train-000638,0,1.6977102782353672e-11
da-train-000639,0,4.106130287521167e-25
da-train-000640,0,5.573216903742194e-23
da-train-000641,0,2.8069975817673805e-10
da-train-000642,0,8.974453545603283e-10
da-train-000643,1,0.975178558990514
da-train-000644,0,7.313881985494611e-07
da-train-000645,1,0.9969326554913636
da-train-000646,0,3.049807643090804e-07
da-train-000647,0,1.1037079465229073e-18
da-train-000648,0,6.531323619145405e-16
da-train-000649,1,0.9936146770095471
da-train-000650,1,0.983553228790233
da-train-000651,0,9.16219467039545e-06
da-train-000652,0,9.390672962707108e-07
da-train-000653,0,9.52644585370628e-13
da-train-000654,0,1.5680837728686166e-17
da-train-000655,0,0.0016940453326335125
da-train-000656,0,4.499518549297576e-05
da-train-000657,1,0.9855060744448113
da-train-000658,0,7.004438214430668e-08
da-train-000659,0,7.320487976111048e-15
da-train-000660,0,1.233033761303639e-05
da-train-000661,0,1.1240619100675393e-06
da-train-000662,0,1.5044299388566405e-16
da-train-000663,0,1.2756226283811587e-17
da-train-000664,0,1.7310236299119156e-05
da-train-000665,0,4.411512499114385e-15
da-train-000666,1,0.9652601709443962
da-train-000667,0,2.260101657619316e-27
da-train-000668,0,7.381357402602618e-09
da-train-000669,0,3.5756102557925573e-26
da-train-000670,0,3.223810761541375e-05
da-train-000671,0,0.00019840983500128524
da-train-000672,0,1.3281026308492582e-18
da-train-000673,0,1.9370928893571754e-28
da-train-000674,0,3.8461164329853616e-07
da-train-000675,0,1.7837520923084493e-33
da-train-000676,0,5.050420852160024e-25
da-train-000677,0,2.2110063244946437e-17
da-train-000678,0,1.3633613226486335e-07
da-train-000679,0,1.823342130679964e-09
da-train-000680,0,7.169720773612023e-12
da-train-000681,1,0.9968322372049013
da-train-000682,0,1.696829871478606e-13
da-train-000683,0,3.880284920302305e-07
da-train-000684,1,0.9542607165836813
da-train-000685,0,0.003593367730778381
da-train-000686,0,1.107208984672144e-09
da-train-000687,0,1.2588889875899551e-09
da-train-000688,1,0.9824272191936121
da-train-000689,0,1.918155085047696e-12
da-train-000690,1,0.8260801983472783
da-train-000691,0,4.371225171413547e-10
da-train-000692,0,2.0704255937658664e-14
da-train-000693,0,1.8111629044284156e-17
da-train-000694,0,0.0008133001164224858
da-train-000695,0,1.1752392172119404e-10
da-train-000696,0,3.42778076934519e-13
da-train-000697,0,4.049701625547954e-28
da-train-000698,0,2.491396980587986e-19
da-train-000699,1,0.9724044641150895
da-train-000700,0,4.218731126824374e-14
da-train-000701,0,0.0014108048341194286
da-train-000702,0,1.058292367918571e-20
da-train-000703,0,2.1047855724486153e-11
da-train-000704,1,0.9488392349918103
da-train-000705,0,5.831919304575858e-11
da-train-000706,0,1.840132236407706e-05
da-train-000707,0,3.767216625587065e-15
da-train-000708,0,8.674923264481364e-05
da-train-000709,0,3.3738548488354275e-09
da-train-000710,0,2.578487453850595e-20
da-train-000711,0,1.544599377615409e-25
da-train-000712,1,0.9777371604730357
da-train-000713,0,2.0831154866798826e-16
da-train-000714,1,0.994165098477314
da-train-000715,0,2.0451970407953424e-11
da-train-000716,0,8.382513061089994e-15
da-train-000717,0,3.6350354063388955e-12
da-train-000718,0,3.72982987879573e-09
da-train-000719,0,1.1661223001773655e-09
da-train-000720,1,0.959192715732558
da-train-000721,1,0.999471420797056
da-train-000722,0,1.3585626794005046e-13
da-train-000723,1,0.9606822197889242
da-train-000724,1,0.9882908745758224
da-train-000725,0,4.6260642265372985e-06
da-train-000726,0,3.225570503402763e-16
da-train-000727,0,1.0603380347034213e-12
da-train-000728,0,9.672909860969881e-10
da-train-000729,0,5.761641544871867e-09
da-train-000730,0,5.633943206774383e-10
da-train-000731,0,0.006187696470101922
da-train-000732,0,0.00019394955944658426
da-train-000733,0,6.256327166923661e-18
da-train-000734,0,5.011869154320486e-26
da-train-000735,0,0.0024674352078865596
da-train-000736,0,1.934745968503533e-11
da-train-000737,0,2.6397365356612755e-23
da-train-000738,0,1.5974336505205143e-06
da-train-000739,0,1.9648057518381366e-06
da-train-000740,0,2.8566296960655347e-12
da-train-000741,0,1.5037126839263552e-09
da-train-000742,0,0.002263584723984686
da-train-000743,0,3.815642750416813e-06
da-train-000744,0,7.828302118880553e-10
da-train-000745,0,7.051918889779265e-22
da-train-000746,0,7.691261548748682e-26
da-train-000747,0,1.7462087353189655e-15
da-train-000748,0,0.00012631668809989481
da-train-000749,0,8.721880517477106e-06
da-train-000750,0,4.0254769109983507e-22
da-train-000751,1,0.9944878874835368
da-train-000752,0,1.1506205133646974e-08
da-train-000753,1,0.9925741069995521
da-train-000754,1,0.9908424297583295
da-train-000755,0,7.002177113997303e-08
da-train-000756,0,3.227632599482706e-05
da-train-000757,0,6.2361253192145525e-19
da-train-000758,1,0.9939871196240303
da-train-000759,0,4.621854092337261e-12
da-train-000760,1,0.9970426407290844
da-train-000761,0,0.011039230415788926
da-train-000762,0,4.6456588270117994e-07
da-train-000763,1,0.9978543033220765
da-train-000764,0,1.702734352088917e-25
da-train-000765,1,0.9955163050960634
da-train-000766,0,2.5241288231082268e-08
da-train-000767,0,1.028032915305339e-25
da-train-000768,0,8.580650586441986e-21
da-train-000769,0,3.336109010310222e-22
da-train-000770,0,6.335823848908318e-11
da-train-000771,0,0.8547445823636058
da-train-000772,0,2.3340860825459974e-07
da-train-000773,1,0.9795893341810284
da-train-000774,0,7.764814017615527e-23
da-train-000775,0,2.7937869880706603e-19
da-train-000776,0,0.0003725765225881931
da-train-000777,1,0.9802413008090985
da-train-000778,0,3.2505146600101305e-12
da-train-000779,0,1.8174307016680653e-27
da-train-000780,0,3.973981544158617e-10
da-train-000781,0,1.746964127025752e-17
da-train-000782,0,0.002418591612521472
da-train-000783,0,0.00014733170256661928
da-train-000784,1,0.983739468238901
da-train-000785,0,9.011776424751144e-14
da-train-000786,0,1.0086520959346419e-24
da-train-000787,0,3.270780249574603e-06
da-train-000788,0,2.5710745409880084e-05
da-train-000789,0,2.2218973452468124e-28
da-train-000790,0,0.0012017385339597579
da-train-000791,1,0.9824611566766689
da-train-000792,0,8.452888760299512e-17
da-train-000793,0,9.951226097548491e-10
da-train-000794,0,2.146841141245791e-09
da-train-000795,1,0.995632100926059
da-train-000796,0,1.7950816044739213e-21
da-train-000797,0,0.001405452879868826
da-train-000798,0,2.7090844481285315e-26
da-train-000799,0,0.8099486937315435
da-train-000800,0,2.325452091091391e-06
da-train-000801,0,1.488786127358778e-17
da-train-000802,1,0.9835116866515642
da-train-000803,1,0.9981421582358018
da-train-000804,0,1.8265465169712505e-16
da-train-000805,1,0.9836007348494108
da-train-000806,0,0.00010528679523788365
da-train-000807,0,2.9928441461878995e-15
da-train-000808,0,0.0001297848649115066
da-train-000809,0,2.7206540552348454e-05
da-train-000810,0,6.175646679693227e-20
da-train-000811,0,5.3166601395251084e-14
da-train-000812,1,0.9823950935229523
da-train-000813,0,0.00020930842447519833
da-train-000814,1,0.9977694415637007
da-train-000815,0,3.4469152043923543e-13
da-train-000816,1,0.9441893846469277
da-train-000817,0,0.00028936875989065336
da-train-000818,0,4.540083036401187e-08
da-train-000819,0,1.433801857948981e-05
da-train-000820,1,0.9722727244352115
da-train-000821,1,0.9612702744911422
da-train-000822,0,6.771024549911258e-14
da-train-000823,1,0.9937399107520001
da-train-000824,0,1.8294986681123753e-17
da-train-000825,1,0.9767149363911032
da-train-000826,0,1.714062290434875e-07
da-train-000827,0,9.586213721315907e-20
da-train-000828,1,0.9989969333348437
da-train-000829,0,2.3731013194824963e-33
da-train-000830,0,2.3103991359461685e-07
da-train-000831,1,0.9791238458553903
da-train-000832,0,9.378453785939446e-08
da-train-000833,1,0.9160205560635423
da-train-000834,0,5.464560117779607e-08
da-train-000835,0,3.9390361031234244e-11
da-train-000836,0,1.4460911289958924e-13
da-train-000837,0,9.821302664248293e-17
da-train-000838,0,3.1182684384264475e-23
da-train-000839,0,1.9757291925599153e-05
da-train-000840,0,1.3804064355712814e-08
da-train-000841,0,0.04519491764199166
da-train-000842,0,3.9039317716136885e-24
da-train-000843,0,2.7959904512161653e-07
da-train-000844,0,1.361414239502087e-06
da-train-000845,0,6.139012818761243e-24
da-train-000846,0,6.7217671961592276e-06
da-train-000847,0,4.0627611995416087e-07
da-train-000848,0,0.22197864676254642
da-train-000849,0,1.8184403627964586e-14
da-train-000850,0,3.0768196454077603e-06
da-train-000851,0,1.4077053656331994e-05
da-train-000852,0,0.6900691626583687
da-train-000853,0,9.017669943607685e-13
da-train-000854,0,0.0005396835164700997
da-train-000855,0,2.357728823870658e-06
da-train-000856,0,1.1040184393746832e-25
da-train-000857,0,0.001294204603399115
da-train-000858,1,0.9967913022965443
da-train-000859,0,1.8491366740668627e-07
da-train-000860,0,3.458974503391668e-10
da-train-000861,1,0.9969148138985053
da-train-000862,1,0.9853630553250655
da-train-000863,1,0.986285068925854
da-train-000864,0,2.509978398978675e-07
da-train-000865,0,0.16734745547849394
da-train-000866,0,1.7488134958145795e-06
da-train-000867,0,4.7196647076411225e-08
da-train-000868,0,4.867695606683028e-16
da-train-000869,0,8.896606777712101e-10
da-train-000870,0,4.566670978332873e-11
da-train-000871,1,0.9777371604730357
da-train-000872,0,9.164606111114708e-12
da-train-000873,0,9.705194210041078e-07
da-train-000874,0,1.68745002606633e-25
da-train-000875,0,3.23737065888759e-08
da-train-000876,0,0.6387961047834817
da-train-000877,0,4.7634190164224375e-15
da-train-000878,1,0.982563759878959
da-train-000879,0,3.3448230007123728e-21
da-train-000880,1,0.9890801439623109
da-train-000881,0,3.2626486121897714e-07
da-train-000882,0,5.966109352290525e-06
da-train-000883,0,2.434773546656859e-11
da-train-000884,1,0.4813661089065507
da-train-000885,0,0.0157312002875666
da-train-000886,0,2.827637979131436e-27
da-train-000887,0,2.248061896724612e-23
da-train-000888,0,2.756158600985655e-10
da-train-000889,0,2.588702795227304e-11
da-train-000890,0,3.732493070245834e-11
da-train-000891,0,1.7144712955036435e-12
da-train-000892,0,2.654635840739504e-25
da-train-000893,0,6.793082621628029e-07
da-train-000894,0,2.9317383799274834e-22
da-train-000895,0,1.3671067439942223e-19
da-train-000896,0,4.429244293637234e-16
da-train-000897,0,7.312788696241231e-07
da-train-000898,0,2.2547254622511162e-11
da-train-000899,0,6.522930102703566e-06
da-train-000900,0,1.1647608224772148e-07
da-train-000901,0,6.705196079153274e-20
da-train-000902,0,0.0005180425796714533
da-train-000903,0,2.3002093292786266e-15
da-train-000904,0,0.000798428617481253
da-train-000905,0,2.9370667306497087e-07
da-train-000906,0,8.049742935784209e-13
da-train-000907,1,0.9608190430086818
da-train-000908,0,1.139053792668227e-07
da-train-000909,0,7.309657364863611e-24
da-train-000910,0,4.539220945557338e-09
da-train-000911,0,7.804721111676188e-11
da-train-000912,0,0.00048753201467401764
da-train-000913,0,0.0015304223434252373
da-train-000914,1,0.9904617088929896
da-train-000915,0,3.733558582575945e-12
da-train-000916,0,4.764168658770598e-10
da-train-000917,1,0.9959803729952957
da-train-000918,0,7.510144132835359e-17
da-train-000919,0,2.3022713818235177e-20
da-train-000920,0,1.014746587758433e-07
da-train-000921,0,3.8881337484711986e-05
da-train-000922,0,5.9344792877428155e-05
da-train-000923,0,1.976229219552665e-11
da-train-000924,1,0.9984458817857772
da-train-000925,0,4.397917907654383e-13
da-train-000926,0,3.1747677617400393e-31
da-train-000927,0,3.019320189328089e-06
da-train-000928,0,2.6691871337414867e-33
da-train-000929,0,1.875453249274964e-21
da-train-000930,0,1.1217961064292967e-06
da-train-000931,0,2.5529448299871487e-13
da-train-000932,0,2.972752170669622e-24
da-train-000933,0,3.970284889845405e-23
da-train-000934,0,2.368578108372276e-18
da-train-000935,0,4.0903811187847155e-18
da-train-000936,0,2.9366822638584424e-15
da-train-000937,0,3.6720859548550007e-16
da-train-000938,1,0.9938951887999236
da-train-000939,0,3.2398416474760377e-33
da-train-000940,0,1.9974000414176905e-19
da-train-000941,1,0.9963090848734816
da-train-000942,1,0.992888402682144
da-train-000943,1,0.9912817150091006
da-train-000944,0,2.493968102774949e-15
da-train-000945,1,0.9533063660419773
da-train-000946,0,5.225279568589491e-12
da-train-000947,1,0.9995380761634346
da-train-000948,1,0.9865403577913758
da-train-000949,1,0.9853630553250655
da-train-000950,0,9.39379552711525e-06
da-train-000951,1,0.9959488655452052
da-train-000952,1,0.9834584711499792
da-train-000953,0,9.126937578892084e-20
da-train-000954,1,0.012641121361620301
da-train-000955,1,0.9957006737423576
da-train-000956,0,3.5714768246948224e-09
da-train-000957,0,5.005303940631046e-13
da-train-000958,1,0.9932194789229062
da-train-000959,0,3.925006574549272e-07
da-train-000960,0,7.47489676521952e-16
da-train-000961,0,3.233378700753811e-05
da-train-000962,0,2.299509802026837e-17
da-train-000963,0,1.4604658567189703e-14
da-train-000964,0,2.3358762681809773e-06
da-train-000965,0,6.253071471738287e-13
da-train-000966,0,7.48632923816433e-15
da-train-000967,0,6.34010056622016e-07
da-train-000968,0,2.3953200524828666e-25
da-train-000969,0,6.695219532416389e-29
da-train-000970,0,1.361540054855712e-05
da-train-000971,0,2.782388043200953e-11
da-train-000972,0,1.7994474847701662e-19
da-train-000973,0,2.3258168631882657e-09
da-train-000974,0,4.2795393315440033e-07
da-train-000975,0,4.875437333458396e-05
da-train-000976,0,9.111512647417535e-13
da-train-000977,0,1.3022006264672229e-14
da-train-000978,0,5.99316107488335e-10
da-train-000979,0,1.915742046648671e-15
da-train-000980,1,0.997994762231743
da-train-000981,0,6.070270809771079e-13
da-train-000982,1,0.9975939940394478
da-train-000983,0,2.627610316286215e-08
da-train-000984,0,3.6564213732746294e-07
da-train-000985,0,4.684318628156977e-25
da-train-000986,0,1.866935208637906e-15
da-train-000987,0,4.114183630947712e-07
da-train-000988,0,1.7524175252103898e-23
da-train-000989,0,2.978673347552346e-11
da-train-000990,0,2.300386239417399e-17
da-train-000991,0,3.9456948923811438e-19
da-train-000992,1,0.961962189988156
da-train-000993,0,0.004109936779953528
da-train-000994,0,1.0059607865088511e-10
da-train-000995,1,0.9536327046009218
da-train-000996,0,4.737054292613653e-09
da-train-000997,0,2.8851806953832215e-11
da-train-000998,0,2.3227323704755867e-14
da-train-000999,1,0.9996069668434572
da-train-001000,0,0.0034562663032373965
da-train-001001,1,0.9857952800724291
da-train-001002,0,5.098606535398559e-24
da-train-001003,0,5.298092598376018e-07
da-train-001004,0,2.6583685493311468e-11
da-train-001005,1,0.9856121370727239
da-train-001006,0,2.941588640497223e-16
da-train-001007,0,3.81426419416522e-05
da-train-001008,0,0.004798416802467933
da-train-001009,0,3.702253936745605e-29
da-train-001010,0,1.3541602000031422e-20
da-train-001011,0,1.4288017821908239e-15
da-train-001012,0,3.763960871346304e-24
da-train-001013,0,3.867049854710862e-33
da-train-001014,0,3.9530252400511994e-10
da-train-001015,0,3.845556125811619e-23
da-train-001016,0,1.936247973443186e-20
da-train-001017,0,4.936284898573327e-08
da-train-001018,0,2.2360054327813065e-16
da-train-001019,0,2.4881165327698304e-11
da-train-001020,0,7.874340551682279e-07
da-train-001021,0,1.3108802651069939e-19
da-train-001022,0,0.10913465891024328
da-train-001023,0,2.1390676948252695e-18
da-train-001024,0,2.551087086033542e-06
da-train-001025,1,0.9713700110200177
da-train-001026,0,2.1333645460832555e-21
da-train-001027,0,2.0105590015041064e-15
da-train-001028,0,0.00019497094703378216
da-train-001029,1,0.9984278594801106
da-train-001030,0,4.82714813334377e-23
da-train-001031,0,3.138589982636615e-16
da-train-001032,0,1.8343697085147468e-13
da-train-001033,0,1.3266094373374993e-08
da-train-001034,0,1.0595297092252205e-27
da-train-001035,0,2.7992993884029634e-15
da-train-001036,0,2.2955109703049415e-14
da-train-001037,0,2.561609905823116e-06
da-train-001038,0,1.9523978222622413e-08
da-train-001039,1,0.9850701903014153
da-train-001040,0,1.0748708944796369e-07
da-train-001041,0,8.296269246761087e-22
da-train-001042,1,0.9807491565411023
da-train-001043,0,1.4660214994160668e-05
da-train-001044,0,5.5398079808330734e-33
da-train-001045,0,1.1248021159356816e-08
da-train-001046,0,0.010430343943192406
da-train-001047,0,0.00017861947690746163
da-train-001048,0,2.0278057007118754e-23
da-train-001049,0,9.504492666607984e-20
da-train-001050,0,0.0002673740207734439
da-train-001051,0,9.15020521091226e-11
da-train-001052,0,5.260962049530661e-16
da-train-001053,0,2.947426732059587e-05
da-train-001054,0,4.148613927350648e-12
da-train-001055,0,6.54290562184682e-17
da-train-001056,1,0.9984277139389232
da-train-001057,0,8.034936122125462e-05
da-train-001058,0,3.451128859581134e-08
da-train-001059,0,1.308859065791753e-22
da-train-001060,0,0.011485354255329547
da-train-001061,0,2.496917816900755e-07
da-train-001062,0,1.8567039932771188e-15
da-train-001063,0,2.405620012939733e-09
da-train-001064,0,1.2623751438021194e-15
da-train-001065,1,0.9972183120102885
da-train-001066,0,0.0017163272217019278
da-train-001067,0,7.480781554858425e-15
da-train-001068,0,6.483808319705644e-19
da-train-001069,0,6.880211600919921e-19
da-train-001070,1,0.9996879037839252
da-train-001071,1,0.9945294299823875
da-train-001072,0,5.708360797925762e-25
da-train-001073,0,1.6391364275432378e-09
da-train-001074,0,6.281998417322038e-22
da-train-001075,0,3.329859160659716e-13
da-train-001076,0,6.719315036317067e-08
da-train-001077,1,0.9319336551732479
da-train-001078,0,2.162424527542285e-12
da-train-001079,0,2.8192266992923707e-19
da-train-001080,0,1.825517075634092e-13
da-train-001081,0,1.1698496201242906e-08
da-train-001082,0,0.04377983922010694
da-train-001083,0,2.915885758308121e-20
da-train-001084,0,0.0208806045811836
da-train-001085,0,1.5471360552382445e-15
da-train-001086,0,1.0875173638758577e-12
da-train-001087,1,0.9863811688926333
da-train-001088,0,6.116537091978755e-28
da-train-001089,0,1.6478784247408637e-18
da-train-001090,0,6.60340841823518e-28
da-train-001091,0,3.4072108665188585e-10
da-train-001092,0,5.312649310680924e-20
da-train-001093,0,7.865183400189159e-12
da-train-001094,0,1.2429966267423749e-06
da-train-001095,0,7.003975573451936e-12
da-train-001096,0,1.4095633536871204e-13
da-train-001097,0,1.1547477928113123e-24
da-train-001098,0,1.0119971698306913e-19
da-train-001099,0,7.098988641115356e-16
da-train-001100,0,0.013298572185405333
da-train-001101,0,1.0354518176844759e-14
da-train-001102,0,2.903064304772788e-08
da-train-001103,0,3.092421267590011e-15
da-train-001104,0,3.164082800884411e-10
da-train-001105,0,7.070836346829853e-08
da-train-001106,1,0.8957014045591684
da-train-001107,0,7.822436192412703e-14
da-train-001108,0,0.014510290919770954
da-train-001109,0,1.192198240731723e-16
da-train-001110,0,9.480580013760756e-16
da-train-001111,0,2.490290511862025e-07
da-train-001112,0,0.2607325638281139
da-train-001113,0,4.0598807862153954e-16
da-train-001114,1,0.9969047110509596
da-train-001115,1,0.9806891891017901
da-train-001116,0,9.31270798058654e-07
da-train-001117,0,1.3456043284485418e-05
da-train-001118,0,3.124627667631366e-05
da-train-001119,0,9.769233649776055e-28
da-train-001120,0,3.5835649215394046e-06
da-train-001121,0,0.0002070536221861022
da-train-001122,0,1.69056987663485e-08
da-train-001123,0,1.4492880288086022e-10
da-train-001124,1,0.993648583777058
da-train-001125,1,0.5968869610154265
da-train-001126,0,2.0288317373270806e-14
da-train-001127,0,7.40390830307146e-08
da-train-001128,0,8.682044815363789e-17
da-train-001129,0,1.6653353550113646e-23
da-train-001130,0,2.4907860943661968e-29
da-train-001131,1,0.9969896202018397
da-train-001132,0,4.0014821239920664e-11
da-train-001133,0,3.123424846982251e-05
da-train-001134,1,0.9978155673592487
da-train-001135,0,1.1064588355132333e-10
da-train-001136,0,2.155771846530501e-22
da-train-001137,1,0.98302448956848
da-train-001138,1,0.9986567373838807
da-train-001139,0,0.0008189227814650301
da-train-001140,0,5.463991579471261e-21
da-train-001141,0,3.0022233167905336e-18
da-train-001142,0,3.0500033374214166e-14
da-train-001143,0,5.345778794141885e-19
da-train-001144,0,3.4037200212144464e-08
da-train-001145,0,5.081624324523585e-10
da-train-001146,0,4.793218306598615e-20
da-train-001147,0,1.4739015870560028e-11
da-train-001148,1,0.9648644770102447
da-train-001149,0,3.815675297571743e-09
da-train-001150,0,4.492076922761158e-10
da-train-001151,1,0.9983173071483015
da-train-001152,0,2.2814693841877666e-18
da-train-001153,1,0.03152189956115448
da-train-001154,0,1.7926826470164526e-14
da-train-001155,0,8.018625009332888e-07
da-train-001156,0,0.0005554173410125903
da-train-001157,0,9.711319904454434e-21
da-train-001158,1,0.9839467300857949
da-train-001159,0,0.00046620192240228565
da-train-001160,0,1.7314085145044444e-07
da-train-001161,0,0.0002519915773706036
da-train-001162,0,3.2747932695049086e-08
da-train-001163,0,8.759197105457126e-10
da-train-001164,1,0.9844408148077508
da-train-001165,1,0.9817540060315362
da-train-001166,0,5.171781614919663e-19
da-train-001167,0,1.8628584076878847e-07
da-train-001168,0,1.3370690709623674e-13
da-train-001169,0,1.910366416679426e-15
da-train-001170,0,1.9373780555367166e-17
da-train-001171,0,4.8137202409105906e-14
da-train-001172,0,9.553948753285329e-12
da-train-001173,1,0.9783067385462019
da-train-001174,1,0.9778668576146293
da-train-001175,0,7.894642793360208e-16
da-train-001176,1,0.9977852033693009
da-train-001177,1,0.8964901956107333
da-train-001178,0,0.0027588182209602307
da-train-001179,0,1.2485085946213496e-13
da-train-001180,1,0.9961392524608983
da-train-001181,0,5.604145081501318e-08
da-train-001182,0,9.278233190750839e-11
da-train-001183,0,3.099211874193973e-16
da-train-001184,0,0.024438684708915203
da-train-001185,0,2.3716336154918315e-10
da-train-001186,1,0.9976328020958544
da-train-001187,0,8.240687221934602e-10
da-train-001188,0,8.405341185411169e-07
da-train-001189,0,3.094599560185799e-08
da-train-001190,0,8.474838242007473e-15
da-train-001191,0,2.8931813077842252e-05
da-train-001192,0,5.982086551936333e-11
da-train-001193,0,0.0002246740466290114
da-train-001194,1,0.9936155651461768
da-train-001195,0,1.1728347021742996e-13
da-train-001196,1,0.9948036239858506
da-train-001197,0,2.0785537706301832e-16
da-train-001198,0,9.77485150870801e-07
da-train-001199,0,3.890284358083495e-09
da-train-001200,0,1.1557771201671954e-06
da-train-001201,0,0.9622367091324433
da-train-001202,0,5.569874384138063e-09
da-train-001203,1,0.9897259352229512
da-train-001204,0,1.440099914808533e-10
da-train-001205,0,0.008585484438582572
da-train-001206,0,2.6571457317957863e-14
da-train-001207,0,4.911521022811126e-06
da-train-001208,0,0.004326445060108293
da-train-001209,0,3.7572997646413855e-13
da-train-001210,1,0.9893852541705105
da-train-001211,1,0.9887374716514111
da-train-001212,1,0.9951215530544378
da-train-001213,0,0.00014672659022817007
da-train-001214,0,9.243310494882332e-08
da-train-001215,1,0.9975865827562505
da-train-001216,0,3.6762176256052957e-10
da-train-001217,0,1.026918732709778e-09
da-train-001218,0,7.163200166025642e-08
da-train-001219,0,3.14840848349339e-22
da-train-001220,0,9.22149610430749e-14
da-train-001221,0,1.9970130480884768e-13
da-train-001222,1,0.9829582595609554
da-train-001223,0,1.3582406391040838e-18
da-train-001224,1,0.9627434771310845
da-train-001225,0,2.629945000327148e-09
da-train-001226,0,2.0524878779951073e-19
da-train-001227,0,9.087189640687353e-10
da-train-001228,0,1.4370796566726548e-10
da-train-001229,1,0.9995934910721175
da-train-001230,0,4.218020480228339e-22
da-train-001231,0,4.0229339876722183e-13
da-train-001232,0,5.762139326020771e-07
da-train-001233,0,5.666505077794506e-08
da-train-001234,0,3.0611141199038874e-06
da-train-001235,0,1.8246667980194272e-11
da-train-001236,0,2.0813096270743588e-14
da-train-001237,0,3.0210466212658296e-08
da-train-001238,0,8.000133572040166e-10
da-train-001239,1,0.996693149913679
da-train-001240,0,5.6311485613981466e-15
da-train-001241,0,6.833487753926974e-17
da-train-001242,0,2.369547778121133e-06
da-train-001243,0,3.563163410987764e-08
da-train-001244,0,8.195067479166312e-11
da-train-001245,0,1.3566984649342434e-17
da-train-001246,0,1.2039584095926218e-07
da-train-001247,0,1.7250186389863954e-22
da-train-001248,0,1.8341827543391038e-10
da-train-001249,0,2.153272870908664e-27
da-train-001250,0,0.257379224720034
da-train-001251,0,4.947300962104791e-10
da-train-001252,1,0.9971615221063267
da-train-001253,1,0.9974119323225393
da-train-001254,0,2.96078270875711e-16
da-train-001255,0,2.867039540579884e-09
da-train-001256,0,2.5687674947325723e-28
da-train-001257,0,6.234508244658258e-17
da-train-001258,0,6.733849556814779e-14
da-train-001259,1,0.9676956337695674
da-train-001260,0,2.624432190216862e-07
da-train-001261,0,6.058364461376365e-21
da-train-001262,0,4.612711592745181e-13
da-train-001263,0,0.006787862607067356
da-train-001264,0,0.004466473518534654
da-train-001265,0,1.8871936297403405e-12
da-train-001266,0,0.06336296777404254
da-train-001267,1,0.9980675426552573
da-train-001268,1,0.9932926851819097
da-train-001269,0,2.2410198225212864e-19
da-train-001270,0,4.838422173167342e-09
da-train-001271,0,5.443217665447776e-22
da-train-001272,0,1.4896924908319124e-11
da-train-001273,1,0.9974022969678839
da-train-001274,0,8.693348337698568e-17
da-train-001275,0,3.4739620365207936e-06
da-train-001276,0,0.0009288283444972333
da-train-001277,0,1.9169743737455386e-07
da-train-001278,0,7.316531104218317e-05
da-train-001279,0,0.00011946049254297769
da-train-001280,0,1.077781877510148e-23
da-train-001281,0,2.9899847056653546e-24
da-train-001282,0,0.00041461292240827825
da-train-001283,0,2.0934433752227205e-18
da-train-001284,0,1.4452993188589283e-14
da-train-001285,0,3.530855389781949e-14
da-train-001286,0,1.8258538133104323e-12
da-train-001287,0,2.5925264867632116e-23
da-train-001288,0,3.935842166309285e-08
da-train-001289,0,2.5851926053783292e-08
da-train-001290,0,2.842184119022567e-07
da-train-001291,0,3.0275948721651674e-09
da-train-001292,0,2.6006237922852055e-05
da-train-001293,1,0.9930939254050366
da-train-001294,1,0.9975473130793979
da-train-001295,1,0.980134999125773
da-train-001296,0,4.783710467346518e-24
da-train-001297,0,1.624233820013036e-06
da-train-001298,0,5.485057184390492e-17
da-train-001299,0,5.976142979180358e-11
da-train-001300,0,1.4420255870872282e-16
da-train-001301,1,0.9913591128311111
da-train-001302,0,1.188709411252505e-30
da-train-001303,1,0.995627295507043
da-train-001304,0,2.9592879553529708e-08
da-train-001305,0,6.522137543423277e-11
da-train-001306,0,0.00018168229442774535
da-train-001307,1,0.9748843716768921
da-train-001308,0,2.3008760134154444e-19
da-train-001309,0,1.3118603293877295e-15
da-train-001310,0,1.5158271096965613e-09
da-train-001311,0,6.5296839872401e-16
da-train-001312,0,6.263787941655183e-05
da-train-001313,0,2.1605478337579394e-10
da-train-001314,0,1.1031058142931204e-06
da-train-001315,0,0.00015820492225449175
da-train-001316,0,2.13577533208758e-13
da-train-001317,0,0.11744000171354317
da-train-001318,0,4.716921363129493e-19
da-train-001319,0,5.6490674615243885e-09
da-train-001320,0,1.3212112115596134e-05
da-train-001321,0,5.830478102860686e-28
da-train-001322,1,0.8437294430013894
da-train-001323,1,0.9971710872639816
da-train-001324,0,0.027668977479783002
da-train-001325,0,2.7414328074409456e-12
da-train-001326,0,1.3311760217472309e-11
da-train-001327,0,1.7701721791916762e-14
da-train-001328,0,9.981902418826034e-13
da-train-001329,1,0.9983386732097462
da-train-001330,0,0.00011594187089415527
da-train-001331,1,0.9963050588227688
da-train-001332,0,4.371011913464526e-19
da-train-001333,0,2.9750009109641574e-08
da-train-001334,0,1.0094102552405061e-14
da-train-001335,0,2.4889660447462604e-11
da-train-001336,0,1.5142967749510148e-23
da-train-001337,0,3.8292380959971006e-05
da-train-001338,0,4.1155521708795097e-08
da-train-001339,0,4.133713449506869e-10
da-train-001340,0,4.494881259193343e-08
da-train-001341,0,2.5028204479902313e-17
da-train-001342,0,6.592801085086013e-14
da-train-001343,0,4.171510374677681e-20
da-train-001344,0,5.143856210267023e-07
da-train-001345,0,1.1411198761351612e-18
da-train-001346,0,2.424749872941938e-06
da-train-001347,1,0.9541911634072386
da-train-001348,0,7.002907718541233e-06
da-train-001349,0,1.4183053575546409e-05
da-train-001350,0,6.551761302168607e-11
da-train-001351,0,3.141504006783502e-17
da-train-001352,0,5.269414493995425e-13
da-train-001353,0,1.825080150455603e-12
da-train-001354,0,5.345064759689008e-07
da-train-001355,0,2.2550429556331052e-07
da-train-001356,0,0.007988666371260727
da-train-001357,0,2.185093482727361e-21
da-train-001358,0,2.7401999404897044e-09
da-train-001359,0,1.7021819473096455e-09
da-train-001360,0,1.0733425071409171e-14
da-train-001361,1,0.9937323687421262
da-train-001362,0,2.0420665276471673e-10
da-train-001363,0,7.345694673353483e-21
da-train-001364,0,0.0010241842387113096
da-train-001365,0,0.004309252197345113
da-train-001366,0,1.8007947684015153e-16
da-train-001367,0,3.8494274650532684e-14
da-train-001368,1,0.9811154213758302
da-train-001369,0,1.717519506286544e-15
da-train-001370,0,1.478774056362144e-16
da-train-001371,0,1.3280850894962355e-18
da-train-001372,0,2.7571403816448712e-05
da-train-001373,1,0.9975719805160598
da-train-001374,0,4.779020392398625e-13
da-train-001375,0,5.695756276006384e-14
da-train-001376,0,6.265824238475785e-14
da-train-001377,1,0.9638026817830259
da-train-001378,1,0.98634040381166
da-train-001379,0,5.204240543462344e-09
da-train-001380,1,0.999580673771061
da-train-001381,0,3.428587549324491e-19
da-train-001382,0,0.0022089861760977545
da-train-001383,0,0.00015200922490374506
da-train-001384,0,2.5290784397206133e-17
da-train-001385,0,8.802613947209437e-06
da-train-001386,0,5.328456495164848e-07
da-train-001387,0,5.638546877365699e-19
da-train-001388,1,0.9823435503291763
da-train-001389,0,0.00011838301973609613
da-train-001390,0,1.611616703535004e-18
da-train-001391,1,0.9975807317919361
da-train-001392,0,0.0009094887372589159
da-train-001393,1,0.9986018798125856
da-train-001394,0,7.737163778940269e-05
da-train-001395,0,7.893142980714146e-13
da-train-001396,0,4.2121812261039006e-11
da-train-001397,0,4.4536487050316496e-27
da-train-001398,0,2.5198591003973142e-22
da-train-001399,0,7.189856873437018e-23
da-train-001400,0,8.152866240209899e-06
da-train-001401,0,4.740515843454744e-14
da-train-001402,0,2.818912675748701e-23
da-train-001403,1,0.9978590431040173
da-train-001404,0,9.057571498871913e-11
da-train-001405,0,1.7109656415888495e-18
da-train-001406,0,7.516551637396224e-08
da-train-001407,0,3.815160157104729e-13
da-train-001408,0,9.16652950429952e-12
da-train-001409,1,0.994655528709167
da-train-001410,0,1.8923092440180433e-14
da-train-001411,0,3.1502408881526357e-10
da-train-001412,0,1.0216958805641113e-20
da-train-001413,0,9.491789394407789e-12
da-train-001414,0,1.652841047113033e-07
da-train-001415,0,0.0004051590418160293
da-train-001416,0,1.0266874562760485e-20
da-train-001417,0,4.49465344367122e-08
da-train-001418,0,1.105055949558053e-06
da-train-001419,0,6.925951983500374e-07
da-train-001420,0,2.292394100744604e-06
da-train-001421,1,0.9965209945065311
da-train-001422,0,1.25424702420217e-09
da-train-001423,0,4.207184033058584e-06
da-train-001424,0,0.0012935075807001793
da-train-001425,0,0.0014529530385136416
da-train-001426,0,9.186060040112813e-07
da-train-001427,0,3.167370357453542e-18
da-train-001428,0,1.4956163637626136e-09
da-train-001429,1,0.9960442611714339
da-train-001430,1,0.9985772770404937
da-train-001431,0,5.239576657328495e-15
da-train-001432,0,5.549847173208029e-22
da-train-001433,0,7.750350159620954e-14
da-train-001434,0,6.309050936195006e-10
da-train-001435,0,4.1996254279546057e-07
da-train-001436,0,2.0581641266254497e-26
da-train-001437,0,2.3823957492374287e-12
da-train-001438,0,8.738036276329966e-21
da-train-001439,0,1.565127130933819e-18
da-train-001440,1,0.9969640578603114
da-train-001441,0,1.8152035250812762e-10
da-train-001442,0,7.17444359758906e-08
da-train-001443,0,3.2148428400914983e-07
da-train-001444,0,2.1926522356308368e-10
da-train-001445,0,4.0024687460559116e-10
da-train-001446,0,4.70131864067414e-14
da-train-001447,0,2.9153281305352154e-29
da-train-001448,0,1.038426027831438e-05
da-train-001449,0,1.730392242389086e-07
da-train-001450,0,1.2479331971741973e-14
da-train-001451,0,8.890055523117034e-14
da-train-001452,0,7.208171104730009e-18
da-train-001453,0,2.8379402417296504e-09
da-train-001454,0,1.4102114503471186e-10
da-train-001455,0,2.8344666919351214e-07
da-train-001456,1,0.9951408974806171
da-train-001457,0,4.4182888405655124e-05
da-train-001458,0,3.2503895981608256e-23
da-train-001459,0,1.064543347713169e-13
da-train-001460,0,1.9332303969049027e-20
da-train-001461,1,0.994773315033855
da-train-001462,1,0.9720080711783173
da-train-001463,0,1.0813236689142946e-14
da-train-001464,0,4.612074022723834e-11
da-train-001465,1,0.990052499209299
da-train-001466,0,0.0055771817383777405
da-train-001467,0,4.886754682870447e-21
da-train-001468,0,2.1978494866857614e-11
da-train-001469,0,1.1181058300448777e-16
da-train-001470,1,0.9983604911216283
da-train-001471,0,6.667706429542467e-07
da-train-001472,0,2.1295511856472045e-06
da-train-001473,0,4.026262026652935e-19
da-train-001474,0,3.861034933796886e-12
da-train-001475,0,0.0010825629584152732
da-train-001476,0,5.325279490624415e-31
da-train-001477,0,2.0844241304812664e-07
da-train-001478,0,7.2898146823795664e-09
da-train-001479,0,8.468643482661275e-15
da-train-001480,0,0.0004828177120197467
da-train-001481,0,5.622335594709512e-25
da-train-001482,0,0.0008412921246030207
da-train-001483,0,3.782323750352849e-05
da-train-001484,0,3.550821469361891e-08
da-train-001485,0,2.0095448086966183e-09
da-train-001486,1,0.9946974403556615
da-train-001487,1,0.9970334739669203
da-train-001488,0,8.447758642622946e-05
da-train-001489,0,6.3660865768261616e-06
da-train-001490,0,0.0006520140409958898
da-train-001491,0,5.056626541130735e-09
da-train-001492,0,7.369286238562214e-19
da-train-001493,0,1.693638311154794e-07
da-train-001494,0,3.77501731011236e-06
da-train-001495,0,2.3822538197138026e-22
da-train-001496,1,0.9980999781599079
da-train-001497,0,2.685365618707226e-07
da-train-001498,0,2.8886326799257195e-27
da-train-001499,0,2.198940382483856e-07
da-train-001500,0,3.5735943250253407e-09
da-train-001501,0,5.294798420028856e-19
da-train-001502,0,0.00017297579805376217
da-train-001503,0,0.0012447413841825041
da-train-001504,0,1.5137142568021722e-06
da-train-001505,1,0.9582718858900062
da-train-001506,1,0.9937943578627007
da-train-001507,0,0.0010592130173858562
da-train-001508,1,0.9616466901834461
da-train-001509,0,1.5170659084534104e-08
da-train-001510,0,1.3034118783350456e-06
da-train-001511,1,0.9922922987883444
da-train-001512,0,2.334743421189867e-10
da-train-001513,0,2.1519430160721673e-12
da-train-001514,0,0.00025367228109658447
da-train-001515,0,1.2730299475681918e-06
da-train-001516,0,2.1729723242371225e-10
da-train-001517,0,0.5016289472519786
da-train-001518,1,0.9915384348392529
da-train-001519,0,2.951358408870567e-07
da-train-001520,0,1.5981164496626066e-18
da-train-001521,0,5.333865962298459e-13
da-train-001522,0,8.542691311075799e-23
da-train-001523,0,6.927997071595911e-22
da-train-001524,0,3.119736045956862e-12
da-train-001525,0,1.1420053937492892e-06
da-train-001526,0,5.5514176213453176e-05
da-train-001527,0,1.2978883609707327e-27
da-train-001528,0,2.264486061040656e-22
da-train-001529,0,2.5370469436344906e-16
da-train-001530,0,7.048607747815807e-20
da-train-001531,1,0.9849495941371492
da-train-001532,0,5.866985971415688e-08
da-train-001533,0,3.0473672856837086e-07
da-train-001534,0,1.891708714210818e-17
da-train-001535,0,4.358381897415632e-06
da-train-001536,0,1.5075441838510414e-23
da-train-001537,1,0.9751314418633154
da-train-001538,0,0.9708631730707592
da-train-001539,1,0.9569846181331428
da-train-001540,0,4.72609984737445e-14
da-train-001541,0,4.989959963509891e-15
da-train-001542,0,1.1634187431341458e-13
da-train-001543,0,5.06704846303071e-19
da-train-001544,0,4.218951486295062e-10
da-train-001545,0,0.0005998027361330298
da-train-001546,0,3.8515414673779756e-05
da-train-001547,0,3.8711604420188663e-10
da-train-001548,0,0.010284347364393218
da-train-001549,1,0.9919045110482093
da-train-001550,0,3.6823090440417426e-23
da-train-001551,1,0.998826184026023
da-train-001552,1,0.9855330530886505
da-train-001553,0,4.311828806057522e-12
da-train-001554,0,1.661325715831033e-08
da-train-001555,0,9.839458968600189e-17
da-train-001556,0,4.2910030458227814e-16
da-train-001557,0,1.3020396157279918e-06
da-train-001558,0,5.7986023804679636e-11
da-train-001559,1,0.9852693334209807
da-train-001560,0,3.72715468790662e-11
da-train-001561,0,1.220939674199401e-25
da-train-001562,0,6.8139499139336555e-12
da-train-001563,0,1.0157575731314955e-06
da-train-001564,0,1.049367347785818e-06
da-train-001565,0,6.91670422762673e-05
da-train-001566,0,2.5779405706241242e-12
da-train-001567,0,4.3666492590243024e-08
da-train-001568,1,0.9977156057105194
da-train-001569,0,6.295677368731895e-05
da-train-001570,0,1.7653466171127128e-17
da-train-001571,0,2.248234642628785e-16
da-train-001572,0,2.389213252345503e-10
da-train-001573,0,0.03045413906555854
da-train-001574,1,0.982540078373182
da-train-001575,0,0.0020758376481598167
da-train-001576,0,3.082673456506421e-05
da-train-001577,0,2.0182654111149434e-07
da-train-001578,1,0.9831664606226759
da-train-001579,1,0.9984063862700298
da-train-001580,0,1.2792074276917498e-13
da-train-001581,0,6.3035975427546205e-09
da-train-001582,0,0.00010840041976651006
da-train-001583,0,3.1097301456408193e-11
da-train-001584,0,1.572813606181004e-23
da-train-001585,0,3.795937574209461e-20
da-train-001586,0,1.5018980978121152e-12
da-train-001587,0,3.541037469238956e-18
da-train-001588,0,3.1130471907896193e-12
da-train-001589,0,3.9865481990759956e-11
da-train-001590,0,5.444936450980097e-14
da-train-001591,1,0.9963760561081706
da-train-001592,0,2.9579324088534034e-18
da-train-001593,0,2.298110641948173e-17
da-train-001594,0,1.0433989713213037e-08
da-train-001595,0,6.405982190409788e-07
da-train-001596,0,1.6801721666066827e-16
da-train-001597,1,0.9909753001037148
da-train-001598,1,0.9934591373520868
da-train-001599,0,3.3058095043863396e-17
da-train-001600,0,5.072615574771092e-22
da-train-001601,0,3.8285119873161654e-08
da-train-001602,0,1.1372178636395814e-13
da-train-001603,0,0.000400351839513884
da-train-001604,0,1.6938578075399573e-11
da-train-001605,0,2.5461536649196682e-17
da-train-001606,1,0.9612702744911422
da-train-001607,0,2.157821892564083e-07
da-train-001608,0,0.027507992602484904
da-train-001609,1,0.9612702744911422
da-train-001610,1,0.9262390218148265
da-train-001611,0,3.092752759606055e-17
da-train-001612,0,4.770224844511781e-17
da-train-001613,0,0.0015519520908283705
da-train-001614,0,1.737291524066696e-08
da-train-001615,0,6.353123816134832e-14
da-train-001616,0,1.5395518158202745e-10
da-train-001617,1,0.989644699900015
da-train-001618,0,0.00010536159119426155
da-train-001619,0,2.8144270773268826e-22
da-train-001620,1,0.9963573589039125
da-train-001621,0,5.184430139861898e-16
da-train-001622,0,1.2582021585012884e-10
da-train-001623,0,3.274686750194258e-07
da-train-001624,0,4.5638005510843244e-14
da-train-001625,0,2.737296763165212e-19
da-train-001626,1,0.9991332665078906
da-train-001627,0,7.342514413229874e-20
da-train-001628,0,0.0023484973214608737
da-train-001629,0,1.52894691057853e-06
da-train-001630,1,0.9967399013649212
da-train-001631,0,3.539495837561301e-05
da-train-001632,0,1.1112718427470606e-08
da-train-001633,0,1.0580690358035314e-20
da-train-001634,0,4.211156608399291e-06
da-train-001635,0,2.2860253340273535e-12
da-train-001636,0,3.047688761449081e-13
da-train-001637,0,1.1534297988728193e-12
da-train-001638,0,0.7480353974977388
da-train-001639,0,0.9988182461044784
da-train-001640,0,1.663144519815111e-07
da-train-001641,0,0.007028644974553856
da-train-001642,0,1.6976082132737447e-19
da-train-001643,0,1.3915193973359537e-06
da-train-001644,1,0.9920025627247226
da-train-001645,0,2.5249443695214564e-16
da-train-001646,1,0.9864201411922622
da-train-001647,1,0.9914997370124734
da-train-001648,0,2.1776983562655574e-10
da-train-001649,0,7.81632315886929e-09
da-train-001650,0,0.04540954941358691
da-train-001651,1,0.9950949176529695
da-train-001652,0,1.5738429258115976e-08
da-train-001653,0,1.4425901828819912e-06
da-train-001654,0,1.4270322525331373e-26
da-train-001655,0,1.933591014542758e-08
da-train-001656,0,7.945574834831148e-09
da-train-001657,0,4.780838530348912e-22
da-train-001658,1,0.9972065553909157
da-train-001659,0,5.079311510863472e-10
da-train-001660,1,0.9308213829598353
da-train-001661,0,5.258742483802356e-11
da-train-001662,1,0.9839018796415125
da-train-001663,0,6.855283178512126e-12
da-train-001664,0,6.183555274622374e-19
da-train-001665,0,8.564959275754588e-19
da-train-001666,0,1.7482625821259147e-07
da-train-001667,0,1.4552328925373938e-16
da-train-001668,0,1.7715764287114e-13
da-train-001669,0,1.7434816187247666e-11
da-train-001670,0,6.876706366002044e-06
da-train-001671,0,0.00021324430375314665
da-train-001672,1,0.9632732810143607
da-train-001673,0,1.5291692210097103e-05
da-train-001674,0,9.55234191652664e-05
da-train-001675,1,0.9917002060517905
da-train-001676,0,7.013772929437608e-07
da-train-001677,0,7.895089060065431e-19
da-train-001678,0,0.00036578453242769603
da-train-001679,0,9.076612292609198e-13
da-train-001680,0,5.156517757712414e-15
da-train-001681,1,0.9855060744448113
da-train-001682,0,5.895014263723449e-16
da-train-001683,0,3.5031935057300907e-13
da-train-001684,0,1.083203571707155e-06
da-train-001685,0,6.957684658466538e-18
da-train-001686,0,1.3541889524701272e-08
da-train-001687,0,0.02199258563545149
da-train-001688,0,2.154509599680914e-28
da-train-001689,0,1.8250555090524087e-12
da-train-001690,0,7.250506530159795e-06
da-train-001691,0,2.515895080805445e-12
da-train-001692,0,2.463185612838477e-15
da-train-001693,0,2.9760035917065492e-31
da-train-001694,0,5.631355821819169e-11
da-train-001695,0,7.317092947288017e-08
da-train-001696,0,1.0156064775808403e-15
da-train-001697,0,0.00011476110540781465
da-train-001698,0,6.1356347311671915e-16
da-train-001699,0,2.5978126058808435e-10
da-train-001700,0,2.9599248528997745e-10
da-train-001701,1,0.9886001182684795
da-train-001702,0,1.7974097452884804e-09
da-train-001703,1,0.9582746397609099
da-train-001704,0,1.4397409826983452e-24
da-train-001705,0,3.1862221268042745e-07
da-train-001706,0,4.904892354035671e-08
da-train-001707,0,4.834655959612278e-10
da-train-001708,0,8.408056134621106e-25
da-train-001709,0,2.7856311510487354e-13
da-train-001710,0,0.002083884874659938
da-train-001711,0,3.8973020797297735e-06
da-train-001712,1,0.959192715732558
da-train-001713,0,6.163139681719915e-18
da-train-001714,0,7.093833545750019e-09
da-train-001715,0,5.026748063916945e-25
da-train-001716,0,4.874695287626165e-10
da-train-001717,0,9.323518255442139e-06
da-train-001718,0,1.8043071317390407e-07
da-train-001719,0,4.0034840693368405e-23
da-train-001720,0,4.474660508241306e-18
da-train-001721,0,4.925860517404204e-11
da-train-001722,0,1.4873128822901272e-12
da-train-001723,0,1.1184945094687182e-07
da-train-001724,0,1.843472318359315e-16
da-train-001725,0,7.26071824310756e-09
da-train-001726,0,2.6786884479347833e-12
da-train-001727,0,7.215130731910919e-08
da-train-001728,0,3.5258383624981166e-07
da-train-001729,0,9.006116098084125e-06
da-train-001730,1,0.9923167045262483
da-train-001731,0,0.002623849263797247
da-train-001732,0,2.0540145409623368e-12
da-train-001733,1,0.998082059563458
da-train-001734,0,5.505818266474807e-18
da-train-001735,0,1.5313718264009322e-16
da-train-001736,0,1.1596397537840279e-06
da-train-001737,0,1.473784390134329e-09
da-train-001738,0,5.0681332434057675e-08
da-train-001739,0,6.823846714715306e-10
da-train-001740,0,6.0528814119134095e-06
da-train-001741,0,1.1565390127910292e-06
da-train-001742,0,1.674373558667183e-19
da-train-001743,0,3.899598673184609e-15
da-train-001744,1,0.9797751998122418
da-train-001745,0,1.082279826846231e-10
da-train-001746,0,7.878468178640938e-22
da-train-001747,0,1.2149294038735028e-21
da-train-001748,0,0.000267131952664481
da-train-001749,0,0.9711287527372177
da-train-001750,0,1.831436204205362e-12
da-train-001751,0,1.216542274212088e-14
da-train-001752,0,0.03699094203352216
da-train-001753,0,8.842836352301729e-05
da-train-001754,1,0.997542862339602
da-train-001755,0,5.050142819167699e-17
da-train-001756,0,2.515890640161015e-22
da-train-001757,0,1.5578163879787872e-07
da-train-001758,0,4.3454035528697814e-07
da-train-001759,0,1.5222751246806867e-09
da-train-001760,0,1.702089802003307e-12
da-train-001761,0,2.1520975846912965e-09
da-train-001762,1,0.997527591825598
da-train-001763,0,9.09170040928011e-05
da-train-001764,0,6.06899418248958e-09
da-train-001765,0,1.402916358646816e-12
da-train-001766,1,0.9931837812722923
da-train-001767,0,4.7930723988485895e-25
da-train-001768,0,5.617389592320499e-07
da-train-001769,0,1.888744373617155e-08
da-train-001770,0,3.4637415106376654e-33
da-train-001771,0,5.135318664057039e-27
da-train-001772,0,1.543776042581548e-06
da-train-001773,0,1.1319213359875575e-07
da-train-001774,1,0.9926348532751849
da-train-001775,0,9.279119426171043e-21
da-train-001776,0,3.617541770281401e-24
da-train-001777,0,7.296712173811131e-26
da-train-001778,0,8.768875731045914e-08
da-train-001779,0,4.5627900851354475e-14
da-train-001780,0,8.291405030052179e-05
da-train-001781,0,6.909284248523941e-08
da-train-001782,1,0.983604895302928
da-train-001783,0,2.5710924957280852e-14
da-train-001784,0,1.7164220410229998e-05
da-train-001785,1,0.9961331198028205
da-train-001786,0,1.979032560423243e-10
da-train-001787,0,8.998337043279196e-11
da-train-001788,0,5.549111037067703e-31
da-train-001789,0,1.0173743043837596e-12
da-train-001790,1,0.971124892021804
da-train-001791,1,0.9982505804294525
da-train-001792,0,0.005267805072953324
da-train-001793,0,6.776760167540629e-13
da-train-001794,0,5.650294505255843e-24
da-train-001795,0,1.5108523906068914e-07
da-train-001796,0,1.012791769819153e-09
da-train-001797,1,0.980669911083262
da-train-001798,0,1.981073801513659e-07
da-train-001799,0,1.2559647663324296e-11
da-train-001800,0,3.246693182590622e-16
da-train-001801,0,3.0068920585094027e-12
da-train-001802,0,1.2216349627005932e-21
da-train-001803,0,4.1302529629634264e-14
da-train-001804,0,7.979232970097926e-06
da-train-001805,0,7.72284559976002e-12
da-train-001806,0,1.401578717723349e-28
da-train-001807,0,2.773484977116584e-13
da-train-001808,1,0.9348576249502992
da-train-001809,0,6.270459994405234e-30
da-train-001810,0,1.2984236959636701e-08
da-train-001811,0,4.765444844208648e-28
da-train-001812,0,0.9661902776841308
da-train-001813,0,4.285130858088949e-22
da-train-001814,1,0.9929915214511871
da-train-001815,1,0.984133123614774
da-train-001816,0,2.017141768997339e-24
da-train-001817,0,1.1993160897388896e-22
da-train-001818,0,8.258231705816646e-24
da-train-001819,0,9.5698298310016e-28
da-train-001820,0,1.282647733507199e-13
da-train-001821,0,1.786380244407739e-25
da-train-001822,1,0.993766675370051
da-train-001823,0,2.5685345703906704e-20
da-train-001824,0,1.508956206507325e-27
da-train-001825,0,4.606237851685064e-15
da-train-001826,1,0.9823500000899777
da-train-001827,0,1.5754443768101942e-09
da-train-001828,1,0.9948856449915996
da-train-001829,0,1.2881478449258496e-11
da-train-001830,0,9.73772676477343e-11
da-train-001831,1,0.99691192663204
da-train-001832,0,3.5296941006848956e-08
da-train-001833,0,6.731294663886521e-08
da-train-001834,0,1.1749980903484008e-07
da-train-001835,1,0.9844216069868592
da-train-001836,0,1.1576164287297901e-14
da-train-001837,0,2.0985021989767406e-20
da-train-001838,0,1.14711241009476e-23
da-train-001839,0,1.990125138822261e-19
da-train-001840,0,1.1144245580435266e-07
da-train-001841,0,4.022394554626752e-12
da-train-001842,0,9.682836667759661e-24
da-train-001843,0,3.2752884461686626e-16
da-train-001844,0,3.497353642228084e-32
da-train-001845,0,0.02868332984710635
da-train-001846,0,2.650450640736427e-10
da-train-001847,0,9.400927521629182e-32
da-train-001848,0,5.842598690822433e-08
da-train-001849,0,2.013057322438156e-16
da-train-001850,0,1.6815283020737574e-20
da-train-001851,0,4.547778981164547e-13
da-train-001852,0,0.001629881580673242
da-train-001853,0,3.3966148403757435e-11
da-train-001854,0,7.045205432683059e-06
da-train-001855,1,0.9931409896017961
da-train-001856,1,0.9926807074398442
da-train-001857,0,1.0348801694002789e-08
da-train-001858,0,2.2850390460645816e-10
da-train-001859,0,2.2974361914666087e-21
da-train-001860,0,9.333386984085677e-07
da-train-001861,0,0.0003019053273706073
da-train-001862,1,0.9784336700486648
da-train-001863,0,1.831393816523822e-09
da-train-001864,0,8.554083983948547e-10
da-train-001865,0,8.699629919495025e-11
da-train-001866,0,5.962229402258471e-12
da-train-001867,0,0.0006601472316859271
da-train-001868,0,2.1824540116888368e-10
da-train-001869,0,0.0003032185681516198
da-train-001870,0,1.9881563082528515e-11
da-train-001871,0,3.475468635100069e-10
da-train-001872,0,2.558848277625491e-12
da-train-001873,0,0.005865078796281772
da-train-001874,0,5.0254070676962936e-05
da-train-001875,1,0.981870080873226
da-train-001876,0,5.842280624536444e-21
da-train-001877,0,1.7064804986972004e-31
da-train-001878,0,3.2882608960415706e-11
da-train-001879,0,1.2543335534876574e-05
da-train-001880,0,3.5168545210897765e-18
da-train-001881,0,2.0263223445292537e-10
da-train-001882,0,2.3383057314289e-10
da-train-001883,0,0.08679258947381419
da-train-001884,0,4.5823292166040415e-22
da-train-001885,0,0.13888445147186415
da-train-001886,0,0.0003140090262153494
da-train-001887,0,0.00046739560323786613
da-train-001888,0,1.3708720806547786e-15
da-train-001889,0,3.4012890224434774e-06
da-train-001890,0,2.120806185444311e-13
da-train-001891,0,3.8737556698307383e-11
da-train-001892,0,0.0007430632001348183
da-train-001893,0,4.1163545913282607e-13
da-train-001894,0,2.3808531677261354e-16
da-train-001895,0,8.253559655887454e-28
da-train-001896,0,3.782127773586321e-13
da-train-001897,0,1.6966201109709905e-07
da-train-001898,1,0.004053044877942365
da-train-001899,0,1.6679158417694133e-11
da-train-001900,0,2.599922693976038e-11
da-train-001901,0,4.170044426702628e-18
da-train-001902,0,4.7778079124680316e-14
da-train-001903,0,8.610636717247896e-06
da-train-001904,0,2.911190682259182e-05
da-train-001905,0,4.2367578603135947e-20
da-train-001906,1,0.9910093202065201
da-train-001907,0,4.766505357941759e-13
da-train-001908,0,0.0007733979847420928
da-train-001909,0,5.2967007417357816e-09
da-train-001910,0,4.513088802226479e-25
da-train-001911,1,0.9974382727131994
da-train-001912,0,9.160612699079825e-05
da-train-001913,0,1.1562610616523346e-10
da-train-001914,0,2.6859922039649565e-17
da-train-001915,0,1.5690882812181987e-22
da-train-001916,0,3.502678966919907e-15
da-train-001917,1,0.9942674402788052
da-train-001918,1,0.9972371583962641
da-train-001919,0,3.238177274073311e-10
da-train-001920,0,2.8816616527739385e-19
da-train-001921,0,2.333109752774238e-16
da-train-001922,0,3.8538668316016166e-08
da-train-001923,0,1.2866130386791462e-13
da-train-001924,0,5.3247821688458245e-20
da-train-001925,0,3.6502471806568893e-13
da-train-001926,0,5.257833834248156e-13
da-train-001927,1,0.9996308383402231
da-train-001928,0,0.0008487851197756477
da-train-001929,0,1.5872091963981789e-10
da-train-001930,0,1.195848235391943e-09
da-train-001931,0,1.5792414882989574e-07
da-train-001932,1,0.9974287164820077
da-train-001933,0,4.6136886685063956e-26
da-train-001934,0,1.1589718895849849e-07
da-train-001935,0,1.248170538190778e-07
da-train-001936,0,2.0734766081090262e-16
da-train-001937,1,0.9836977027305559
da-train-001938,0,4.5068094783141934e-10
da-train-001939,0,6.864668018027708e-07
da-train-001940,1,0.9291967841900508
da-train-001941,0,1.339221075128929e-09
da-train-001942,0,9.76129218609477e-09
da-train-001943,0,1.15678999590529e-24
da-train-001944,1,0.9940459181167114
da-train-001945,0,2.4961139769922093e-31
da-train-001946,0,1.281766871108285e-28
da-train-001947,1,0.9956080984727061
da-train-001948,0,3.908664556092236e-18
da-train-001949,0,4.777468039027257e-15
da-train-001950,0,0.4857863037373023
da-train-001951,0,1.382335616894206e-11
da-train-001952,1,0.9966200519501527
da-train-001953,0,4.4870235509386865e-26
da-train-001954,0,4.449094502234803e-07
da-train-001955,1,0.9977486042989794
da-train-001956,0,1.2478270036987909e-20
da-train-001957,0,2.343234202526146e-19
da-train-001958,0,1.974755988915916e-22
da-train-001959,0,1.2975623053880215e-08
da-train-001960,0,2.0142025197442788e-26
da-train-001961,0,5.407701158110137e-16
da-train-001962,0,3.397261265595336e-15
da-train-001963,0,2.858932807424032e-05
da-train-001964,0,2.852990078978187e-20
da-train-001965,0,7.018409641774097e-11
da-train-001966,1,0.9833558679476893
da-train-001967,1,0.9942353873146854
da-train-001968,0,1.823175609266818e-19
da-train-001969,0,3.0839816673636464e-17
da-train-001970,0,2.923013441757013e-16
da-train-001971,0,2.8976170207240674e-10
da-train-001972,0,5.784970369700548e-09
da-train-001973,0,0.6816734362342881
da-train-001974,1,0.9964903567240087
da-train-001975,0,1.3225561169558979e-08
da-train-001976,1,0.9668786442924314
da-train-001977,0,8.255908379219546e-25
da-train-001978,0,2.6396253947136553e-05
da-train-001979,0,7.764287059438799e-14
da-train-001980,0,0.0002269293387454844
da-train-001981,0,1.0018582482031423e-06
da-train-001982,0,3.8247125963944235e-07
da-train-001983,0,1.0275430309589696e-17
da-train-001984,0,2.060583831837483e-15
da-train-001985,0,2.0214881964221114e-07
da-train-001986,0,2.853281793398923e-13
da-train-001987,0,2.4568556722165362e-08
da-train-001988,0,8.229463931047986e-07
da-train-001989,0,4.495923499396861e-06
da-train-001990,0,3.0592371494259673e-17
da-train-001991,0,1.5351825894353828e-21
da-train-001992,0,3.815441810572251e-12
da-train-001993,0,9.241914621876251e-08
da-train-001994,0,1.1641807672513587e-08
da-train-001995,1,0.9916212983671208
da-train-001996,0,0.00017436885384971535
da-train-001997,1,0.9844806143339042
da-train-001998,0,0.0017822847076588739
da-train-001999,0,5.891089763009555e-14
da-train-002000,0,2.128445001011725e-06
da-train-002001,0,6.933158131386095e-10
da-train-002002,0,4.078191993242962e-08
da-train-002003,0,6.9355416269228305e-06
da-train-002004,0,2.0307262809049156e-17
da-train-002005,0,3.07346374108225e-07
da-train-002006,0,1.7533485766668137e-09
da-train-002007,0,1.7100122894409403e-06
da-train-002008,0,2.6978212157783436e-10
da-train-002009,0,3.151901246670832e-07
da-train-002010,0,0.009061042965083524
da-train-002011,0,4.0543836475516206e-08
da-train-002012,0,1.742297717436341e-12
da-train-002013,0,2.557002242489167e-07
da-train-002014,0,8.151569698601569e-16
da-train-002015,0,4.141547474635272e-09
da-train-002016,0,2.126223290616812e-11
da-train-002017,1,0.9691876192562542
da-train-002018,0,9.283238335762432e-10
da-train-002019,0,3.079905994663547e-14
da-train-002020,1,0.9991305560296119
da-train-002021,0,0.00011701140431857285
da-train-002022,0,1.339003352523418e-12
da-train-002023,0,5.588471021861846e-10
da-train-002024,0,9.105753248520001e-14
da-train-002025,0,1.3208290457044342e-08
da-train-002026,0,2.545095291102346e-10
da-train-002027,0,2.0970734484566063e-08
da-train-002028,0,7.003425745881079e-20
da-train-002029,0,0.005280513070808744
da-train-002030,0,1.3067598314271478e-15
da-train-002031,1,0.994321962198141
da-train-002032,0,1.837773127514939e-07
da-train-002033,0,0.003989131870400282
da-train-002034,1,0.996234154406075
da-train-002035,0,0.004580646869913868
da-train-002036,0,1.0968189452574123e-07
da-train-002037,1,0.9767149363911032
da-train-002038,0,3.4034894194826533e-13
da-train-002039,1,0.997446794386421
da-train-002040,0,5.0074249593507244e-15
da-train-002041,0,1.016000944936559e-12
da-train-002042,0,3.861201442871663e-19
da-train-002043,0,2.315744886776517e-08
da-train-002044,0,1.0255602996813641e-22
da-train-002045,0,4.323938640966891e-19
da-train-002046,0,1.2767954699287812e-15
da-train-002047,0,7.274781684095602e-19
da-train-002048,0,1.7074773855880117e-19
da-train-002049,0,9.223629063550845e-17
da-train-002050,0,2.1862247499440181e-16
da-train-002051,0,7.792563626603627e-12
da-train-002052,0,5.754709760784105e-20
da-train-002053,0,1.2328630959906814e-20
da-train-002054,0,9.239876385406157e-07
da-train-002055,0,8.53102410319372e-17
da-train-002056,0,3.2483501637163896e-08
da-train-002057,0,2.076951880189267e-05
da-train-002058,0,3.6456632814570366e-09
da-train-002059,0,2.3319271921825786e-23
da-train-002060,0,0.00014486719542607834
da-train-002061,0,1.6152378972616285e-08
da-train-002062,0,1.053560621081935e-21
da-train-002063,0,1.6789546673424829e-06
da-train-002064,0,5.0518365626771907e-14
da-train-002065,0,7.39073843456524e-24
da-train-002066,0,6.021685066517206e-11
da-train-002067,0,2.528746742389789e-10
da-train-002068,0,2.016557792184655e-07
da-train-002069,1,0.9892058225022536
da-train-002070,0,6.01010755755184e-07
da-train-002071,0,1.1881926469897619e-16
da-train-002072,0,4.472100640981787e-19
da-train-002073,1,0.9816938006942425
da-train-002074,1,0.8983810670568247
da-train-002075,0,1.0438297626327828e-12
da-train-002076,0,1.0891175254132789e-11
da-train-002077,0,3.405462407350811e-16
da-train-002078,1,0.9826164247780887
da-train-002079,0,1.3332695698344482e-19
da-train-002080,0,6.358689351975757e-14
da-train-002081,0,9.120588564514364e-09
da-train-002082,0,4.476620354594716e-12
da-train-002083,1,0.979000002285546
da-train-002084,0,2.6500034925396715e-05
da-train-002085,0,3.4511949981982035e-28
da-train-002086,0,1.2907615894536698e-08
da-train-002087,1,0.9979846555194714
da-train-002088,1,0.992930285863702
da-train-002089,0,2.6909990246798555e-25
da-train-002090,1,0.9988668311178953
da-train-002091,0,1.0119756201298529e-05
da-train-002092,0,7.644609711234262e-09
da-train-002093,0,8.416111998518e-05
da-train-002094,0,7.15657251055999e-08
da-train-002095,1,0.9642363023521963
da-train-002096,0,1.7576701446295735e-10
da-train-002097,0,1.4271227667516765e-12
da-train-002098,0,2.5907747297786746e-05
da-train-002099,0,1.6426382767559105e-07
da-train-002100,0,3.6619367609517764e-14
da-train-002101,0,1.4419900626737442e-15
da-train-002102,1,0.9978786846450795
da-train-002103,0,1.45487689622164e-16
da-train-002104,0,1.6269058447957725e-09
da-train-002105,0,6.289549590511257e-17
da-train-002106,0,1.377770644499306e-16
da-train-002107,0,6.393715208734155e-10
da-train-002108,0,5.006498336722091e-10
da-train-002109,0,7.526517459223087e-13
da-train-002110,0,3.584724787997016e-12
da-train-002111,0,1.417316010179754e-06
da-train-002112,1,0.9961826184871545
da-train-002113,0,1.8567978959858533e-14
da-train-002114,0,2.2203196244473923e-11
da-train-002115,0,8.713474235686079e-17
da-train-002116,0,0.13944467829057433
da-train-002117,0,1.4230820840120251e-06
da-train-002118,1,0.9973593271222109
da-train-002119,0,9.138469123062355e-10
da-train-002120,0,7.446422434121056e-21
da-train-002121,0,6.966347196322466e-14
da-train-002122,0,5.501061402083385e-20
da-train-002123,0,1.1263359052849997e-07
da-train-002124,0,0.0010453868152729992
da-train-002125,0,2.9063896819292757e-12
da-train-002126,0,1.470421124746768e-08
da-train-002127,0,7.69624093246343e-09
da-train-002128,0,2.3204896860962215e-27
da-train-002129,0,1.5849794002972192e-11
da-train-002130,0,4.6003471624865367e-10
da-train-002131,0,2.630285045690918e-05
da-train-002132,0,0.00446352429849737
da-train-002133,1,0.9798113465051386
da-train-002134,0,4.554519876435366e-22
da-train-002135,1,0.9972048834703512
da-train-002136,0,0.00013486329403232313
da-train-002137,0,3.833206688515322e-13
da-train-002138,1,0.992217886646185
da-train-002139,0,2.0475026823412922e-10
da-train-002140,0,1.9532106807336602e-20
da-train-002141,1,0.9827175143780943
da-train-002142,0,4.035032159459227e-06
da-train-002143,0,1.028379514385547e-19
da-train-002144,0,1.0384691297952096e-15
da-train-002145,0,0.01700427178655271
da-train-002146,1,0.9825825616387674
da-train-002147,0,0.0003825534577378716
da-train-002148,0,0.1008140767679994
da-train-002149,0,1.6695745711983444e-05
da-train-002150,0,1.7393316470690827e-22
da-train-002151,0,9.00512697803638e-13
da-train-002152,0,2.8415612061137864e-09
da-train-002153,0,7.279976078358029e-07
da-train-002154,0,8.850116581431501e-14
da-train-002155,0,0.00023422645809132556
da-train-002156,0,3.8134615068254436e-07
da-train-002157,0,1.2864363895909015e-10
da-train-002158,0,1.907914421186408e-08
da-train-002159,0,0.00441401955299811
da-train-002160,0,2.25502628580448e-07
da-train-002161,0,0.008606519480217486
da-train-002162,0,5.308527810704914e-12
da-train-002163,0,1.1587175027681284e-07
da-train-002164,0,0.09870271651644014
da-train-002165,0,0.0008587170873810248
da-train-002166,0,1.7096747434929562e-05
da-train-002167,0,0.0025710864193293844
da-train-002168,0,0.00154758764306208
da-train-002169,0,0.001372227493357015
da-train-002170,0,0.0004753548637536427
da-train-002171,0,4.708760513017627e-10
da-train-002172,0,4.205209236048078e-08
da-train-002173,1,0.996234154406075
da-train-002174,0,0.0001244959824105456
da-train-002175,0,0.00020248163611163235
da-train-002176,0,2.896554833072016e-12
da-train-002177,0,8.39296352114211e-06
da-train-002178,0,7.864125930364583e-12
da-train-002179,1,0.9874922563325136
da-train-002180,0,6.529893089768782e-13
da-train-002181,1,0.9976109544406556
da-train-002182,0,1.0921744389066938e-07
da-train-002183,0,1.594738561476136e-14
da-train-002184,0,0.013317247295331814
da-train-002185,0,1.3759369027473754e-11
da-train-002186,1,0.523232213951844
da-train-002187,0,3.8849269540058864e-20
da-train-002188,0,3.016670691900421e-22
da-train-002189,0,1.938762809426551e-17
da-train-002190,0,1.1082940524055504e-28
da-train-002191,0,3.963546110299282e-12
da-train-002192,0,4.272200481170565e-33
da-train-002193,1,0.996729615267045
da-train-002194,0,2.2232166184533412e-20
da-train-002195,0,6.730931096686912e-13
da-train-002196,1,0.9978768424198375
da-train-002197,0,1.4784766496253313e-13
da-train-002198,0,2.8997448946894465e-29
da-train-002199,0,7.932759783644817e-10
da-train-002200,0,1.3875348432968995e-07
da-train-002201,0,3.3138746469383485e-24
da-train-002202,0,7.525343632703245e-06
da-train-002203,0,3.5249992519917414e-06
da-train-002204,0,3.6742034193029773e-28
da-train-002205,0,6.070933302195333e-09
da-train-002206,0,2.26072507023565e-17
da-train-002207,0,7.624751237147491e-08
da-train-002208,0,2.5541333497921503e-16
da-train-002209,0,0.0005734964272322908
da-train-002210,0,2.7396442917959047e-10
da-train-002211,0,4.5954271297823316e-10
da-train-002212,0,7.788688927472264e-07
da-train-002213,0,8.011071886023311e-08
da-train-002214,0,6.967771406205664e-31
da-train-002215,0,1.319317961701137e-11
da-train-002216,0,2.4953137553224524e-08
da-train-002217,0,6.941255357265443e-13
da-train-002218,0,2.0542744423488846e-11
da-train-002219,0,5.275807803753285e-07
da-train-002220,0,5.501130558521325e-17
da-train-002221,1,0.9951108039500194
da-train-002222,1,0.9850142705965741
da-train-002223,0,5.040877870846097e-16
da-train-002224,0,7.259971771016473e-08
da-train-002225,1,0.9948797229257996
da-train-002226,1,0.9886421218249465
da-train-002227,0,1.945565428451417e-16
da-train-002228,0,1.3012259972081398e-17
da-train-002229,0,2.3165478525302767e-21
da-train-002230,1,0.9923153970091966
da-train-002231,0,1.5698452534276583e-07
da-train-002232,0,0.9661416506032365
da-train-002233,0,8.49397637587142e-07
da-train-002234,0,3.016786071754741e-16
da-train-002235,0,2.9567711714220057e-06
da-train-002236,0,3.9138791772166003e-13
da-train-002237,0,2.7977005912847852e-08
da-train-002238,0,1.1683892590399332e-09
da-train-002239,0,1.133975829111394e-06
da-train-002240,0,3.612127294802296e-20
da-train-002241,0,0.023818632271037827
da-train-002242,0,9.393659558929543e-06
da-train-002243,0,7.192823838422501e-10
da-train-002244,0,8.17511509049072e-11
da-train-002245,0,5.870193944748942e-09
da-train-002246,0,1.4314705191769385e-19
da-train-002247,0,2.104645307099104e-08
da-train-002248,0,5.1130125624232865e-05
da-train-002249,0,5.535595932414233e-17
da-train-002250,0,1.1244621842309098e-08
da-train-002251,0,1.2281237274407197e-13
da-train-002252,0,0.0005460563214330808
da-train-002253,0,0.001369345437324071
da-train-002254,0,8.104872257003017e-08
da-train-002255,0,7.761082455802542e-07
da-train-002256,1,0.9830783244848108
da-train-002257,0,4.708068330047592e-19
da-train-002258,0,4.5470454337644925e-11
da-train-002259,0,0.00029381951553984336
da-train-002260,0,1.2509245598137039e-08
da-train-002261,0,2.308430107532952e-11
da-train-002262,0,6.636797326543083e-08
da-train-002263,0,0.03688157907826676
da-train-002264,0,6.469625895451123e-08
da-train-002265,0,0.0001418128112091704
da-train-002266,0,4.8188193423266565e-20
da-train-002267,0,0.00020613925226883997
da-train-002268,1,0.9615642698920787
da-train-002269,0,0.005667150597188528
da-train-002270,0,4.0671356907114406e-15
da-train-002271,0,5.482934242381771e-10
da-train-002272,0,2.4526278570167664e-23
da-train-002273,0,2.0010677146764766e-08
da-train-002274,0,3.455986050017763e-11
da-train-002275,0,0.0027547138402584342
da-train-002276,0,1.1608703622844265e-14
da-train-002277,1,0.9455595159147818
da-train-002278,0,5.125954778085174e-08
da-train-002279,1,0.9339859168242408
da-train-002280,0,1.3931070253861912e-19
da-train-002281,0,3.988204769594017e-09
da-train-002282,0,1.5593394726768942e-09
da-train-002283,0,3.4033388701248833e-07
da-train-002284,0,8.398664372940062e-18
da-train-002285,0,1.6839698051864744e-08
da-train-002286,0,2.5883388298493185e-05
da-train-002287,0,2.2075596737309446e-19
da-train-002288,0,3.007086580521298e-15
da-train-002289,0,0.0004870518919661943
da-train-002290,0,0.7515833319764686
da-train-002291,0,1.036112593263957e-05
da-train-002292,0,4.0331998938298864e-05
da-train-002293,1,0.604416037549569
da-train-002294,0,6.219439173179751e-05
da-train-002295,0,8.53331111594298e-05
da-train-002296,0,6.680426464287646e-08
da-train-002297,0,6.82715036292672e-05
da-train-002298,1,0.9938892080220548
da-train-002299,0,5.05462205319957e-31
da-train-002300,0,2.3751066146144612e-29
da-train-002301,0,2.1321937684535626e-08
da-train-002302,0,1.8810447173941007e-07
da-train-002303,1,0.9287206539424835
da-train-002304,0,4.003418051722793e-18
da-train-002305,1,0.9963835453345404
da-train-002306,0,1.4300311146579596e-30
da-train-002307,0,7.92943324227847e-15
da-train-002308,0,1.2673450283334318e-06
da-train-002309,0,2.4814355117352535e-22
da-train-002310,0,2.6937423786647778e-14
da-train-002311,0,1.7742473346525192e-16
da-train-002312,0,5.754128990614504e-07
da-train-002313,0,0.00010870935735280618
da-train-002314,0,6.512081327540313e-15
da-train-002315,0,2.441627333665395e-09
da-train-002316,0,2.5418419608683025e-06
da-train-002317,0,1.648171799695556e-10
da-train-002318,0,3.1333327729877883e-17
da-train-002319,0,5.647344849722452e-07
da-train-002320,1,0.9955958864519049
da-train-002321,0,6.765724639971885e-12
da-train-002322,0,2.0612623136019163e-20
da-train-002323,1,0.9878932827720242
da-train-002324,0,3.8360632217542395e-19
da-train-002325,0,5.275925241681544e-10
da-train-002326,0,4.576057885203625e-25
da-train-002327,0,8.225674368109308e-14
da-train-002328,0,2.318524134021248e-15
da-train-002329,0,5.84856934594038e-17
da-train-002330,0,2.8902546466147986e-06
da-train-002331,1,0.9933188015526998
da-train-002332,0,9.291575335341133e-13
da-train-002333,0,5.5840516408146235e-11
da-train-002334,0,1.2652330328109416e-05
da-train-002335,0,0.0015004323798553261
da-train-002336,0,1.5407786699315273e-22
da-train-002337,0,3.123974335219959e-19
da-train-002338,0,3.5413982683889053e-15
da-train-002339,0,4.180574007377576e-29
da-train-002340,0,0.9772867262445071
da-train-002341,0,5.778487584207189e-17
da-train-002342,0,7.710273385458273e-27
da-train-002343,0,2.4464057835960195e-05
da-train-002344,0,4.13986206059712e-06
da-train-002345,1,0.9847132216000389
da-train-002346,0,1.228193756775449e-12
da-train-002347,1,0.9956829686827767
da-train-002348,0,2.1469764988738562e-13
da-train-002349,0,3.0088406619889436e-16
da-train-002350,0,3.2624030975503937e-13
da-train-002351,1,0.9765205569035563
da-train-002352,0,0.00020294033428341405
da-train-002353,0,7.923187624315937e-10
da-train-002354,1,0.6383273101526231
da-train-002355,0,5.750857652161227e-18
da-train-002356,1,0.98302448956848
da-train-002357,1,0.996946479487292
da-train-002358,0,1.04668991908351e-18
da-train-002359,1,0.9621824957553425
da-train-002360,0,5.622834266950894e-21
da-train-002361,0,9.258384466670474e-05
da-train-002362,1,0.9911755090198614
da-train-002363,0,1.567401398926198e-22
da-train-002364,1,0.9786439450412844
da-train-002365,1,0.8066419239807336
da-train-002366,1,0.9920427022042642
da-train-002367,0,1.3983543747091429e-10
da-train-002368,0,2.7027279396433935e-07
da-train-002369,0,9.038850221775565e-29
da-train-002370,1,0.9984892343790245
da-train-002371,0,7.762422269768283e-05
da-train-002372,0,4.93925863205507e-17
da-train-002373,0,5.067823577224266e-32
da-train-002374,0,2.068634632921796e-12
da-train-002375,1,0.975689640080299
da-train-002376,0,1.9904271352550617e-11
da-train-002377,0,3.173335694447215e-30
da-train-002378,1,0.9991048056780295
da-train-002379,1,0.9993622779210739
da-train-002380,0,5.9782861891105065e-09
da-train-002381,0,2.065933061227101e-06
da-train-002382,0,1.5926934820049237e-10
da-train-002383,0,1.9104595628767762e-05
da-train-002384,0,0.00011528652150660393
da-train-002385,1,0.9519283043453936
da-train-002386,0,2.5892594563290897e-18
da-train-002387,1,0.9976289924994665
da-train-002388,0,6.1331559131051414e-18
da-train-002389,1,0.9847535068796281
da-train-002390,0,1.2501739463163162e-18
da-train-002391,0,3.202433426744094e-05
da-train-002392,0,5.513255100080797e-15
da-train-002393,0,2.9777325288774337e-13
da-train-002394,0,3.131392926291282e-15
da-train-002395,0,1.112168896463085e-07
da-train-002396,0,1.1591008225567946e-06
da-train-002397,0,1.6165135608794025e-21
da-train-002398,0,1.5959652051661105e-06
da-train-002399,0,0.00019707166789456883
da-train-002400,0,1.2928907570632912e-11
da-train-002401,0,3.630638887113822e-05
da-train-002402,0,1.0150208781840137e-27
da-train-002403,1,0.995767593457269
da-train-002404,0,1.8619573186880005e-06
da-train-002405,0,2.151875281985482e-06
da-train-002406,1,0.995579178094343
da-train-002407,0,0.00028575950701099716
da-train-002408,0,2.9325403709486556e-20
da-train-002409,0,6.154760079659921e-25
da-train-002410,0,0.0009343786907515143
da-train-002411,1,0.9962725364386067
da-train-002412,0,8.292416317509337e-08
da-train-002413,0,7.276475969450995e-05
da-train-002414,0,0.08930625180468167
da-train-002415,0,1.2324680823620235e-15
da-train-002416,0,1.622033398437405e-07
da-train-002417,0,1.5637981035914402e-28
da-train-002418,0,5.619491819909711e-19
da-train-002419,1,0.9944530851327863
da-train-002420,0,0.01196308465301861
da-train-002421,0,1.5117526864879803e-16
da-train-002422,0,5.940314712579663e-19
da-train-002423,0,7.990907959612133e-09
da-train-002424,0,2.879079939329762e-29
da-train-002425,0,1.2593272295915058e-25
da-train-002426,0,5.585224573898516e-19
da-train-002427,0,4.5054805640372515e-28
da-train-002428,1,0.9938975626063442
da-train-002429,0,1.0162232865843694e-06
da-train-002430,0,1.8574915977786278e-09
da-train-002431,1,0.9868736986925645
da-train-002432,0,3.4197175704086346e-06
da-train-002433,0,8.981078306121712e-15
da-train-002434,0,1.8387697655664164e-12
da-train-002435,0,8.323946352616823e-18
da-train-002436,1,0.9929436481167562
da-train-002437,0,1.8966756636189738e-13
da-train-002438,0,5.250556431318789e-06
da-train-002439,0,8.300954840027577e-07
da-train-002440,0,2.0700040233232973e-10
da-train-002441,0,4.715840868732539e-27
da-train-002442,0,2.6621451467772583e-27
da-train-002443,1,0.9925848571012351
da-train-002444,0,7.023265094705546e-23
da-train-002445,1,0.9788072773400885
da-train-002446,0,7.799497644615506e-11
da-train-002447,0,5.857494356714113e-07
da-train-002448,0,1.6279392321419214e-27
da-train-002449,0,2.1544170488173816e-17
da-train-002450,0,2.845050470227148e-22
da-train-002451,0,1.3968639631346098e-09
da-train-002452,0,1.0495086020187465e-10
da-train-002453,0,3.8981145077181805e-10
da-train-002454,0,0.000516923478920302
da-train-002455,0,3.380615970934044e-12
da-train-002456,0,1.4907957157107432e-11
da-train-002457,1,0.9975743674933765
da-train-002458,0,4.145529394163049e-09
da-train-002459,1,0.999679673842453
da-train-002460,1,0.9987908199196106
da-train-002461,0,3.371015167614829e-16
da-train-002462,0,2.4570747235455674e-16
da-train-002463,1,0.997358412821424
da-train-002464,0,4.4491927468931e-11
da-train-002465,0,0.0005509850718351811
da-train-002466,0,2.4090218333211306e-10
da-train-002467,0,3.9172002227492973e-07
da-train-002468,0,1.2919775444867223e-17
da-train-002469,1,0.9442772115996351
da-train-002470,0,1.1431553091359019e-13
da-train-002471,0,1.5281961534570052e-25
da-train-002472,0,2.5374814238823436e-07
da-train-002473,0,6.243537084329939e-07
da-train-002474,0,5.39939047699861e-07
da-train-002475,1,0.9918715836284123
da-train-002476,0,5.1434702875037605e-14
da-train-002477,0,6.224361191475405e-23
da-train-002478,0,1.260819599875478e-10
da-train-002479,0,9.707537359118025e-22
da-train-002480,0,4.33572088046883e-09
da-train-002481,0,2.991204258793639e-19
da-train-002482,1,0.9931094278332687
da-train-002483,0,4.7837393819383503e-20
da-train-002484,0,3.4242502147836895e-10
da-train-002485,0,3.8682835321986365e-05
da-train-002486,0,4.854324100184871e-07
da-train-002487,0,0.09860666820296375
da-train-002488,0,3.0283768613682893e-25
da-train-002489,1,0.9537895119475888
da-train-002490,0,8.250772166790102e-07
da-train-002491,0,2.2815499156320567e-13
da-train-002492,0,1.0919514110408246e-14
da-train-002493,0,6.947793803515325e-05
da-train-002494,0,8.839014741856254e-32
da-train-002495,0,5.010138165311222e-26
da-train-002496,0,1.4187842198748557e-14
da-train-002497,1,0.9882314148283101
da-train-002498,0,4.027293118599239e-06
da-train-002499,0,2.919826579638871e-23
da-train-002500,0,1.0820434415189276e-06
da-train-002501,1,0.9976485648952544
da-train-002502,0,1.6792380960736407e-13
da-train-002503,0,0.06085837217092412
da-train-002504,0,0.00664880321645673
da-train-002505,0,1.1917386705570678e-09
da-train-002506,0,8.259969256376447e-21
da-train-002507,0,8.057827480292679e-19
da-train-002508,0,6.093993734202006e-06
da-train-002509,0,1.2178794246815976e-12
da-train-002510,0,1.6250339324441654e-10
da-train-002511,0,3.4397592069037564e-09
da-train-002512,1,0.9826216256376575
da-train-002513,0,4.82177020439611e-08
da-train-002514,0,1.2406759541111156e-24
da-train-002515,0,3.093164070404674e-22
da-train-002516,0,1.5658062548092962e-12
da-train-002517,0,9.032513674738452e-18
da-train-002518,0,0.00017518350684445224
da-train-002519,0,1.0360738706792958e-15
da-train-002520,0,7.270668941878438e-14
da-train-002521,1,0.9974905677972533
da-train-002522,0,2.5230755996337296e-09
da-train-002523,1,0.9926327975648213
da-train-002524,0,3.586866941795627e-08
da-train-002525,0,7.138058476680716e-08
da-train-002526,0,5.6300252411785e-13
da-train-002527,0,3.659701685865758e-15
da-train-002528,0,5.677275351333116e-10
da-train-002529,0,2.61369258409953e-31
da-train-002530,0,2.4549916180334717e-15
da-train-002531,0,2.055040336138649e-27
da-train-002532,0,9.954735743054795e-10
da-train-002533,0,3.3549065258851614e-06
da-train-002534,0,6.787787018795454e-20
da-train-002535,0,6.250420073627768e-08
da-train-002536,0,1.1683885362392847e-20
da-train-002537,0,1.6084636307908137e-08
da-train-002538,0,1.3661469525441962e-10
da-train-002539,0,8.853699889524313e-19
da-train-002540,0,1.8657744431599802e-28
da-train-002541,0,6.767921178698345e-09
da-train-002542,0,6.846324141244896e-07
da-train-002543,0,1.348796256624833e-14
da-train-002544,0,1.3943054602005247e-07
da-train-002545,0,8.100754215537803e-12
da-train-002546,1,0.9910290488699992
da-train-002547,0,6.332116320634303e-08
da-train-002548,0,0.023974390694410107
da-train-002549,0,2.1057687246223062e-19
da-train-002550,0,1.5316104708089395e-09
da-train-002551,1,0.9824616360787782
da-train-002552,0,1.6898363156495518e-07
da-train-002553,0,4.684428512541996e-21
da-train-002554,0,3.8639384986414983e-19
da-train-002555,0,0.0904248068977675
da-train-002556,1,0.9809856995279448
da-train-002557,0,6.641322401801939e-10
da-train-002558,0,1.0322850083034948e-09
da-train-002559,0,1.7841189759807084e-22
da-train-002560,0,2.3751915870374864e-13
da-train-002561,1,0.9515784173629047
da-train-002562,0,3.0102776392370432e-09
da-train-002563,0,4.55477068431152e-12
da-train-002564,0,1.4135274108924214e-12
da-train-002565,0,6.440763477807265e-18
da-train-002566,0,0.00031863759564412786
da-train-002567,0,7.082521574614306e-08
da-train-002568,0,1.682508541980591e-15
da-train-002569,0,2.5464493830442926e-06
da-train-002570,0,2.5513928612564304e-08
da-train-002571,0,1.2760212084623245e-26
da-train-002572,0,0.0003358316958029309
da-train-002573,0,0.0005843387971596651
da-train-002574,0,2.303604375484503e-11
da-train-002575,0,0.0002918231520592365
da-train-002576,0,7.692162064045879e-06
da-train-002577,0,6.3063311455495615e-09
da-train-002578,0,2.343156529434765e-17
da-train-002579,0,1.2465814821479187e-07
da-train-002580,1,0.9932745462953746
da-train-002581,0,1.2832991833697211e-12
da-train-002582,0,1.1514215156826496e-09
da-train-002583,0,0.00010342749080418539
da-train-002584,1,0.983531100579289
da-train-002585,0,2.625142782251556e-07
da-train-002586,1,0.9771186028330865
da-train-002587,0,6.835684438463096e-07
da-train-002588,0,2.4540036856033198e-17
da-train-002589,1,0.9948577891058195
da-train-002590,0,1.3012345610953587e-09
da-train-002591,1,0.9958859228872852
da-train-002592,0,3.6573851145265355e-13
da-train-002593,0,2.7534796594768704e-10
da-train-002594,0,1.3396850164641557e-23
da-train-002595,0,4.953704334894684e-11
da-train-002596,1,0.9346474746461991
da-train-002597,1,0.9946654971666264
da-train-002598,0,8.79427638474245e-14
da-train-002599,0,1.8202864381655644e-15
da-train-002600,1,0.9602375248795306
da-train-002601,0,5.823413324980474e-13
da-train-002602,1,0.9508674308706201
da-train-002603,0,0.00346451314600443
da-train-002604,1,0.9982834920008817
da-train-002605,0,1.4942681075895345e-17
da-train-002606,0,1.2025290567254584e-07
da-train-002607,1,0.9833558679476893
da-train-002608,0,1.1237507478259366e-06
da-train-002609,0,3.166814715131942e-08
da-train-002610,0,4.1960057015152234e-06
da-train-002611,0,5.681778010490717e-09
da-train-002612,0,1.1754403262359868e-12
da-train-002613,0,2.6254720097236743e-20
da-train-002614,0,2.6148192271017092e-11
da-train-002615,1,0.998367191559984
da-train-002616,0,5.807141611800067e-20
da-train-002617,0,0.0005707407722958138
da-train-002618,0,5.163573439805169e-10
da-train-002619,0,3.07234562159197e-13
da-train-002620,0,1.4632201284699148e-17
da-train-002621,0,0.995781905043477
da-train-002622,0,2.2293835231716053e-26
da-train-002623,0,4.2096357221536025e-20
da-train-002624,0,2.7884984784098146e-26
da-train-002625,0,1.3142130196834983e-09
da-train-002626,1,0.9865274872405432
da-train-002627,0,4.8672353349346106e-18
da-train-002628,0,1.1704226309765698e-11
da-train-002629,0,7.380378935379704e-08
da-train-002630,0,1.8599366661120654e-12
da-train-002631,0,9.543775094735577e-18
da-train-002632,0,1.000500337972546e-27
da-train-002633,0,6.369128897223003e-07
da-train-002634,0,3.425440285439205e-05
da-train-002635,0,2.7602205766471937e-05
da-train-002636,0,3.756774601280422e-10
da-train-002637,0,1.786818827152914e-19
da-train-002638,0,1.084005741766577e-20
da-train-002639,0,6.473507839711736e-28
da-train-002640,0,5.916520660973143e-16
da-train-002641,0,3.4276710986521026e-11
da-train-002642,0,2.4406333679055998e-08
da-train-002643,1,0.5108951973602176
da-train-002644,0,1.6042040983633046e-06
da-train-002645,0,4.085807148414876e-08
da-train-002646,0,1.2476876633569885e-13
da-train-002647,0,5.384579265238263e-10
da-train-002648,0,5.525103219261812e-09
da-train-002649,0,1.180236244395841e-13
da-train-002650,0,8.773648649394969e-08
da-train-002651,0,1.8760274763933692e-07
da-train-002652,0,4.262196693233629e-08
da-train-002653,0,1.5432954876789438e-12
da-train-002654,0,8.097635705330617e-11
da-train-002655,0,2.5816544806781724e-10
da-train-002656,0,1.1402495382306582e-17
da-train-002657,0,1.3371876515554363e-12
da-train-002658,1,0.99498723987674
da-train-002659,0,0.00042076921402619394
da-train-002660,0,8.680822994674428e-12
da-train-002661,0,3.141589710683595e-20
da-train-002662,0,1.3676042531991467e-20
da-train-002663,0,2.450589891464238e-13
da-train-002664,0,6.612217061902936e-11
da-train-002665,0,1.2763338907740096e-08
da-train-002666,1,0.999455751297211
da-train-002667,0,1.635860150161244e-05
da-train-002668,0,2.558390758093878e-07
da-train-002669,0,1.8682164137544892e-18
da-train-002670,1,0.9994950707276634
da-train-002671,0,5.249306068084659e-20
da-train-002672,0,6.409870223375831e-19
da-train-002673,0,6.187890548537756e-16
da-train-002674,0,1.3899781661589636e-27
da-train-002675,0,5.705872669092796e-09
da-train-002676,0,8.083717220513482e-27
da-train-002677,0,3.5703705749396015e-24
da-train-002678,1,0.9867638597776537
da-train-002679,0,1.9893951005242144e-14
da-train-002680,1,0.9818223603997595
da-train-002681,0,8.680222670263149e-07
da-train-002682,1,0.9844480168423905
da-train-002683,0,8.424608872914433e-12
da-train-002684,0,0.00012685157592502778
da-train-002685,0,1.8878148897770136e-25
da-train-002686,0,8.551501205719029e-21
da-train-002687,0,3.4639862045942157e-07
da-train-002688,0,1.4583946660114277e-21
da-train-002689,0,5.53189005471682e-11
da-train-002690,0,2.6516405527345585e-09
da-train-002691,0,0.00017554716507111584
da-train-002692,0,6.105847561650127e-23
da-train-002693,0,1.317616842029939e-31
da-train-002694,0,1.1430015628383762e-17
da-train-002695,0,3.404267439097074e-20
da-train-002696,0,0.013952400774908983
da-train-002697,1,0.9772867262445071
da-train-002698,1,0.8102911804812414
da-train-002699,0,5.870017170813164e-09
da-train-002700,0,2.1654798287991813e-21
da-train-002701,0,1.5755940778293314e-10
da-train-002702,0,1.1237156980681451e-14
da-train-002703,1,0.7876528369182859
da-train-002704,0,2.102166236110424e-28
da-train-002705,0,1.115761029376116e-18
da-train-002706,0,4.079934190122751e-29
da-train-002707,1,0.9981798278153878
da-train-002708,0,1.5583793883522476e-27
da-train-002709,1,0.9807231265848472
da-train-002710,0,0.00021118270820708867
da-train-002711,1,0.9993991807129387
da-train-002712,0,3.880549574051284e-16
da-train-002713,0,7.0063119751557484e-15
da-train-002714,0,2.0901125647234707e-26
da-train-002715,0,0.013889677937652549
da-train-002716,0,0.00015081193225187446
da-train-002717,0,5.94111238247024e-26
da-train-002718,0,3.5391917833839016e-20
da-train-002719,1,0.9927444625786958
da-train-002720,0,6.068946407301063e-14
da-train-002721,0,8.931452743662493e-11
da-train-002722,0,1.4628225893075146e-22
da-train-002723,0,1.351061572716693e-06
da-train-002724,0,2.888387158939267e-19
da-train-002725,1,0.9853286384398992
da-train-002726,0,2.0153614686435532e-28
da-train-002727,0,7.684310734233131e-31
da-train-002728,0,6.527107014235827e-12
da-train-002729,0,5.387744959517039e-29
da-train-002730,0,3.3215363175364867e-10
da-train-002731,0,4.556967208136081e-08
da-train-002732,0,5.526403733265201e-06
da-train-002733,0,1.0252555253477369e-09
da-train-002734,0,8.934095350748767e-19
da-train-002735,0,1.4769244289431643e-07
da-train-002736,0,3.2601225591637664e-13
da-train-002737,0,5.401033957562347e-22
da-train-002738,0,4.433087993332162e-06
da-train-002739,0,7.0873387111563235e-09
da-train-002740,0,2.00501419666571e-09
da-train-002741,0,3.2384610581179297e-19
da-train-002742,0,6.448349396156788e-05
da-train-002743,0,0.0009888332343991613
da-train-002744,0,1.682881971201442e-24
da-train-002745,0,2.3178943632164004e-15
da-train-002746,0,2.3633820360254687e-28
da-train-002747,1,0.9978570500245664
da-train-002748,1,0.9923122867104678
da-train-002749,0,0.0006079989643884491
da-train-002750,0,7.930784752791264e-28
da-train-002751,0,8.609903404203291e-13
da-train-002752,0,5.992576853312479e-19
da-train-002753,0,1.6187397805392933e-07
da-train-002754,0,8.674400377007767e-07
da-train-002755,0,1.5128942140593567e-08
da-train-002756,0,3.080666434975622e-19
da-train-002757,0,6.0627519875426165e-34
da-train-002758,0,6.601638322661829e-07
da-train-002759,0,8.071665745145199e-09
da-train-002760,0,3.605312385238592e-13
da-train-002761,1,0.9820296108068782
da-train-002762,0,3.858569195628321e-20
da-train-002763,0,6.631747865738859e-16
da-train-002764,0,7.857561708667976e-13
da-train-002765,0,9.532395378417138e-27
da-train-002766,0,1.4593396676806034e-09
da-train-002767,1,0.9948364955846779
da-train-002768,1,0.9889107899587698
da-train-002769,0,2.0719772216257876e-07
da-train-002770,1,0.9963640074028687
da-train-002771,0,0.0010004395462673268
da-train-002772,0,1.2650723096043018e-05
da-train-002773,0,1.1610749848913907e-10
da-train-002774,1,0.9966613382072546
da-train-002775,0,0.02376188893228207
da-train-002776,0,1.3935320156100464e-14
da-train-002777,0,1.7455655588868184e-16
da-train-002778,0,9.952563647726596e-07
da-train-002779,0,0.00015248716478318482
da-train-002780,0,1.0022252972136327e-10
da-train-002781,0,5.689463735198856e-10
da-train-002782,0,2.6210248331081035e-10
da-train-002783,1,0.9981645518185011
da-train-002784,0,0.0007735375855045003
da-train-002785,0,1.5775952101804226e-06
da-train-002786,0,0.01747537915112013
da-train-002787,0,0.004943850906820754
da-train-002788,0,5.146677397838962e-14
da-train-002789,0,1.8544784696866806e-24
da-train-002790,0,3.982546581021798e-16
da-train-002791,1,0.983432086807916
da-train-002792,0,1.0352021526147579e-16
da-train-002793,0,4.672695941830522e-11
da-train-002794,0,1.4022811064411201e-08
da-train-002795,0,6.572639994080832e-17
da-train-002796,0,0.00017622253688214843
da-train-002797,0,8.257771189341391e-16
da-train-002798,0,1.046713948134451e-25
da-train-002799,0,0.003739504599993253
da-train-002800,1,0.987427215883534
da-train-002801,1,0.994159578832209
da-train-002802,1,0.9978342962807609
da-train-002803,0,1.1419905539149857e-18
da-train-002804,0,2.2183891936298748e-07
da-train-002805,0,6.070752298203781e-21
da-train-002806,0,6.270515696235615e-07
da-train-002807,0,1.1969623406307015e-24
da-train-002808,0,1.0511031613749041e-10
da-train-002809,1,0.995633795402998
da-train-002810,0,0.0007279075424124555
da-train-002811,0,6.796128114102416e-11
da-train-002812,0,6.468399975837162e-06
da-train-002813,0,7.576845386463585e-25
da-train-002814,1,0.9952919831993469
da-train-002815,1,0.9952014882065591
da-train-002816,0,1.4874056073687607e-08
da-train-002817,1,0.9608190430086818
da-train-002818,0,2.1773246238400295e-17
da-train-002819,1,0.9950011762159824
da-train-002820,0,1.5725362406441703e-13
da-train-002821,0,1.1865776771365386e-07
da-train-002822,0,4.292605205000874e-10
da-train-002823,0,2.5414039265155866e-13
da-train-002824,0,8.069511326280507e-23
da-train-002825,0,1.7481958434033762e-17
da-train-002826,0,0.9894997063643821
da-train-002827,1,0.9941411840256573
da-train-002828,0,1.3184113402238839e-21
da-train-002829,0,8.60683216888002e-21
da-train-002830,0,3.7232528332823595e-07
da-train-002831,0,1.690550531630054e-10
da-train-002832,0,4.2464765797961535e-05
da-train-002833,0,2.659595941634582e-12
da-train-002834,0,3.3820640891551122e-12
da-train-002835,1,0.9628912798186748
da-train-002836,0,5.065561977342408e-12
da-train-002837,0,0.00010437131350579056
da-train-002838,0,3.633584356919879e-19
da-train-002839,0,7.363999828126404e-15
da-train-002840,0,0.000290974397754103
da-train-002841,0,6.623518063452133e-13
da-train-002842,1,0.9855678453251094
da-train-002843,0,0.0004629463782469863
da-train-002844,0,1.574573943916687e-09
da-train-002845,0,1.2074355789877086e-10
da-train-002846,0,3.30925423747265e-09
da-train-002847,0,2.7881198279623977e-14
da-train-002848,0,0.00027361639491935494
da-train-002849,0,2.103129698576461e-16
da-train-002850,0,6.489762287129414e-19
da-train-002851,0,0.0038273592584362735
da-train-002852,0,4.2823023919360505e-10
da-train-002853,0,1.6106877535383498e-11
da-train-002854,0,2.0067867215074353e-12
da-train-002855,0,1.7410121533780144e-06
da-train-002856,0,8.255320812871183e-15
da-train-002857,1,0.9794527789570999
da-train-002858,0,0.05864813092526744
da-train-002859,0,8.173061422403304e-32
da-train-002860,1,0.9920744968361084
da-train-002861,0,7.813345080977225e-23
da-train-002862,0,7.597998509497398e-20
da-train-002863,1,0.9807575434700134
da-train-002864,0,0.001034134311988914
da-train-002865,0,4.861129057640302e-07
da-train-002866,0,5.97485006814187e-17
da-train-002867,0,2.5646819428868813e-09
da-train-002868,0,1.236174941348693e-07
da-train-002869,0,8.6957534811625e-08
da-train-002870,0,6.699517406566671e-13
da-train-002871,0,8.184051352771997e-17
da-train-002872,0,2.006103321039812e-14
da-train-002873,0,3.7827668438056e-27
da-train-002874,0,5.783784989991841e-06
da-train-002875,0,6.704952513821353e-16
da-train-002876,0,0.05248444889249121
da-train-002877,0,4.953938003290945e-10
da-train-002878,0,1.3104644224722767e-07
da-train-002879,0,1.6443217239766476e-24
da-train-002880,0,7.433117392968403e-14
da-train-002881,0,2.004934376901591e-24
da-train-002882,0,4.097344313521794e-21
da-train-002883,0,0.006327810733222597
da-train-002884,0,0.0007684339876386298
da-train-002885,0,3.717555496439705e-08
da-train-002886,0,7.86492405927352e-16
da-train-002887,0,2.384967175113719e-11
da-train-002888,0,2.945530524622611e-22
da-train-002889,0,6.032507029298809e-21
da-train-002890,1,0.9960200687300812
da-train-002891,1,0.9835841959536297
da-train-002892,0,2.001904223656699e-06
da-train-002893,0,1.2401500809096975e-16
da-train-002894,0,2.4023617937710356e-10
da-train-002895,0,0.6552013729063133
da-train-002896,0,0.0001417084335211166
da-train-002897,0,1.335417330845204e-06
da-train-002898,0,8.324244538330267e-32
da-train-002899,0,5.821061564957972e-13
da-train-002900,1,0.9827175143780943
da-train-002901,0,2.8343097097842897e-15
da-train-002902,0,5.80226542270383e-07
da-train-002903,0,0.0012482416077098872
da-train-002904,0,1.5033230265756784e-14
da-train-002905,1,0.9818636423944405
da-train-002906,0,1.3258760661741436e-14
da-train-002907,0,5.687384965653299e-13
da-train-002908,0,2.2990072945323327e-09
da-train-002909,1,0.9988539255266589
da-train-002910,0,3.1274529644963605e-12
da-train-002911,0,4.689253522930651e-17
da-train-002912,0,4.027859465552433e-15
da-train-002913,1,0.9979734072650176
da-train-002914,1,0.9978875763412841
da-train-002915,0,2.2296845241071027e-09
da-train-002916,0,5.7920759424585725e-25
da-train-002917,0,1.5972417250151423e-10
da-train-002918,1,0.9914605156302955
da-train-002919,0,8.554205921814332e-05
da-train-002920,0,1.3634817592172685e-09
da-train-002921,0,8.267226212284733e-32
da-train-002922,0,9.032002871234151e-17
da-train-002923,0,6.540531699182156e-11
da-train-002924,0,1.7503054946827189e-16
da-train-002925,0,8.330940958745484e-11
da-train-002926,0,0.00018765859010322556
da-train-002927,1,0.979385656658501
da-train-002928,1,0.9542607165836813
da-train-002929,0,1.455799950039313e-06
da-train-002930,0,1.8677358051284234e-14
da-train-002931,0,1.1853351237816438e-18
da-train-002932,0,1.6758086656427412e-07
da-train-002933,0,1.4125069095465805e-11
da-train-002934,0,2.059541832739522e-10
da-train-002935,0,1.3230838638087318e-11
da-train-002936,0,4.805382102980889e-07
da-train-002937,1,0.9997383616395606
da-train-002938,0,5.247311394020273e-13
da-train-002939,1,0.9805873699083335
da-train-002940,0,1.7731707301337057e-12
da-train-002941,0,0.0006370014022670324
da-train-002942,0,4.3846736831666466e-07
da-train-002943,0,2.1905990035490593e-16
da-train-002944,0,2.0735191815833467e-06
da-train-002945,0,5.456125051495921e-12
da-train-002946,0,1.527234866555901e-08
da-train-002947,1,0.9752281938412426
da-train-002948,0,2.708499207680778e-14
da-train-002949,0,2.721987859579018e-11
da-train-002950,0,2.1267621626610322e-07
da-train-002951,0,9.562632014166636e-13
da-train-002952,1,0.9826337512018862
da-train-002953,0,3.244068762983187e-17
da-train-002954,0,2.7189317862884213e-26
da-train-002955,0,2.9603116025051837e-07
da-train-002956,0,0.0018207754538496028
da-train-002957,0,9.702380654247739e-22
da-train-002958,0,1.1403589247759053e-05
da-train-002959,0,8.279234344701734e-27
da-train-002960,1,0.9940469142038563
da-train-002961,0,0.00020957376958271188
da-train-002962,0,5.459946849229531e-11
da-train-002963,0,7.795669883507593e-21
da-train-002964,0,8.785973317619211e-22
da-train-002965,0,2.5734372648331132e-26
da-train-002966,0,0.015685631502519115
da-train-002967,1,0.9811146763892263
da-train-002968,0,1.6447572459905338e-16
da-train-002969,0,0.00017116501185600937
da-train-002970,0,2.120073271832606e-30
da-train-002971,0,0.00011645079170662368
da-train-002972,1,0.9975864698872349
da-train-002973,0,3.7736081486946885e-17
da-train-002974,0,7.372584418809107e-09
da-train-002975,0,4.66585155625763e-28
da-train-002976,0,4.989830814955166e-14
da-train-002977,0,3.8950308540894e-10
da-train-002978,0,2.9720210180851563e-22
da-train-002979,0,1.417568265200839e-19
da-train-002980,1,0.9941073091309246
da-train-002981,0,6.1985710712479655e-06
da-train-002982,1,0.9973216866027884
da-train-002983,0,1.6483352763630636e-17
da-train-002984,0,6.056780285247567e-30
da-train-002985,0,2.1072652489206676e-08
da-train-002986,0,5.260933854488088e-12
da-train-002987,1,0.9953963989375146
da-train-002988,0,4.662375582059194e-08
da-train-002989,0,8.524453696173114e-11
da-train-002990,0,2.7049644280142818e-05
da-train-002991,0,8.05512049849945e-06
da-train-002992,0,1.3048491880108888e-05
da-train-002993,0,2.180269656047526e-06
da-train-002994,0,9.164398182161554e-10
da-train-002995,0,3.0934673553672044e-11
da-train-002996,0,1.449859013381424e-06
da-train-002997,1,0.9949891791052173
da-train-002998,0,1.7220582967600544e-26
da-train-002999,0,2.094131835117841e-24
da-train-003000,0,4.102413530829873e-11
da-train-003001,0,1.8692492229140293e-10
da-train-003002,0,2.0629405026485418e-10
da-train-003003,0,1.032222983297342e-08
da-train-003004,0,1.6621707376036183e-06
da-train-003005,0,2.832964320189361e-09
da-train-003006,0,1.2938197267930836e-26
da-train-003007,0,3.1579780178649483e-21
da-train-003008,1,0.9893306046149036
da-train-003009,0,1.0486823527942968e-17
da-train-003010,1,0.9978479517391445
da-train-003011,1,0.03046832706867218
da-train-003012,0,0.001695760898186299
da-train-003013,0,0.0006629846143058671
da-train-003014,0,1.2715801056436588e-17
da-train-003015,0,1.6103760704759376e-15
da-train-003016,0,1.4726745471165512e-21
da-train-003017,1,0.9951453306539192
da-train-003018,0,1.9725010963263126e-06
da-train-003019,0,5.094559656217139e-13
da-train-003020,0,4.269231691593418e-14
da-train-003021,0,5.513711856632456e-32
da-train-003022,0,2.634154196766624e-25
da-train-003023,0,7.010738261414109e-05
da-train-003024,0,2.449908896478808e-06
da-train-003025,0,2.6043352202451353e-09
da-train-003026,1,0.997256180997149
da-train-003027,0,0.0002718125352282028
da-train-003028,0,2.6780882223786142e-09
da-train-003029,1,0.988965294654946
da-train-003030,0,1.1157160528034079e-07
da-train-003031,0,4.49925127180523e-05
da-train-003032,0,3.363651712293028e-06
da-train-003033,0,5.412530043872918e-12
da-train-003034,0,1.0039386430071219e-08
da-train-003035,1,0.9817411274347932
da-train-003036,0,8.822137467510092e-08
da-train-003037,0,1.0147024606573404e-10
da-train-003038,0,7.065934242428711e-11
da-train-003039,1,0.9832236826815887
da-train-003040,0,3.585493755996993e-07
da-train-003041,0,6.998353853465469e-06
da-train-003042,0,0.025425819847357967
da-train-003043,1,0.9839645256164432
da-train-003044,0,2.242978702196202e-16
da-train-003045,1,0.994837087097558
da-train-003046,1,0.9961397702867174
da-train-003047,1,0.9977665109480319
da-train-003048,0,2.093164823646095e-08
da-train-003049,0,5.159161715155733e-22
da-train-003050,0,2.031900041766002e-09
da-train-003051,0,2.3376580286012093e-19
da-train-003052,0,3.4918889642102143e-10
da-train-003053,0,1.1567890082837614e-30
da-train-003054,0,6.759327091205642e-24
da-train-003055,0,5.627828960031686e-13
da-train-003056,0,1.4394784955635701e-19
da-train-003057,0,2.80352920044552e-13
da-train-003058,1,0.9957599033963714
da-train-003059,0,5.2835106848121786e-14
da-train-003060,0,1.0894087631648514e-08
da-train-003061,0,5.4696135531418596e-14
da-train-003062,0,1.1721013008134688e-13
da-train-003063,0,9.646101740993828e-06
da-train-003064,0,6.431826576197354e-08
da-train-003065,0,0.02285661465191736
da-train-003066,0,1.359750078616369e-10
da-train-003067,0,3.402402886053769e-07
da-train-003068,0,3.510173872117505e-08
da-train-003069,1,0.990288032681024
da-train-003070,0,9.736542784783314e-17
da-train-003071,0,1.6233604483602254e-06
da-train-003072,0,9.585653819132735e-22
da-train-003073,1,0.9981177946292155
da-train-003074,1,0.1428102526208377
da-train-003075,0,9.021872033980185e-10
da-train-003076,1,0.944640353520338
da-train-003077,0,9.949111641258677e-08
da-train-003078,0,6.987137642195015e-14
da-train-003079,0,2.405773634135364e-07
da-train-003080,1,0.992315514848435
da-train-003081,0,2.0723779297186116e-05
da-train-003082,0,2.569479791399207e-15
da-train-003083,0,1.6444271379996e-10
da-train-003084,0,2.120172632109513e-11
da-train-003085,0,7.506274244575697e-07
da-train-003086,0,1.5550697233058298e-07
da-train-003087,0,1.9396440111075088e-11
da-train-003088,0,8.144656070520341e-05
da-train-003089,0,9.289913104004007e-08
da-train-003090,0,0.00020437013462002395
da-train-003091,0,0.00012590669822815464
da-train-003092,1,0.9792632476678373
da-train-003093,1,0.9980250204251434
da-train-003094,0,4.4592754150328535e-22
da-train-003095,0,2.0287973421139767e-09
da-train-003096,0,4.9462150382214544e-30
da-train-003097,1,0.9843125253501702
da-train-003098,1,0.9273248091469171
da-train-003099,0,3.2624097580240474e-22
da-train-003100,0,3.885852163918171e-11
da-train-003101,0,1.3234601754167167e-05
da-train-003102,0,1.694445692791428e-10
da-train-003103,1,0.9362793630669876
da-train-003104,0,4.383408801141991e-06
da-train-003105,1,0.8826704306229626
da-train-003106,0,1.9544007480761386e-13
da-train-003107,0,5.879610578434524e-15
da-train-003108,0,1.3421763777420326e-10
da-train-003109,0,5.181040150916059e-09
da-train-003110,1,0.687150569611276
da-train-003111,0,6.196905053679836e-08
da-train-003112,0,1.2001367670803488e-17
da-train-003113,0,3.0692301481807124e-10
da-train-003114,1,0.9241104569759745
da-train-003115,0,3.743125186661343e-08
da-train-003116,0,0.0020743830985851044
da-train-003117,1,0.9697958400983745
da-train-003118,1,0.983904634976283
da-train-003119,0,1.6088575658116662e-14
da-train-003120,0,1.1490802240024492e-07
da-train-003121,0,2.296456038713659e-07
da-train-003122,1,0.9982569169027397
da-train-003123,0,9.110087730086262e-08
da-train-003124,0,1.367191635437156e-11
da-train-003125,1,0.8045353499529648
da-train-003126,0,1.448007056162316e-12
da-train-003127,0,2.8575784051679063e-09
da-train-003128,0,6.066373973208147e-16
da-train-003129,0,2.055030635603896e-08
da-train-003130,0,6.355648132506452e-17
da-train-003131,0,2.1594397221010953e-05
da-train-003132,1,0.9961813858199461
da-train-003133,0,2.8383857340882583e-17
da-train-003134,0,1.485141009142536e-11
da-train-003135,0,0.013270000165347727
da-train-003136,0,2.8972481023033534e-09
da-train-003137,0,9.597869193272476e-13
da-train-003138,1,0.9961301514662372
da-train-003139,0,2.4540398451992334e-07
da-train-003140,0,3.2278533005682954e-10
da-train-003141,0,2.4707978305188793e-06
da-train-003142,0,1.1626727143812162e-13
da-train-003143,0,3.5390080813658126e-16
da-train-003144,0,4.235930422838321e-11
da-train-003145,0,3.320447980753389e-13
da-train-003146,0,8.731883185220987e-14
da-train-003147,0,2.3641173775376717e-09
da-train-003148,1,0.9934930596998063
da-train-003149,1,0.9699631995522339
da-train-003150,0,6.151304726887374e-14
da-train-003151,1,0.98100632503022
da-train-003152,0,9.487124030052442e-14
da-train-003153,1,0.9945667982788201
da-train-003154,0,2.1220200523135043e-09
da-train-003155,0,5.7173547865317814e-11
da-train-003156,0,9.013916915534628e-09
da-train-003157,0,9.442945690163366e-30
da-train-003158,1,0.9980376301945251
da-train-003159,0,4.3766241096970185e-11
da-train-003160,0,7.029683384929519e-08
da-train-003161,0,2.8910385652325304e-08
da-train-003162,0,2.959943439548149e-17
da-train-003163,1,0.9858397287398818
da-train-003164,0,2.375147349389961e-14
da-train-003165,0,2.5902544862487337e-07
da-train-003166,0,5.3419150502109776e-09
da-train-003167,0,8.585406327736849e-28
da-train-003168,0,2.5220852464055595e-26
da-train-003169,1,0.9545632047128016
da-train-003170,0,7.247916221384752e-19
da-train-003171,0,1.2639475544611545e-22
da-train-003172,0,2.0259135264120253e-19
da-train-003173,0,5.979411138369543e-23
da-train-003174,1,0.9972523355858045
da-train-003175,0,3.573073494218035e-05
da-train-003176,0,3.143289336103098e-06
da-train-003177,0,4.1951499273445756e-22
da-train-003178,1,0.6538157219979954
da-train-003179,1,0.9703935217588601
da-train-003180,0,3.81976602204287e-18
da-train-003181,1,0.9953360618502045
da-train-003182,0,2.0002465481710412e-14
da-train-003183,0,1.889936877776032e-05
da-train-003184,0,1.9837203677731133e-20
da-train-003185,0,3.9407997708079277e-07
da-train-003186,1,0.9965867547520885
da-train-003187,0,8.841808663210088e-07
da-train-003188,0,1.2456600025766586e-10
da-train-003189,0,6.466530987570666e-29
da-train-003190,0,9.761306967091005e-22
da-train-003191,1,0.992556181194677
da-train-003192,0,3.952687356210431e-11
da-train-003193,1,0.9973358220017063
da-train-003194,1,0.9774977593148869
da-train-003195,0,3.3900253327003096e-13
da-train-003196,0,1.1859903414792505e-10
da-train-003197,0,4.8233682366308214e-11
da-train-003198,0,8.30591622293909e-18
da-train-003199,1,0.9951980032639526
da-train-003200,0,1.3541214052059482e-05
da-train-003201,0,7.05564460586395e-09
da-train-003202,0,4.992724507600104e-25
da-train-003203,0,1.9613492529680877e-20
da-train-003204,0,9.347398968707588e-08
da-train-003205,0,1.1860221594854033e-12
da-train-003206,0,5.253113805915819e-07
da-train-003207,0,0.0001451728137589459
da-train-003208,0,1.828990703898327e-12
da-train-003209,0,4.630504710089211e-07
da-train-003210,0,5.387905001027192e-10
da-train-003211,0,0.0034887303209565827
da-train-003212,1,0.9973466632858082
da-train-003213,0,7.117446805104269e-17
da-train-003214,0,1.3691006932544252e-08
da-train-003215,0,6.77764788196219e-21
da-train-003216,0,8.718485506163673e-07
da-train-003217,0,1.3130270958942567e-16
da-train-003218,0,0.000160825289484565
da-train-003219,0,9.212076506966169e-13
da-train-003220,0,2.971445994193054e-13
da-train-003221,0,1.6175499503827728e-06
da-train-003222,0,9.382461364993096e-06
da-train-003223,0,3.2429688384337653e-12
da-train-003224,0,1.3955276705535615e-08
da-train-003225,0,1.7865188692459494e-22
da-train-003226,0,5.703899487973129e-07
da-train-003227,0,1.5522152408170484e-08
da-train-003228,0,4.776793670388853e-15
da-train-003229,0,2.203278034201003e-26
da-train-003230,0,9.275016096249717e-11
da-train-003231,0,3.159386502442008e-20
da-train-003232,0,4.5755421600818363e-08
da-train-003233,0,5.9098037426723894e-15
da-train-003234,1,0.9950529579549129
da-train-003235,0,0.0005976184845356295
da-train-003236,0,2.0040587047020266e-05
da-train-003237,0,7.376495135333043e-09
da-train-003238,0,9.438012915940774e-19
da-train-003239,0,1.9828998350614046e-07
da-train-003240,0,3.7137985168939184e-28
da-train-003241,0,1.8312934427022302e-08
da-train-003242,0,8.244626360137145e-13
da-train-003243,0,4.921340816691724e-22
da-train-003244,1,0.9974778501971967
da-train-003245,0,1.1023655264398502e-20
da-train-003246,0,3.957018037248959e-07
da-train-003247,0,1.0932621540965333e-08
da-train-003248,0,2.577938913371021e-23
da-train-003249,0,0.0002150323092316317
da-train-003250,0,1.0237957273408018e-20
da-train-003251,0,7.508768846540373e-19
da-train-003252,0,6.347202897853293e-08
da-train-003253,1,0.9900802221765992
da-train-003254,0,1.805611955690835e-24
da-train-003255,1,0.9935893330635414
da-train-003256,0,0.0003683619138277344
da-train-003257,0,1.0617165504366865e-09
da-train-003258,0,2.9891775704807023e-21
da-train-003259,0,0.00016258223390567696
da-train-003260,1,0.9920032894762302
da-train-003261,0,3.2867324711594066e-15
da-train-003262,1,0.9825117867227465
da-train-003263,0,2.4597448110600653e-19
da-train-003264,1,0.9940560752117715
da-train-003265,0,0.00026439926211083994
da-train-003266,0,9.246751876162485e-13
da-train-003267,0,5.996994494233672e-08
da-train-003268,0,3.342737391484262e-22
da-train-003269,0,4.393088257370797e-06
da-train-003270,0,5.250878733386566e-10
da-train-003271,0,7.638084064784675e-10
da-train-003272,0,0.007799732427928023
da-train-003273,0,3.095346591352738e-27
da-train-003274,0,1.2711202506742302e-18
da-train-003275,0,0.5884037115233005
da-train-003276,1,0.98290980408336
da-train-003277,0,3.3363600180435824e-08
da-train-003278,0,1.4591558059561316e-14
da-train-003279,0,4.116758790908107e-23
da-train-003280,0,2.7067823814044717e-07
da-train-003281,0,3.7723522528485453e-17
da-train-003282,1,0.6696207455496035
da-train-003283,0,9.431631306160161e-17
da-train-003284,1,0.991171624281337
da-train-003285,0,1.6378563063051289e-18
da-train-003286,1,0.9904703752387801
da-train-003287,0,3.6330714393312347e-07
da-train-003288,0,2.244688310861234e-08
da-train-003289,0,8.768313290905571e-08
da-train-003290,0,6.332653404678617e-13
da-train-003291,1,0.9977494105739292
da-train-003292,0,6.147616495653553e-29
da-train-003293,0,4.732546892247868e-24
da-train-003294,0,0.9746174410464965
da-train-003295,0,0.00011199820541160898
da-train-003296,0,0.0006287257689133995
da-train-003297,0,6.921778938151698e-05
da-train-003298,0,8.46860627572331e-18
da-train-003299,0,2.2370903648351227e-09
da-train-003300,0,4.338759613702574e-08
da-train-003301,0,2.2378837765716503e-10
da-train-003302,1,0.9971521962383819
da-train-003303,0,5.577156034994322e-10
da-train-003304,0,4.830828723337102e-22
da-train-003305,0,7.256452184256518e-28
da-train-003306,0,6.691769533480455e-10
da-train-003307,0,9.065464345052636e-30
da-train-003308,0,1.966568408796682e-10
da-train-003309,1,0.8117415853842168
da-train-003310,0,2.5226218806154028e-11
da-train-003311,0,1.7796967422710208e-09
da-train-003312,0,2.0329784959237463e-29
da-train-003313,0,9.068468676602314e-17
da-train-003314,1,0.9965845592442912
da-train-003315,0,4.085599082151457e-21
da-train-003316,0,3.7318585251454476e-25
da-train-003317,0,6.336076845334987e-08
da-train-003318,0,4.6334051270527674e-18
da-train-003319,0,3.166698011243094e-15
da-train-003320,1,0.991590429995604
da-train-003321,0,7.79794156689029e-19
da-train-003322,0,4.260945674795788e-15
da-train-003323,0,0.00014709887298410722
da-train-003324,1,0.9817140654576209
da-train-003325,0,1.9071384524153738e-11
da-train-003326,0,1.804683897150601e-19
da-train-003327,0,4.47218380090458e-08
da-train-003328,0,0.0023128608352893003
da-train-003329,0,4.210039834781422e-33
da-train-003330,0,4.1414594446567394e-10
da-train-003331,0,9.22226212500881e-21
da-train-003332,0,4.369094886875097e-15
da-train-003333,0,1.4247123798799017e-26
da-train-003334,0,1.815955527815433e-09
da-train-003335,0,1.5705474362575607e-11
da-train-003336,0,0.0011293764053393032
da-train-003337,0,7.501482369734308e-17
da-train-003338,0,8.101395505966657e-11
da-train-003339,0,1.286276242319423e-06
da-train-003340,0,8.754506428823681e-07
da-train-003341,1,0.885573477131444
da-train-003342,0,7.772961747220392e-07
da-train-003343,1,0.9982952872688743
da-train-003344,1,0.9548181521861231
da-train-003345,0,6.694861457963385e-10
da-train-003346,1,0.9983663022014041
da-train-003347,0,1.026856850407135e-09
da-train-003348,0,0.16077626585306057
da-train-003349,0,1.8256948171123226e-14
da-train-003350,0,4.452087021474525e-17
da-train-003351,1,0.9976140575762654
da-train-003352,0,1.1144433591872057e-17
da-train-003353,1,0.9952106654339007
da-train-003354,0,0.0018491688435447985
da-train-003355,0,2.0361731878970177e-09
da-train-003356,0,1.158011300316055e-17
da-train-003357,0,1.1222822303658283e-15
da-train-003358,0,0.00013715989657761196
da-train-003359,0,0.0001311751494915269
da-train-003360,0,6.344389847732705e-05
da-train-003361,0,2.255436462334349e-21
da-train-003362,0,5.764592240911879e-10
da-train-003363,0,1.293812996187982e-09
da-train-003364,0,5.89942788784138e-20
da-train-003365,0,1.0393933172702069e-07
da-train-003366,0,3.958348751063738e-06
da-train-003367,0,5.43037824391841e-10
da-train-003368,0,1.5114917254210956e-18
da-train-003369,0,4.509657168647966e-22
da-train-003370,0,5.903815573319177e-07
da-train-003371,0,8.842693132352447e-27
da-train-003372,0,2.2240579488714838e-06
da-train-003373,0,9.17873916502758e-06
da-train-003374,0,4.96288801363103e-15
da-train-003375,0,1.5513013241738746e-23
da-train-003376,0,7.202063483417528e-10
da-train-003377,0,1.7717536781615762e-07
da-train-003378,0,1.1701896797390748e-11
da-train-003379,0,5.531076060718331e-05
da-train-003380,1,0.624433950402999
da-train-003381,0,6.177742519032376e-19
da-train-003382,0,1.3903093489890446e-25
da-train-003383,0,6.569178520121763e-15
da-train-003384,0,1.7304778168257976e-06
da-train-003385,0,1.658592005681864e-20
da-train-003386,0,4.062127472510133e-14
da-train-003387,0,1.2843534889520192e-13
da-train-003388,1,0.998670345802133
da-train-003389,0,3.503390366604319e-09
da-train-003390,0,1.784706302926139e-11
da-train-003391,0,6.50673264904131e-13
da-train-003392,0,6.869566996542392e-12
da-train-003393,0,1.7855683581557438e-09
da-train-003394,0,1.874146011198597e-06
da-train-003395,0,1.0405011094145763e-16
da-train-003396,0,0.0014426909790303992
da-train-003397,0,0.0014826563684362006
da-train-003398,1,0.9971573865411113
da-train-003399,0,8.28525266108818e-16
da-train-003400,0,4.098993038789809e-12
da-train-003401,0,1.4310143949468548e-10
da-train-003402,0,4.885325505631152e-16
da-train-003403,1,0.9920831701836645
da-train-003404,0,2.6563132478212623e-12
da-train-003405,0,3.5659357825548764e-32
da-train-003406,0,6.249604117804934e-19
da-train-003407,0,7.442750157456169e-09
da-train-003408,0,6.510658781098595e-07
da-train-003409,1,0.9972200141603852
da-train-003410,0,5.445253794315672e-08
da-train-003411,0,1.653933252288063e-26
da-train-003412,0,1.1273944905790213e-05
da-train-003413,0,5.70581661851158e-21
da-train-003414,0,2.6049394391754936e-05
da-train-003415,0,2.2588228343793406e-06
da-train-003416,0,2.4863020828347573e-06
da-train-003417,0,1.6948300137988678e-17
da-train-003418,0,1.301543319671097e-10
da-train-003419,0,8.174746327026351e-08
da-train-003420,0,7.437055285534294e-26
da-train-003421,1,0.996589727393741
da-train-003422,0,1.910784546492362e-15
da-train-003423,0,5.3062490923459825e-09
da-train-003424,0,0.0010577427194014884
da-train-003425,0,1.0556129386783856e-05
da-train-003426,0,1.5631321222558044e-17
da-train-003427,0,5.595808255590738e-19
da-train-003428,0,1.0312978326059532e-08
da-train-003429,1,0.9964950602534911
da-train-003430,1,0.9656254945024797
da-train-003431,1,0.9653083598156732
da-train-003432,0,1.4291645875775481e-27
da-train-003433,0,1.657380745293891e-13
da-train-003434,0,3.2641216969699893e-09
da-train-003435,0,2.110841080794975e-13
da-train-003436,0,1.981260620620412e-08
da-train-003437,0,1.6618943994758772e-22
da-train-003438,1,0.9973270888160631
da-train-003439,0,2.871254621516705e-10
da-train-003440,0,6.624040796978734e-09
da-train-003441,0,2.9383059978671672e-08
da-train-003442,0,1.3501049004091264e-14
da-train-003443,0,1.8529675707006544e-06
da-train-003444,1,0.9960310293530114
da-train-003445,0,8.051238093944475e-05
da-train-003446,0,1.1439185869552175e-26
da-train-003447,0,1.6977596681616827e-19
da-train-003448,0,8.371516811635555e-31
da-train-003449,0,8.186834865111583e-21
da-train-003450,0,6.742513687324962e-09
da-train-003451,0,4.554945913647246e-18
da-train-003452,0,1.1380401707930145e-07
da-train-003453,0,1.0318767259316869e-24
da-train-003454,0,5.750807710623092e-05
da-train-003455,0,1.2587498861767916e-09
da-train-003456,0,2.474229187464363e-13
da-train-003457,0,4.190325212296955e-20
da-train-003458,0,2.525857649026136e-13
da-train-003459,1,0.9957873728913538
da-train-003460,1,0.5247747603944338
da-train-003461,0,1.5276670386762142e-10
da-train-003462,0,1.8627323933478042e-31
da-train-003463,0,2.945118395935754e-17
da-train-003464,1,0.9186221259049306
da-train-003465,0,1.6676220484076448e-14
da-train-003466,0,1.9812710315086114e-21
da-train-003467,0,4.338781024225212e-05
da-train-003468,0,3.7261119248485795e-07
da-train-003469,1,0.9977149493487006
da-train-003470,1,0.9882699486634197
da-train-003471,0,2.1374314587733836e-08
da-train-003472,0,2.0082582796663156e-14
da-train-003473,0,2.598456451882318e-10
da-train-003474,0,4.995112503218413e-07
da-train-003475,0,5.836119123840442e-26
da-train-003476,0,6.226629851397017e-08
da-train-003477,0,2.6328891149632037e-16
da-train-003478,0,4.3948248385258705e-23
da-train-003479,0,1.2251986299175247e-11
da-train-003480,0,3.077017833743679e-09
da-train-003481,0,1.826513461434931e-08
da-train-003482,0,0.0006770897737351085
da-train-003483,0,2.615940944057513e-13
da-train-003484,0,3.7696342555466807e-13
da-train-003485,1,0.9967357218018599
da-train-003486,1,0.9663424850006211
da-train-003487,0,2.2615086855575584e-08
da-train-003488,0,3.764954977347444e-13
da-train-003489,0,5.796077326849456e-25
da-train-003490,0,0.0004224093637029194
da-train-003491,1,0.9946241482042719
da-train-003492,1,0.9824805706043938
da-train-003493,0,3.9259184428715e-08
da-train-003494,0,7.887335703901818e-07
da-train-003495,0,7.625731693038584e-13
da-train-003496,0,1.404990028315331e-19
da-train-003497,0,9.885431931853895e-10
da-train-003498,0,0.8063538030613334
da-train-003499,0,2.745078992564175e-09
da-train-003500,0,1.3441844579721028e-28
da-train-003501,1,0.9969710782741038
da-train-003502,0,7.012729334795891e-28
da-train-003503,0,3.3324472963072994e-12
da-train-003504,1,0.9969280899425952
da-train-003505,0,8.753549806445217e-26
da-train-003506,0,4.233605773435595e-06
da-train-003507,0,8.286750903012854e-11
da-train-003508,0,5.7834059271116444e-06
da-train-003509,0,1.6968433211332095e-24
da-train-003510,0,2.519245081909244e-09
da-train-003511,0,0.0016226367846172013
da-train-003512,1,0.9998048765610693
da-train-003513,0,1.2748929165214815e-09
da-train-003514,0,1.3495375249557988e-10
da-train-003515,0,9.461985611596224e-09
da-train-003516,0,1.2095967778603469e-14
da-train-003517,0,2.081495014962013e-19
da-train-003518,0,0.0009623344654736471
da-train-003519,1,0.9966547796908332
da-train-003520,0,7.149875808503332e-16
da-train-003521,0,2.390823257391863e-11
da-train-003522,0,0.02390022729272043
da-train-003523,1,0.9766786983886568
da-train-003524,0,0.0008928610796484259
da-train-003525,0,1.4235302830511553e-12
da-train-003526,0,1.5991473697917764e-18
da-train-003527,0,0.0007127129923919012
da-train-003528,0,2.88311833426976e-10
da-train-003529,0,5.361430525129787e-07
da-train-003530,0,1.4252469096378177e-13
da-train-003531,0,0.8168056307269286
da-train-003532,1,0.9516997717537099
da-train-003533,0,1.5844147706368604e-07
da-train-003534,0,2.0875115657133186e-10
da-train-003535,0,1.9194342262359897e-22
da-train-003536,0,8.907953661453756e-12
da-train-003537,0,7.109914217929816e-27
da-train-003538,0,4.4897153469094683e-13
da-train-003539,0,5.638922553279192e-25
da-train-003540,1,0.9836821638172587
da-train-003541,0,2.256660732570377e-09
da-train-003542,0,0.1719347793026058
da-train-003543,0,1.4839076987827067e-16
da-train-003544,0,1.284090202891623e-31
da-train-003545,0,1.7274378796667776e-10
da-train-003546,0,3.4969540687398146e-06
da-train-003547,1,0.974363950630995
da-train-003548,0,1.78051940830744e-29
da-train-003549,0,3.587061938428316e-10
da-train-003550,1,0.992035750092339
da-train-003551,0,1.3835741730408962e-09
da-train-003552,0,2.2727578550753694e-09
da-train-003553,0,9.059101428751479e-09
da-train-003554,1,0.9965215484914006
da-train-003555,0,2.893755472705788e-09
da-train-003556,0,4.3341686119543465e-09
da-train-003557,0,1.2767888868559e-16
da-train-003558,0,3.6780495085109395e-32
da-train-003559,1,0.9958165768825021
da-train-003560,0,1.3654506732409323e-14
da-train-003561,1,0.9804513658793211
da-train-003562,0,9.831449386030535e-07
da-train-003563,0,5.939130851430985e-21
da-train-003564,1,0.9515784173629047
da-train-003565,0,1.1843117977992837e-10
da-train-003566,1,0.9885398501152213
da-train-003567,0,0.005639033742730536
da-train-003568,1,0.9746136231694891
da-train-003569,0,0.00015771043482782807
da-train-003570,1,0.9896388988518662
da-train-003571,0,1.451670353532379e-16
da-train-003572,0,1.1404575551363092e-10
da-train-003573,0,7.54906735571135e-06
da-train-003574,1,0.9940642049513767
da-train-003575,0,1.9400544853384588e-19
da-train-003576,0,5.067181516130056e-18
da-train-003577,0,1.6365058099469551e-10
da-train-003578,1,0.984133123614774
da-train-003579,0,1.989837148692348e-07
da-train-003580,0,1.9849386229767037e-11
da-train-003581,0,2.6955546021360893e-17
da-train-003582,0,4.591983980760859e-11
da-train-003583,0,1.0881867909073912e-15
da-train-003584,0,3.6877161506897472e-09
da-train-003585,0,6.826708088594222e-10
da-train-003586,0,9.210384448002877e-11
da-train-003587,1,0.9989994429056005
da-train-003588,0,5.929432115561917e-05
da-train-003589,1,0.993680744087975
da-train-003590,0,0.17131446982325613
da-train-003591,0,2.0899435712105372e-11
da-train-003592,0,6.02646601408227e-29
da-train-003593,1,0.9926394662258806
da-train-003594,0,1.0469821917484308e-05
da-train-003595,0,0.0005111835823754019
da-train-003596,0,3.494218341309192e-06
da-train-003597,0,1.4055561275779609e-05
da-train-003598,0,2.711263581712196e-09
da-train-003599,0,1.526891377637212e-13
da-train-003600,0,5.2675231309446254e-23
da-train-003601,0,3.3698206064402397e-09
da-train-003602,0,4.2195274494470614e-13
da-train-003603,0,9.392385641953133e-09
da-train-003604,0,2.740638815535342e-20
da-train-003605,1,0.9961146185014287
da-train-003606,0,3.560595276210563e-15
da-train-003607,0,2.1501416858089803e-08
da-train-003608,0,5.7072710873430595e-08
da-train-003609,1,0.9816938006942425
da-train-003610,0,1.418870903568951e-29
da-train-003611,0,6.049536166799271e-13
da-train-003612,0,5.673774428835654e-12
da-train-003613,0,7.187216247349687e-12
da-train-003614,0,2.966484308620546e-22
da-train-003615,0,9.622500645630427e-20
da-train-003616,0,1.3467926849057726e-08
da-train-003617,1,0.9978985761178437
da-train-003618,0,3.741936869492106e-14
da-train-003619,0,1.6566478414287195e-21
da-train-003620,0,6.374763629562299e-09
da-train-003621,0,5.253610296717432e-10
da-train-003622,0,0.0012343828299016945
da-train-003623,0,1.5586952605906533e-20
da-train-003624,0,2.018709177225257e-10
da-train-003625,0,1.1510866302012212e-12
da-train-003626,0,0.0006726943584844037
da-train-003627,0,1.639703423361401e-06
da-train-003628,0,1.2999096059729911e-14
da-train-003629,0,4.162753250103231e-11
da-train-003630,0,1.2447303800149716e-13
da-train-003631,0,0.11759276869073503
da-train-003632,0,1.2113984116094732e-18
da-train-003633,1,0.9968323171539728
da-train-003634,0,0.00011016117419526061
da-train-003635,0,2.8275537445282674e-05
da-train-003636,0,2.4297352936697344e-11
da-train-003637,0,1.1330633420788766e-11
da-train-003638,0,5.66665410866661e-26
da-train-003639,0,4.752646138430138e-06
da-train-003640,0,1.2883068163868302e-16
da-train-003641,0,0.003952969521833917
da-train-003642,1,0.9985610033707678
da-train-003643,0,5.562976471554805e-06
da-train-003644,1,0.9832401832776066
da-train-003645,0,3.660110687433433e-11
da-train-003646,1,0.9654118472306359
da-train-003647,0,6.50615025724434e-20
da-train-003648,0,2.885626675023231e-18
da-train-003649,0,8.659579200484491e-08
da-train-003650,0,8.538061341680203e-05
da-train-003651,0,1.5305460449244867e-13
da-train-003652,0,2.9556661818087466e-25
da-train-003653,0,0.00031078108471019306
da-train-003654,0,0.03921236446765087
da-train-003655,0,2.1829838750139085e-09
da-train-003656,0,0.00032008078555754445
da-train-003657,0,0.0011745095896563893
da-train-003658,0,4.462186107561291e-20
da-train-003659,0,0.00019899251388037277
da-train-003660,0,1.395565888546988e-16
da-train-003661,0,7.68077089221274e-22
da-train-003662,0,6.772398452376645e-08
da-train-003663,1,0.9684830749103978
da-train-003664,0,0.0006621080919984058
da-train-003665,0,9.09764270766199e-10
da-train-003666,0,1.0321070907488839e-20
da-train-003667,0,2.7692179969749988e-05
da-train-003668,0,2.5938077113914662e-11
da-train-003669,1,0.9968278266762297
da-train-003670,0,9.484414510346081e-14
da-train-003671,1,0.9988125799563402
da-train-003672,1,0.9985211004243474
da-train-003673,0,6.023669709808174e-24
da-train-003674,1,0.9739919811305359
da-train-003675,0,4.035565845486204e-27
da-train-003676,0,5.490862348420213e-10
da-train-003677,0,1.1185917594493871e-26
da-train-003678,0,2.469450473260241e-10
da-train-003679,0,4.9317556477591854e-20
da-train-003680,0,7.53461031834589e-23
da-train-003681,1,0.9549171889427086
da-train-003682,0,2.4362760042054465e-08
da-train-003683,0,1.1192302209891449e-26
da-train-003684,1,0.9826826547856133
da-train-003685,1,0.9953399626699907
da-train-003686,0,4.2664706249068476e-14
da-train-003687,1,0.9885180651799194
da-train-003688,0,1.1921253139290065e-11
da-train-003689,0,3.8856823160963268e-28
da-train-003690,1,0.9980111502674526
da-train-003691,1,0.9747427890266901
da-train-003692,0,1.4839677199490144e-29
da-train-003693,0,4.837980110086983e-19
da-train-003694,0,1.2809321914450156e-18
da-train-003695,0,2.1055033727418187e-08
da-train-003696,1,0.9845344661664291
da-train-003697,0,6.31118080240019e-09
da-train-003698,0,6.680435627936738e-08
da-train-003699,0,8.743768661961207e-08
da-train-003700,0,1.8977346862688457e-11
da-train-003701,1,0.761689646172263
da-train-003702,1,0.9977089425533775
da-train-003703,0,5.938034271899449e-07
da-train-003704,0,5.940839189798603e-11
da-train-003705,0,8.281383044980711e-20
da-train-003706,0,1.0305345888410404e-06
da-train-003707,0,7.226586763402547e-27
da-train-003708,0,1.2224333823117434e-06
da-train-003709,1,0.9977310852281324
da-train-003710,0,1.0032161608509256e-14
da-train-003711,0,9.392734927101664e-13
da-train-003712,0,0.00013178352921383203
da-train-003713,0,2.329407626361672e-12
da-train-003714,0,5.795288852156416e-11
da-train-003715,0,2.7604733182447145e-14
da-train-003716,0,1.498471573259937e-11
da-train-003717,0,5.346739679269572e-06
da-train-003718,0,6.317924651874941e-08
da-train-003719,0,2.064483174526397e-15
da-train-003720,1,0.9981973543254729
da-train-003721,0,9.190965870831309e-16
da-train-003722,0,1.1628561509652866e-09
da-train-003723,0,0.009500159234371095
da-train-003724,1,0.9512451086998167
da-train-003725,0,1.1064347544862409e-09
da-train-003726,0,1.1814975195618083e-13
da-train-003727,0,3.5130403079565804e-11
da-train-003728,0,1.1065681379992727e-10
da-train-003729,0,2.4133689913690425e-22
da-train-003730,0,8.211831381547692e-10
da-train-003731,0,4.248527349213352e-14
da-train-003732,0,0.00015751628465887187
da-train-003733,1,0.8264156182298472
da-train-003734,0,4.15838589297207e-06
da-train-003735,0,9.81217772659994e-26
da-train-003736,0,5.003083278718573e-15
da-train-003737,0,1.2715740265393066e-18
da-train-003738,0,2.0455956392884522e-17
da-train-003739,1,0.9681959378412536
da-train-003740,0,7.391226999412761e-19
da-train-003741,1,0.9967648483438474
da-train-003742,0,2.876609872617672e-05
da-train-003743,0,2.958529489305e-19
da-train-003744,0,9.437818171994599e-18
da-train-003745,0,3.1282985342455993e-17
da-train-003746,0,1.1478856436968275e-06
da-train-003747,0,2.7332388217052416e-15
da-train-003748,0,0.0038046683480558656
da-train-003749,0,3.3823548866979545e-16
da-train-003750,0,3.904973725456431e-10
da-train-003751,1,0.9956494460359666
da-train-003752,1,0.8710817981039384
da-train-003753,1,0.9875913088732663
da-train-003754,1,0.9924556388312737
da-train-003755,0,4.129215225723548e-12
da-train-003756,0,1.5496125702828781e-18
da-train-003757,0,3.3453602511562743e-06
da-train-003758,0,1.1560430457495955e-15
da-train-003759,0,8.152973001359343e-22
da-train-003760,0,2.6130340881487433e-20
da-train-003761,0,2.8266868708370296e-10
da-train-003762,0,7.061373151586158e-11
da-train-003763,0,1.8136778105203291e-13
da-train-003764,0,1.1083188636155547e-14
da-train-003765,1,0.9912132952760574
da-train-003766,1,0.9973267029861815
da-train-003767,0,1.557904727761254e-08
da-train-003768,0,1.3814487537054447e-13
da-train-003769,0,0.007544040147845322
da-train-003770,0,1.5558474656944372e-16
da-train-003771,1,0.9948613768618094
da-train-003772,0,1.6144830300715243e-10
da-train-003773,0,1.4382734366506515e-05
da-train-003774,0,3.6119623926376466e-08
da-train-003775,0,9.99583009835911e-16
da-train-003776,0,5.067586948066044e-10
da-train-003777,0,5.002186820581745e-11
da-train-003778,0,1.8670071499480482e-05
da-train-003779,1,0.9992985270184329
da-train-003780,0,1.882667282324732e-20
da-train-003781,0,0.09589146000709348
da-train-003782,0,2.2194731823326965e-08
da-train-003783,0,2.059578580154238e-05
da-train-003784,0,9.619119989449854e-10
da-train-003785,0,4.102329169599517e-24
da-train-003786,0,3.545756003567451e-23
da-train-003787,0,4.883991161088611e-08
da-train-003788,0,3.75888528353602e-17
da-train-003789,0,9.690724006089517e-06
da-train-003790,0,0.004394092730746281
da-train-003791,0,4.659095145767416e-10
da-train-003792,1,0.9993568399385899
da-train-003793,0,7.002363038501904e-16
da-train-003794,0,2.7735038593619532e-09
da-train-003795,1,0.9977820669285905
da-train-003796,1,0.9964190768853355
da-train-003797,0,3.6188265628033092e-34
da-train-003798,0,7.117066187509833e-13
da-train-003799,1,0.9975170953750387
da-train-003800,0,2.430760048865889e-05
da-train-003801,0,7.49277820888951e-07
da-train-003802,0,1.85881222780767e-09
da-train-003803,1,0.936853150294921
da-train-003804,0,1.1351150738650316e-11
da-train-003805,0,1.7988946258789826e-13
da-train-003806,1,0.9876053397956682
da-train-003807,0,7.964878370844474e-11
da-train-003808,0,3.008379536159791e-09
da-train-003809,0,4.2135337746077074e-08
da-train-003810,0,4.408155531505524e-06
da-train-003811,0,1.882076876099209e-07
da-train-003812,0,1.6653949594365821e-12
da-train-003813,0,9.549423156944502e-22
da-train-003814,0,2.255465436135321e-10
da-train-003815,0,9.491942321378043e-09
da-train-003816,1,0.9975340747847522
da-train-003817,0,0.0002060363813828364
da-train-003818,0,1.9109898963999142e-29
da-train-003819,0,7.907971182640675e-18
da-train-003820,0,1.1753624986691749e-09
da-train-003821,0,2.0309039520005785e-18
da-train-003822,0,2.6038060388221664e-09
da-train-003823,0,1.0873190740538342e-26
da-train-003824,0,1.9562515272180047e-08
da-train-003825,0,0.015496338003531071
da-train-003826,0,3.8549358544608024e-07
da-train-003827,0,4.6153371134284435e-12
da-train-003828,1,0.9834167950050663
da-train-003829,0,3.4975188055144086e-16
da-train-003830,0,0.00045190594957132533
da-train-003831,1,0.9947909858619656
da-train-003832,0,4.966831040606213e-18
da-train-003833,0,8.869703194113962e-27
da-train-003834,0,3.9121698334124956e-07
da-train-003835,0,0.0002795214341025822
da-train-003836,1,0.8408093513902846
da-train-003837,0,1.2465643784035271e-06
da-train-003838,0,3.603407637451181e-11
da-train-003839,0,6.313222595280563e-12
da-train-003840,0,4.353199582473032e-06
da-train-003841,0,0.0003275954249731552
da-train-003842,0,6.049447354360419e-14
da-train-003843,0,1.2464904724535361e-12
da-train-003844,0,4.936218111783585e-10
da-train-003845,0,1.458639616439847e-07
da-train-003846,0,2.1280470013729262e-31
da-train-003847,0,4.2560963752901355e-20
da-train-003848,1,0.9917460349667492
da-train-003849,0,1.86036649945242e-07
da-train-003850,0,1.1071462252732009e-12
da-train-003851,0,1.9264569238799334e-15
da-train-003852,1,0.9825907385227981
da-train-003853,0,1.6731636141590685e-27
da-train-003854,0,9.710192424308704e-07
da-train-003855,0,1.3100699888076688e-20
da-train-003856,0,4.617182557679598e-28
da-train-003857,1,0.9975157873827792
da-train-003858,0,4.452838560623819e-06
da-train-003859,0,6.539585777575802e-06
da-train-003860,0,5.13262327465358e-18
da-train-003861,0,1.982699008894304e-11
da-train-003862,0,1.1449184275958504e-07
da-train-003863,0,8.200183276242904e-13
da-train-003864,0,2.0600236336510594e-21
da-train-003865,0,6.682548909072384e-05
da-train-003866,0,4.977399929000961e-06
da-train-003867,0,4.072364063222913e-08
da-train-003868,0,1.3486787852169817e-07
da-train-003869,0,0.0004705126905266086
da-train-003870,0,2.8033972363654046e-10
da-train-003871,0,1.4670596007645994e-06
da-train-003872,0,5.234685819931798e-06
da-train-003873,1,0.9968126525771718
da-train-003874,0,7.929266011525277e-07
da-train-003875,0,3.1029226237562255e-09
da-train-003876,0,4.205354296661045e-09
da-train-003877,0,5.2792100510860605e-09
da-train-003878,0,2.0947907110652444e-08
da-train-003879,0,1.3452307637640458e-12
da-train-003880,0,5.734720939593233e-17
da-train-003881,0,2.710352592626922e-10
da-train-003882,0,4.605985784425918e-21
da-train-003883,0,1.3502881015186073e-13
da-train-003884,0,6.725299269991945e-20
da-train-003885,0,2.4133309119230633e-06
da-train-003886,0,1.2217987007810968e-07
da-train-003887,0,1.634549102612292e-25
da-train-003888,0,1.3489489145104577e-10
da-train-003889,0,1.5382877062173336e-23
da-train-003890,0,0.021297945202943692
da-train-003891,0,6.398339457026267e-11
da-train-003892,1,0.9536947776901695
da-train-003893,0,2.1907851347145004e-08
da-train-003894,0,3.0640577839822925e-11
da-train-003895,0,5.118197256850971e-13
da-train-003896,1,0.9595017320270004
da-train-003897,1,0.9945692523469877
da-train-003898,0,1.331436066257392e-10
da-train-003899,0,3.040319339481048e-07
da-train-003900,0,2.2106044267431233e-17
da-train-003901,0,1.1842308764816653e-20
da-train-003902,0,3.618307240092448e-09
da-train-003903,0,7.316448740614166e-35
da-train-003904,0,8.10020037462607e-08
da-train-003905,1,0.7230077499448644
da-train-003906,0,2.545638023616354e-09
da-train-003907,0,9.418797659576072e-17
da-train-003908,0,2.4841328327502722e-14
da-train-003909,0,4.3604618920099345e-13
da-train-003910,0,7.565281489736443e-05
da-train-003911,0,2.515205931540633e-15
da-train-003912,0,2.554605629813835e-17
da-train-003913,0,7.50583897319038e-14
da-train-003914,0,6.99172065400881e-14
da-train-003915,0,8.0916365897432e-15
da-train-003916,0,6.756162922134012e-08
da-train-003917,0,6.932858707484824e-10
da-train-003918,0,9.33732885977912e-06
da-train-003919,0,2.8968601227097934e-13
da-train-003920,0,0.28088238117705827
da-train-003921,0,2.5120646208208113e-08
da-train-003922,0,4.505653404030008e-08
da-train-003923,0,1.584137669118098e-16
da-train-003924,1,0.9935772350348478
da-train-003925,0,2.3066287706570283e-10
da-train-003926,0,8.436193303697485e-13
da-train-003927,0,1.5982744519770428e-15
da-train-003928,0,0.0016826704830732238
da-train-003929,0,8.412507752467497e-14
da-train-003930,0,4.958687425203094e-05
da-train-003931,0,3.632900735589718e-14
da-train-003932,0,1.2146744981324016e-15
da-train-003933,1,0.9984116826845085
da-train-003934,0,1.990022250749068e-11
da-train-003935,0,2.5867949980068594e-23
da-train-003936,0,2.511283230163319e-09
da-train-003937,1,0.9791014610350685
da-train-003938,0,0.01514251592923521
da-train-003939,0,1.7772975425015988e-22
da-train-003940,0,3.161007558365622e-09
da-train-003941,0,2.6831709466652267e-05
da-train-003942,0,5.3456873781230135e-05
da-train-003943,0,1.2141345138541144e-13
da-train-003944,0,4.1917417537377976e-10
da-train-003945,0,1.2716520544129078e-10
da-train-003946,0,2.7743606682593557e-10
da-train-003947,0,5.439495306492648e-07
da-train-003948,0,4.486779759202379e-21
da-train-003949,0,8.370902841729278e-13
da-train-003950,0,9.817900001898595e-15
da-train-003951,0,1.3219906577016789e-20
da-train-003952,0,0.0004479760725618995
da-train-003953,0,0.00010471488033168075
da-train-003954,0,2.737039698051931e-22
da-train-003955,0,5.215009836522777e-06
da-train-003956,0,2.6829416564780265e-06
da-train-003957,1,0.9833366807168727
da-train-003958,1,0.9979526001635518
da-train-003959,0,7.4424219270663805e-25
da-train-003960,0,5.635256722752961e-17
da-train-003961,0,3.180807147351159e-13
da-train-003962,1,0.9961950432422112
da-train-003963,0,5.791066960591943e-06
da-train-003964,0,5.578026202279822e-07
da-train-003965,0,2.765369125704754e-09
da-train-003966,0,5.304140968163426e-07
da-train-003967,0,8.098771195839747e-06
da-train-003968,0,6.891576278077622e-13
da-train-003969,1,0.9975921456344907
da-train-003970,1,0.9994409981146207
da-train-003971,0,6.306461718118473e-17
da-train-003972,0,3.703880395019409e-17
da-train-003973,0,1.10879705682393e-06
da-train-003974,0,0.0007166611782531924
da-train-003975,1,0.9826216256376575
da-train-003976,0,2.5320401671819225e-14
da-train-003977,0,2.4827392533871083e-14
da-train-003978,0,3.474883413421879e-26
da-train-003979,0,6.788355644554975e-19
da-train-003980,0,6.1080032189586275e-09
da-train-003981,0,5.087235333830982e-06
da-train-003982,0,5.5012307828312816e-08
da-train-003983,0,1.9012148014094677e-07
da-train-003984,0,7.147077571581797e-13
da-train-003985,0,1.679275414094611e-12
da-train-003986,0,8.428747078401975e-13
da-train-003987,0,2.1522429655504078e-08
da-train-003988,1,0.993785588838901
da-train-003989,0,7.808757303646271e-18
da-train-003990,0,3.943372796435827e-21
da-train-003991,0,0.00021087738110996392
da-train-003992,0,1.3549823710192035e-07
da-train-003993,0,3.5067302715198416e-13
da-train-003994,0,9.499442369447344e-10
da-train-003995,0,2.276643558408441e-07
da-train-003996,0,1.246986947666304e-07
da-train-003997,0,9.429766632413582e-13
da-train-003998,0,1.4489863950231928e-09
da-train-003999,0,1.6165648736466077e-23
da-train-004000,0,3.949175343373818e-15
da-train-004001,0,0.0021768118607572474
da-train-004002,1,0.9661416506032365
da-train-004003,1,0.9862295298309163
da-train-004004,1,0.9930208516873126
da-train-004005,0,0.0009802641593613058
da-train-004006,0,5.435724813833584e-13
da-train-004007,0,1.4771511981918322e-12
da-train-004008,0,0.6204612158319255
da-train-004009,1,0.9864007857158317
da-train-004010,1,0.9830452307054428
da-train-004011,0,3.2394427748335575e-17
da-train-004012,0,1.1524746442257846e-33
da-train-004013,0,5.93151233826903e-08
da-train-004014,0,2.829698717606516e-09
da-train-004015,0,9.633395028927367e-15
da-train-004016,0,4.115776757182421e-08
da-train-004017,0,3.2401086920363342e-24
da-train-004018,0,2.8045946170710875e-13
da-train-004019,1,0.979641638066794
da-train-004020,0,0.00012175075471962235
da-train-004021,0,4.135721774652928e-29
da-train-004022,0,1.625870921965611e-13
da-train-004023,0,2.5307545943893346e-08
da-train-004024,0,1.728963910212768e-07
da-train-004025,0,0.007062281132502134
da-train-004026,0,0.0003062927525285836
da-train-004027,0,4.933398294518962e-17
da-train-004028,1,0.9835283617233092
da-train-004029,0,0.000557367396416839
da-train-004030,0,4.65622828292376e-19
da-train-004031,0,1.4582584410184363e-07
da-train-004032,0,1.8425909409156917e-15
da-train-004033,0,7.027456335360422e-08
da-train-004034,0,1.960831677801285e-15
da-train-004035,0,6.456627490267108e-06
da-train-004036,0,1.1137405976161648e-08
da-train-004037,0,4.1255594312132164e-27
da-train-004038,1,0.994701800907376
da-train-004039,0,4.280049306720189e-15
da-train-004040,1,0.9823366119394216
da-train-004041,0,2.448165552598072e-12
da-train-004042,0,3.506572515583049e-17
da-train-004043,0,3.485146937039415e-21
da-train-004044,0,4.887648957050973e-07
da-train-004045,0,2.364133115293702e-12
da-train-004046,0,4.194993957962446e-07
da-train-004047,0,5.1905216161915025e-06
da-train-004048,0,1.4390808285033025e-16
da-train-004049,0,1.1695469024872472e-18
da-train-004050,1,0.962750238567791
da-train-004051,1,0.9919882144160299
da-train-004052,0,1.829609891420215e-07
da-train-004053,1,0.9886300935171667
da-train-004054,0,2.8505687683089994e-21
da-train-004055,0,1.286215218645892e-08
da-train-004056,0,1.8422057230205023e-09
da-train-004057,1,0.9653858190713199
da-train-004058,0,4.3977019696568076e-05
da-train-004059,0,9.849754516578977e-13
da-train-004060,0,0.024994015989487944
da-train-004061,0,1.386257138925985e-07
da-train-004062,0,2.0817865436717763e-11
da-train-004063,0,1.696499669416589e-19
da-train-004064,0,1.249708873622701e-16
da-train-004065,0,6.083797621319779e-13
da-train-004066,1,0.970627203218875
da-train-004067,1,0.9980738630054956
da-train-004068,0,4.360479475930448e-28
da-train-004069,0,4.5768748400170825e-14
da-train-004070,0,2.01427102969682e-29
da-train-004071,0,2.615555906049708e-13
da-train-004072,0,8.353514314556896e-05
da-train-004073,1,0.9972580036693334
da-train-004074,1,0.9817884229167024
da-train-004075,0,4.238437724523761e-22
da-train-004076,0,1.9380180144301148e-13
da-train-004077,0,0.1113504805806797
da-train-004078,0,2.8774324239368637e-12
da-train-004079,0,1.6699065945932593e-10
da-train-004080,1,0.9533431124168653
da-train-004081,1,0.9800941032272941
da-train-004082,0,1.5561189770827257e-10
da-train-004083,0,1.58785899089448e-05
da-train-004084,0,0.00032935312137381476
da-train-004085,0,5.843295003294724e-18
da-train-004086,0,1.6891987108639286e-22
da-train-004087,1,0.9679103796216936
da-train-004088,0,4.950438104002328e-07
da-train-004089,0,8.129744838529382e-05
da-train-004090,0,1.055348598514672e-26
da-train-004091,0,1.6785879583007497e-08
da-train-004092,0,8.656945264315562e-33
da-train-004093,0,0.0005852903470174314
da-train-004094,0,8.510563202043993e-08
da-train-004095,1,0.808106636854883
da-train-004096,0,4.049023719922917e-20
da-train-004097,0,7.352909358928528e-16
da-train-004098,0,1.169975817278921e-15
da-train-004099,0,3.5641615130179886e-22
da-train-004100,0,6.584636993026867e-23
da-train-004101,0,9.181090518420767e-09
da-train-004102,0,2.9159085729273514e-21
da-train-004103,0,8.147824204814036e-20
da-train-004104,0,1.1970337395902119e-09
da-train-004105,0,5.161730384720875e-10
da-train-004106,0,1.3626629450395733e-07
da-train-004107,0,6.3511227822294565e-12
da-train-004108,1,0.9838195839513743
da-train-004109,0,2.3220118901838226e-05
da-train-004110,1,0.9964813202280474
da-train-004111,0,7.463112379296741e-26
da-train-004112,1,0.9581078859350475
da-train-004113,0,3.101177790005627e-11
da-train-004114,0,0.7161058377669086
da-train-004115,0,1.716870314942175e-16
da-train-004116,0,1.7250715099227557e-05
da-train-004117,1,0.9975397854790843
da-train-004118,0,2.4536304485834229e-29
da-train-004119,0,9.717812485095545e-10
da-train-004120,0,2.8747775358152905e-14
da-train-004121,0,8.713928708274265e-23
da-train-004122,1,0.9946630876808139
da-train-004123,0,3.613263551392554e-15
da-train-004124,0,6.703577213064905e-22
da-train-004125,0,1.326868712334579e-19
da-train-004126,0,6.758956060055697e-12
da-train-004127,1,0.9735295884497804
da-train-004128,0,1.0441231232559807e-18
da-train-004129,0,9.255203856479737e-08
da-train-004130,0,8.40312199223244e-09
da-train-004131,0,4.010591515156271e-13
da-train-004132,0,5.233728568085131e-08
da-train-004133,0,0.00026459544912059115
da-train-004134,0,0.0002989961655929841
da-train-004135,0,9.3390463940404e-06
da-train-004136,0,6.075884636378633e-19
da-train-004137,0,8.943708508534501e-06
da-train-004138,0,8.505693843243075e-08
da-train-004139,0,8.58103169219713e-11
da-train-004140,0,7.328510425427565e-29
da-train-004141,0,3.0859455039551863e-09
da-train-004142,0,2.182691681596952e-10
da-train-004143,0,1.2428005389236126e-10
da-train-004144,1,0.9945524087745793
da-train-004145,0,5.569881391180338e-19
da-train-004146,0,2.519422699562389e-27
da-train-004147,0,5.773064595651385e-05
da-train-004148,0,1.4267380583714891e-13
da-train-004149,0,1.5647877159431102e-06
da-train-004150,0,2.1655422449480085e-08
da-train-004151,0,1.2154969193237078e-21
da-train-004152,0,2.9055413864031537e-09
da-train-004153,0,6.408244721974538e-07
da-train-004154,0,2.9001347760809914e-07
da-train-004155,1,0.9930933562022908
da-train-004156,0,9.131705725120973e-19
da-train-004157,0,2.6751216150264264e-33
da-train-004158,0,1.4001267325813389e-22
da-train-004159,0,0.08667774713338379
da-train-004160,0,3.526683653665469e-16
da-train-004161,0,8.586309045479353e-30
da-train-004162,1,0.9939716615359665
da-train-004163,0,2.3029150531220115e-12
da-train-004164,0,4.81986023644692e-13
da-train-004165,0,3.981382066669068e-05
da-train-004166,0,2.516429527702155e-15
da-train-004167,0,1.8124954767155645e-07
da-train-004168,0,3.8038628543994736e-24
da-train-004169,0,4.579385348940874e-05
da-train-004170,0,3.1837219327842014e-08
da-train-004171,0,5.26019975433183e-18
da-train-004172,1,0.985657695303447
da-train-004173,0,4.3289390881748854e-08
da-train-004174,0,8.063030951470016e-11
da-train-004175,0,4.046178401575661e-05
da-train-004176,0,6.790222907951449e-11
da-train-004177,0,0.00021344297964379834
da-train-004178,0,4.335149297785975e-14
da-train-004179,0,2.875869439033372e-24
da-train-004180,0,9.589441663674176e-16
da-train-004181,1,0.9824272191936121
da-train-004182,0,8.237200582007534e-06
da-train-004183,0,1.559573508939424e-05
da-train-004184,0,1.4529654892686413e-21
da-train-004185,1,0.9952977678653422
da-train-004186,0,1.5248453738864197e-20
da-train-004187,1,0.9963754733242188
da-train-004188,0,7.254744350232171e-11
da-train-004189,0,4.4809946377759335e-08
da-train-004190,0,6.749415637418234e-08
da-train-004191,0,9.46065813108098e-10
da-train-004192,0,1.5452732263197068e-19
da-train-004193,0,2.153658193708963e-17
da-train-004194,0,1.2700635195342819e-05
da-train-004195,0,3.372392204608966e-08
da-train-004196,0,6.391497097125835e-07
da-train-004197,0,2.1407422016378606e-08
da-train-004198,0,3.3754245789164297e-10
da-train-004199,0,1.1369462549286142e-07
da-train-004200,0,4.545396190083238e-08
da-train-004201,1,0.9612702744911422
da-train-004202,0,3.3629034126850803e-16
da-train-004203,0,5.8456909704973455e-27
da-train-004204,0,8.197069179457087e-12
da-train-004205,0,1.233996600296548e-11
da-train-004206,0,7.062524225361416e-21
da-train-004207,1,0.9814999395446176
da-train-004208,0,9.639015644553982e-17
da-train-004209,0,1.6958699699333582e-10
da-train-004210,0,0.003899743757765474
da-train-004211,1,0.9969764112599141
da-train-004212,0,8.251040446194704e-15
da-train-004213,0,1.894340701407198e-20
da-train-004214,0,2.048762783425026e-16
da-train-004215,1,0.9978408903546662
da-train-004216,0,9.516674704136085e-18
da-train-004217,0,0.00021789736962514602
da-train-004218,0,1.4488309293883918e-06
da-train-004219,1,0.982529822395902
da-train-004220,1,0.9541911634072386
da-train-004221,0,8.879532121736196e-12
da-train-004222,0,5.5765434397533244e-06
da-train-004223,0,7.599406850097363e-21
da-train-004224,0,7.731759010920573e-16
da-train-004225,0,5.9447355532621775e-09
da-train-004226,0,7.747699546043799e-09
da-train-004227,1,0.9954558716434976
da-train-004228,1,0.9895140648614458
da-train-004229,0,9.584326818985689e-05
da-train-004230,0,1.3456212956847071e-11
da-train-004231,0,1.0021490107514876e-21
da-train-004232,0,2.7954187357496453e-07
da-train-004233,1,0.9983626050035791
da-train-004234,1,0.9806619301362751
da-train-004235,0,1.586836707442245e-12
da-train-004236,1,0.9966704096486093
da-train-004237,0,0.0005472612116287778
da-train-004238,1,0.9898673384616344
da-train-004239,0,7.182668865317674e-12
da-train-004240,1,0.8718158258122969
da-train-004241,0,1.2126757360765526e-19
da-train-004242,0,6.766341157885017e-18
da-train-004243,0,2.4552802537444215e-26
da-train-004244,0,4.4408714029856715e-12
da-train-004245,0,7.582414862284399e-15
da-train-004246,0,2.810786387502313e-09
da-train-004247,1,0.8846225039920794
da-train-004248,0,1.2331974629751232e-21
da-train-004249,0,4.339473723171107e-14
da-train-004250,1,0.9595159657342588
da-train-004251,0,8.292661320700842e-26
da-train-004252,0,0.00555209802035518
da-train-004253,0,2.3426574560673313e-10
da-train-004254,0,0.003560651827139384
da-train-004255,0,2.521697725692681e-08
da-train-004256,0,1.7358497189208682e-33
da-train-004257,0,1.142235917077753e-05
da-train-004258,1,0.9815132299040638
da-train-004259,0,0.00043708296884664336
da-train-004260,0,6.862355415109935e-15
da-train-004261,1,0.9867638597776537
da-train-004262,0,2.6081172818443956e-25
da-train-004263,0,1.9819900993927255e-09
da-train-004264,1,0.9892229837207974
da-train-004265,1,0.9994434014844898
da-train-004266,0,4.848360827007734e-16
da-train-004267,0,1.115883911883463e-18
da-train-004268,1,0.7128964442816983
da-train-004269,0,6.063797297599302e-17
da-train-004270,0,6.895901658891819e-08
da-train-004271,0,1.246823404734584e-13
da-train-004272,0,1.7835206956676992e-12
da-train-004273,0,2.8089595908399074e-09
da-train-004274,0,5.159592582624638e-28
da-train-004275,0,1.846655265740476e-08
da-train-004276,0,9.082440836478507e-18
da-train-004277,0,3.1821823037324336e-07
da-train-004278,0,2.5918147669149226e-10
da-train-004279,0,2.1642204745831117e-08
da-train-004280,0,5.112033438911285e-13
da-train-004281,1,0.9973624612314861
da-train-004282,0,6.795729408444118e-20
da-train-004283,1,0.996982026629842
da-train-004284,0,1.2422790567241865e-10
da-train-004285,0,7.731623406032961e-11
da-train-004286,0,0.0001783377306336727
da-train-004287,0,1.5408653140109546e-13
da-train-004288,0,4.693794822894337e-07
da-train-004289,0,1.069337889792428e-05
da-train-004290,1,0.9837361121134137
da-train-004291,0,1.1685276917932026e-17
da-train-004292,1,0.9971165014323725
da-train-004293,0,4.390318173145873e-27
da-train-004294,0,2.356837989271562e-11
da-train-004295,0,1.0227192986164333e-18
da-train-004296,1,0.9963604159309112
da-train-004297,0,6.766840547664446e-11
da-train-004298,0,1.0894391785527126e-06
da-train-004299,0,1.459044286311263e-14
da-train-004300,0,1.3459150181848735e-11
da-train-004301,0,0.00015634166791347954
da-train-004302,1,0.9851925509514761
da-train-004303,0,2.0461302779507308e-16
da-train-004304,0,1.2371273295015523e-10
da-train-004305,0,5.974164957760769e-06
da-train-004306,0,9.279430762276795e-21
da-train-004307,0,3.3446854647769677e-15
da-train-004308,0,2.8377996510540275e-11
da-train-004309,0,1.9622779140052457e-07
da-train-004310,0,5.801383001298938e-19
da-train-004311,0,3.1915404962189587e-10
da-train-004312,0,3.245963213608786e-30
da-train-004313,0,1.1682281737092753e-24
da-train-004314,1,0.977171351230376
da-train-004315,0,6.158969509578098e-24
da-train-004316,0,4.614037885964939e-10
da-train-004317,0,0.00045948621717735867
da-train-004318,0,9.956617804698974e-07
da-train-004319,0,1.6259276300014162e-13
da-train-004320,0,2.183999628126166e-07
da-train-004321,0,2.0073132645163278e-25
da-train-004322,0,6.1423432845245285e-09
da-train-004323,0,1.3032010204542913e-09
da-train-004324,0,4.751587190862958e-18
da-train-004325,0,5.267582776181726e-07
da-train-004326,0,1.365953285279801e-09
da-train-004327,0,1.0650708501921954e-19
da-train-004328,0,2.367725846998544e-05
da-train-004329,0,2.0281641997294668e-11
da-train-004330,0,2.35602878179173e-11
da-train-004331,0,1.080626748131309e-31
da-train-004332,0,1.1010670183948816e-06
da-train-004333,1,0.9817879435145932
da-train-004334,0,3.9373882133200644e-20
da-train-004335,1,0.9928203640457337
da-train-004336,0,1.99808560577425e-11
da-train-004337,0,4.682498187954847e-09
da-train-004338,0,1.3318968776260168e-07
da-train-004339,0,9.696907876874864e-07
da-train-004340,1,0.9948091966113992
da-train-004341,0,2.5242884955743697e-18
da-train-004342,0,8.460466664054945e-05
da-train-004343,0,8.491768847889501e-23
da-train-004344,0,5.617110228695194e-12
da-train-004345,1,0.6888515185070787
da-train-004346,0,0.0005037804290330003
da-train-004347,1,0.9971795386989307
da-train-004348,0,9.540560468016144e-08
da-train-004349,0,7.367544518020786e-06
da-train-004350,0,4.663140474119139e-08
da-train-004351,1,0.995685481004601
da-train-004352,0,1.3888446933585602e-07
da-train-004353,1,0.9842979240743995
da-train-004354,0,2.0639633883369538e-06
da-train-004355,0,2.518509521654292e-22
da-train-004356,0,5.3443441002145425e-12
da-train-004357,0,5.652979545394941e-17
da-train-004358,0,5.947825299363347e-17
da-train-004359,0,1.433445375353583e-07
da-train-004360,0,2.2952121610292125e-05
da-train-004361,0,0.0006344434808841043
da-train-004362,0,8.397247885330336e-21
da-train-004363,0,1.6267420537065087e-24
da-train-004364,0,0.0005002112519138145
da-train-004365,1,0.9948924461602395
da-train-004366,0,8.694463386714476e-13
da-train-004367,1,0.9960755667929279
da-train-004368,0,2.2961912863542237e-24
da-train-004369,0,9.472891360908808e-18
da-train-004370,0,5.130788064016129e-21
da-train-004371,0,6.757330414464272e-16
da-train-004372,0,5.9241986078911e-30
da-train-004373,0,4.807590903287478e-33
da-train-004374,0,2.3300426581790034e-05
da-train-004375,0,5.287119471203912e-10
da-train-004376,0,2.388858183750974e-29
da-train-004377,1,0.992192968596275
da-train-004378,0,2.0653149544604954e-23
da-train-004379,0,4.8398920524890024e-17
da-train-004380,0,1.059689062261653e-11
da-train-004381,0,1.110144611811959e-06
da-train-004382,0,0.00030309646554394697
da-train-004383,0,3.065682853492537e-10
da-train-004384,0,5.521715354636997e-13
da-train-004385,1,0.9948523090286435
da-train-004386,0,3.699448549392725e-11
da-train-004387,0,0.0003715802534421463
da-train-004388,0,1.2842708958200204e-08
da-train-004389,0,4.190584383138688e-23
da-train-004390,1,0.9926130277014433
da-train-004391,1,0.981127546940059
da-train-004392,0,5.675250566924315e-11
da-train-004393,0,3.5570395575818707e-07
da-train-004394,1,0.9964216558888349
da-train-004395,0,8.633168283100556e-14
da-train-004396,0,1.2280038270870359e-13
da-train-004397,0,2.1231022727979888e-32
da-train-004398,0,6.980691650774004e-16
da-train-004399,0,3.870613595917702e-19
da-train-004400,0,1.558877727815055e-29
da-train-004401,1,0.9985700972150081
da-train-004402,0,9.818431737224903e-16
da-train-004403,1,0.9913112734456933
da-train-004404,0,8.699272672010976e-09
da-train-004405,0,0.0010989962636088855
da-train-004406,0,1.7251504794161256e-11
da-train-004407,1,0.9441613919678145
da-train-004408,0,0.01935814070018908
da-train-004409,0,1.0096711260694717e-06
da-train-004410,1,0.9913826000992793
da-train-004411,1,0.9863578633661717
da-train-004412,0,3.6720236753878276e-09
da-train-004413,1,0.9799572217716309
da-train-004414,0,4.007833611818437e-12
da-train-004415,0,5.62297212973769e-13
da-train-004416,1,0.994725918920687
da-train-004417,0,1.6413502726204783e-28
da-train-004418,0,1.4036397762623533e-08
da-train-004419,0,0.0005673353026679778
da-train-004420,1,0.9971858906594679
da-train-004421,0,6.150075513994409e-11
da-train-004422,0,0.0018030875729336323
da-train-004423,1,0.9836072781781301
da-train-004424,0,3.3642379228098433e-14
da-train-004425,0,1.7166181574253687e-11
da-train-004426,0,5.789395795276505e-17
da-train-004427,0,1.6122718731201537e-12
da-train-004428,0,2.181491424609368e-18
da-train-004429,0,4.1034758477878453e-07
da-train-004430,1,0.9884411966357053
da-train-004431,0,1.4294099806731708e-06
da-train-004432,0,4.092568947896151e-10
da-train-004433,0,1.473123698245652e-06
da-train-004434,0,0.11814854442896576
da-train-004435,0,1.4469913356344396e-11
da-train-004436,0,3.198991101342314e-08
da-train-004437,1,0.9996069467219222
da-train-004438,1,0.994212336086081
da-train-004439,0,2.1261555308057598e-11
da-train-004440,1,0.9923304089251813
da-train-004441,0,4.9491829305546136e-18
da-train-004442,0,4.101390943628868e-07
da-train-004443,0,7.926145213227198e-26
da-train-004444,0,2.4909326594272085e-16
da-train-004445,1,0.8888133434428899
da-train-004446,0,5.942552402248518e-20
da-train-004447,0,0.00011413500853054907
da-train-004448,0,4.121050104056882e-12
da-train-004449,1,0.9944012866464855
da-train-004450,0,1.724093885907445e-13
da-train-004451,0,1.8286194202238692e-16
da-train-004452,0,0.00040183145964068457
da-train-004453,1,0.9441046089547277
da-train-004454,0,5.022394591948548e-10
da-train-004455,0,6.936885857377673e-06
da-train-004456,1,0.9960196426563547
da-train-004457,0,5.503218130213136e-10
da-train-004458,0,6.111964001617163e-14
da-train-004459,0,2.410533938449889e-26
da-train-004460,0,1.440449574408462e-17
da-train-004461,0,1.258539050343454e-24
da-train-004462,0,1.081111313545766e-12
da-train-004463,0,1.0224731394875353e-06
da-train-004464,0,0.0008894938851751453
da-train-004465,0,2.5234315689025315e-09
da-train-004466,0,8.671109630660847e-13
da-train-004467,0,4.4974789095102605e-17
da-train-004468,0,1.9400202238867998e-13
da-train-004469,0,1.8832989171126839e-13
da-train-004470,0,2.2333919187545167e-18
da-train-004471,0,3.743214312310187e-15
da-train-004472,0,2.813804377302454e-07
da-train-004473,0,0.00042130057504087033
da-train-004474,0,1.9175533120289826e-16
da-train-004475,0,6.113536328211456e-07
da-train-004476,0,1.1226136553746951e-11
da-train-004477,0,8.407031671538806e-06
da-train-004478,0,1.1239063813003988e-20
da-train-004479,0,4.268163259575021e-21
da-train-004480,0,2.1729084283305024e-05
da-train-004481,0,2.7476980445003324e-10
da-train-004482,0,6.762249476377731e-06
da-train-004483,0,2.79527969878006e-20
da-train-004484,1,0.9977418062703776
da-train-004485,1,0.9935219785054068
da-train-004486,0,1.722539997858229e-21
da-train-004487,1,0.997253210742895
da-train-004488,0,4.0049091265352213e-19
da-train-004489,0,3.499655715067562e-13
da-train-004490,0,1.3597981758880088e-05
da-train-004491,1,0.9963619904565096
da-train-004492,0,0.0004729591723607463
da-train-004493,0,9.462368570914948e-08
da-train-004494,0,1.0805286111247466e-18
da-train-004495,0,4.92060550627508e-11
da-train-004496,0,1.3463827494259253e-05
da-train-004497,0,2.233947473922639e-11
da-train-004498,0,1.6464505100564483e-05
da-train-004499,0,5.90064594216023e-25
da-train-004500,1,0.9832236826815887
da-train-004501,0,7.81692431417111e-05
da-train-004502,0,4.7953591228743234e-18
da-train-004503,0,7.592671380412035e-06
da-train-004504,0,1.966621435826128e-21
da-train-004505,0,1.7195996808208877e-16
da-train-004506,0,5.4388549238008e-21
da-train-004507,1,0.9785174001130691
da-train-004508,0,7.644895122321326e-09
da-train-004509,0,0.0014277243446753432
da-train-004510,0,3.2106766991870487e-10
da-train-004511,0,5.699347188916894e-21
da-train-004512,0,2.3367486608373275e-15
da-train-004513,1,0.9972964932329557
da-train-004514,0,0.0030808222953512313
da-train-004515,0,3.865638933575245e-16
da-train-004516,0,7.007862022120343e-14
da-train-004517,0,5.320657284330525e-09
da-train-004518,0,0.0014336587490910025
da-train-004519,0,8.154223798365759e-09
da-train-004520,0,1.1898239657248396e-21
da-train-004521,0,9.419880745385685e-29
da-train-004522,1,0.9562203525228928
da-train-004523,0,2.1792932821437445e-07
da-train-004524,0,0.0007339918993974652
da-train-004525,0,5.833076616686311e-07
da-train-004526,0,4.845244655435318e-07
da-train-004527,0,3.0680683707765605e-14
da-train-004528,0,1.9671625662169347e-18
da-train-004529,0,1.6084588121330607e-25
da-train-004530,1,0.999400432338626
da-train-004531,0,4.864254820482471e-05
da-train-004532,0,2.961441467213118e-14
da-train-004533,0,3.9004575186541243e-10
da-train-004534,0,3.0050606836776986e-14
da-train-004535,0,4.622632894942004e-27
da-train-004536,0,2.8805576909154152e-05
da-train-004537,0,1.0706769665098432e-06
da-train-004538,0,1.2202529159799814e-12
da-train-004539,0,5.537726016410566e-16
da-train-004540,0,7.90161435442948e-25
da-train-004541,0,0.0014974705099605357
da-train-004542,0,1.6003896221098272e-11
da-train-004543,0,1.3316214959330926e-08
da-train-004544,0,1.2471370719554163e-16
da-train-004545,0,1.9420486967610587e-10
da-train-004546,0,6.630396566163112e-09
da-train-004547,0,1.465558811904034e-13
da-train-004548,1,0.9929721882810841
da-train-004549,0,1.9822412743513183e-09
da-train-004550,0,1.796572385978671e-07
da-train-004551,0,1.399802307813046e-10
da-train-004552,0,0.0003743821726313627
da-train-004553,1,0.9832070173382116
da-train-004554,0,2.894452468672023e-10
da-train-004555,0,8.694251531294574e-14
da-train-004556,0,3.659024379299049e-08
da-train-004557,0,7.24896107616127e-16
da-train-004558,0,2.2638956288965142e-05
da-train-004559,0,1.2634675048334784e-30
da-train-004560,1,0.8939393687774929
da-train-004561,0,0.0007120823879133122
da-train-004562,0,0.00024535752211694953
da-train-004563,0,2.3926800390692666e-13
da-train-004564,0,1.3054310896597951e-19
da-train-004565,0,1.4026699959281589e-05
da-train-004566,0,3.6796797700380915e-10
da-train-004567,0,9.488294347871412e-13
da-train-004568,0,1.0463961746922146e-09
da-train-004569,0,1.7349249639529243e-09
da-train-004570,0,1.0886159252610337e-11
da-train-004571,0,0.00026843160252730335
da-train-004572,0,2.198160926849157e-26
da-train-004573,0,3.8959364746108054e-10
da-train-004574,0,8.94473483815452e-09
da-train-004575,0,2.829813144902615e-17
da-train-004576,0,4.451759447048386e-14
da-train-004577,0,2.6868029794126656e-10
da-train-004578,0,3.634865530253415e-06
da-train-004579,1,0.97794274085139
da-train-004580,0,9.900965178733905e-29
da-train-004581,0,8.446931003790483e-14
da-train-004582,0,1.713224329526911e-27
da-train-004583,0,1.6467013522900467e-11
da-train-004584,0,1.0629199157514174e-16
da-train-004585,0,4.819135888150879e-16
da-train-004586,1,0.9927940237507888
da-train-004587,0,9.77905690530439e-07
da-train-004588,0,3.9093384385039817e-19
da-train-004589,0,1.4349854614819004e-24
da-train-004590,0,2.633013999127431e-15
da-train-004591,0,2.403627496668147e-08
da-train-004592,1,0.983553228790233
da-train-004593,0,9.160653428073847e-11
da-train-004594,1,0.9542607165836813
da-train-004595,0,2.4066230790869597e-06
da-train-004596,0,4.638804722596696e-34
da-train-004597,1,0.9557435399089731
da-train-004598,0,1.0086023112972341e-22
da-train-004599,0,5.6523773797354e-11
da-train-004600,0,1.0635583148496994e-16
da-train-004601,0,9.19278583821736e-08
da-train-004602,0,1.582862083570426e-12
da-train-004603,0,1.3306727440956947e-16
da-train-004604,0,1.3762055208645284e-07
da-train-004605,0,2.9494110837238594e-17
da-train-004606,0,2.10172026170434e-31
da-train-004607,0,3.065819871468798e-14
da-train-004608,0,2.0632884829509797e-06
da-train-004609,0,1.1048801745453607e-09
da-train-004610,0,5.123324524383467e-21
da-train-004611,0,4.865701427298762e-09
da-train-004612,1,0.9826826547856133
da-train-004613,1,0.9988866646069506
da-train-004614,0,2.3107988576417363e-05
da-train-004615,0,1.0020595890144904e-17
da-train-004616,0,1.137434513342086e-26
da-train-004617,0,3.195277388857879e-09
da-train-004618,0,2.0244257911257333e-10
da-train-004619,0,3.61260407806162e-11
da-train-004620,0,3.671761143484264e-17
da-train-004621,0,0.00018865086678813948
da-train-004622,0,1.7368136843071652e-17
da-train-004623,0,6.748237957844518e-14
da-train-004624,1,0.8637345283094412
da-train-004625,1,0.9943012757099869
da-train-004626,1,0.9976600413500991
da-train-004627,0,2.945721666127128e-20
da-train-004628,0,0.00012606726679930744
da-train-004629,0,4.6757207286299813e-29
da-train-004630,0,7.510234698442846e-25
da-train-004631,0,4.55111242907112e-12
da-train-004632,0,4.099331095277312e-11
da-train-004633,0,3.4125972613500227e-06
da-train-004634,1,0.9679401422119654
da-train-004635,1,0.9878531992803214
da-train-004636,0,1.0738644750950923e-08
da-train-004637,0,9.918786596665613e-07
da-train-004638,0,6.725487584487752e-27
da-train-004639,0,1.2694354992074131e-15
da-train-004640,1,0.9922222107909211
da-train-004641,0,4.9062347460112174e-14
da-train-004642,0,3.0820882418002406e-08
da-train-004643,0,4.3599893868065244e-09
da-train-004644,1,0.9830783966448378
da-train-004645,0,1.2347082066317738e-15
da-train-004646,1,0.9974001428732616
da-train-004647,1,0.9648613266306739
da-train-004648,0,1.9654687548225107e-29
da-train-004649,1,0.9977283095588335
da-train-004650,0,5.675747551050802e-06
da-train-004651,1,0.9729509034745578
da-train-004652,0,4.959574254153193e-15
da-train-004653,0,2.6841149800379e-23
da-train-004654,1,0.9922518781543731
da-train-004655,0,5.4846261741447426e-24
da-train-004656,0,9.304616994780893e-26
da-train-004657,0,3.618093012305696e-18
da-train-004658,0,3.581144146884123e-05
da-train-004659,0,2.319510628389596e-09
da-train-004660,1,0.9971117834352548
da-train-004661,0,6.465652378956722e-13
da-train-004662,0,9.270527529906747e-13
da-train-004663,0,1.1116659987792335e-08
da-train-004664,0,4.5261635734673e-14
da-train-004665,0,2.6228182629501093e-16
da-train-004666,1,0.9815279318919052
da-train-004667,1,0.9678451569059693
da-train-004668,0,4.509268245594647e-22
da-train-004669,0,2.289873711444578e-09
da-train-004670,0,2.1915443631320355e-16
da-train-004671,0,4.200782137542363e-23
da-train-004672,0,8.52202379092272e-32
da-train-004673,0,0.0028088765031149356
da-train-004674,0,2.2393654340334694e-26
da-train-004675,0,1.9005401098173585e-07
da-train-004676,1,0.9370516803928844
da-train-004677,1,0.9978177881808512
da-train-004678,0,9.267960354309691e-12
da-train-004679,0,6.003083108053304e-16
da-train-004680,0,4.124954885721703e-12
da-train-004681,0,3.4314774356319095e-06
da-train-004682,0,2.419438720174275e-06
da-train-004683,1,0.9844063979225846
da-train-004684,0,2.466090492796993e-05
da-train-004685,0,7.950178779834889e-13
da-train-004686,0,5.280423393374392e-07
da-train-004687,0,3.7368866708307786e-14
da-train-004688,0,6.413259554080081e-21
da-train-004689,1,0.9808509474834096
da-train-004690,0,0.0002459952331129537
da-train-004691,0,7.290984495231772e-05
da-train-004692,0,1.5124398854686208e-06
da-train-004693,0,1.9258658446095767e-16
da-train-004694,1,0.9973827537315568
da-train-004695,0,4.198827397254934e-05
da-train-004696,0,2.1831866864298435e-26
da-train-004697,1,0.997397171541365
da-train-004698,0,1.6022498319874674e-07
da-train-004699,0,2.885193922917615e-11
da-train-004700,0,3.370421880048345e-07
da-train-004701,0,9.303337261526014e-18
da-train-004702,0,3.3301139583932724e-11
da-train-004703,0,8.642570893116281e-15
da-train-004704,1,0.9971506339944191
da-train-004705,0,1.2849035993087758e-07
da-train-004706,0,1.4934517065806414e-05
da-train-004707,0,0.003808172285467121
da-train-004708,0,0.05695030346617028
da-train-004709,0,0.0038923564606617965
da-train-004710,0,1.0270873434771469e-20
da-train-004711,0,4.635225481555524e-25
da-train-004712,1,0.9973287384966668
da-train-004713,0,4.429091044841288e-06
da-train-004714,0,1.2548148549840182e-12
da-train-004715,0,2.171325310154444e-07
da-train-004716,0,5.463172563748646e-28
da-train-004717,0,7.307452151767986e-11
da-train-004718,0,1.5567415928822222e-06
da-train-004719,0,4.0901822636860714e-10
da-train-004720,0,2.814544171625236e-08
da-train-004721,0,1.3041381915061816e-23
da-train-004722,0,9.908448142387197e-10
da-train-004723,0,2.277572786631154e-07
da-train-004724,0,3.7467783640700875e-10
da-train-004725,0,0.0009000488622514847
da-train-004726,0,2.0693717592566433e-17
da-train-004727,1,0.9602375248795306
da-train-004728,0,1.2535905043142318e-19
da-train-004729,0,1.0975895548666085e-22
da-train-004730,0,5.948711990401295e-24
da-train-004731,0,0.0003054209719791656
da-train-004732,1,0.9842741046453929
da-train-004733,0,2.730743317117674e-27
da-train-004734,0,1.921911620754797e-15
da-train-004735,0,3.014374653542346e-23
da-train-004736,1,0.9834204568841564
da-train-004737,1,0.9856592778702683
da-train-004738,0,1.0774315813551127e-14
da-train-004739,0,3.7918121058249396e-14
da-train-004740,0,1.3641679849079352e-06
da-train-004741,0,3.6132740235159345e-09
da-train-004742,0,1.698599857787862e-09
da-train-004743,1,0.954579575055431
da-train-004744,1,0.9845166593033059
da-train-004745,0,8.921312566533645e-26
da-train-004746,0,6.381423543636598e-10
da-train-004747,0,5.9938135451075525e-12
da-train-004748,0,3.092459136766133e-15
da-train-004749,0,1.4666462250508874e-07
da-train-004750,0,5.4036939442315696e-11
da-train-004751,0,1.4186024032229773e-16
da-train-004752,0,7.988638257263561e-13
da-train-004753,0,4.4444823429985e-07
da-train-004754,0,5.63278828250118e-11
da-train-004755,0,5.708469782759359e-06
da-train-004756,0,1.29159432369699e-16
da-train-004757,0,0.00031285205130890555
da-train-004758,0,3.622752343480805e-14
da-train-004759,0,1.1320173825351742e-07
da-train-004760,0,8.197325625490383e-20
da-train-004761,0,1.5176473271558983e-25
da-train-004762,1,0.9942252472855643
da-train-004763,0,1.761644595302626e-07
da-train-004764,0,6.03835673704463e-29
da-train-004765,0,3.0817954229262567e-07
da-train-004766,0,3.844112891792474e-05
da-train-004767,0,1.9919559777969555e-09
da-train-004768,0,6.577628945108814e-06
da-train-004769,0,5.154570343484684e-33
da-train-004770,0,7.76255857549754e-07
da-train-004771,0,1.0060460752222136e-10
da-train-004772,0,3.370734477864922e-18
da-train-004773,0,6.367823084741655e-06
da-train-004774,0,6.590427196247858e-23
da-train-004775,0,2.307026439259751e-08
da-train-004776,1,0.9966513841905421
da-train-004777,0,6.130990605832627e-11
da-train-004778,1,0.9855992830961752
da-train-004779,0,9.278216289250328e-17
da-train-004780,0,0.00013334341430962842
da-train-004781,0,5.601534327760603e-08
da-train-004782,0,5.405568429426996e-19
da-train-004783,0,1.8517959045763928e-11
da-train-004784,0,3.0914132025533316e-08
da-train-004785,1,0.9827170716707796
da-train-004786,0,1.793653769119117e-08
da-train-004787,0,1.7134204104197745e-16
da-train-004788,0,1.9799604621213698e-19
da-train-004789,0,3.668700442044799e-13
da-train-004790,0,1.8811332342599957e-07
da-train-004791,0,0.004851629235139834
da-train-004792,0,0.04530455929274923
da-train-004793,0,2.122805134715254e-09
da-train-004794,1,0.9960925370223314
da-train-004795,0,1.074557700671906e-21
da-train-004796,0,7.863179531190224e-21
da-train-004797,0,5.142420150496055e-18
da-train-004798,0,2.8084203949313677e-22
da-train-004799,1,0.9837161013003155
da-train-004800,1,0.9978586737578109
da-train-004801,1,0.9972728368673445
da-train-004802,0,0.0005324262603601187
da-train-004803,0,6.669905804130598e-05
da-train-004804,0,1.1857466289385559e-09
da-train-004805,0,9.373907459177104e-05
da-train-004806,0,5.952852116856126e-16
da-train-004807,0,9.059511479775751e-13
da-train-004808,0,1.4755210768354224e-31
da-train-004809,1,0.9916686029322607
da-train-004810,0,2.8257115743804223e-28
da-train-004811,0,7.036702940446533e-16
da-train-004812,0,5.801476603644971e-07
da-train-004813,0,1.3698378667945156e-18
da-train-004814,1,0.9592039912972368
da-train-004815,0,2.570207238107371e-28
da-train-004816,0,2.8030928378870277e-11
da-train-004817,0,1.2104895558566365e-09
da-train-004818,0,3.785193418277234e-07
da-train-004819,0,5.216977634571515e-20
da-train-004820,0,3.148445891776483e-10
da-train-004821,0,1.3693794825332343e-14
da-train-004822,0,0.13718241248542803
da-train-004823,1,0.9846108125713359
da-train-004824,0,1.9718477941460974e-20
da-train-004825,0,1.8897270818940793e-10
da-train-004826,0,2.6822031341624584e-15
da-train-004827,0,2.419728320918519e-11
da-train-004828,1,0.9946024512438676
da-train-004829,0,5.523560560198694e-07
da-train-004830,0,1.6273098333642843e-07
da-train-004831,0,1.8128570651284743e-09
da-train-004832,1,0.994825730287515
da-train-004833,0,4.08460854149685e-10
da-train-004834,0,3.1752076106445086e-06
da-train-004835,0,3.092135127839497e-23
da-train-004836,0,7.261161134600608e-23
da-train-004837,0,5.258056983307695e-13
da-train-004838,0,5.93550028545711e-22
da-train-004839,0,1.8111065690440738e-06
da-train-004840,0,2.732182546321307e-11
da-train-004841,0,4.9639944652597827e-11
da-train-004842,1,0.9531746878388221
da-train-004843,0,4.2745781363825764e-07
da-train-004844,0,1.8915633061839068e-07
da-train-004845,0,1.542864380767375e-18
da-train-004846,0,7.100099509383538e-05
da-train-004847,0,3.8352469949291336e-08
da-train-004848,0,4.815734908753759e-13
da-train-004849,0,2.0745384275931087e-13
da-train-004850,0,1.7383376854707407e-12
da-train-004851,0,1.0381387184360016e-06
da-train-004852,0,2.1650372913700235e-08
da-train-004853,0,1.584644093921856e-06
da-train-004854,0,5.5568632178748934e-08
da-train-004855,0,1.4385096749344811e-08
da-train-004856,1,0.9916434935381018
da-train-004857,1,0.9837161013003155
da-train-004858,0,3.822845765020255e-21
da-train-004859,0,1.8356086762591485e-08
da-train-004860,0,2.518749477045359e-07
da-train-004861,0,2.0469734247115265e-06
da-train-004862,0,2.2590172675111688e-21
da-train-004863,0,1.4307333852253285e-09
da-train-004864,0,0.00043279389271246683
da-train-004865,0,1.5929302906430965e-07
da-train-004866,0,0.0008950863192246056
da-train-004867,1,0.9890589796856307
da-train-004868,0,2.8191263552771693e-06
da-train-004869,0,2.7846074605581037e-13
da-train-004870,0,1.0640129425950096e-06
da-train-004871,0,5.527500445044764e-08
da-train-004872,0,1.2593672165677687e-07
da-train-004873,0,3.453250764693291e-05
da-train-004874,0,1.8496696829052273e-07
da-train-004875,1,0.9946550221684306
da-train-004876,0,8.451615109406754e-14
da-train-004877,0,1.3359633839128458e-18
da-train-004878,0,4.092573488952536e-26
da-train-004879,0,6.757229999065588e-13
da-train-004880,0,1.5057267562176767e-15
da-train-004881,0,1.2610362562164308e-07
da-train-004882,0,1.7316779693864123e-09
da-train-004883,0,4.477227990621186e-16
da-train-004884,0,7.437835937536686e-08
da-train-004885,0,6.440213222176252e-18
da-train-004886,0,3.6974681261410144e-11
da-train-004887,0,2.933619381245576e-07
da-train-004888,0,5.781708970909152e-22
da-train-004889,0,4.605328951936942e-18
da-train-004890,1,0.9949250914605957
da-train-004891,0,5.19555297410346e-12
da-train-004892,0,1.0658334736283486e-08
da-train-004893,0,2.298273337862587e-11
da-train-004894,0,2.3187377422491972e-32
da-train-004895,0,3.93136308651649e-12
da-train-004896,0,2.56158869497778e-10
da-train-004897,0,2.985569126185221e-10
da-train-004898,0,3.982689238953943e-31
da-train-004899,1,0.998892852654245
da-train-004900,0,0.0004408811444553382
da-train-004901,1,0.99788575779095
da-train-004902,0,1.652185347446242e-09
da-train-004903,0,9.678083042405891e-17
da-train-004904,1,0.9842781084650039
da-train-004905,0,1.4651352768134925e-22
da-train-004906,0,2.786734356149701e-05
da-train-004907,0,4.864799404623369e-17
da-train-004908,0,5.249408780478459e-16
da-train-004909,0,6.676136663475915e-10
da-train-004910,0,4.395629254071818e-21
da-train-004911,1,0.9811154213758302
da-train-004912,0,1.333997877355358e-24
da-train-004913,0,1.9013463395805697e-11
da-train-004914,1,0.9947693138231394
da-train-004915,1,0.9752842184054858
da-train-004916,0,5.862713151174714e-08
da-train-004917,0,8.509787771142722e-11
da-train-004918,0,7.85574209985629e-20
da-train-004919,0,5.214384796048845e-07
da-train-004920,0,4.40807476254069e-06
da-train-004921,0,0.0015391442651128467
da-train-004922,0,1.8971594021886206e-16
da-train-004923,0,3.0941078674155443e-13
da-train-004924,1,0.9960607675784506
da-train-004925,0,0.028778429098877168
da-train-004926,0,0.00015701420947075823
da-train-004927,0,1.8165654336536454e-10
da-train-004928,0,1.8106547019914762e-13
da-train-004929,0,5.651590171932433e-24
da-train-004930,0,3.0964477882046963e-10
da-train-004931,0,2.6911078325452105e-10
da-train-004932,1,0.9891422469228514
da-train-004933,0,1.1628850152501822e-10
da-train-004934,0,5.707153435186966e-16
da-train-004935,0,6.6975120371406904e-21
da-train-004936,1,0.9959405517259484
da-train-004937,0,2.02531675655527e-05
da-train-004938,0,8.803997350369169e-22
da-train-004939,0,0.0018402816322967738
da-train-004940,0,1.5120527997636886e-07
da-train-004941,0,1.0970852681729842e-07
da-train-004942,0,2.696877584668022e-06
da-train-004943,0,3.7459933857012227e-07
da-train-004944,0,2.833143996833905e-08
da-train-004945,0,4.6767705496747623e-11
da-train-004946,1,0.033493742001453594
da-train-004947,0,2.3598228820966147e-07
da-train-004948,0,3.376283045479079e-28
da-train-004949,0,5.767703980694052e-15
da-train-004950,1,0.9825492547524061
da-train-004951,1,0.9797412623291848
da-train-004952,1,0.9970191938428932
da-train-004953,0,6.030167862442734e-16
da-train-004954,0,5.951049860928169e-20
da-train-004955,0,0.011118618157550797
da-train-004956,0,3.7039412863585695e-27
da-train-004957,0,3.510800212375363e-16
da-train-004958,0,1.3416562033727986e-23
da-train-004959,0,2.5034609712883374e-27
da-train-004960,0,2.4038475862938e-07
da-train-004961,0,3.245008048104804e-05
da-train-004962,0,5.7908621580369934e-11
da-train-004963,0,0.0023657167672715223
da-train-004964,0,8.566918412042321e-11
da-train-004965,0,5.059348876398976e-12
da-train-004966,0,8.220887156686075e-16
da-train-004967,0,6.257260030093011e-08
da-train-004968,0,4.677818152809906e-15
da-train-004969,0,3.9533086057846494e-24
da-train-004970,0,1.1239051373833097e-07
da-train-004971,0,6.658136987223269e-27
da-train-004972,0,2.4042313271276855e-07
da-train-004973,1,0.984133123614774
da-train-004974,1,0.9983682357973217
da-train-004975,0,1.9275712154858315e-28
da-train-004976,0,2.907868071114923e-10
da-train-004977,0,4.694992201957209e-26
da-train-004978,1,0.9939355230921101
da-train-004979,0,9.107049882062428e-07
da-train-004980,0,2.6811008428601923e-07
da-train-004981,0,2.1159828859830106e-07
da-train-004982,0,4.145874433112821e-09
da-train-004983,0,7.9915167483242e-09
da-train-004984,0,3.9032508934775105e-13
da-train-004985,0,0.0029233400377027662
da-train-004986,0,1.2338208023978805e-18
da-train-004987,1,0.9854902861324591
da-train-004988,0,7.865498504665504e-20
da-train-004989,1,0.9960525766373015
da-train-004990,0,2.988437260145034e-08
da-train-004991,0,3.636377944663595e-05
da-train-004992,0,1.0379196724138688e-06
da-train-004993,1,0.9829621079691256
da-train-004994,0,5.702873623127714e-07
da-train-004995,0,1.0567574758467557e-21
da-train-004996,0,2.0294450829603334e-15
da-train-004997,1,0.9778244478155188
da-train-004998,0,2.4689778271573443e-11
da-train-004999,0,7.646091231414053e-18
da-train-005000,0,3.850887328728788e-07
da-train-005001,0,0.41825881151002525
da-train-005002,1,0.990090323680775
da-train-005003,0,7.055736994484159e-08
da-train-005004,1,0.9560103302325915
da-train-005005,0,4.6670472491266824e-09
da-train-005006,0,0.00011582624749464931
da-train-005007,0,4.751401147093959e-10
da-train-005008,0,1.3951303866698488e-22
da-train-005009,0,2.532266884175777e-18
da-train-005010,1,0.963350281062969
da-train-005011,0,1.2678465462630362e-31
da-train-005012,0,4.725858810182607e-22
da-train-005013,0,6.729386702582384e-05
da-train-005014,0,7.43454366534264e-10
da-train-005015,0,2.1203339064423265e-16
da-train-005016,0,0.6940057641981937
da-train-005017,0,4.9740456255523234e-21
da-train-005018,0,6.232428039695872e-12
da-train-005019,0,8.839695153807842e-19
da-train-005020,0,0.0018202792696970567
da-train-005021,0,0.0016249336426010384
da-train-005022,0,1.1925098140667073e-06
da-train-005023,0,3.2113462009183117e-15
da-train-005024,0,1.3516838394439755e-06
da-train-005025,0,0.0015380754582554992
da-train-005026,0,1.5959264945084003e-07
da-train-005027,0,2.5539631856124182e-12
da-train-005028,0,3.6005302981719593e-16
da-train-005029,0,9.979933258629482e-12
da-train-005030,0,4.6256760475536187e-10
da-train-005031,0,7.901006367626591e-06
da-train-005032,1,0.9972778234881986
da-train-005033,1,0.9938491639948519
da-train-005034,0,4.997034644668513e-22
da-train-005035,0,1.9844158451286097e-10
da-train-005036,0,1.107706735449753e-17
da-train-005037,0,3.3052487827668483e-09
da-train-005038,0,1.0342418715404554e-20
da-train-005039,0,0.0002856671623446272
da-train-005040,0,8.286349253278086e-28
da-train-005041,1,0.983531100579289
da-train-005042,0,6.299378325251558e-05
da-train-005043,0,5.895546569740611e-28
da-train-005044,0,5.348972126014562e-06
da-train-005045,0,4.3244957442340644e-26
da-train-005046,0,1.6923916985988677e-12
da-train-005047,0,1.2390625769780147e-07
da-train-005048,0,5.438959353019694e-06
da-train-005049,0,7.272569887382685e-10
da-train-005050,1,0.9768935455888004
da-train-005051,0,1.0144137903969665e-07
da-train-005052,0,2.1490856676050927e-08
da-train-005053,0,2.5331468451573643e-10
da-train-005054,0,3.736259464633394e-15
da-train-005055,1,0.7954443206369896
da-train-005056,1,0.9971297013737587
da-train-005057,0,0.009047783770081275
da-train-005058,0,1.593159394434931e-22
da-train-005059,0,1.3051278064265575e-15
da-train-005060,1,0.9978325109916953
da-train-005061,1,0.9851729777746868
da-train-005062,0,7.351006954663933e-27
da-train-005063,0,3.7300603993611417e-08
da-train-005064,0,0.00024215271254183273
da-train-005065,0,4.2746084475905497e-26
da-train-005066,1,0.9766786983886568
da-train-005067,1,0.9804351226148714
da-train-005068,0,3.2425708190727725e-20
da-train-005069,0,5.397853116802188e-10
da-train-005070,0,1.2257044001192753e-15
da-train-005071,0,1.4803781261310676e-09
da-train-005072,1,0.988408945868586
da-train-005073,0,5.446498375912424e-26
da-train-005074,0,4.721368379214846e-13
da-train-005075,0,2.3211024481399724e-09
da-train-005076,1,0.9774041821740848
da-train-005077,0,1.851085822446826e-27
da-train-005078,0,1.2717823876415857e-09
da-train-005079,1,0.9960467712664243
da-train-005080,0,0.0008238108828436576
da-train-005081,0,1.5614055474265178e-22
da-train-005082,0,9.893894002079502e-13
da-train-005083,0,1.9199794438425686e-10
da-train-005084,0,1.5463872259869764e-06
da-train-005085,1,0.9790349277675348
da-train-005086,0,1.2753286507745196e-10
da-train-005087,0,3.3595802094174234e-17
da-train-005088,0,0.1793556151597033
da-train-005089,0,0.023047294710873616
da-train-005090,0,7.839956266458246e-21
da-train-005091,0,1.7961244067852094e-14
da-train-005092,0,6.062501860539699e-13
da-train-005093,0,0.00044209297363449204
da-train-005094,0,0.059330061776663286
da-train-005095,0,7.859797641429721e-05
da-train-005096,0,3.394827224442316e-05
da-train-005097,1,0.9974961959559469
da-train-005098,0,0.0018372573480388919
da-train-005099,0,1.8912524544161646e-10
da-train-005100,0,5.906054813721094e-10
da-train-005101,0,1.2989145507316148e-09
da-train-005102,0,8.484682064625711e-13
da-train-005103,0,0.0006497187263940341
da-train-005104,0,1.6535079915891923e-17
da-train-005105,1,0.9799411635297206
da-train-005106,1,0.99788010457273
da-train-005107,0,6.888968701283641e-05
da-train-005108,0,0.002157796056638877
da-train-005109,0,3.2819887432571313e-18
da-train-005110,0,4.8679502537189136e-14
da-train-005111,0,0.0004993351831753802
da-train-005112,0,2.521882102110595e-15
da-train-005113,1,0.9975315301807463
da-train-005114,0,8.259436685943731e-22
da-train-005115,0,2.040890550381074e-08
da-train-005116,0,1.7127957720963522e-06
da-train-005117,0,1.7601258658285192e-17
da-train-005118,0,6.597767242030736e-15
da-train-005119,1,0.9937330857239254
da-train-005120,0,1.2408353982853918e-19
da-train-005121,0,1.2963107029261083e-20
da-train-005122,1,0.9516953802064786
da-train-005123,0,7.512220780460848e-10
da-train-005124,0,3.283593299473856e-18
da-train-005125,0,0.0007258956946255462
da-train-005126,1,0.98302448956848
da-train-005127,0,0.0001386103276960546
da-train-005128,0,1.228793004445318e-09
da-train-005129,0,6.69512885071778e-11
da-train-005130,0,0.7964865846796224
da-train-005131,0,1.1576542159672184e-15
da-train-005132,0,4.049894209692281e-05
da-train-005133,0,0.0024623045958580706
da-train-005134,0,3.423139161514727e-14
da-train-005135,0,5.791862541651679e-14
da-train-005136,0,0.00956041195532679
da-train-005137,0,1.5691415157770052e-08
da-train-005138,0,1.284755228797923e-19
da-train-005139,0,3.3554749862878874e-06
da-train-005140,0,2.5132789547989843e-10
da-train-005141,0,4.6422941862195435e-07
da-train-005142,0,1.0945457150864054e-08
da-train-005143,0,6.694680831252859e-07
da-train-005144,0,7.016985366009143e-07
da-train-005145,0,0.4930109864459382
da-train-005146,1,0.9897923166957673
da-train-005147,0,5.511732920240644e-11
da-train-005148,0,7.41419802674296e-07
da-train-005149,0,1.0254690430212122e-26
da-train-005150,1,0.9967154240471899
da-train-005151,0,7.612044889506821e-05
da-train-005152,0,6.180058422967564e-12
da-train-005153,1,0.9960600210794647
da-train-005154,0,1.2457781917557163e-15
da-train-005155,0,4.3329401357963466e-06
da-train-005156,0,0.000138114274100573
da-train-005157,0,3.4513781459365804e-27
da-train-005158,0,1.8821959640117128e-33
da-train-005159,0,1.1071812832707062e-21
da-train-005160,0,3.0359698857776724e-30
da-train-005161,0,2.0523999993750486e-17
da-train-005162,0,2.8070278460753736e-06
da-train-005163,0,3.946142727599219e-26
da-train-005164,0,0.0004784005997364831
da-train-005165,1,0.9945887258227125
da-train-005166,1,0.9809536347430613
da-train-005167,0,3.002768736703413e-14
da-train-005168,0,3.07547278979525e-17
da-train-005169,0,1.2681295065480425e-05
da-train-005170,0,1.1803992487702401e-26
da-train-005171,0,2.719648698949251e-18
da-train-005172,0,7.293131464377323e-18
da-train-005173,0,0.00043897797925277073
da-train-005174,0,3.9735019162486076e-25
da-train-005175,0,1.7826003208167968e-19
da-train-005176,1,0.9919763933246699
da-train-005177,0,2.8556941422256997e-17
da-train-005178,0,2.502832376519116e-22
da-train-005179,0,7.072040669747707e-26
da-train-005180,0,4.26204228143094e-09
da-train-005181,0,1.1413704762582107e-10
da-train-005182,1,0.9939651374832336
da-train-005183,0,3.833093948347663e-09
da-train-005184,0,1.826294460592532e-06
da-train-005185,0,0.0066604182579419425
da-train-005186,0,2.4813269524372164e-20
da-train-005187,0,0.0001696315484254487
da-train-005188,0,0.2507505890570891
da-train-005189,0,6.851484384895052e-09
da-train-005190,0,2.827758980441643e-13
da-train-005191,0,2.1036407473940136e-19
da-train-005192,0,6.25365065743101e-05
da-train-005193,0,3.2450041012059416e-09
da-train-005194,0,6.750837529437224e-08
da-train-005195,0,3.1581986046990934e-14
da-train-005196,0,4.612387726604352e-11
da-train-005197,0,2.487631567320998e-11
da-train-005198,0,2.039963247085974e-11
da-train-005199,0,6.48472540705761e-14
da-train-005200,0,5.347795953220088e-22
da-train-005201,0,1.9179970619371848e-14
da-train-005202,0,9.887768311685789e-05
da-train-005203,1,0.9951289746127356
da-train-005204,1,0.9952829306101902
da-train-005205,0,2.6619988032147108e-30
da-train-005206,1,0.9971014871009928
da-train-005207,0,4.58126163916465e-05
da-train-005208,0,0.006446946287531021
da-train-005209,0,5.481599543099701e-09
da-train-005210,0,0.00032527231250628635
da-train-005211,0,1.1311651431484492e-06
da-train-005212,0,7.369446400229487e-15
da-train-005213,0,0.01299440562397836
da-train-005214,0,2.90340543722116e-10
da-train-005215,0,7.686338096142859e-09
da-train-005216,0,8.261731765948487e-17
da-train-005217,0,6.945414221861795e-07
da-train-005218,0,2.8371758022408785e-05
da-train-005219,1,0.9967704273210151
da-train-005220,0,5.3728102679387844e-05
da-train-005221,0,4.7053677623225515e-07
da-train-005222,1,0.9932177170385211
da-train-005223,0,3.2158731230184955e-14
da-train-005224,0,3.6199717235532317e-07
da-train-005225,0,1.1329425419127181e-07
da-train-005226,0,0.07546048727701347
da-train-005227,0,5.856715947244888e-05
da-train-005228,0,2.427455166754359e-15
da-train-005229,0,1.4243286837796267e-20
da-train-005230,0,2.8179047269079004e-19
da-train-005231,0,3.6686095353435673e-17
da-train-005232,0,9.768737042887579e-15
da-train-005233,0,1.9778455276337106e-07
da-train-005234,0,8.631809862877764e-19
da-train-005235,1,0.996966204722764
da-train-005236,0,7.716091602988003e-07
da-train-005237,0,4.220931431163682e-08
da-train-005238,0,0.03257901427278694
da-train-005239,0,2.912816622567271e-11
da-train-005240,0,1.2291237068485928e-12
da-train-005241,0,9.459828724155956e-08
da-train-005242,0,6.3233657780348125e-09
da-train-005243,0,4.5016782264580436e-20
da-train-005244,0,4.78816894074732e-29
da-train-005245,1,0.9622660989929869
da-train-005246,0,4.529071426541687e-12
da-train-005247,0,4.300939613610347e-09
da-train-005248,0,1.0463534404726467e-13
da-train-005249,0,6.360247490444371e-11
da-train-005250,0,3.413121766599359e-17
da-train-005251,1,0.9792640483472689
da-train-005252,0,0.9882387880135415
da-train-005253,0,1.329566840816698e-12
da-train-005254,0,1.0792837797691527e-22
da-train-005255,0,4.908393557556305e-13
da-train-005256,1,0.9750523894065171
da-train-005257,0,0.0008521372522830866
da-train-005258,0,2.7170917579396677e-14
da-train-005259,1,0.9854214019424475
da-train-005260,1,0.9653974192980049
da-train-005261,0,8.313686812100203e-10
da-train-005262,0,4.877295956489607e-13
da-train-005263,0,1.0993552275241876e-08
da-train-005264,0,3.4991158024425936e-11
da-train-005265,0,4.14279416464801e-08
da-train-005266,1,0.9848380246154891
da-train-005267,0,8.583893136726967e-14
da-train-005268,0,8.319014120525782e-08
da-train-005269,0,1.2844183459909505e-22
da-train-005270,0,4.342016393924744e-22
da-train-005271,0,2.772499057418987e-13
da-train-005272,0,1.9159680782674537e-09
da-train-005273,0,4.630673745428609e-07
da-train-005274,0,7.420676003899626e-05
da-train-005275,0,9.521387327140076e-23
da-train-005276,1,0.9937971751163542
da-train-005277,1,0.9837823313078403
da-train-005278,0,0.046405675920065725
da-train-005279,0,5.316505703235405e-20
da-train-005280,0,1.1768556403474975e-06
da-train-005281,0,1.9372314631800594e-16
da-train-005282,0,0.00022712517047045384
da-train-005283,0,8.045967160818762e-23
da-train-005284,0,3.983127474965759e-23
da-train-005285,0,1.8650451546811498e-06
da-train-005286,0,4.400507846030051e-08
da-train-005287,1,0.9941582551758527
da-train-005288,0,9.226218578574128e-14
da-train-005289,0,1.6250927309910124e-07
da-train-005290,1,0.9978675800151368
da-train-005291,0,2.957782854991175e-14
da-train-005292,0,1.2221261029917733e-07
da-train-005293,0,1.614407360963666e-05
da-train-005294,0,2.146587648242417e-24
da-train-005295,1,0.9964650565463576
da-train-005296,0,7.680725248874088e-28
da-train-005297,0,2.3558643695922388e-29
da-train-005298,0,0.0006686381800043734
da-train-005299,0,0.00014890589490362818
da-train-005300,0,4.243736213520558e-21
da-train-005301,0,0.0003746620604476074
da-train-005302,0,1.012733139104598e-08
da-train-005303,0,8.244732337409487e-11
da-train-005304,1,0.9967263292600775
da-train-005305,0,0.0004601520321576213
da-train-005306,0,2.458577214234765e-10
da-train-005307,1,0.9711419925486755
da-train-005308,0,3.958691799875761e-24
da-train-005309,0,3.705754782052871e-15
da-train-005310,1,0.995173051130982
da-train-005311,0,1.1289540248331596e-14
da-train-005312,0,2.884167259677183e-13
da-train-005313,0,8.025027851643249e-05
da-train-005314,0,3.5256366135466362e-19
da-train-005315,0,0.00405589771716093
da-train-005316,0,4.626243094228127e-17
da-train-005317,1,0.998650232250447
da-train-005318,0,0.9662335223583299
da-train-005319,0,7.653837738299853e-11
da-train-005320,0,5.537089797760257e-22
da-train-005321,0,1.5511323803001022e-17
da-train-005322,1,0.9984319420906136
da-train-005323,0,2.0068261229507032e-13
da-train-005324,0,3.8363239994430564e-14
da-train-005325,0,3.1257140590946485e-07
da-train-005326,0,2.161246794579526e-18
da-train-005327,0,1.665830451500403e-08
da-train-005328,0,2.5171745168556027e-16
da-train-005329,0,2.3590944635263803e-14
da-train-005330,0,1.8089818219163354e-10
da-train-005331,1,0.9967997896028695
da-train-005332,0,1.0534882912798914e-07
da-train-005333,0,9.587138883422794e-13
da-train-005334,0,1.5466619054180912e-08
da-train-005335,1,0.9817140960828049
da-train-005336,0,0.001207812869007799
da-train-005337,0,2.2156039654965534e-27
da-train-005338,1,0.9824079411750839
da-train-005339,0,1.8815636178625982e-09
da-train-005340,0,1.3748136869347413e-07
da-train-005341,0,1.6610249780470944e-11
da-train-005342,0,6.891642146175986e-30
da-train-005343,0,1.655456823444939e-22
da-train-005344,0,1.0459248543892852e-27
da-train-005345,0,1.0962403406983643e-15
da-train-005346,0,9.677774768698678e-07
da-train-005347,0,1.8889634209690988e-10
da-train-005348,0,7.677243363470317e-10
da-train-005349,0,1.94719979346734e-24
da-train-005350,0,9.620762873762023e-26
da-train-005351,0,2.4548074285890097e-11
da-train-005352,0,1.4922955527178192e-06
da-train-005353,0,8.676917547126851e-09
da-train-005354,0,4.531218288116268e-22
da-train-005355,0,9.291751941643367e-07
da-train-005356,0,6.690632673815299e-07
da-train-005357,0,4.8102835922936775e-06
da-train-005358,0,1.1637644682140153e-11
da-train-005359,0,3.257615593323973e-12
da-train-005360,0,5.266799904963661e-09
da-train-005361,0,1.430429019476752e-12
da-train-005362,0,2.197566805436219e-14
da-train-005363,1,0.9985540554567107
da-train-005364,1,0.9746653319355674
da-train-005365,0,1.498994123274552e-15
da-train-005366,0,5.889304585255991e-06
da-train-005367,0,5.74215261559424e-18
da-train-005368,0,8.471371472794063e-06
da-train-005369,1,0.9931144891639967
da-train-005370,0,2.3291418807146503e-07
da-train-005371,0,3.3868717931533017e-15
da-train-005372,1,0.9994176700107045
da-train-005373,0,9.040665190493022e-21
da-train-005374,0,0.000110863660172601
da-train-005375,0,2.009994929037022e-13
da-train-005376,0,9.091638899815162e-14
da-train-005377,0,1.91945948706942e-18
da-train-005378,0,0.0012773299115566184
da-train-005379,0,1.283734896876e-14
da-train-005380,0,1.414438383182457e-21
da-train-005381,0,0.0011146627649622376
da-train-005382,0,1.3581349731821596e-06
da-train-005383,0,2.6798651610373576e-06
da-train-005384,0,8.509434087379221e-05
da-train-005385,0,7.400006313417548e-08
da-train-005386,0,3.4352218543269392e-12
da-train-005387,0,4.013000421049255e-26
da-train-005388,1,0.9928088938098302
da-train-005389,0,3.035866185498218e-15
da-train-005390,0,0.00013608522651655427
da-train-005391,1,0.9981139848341676
da-train-005392,0,1.1928668226845696e-18
da-train-005393,0,0.00039275337444303504
da-train-005394,0,2.2117342857989636e-12
da-train-005395,0,5.308075186931428e-21
da-train-005396,0,4.209443249659358e-07
da-train-005397,0,1.2575840138846556e-16
da-train-005398,0,0.0011188744893528273
da-train-005399,0,6.8024678252900585e-15
da-train-005400,0,0.0002743840070463727
da-train-005401,0,1.1130948152471619e-23
da-train-005402,0,1.6046105439359542e-14
da-train-005403,1,0.9775634957539184
da-train-005404,0,1.6369700077768666e-28
da-train-005405,0,5.910800083170186e-10
da-train-005406,0,2.3884160772361406e-10
da-train-005407,1,0.9903955956057158
da-train-005408,1,0.6152444951814332
da-train-005409,0,5.472917551694465e-27
da-train-005410,0,2.5979715512643648e-05
da-train-005411,0,1.3561519161115627e-08
da-train-005412,0,3.031873990649144e-17
da-train-005413,0,1.122784215022924e-19
da-train-005414,0,9.518307030645489e-10
da-train-005415,1,0.9705835337423584
da-train-005416,0,2.3760650145959458e-11
da-train-005417,0,1.1040024358058466e-28
da-train-005418,0,4.1598494354857726e-32
da-train-005419,0,0.9766786983886568
da-train-005420,0,0.0002316738073394933
da-train-005421,0,2.4424993557013936e-11
da-train-005422,1,0.9926575147233495
da-train-005423,0,5.267957743382074e-18
da-train-005424,0,3.943139267346277e-30
da-train-005425,0,7.320137104899728e-13
da-train-005426,0,1.6325512378199792e-06
da-train-005427,1,0.9958462573440707
da-train-005428,0,6.903744355626038e-08
da-train-005429,0,1.623089908400086e-11
da-train-005430,0,1.5526416970077152e-05
da-train-005431,1,0.9829582595609554
da-train-005432,0,3.3026056331297865e-15
da-train-005433,1,0.7641006319731195
da-train-005434,1,0.9807425405125718
da-train-005435,0,2.804803429139615e-26
da-train-005436,1,0.9889781652057786
da-train-005437,1,0.9826216256376575
da-train-005438,0,2.857800648853749e-19
da-train-005439,0,1.065585118359919e-17
da-train-005440,0,1.839040764966695e-07
da-train-005441,0,1.9997948476891404e-10
da-train-005442,0,4.451102005423335e-11
da-train-005443,0,1.2402532695413733e-19
da-train-005444,0,7.847208915393245e-10
da-train-005445,1,0.995133649269122
da-train-005446,1,0.9950701037530187
da-train-005447,0,7.963313311998343e-27
da-train-005448,0,1.8982422288046868e-21
da-train-005449,0,6.174839197349943e-20
da-train-005450,0,0.002274232779721429
da-train-005451,0,1.750263196674029e-07
da-train-005452,0,8.312723600780312e-09
da-train-005453,0,3.364813335725489e-26
da-train-005454,0,3.885231456424546e-33
da-train-005455,1,0.9986635112600672
da-train-005456,1,0.9823500000899777
da-train-005457,0,2.031453705258801e-08
da-train-005458,0,1.9843819036726756e-09
da-train-005459,0,3.312314027676003e-06
da-train-005460,0,7.774663647000733e-14
da-train-005461,1,0.9955446243536005
da-train-005462,0,9.184317907193355e-09
da-train-005463,0,3.22794362239152e-14
da-train-005464,0,2.0006951355264094e-06
da-train-005465,0,1.2152876723998878e-18
da-train-005466,1,0.9963413566460281
da-train-005467,1,0.9994870196773354
da-train-005468,1,0.9400298994959732
da-train-005469,0,0.00036212243346560373
da-train-005470,0,2.3762841208080315e-15
da-train-005471,0,3.0401806834493072e-24
da-train-005472,0,0.0007708126105199298
da-train-005473,0,9.69603944921481e-25
da-train-005474,1,0.5933141318176158
da-train-005475,0,1.1894319036554548e-15
da-train-005476,0,2.5258108340337685e-13
da-train-005477,0,1.9087201410031596e-16
da-train-005478,0,1.7317003255638682e-16
da-train-005479,0,7.692499479178118e-16
da-train-005480,0,3.668226771601963e-10
da-train-005481,1,0.9789777623870801
da-train-005482,1,0.99823954218816
da-train-005483,0,1.218495472602403e-15
da-train-005484,1,0.9993947439214721
da-train-005485,0,5.967357689715638e-17
da-train-005486,0,5.656083857350973e-19
da-train-005487,0,2.7727688442783797e-14
da-train-005488,0,1.2083911426410614e-10
da-train-005489,0,7.462981279144731e-09
da-train-005490,1,0.9964872471146496
da-train-005491,0,1.0169111093339044e-21
da-train-005492,0,1.1543717921305176e-15
da-train-005493,0,7.131910764766378e-15
da-train-005494,0,2.1214124447654013e-07
da-train-005495,0,7.411795679299227e-19
da-train-005496,0,1.603037399779348e-08
da-train-005497,0,7.033826317377826e-11
da-train-005498,0,1.4206199713536164e-25
da-train-005499,1,0.9349930405560678
da-train-005500,0,4.370071772717739e-10
da-train-005501,0,4.196075855438356e-23
da-train-005502,0,9.669852121392319e-09
da-train-005503,0,7.413425125355774e-12
da-train-005504,0,3.328292395830129e-13
da-train-005505,0,4.0919179176142195e-16
da-train-005506,0,2.513400794989975e-16
da-train-005507,1,0.9863785711586069
da-train-005508,1,0.9819164383860293
da-train-005509,0,8.745239229908244e-11
da-train-005510,0,4.611676424252147e-12
da-train-005511,0,5.650336167920593e-21
da-train-005512,0,2.6176751029943827e-17
da-train-005513,0,5.385169395450138e-12
da-train-005514,0,5.912469740706621e-18
da-train-005515,0,6.098317619453612e-12
da-train-005516,0,2.675308919265331e-10
da-train-005517,0,1.2846409369109942e-15
da-train-005518,0,0.0012152135495939736
da-train-005519,0,3.993983852493366e-09
da-train-005520,0,8.32214367050293e-06
da-train-005521,0,0.00023393645280799435
da-train-005522,0,0.00018513712690138278
da-train-005523,0,0.00010052637616457848
da-train-005524,0,6.911637762749786e-23
da-train-005525,0,1.0087803336815012e-08
da-train-005526,0,3.839480952549553e-21
da-train-005527,0,5.450702357405853e-12
da-train-005528,0,0.0004577637620973734
da-train-005529,0,0.0007005924463346465
da-train-005530,0,7.61358992679169e-18
da-train-005531,1,0.9933107348529702
da-train-005532,0,1.4022705836280285e-12
da-train-005533,1,0.9826569685303227
da-train-005534,0,2.450943480928704e-06
da-train-005535,0,1.000516615252228e-08
da-train-005536,0,9.870845402547043e-17
da-train-005537,1,0.9385606781741744
da-train-005538,0,1.1901391226215279e-09
da-train-005539,0,1.802863083507246e-06
da-train-005540,0,5.659941315304892e-20
da-train-005541,0,7.131136770589379e-07
da-train-005542,0,1.1116021362878468e-07
da-train-005543,1,0.9878382787275245
da-train-005544,0,5.3107077978697544e-08
da-train-005545,0,3.396098767292804e-16
da-train-005546,0,0.00016335426473792513
da-train-005547,0,1.9684006692772267e-19
da-train-005548,0,2.0093671086073862e-32
da-train-005549,0,4.65199539610262e-07
da-train-005550,0,1.94126453503172e-13
da-train-005551,0,1.6611141017811425e-26
da-train-005552,0,8.849316924759729e-14
da-train-005553,0,0.001344587856110182
da-train-005554,0,1.9994357256749154e-08
da-train-005555,0,1.7163220226774087e-16
da-train-005556,0,0.003890160449512408
da-train-005557,0,2.5690255944541833e-18
da-train-005558,1,0.996708179543413
da-train-005559,1,0.9687367535719525
da-train-005560,0,9.49387665343274e-12
da-train-005561,0,1.8519234095639695e-16
da-train-005562,1,0.9814306008131432
da-train-005563,0,3.656987339923429e-14
da-train-005564,0,3.938306591961607e-27
da-train-005565,0,6.770792555625286e-10
da-train-005566,1,0.9600313944054527
da-train-005567,1,0.9891954007410616
da-train-005568,1,0.16836063656190967
da-train-005569,0,1.3149264831579589e-19
da-train-005570,0,5.047736375938885e-05
da-train-005571,0,0.00026811396780014314
da-train-005572,0,1.5071364862851017e-17
da-train-005573,0,1.1326026770838533e-06
da-train-005574,0,0.025556947312795203
da-train-005575,0,1.4708134925313814e-15
da-train-005576,0,0.00011284072517450828
da-train-005577,0,2.4359994972894513e-09
da-train-005578,0,4.261411303759711e-33
da-train-005579,0,7.259502190359107e-21
da-train-005580,0,2.2711447889014956e-09
da-train-005581,0,0.0004763334375523151
da-train-005582,0,1.9250897678687452e-27
da-train-005583,0,7.014677377661227e-21
da-train-005584,0,1.538458091632389e-11
da-train-005585,0,4.077434852293833e-08
da-train-005586,1,0.9969086641453938
da-train-005587,0,2.0027962240737623e-08
da-train-005588,0,1.739525092356407e-11
da-train-005589,0,6.639273296910978e-19
da-train-005590,0,1.2778876057503102e-20
da-train-005591,0,8.92367392574444e-23
da-train-005592,1,0.9978590431040173
da-train-005593,0,3.088387119311902e-07
da-train-005594,0,2.8550531592622742e-11
da-train-005595,0,0.00041315732266444284
da-train-005596,1,0.9805261784779287
da-train-005597,0,8.043299303267381e-05
da-train-005598,0,2.766352930268711e-05
da-train-005599,0,5.719053794538217e-11
da-train-005600,0,2.5682135697458934e-19
da-train-005601,0,1.2139653074580566e-05
da-train-005602,0,1.063845007842856e-06
da-train-005603,0,3.2554372071240414e-12
da-train-005604,0,4.757589169022331e-12
da-train-005605,0,1.1905122877264217e-10
da-train-005606,0,6.80859723887043e-18
da-train-005607,1,0.9781961281203723
da-train-005608,1,0.9930616702135898
da-train-005609,0,0.002976734559135977
da-train-005610,0,1.1028592904029765e-10
da-train-005611,0,0.0008521753715070133
da-train-005612,0,7.463786711148045e-19
da-train-005613,0,1.2877315412034958e-07
da-train-005614,0,1.1966132055555322e-15
da-train-005615,0,3.316671748390335e-07
da-train-005616,0,2.846943413373324e-07
da-train-005617,0,9.988695838801351e-24
da-train-005618,0,0.007457065508602406
da-train-005619,0,2.3675747943895034e-05
da-train-005620,0,1.8800325008386733e-06
da-train-005621,1,0.9844480168423905
da-train-005622,0,3.1620052705774176e-28
da-train-005623,0,9.695377649301537e-11
da-train-005624,0,1.576452280449138e-16
da-train-005625,0,4.769648199820071e-07
da-train-005626,0,0.0002749094371686089
da-train-005627,0,4.219404862381081e-10
da-train-005628,0,4.572841193480113e-12
da-train-005629,0,1.8988260899940045e-09
da-train-005630,1,0.9985144343554776
da-train-005631,0,1.469085129379718e-10
da-train-005632,0,1.033502324965342e-26
da-train-005633,0,1.9505916466287818e-13
da-train-005634,0,0.04324018197513097
da-train-005635,0,3.5639998509992715e-09
da-train-005636,0,2.415038845097007e-07
da-train-005637,0,5.436650018610107e-06
da-train-005638,1,0.7934414475678109
da-train-005639,0,5.867529162869783e-08
da-train-005640,0,5.074845957332845e-10
da-train-005641,0,1.2596252548493226e-06
da-train-005642,0,3.06893909956425e-15
da-train-005643,0,4.103326899003621e-15
da-train-005644,0,5.511131149352194e-20
da-train-005645,0,2.715978044312907e-08
da-train-005646,0,2.7849200781592186e-22
da-train-005647,0,7.141228981147266e-07
da-train-005648,0,5.705805800273598e-12
da-train-005649,0,7.994689463037851e-17
da-train-005650,0,0.0003789224987873949
da-train-005651,0,9.023005034952662e-23
da-train-005652,1,0.9928012028231438
da-train-005653,0,2.9417480204585195e-07
da-train-005654,0,4.061511356914611e-17
da-train-005655,0,8.03265578865431e-22
da-train-005656,1,0.9987812505235941
da-train-005657,0,2.2411710541600025e-07
da-train-005658,0,5.1216077539075704e-08
da-train-005659,0,5.292558663265513e-24
da-train-005660,0,2.4761565490857115e-20
da-train-005661,0,7.074211855224912e-22
da-train-005662,0,1.1886074336212834e-13
da-train-005663,0,1.1941994534374937e-32
da-train-005664,1,0.9833301816923986
da-train-005665,0,2.4674998591841908e-27
da-train-005666,0,1.1580053233580797e-08
da-train-005667,0,8.030792454879778e-28
da-train-005668,0,4.965430951784662e-08
da-train-005669,0,3.70889924417592e-15
da-train-005670,0,6.19795651170182e-06
da-train-005671,0,0.013575356192803879
da-train-005672,0,2.0464821170754542e-12
da-train-005673,0,4.6475529120724606e-08
da-train-005674,0,9.60932754744286e-25
da-train-005675,0,7.028555004650286e-13
da-train-005676,0,1.1634994222593605e-12
da-train-005677,0,3.6110151460516737e-09
da-train-005678,0,8.745577809439543e-08
da-train-005679,0,8.121761600654739e-13
da-train-005680,0,0.00038054672322736845
da-train-005681,0,2.4805090006140064e-16
da-train-005682,0,2.384065976587098e-26
da-train-005683,0,8.964478824672121e-08
da-train-005684,1,0.8862984748497297
da-train-005685,0,4.977459257521837e-11
da-train-005686,1,0.894715450056789
da-train-005687,0,4.0300536693883674e-20
da-train-005688,0,1.089250061637038e-17
da-train-005689,0,1.3579652020719646e-13
da-train-005690,0,1.2518559697514105e-19
da-train-005691,0,0.004828723023373176
da-train-005692,1,0.9887566558485092
da-train-005693,0,1.6878900926756772e-12
da-train-005694,1,0.9567103855740339
da-train-005695,0,6.978862504615326e-19
da-train-005696,0,8.17510807982335e-11
da-train-005697,0,6.221576019644225e-19
da-train-005698,0,3.7269893513738695e-16
da-train-005699,0,7.43712679954778e-17
da-train-005700,0,0.0008244421824464204
da-train-005701,0,1.9897645085231725e-05
da-train-005702,0,3.1680340313667156e-07
da-train-005703,0,0.006339206210293248
da-train-005704,0,1.6297983487258006e-25
da-train-005705,0,1.4291673779628327e-12
da-train-005706,0,1.2402321407106771e-23
da-train-005707,0,6.032248289833589e-05
da-train-005708,0,2.515204780789591e-22
da-train-005709,0,2.1801690766583734e-18
da-train-005710,0,3.809580194518266e-20
da-train-005711,1,0.9689900472872646
da-train-005712,1,0.9953382325726379
da-train-005713,0,2.5819428630945902e-06
da-train-005714,0,2.523459519682229e-10
da-train-005715,1,0.9794794952661176
da-train-005716,0,1.1427378448220577e-15
da-train-005717,1,0.5907635010013581
da-train-005718,0,1.2114296650831655e-24
da-train-005719,0,2.252886274734412e-14
da-train-005720,0,5.23219773236473e-07
da-train-005721,0,8.118655206847502e-18
da-train-005722,1,0.9842741046453929
da-train-005723,0,5.026057384789295e-22
da-train-005724,1,0.963217667854515
da-train-005725,1,0.9882229154067369
da-train-005726,0,1.715047340405845e-09
da-train-005727,0,2.3796932559829714e-07
da-train-005728,0,1.1193249384752046e-15
da-train-005729,0,2.996371447141905e-16
da-train-005730,1,0.9975106221664913
da-train-005731,0,3.080448652698782e-13
da-train-005732,0,7.783148408711098e-06
da-train-005733,0,0.0004341385367929349
da-train-005734,0,5.29698363471379e-19
da-train-005735,1,0.9981585216300372
da-train-005736,0,1.2675339556881389e-06
da-train-005737,0,2.1387174922440237e-06
da-train-005738,0,5.988309226209054e-22
da-train-005739,0,2.5790318105818023e-08
da-train-005740,0,2.4151191556084548e-06
da-train-005741,0,1.4929648926089135e-13
da-train-005742,0,0.00028052648480401287
da-train-005743,0,2.2351085890732852e-11
da-train-005744,0,1.9120769730137104e-10
da-train-005745,0,1.171596252294579e-06
da-train-005746,0,4.9086564473685595e-08
da-train-005747,0,5.0079156051405124e-08
da-train-005748,0,1.720451991752267e-28
da-train-005749,0,3.1043434605325873e-12
da-train-005750,1,0.9937051111201644
da-train-005751,0,1.982217480114983e-12
da-train-005752,0,5.0065659564896334e-14
da-train-005753,0,4.700890415039688e-20
da-train-005754,0,1.5110079287603204e-05
da-train-005755,0,2.8871973568832798e-08
da-train-005756,0,2.3997114263937644e-09
da-train-005757,0,1.1331968273330013e-18
da-train-005758,1,0.9968319530287254
da-train-005759,0,2.074128411935222e-24
da-train-005760,0,9.471685690238181e-29
da-train-005761,0,4.255628073016796e-06
da-train-005762,0,2.6339984728039025e-21
da-train-005763,0,8.53426682135613e-15
da-train-005764,0,1.7800226700188213e-07
da-train-005765,0,1.0109695985538207e-16
da-train-005766,1,0.9882879752638086
da-train-005767,0,0.0007622734522829659
da-train-005768,0,4.462389581282171e-25
da-train-005769,0,2.0927397190697216e-16
da-train-005770,1,0.9993172571618528
da-train-005771,0,1.5492062585885426e-19
da-train-005772,0,5.799904315155645e-16
da-train-005773,0,4.712586999262817e-06
da-train-005774,0,5.033158331982273e-09
da-train-005775,0,1.2245753632491557e-07
da-train-005776,0,5.305975656474248e-06
da-train-005777,0,1.184636855030361e-19
da-train-005778,0,5.2250448004367185e-11
da-train-005779,0,6.987603370866213e-16
da-train-005780,0,8.213083218937103e-09
da-train-005781,0,1.7112654122186762e-07
da-train-005782,0,1.0857010425921214e-22
da-train-005783,0,3.3884362051743374e-08
da-train-005784,0,0.010868063189993053
da-train-005785,0,6.472568231992109e-06
da-train-005786,0,1.6693629042822277e-13
da-train-005787,0,2.7869994361378896e-09
da-train-005788,0,9.711911206378579e-22
da-train-005789,0,9.490932335419656e-14
da-train-005790,0,4.238847784871694e-05
da-train-005791,0,6.75287735951806e-05
da-train-005792,0,2.5391087119188512e-11
da-train-005793,0,1.2530537443036322e-17
da-train-005794,0,1.675576027207702e-10
da-train-005795,1,0.9975067473673632
da-train-005796,0,3.7104556848144357e-07
da-train-005797,0,8.086672821173722e-13
da-train-005798,1,0.9744518240291828
da-train-005799,0,0.0013805992630971052
da-train-005800,0,5.736372716606477e-13
da-train-005801,0,0.0032803154524817016
da-train-005802,0,1.3215819100621975e-05
da-train-005803,1,0.9969722480387171
da-train-005804,0,2.1742582669902832e-13
da-train-005805,0,1.3244425228225978e-06
da-train-005806,1,0.9844408148077508
da-train-005807,0,4.792031078684107e-14
da-train-005808,1,0.9676797817404967
da-train-005809,0,5.212894622553168e-06
da-train-005810,0,1.4076413980921519e-10
da-train-005811,0,3.1411650927134563e-07
da-train-005812,0,3.654173800527649e-21
da-train-005813,0,2.6676837562825226e-11
da-train-005814,0,8.424697433168055e-09
da-train-005815,0,2.6494245846920466e-23
da-train-005816,0,1.5847551220565573e-05
da-train-005817,1,0.9963711944859938
da-train-005818,0,2.056593268629489e-17
da-train-005819,0,4.0771950919132324e-17
da-train-005820,0,5.067560682553179e-08
da-train-005821,0,4.856276082495173e-07
da-train-005822,0,1.4156687050607683e-24
da-train-005823,0,3.2500372256193534e-21
da-train-005824,0,2.4827978373177867e-09
da-train-005825,1,0.9811908090489218
da-train-005826,0,1.026310318802071e-10
da-train-005827,0,1.396383728790198e-29
da-train-005828,0,1.5969610116139983e-06
da-train-005829,0,2.7328597336892696e-09
da-train-005830,0,7.320916973529485e-12
da-train-005831,0,4.4103592921224135e-06
da-train-005832,0,6.9175092487472405e-06
da-train-005833,0,1.9037780487490869e-07
da-train-005834,0,7.71608810406686e-16
da-train-005835,0,6.279742089111912e-18
da-train-005836,0,1.0914855800632193e-12
da-train-005837,0,6.078097419280539e-15
da-train-005838,1,0.9982527498534389
da-train-005839,0,3.5411652064879e-22
da-train-005840,0,1.302296360391014e-06
da-train-005841,0,2.4770861966411196e-10
da-train-005842,0,1.2675987826781999e-08
da-train-005843,0,1.027095948344221e-21
da-train-005844,0,1.4913619265507827e-22
da-train-005845,1,0.9808060792589309
da-train-005846,0,7.680432717092039e-07
da-train-005847,1,0.9818223603997595
da-train-005848,0,8.74464883860065e-06
da-train-005849,0,1.601390801267672e-05
da-train-005850,0,2.5620468842240516e-17
da-train-005851,0,1.7660975507344773e-15
da-train-005852,0,9.825976673167425e-08
da-train-005853,1,0.9832070173382116
da-train-005854,0,1.7077384527623318e-11
da-train-005855,0,6.01686270122528e-08
da-train-005856,0,1.7342406277035652e-12
da-train-005857,0,1.297384094890003e-08
da-train-005858,0,7.96361157341613e-05
da-train-005859,0,8.404777141927424e-13
da-train-005860,1,0.9971755259330162
da-train-005861,1,0.9873230262331463
da-train-005862,0,3.075989929062236e-09
da-train-005863,1,0.9705590904581992
da-train-005864,0,0.0001367489993169597
da-train-005865,1,0.6382454692736674
da-train-005866,1,0.9999179699864685
da-train-005867,0,3.460905848873905e-08
da-train-005868,0,8.074712918845049e-31
da-train-005869,0,3.855203504604975e-11
da-train-005870,0,3.944506186931285e-09
da-train-005871,0,2.6571914396717906e-25
da-train-005872,0,3.0122667976252814e-08
da-train-005873,1,0.9950503759853739
da-train-005874,1,0.9810649613677138
da-train-005875,0,0.0003200786689717253
da-train-005876,0,2.0390045372229667e-07
da-train-005877,1,0.9835461035367307
da-train-005878,0,6.96419853624058e-13
da-train-005879,0,1.6661986316956987e-17
da-train-005880,0,1.7873978105953827e-15
da-train-005881,0,1.7158185275244296e-08
da-train-005882,0,4.002472317396734e-13
da-train-005883,0,1.4351786429804185e-27
da-train-005884,0,5.079903024152917e-09
da-train-005885,0,0.0003086537099138618
da-train-005886,0,8.604245651544042e-17
da-train-005887,0,7.193285856098964e-19
da-train-005888,0,7.801429782358557e-07
da-train-005889,0,6.038832368629148e-13
da-train-005890,0,1.9385289485532486e-16
da-train-005891,0,4.2089153842225353e-08
da-train-005892,0,5.4408744146048845e-06
da-train-005893,0,8.264487091343658e-09
da-train-005894,0,3.65684321245059e-23
da-train-005895,0,1.4832781875074348e-06
da-train-005896,1,0.9848317866291535
da-train-005897,0,0.009076015891427971
da-train-005898,0,4.289012862710855e-08
da-train-005899,0,9.051938401229901e-10
da-train-005900,0,3.634750564297373e-05
da-train-005901,0,2.9972572054775853e-06
da-train-005902,0,8.53852152238088e-10
da-train-005903,0,6.524184297005327e-11
da-train-005904,0,9.828999595205423e-15
da-train-005905,1,0.9979064336539136
da-train-005906,1,0.9828819131560488
da-train-005907,0,0.00965678567829964
da-train-005908,0,5.409500458685097e-19
da-train-005909,0,3.137524843345494e-11
da-train-005910,1,0.988935718447843
da-train-005911,0,2.533843935427059e-06
da-train-005912,0,2.639435305206585e-06
da-train-005913,0,4.773494312212715e-11
da-train-005914,0,2.5456384039954764e-07
da-train-005915,0,4.070761067409208e-08
da-train-005916,1,0.9921096524917994
da-train-005917,0,0.00013193088690231967
da-train-005918,0,6.273035518463527e-10
da-train-005919,0,0.00034661261855500734
da-train-005920,1,0.9980663617284632
da-train-005921,0,2.7653203494924226e-21
da-train-005922,0,1.2842385258726728e-11
da-train-005923,0,7.539071667201353e-13
da-train-005924,0,1.2493447377011314e-21
da-train-005925,1,0.9977200947669577
da-train-005926,0,2.1282996348412873e-05
da-train-005927,0,3.2404492514873883e-15
da-train-005928,0,2.54910267593841e-07
da-train-005929,0,1.1629993828929031e-10
da-train-005930,1,0.9977632797166133
da-train-005931,0,0.12055255765229568
da-train-005932,1,0.9955784669422661
da-train-005933,0,1.1789470797220975e-24
da-train-005934,0,6.44085478479803e-11
da-train-005935,0,7.531280650399776e-15
da-train-005936,0,8.413424609238432e-20
da-train-005937,0,2.1892981236635488e-09
da-train-005938,1,0.9966319198678882
da-train-005939,0,0.00042744437934550956
da-train-005940,0,1.105709889536389e-09
da-train-005941,0,1.362315089025119e-05
da-train-005942,0,0.003912111587065341
da-train-005943,1,0.9966618074621469
da-train-005944,0,1.045865039485775e-24
da-train-005945,0,2.2831946761734803e-09
da-train-005946,1,0.9856326187621635
da-train-005947,0,1.432696928956128e-09
da-train-005948,0,1.0504000896281624e-21
da-train-005949,1,0.9963760561081706
da-train-005950,0,2.280762251106923e-06
da-train-005951,1,0.9987869124418504
da-train-005952,1,0.9796587122193378
da-train-005953,1,0.9921633030787794
da-train-005954,0,1.1100290638479035e-06
da-train-005955,0,4.6622570428300554e-18
da-train-005956,0,2.3451407353793417e-16
da-train-005957,0,2.5089204032183853e-12
da-train-005958,0,3.0459729244262102e-27
da-train-005959,0,1.1035793779862188e-06
da-train-005960,1,0.9973917385274453
da-train-005961,1,0.996638440038129
da-train-005962,0,1.2969293016600597e-18
da-train-005963,0,4.7610565562388616e-08
da-train-005964,0,1.9277548257086354e-12
da-train-005965,0,5.983354336087308e-10
da-train-005966,0,1.3088872520454002e-20
da-train-005967,0,3.8682607380869173e-10
da-train-005968,1,0.9961637409390561
da-train-005969,0,1.5981667384287696e-06
da-train-005970,0,9.128818281103807e-18
da-train-005971,0,2.3775812642680024e-09
da-train-005972,0,6.869835055333182e-07
da-train-005973,0,1.0031028668370397e-15
da-train-005974,0,1.439760815550894e-08
da-train-005975,1,0.9914477521132267
da-train-005976,0,8.0304231493796e-16
da-train-005977,0,6.61802316272369e-17
da-train-005978,0,0.0003188130044201335
da-train-005979,0,1.3999325883990076e-13
da-train-005980,0,2.9207607762593527e-06
da-train-005981,1,0.9969112248859343
da-train-005982,1,0.9977894320559882
da-train-005983,0,1.0380869161185112e-17
da-train-005984,0,1.413406528576803e-09
da-train-005985,0,8.747676415121493e-32
da-train-005986,1,0.9961728803930562
da-train-005987,0,1.260908279677114e-29
da-train-005988,0,6.908809191257031e-08
da-train-005989,1,0.9994040593069308
da-train-005990,1,0.9992047474500468
da-train-005991,0,2.7735828565651207e-07
da-train-005992,1,0.9969875444889745
da-train-005993,0,0.00033994189135211843
da-train-005994,0,6.081516072518191e-17
da-train-005995,0,2.8460083636685006e-12
da-train-005996,0,3.619767590851499e-15
da-train-005997,0,3.0612353944980777e-13
da-train-005998,0,2.0568556976694104e-14
da-train-005999,0,4.809715329479585e-13
da-train-006000,0,7.312652876825909e-21
da-train-006001,0,2.8914332836345376e-11
da-train-006002,0,8.723778590151985e-14
da-train-006003,0,5.0983984600612405e-08
da-train-006004,0,7.282789988199495e-10
da-train-006005,1,0.9864203155567685
da-train-006006,1,0.9916272593053989
da-train-006007,1,0.9891765209649809
da-train-006008,1,0.9938321576379905
da-train-006009,0,2.0372969353108477e-11
da-train-006010,1,0.9919831531162253
da-train-006011,0,1.5995190326045646e-07
da-train-006012,0,9.344521443997774e-10
da-train-006013,1,0.9928268365256212
da-train-006014,0,2.0419389315723904e-11
da-train-006015,0,9.09688917176624e-26
da-train-006016,0,5.364165764415488e-13
da-train-006017,0,6.07965005705229e-14
da-train-006018,0,7.518016466279508e-11
da-train-006019,0,0.001663367253599183
da-train-006020,1,0.9594347437232411
da-train-006021,0,5.3692370282743495e-20
da-train-006022,0,1.2990039541872272e-19
da-train-006023,0,0.02910280273163088
da-train-006024,0,1.0702878186829714e-05
da-train-006025,0,0.017607979380592113
da-train-006026,1,0.9690331285391128
da-train-006027,1,0.9843807116672941
da-train-006028,0,4.475373216775695e-12
da-train-006029,0,0.00044567631051639807
da-train-006030,0,2.7037987485143645e-25
da-train-006031,0,0.042544656247741654
da-train-006032,0,7.462789243300573e-17
da-train-006033,0,0.0007794859874996904
da-train-006034,0,1.8277367081183085e-06
da-train-006035,1,0.9817561303922346
da-train-006036,0,3.408817509046084e-27
da-train-006037,0,5.733467996236985e-07
da-train-006038,0,3.862100636663682e-27
da-train-006039,0,2.9534665671806506e-14
da-train-006040,0,1.901349959472482e-11
da-train-006041,0,0.000744606702041201
da-train-006042,0,2.766247194346046e-16
da-train-006043,0,1.7671389823941275e-23
da-train-006044,0,3.29811954325187e-06
da-train-006045,0,3.554488744446482e-10
da-train-006046,0,4.826432198972989e-26
da-train-006047,0,7.062300794291594e-18
da-train-006048,1,0.9918759492995353
da-train-006049,0,8.500681179340454e-06
da-train-006050,0,4.765203150877102e-21
da-train-006051,1,0.9979165698531821
da-train-006052,0,0.05415243069163352
da-train-006053,0,5.102437322727894e-05
da-train-006054,0,0.0011500422556463654
da-train-006055,0,1.325775911902201e-05
da-train-006056,1,0.9945885644615188
da-train-006057,0,2.7214798933609276e-05
da-train-006058,0,2.7688972742714135e-11
da-train-006059,0,3.010736799779714e-07
da-train-006060,0,7.555814678123606e-08
da-train-006061,0,8.914934630169986e-07
da-train-006062,0,1.4828847926420277e-12
da-train-006063,1,0.999603346513943
da-train-006064,0,1.2582078739224303e-10
da-train-006065,1,0.9618350576727933
da-train-006066,0,1.2396048518833937e-09
da-train-006067,0,3.699230340093776e-12
da-train-006068,1,0.9971968809723085
da-train-006069,1,0.9563219739258416
da-train-006070,0,4.4091347340535615e-18
da-train-006071,0,1.155585369877672e-18
da-train-006072,0,3.1407769063975405e-06
da-train-006073,0,1.0018699159171101e-05
da-train-006074,0,2.0767168825545283e-29
da-train-006075,0,2.902625686416694e-16
da-train-006076,1,0.9572971683905749
da-train-006077,0,9.565662119076961e-26
da-train-006078,0,1.7903207478716374e-26
da-train-006079,1,0.9814337095370927
da-train-006080,0,3.3343576839857e-22
da-train-006081,0,1.9334102581853023e-11
da-train-006082,0,0.0007131284863563132
da-train-006083,0,1.1308346743304751e-13
da-train-006084,0,1.3952106063951468e-05
da-train-006085,0,1.4219380426671671e-11
da-train-006086,0,3.645623195844259e-18
da-train-006087,0,9.683762051712929e-08
da-train-006088,0,4.8227939663041985e-11
da-train-006089,1,0.999560656069355
da-train-006090,0,2.5348318101502635e-27
da-train-006091,0,1.9754673781844516e-08
da-train-006092,1,0.9987647535768932
da-train-006093,0,5.4937721160007e-21
da-train-006094,0,1.1341203200035868e-09
da-train-006095,0,8.347035711117882e-24
da-train-006096,1,0.9771709067188521
da-train-006097,0,1.4097312193749322e-26
da-train-006098,0,3.9776177451551786e-10
da-train-006099,0,9.070720583450746e-13
da-train-006100,0,4.024952387632342e-09
da-train-006101,1,0.9960127622183687
da-train-006102,1,0.9979114274303106
da-train-006103,0,9.666788390247e-07
da-train-006104,1,0.9515784173629047
da-train-006105,0,3.566604777733991e-27
da-train-006106,0,4.20365274977343e-24
da-train-006107,1,0.973911178496469
da-train-006108,0,1.556463876885904e-14
da-train-006109,1,0.9945268041475231
da-train-006110,0,1.6121078000284746e-05
da-train-006111,1,0.9982564410337872
da-train-006112,0,0.0008071182153374245
da-train-006113,0,0.10671543049654271
da-train-006114,0,2.5052354909411546e-14
da-train-006115,0,6.480836626756331e-15
da-train-006116,0,1.3641552080372042e-07
da-train-006117,1,0.9907331667247298
da-train-006118,0,3.6198643431950666e-05
da-train-006119,1,0.9771186028330865
da-train-006120,0,8.803158726275848e-08
da-train-006121,0,4.680219877496856e-10
da-train-006122,0,6.471533533908443e-14
da-train-006123,0,6.965596007749204e-08
da-train-006124,0,4.291916283872474e-06
da-train-006125,0,6.912526256048145e-13
da-train-006126,0,0.0038558336462451537
da-train-006127,1,0.9859575438336824
da-train-006128,0,2.881838168509753e-28
da-train-006129,0,5.497947770744932e-17
da-train-006130,0,1.205521708178748e-07
da-train-006131,0,5.106849220229874e-21
da-train-006132,0,0.005113300962493922
da-train-006133,1,0.9771836717769036
da-train-006134,0,2.631106502248202e-19
da-train-006135,0,2.4968838233784346e-28
da-train-006136,0,2.981828504984235e-05
da-train-006137,0,4.311752757027839e-17
da-train-006138,0,8.710446398905306e-11
da-train-006139,0,1.8796325112417549e-16
da-train-006140,0,4.1446612905582783e-16
da-train-006141,0,5.029362758118022e-16
da-train-006142,0,0.00045767658277037315
da-train-006143,0,2.2968607257680622e-12
da-train-006144,0,1.5399410844436012e-16
da-train-006145,0,1.474370646810208e-10
da-train-006146,0,1.024631428689415e-12
da-train-006147,0,2.835365497533949e-11
da-train-006148,1,0.9935573089646205
da-train-006149,0,1.4190392123922843e-06
da-train-006150,0,0.0007394087269934397
da-train-006151,0,2.0293546930303503e-07
da-train-006152,1,0.9924468265083842
da-train-006153,0,1.3649473639521865e-12
da-train-006154,0,3.6512168007006567e-09
da-train-006155,0,7.40761972305003e-05
da-train-006156,0,1.9514538029803854e-09
da-train-006157,0,2.4093563837852496e-17
da-train-006158,0,9.062688760908785e-10
da-train-006159,0,9.253154928939596e-05
da-train-006160,1,0.9879691315501348
da-train-006161,0,4.4697745147643305e-14
da-train-006162,0,1.606071729612337e-07
da-train-006163,0,1.7645234539062723e-10
da-train-006164,0,2.642033593226008e-08
da-train-006165,0,2.0903093016023627e-07
da-train-006166,0,1.1115560124487477e-11
da-train-006167,1,0.9847631171140233
da-train-006168,0,2.9815422765022382e-06
da-train-006169,0,0.045621423020934936
da-train-006170,0,2.858514562533123e-11
da-train-006171,0,1.7167870665448092e-07
da-train-006172,1,0.9861102705269676
da-train-006173,0,2.0973376891170127e-18
da-train-006174,1,0.9572067712911032
da-train-006175,0,8.728925019824251e-32
da-train-006176,0,1.277519605758994e-22
da-train-006177,0,0.0004475682421586848
da-train-006178,1,0.9974103578884795
da-train-006179,0,5.423145435733093e-27
da-train-006180,0,1.9489326710167288e-05
da-train-006181,0,2.1109254021248403e-05
da-train-006182,0,1.6197256921602768e-06
da-train-006183,0,1.843424028432012e-10
da-train-006184,0,9.894356926512798e-11
da-train-006185,0,0.00023805265014677237
da-train-006186,0,1.3717983541195648e-09
da-train-006187,1,0.9974341118930639
da-train-006188,0,3.7916923395011784e-26
da-train-006189,0,2.0656969774713263e-15
da-train-006190,0,2.0615990149392707e-09
da-train-006191,0,1.4258861787372514e-06
da-train-006192,0,4.668960943020342e-10
da-train-006193,0,1.3085669525089552e-06
da-train-006194,0,3.0328118369191857e-05
da-train-006195,0,1.8978316245561834e-16
da-train-006196,0,1.5689329024711185e-05
da-train-006197,1,0.9837376740627074
da-train-006198,0,5.4822271986054e-10
da-train-006199,0,2.4438353436658783e-28
da-train-006200,0,5.912903942518889e-10
da-train-006201,1,0.9939593241861705
da-train-006202,0,1.0954474025092654e-32
da-train-006203,0,3.949410079192813e-15
da-train-006204,0,0.006334812539604909
da-train-006205,0,5.2584085624599096e-05
da-train-006206,0,1.4401416936533443e-14
da-train-006207,1,0.4853672645524811
da-train-006208,0,1.3840371996307303e-19
da-train-006209,0,1.3020677305792635e-07
da-train-006210,0,2.4830483877618837e-24
da-train-006211,0,2.398656744939923e-26
da-train-006212,1,0.9977713626131663
da-train-006213,0,1.0334343913428605e-15
da-train-006214,0,1.681148806701723e-05
da-train-006215,1,0.9957668907276128
da-train-006216,1,0.9867327876137634
da-train-006217,0,2.372435597819022e-15
da-train-006218,0,8.46285864911323e-18
da-train-006219,0,2.6418003993659406e-21
da-train-006220,0,9.610185638061237e-14
da-train-006221,0,1.0660515913766839e-19
da-train-006222,0,9.510802115424681e-09
da-train-006223,1,0.9960946497337139
da-train-006224,0,4.701215203396126e-19
da-train-006225,1,0.9925479412880162
da-train-006226,0,1.7392650641736055e-06
da-train-006227,0,2.6184506553458847e-24
da-train-006228,1,0.9863401365900276
da-train-006229,0,5.200691726699578e-25
da-train-006230,0,0.00012886306761544376
da-train-006231,0,1.6452037889654311e-06
da-train-006232,0,4.775498939748331e-20
da-train-006233,0,4.824587385254581e-09
da-train-006234,0,7.125520996315772e-17
da-train-006235,0,1.9906159670680203e-31
da-train-006236,0,1.8262618393672284e-18
da-train-006237,1,0.9838805000782701
da-train-006238,0,2.344759071022812e-12
da-train-006239,0,6.211063935238029e-10
da-train-006240,0,3.1977856263927587e-25
da-train-006241,0,2.9200443866187664e-14
da-train-006242,0,2.1216516764794203e-07
da-train-006243,0,3.895922611637374e-20
da-train-006244,1,0.9502330425692477
da-train-006245,1,0.9943324873580904
da-train-006246,0,3.761316646767308e-17
da-train-006247,0,2.4760647397422273e-10
da-train-006248,0,1.2826721605531069e-17
da-train-006249,0,4.168454546206416e-31
da-train-006250,0,0.00017076646269183923
da-train-006251,0,3.6419712769685407e-06
da-train-006252,0,6.183615942195179e-07
da-train-006253,0,1.277652523227964e-19
da-train-006254,0,3.0485008849514736e-15
da-train-006255,0,3.949231852548025e-09
da-train-006256,1,0.9800210865760461
da-train-006257,0,0.0008828858243136183
da-train-006258,1,0.9853502557409364
da-train-006259,1,0.9963779888167131
da-train-006260,0,0.0017577510082147664
da-train-006261,0,2.8617925198035833e-10
da-train-006262,0,2.0722229249939931e-22
da-train-006263,0,1.5162023163584903e-10
da-train-006264,0,9.044624158674513e-19
da-train-006265,0,1.3693851446224182e-13
da-train-006266,0,0.00023290356435284735
da-train-006267,0,4.31399391246131e-13
da-train-006268,1,0.9731192397490295
da-train-006269,0,3.7131613760382255e-23
da-train-006270,1,0.9930736336285634
da-train-006271,0,2.2599178911619255e-06
da-train-006272,0,1.8827557533971173e-07
da-train-006273,0,3.103283095913987e-08
da-train-006274,0,2.098940626348598e-11
da-train-006275,0,1.532027206192238e-28
da-train-006276,0,1.5104520821410685e-12
da-train-006277,0,1.3837093490218106e-15
da-train-006278,0,4.528055358356786e-26
da-train-006279,0,2.6913627490735283e-08
da-train-006280,1,0.9982579394777011
da-train-006281,1,0.8072260638580954
da-train-006282,0,1.4159517977503249e-14
da-train-006283,1,0.985272151663679
da-train-006284,1,0.9817221929091776
da-train-006285,0,0.00026286925923476516
da-train-006286,1,0.9959717577135807
da-train-006287,0,5.361573506676187e-22
da-train-006288,0,1.0149301279609374e-06
da-train-006289,0,1.0884754042942382e-09
da-train-006290,0,2.6902680112371658e-05
da-train-006291,0,3.672229260105463e-06
da-train-006292,0,1.3016028128945407e-16
da-train-006293,1,0.9937411481499758
da-train-006294,0,3.819582821547164e-18
da-train-006295,0,9.082726986308451e-23
da-train-006296,0,0.11093006215754757
da-train-006297,0,2.3698226913817982e-08
da-train-006298,0,1.7880089055175542e-10
da-train-006299,0,1.8026232676248606e-07
da-train-006300,0,2.0857448902305495e-05
da-train-006301,0,1.614527252287184e-17
da-train-006302,0,2.5330717047064274e-20
da-train-006303,1,0.9589000277603322
da-train-006304,0,5.804273236667641e-05
da-train-006305,1,0.9960214707830618
da-train-006306,0,4.1594486635004184e-15
da-train-006307,1,0.9853738706301423
da-train-006308,0,8.937213627322273e-13
da-train-006309,0,4.7504575887770274e-27
da-train-006310,0,1.3396384950415957e-05
da-train-006311,0,8.345828681300783e-20
da-train-006312,0,5.389511464011727e-07
da-train-006313,0,2.129028763076856e-10
da-train-006314,0,0.0014924844389603096
da-train-006315,1,0.9853286384398992
da-train-006316,1,0.9901957360092513
da-train-006317,0,9.764892417596428e-17
da-train-006318,0,1.1338825475320897e-11
da-train-006319,0,3.775066750522665e-08
da-train-006320,0,2.609936178438919e-17
da-train-006321,0,4.2617431234959434e-10
da-train-006322,0,2.4483527967093693e-19
da-train-006323,0,1.0214990718413184e-08
da-train-006324,0,1.0663152397656614e-06
da-train-006325,0,1.595066959766511e-12
da-train-006326,0,5.086016437854554e-16
da-train-006327,0,7.497642825093626e-19
da-train-006328,1,0.9963196206337014
da-train-006329,0,7.618806206703022e-05
da-train-006330,1,0.9965979025452135
da-train-006331,1,0.9817010550822401
da-train-006332,1,0.9978774169702468
da-train-006333,1,0.9975792498330741
da-train-006334,1,0.9981283505523781
da-train-006335,0,3.482125772112152e-08
da-train-006336,0,1.1292246663974448e-13
da-train-006337,1,0.9919128361967706
da-train-006338,0,5.077100458687913e-12
da-train-006339,0,4.501115788424189e-16
da-train-006340,0,7.372995063737127e-05
da-train-006341,0,2.8542036874886768e-24
da-train-006342,0,0.0006065394614853599
da-train-006343,0,2.3652681688699637e-08
da-train-006344,1,0.9822413390238172
da-train-006345,0,5.923117818518919e-14
da-train-006346,1,0.9818561644490355
da-train-006347,0,1.4801384193236251e-07
da-train-006348,0,0.0001976246185229364
da-train-006349,0,2.648736327691808e-31
da-train-006350,0,2.7021819308424677e-09
da-train-006351,0,3.647439417287424e-10
da-train-006352,0,7.824261390876375e-13
da-train-006353,0,5.102120295982292e-09
da-train-006354,1,0.9951580920017307
da-train-006355,0,9.185177828707423e-15
da-train-006356,1,0.9958065445014975
da-train-006357,0,1.492605062120352e-12
da-train-006358,0,1.0288147451151883e-10
da-train-006359,0,5.423361000234103e-15
da-train-006360,0,3.4815209011713725e-20
da-train-006361,0,0.0002926722699293436
da-train-006362,0,4.054292407179046e-11
da-train-006363,0,2.845608350672078e-15
da-train-006364,0,1.3872266780794563e-20
da-train-006365,0,5.877904397718183e-20
da-train-006366,0,1.5558187727655363e-21
da-train-006367,0,6.658134780193033e-23
da-train-006368,0,8.945680369979699e-14
da-train-006369,1,0.9822337114142655
da-train-006370,0,1.3045540452992167e-07
da-train-006371,0,5.537647302409906e-20
da-train-006372,1,0.9972896427575718
da-train-006373,1,0.9966821009775605
da-train-006374,0,1.666412507168346e-17
da-train-006375,0,2.509351361944369e-17
da-train-006376,1,0.9915502062920069
da-train-006377,1,0.9668879033419087
da-train-006378,0,0.0014079894469578847
da-train-006379,0,3.085387016963138e-07
da-train-006380,0,1.3894586789135953e-13
da-train-006381,1,0.989770084584285
da-train-006382,0,8.385086616890777e-21
da-train-006383,0,1.5530118157620477e-22
da-train-006384,1,0.9940192092780175
da-train-006385,0,1.1128553751833924e-11
da-train-006386,0,6.415572835926194e-29
da-train-006387,0,2.4181983011810114e-06
da-train-006388,1,0.9967104476839145
da-train-006389,0,1.0736276330516022e-25
da-train-006390,0,8.968000964667829e-21
da-train-006391,0,2.28050236580552e-22
da-train-006392,0,9.496085865545865e-07
da-train-006393,0,3.325847870238206e-08
da-train-006394,0,1.421678570977559e-06
da-train-006395,0,1.779297314359521e-19
da-train-006396,1,0.999374837503708
da-train-006397,0,2.1308392263696203e-25
da-train-006398,0,0.003054165100559366
da-train-006399,0,1.2143487779489271e-21
da-train-006400,0,4.869036964675128e-12
da-train-006401,0,9.75993711673169e-12
da-train-006402,0,2.441547902103843e-13
da-train-006403,0,2.5237575912222042e-09
da-train-006404,1,0.9929375651315331
da-train-006405,0,1.7352926307183065e-10
da-train-006406,0,1.9830773879337547e-18
da-train-006407,0,4.786435027413421e-25
da-train-006408,0,4.2609861644000583e-13
da-train-006409,0,0.004304784404061102
da-train-006410,0,0.00016004440531080142
da-train-006411,1,0.9913593839396596
da-train-006412,0,1.3073058558774113e-12
da-train-006413,0,1.038174729304191e-05
da-train-006414,0,4.49763113905299e-17
da-train-006415,0,1.3719956392076263e-29
da-train-006416,0,1.6558525396124902e-13
da-train-006417,0,1.0371462842262248e-08
da-train-006418,0,4.7980416852076727e-23
da-train-006419,0,1.0602730169260916e-05
da-train-006420,0,4.284643050739466e-06
da-train-006421,0,0.0004135778027241344
da-train-006422,1,0.9892687072233631
da-train-006423,0,2.3524614390617634e-07
da-train-006424,1,0.9843125253501702
da-train-006425,0,2.2815317264463493e-07
da-train-006426,0,3.244383676598662e-08
da-train-006427,0,9.758484758688559e-17
da-train-006428,0,5.5408979122550685e-06
da-train-006429,0,0.0014807988372715882
da-train-006430,0,7.516817983693672e-24
da-train-006431,0,9.120754289946409e-14
da-train-006432,0,1.0585214080807816e-09
da-train-006433,1,0.996623888792377
da-train-006434,0,1.2514874175810832e-07
da-train-006435,1,0.9400477522913615
da-train-006436,1,0.9955800726105006
da-train-006437,0,0.0009056577366024035
da-train-006438,1,0.997119410146604
da-train-006439,0,1.140016259862268e-09
da-train-006440,0,7.567781971755272e-18
da-train-006441,0,0.0013255146410414826
da-train-006442,0,0.004186227289821552
da-train-006443,0,7.830402734757648e-08
da-train-006444,0,4.0225620725594193e-32
da-train-006445,0,0.0017999094203423177
da-train-006446,0,2.0314960239725705e-05
da-train-006447,0,4.0620832679150035e-20
da-train-006448,0,1.900585635938992e-18
da-train-006449,1,0.9586279325509072
da-train-006450,1,0.9955852120026258
da-train-006451,0,9.229394227357423e-10
da-train-006452,1,0.9935075825896926
da-train-006453,0,6.167202802233322e-08
da-train-006454,1,0.9723198827570331
da-train-006455,0,4.35663879629414e-15
da-train-006456,0,5.253500232440662e-15
da-train-006457,0,3.1060766165062874e-16
da-train-006458,0,3.8730292294330784e-10
da-train-006459,0,8.777638085816677e-08
da-train-006460,0,6.231985185234927e-22
da-train-006461,0,1.8754432283399084e-07
da-train-006462,0,0.00014107657886352796
da-train-006463,0,3.525779376953639e-10
da-train-006464,0,1.5201946309119199e-12
da-train-006465,0,7.696267045934332e-10
da-train-006466,1,0.9969830867041192
da-train-006467,0,8.223870030538586e-09
da-train-006468,0,2.1726655191296594e-16
da-train-006469,0,1.8044598869061372e-06
da-train-006470,0,1.7162142351387678e-09
da-train-006471,0,0.059874306636786584
da-train-006472,0,1.503709532654045e-11
da-train-006473,0,2.887349077084838e-18
da-train-006474,0,1.8178917902247515e-09
da-train-006475,0,1.1849306253406337e-18
da-train-006476,0,8.575014662103406e-15
da-train-006477,0,7.824053709649462e-17
da-train-006478,1,0.9959025609581316
da-train-006479,0,0.01799099239639342
da-train-006480,0,1.0004469979331968e-18
da-train-006481,0,3.3461850397713506e-17
da-train-006482,0,5.002368465401216e-09
da-train-006483,1,0.9924847709233711
da-train-006484,0,5.587866902901303e-07
da-train-006485,0,5.769796195706943e-26
da-train-006486,0,5.343982119671894e-10
da-train-006487,0,3.4249605592991016e-24
da-train-006488,0,1.695107661911001e-12
da-train-006489,0,2.1455527592362976e-05
da-train-006490,0,7.980400574337812e-21
da-train-006491,0,8.645358253799382e-08
da-train-006492,0,9.324458737237019e-05
da-train-006493,0,2.7246935509192215e-20
da-train-006494,0,1.0288131923165478e-27
da-train-006495,0,3.5263049583465e-07
da-train-006496,0,1.5254582663337402e-06
da-train-006497,0,1.8354220293718513e-12
da-train-006498,0,3.5502415917230514e-10
da-train-006499,0,0.002162280701004795
da-train-006500,0,2.5289176579240025e-27
da-train-006501,0,1.8809297514178943e-20
da-train-006502,1,0.9970748146856895
da-train-006503,0,2.4550110310865564e-07
da-train-006504,0,2.6900882007937336e-13
da-train-006505,0,3.7356251730600954e-17
da-train-006506,0,6.368705194565102e-07
da-train-006507,0,3.2494898499022557e-21
da-train-006508,0,1.8984321292693712e-22
da-train-006509,0,3.204979163406341e-09
da-train-006510,0,3.601872655824986e-12
da-train-006511,1,0.9709337862751902
da-train-006512,0,1.6703023035577556e-20
da-train-006513,0,2.930962724439751e-10
da-train-006514,0,4.4512418497770424e-05
da-train-006515,1,0.9969795416901336
da-train-006516,1,0.9958451145876038
da-train-006517,0,2.456631821508525e-07
da-train-006518,0,5.991578832651936e-19
da-train-006519,0,1.914749029339952e-11
da-train-006520,0,3.8658658564772575e-14
da-train-006521,1,0.9940967860519333
da-train-006522,0,2.3926894258230663e-14
da-train-006523,0,1.0833790654464633e-07
da-train-006524,0,1.6018497895339498e-07
da-train-006525,1,0.9685292465043415
da-train-006526,1,0.9887494375974285
da-train-006527,1,0.9959981448705658
da-train-006528,0,1.9125079733610582e-07
da-train-006529,0,4.2454257474535826e-09
da-train-006530,0,0.00025046061427433115
da-train-006531,0,1.6039577336007146e-07
da-train-006532,0,7.026356106868162e-07
da-train-006533,0,6.710154740091633e-10
da-train-006534,0,9.370449965876412e-14
da-train-006535,0,2.4875633624525223e-22
da-train-006536,1,0.9977589176902413
da-train-006537,1,0.9944219275923136
da-train-006538,0,1.5817894710960493e-14
da-train-006539,0,1.9900122992205197e-09
da-train-006540,0,0.0001041867250530105
da-train-006541,0,1.6514205680997355e-13
da-train-006542,0,0.37945998277124754
da-train-006543,0,1.6449013498004605e-34
da-train-006544,1,0.9935032138470069
da-train-006545,0,5.997228621793648e-07
da-train-006546,0,3.585353879095631e-05
da-train-006547,0,1.0084176803652642e-18
da-train-006548,0,9.212124886937162e-25
da-train-006549,0,0.025094519855525535
da-train-006550,1,0.8187190641306833
da-train-006551,0,3.51634701396761e-08
da-train-006552,0,3.2505414064969675e-22
da-train-006553,0,6.748683580941774e-06
da-train-006554,1,0.9966000238885545
da-train-006555,0,4.462049163418653e-28
da-train-006556,1,0.9750890236399948
da-train-006557,0,8.773351861856267e-11
da-train-006558,0,2.2013274134430207e-18
da-train-006559,0,3.994366599700231e-06
da-train-006560,1,0.983443389875322
da-train-006561,0,7.1521122040642994e-06
da-train-006562,0,3.9260250337045175e-07
da-train-006563,0,0.0013423769434018037
da-train-006564,1,0.9982254716682339
da-train-006565,0,1.8088867174912454e-17
da-train-006566,1,0.9974219546407093
da-train-006567,0,5.24630976374789e-09
da-train-006568,0,2.361268454179325e-12
da-train-006569,0,4.7279243703027235e-28
da-train-006570,0,3.474052301006637e-10
da-train-006571,0,8.801817494349991e-16
da-train-006572,0,0.044022794786583275
da-train-006573,0,1.5212582399291928e-22
da-train-006574,0,4.744433573846979e-29
da-train-006575,0,3.7024862293009766e-07
da-train-006576,1,0.982529822395902
da-train-006577,0,9.310045747667573e-11
da-train-006578,0,0.004237185115089303
da-train-006579,0,7.157318608674365e-07
da-train-006580,0,3.7249356324875282e-06
da-train-006581,0,1.5133408689491626e-13
da-train-006582,0,2.501611464468572e-13
da-train-006583,1,0.9979900841621264
da-train-006584,0,0.01905208197472582
da-train-006585,1,0.994897592535224
da-train-006586,0,8.07142060758097e-21
da-train-006587,0,2.970817225893404e-09
da-train-006588,0,2.9248405426071407e-19
da-train-006589,0,9.104937450894506e-14
da-train-006590,0,3.528669356493557e-27
da-train-006591,0,1.9480211728383047e-13
da-train-006592,0,3.869075602418829e-10
da-train-006593,0,4.711667292930819e-14
da-train-006594,0,1.0563721527225688e-07
da-train-006595,0,1.5370602439964038e-06
da-train-006596,0,1.5304107333663673e-09
da-train-006597,0,2.394955398025027e-07
da-train-006598,1,0.9976486599328737
da-train-006599,0,5.1199322437461775e-14
da-train-006600,0,3.3369484575320634e-06
da-train-006601,0,2.4640692045477064e-23
da-train-006602,0,4.813725716801156e-29
da-train-006603,0,2.2670617647636777e-15
da-train-006604,0,1.0365068091434662e-17
da-train-006605,0,3.499723463584561e-30
da-train-006606,0,2.841505152549699e-15
da-train-006607,0,4.688198239567233e-17
da-train-006608,0,2.955690688424512e-06
da-train-006609,1,0.9572363671870043
da-train-006610,0,2.4774881514656898e-08
da-train-006611,0,0.00039898498717879743
da-train-006612,0,1.0432428692917477e-10
da-train-006613,0,4.482269154817416e-05
da-train-006614,0,3.7452666469931407e-23
da-train-006615,1,0.9951544859538449
da-train-006616,0,2.6559892389385483e-06
da-train-006617,0,1.9060965759739733e-09
da-train-006618,0,1.2160542870284584e-06
da-train-006619,0,2.08256628057117e-14
da-train-006620,0,6.697128217438713e-08
da-train-006621,0,1.8666912923540484e-11
da-train-006622,0,4.007707648947875e-08
da-train-006623,1,0.9867638597776537
da-train-006624,1,0.9966270463382276
da-train-006625,0,1.2407385444108e-07
da-train-006626,0,3.301501947670656e-12
da-train-006627,1,0.9628372799883896
da-train-006628,0,1.0968115463988844e-08
da-train-006629,0,2.0311667605688104e-07
da-train-006630,0,1.905795845737761e-12
da-train-006631,0,1.4089639563536883e-23
da-train-006632,1,0.9931371249096338
da-train-006633,0,2.6118277753090423e-15
da-train-006634,1,0.9844522206535643
da-train-006635,0,2.4894979723018435e-07
da-train-006636,0,2.191935754005597e-19
da-train-006637,1,0.9731279369901303
da-train-006638,1,0.9840604188114717
da-train-006639,0,1.240502600321527e-07
da-train-006640,1,0.993899378244835
da-train-006641,0,4.0206063400821454e-20
da-train-006642,1,0.9985451546843649
da-train-006643,0,6.997752064886169e-25
da-train-006644,1,0.9983687308114559
da-train-006645,0,3.517020898886467e-17
da-train-006646,1,0.9909827469530542
da-train-006647,0,1.082111941587754e-25
da-train-006648,1,0.9824598390048886
da-train-006649,0,0.85129426424837
da-train-006650,0,0.0020734850258469785
da-train-006651,1,0.9983331994175538
da-train-006652,0,0.0003566297260522739
da-train-006653,0,5.06017208572334e-22
da-train-006654,0,8.71663575842152e-22
da-train-006655,1,0.98302448956848
da-train-006656,0,1.741779771899996e-27
da-train-006657,0,1.1590376395017236e-10
da-train-006658,0,1.5464996371107942e-06
da-train-006659,0,0.0005033206378051602
da-train-006660,1,0.9827999651684491
da-train-006661,1,0.9245184148051813
da-train-006662,0,2.6254681334297124e-15
da-train-006663,0,3.554230506259541e-18
da-train-006664,0,2.6281790991913758e-17
da-train-006665,1,0.9845235811800225
da-train-006666,0,1.902188760503979e-11
da-train-006667,1,0.9687285044204961
da-train-006668,0,2.8503396027689315e-22
da-train-006669,0,0.0004931684481719252
da-train-006670,0,2.3594540604639934e-33
da-train-006671,0,1.3453402136952016e-18
da-train-006672,0,1.79648483280342e-18
da-train-006673,0,6.345777161665572e-08
da-train-006674,1,0.9922863654744137
da-train-006675,0,0.00016349005862153172
da-train-006676,0,1.940875142844057e-09
da-train-006677,0,2.801576182226291e-07
da-train-006678,0,7.611730884640489e-18
da-train-006679,1,0.9959013780495952
da-train-006680,0,4.391506319969394e-17
da-train-006681,0,1.3021351294212588e-07
da-train-006682,0,3.6598915333179034e-12
da-train-006683,0,3.840935790136393e-08
da-train-006684,0,4.826150266111426e-11
da-train-006685,0,5.34899561113617e-27
da-train-006686,0,3.576425050620307e-16
da-train-006687,1,0.988630791133038
da-train-006688,0,1.6846090214802812e-32
da-train-006689,0,5.671435374715118e-10
da-train-006690,0,1.7296784404406271e-12
da-train-006691,0,1.6328512897156e-05
da-train-006692,1,0.9435603384728773
da-train-006693,0,1.1735282258081777e-14
da-train-006694,0,0.0009513493374823968
da-train-006695,0,2.8310030135924453e-07
da-train-006696,0,2.2124462204626873e-18
da-train-006697,0,1.212294108684601e-15
da-train-006698,0,0.00018981448323861455
da-train-006699,0,0.0019262614185075648
da-train-006700,0,2.107005387806612e-27
da-train-006701,0,1.9070525921035432e-10
da-train-006702,0,0.024906956365339555
da-train-006703,0,0.0005525741829005569
da-train-006704,0,0.00011075727483452341
da-train-006705,0,3.794329010708418e-13
da-train-006706,0,2.2343513142409263e-31
da-train-006707,0,7.675388034840802e-13
da-train-006708,0,1.446323753362026e-20
da-train-006709,0,2.0122021586345124e-17
da-train-006710,0,1.4691718745571534e-05
da-train-006711,1,0.9903764929550278
da-train-006712,1,0.9662706164365812
da-train-006713,0,1.49209989269964e-08
da-train-006714,0,8.677913443716206e-27
da-train-006715,0,7.125341288531109e-09
da-train-006716,0,4.9335598731024316e-09
da-train-006717,0,3.475348266381947e-08
da-train-006718,0,4.638767449296707e-10
da-train-006719,1,0.9826569685303227
da-train-006720,0,4.713123922371736e-07
da-train-006721,0,3.551151731655338e-10
da-train-006722,0,3.958495721393089e-10
da-train-006723,1,0.9913257803056078
da-train-006724,0,1.4194220149417038e-06
da-train-006725,0,0.000590484914568863
da-train-006726,0,1.5761313903523607e-05
da-train-006727,0,0.00014153402541401986
da-train-006728,0,8.778238909030721e-20
da-train-006729,0,0.017071922866330046
da-train-006730,0,5.278441688848898e-07
da-train-006731,0,0.0011960350984428214
da-train-006732,0,2.000209996247951e-11
da-train-006733,1,0.9826164247780887
da-train-006734,1,0.9841642657304819
da-train-006735,0,5.3916054379258415e-08
da-train-006736,0,5.491228161230349e-28
da-train-006737,0,1.4641759595599211e-08
da-train-006738,1,0.9953416298671934
da-train-006739,0,7.073107111444416e-14
da-train-006740,0,5.3641078946593537e-14
da-train-006741,0,8.012718711127625e-06
da-train-006742,0,4.4138908424546806e-15
da-train-006743,1,0.8255974021366529
da-train-006744,0,9.433062377762595e-08
da-train-006745,1,0.9992907776482848
da-train-006746,0,5.254870255245481e-11
da-train-006747,0,1.2143525572652595e-16
da-train-006748,0,1.782748040954773e-13
da-train-006749,0,8.560198967190644e-19
da-train-006750,0,4.323411019395941e-05
da-train-006751,0,1.5912697532227057e-06
da-train-006752,0,4.088512280991613e-17
da-train-006753,0,1.2138547015735102e-23
da-train-006754,0,2.0754380111667947e-08
da-train-006755,1,0.9832317605916833
da-train-006756,0,2.145422232827091e-23
da-train-006757,0,1.7011493413829962e-10
da-train-006758,1,0.9656291425501219
da-train-006759,0,7.295997898882303e-22
da-train-006760,0,7.061224365888873e-06
da-train-006761,1,0.9928178144956012
da-train-006762,0,9.385368249269273e-11
da-train-006763,0,1.0815867308640948e-22
da-train-006764,1,0.9697410390826574
da-train-006765,1,0.9810649613677138
da-train-006766,1,0.977066588775621
da-train-006767,0,2.0901911621947424e-11
da-train-006768,0,1.2333227669773724e-27
da-train-006769,1,0.9792169527819068
da-train-006770,0,4.680844924674301e-11
da-train-006771,1,0.9975228721296808
da-train-006772,0,1.0377774411105963e-12
da-train-006773,0,5.676138824354676e-13
da-train-006774,1,0.9970085239392686
da-train-006775,0,1.3495036725218737e-12
da-train-006776,0,1.1695434410045777e-08
da-train-006777,0,0.0016696914055976354
da-train-006778,0,8.52603488682469e-14
da-train-006779,0,2.3342330342998028e-17
da-train-006780,0,8.53578932165494e-17
da-train-006781,0,6.431144771954463e-08
da-train-006782,1,0.9992695826714035
da-train-006783,0,0.00036446920191817036
da-train-006784,0,0.0004437639482585603
da-train-006785,0,1.2491162593913292e-08
da-train-006786,0,2.387608953553585e-10
da-train-006787,1,0.9665300622514287
da-train-006788,0,2.418715779190515e-06
da-train-006789,0,4.81325895258026e-10
da-train-006790,0,1.4138255379425323e-08
da-train-006791,0,3.334259073678325e-19
da-train-006792,0,1.2098874460809858e-21
da-train-006793,0,7.042180504691457e-14
da-train-006794,1,0.9926593883327449
da-train-006795,0,0.0005808916778302337
da-train-006796,0,0.005701054191305371
da-train-006797,0,3.9949898950666604e-14
da-train-006798,0,0.00013453227579138358
da-train-006799,0,4.902864441883785e-13
da-train-006800,0,1.7639303778446402e-17
da-train-006801,0,4.623506527610191e-15
da-train-006802,0,1.3190519916214495e-06
da-train-006803,0,0.05430236471249739
da-train-006804,0,8.420314344744017e-17
da-train-006805,0,2.2133219057023834e-08
da-train-006806,0,1.156852418216151e-25
da-train-006807,1,0.9664769928327814
da-train-006808,0,2.3566852922505575e-15
da-train-006809,0,8.116817544075808e-31
da-train-006810,0,2.185703009011345e-09
da-train-006811,0,9.862927787441866e-13
da-train-006812,0,2.985740076574621e-07
da-train-006813,0,1.0197802801460168e-17
da-train-006814,0,4.994249619284172e-18
da-train-006815,1,0.997733801835341
da-train-006816,0,2.3569226285691243e-08
da-train-006817,0,2.435295367672143e-11
da-train-006818,0,0.5100711639272401
da-train-006819,0,1.9236588483535922e-30
da-train-006820,0,6.259245903855708e-06
da-train-006821,0,2.6466614870559954e-25
da-train-006822,0,2.1545982535296554e-10
da-train-006823,1,0.996843693719245
da-train-006824,0,0.9775634957539184
da-train-006825,0,3.4556407973791084e-10
da-train-006826,0,2.922766882452187e-18
da-train-006827,0,5.09330793045849e-06
da-train-006828,0,3.1704020460424966e-10
da-train-006829,0,3.9599036635663274e-13
da-train-006830,1,0.9874291107521351
da-train-006831,0,2.9813846261120275e-18
da-train-006832,0,0.0007540744465837896
da-train-006833,0,1.076024842306396e-24
da-train-006834,0,6.451187242739074e-11
da-train-006835,0,2.010161572354076e-11
da-train-006836,0,0.00035859198383322925
da-train-006837,0,0.0009871624339631423
da-train-006838,0,2.58531810745619e-08
da-train-006839,0,4.184487113376677e-05
da-train-006840,0,6.027487716113239e-10
da-train-006841,0,2.050965153825523e-24
da-train-006842,0,6.18623156305031e-08
da-train-006843,0,0.0008000190618146973
da-train-006844,0,4.32855939848561e-06
da-train-006845,0,7.342285986329728e-21
da-train-006846,0,8.612584331401434e-21
da-train-006847,0,7.660683659241072e-10
da-train-006848,1,0.86330419682323
da-train-006849,0,0.0003106586492439354
da-train-006850,1,0.9978802777842387
da-train-006851,0,5.021152446291784e-19
da-train-006852,0,0.01478543984210616
da-train-006853,1,0.9977772313694181
da-train-006854,0,1.0020894868882537e-19
da-train-006855,1,0.9729964251623696
da-train-006856,0,4.872270749986078e-22
da-train-006857,0,1.0398801972633172e-06
da-train-006858,0,0.03285339945128419
da-train-006859,0,5.588145955616846e-12
da-train-006860,0,6.643262612795227e-08
da-train-006861,0,4.808853442083969e-17
da-train-006862,0,5.9409970295949754e-05
da-train-006863,0,0.0001629928040141897
da-train-006864,0,2.1488140380104633e-11
da-train-006865,0,1.1560404588152167e-07
da-train-006866,0,2.584184984688619e-09
da-train-006867,0,5.270356040694875e-15
da-train-006868,0,6.440489959050159e-07
da-train-006869,0,5.221416189654455e-08
da-train-006870,0,1.557483558789034e-16
da-train-006871,0,2.7318899752367477e-12
da-train-006872,0,1.652287720083059e-09
da-train-006873,1,0.9969694686370533
da-train-006874,0,5.90231832589633e-16
da-train-006875,1,0.9875223994204819
da-train-006876,0,5.200836278026004e-17
da-train-006877,0,5.550042814903188e-12
da-train-006878,1,0.9940585835284949
da-train-006879,0,2.1004830392282834e-27
da-train-006880,1,0.9965480716551474
da-train-006881,1,0.995317575851849
da-train-006882,0,2.4415934545969696e-19
da-train-006883,0,6.085392256305045e-08
da-train-006884,1,0.9850014000457414
da-train-006885,0,9.266664058978861e-07
da-train-006886,1,0.9911507598826218
da-train-006887,0,6.629196385021185e-32
da-train-006888,0,1.7582876708884792e-12
da-train-006889,1,0.9964611544172861
da-train-006890,1,0.9833220690489722
da-train-006891,0,0.0010697800827887424
da-train-006892,0,1.4336875137652091e-13
da-train-006893,0,9.40492992215763e-07
da-train-006894,0,3.659466774372583e-26
da-train-006895,0,1.2692589849090303e-22
da-train-006896,1,0.9909187295724801
da-train-006897,0,0.0002041371361822722
da-train-006898,0,4.899868240640433e-12
da-train-006899,0,0.00400779623737232
da-train-006900,0,2.566304430609731e-07
da-train-006901,0,0.0011041894395813093
da-train-006902,0,0.0005189280497421668
da-train-006903,0,8.075954206077635e-23
da-train-006904,1,0.9817217135070684
da-train-006905,0,2.5199590614153024e-06
da-train-006906,0,1.0821323437163915e-08
da-train-006907,0,2.6484629897601963e-09
da-train-006908,0,1.7431257211779174e-16
da-train-006909,0,1.1257947904690775e-10
da-train-006910,0,2.0501525845734765e-07
da-train-006911,1,0.9996558189748783
da-train-006912,0,1.887799392243415e-05
da-train-006913,0,1.1795558962053519e-09
da-train-006914,0,2.4519226910947664e-07
da-train-006915,0,2.8414977166110704e-10
da-train-006916,0,0.00039694194942525705
da-train-006917,0,5.911730652176272e-21
da-train-006918,0,8.490187538500277e-08
da-train-006919,1,0.9977140680967254
da-train-006920,0,5.995937992917079e-23
da-train-006921,1,0.9831871344052372
da-train-006922,0,1.7654748095177129e-12
da-train-006923,0,3.647897474961945e-19
da-train-006924,1,0.9965624733284519
da-train-006925,0,4.6671588704069074e-18
da-train-006926,1,0.8431890974579646
da-train-006927,0,1.7825355627201648e-32
da-train-006928,0,9.025034394006483e-09
da-train-006929,0,5.841772034257596e-06
da-train-006930,0,4.787297221612698e-19
da-train-006931,0,2.296693800378046e-19
da-train-006932,1,0.9946086223071022
da-train-006933,0,3.4694574345938454e-07
da-train-006934,1,0.9641603543354892
da-train-006935,0,2.295041267327877e-07
da-train-006936,1,0.995338284561225
da-train-006937,0,3.24361030968406e-32
da-train-006938,0,1.674888271130967e-05
da-train-006939,0,1.0339428327548574e-15
da-train-006940,1,0.992411782485174
da-train-006941,0,0.0008177883626554128
da-train-006942,1,0.9982537392088805
da-train-006943,0,7.938030026940132e-06
da-train-006944,0,0.0006470229778179333
da-train-006945,0,2.8988642690326086e-05
da-train-006946,0,4.482506124915555e-14
da-train-006947,0,2.1194947442180866e-05
da-train-006948,0,2.5927165262876513e-19
da-train-006949,0,9.829641921493063e-09
da-train-006950,0,4.8489177634847284e-27
da-train-006951,0,2.514070956986559e-25
da-train-006952,0,0.009064859417728822
da-train-006953,0,1.3701332562350943e-17
da-train-006954,0,1.7805294512433742e-20
da-train-006955,0,0.00027786139839760675
da-train-006956,0,1.4560889936626783e-09
da-train-006957,0,5.882956030947825e-17
da-train-006958,0,1.2089539975936336e-15
da-train-006959,1,0.9894032334851804
da-train-006960,1,0.8562891105995943
da-train-006961,1,0.9592906544250214
da-train-006962,1,0.9999355749970098
da-train-006963,0,0.003255857579928105
da-train-006964,0,1.1637120306907864e-08
da-train-006965,0,5.803580349852699e-27
da-train-006966,0,6.002761783193396e-10
da-train-006967,0,0.0013050828145680104
da-train-006968,0,0.008959975391782808
da-train-006969,0,1.81655280300834e-23
da-train-006970,0,1.3388858758473463e-09
da-train-006971,1,0.996582577924286
da-train-006972,0,1.6367481757736224e-15
da-train-006973,0,5.780764650343415e-23
da-train-006974,0,6.017554742598608e-26
da-train-006975,0,1.194696699338959e-19
da-train-006976,0,6.042822684511732e-09
da-train-006977,0,1.324041756299738e-13
da-train-006978,0,2.085821315095725e-15
da-train-006979,1,0.992373120809111
da-train-006980,0,1.3242653297969232e-24
da-train-006981,0,2.197043742862923e-05
da-train-006982,0,6.687921188188232e-07
da-train-006983,0,1.9285631998867504e-13
da-train-006984,0,1.395174439763712e-07
da-train-006985,0,1.6832664669001224e-11
da-train-006986,0,1.0385590491493276e-10
da-train-006987,0,6.458852790870478e-32
da-train-006988,0,2.1453156356568767e-06
da-train-006989,0,8.773374989924008e-17
da-train-006990,0,5.54425882687267e-12
da-train-006991,1,0.9946654971666264
da-train-006992,0,1.08416147662611e-05
da-train-006993,0,1.1653841748378105e-07
da-train-006994,0,1.1872286255605836e-06
da-train-006995,0,4.3717472094691255e-32
da-train-006996,1,0.9800139472303403
da-train-006997,0,4.086184614456101e-26
da-train-006998,0,8.698977159282279e-05
da-train-006999,0,0.0004231272744177706
da-train-007000,1,0.9867697484712451
da-train-007001,0,1.0688883418208062e-08
da-train-007002,0,2.4313366583424404e-08
da-train-007003,0,4.6945850304097256e-17
da-train-007004,0,2.5625241014981044e-16
da-train-007005,0,2.6078792280289052e-14
da-train-007006,0,2.571183502233247e-11
da-train-007007,1,0.9645927448908681
da-train-007008,0,5.472881772021385e-16
da-train-007009,0,2.91909689137793e-09
da-train-007010,0,7.76772488125984e-07
da-train-007011,0,0.0046586185688764796
da-train-007012,0,4.2015005684057715e-14
da-train-007013,0,9.834186143431449e-16
da-train-007014,0,8.4632129260082e-05
da-train-007015,1,0.9678709969973234
da-train-007016,0,3.2660418838417363e-09
da-train-007017,0,3.0785167722407066e-17
da-train-007018,0,1.7636468700901446e-33
da-train-007019,0,8.747503873069985e-13
da-train-007020,0,1.603889894725389e-10
da-train-007021,0,1.301456009313188e-08
da-train-007022,0,7.203422798328484e-09
da-train-007023,1,0.9970657222590645
da-train-007024,0,2.066159858077553e-14
da-train-007025,0,3.199644196965401e-08
da-train-007026,0,1.3117566249482267e-07
da-train-007027,0,0.0522570300514675
da-train-007028,0,2.1017190752821516e-08
da-train-007029,0,1.8119040074834898e-26
da-train-007030,0,0.0010212934995721748
da-train-007031,0,2.2757569074203365e-13
da-train-007032,1,0.9836122256491144
da-train-007033,0,2.7519179198179298e-11
da-train-007034,0,5.002853000513476e-10
da-train-007035,1,0.9952794108392565
da-train-007036,1,0.9975205554079821
da-train-007037,1,0.5255211306103847
da-train-007038,0,2.1225718697672002e-08
da-train-007039,0,3.8202992581980966e-11
da-train-007040,0,1.861677643404568e-17
da-train-007041,0,2.3943781611433753e-05
da-train-007042,0,9.712947604900024e-11
da-train-007043,0,1.0795306779608611e-14
da-train-007044,0,5.905760462004308e-13
da-train-007045,0,2.4948525189379333e-05
da-train-007046,0,1.3806454411619026e-10
da-train-007047,0,1.1245287962457054e-17
da-train-007048,0,2.3840738357471754e-12
da-train-007049,0,1.4299551052967418e-11
da-train-007050,0,2.0240910580840262e-05
da-train-007051,1,0.9990662975320421
da-train-007052,0,1.6426968124595237e-22
da-train-007053,1,0.9926562660367554
da-train-007054,1,0.9889523882876055
da-train-007055,0,1.966715175802469e-29
da-train-007056,0,7.976656965940408e-07
da-train-007057,0,2.6315633016704855e-05
da-train-007058,0,1.9398817692207092e-32
da-train-007059,0,1.6614638392955094e-05
da-train-007060,0,1.3192399327121e-09
da-train-007061,0,8.205540624052488e-07
da-train-007062,0,3.640063195765289e-07
da-train-007063,0,3.914004004049206e-14
da-train-007064,0,1.7138998285476405e-09
da-train-007065,0,3.2852023667714276e-15
da-train-007066,0,1.1342159204853683e-17
da-train-007067,0,1.603685230410531e-15
da-train-007068,0,8.742749727478453e-19
da-train-007069,0,0.00016087973952544292
da-train-007070,0,1.656437457257235e-05
da-train-007071,0,9.626119881578723e-13
da-train-007072,1,0.9796986498446122
da-train-007073,1,0.9310070370929943
da-train-007074,0,1.352214360559262e-17
da-train-007075,1,0.9846199432478707
da-train-007076,0,1.968736060369757e-05
da-train-007077,0,6.588323647822994e-27
da-train-007078,0,0.0001804749170219577
da-train-007079,0,3.344755875160131e-05
da-train-007080,0,8.328940850016e-06
da-train-007081,1,0.9817884229167024
da-train-007082,0,1.1342497903864901e-10
da-train-007083,0,1.4415603626500564e-13
da-train-007084,0,2.9541238670270614e-09
da-train-007085,0,4.0011406682012814e-05
da-train-007086,1,0.9948577819070024
da-train-007087,0,4.4857618277242406e-05
da-train-007088,0,1.6199001779968267e-19
da-train-007089,0,1.0249353696020385e-05
da-train-007090,0,3.848731452958403e-14
da-train-007091,1,0.9978388341238799
da-train-007092,0,6.528666612994243e-12
da-train-007093,0,7.39441843253166e-13
da-train-007094,1,0.9967401552619538
da-train-007095,0,2.4938934062194067e-10
da-train-007096,1,0.9828781731985105
da-train-007097,0,3.341635956163967e-15
da-train-007098,0,1.8929516930301717e-22
da-train-007099,0,5.8989768820909065e-06
da-train-007100,0,2.5458730149796417e-06
da-train-007101,0,1.7750041358548454e-12
da-train-007102,0,3.018231734888272e-10
da-train-007103,0,1.4403945591382014e-07
da-train-007104,0,5.130212753056151e-17
da-train-007105,1,0.9890354172834818
da-train-007106,0,8.9554893773086e-18
da-train-007107,0,1.3404611224658706e-07
da-train-007108,0,8.98797370630987e-21
da-train-007109,0,9.454499360071805e-19
da-train-007110,0,2.485478742294729e-15
da-train-007111,1,0.9863657006077743
da-train-007112,1,0.9985435898952476
da-train-007113,0,0.37040692732742153
da-train-007114,0,4.008549072644188e-13
da-train-007115,0,1.199900035955146e-11
da-train-007116,0,2.2561364950173264e-15
da-train-007117,1,0.9888865314858823
da-train-007118,0,9.261087928406883e-21
da-train-007119,0,9.446693910308104e-08
da-train-007120,0,3.9155179944716775e-07
da-train-007121,0,0.00044086255180987365
da-train-007122,0,3.622209361415761e-15
da-train-007123,1,0.9855330530886505
da-train-007124,1,0.9976576795852955
da-train-007125,0,2.923035580480105e-11
da-train-007126,0,5.864489536987718e-16
da-train-007127,1,0.9864590149539617
da-train-007128,0,6.554860791332236e-15
da-train-007129,0,4.269816909325706e-07
da-train-007130,0,1.3486298542355803e-13
da-train-007131,1,0.9657071317785193
da-train-007132,0,1.6929793014775674e-21
da-train-007133,0,4.73338907953973e-15
da-train-007134,1,0.996270801013791
da-train-007135,0,7.341044167100571e-23
da-train-007136,1,0.9869921493141408
da-train-007137,0,1.095488436026558e-15
da-train-007138,0,3.3304012997915515e-16
da-train-007139,0,8.009881535350024e-11
da-train-007140,1,0.9975129326858442
da-train-007141,0,9.10680633723814e-08
da-train-007142,0,1.4645960928369125e-07
da-train-007143,0,1.7580784365924442e-29
da-train-007144,1,0.9736437444748742
da-train-007145,0,5.32899832208401e-12
da-train-007146,1,0.9982586468000602
da-train-007147,0,3.296500216225224e-20
da-train-007148,0,0.0002868617194580294
da-train-007149,0,6.274230259819198e-05
da-train-007150,1,0.9209316343199058
da-train-007151,0,1.2865749610066095e-08
da-train-007152,0,7.603427512559241e-07
da-train-007153,0,3.306771219813235e-07
da-train-007154,1,0.9973164309813151
da-train-007155,0,2.0522108559563993e-14
da-train-007156,0,0.00020342393188974017
da-train-007157,0,0.0005903713766495754
da-train-007158,0,1.0071499989121431e-07
da-train-007159,0,1.8002912345855403e-09
da-train-007160,0,9.20391836673647e-13
da-train-007161,0,9.124124930666983e-09
da-train-007162,0,2.8434202641826736e-20
da-train-007163,0,9.182896138183122e-17
da-train-007164,0,3.820391327829345e-05
da-train-007165,0,4.084806792019967e-06
da-train-007166,1,0.9960279471979137
da-train-007167,0,2.7228721678218554e-13
da-train-007168,0,1.9445318502482785e-05
da-train-007169,0,2.5805398193811693e-06
da-train-007170,0,2.1200725498768697e-07
da-train-007171,0,8.038399595372895e-05
da-train-007172,0,0.006968456374046565
da-train-007173,0,4.347144908160885e-25
da-train-007174,0,0.0012257485155210584
da-train-007175,0,2.4450037981273333e-05
da-train-007176,0,7.591243889279765e-20
da-train-007177,0,2.3105995510019528e-14
da-train-007178,0,5.600104679261077e-13
da-train-007179,1,0.9804007057297052
da-train-007180,0,6.606962085169781e-26
da-train-007181,1,0.9965463485929454
da-train-007182,1,0.9981001060791512
da-train-007183,0,0.0006588663230145284
da-train-007184,0,1.1368496572032804e-07
da-train-007185,0,3.8158373649550134e-08
da-train-007186,1,0.9627331771662585
da-train-007187,0,2.0581713143216404e-05
da-train-007188,0,7.273477832653155e-11
da-train-007189,1,0.9958963797287937
da-train-007190,0,9.198690388937216e-11
da-train-007191,0,7.37939884799266e-06
da-train-007192,0,3.2699387120057554e-14
da-train-007193,0,0.008191089125577426
da-train-007194,0,4.1129085369811174e-19
da-train-007195,0,3.7315841379418924e-25
da-train-007196,0,4.0558265563926965e-16
da-train-007197,1,0.9980395099381308
da-train-007198,0,0.1113504805806797
da-train-007199,0,4.077820338224859e-12
da-train-007200,0,1.6323050179160054e-08
da-train-007201,0,3.1924124532015315e-30
da-train-007202,0,4.282913000533686e-07
da-train-007203,0,9.43312843204952e-27
da-train-007204,0,4.350736872570885e-20
da-train-007205,0,4.1485832826362625e-10
da-train-007206,1,0.938539287279417
da-train-007207,1,0.9936254790523992
da-train-007208,1,0.9994115600476846
da-train-007209,0,1.604761862660954e-13
da-train-007210,0,6.102129603591468e-13
da-train-007211,1,0.989925722160736
da-train-007212,0,0.00044307665671311454
da-train-007213,1,0.9966837221077188
da-train-007214,1,0.9915884164902172
da-train-007215,0,8.930499675193978e-10
da-train-007216,0,2.400532219795519e-10
da-train-007217,0,2.9135091918396187e-10
da-train-007218,0,9.67562191068328e-05
da-train-007219,0,4.208092660689622e-05
da-train-007220,0,2.643623137580718e-13
da-train-007221,0,1.567759721251588e-05
da-train-007222,0,1.824433323018809e-05
da-train-007223,1,0.9945539481781777
da-train-007224,0,4.6189585491685126e-20
da-train-007225,0,8.805207612344372e-18
da-train-007226,0,6.910294147464255e-08
da-train-007227,1,0.9868948349777188
da-train-007228,0,7.153832042913657e-30
da-train-007229,0,0.05594845743373788
da-train-007230,0,7.444440340869681e-07
da-train-007231,0,2.411411606255005e-11
da-train-007232,0,7.58288018921376e-07
da-train-007233,0,1.2939797168760748e-22
da-train-007234,0,2.2044001438541156e-07
da-train-007235,0,0.008403358083673216
da-train-007236,0,3.7672035880168183e-06
da-train-007237,0,0.011359404675598525
da-train-007238,0,2.8095284893324974e-13
da-train-007239,0,1.6070723146645667e-20
da-train-007240,0,5.497015321966912e-10
da-train-007241,0,5.152022644944026e-20
da-train-007242,1,0.9748498060334717
da-train-007243,0,7.026227262188637e-05
da-train-007244,0,1.7396154573831793e-05
da-train-007245,1,0.9951656184872163
da-train-007246,1,0.9731279369901303
da-train-007247,0,4.9951538882147215e-14
da-train-007248,0,2.1112207699805186e-06
da-train-007249,0,3.981514344093817e-08
da-train-007250,0,0.00024961090440462
da-train-007251,1,0.21023314085729528
da-train-007252,0,1.1109993201864148e-13
da-train-007253,0,1.97302254050658e-21
da-train-007254,0,0.00011285619445552569
da-train-007255,0,5.518483094418833e-07
da-train-007256,0,6.95979560533694e-10
da-train-007257,0,9.322869589652761e-08
da-train-007258,0,0.0013085057688406703
da-train-007259,0,4.27024602671193e-09
da-train-007260,0,7.068328567200388e-07
da-train-007261,0,1.0278589914726903e-14
da-train-007262,1,0.9935017349112755
da-train-007263,0,1.0386960152135382e-05
da-train-007264,0,3.0215883748736047e-12
da-train-007265,0,1.1682898342680374e-13
da-train-007266,0,0.0003016678338797151
da-train-007267,0,5.8603688763557525e-33
da-train-007268,0,0.00023750739473961326
da-train-007269,1,0.9937852712357588
da-train-007270,0,7.821343883367236e-17
da-train-007271,0,5.016928365045184e-06
da-train-007272,0,1.3401795720479987e-08
da-train-007273,0,5.632167020515145e-11
da-train-007274,0,1.0445796996220217e-20
da-train-007275,0,2.711647501603287e-23
da-train-007276,0,1.37145990921743e-22
da-train-007277,0,1.79328313178892e-20
da-train-007278,1,0.9986151933330397
da-train-007279,0,4.583846549887494e-08
da-train-007280,0,7.780061572020055e-27
da-train-007281,0,2.1538854132180336e-09
da-train-007282,1,0.8922157820845774
da-train-007283,0,0.03577240306313408
da-train-007284,0,1.5944743449346885e-17
da-train-007285,0,4.5451069911245345e-09
da-train-007286,0,1.8180306535369214e-22
da-train-007287,0,4.436357107668221e-11
da-train-007288,0,2.973774355029972e-09
da-train-007289,1,0.9846782918351642
da-train-007290,0,1.7041486157786523e-11
da-train-007291,0,3.437556069276523e-12
da-train-007292,0,1.5598094106978735e-06
da-train-007293,0,6.074728009566839e-09
da-train-007294,0,3.734963458876681e-11
da-train-007295,1,0.9965684193684917
da-train-007296,1,0.9865274872405432
da-train-007297,0,1.3266167644155497e-06
da-train-007298,0,1.9676138268314433e-06
da-train-007299,0,0.020309667195480514
da-train-007300,1,0.9981861416951072
da-train-007301,0,0.0013518097450061128
da-train-007302,0,4.710752093812463e-21
da-train-007303,0,0.0001657077998129176
da-train-007304,0,1.561192372188902e-11
da-train-007305,0,1.0987066205576616e-12
da-train-007306,0,1.8758672337438067e-25
da-train-007307,0,3.644408990610095e-08
da-train-007308,0,2.072075747403417e-05
da-train-007309,0,0.9772867262445071
da-train-007310,1,0.9976763122480549
da-train-007311,0,2.1593330597533886e-10
da-train-007312,0,8.14393183333828e-17
da-train-007313,1,0.9997061458687041
da-train-007314,0,1.687426702767771e-13
da-train-007315,0,1.3432596490662551e-08
da-train-007316,0,2.4506939698064e-21
da-train-007317,0,6.487839366724621e-08
da-train-007318,0,4.551832066179219e-15
da-train-007319,1,0.9445965728314398
da-train-007320,0,2.8947669084334467e-08
da-train-007321,0,3.0489540032812705e-19
da-train-007322,0,2.018644568845075e-09
da-train-007323,0,2.925403078100688e-31
da-train-007324,0,1.6243938726950115e-07
da-train-007325,1,0.9861397704708496
da-train-007326,0,1.0346672644849891e-10
da-train-007327,0,6.293110858011881e-22
da-train-007328,0,6.978584947337636e-13
da-train-007329,0,3.688766551919427e-10
da-train-007330,0,3.716852278817917e-06
da-train-007331,0,1.9350378361024158e-16
da-train-007332,0,4.1439057235533626e-10
da-train-007333,0,3.571146873236156e-24
da-train-007334,0,1.4363025547422973e-16
da-train-007335,0,4.27191213298797e-19
da-train-007336,0,5.454272903946773e-09
da-train-007337,0,1.162445643309725e-07
da-train-007338,0,1.1565990446796522e-17
da-train-007339,0,9.151702327380875e-15
da-train-007340,1,0.9940768446742724
da-train-007341,0,8.28176839068112e-19
da-train-007342,0,2.4543291032134533e-10
da-train-007343,0,2.7503020971754063e-08
da-train-007344,1,0.996077669940222
da-train-007345,0,3.088918960507905e-11
da-train-007346,0,2.985907868389667e-26
da-train-007347,0,5.610480941226986e-07
da-train-007348,0,1.5339154797529346e-11
da-train-007349,0,3.6965744236421335e-20
da-train-007350,0,2.8244251443706603e-07
da-train-007351,0,1.074506271403567e-11
da-train-007352,1,0.9975198637602766
da-train-007353,0,0.0014215053986373078
da-train-007354,0,2.0619082909592942e-13
da-train-007355,0,0.0018064617327768976
da-train-007356,0,3.27879827695387e-11
da-train-007357,0,0.0005362173605750682
da-train-007358,0,4.89628399457265e-20
da-train-007359,1,0.9990582267055151
da-train-007360,0,7.359907926260201e-10
da-train-007361,0,1.788438268193777e-17
da-train-007362,1,0.985657695303447
da-train-007363,0,1.9790323771415892e-06
da-train-007364,0,2.189299633331417e-14
da-train-007365,1,0.9649428083088257
da-train-007366,0,1.145524719009714e-21
da-train-007367,0,7.705402812575816e-14
da-train-007368,0,2.002028537076749e-08
da-train-007369,0,7.161514328602323e-10
da-train-007370,0,2.130529993229717e-22
da-train-007371,1,0.9753836705517718
da-train-007372,0,0.14322019319251308
da-train-007373,0,1.8800460273518122e-07
da-train-007374,0,1.4685507212213979e-09
da-train-007375,0,2.6635020632332135e-23
da-train-007376,1,0.9972429532820805
da-train-007377,0,1.5359667066327319e-18
da-train-007378,0,2.23836477946089e-19
da-train-007379,0,3.3984938765367247e-34
da-train-007380,0,5.268548624712132e-30
da-train-007381,0,0.00022163293397141985
da-train-007382,0,8.55575603365824e-17
da-train-007383,0,6.976422619263017e-06
da-train-007384,0,3.662843370935951e-05
da-train-007385,0,5.821236418154649e-24
da-train-007386,0,3.990210363029698e-13
da-train-007387,0,5.95506056365918e-14
da-train-007388,0,8.775499836589368e-20
da-train-007389,0,1.4215928549068383e-12
da-train-007390,0,2.7236849484372035e-07
da-train-007391,0,7.853295072739772e-18
da-train-007392,0,6.137547097601291e-13
da-train-007393,0,1.1740253160156686e-12
da-train-007394,0,9.016456846782589e-11
da-train-007395,0,9.57467920098464e-16
da-train-007396,0,5.661188698497278e-19
da-train-007397,0,3.843547049872589e-26
da-train-007398,0,6.964294930285914e-12
da-train-007399,0,4.2451354589886864e-07
da-train-007400,0,1.5612382036537514e-07
da-train-007401,0,2.2023006343246459e-13
da-train-007402,0,2.8786588463827803e-10
da-train-007403,0,7.985907413254608e-10
da-train-007404,0,2.5054937484217636e-25
da-train-007405,0,0.0001601636675418179
da-train-007406,0,0.006422930981571211
da-train-007407,0,2.8171786333911265e-07
da-train-007408,0,6.213205985330795e-11
da-train-007409,0,6.548545330762271e-10
da-train-007410,0,0.014263079707353202
da-train-007411,0,3.2143487406114316e-07
da-train-007412,0,0.033687421536704655
da-train-007413,0,5.875966027880178e-07
da-train-007414,0,3.4905710194782065e-09
da-train-007415,0,7.808400767881661e-14
da-train-007416,0,6.5859917744969145e-18
